Family,Genus,Species Name,Authority,*Taxonomic Notes,Country Distribution,Endemic,State Distribution,IUCN Red List Assessment,IUCN Red List Assessment Year,NatureServe Grank,NatureServe Grank Year,Federal Listing Status,Federal Listing Year,Ex-situ Collections
Pinaceae,Abies,Abies amabilis,Douglas ex J.Forbes,,"United States, Canada",No,"AK, CA, OR, WA",Least Concern,2013,G5,2015,Not listed,Not listed,60
Pinaceae,Abies,Abies balsamea,(L.) Mill.,,"Canada, Saint Pierre and Miquelon, United States",No,"CT, IA, MA, MD, ME, MI, MN, NH, NJ, NY, OH, PA, RI, VA, VT, WI, WV",Least Concern,2013,G5,2016,Not listed,Not listed,124
Pinaceae,Abies,Abies bracteata,(D.Don) A.Poit.,,United States,Yes,CA,Near Threatened,2013,G2,2017,Not listed,Not listed,31
Pinaceae,Abies,Abies concolor,(Gord.) Lindl.ex Hildebr.,,"Mexico, United States",No,"AZ, CA, CO, ID, MA, ME, NM, NV, OR, UT, WA, WY",Least Concern,2013,G5,1995,Not listed,Not listed,192
Pinaceae,Abies,Abies fraseri,(Pursh) Poir.,,United States,Yes,"GA, NC, TN, VA, WV",Endangered,2013,G2,2018,Not listed,Not listed,96
Pinaceae,Abies,Abies grandis,(Douglas ex D.Don) Lindl.,,"Canada, United States",No,"CA, ID, MT, OR, WA",Least Concern,2013,G5,2016,Not listed,Not listed,129
Pinaceae,Abies,Abies lasiocarpa,(Hook.) Nutt.,,"United States, Canada",No,"AK, AZ, CA, CO, ID, MT, NM, NV, OR, UT, WA, WY",Least Concern,2013,G5,2016,Not listed,Not listed,88
Pinaceae,Abies,Abies magnifica,A.Murray bis,,United States,Yes,"CA, NV, NY, OR",Least Concern,2013,G5,1997,Not listed,Not listed,31
Pinaceae,Abies,Abies procera,Rehd.,,United States,Yes,"CA, OR, WA",Least Concern,2013,G5,1997,Not listed,Not listed,88
Fabaceae,Acacia,Acacia rigidula,Benth.,,"Mexico, United States",No,TX,Least Concern,2019,G5,1989,Not listed,Not listed,12
Sapindaceae,Acer,Acer circinatum,Pursh,,"Canada, United States",No,"AK, CA, OR, WA",Least Concern,2017,G5,2016,Not listed,Not listed,122
Sapindaceae,Acer,Acer floridanum,(Chapm.) Pax,,United States,Yes,"AL, AR, FL, GA, IL, KY, LA, MO, MS, NC, OK, SC, TN, TX, VA",Least Concern,2017,G4,1988,Not listed,Not listed,3
Sapindaceae,Acer,Acer glabrum,Torr.,,"Canada, United States",No,"AK, AZ, CA, CO, ID, MT, NE, NM, NV, OR, SD, UT, WA, WY",Least Concern,2018,G5,2016,Not listed,Not listed,52
Sapindaceae,Acer,Acer grandidentatum,Nutt.,,"Mexico, United States",No,"AZ, CO, ID, NM, NV, OK, TX, UT, WA, WY",Least Concern,2017,G4,2004,Not listed,Not listed,31
Sapindaceae,Acer,Acer leucoderme,Small,,United States,Yes,"AL, AR, DC, FL, GA, LA, MS, NC, OK, SC, TN, TX",Least Concern,2017,G5,2003,Not listed,Not listed,23
Sapindaceae,Acer,Acer macrophyllum,Pursh,,"Canada, United States",No,"CA, OR, WA",Least Concern,2017,G5,2016,Not listed,Not listed,112
Sapindaceae,Acer,Acer negundo,L.,,"Guatemala, Honduras, Mexico, United States, Canada",No,"AL, AR, AZ, CA, CO, CT, DC, DE, FL, GA, IA, ID, IL, IN, KS, KY, LA, MA, MD, ME, MI, MN, MO, MS, MT, NC, ND, NE, NH, NJ, NM, NV, NY, OH, OK, OR, PA, RI, SC, SD, TN, TX, UT, VA, VT, WA, WI, WV, WY",Least Concern,2017,G5,2016,Not listed,Not listed,232
Sapindaceae,Acer,Acer nigrum,F.Michx.,,"Canada, United States",No,"AL, AR, CT, DE, GA, IA, IL, IN, KS, KY, MA, MD, MI, MN, MO, NC, NH, NJ, NY, OH, PA, SD, TN, VA, VT, WI, WV",Least Concern,2017,G5,2016,Not listed,Not listed,38
Sapindaceae,Acer,Acer pensylvanicum,L.,,"Canada, United States",No,"CT, DC, GA, KY, MA, MD, ME, MI, NC, NH, NJ, NY, OH, PA, RI, SC, TN, VA, VT, WI, WV",Least Concern,2017,G5,2016,Not listed,Not listed,152
Sapindaceae,Acer,Acer rubrum,L.,,"Canada, United States",No,"AL, AR, CT, DC, DE, FL, GA, IA, IL, IN, KY, LA, MA, MD, ME, MI, MN, MO, MS, NC, NH, NJ, NY, OH, OK, PA, RI, SC, TN, TX, VA, VT, WI, WV",Least Concern,2017,G5,2016,Not listed,Not listed,251
Sapindaceae,Acer,Acer saccharinum,L.,,"Canada, United States",No,"AL, AR, CT, DC, DE, FL, GA, IA, IL, IN, KS, KY, LA, MA, MD, ME, MI, MN, MO, MS, NC, ND, NE, NH, NJ, NY, OH, OK, PA, RI, SC, SD, TN, VA, VT, WI, WV",Least Concern,2017,G5,2016,Not listed,Not listed,185
Sapindaceae,Acer,Acer saccharum,Marshall,,"Canada, United States",No,"AL, AR, CT, DC, DE, GA, IA, IL, IN, KS, KY, LA, MA, MD, ME, MI, MN, MO, MS, NC, ND, NE, NH, NJ, NY, OH, OK, PA, RI, SC, SD, TN, VA, VT, WI, WV",Least Concern,2017,G5,2016,Not listed,Not listed,227
Sapindaceae,Acer,Acer spicatum,Lam.,,"Canada, United States",No,"CT, GA, IA, KY, MA, MD, ME, MI, MN, NC, NH, NJ, NY, OH, PA, RI, TN, VA, VT, WI, WV",Least Concern,2018,G5,2016,Not listed,Not listed,95
Arecaceae,Acoelorraphe,Acoelorraphe wrightii,(Griseb. & H.Wendl.) H.Wendl. ex Becc.,,"Colombia, United States, Nicaragua, Mexico, Honduras, Guatemala, Costa Rica, Belize, Bahamas, Cuba",No,FL,Least Concern (ESTIMATED),ESTIMATED ASSESSMENT,G4,1998,Not listed,Not listed,14
Rosaceae,Adenostoma,Adenostoma sparsifolium,Torr.,,"Mexico, United States",No,CA,Least Concern,2020,G4,1988,Not listed,Not listed,13
Schisandraceae,Aesculus,Aesculus californica,(Spach) Nutt.,,United States,Yes,CA,Least Concern,2020,G5,1988,Not listed,Not listed,84
Schisandraceae,Aesculus,Aesculus flava,Sol.,,United States,Yes,"AL, GA, IL, IN, KY, MD, MS, NC, NJ, OH, PA, SC, TN, VA, WV",Least Concern,2018,G5,1996,Not listed,Not listed,146
Schisandraceae,Aesculus,Aesculus glabra,Willd.,,"United States, Canada",No,"AL, AR, GA, IA, IL, IN, KS, KY, ME, MI, MN, MO, MS, NE, NH, NJ, NY, OH, OK, PA, TN, TX, WI, WV, WY",Least Concern,2018,G5,1984,Not listed,Not listed,141
Schisandraceae,Aesculus,Aesculus parviflora,Walter,,United States,Yes,"AL, DC, GA, NJ, PA, SC",Least Concern,2020,G3,2004,Not listed,Not listed,207
Schisandraceae,Aesculus,Aesculus pavia,L.,,United States,Yes,"AL, AR, FL, GA, IL, KY, LA, MO, MS, NC, OK, SC, TN, TX, WV",Least Concern,2020,G5,1985,Not listed,Not listed,146
Schisandraceae,Aesculus,Aesculus sylvatica,W.Bartram,,United States,Yes,"AL, FL, GA, KY, NC, SC, TN, VA",Least Concern,2020,G5,1988,Not listed,Not listed,49
Betulaceae,Alnus,Alnus alnobetula,(Ehrh.) K.Koch,,"Switzerland, Monaco, Mongolia, Montenegro, Poland, Romania, Russian Federation, San Marino, Serbia, Slovenia, Ukraine, United States, Croatia, Moldova, Slovakia, China, Macedonia, the former Yugoslav Republic of, Belarus, Bosnia and Herzegovina, Canada, France, Czech Republic, Japan, Germany, Greenland, Hungary, Italy, Austria, Bulgaria, Liechtenstein",No,"AK, CA, ID, MA, ME, MI, MN, MT, NC, NH, NY, OR, PA, TN, VT, WA, WI, WY",Least Concern,2016,G5,2015,Not listed,Not listed,21
Betulaceae,Alnus,Alnus incana,(L.) Moench,,"Poland, Norway, Netherlands, Montenegro, Macedonia, the former Yugoslav Republic of, Romania, Ukraine, Moldova, Russian Federation, Saint Pierre and Miquelon, Serbia, Slovakia, Slovenia, Sweden, Turkey, Latvia, United States, Switzerland, Austria, Lithuania, Armenia, Liechtenstein, Azerbaijan, Belarus, Bosnia and Herzegovina, Bulgaria, Canada, Czech Republic, Estonia, Finland, France, Georgia, Germany, Hungary, Italy, Albania, Croatia",No,"AK, AZ, CA, CO, CT, IA, ID, IL, IN, MA, MD, ME, MI, MN, MT, ND, NH, NJ, NM, NV, NY, OH, OR, PA, RI, UT, VA, VT, WA, WI, WV, WY",Least Concern,2014,G5,2015,Not listed,Not listed,109
Betulaceae,Alnus,Alnus maritima,(Marshall) Muhl. ex Nutt.,,United States,Yes,"DE, GA, MD(.1), OK",Endangered,2016,G3,1997,Not listed,Not listed,31
Betulaceae,Alnus,Alnus oblongifolia,Torr.,,"Mexico, United States",No,"AZ, NM",Least Concern,2014,G3,1991,Not listed,Not listed,11
Betulaceae,Alnus,Alnus rhombifolia,Nutt.,,"United States, Mexico",No,"CA, ID, NV, OR, WA",Least Concern,2014,G5,1988,Not listed,Not listed,40
Betulaceae,Alnus,Alnus rubra,Bong.,,"Canada, United States",No,"AK, CA, ID, MT, OR, WA",Least Concern,2014,G5,2015,Not listed,Not listed,79
Betulaceae,Alnus,Alnus serrulata,(Aiton) Willd.,,"United States, Canada",No,"AL, AR, CT, DC, DE, FL, GA, IL, IN, KS, KY, LA, MA, MD, ME, MO, MS, NC, NH, NJ, NY, OH, OK, PA, RI, SC, TN, TX, VA, VT, WV",Least Concern,2014,G5,2015,Not listed,Not listed,74
Simaroubaceae,Alvaradoa,Alvaradoa amorphoides,Liebm.,,"United States, Nicaragua, Guatemala, Mexico, Honduras, Cuba, Costa Rica, Cayman Islands, Bahamas, Belize, El Salvador",No,FL,Least Concern,2019,G5,1996,Not listed,Not listed,11
Rosaceae,Amelanchier,Amelanchier alnifolia,(Nutt.) Nutt.,,United States,Yes,"AK, CA, CO, IA, ID, MN, MT, ND, NE, NV, OR, SD, UT, WA, WY",Least Concern,2018,G5,2015,Not listed,Not listed,119
Rosaceae,Amelanchier,Amelanchier arborea,(F.Michx.) Fernald,,"Canada, United States",No,"AL, AR, CT, DC, DE, FL, GA, IA, IL, IN, KS, KY, LA, MA, MD, ME, MI, MN, MO, MS, NC, NE, NH, NJ, NY, OH, OK, PA, RI, SC, TN, TX, VA, VT, WI, WV",Least Concern,2020,G5,2015,Not listed,Not listed,92
Rosaceae,Amelanchier,Amelanchier bartramiana,(Tausch) M.Roem.,,"Saint Pierre and Miquelon, United States, Canada",No,"MA, ME, MI, MN, NH, NY, PA, VT, WI, WV",Least Concern,2018,G5,2015,Not listed,Not listed,29
Rosaceae,Amelanchier,Amelanchier canadensis,(L.) Medik.,,"Canada, United States",No,"CT, DC, DE, FL, GA, IA, LA, MA, MD, ME, NC, NH, NJ, NY, PA, RI, SC, TN, VA, VT, WV",Least Concern,2018,G5,2016,Not listed,Not listed,181
Rosaceae,Amelanchier,Amelanchier cusickii,Fernald,,"Canada, United States",No,"ID, MT, NV, OR, UT, WA, WY",Least Concern,2020,G5,2017,Not listed,Not listed,16
Rosaceae,Amelanchier,Amelanchier interior,E.L.Nielsen,,"Canada, United States",No,"IA, IL, ME, MI, MN, NY, OH, SD, VT, WI",Least Concern,2018,G5,2015,Not listed,Not listed,17
Rosaceae,Amelanchier,Amelanchier laevis,Wiegand,,"Saint Pierre and Miquelon, United States, Canada",No,"AL, CT, DC, GA, IA, IL, IN, KY, MA, MD, ME, MI, MN, NC, NH, NJ, NY, OH, PA, RI, SC, TN, VA, VT, WI, WV",Least Concern,2018,G5,2015,Not listed,Not listed,140
Rosaceae,Amelanchier,Amelanchier pallida,Greene,,United States,Yes,"CA, ID, NV, OR, WA",Least Concern,2020,G5,1988,Not listed,Not listed,3
Rosaceae,Amelanchier,Amelanchier sanguinea,(Pursh) DC.,,"Canada, United States",No,"AL, GA, IA, IL, KY, MA, MD, ME, MI, MN, NC, ND, NH, NJ, NY, OH, PA, TN, VA, VT, WI, WV",Least Concern,2020,G5,2016,Not listed,Not listed,47
Rosaceae,Amelanchier,Amelanchier utahensis,Koehne,,United States,Yes,"AZ, CA, CO, ID, MT, NM, NV, OR, TX, UT, WA, WY",Least Concern,2020,G5,1994,Not listed,Not listed,29
Bignoniaceae,Amphitecna,Amphitecna latifolia,(Mill.) A.H.Gentry,,"Jamaica, Martinique, Nicaragua, Panama, Puerto Rico, Saint Vincent and the Grenadines, United States, Virgin Islands, U.S., Honduras, Venezuela, Bolivarian Republic of, Cuba, Mexico, Haiti, Costa Rica, Dominica, Dominican Republic, Ecuador, Guadeloupe, Guatemala, Belize, Colombia",No,FL,Least Concern (ESTIMATED),ESTIMATED ASSESSMENT,G5,1993,Not listed,Not listed,14
Rutaceae,Amyris,Amyris balsamifera,L.,,"Haiti, Venezuela, Bolivarian Republic of, United States, Puerto Rico, Nicaragua, Mexico, Honduras, El Salvador, Ecuador, Dominican Republic, Cuba, Costa Rica, Colombia, Belize, Guatemala, Jamaica",No,FL(SX),Least Concern,2020,G4,1995,Not listed,Not listed,1
Rutaceae,Amyris,Amyris elemifera,L.,,"Venezuela, Bolivarian Republic of, Puerto Rico, Saint Bathélemy, Saint Kitts and Nevis, Virgin Islands, U.S., Saint Lucia, Dominica, Saint Vincent and the Grenadines, Trinidad and Tobago, United States, Virgin Islands, British, Montserrat, Turks and Caicos Islands, Belize, Mexico, Grenada, Bahamas, Anguilla, Cayman Islands, Cuba, Dominican Republic, Guadeloupe, Haiti, Honduras, Jamaica, Antigua and Barbuda",No,FL,Least Concern,2020,G5,1994,Not listed,Not listed,7
Rutaceae,Amyris,Amyris madrensis,S.Watson,,"Mexico, United States",No,TX,Least Concern,2021,G4,1994,Not listed,Not listed,2
Rutaceae,Amyris,Amyris texana,(Buckley) P.Wilson,,"Mexico, United States",No,TX,Least Concern,2021,G4,1989,Not listed,Not listed,4
Annonaceae,Annona,Annona glabra,L.,,"Liberia, Nigeria, Nicaragua, Mexico, Martinique, Jamaica, Honduras, Panama, Guyana, Suriname, Haiti, Puerto Rico, Saint Lucia, Saint Vincent and the Grenadines, Sao Tomé and Principe, Guinea-Bissau, Sierra Leone, French Guiana, Trinidad and Tobago, United States, Venezuela, Bolivarian Republic of, Virgin Islands, British, Virgin Islands, U.S., Senegal, Costa Rica, Antigua and Barbuda, Bahamas, Barbados, Belize, Brazil, Cameroon, Cayman Islands, Colombia, Gambia, Congo, The Democratic Republic of the, Guinea, Côte d'Ivoire, Cuba, Curaçao, Dominica, Dominican Republic, Ecuador, El Salvador, Gabon, Grenada, Guadeloupe, Guatemala, Congo",No,FL,Least Concern,2020,G5,1991,Not listed,Not listed,47
Araliaceae,Aralia,Aralia humilis,Cav.,,"Guatemala, United States, Nicaragua, Mexico, El Salvador, Honduras",No,"AZ, NM",Least Concern,2020,G3,2001,Not listed,Not listed,3
Araliaceae,Aralia,Aralia spinosa,L.,,United States,Yes,"AL, AR, CT, DC, DE, FL, GA, IL, IN, KY, LA, MA, MD, ME, MO, MS, NC, NJ, NY, OH, OK, PA, RI, SC, TN, TX, VA, WV",Least Concern,2020,G5,1984,Not listed,Not listed,119
Ericaceae,Arbutus,Arbutus arizonica,(A.Gray) Sarg.,,"Mexico, United States",No,"AZ, NM",Least Concern,2019,G4,1996,Not listed,Not listed,4
Ericaceae,Arbutus,Arbutus menziesii,Pursh,,"Canada, United States",No,"CA, OR, WA",Least Concern,2018,G5,2019,Not listed,Not listed,50
Ericaceae,Arbutus,Arbutus xalapensis,Kunth,,"Guatemala, Mexico, United States",No,"NM, TX",Least Concern,2021,G5,1996,Not listed,Not listed,23
Ericaceae,Arctostaphylos,Arctostaphylos andersonii,A.Gray,,United States,Yes,CA,Endangered,2022,G2,2018,Not listed,Not listed,9
Ericaceae,Arctostaphylos,Arctostaphylos catalinae,P.V. Wells,,United States,Yes,CA,Endangered (ESTIMATED),ESTIMATED ASSESSMENT,G2,2018,Not listed,Not listed,9
Ericaceae,Arctostaphylos,Arctostaphylos columbiana,Piper,,"Canada, United States",No,"CA, OR, WA",Least Concern,2019,G5,2019,Not listed,Not listed,15
Ericaceae,Arctostaphylos,Arctostaphylos glauca,Lindl.,,"Mexico, United States",No,CA,Least Concern,2019,G5,1988,Not listed,Not listed,17
Ericaceae,Arctostaphylos,Arctostaphylos hooveri,P.V.Wells,,United States,Yes,CA,Vulnerable (ESTIMATED),ESTIMATED ASSESSMENT,G3,2014,Not listed,Not listed,5
Ericaceae,Arctostaphylos,Arctostaphylos nortensis,(P.V.Wells) P.V.Wells,,United States,Yes,CA,Least Concern,2020,G2,2014,Not listed,Not listed,3
Ericaceae,Arctostaphylos,Arctostaphylos obispoensis,Eastw.,,United States,Yes,CA,Least Concern,2020,G4,2014,Not listed,Not listed,8
Ericaceae,Arctostaphylos,Arctostaphylos pringlei,Parry,,"United States, Mexico",No,"AZ, CA, NV, UT",Least Concern,2019,G4,1995,Not listed,Not listed,5
Ericaceae,Arctostaphylos,Arctostaphylos pungens,Kunth,,"Mexico, United States",No,"AZ, CA, NM, NV, TX, UT",Least Concern,2019,G5,1996,Not listed,Not listed,17
Ericaceae,Arctostaphylos,Arctostaphylos viscida,Parry,,United States,Yes,"CA, OR",Least Concern (ESTIMATED),ESTIMATED ASSESSMENT,G5,1988,Not listed,Not listed,10
Primulaceae,Ardisia+,Ardisia escallonioides,Schltdl. & Cham.,,"Belize, United States, Mexico, Honduras, Guatemala, Cuba, Barbados, Bahamas, Antigua and Barbuda, Dominican Republic",No,FL,Least Concern,2020,G4,1991,Not listed,Not listed,Not on PlantSearch
Asteraceae,Artemisia,Artemisia tridentata,Nutt.,,"Canada, Mexico, United States",No,"AZ, CA, CO, ID, MA, MT, ND, NE, NM, NV, OR, SD, UT, WA, WY",Least Concern,2020,G5,2016,Not listed,Not listed,28
Annonaceae,Asimina,Asimina obovata,(Willd.) Nash,,United States,Yes,FL,Least Concern,2021,G3,2009,Not listed,Not listed,3
Annonaceae,Asimina,Asimina parviflora,(Michx.) Dunal,,United States,Yes,"AL, AR, FL, GA, LA, MS, NC, NJ, SC, TX, VA, WV",Least Concern,2019,G5,1985,Not listed,Not listed,16
Annonaceae,Asimina,Asimina tetramera,Small,,United States,Yes,FL,Endangered,2022,G1,2020,Endangered,1986,8
Annonaceae,Asimina,Asimina triloba,(L.) Dunal,,"Canada, United States",No,"AL, AR, DC, DE, FL, GA, IA, IL, IN, KS, KY, LA, MD, MI, MO, MS, NC, NE, NJ, NY, OH, OK, PA, SC, TN, TX, VA, WI, WV",Least Concern,2018,G5,2015,Not listed,Not listed,195
Capparaceae,Atamisquea,Atamisquea emarginata,Miers ex Hook. & Arn.,,"Argentina, Bolivia, Plurinational State of, Chile, Mexico, United States",No,AZ,Least Concern,2019,G4,1999,Not listed,Not listed,Not on PlantSearch
Verbenaceae,Avicennia,Avicennia germinans,(L.) L.,,"Jamaica, Peru, Panama, Nigeria, Nicaragua, Montserrat, Mexico, Mauritania, Saint Kitts and Nevis, Equatorial Guinea, Sierra Leone, Honduras, Haiti, Guyana, Liberia, Saint Lucia, Saint Martin, Saint Vincent and the Grenadines, Senegal, Sint Maarten, Suriname, Togo, Trinidad and Tobago, Turks and Caicos Islands, United States, United States Minor Outlying Islands, Venezuela, Bolivarian Republic of, Virgin Islands, British, Guinea-Bissau, Sao Tomé and Principe, Congo, Gabon, Guinea, Angola, Antigua and Barbuda, Bahamas, Barbados, Belize, Benin, Bermuda, Bonaire, Sint Eustatius and Saba, Brazil, Cameroon, Colombia, Congo, The Democratic Republic of the, El Salvador, Guatemala, Guadeloupe, Grenada, Ghana, Gambia, Cayman Islands, French Guiana, Costa Rica, Ecuador, Dominican Republic, Dominica, Curaçao, Cuba, Côte d'Ivoire",No,"FL, LA, MS, TX",Not Evaluated,ESTIMATED ASSESSMENT,G5,1985,Not listed,Not listed,23
Asteraceae,Baccharis,Baccharis dioica,Vahl,,"Jamaica, United States, Bahamas, Puerto Rico, Montserrat, Virgin Islands, U.S., Dominican Republic, Cayman Islands, Antigua and Barbuda, Haiti, Cuba",No,FL(SX),Least Concern,2020,G4,1989,Not listed,Not listed,5
Asteraceae,Baccharis,Baccharis halimifolia,L.,,"Bahamas, Cuba, Mexico, United States",No,"AL, AR, CT, DC, DE, FL, GA, KY, LA, MA, MD, MS, NC, NJ, NY, OK, PA, RI, SC, TX, VA",Least Concern,2019,G5,1984,Not listed,Not listed,74
Fabaceae,Bauhinia,Bauhinia lunarioides,A.Gray ex S.Watson,,"Mexico, United States",No,"LA, TX",Data Deficient (ESTIMATED),ESTIMATED ASSESSMENT,G3,1999,Not listed,Not listed,11
Betulaceae,Betula,Betula alleghaniensis,Britton,,"United States, Canada, Saint Pierre and Miquelon",No,"CT, GA, IA, IL, IN, KY, MA, MD, ME, MI, MN, NC, NH, NJ, NY, OH, PA, RI, SC, TN, VA, VT, WI, WV",Least Concern,2014,G5,2015,Not listed,Not listed,163
Betulaceae,Betula,Betula cordifolia,Regel,,"United States, Canada, Saint Pierre and Miquelon",No,"CT, IA, IN, MA, ME, MI, MN, NC, ND, NH, NJ, NY, PA, TN, VA, VT, WI, WV",Least Concern,2014,G5,2015,Not listed,Not listed,18
Betulaceae,Betula,Betula lenta,L.,,"Canada, United States",No,"AL, CT, DE, GA, KY, MA, MD, ME, NC, NH, NJ, NY, OH, PA, RI, SC, TN, VA, VT, WV",Least Concern,2014,G5,2015,Not listed,Not listed,170
Betulaceae,Betula,Betula murrayana,B.V.Barnes & Dancik,,"Canada, United States",No,MI,Critically Endangered,2014,G1,2005,Not listed,Not listed,6
Betulaceae,Betula,Betula nigra,L.,,United States,Yes,"AL, AR, CT, DC, DE, FL, GA, IA, IL, IN, KS, KY, LA, MA, MD, MI, MN, MO, MS, NC, NH, NJ, NY, OH, OK, PA, SC, TN, TX, VA, VT, WI, WV",Least Concern,2014,G5,1984,Not listed,Not listed,195
Betulaceae,Betula,Betula occidentalis,Hook.,,"Canada, United States",No,"AK, AZ, CA, CO, ID, MT, ND, NE, NM, NV, OR, SD, UT, WA, WY",Least Concern,2014,G5,2015,Not listed,Not listed,80
Betulaceae,Betula,Betula papyrifera,Marshall,,"United States, Canada, Saint Pierre and Miquelon",No,"AK, CO, CT, IA, ID, IL, IN, MA, ME, MI, MN, MT, ND, NE, NH, NJ, NY, OR, PA, RI, SD, VA, VT, WA, WI, WY",Least Concern,2014,G5,2015,Not listed,Not listed,185
Betulaceae,Betula,Betula populifolia,Marshall,,"United States, Canada",No,"CT, DE, IL, IN, MA, MD, ME, MI, NC, NH, NJ, NY, OH, PA, RI, VA, VT, WV",Least Concern,2014,G5,2015,Not listed,Not listed,118
Betulaceae,Betula,Betula uber,(Ashe),,United States,Yes,VA,Not Evaluated,,G1,2021,Threatened,1978,35
Scrophulariaceae,Bontia,Bontia daphnoides,L.,,"Trinidad and Tobago, Virgin Islands, U.S., Virgin Islands, British, Venezuela, Bolivarian Republic of, Turks and Caicos Islands, Saint Vincent and the Grenadines, Saint Lucia, Saint Bathélemy, Puerto Rico, Montserrat, Martinique, Jamaica, Honduras, Cayman Islands, Aruba, Bahamas, Barbados, United States, Haiti, Antigua and Barbuda, Colombia, Cuba, Dominica, Dominican Republic, Guadeloupe, Guyana, Brazil",No,FL,Data Deficient (ESTIMATED),ESTIMATED ASSESSMENT,G5,2020,Not listed,Not listed,16
Boraginaceae,Bourreria,Bourreria cassinifolia,(A.Rich.) Griseb.,,"Cuba, United States",No,FL,Data Deficient,2021,G3,2001,Not listed,Not listed,8
Boraginaceae,Bourreria,Bourreria radula,(Poir.) G.Don,,"Puerto Rico, United States",No,FL,Endangered (ESTIMATED),ESTIMATED ASSESSMENT,G2,2003,Not listed,Not listed,2
Boraginaceae,Bourreria,Bourreria succulenta,Jacq.,,"Trinidad and Tobago, Mexico, Montserrat, Puerto Rico, Saint Bathélemy, Saint Kitts and Nevis, Saint Lucia, Virgin Islands, U.S., Saint Vincent and the Grenadines, Turks and Caicos Islands, United States, Antigua and Barbuda, Venezuela, Bolivarian Republic of, Virgin Islands, British, Martinique, Saint Martin, Bonaire, Sint Eustatius and Saba, Anguilla, Bahamas, Barbados, Jamaica, Cayman Islands, Cuba, Curaçao, Dominica, Dominican Republic, Grenada, Guadeloupe, Haiti, Honduras, Aruba",No,FL,Least Concern,2019,G4,1994,Not listed,Not listed,9
Combretaceae,Bucida,Bucida molinetii,(M.Gómez) Alwan & Stace,,"Cuba, Dominican Republic, Haiti, United States",No,FL,Least Concern,2020,G3,2020,Not listed,Not listed,2
Scrophulariaceae,Buddleja,Buddleja sessiliflora,Kunth,,"Mexico, United States",No,"AZ, TX",Least Concern,2021,G5,1994,Not listed,Not listed,4
Burseraceae,Bursera,Bursera fagaroides,(Kunth) Engl.,,"Mexico, United States",No,AZ,Least Concern,2020,G5,1999,Not listed,Not listed,71
Burseraceae,Bursera,Bursera microphylla,A.Gray,,"United States, Mexico",No,"AZ, CA",Least Concern,2019,G4,2005,Not listed,Not listed,46
Burseraceae,Bursera,Bursera simaruba,(L.) Sarg.,,"Saint Bathélemy, Haiti, Honduras, Jamaica, Martinique, Mexico, Montserrat, Nicaragua, Panama, Guyana, Puerto Rico, Saint Lucia, Saint Kitts and Nevis, Saint Martin, Trinidad and Tobago, Turks and Caicos Islands, United States, Venezuela, Bolivarian Republic of, Peru, Belize, Saint Vincent and the Grenadines, Guatemala, Anguilla, Antigua and Barbuda, Aruba, Barbados, Bonaire, Sint Eustatius and Saba, Cayman Islands, Colombia, French Guiana, Cuba, Curaçao, Guadeloupe, Dominica, Dominican Republic, El Salvador, Costa Rica, Grenada, Bahamas",No,FL,Least Concern,2019,G4,1988,Not listed,Not listed,54
Malpighiaceae,Byrsonima,Byrsonima lucida,(Mill.) DC.,,"Puerto Rico, Saint Martin, Turks and Caicos Islands, United States, Virgin Islands, U.S., Haiti, Cuba, Virgin Islands, British, Dominica, Barbados, Bahamas, Antigua and Barbuda, Anguilla, Dominican Republic, Guadeloupe",No,FL,Least Concern (ESTIMATED),ESTIMATED ASSESSMENT,G4,2002,Not listed,Not listed,10
Malpighiaceae,Callaeum,Callaeum macropterum,(Moc. & Sessé ex DC.) D.M.Johnson,,"Mexico, United States",No,AZ,Least Concern,2022,G4,2001,Not listed,Not listed,8
Cupressaceae,Callitropsis,Callitropsis nootkatensis,(D.Don) Oerst. ex D.P.Little,,"United States, Canada",No,"AK, CA, OR, WA",Least Concern (ESTIMATED),ESTIMATED ASSESSMENT,G4,2019,Not listed,Not listed,12
Cupressaceae,Calocedrus,Calocedrus decurrens,(Torr.) Florin,,"Mexico, United States",No,"CA, NV, OR, UT",Least Concern,2013,G5,1997,Not listed,Not listed,192
Canellaceae,Canella,Canella winterana,(L.) Gaertn.,,"Jamaica, Montserrat, Virgin Islands, U.S., Virgin Islands, British, Venezuela, Bolivarian Republic of, United States, Saint Vincent and the Grenadines, Saint Martin, Puerto Rico, Martinique, Bahamas, Haiti, Saint Lucia, Antigua and Barbuda, Barbados, Cayman Islands, Cuba, Dominica, Dominican Republic, Guadeloupe, Anguilla",No,FL,Least Concern,2020,G5,2002,Not listed,Not listed,24
Celastraceae,Canotia,Canotia holacantha,Torr.,,"Mexico, United States",No,AZ,Least Concern,2019,G5,1993,Not listed,Not listed,7
Cactaceae,Carnegiea,Carnegiea gigantea,(Engelm.) Britton & Rose,,"Mexico, United States",No,"AZ, CA",Least Concern,2017,G5,2013,Not listed,Not listed,104
Betulaceae,Carpinus,Carpinus caroliniana,Walter,,"Canada, United States",No,"AL, AR, CT, DC, DE, FL, GA, IA, IL, IN, KY, LA, MA, MD, ME, MI, MN, MO, MS, NC, NH, NJ, NY, OH, OK, PA, RI, SC, TN, TX, VA, VT, WI, WV",Least Concern,2014,G5,2015,Not listed,Not listed,187
Oleaceae,Cartrema,Cartrema americana,(L.) G.L.Nesom,,"El Salvador, United States, Mexico, Honduras",No,"AL, FL, GA, LA, MS, NC, SC, VA",Least Concern (ESTIMATED),ESTIMATED ASSESSMENT,G5,2020,Not listed,Not listed,6
Oleaceae,Cartrema,Cartrema floridana,(Chapm.) G.L.Nesom,,United States,Yes,FL,Near Threatened,2022,G3,2020,Not listed,Not listed,1
Juglandaceae,Carya,Carya aquatica,(F.Michx.) Nutt. ex Elliott,,United States,Yes,"AL, AR, FL, GA, IL, IN, KY, LA, MO, MS, NC, OK, SC, TN, TX, VA",Least Concern,2018,G5,1985,Not listed,Not listed,33
Juglandaceae,Carya,Carya cordiformis,(Wangenh.) K.Koch,,"Canada, United States",No,"AL, AR, CT, DC, DE, FL, GA, IA, IL, IN, KS, KY, LA, MA, MD, ME, MI, MN, MO, MS, NC, NE, NH, NJ, NY, OH, OK, PA, RI, SC, TN, TX, VA, VT, WI, WV",Least Concern,2018,G5,2016,Not listed,Not listed,136
Juglandaceae,Carya,Carya floridana,Sarg.,,United States,Yes,FL,Least Concern,2018,G4,1991,Not listed,Not listed,3
Juglandaceae,Carya,Carya glabra,(Mill.) Sweet,,"Canada, United States",No,"AL, AR, CT, DC, DE, FL, GA, IL, IN, KS, KY, LA, MA, MD, MI, MO, MS, NC, NH, NJ, NY, OH, PA, RI, SC, TN, TX, VA, VT, WV",Least Concern,2018,G5,2016,Not listed,Not listed,97
Juglandaceae,Carya,Carya illinoinensis,(Wangenh.) K.Koch,,"Mexico, United States",No,"AL, AR, FL, GA, IA, IL, IN, KS, KY, LA, MD, MO, MS, NC, NE, OH, OK, SC, TN, TX, VA",Least Concern,2018,G5,1984,Not listed,Not listed,108
Juglandaceae,Carya,Carya laciniosa,(F.Michx.) G.Don,,"Canada, United States",No,"AL, AR, DC, DE, GA, IA, IL, IN, KS, KY, MA, MD, ME, MI, MO, MS, NC, NE, NJ, NY, OH, OK, PA, TN, TX, WV",Least Concern,2018,G5,1984,Not listed,Not listed,91
Juglandaceae,Carya,Carya myristiciformis,(F.Michx.) Nutt. ex Elliott,,"Mexico, United States",No,"AL, AR, GA, LA, MS, NC, OK, SC, TX",Least Concern,2018,G4,1996,Not listed,Not listed,23
Juglandaceae,Carya,Carya ovata,(Mill.) K.Koch,,"Canada, United States, Mexico",No,"AL, AR, CT, DC, DE, GA, IA, IL, IN, KS, KY, LA, MA, MD, ME, MI, MN, MO, MS, NC, ND, NE, NH, NJ, NY, OH, OK, PA, RI, SC, TN, TX, VA, VT, WI, WV",Least Concern,2018,G5,2016,Not listed,Not listed,165
Juglandaceae,Carya,Carya pallida,(Ashe) Engelm. & Graebn.,,United States,Yes,"AL, AR, DE, FL, GA, IL, IN, KY, LA, MA, MD, MO, MS, NC, NJ, SC, TN, VA",Least Concern,2018,G5,1984,Not listed,Not listed,19
Juglandaceae,Carya,Carya texana,Buckley,,United States,Yes,"AL, AR, GA, IL, IN, KS, LA, MO, MS, OK, TN, TX, WV",Least Concern,2018,G4,1984,Not listed,Not listed,14
Juglandaceae,Carya,Carya tomentosa,(Poiret) Nuttall,,United States,Yes,"AL, AR, CT, DC, DE, FL, GA, IA, IL, IN, KS, KY, LA, MA, MD, MI, MO, MS, NC, NH, NJ, NY, OH, OK, PA, RI, SC, TN, TX, VA, VT, WV",Least Concern,2018,G5,1994,Not listed,Not listed,72
Rubiaceae,Casasia,Casasia clusiifolia,(Jacq.) Urb.,,"United States, Bahamas, Bermuda, Cuba, Turks and Caicos Islands",No,FL,Least Concern,2020,G4,1988,Not listed,Not listed,12
Fagaceae,Castanea,Castanea dentata,(Marshall) Borkh.,,"Canada, United States",No,"AL, CT, DC, DE, FL(SX), GA, IA, IL(SX), IN, KY, MA, MD, ME, MI, MO, MS, NC, NH, NJ, NY, OH, PA, RI, SC, TN, VA, VT, WI, WV",Critically Endangered,2018,G3,2020,Not listed,Not listed,84
Fagaceae,Castanea,Castanea ozarkensis,Ashe,,United States,Yes,"AL, AR, LA, MO, OK",Near Threatened,2021,G3,1996,Not listed,Not listed,4
Fagaceae,Castanea,Castanea pumila,(L.) Mill.,,United States,Yes,"AL, AR, DC, DE, FL, GA, KY, LA, MA, MD, MO, MS, NC, NJ, NY, OH, OK, PA, SC, TN, TX, VA, WV",Least Concern,2022,G5,1988,Not listed,Not listed,51
Simaroubaceae,Castela,Castela emoryi,(A.Gray) Moran & Felger,,"Mexico, United States",No,"AZ, CA",Near Threatened (ESTIMATED),ESTIMATED ASSESSMENT,G4,2012,Not listed,Not listed,11
Simaroubaceae,Castela,Castela erecta,Turpin,,"Puerto Rico, Virgin Islands, U.S., Venezuela, Bolivarian Republic of, United States, Colombia, Aruba, Anguilla, Antigua and Barbuda",No,"AZ, CA, TX",Least Concern,2020,G4,2005,Not listed,Not listed,1
Bignoniaceae,Catalpa,Catalpa bignonioides,Walter,,United States,Yes,"AL, AR, AZ, CA, CT, DC, DE, FL, GA, IA, IL, IN, KS, KY, LA, MA, MD, ME, MI, MO, MS, NC, ND, NE, NJ, NM, NY, OH, OK, PA, SC, TN, TX, UT, VA, VT, WI, WV",Data Deficient,2018,G4,2020,Not listed,Not listed,167
Bignoniaceae,Catalpa,Catalpa speciosa,(Warder ex Barney) Warder ex Engelm.,,United States,Yes,"AL, AR, CT, DC, GA, IA, IL, IN, KS, KY, LA, MA, MD, ME, MI, MN, MO, MS, NC, ND, NE, NH, NJ, NY, OH, OK, PA, RI, SC, SD, TN, TX, UT, VA, WI, WV",Least Concern,2018,G4,2002,Not listed,Not listed,168
Rhamnaceae,Ceanothus,Ceanothus arboreus,Greene,,United States,Yes,CA,Endangered (ESTIMATED),ESTIMATED ASSESSMENT,G3,2001,Not listed,Not listed,20
Rhamnaceae,Ceanothus,Ceanothus crassifolius,Torr.,,"Mexico, United States",No,CA,Least Concern,2021,G3,1998,Not listed,Not listed,11
Rhamnaceae,Ceanothus,Ceanothus impressus,Trel.,,United States,Yes,CA,Vulnerable,2022,G3,2019,Not listed,Not listed,20
Rhamnaceae,Ceanothus,Ceanothus oliganthus,Nutt.,,United States,Yes,CA,Least Concern (ESTIMATED),ESTIMATED ASSESSMENT,G4,2002,Not listed,Not listed,7
Rhamnaceae,Ceanothus,Ceanothus spinosus,Nutt.,,"Mexico, United States",No,CA,Least Concern,2021,G4,1999,Not listed,Not listed,20
Rhamnaceae,Ceanothus,Ceanothus thyrsiflorus,Eschsch.,,United States,Yes,"CA, OR",Least Concern,2020,G5,2019,Not listed,Not listed,36
Rhamnaceae,Ceanothus,Ceanothus velutinus,Douglas ex Hook.,,"United States, Canada",No,"CA, CO, ID, MT, NV, OR, SD, UT, WA, WY",Least Concern,2020,G5,2016,Not listed,Not listed,13
Ulmaceae,Celtis,Celtis iguanaea,(Jacq.) Sarg.,,"Peru, Paraguay, Panama, Nicaragua, Montserrat, Mexico, Puerto Rico, Jamaica, United States, Honduras, Martinique, Saint Bathélemy, Saint Lucia, Saint Kitts and Nevis, Saint Vincent and the Grenadines, Trinidad and Tobago, Uruguay, Venezuela, Bolivarian Republic of, Virgin Islands, British, Virgin Islands, U.S., Haiti, Suriname, Bahamas, Antigua and Barbuda, Saint Martin, Aruba, Barbados, Belize, Bolivia, Plurinational State of, Bonaire, Sint Eustatius and Saba, Brazil, Cayman Islands, Guyana, Costa Rica, Cuba, Curaçao, Dominica, Dominican Republic, Ecuador, El Salvador, Argentina, French Guiana, Guadeloupe, Guatemala, Colombia",No,"FL, TX",Least Concern,2019,G5,1988,Not listed,Not listed,13
Ulmaceae,Celtis,Celtis laevigata,Willd.,,"Mexico, United States, Bermuda",No,"AL, AR, AZ, CA, CO, DC, FL, GA, ID, IL, IN, KS, KY, LA, MD, MO, MS, NC, NM, NV, OH, OK, OR, SC, TN, TX, UT, VA, WA, WV, WY",Least Concern,2017,GNR,,Not listed,Not listed,76
Ulmaceae,Celtis,Celtis lindheimeri,Engelm. ex K.Koch,,"United States, Mexico",No,TX,Critically Endangered,2021,G3,1996,Not listed,Not listed,Not on PlantSearch
Ulmaceae,Celtis,Celtis occidentalis,L.,,"Canada, United States",No,"AL, AR, CT, DC, DE, GA, IA, ID, IL, IN, KS, KY, LA, MA, MD, MI, MN, MO, MS, MT, NC, ND, NE, NH, NJ, NM, NY, OH, OK, PA, RI, SC, SD, TN, TX, VA, VT, WI, WV, WY",Least Concern,2018,G5,2016,Not listed,Not listed,204
Cannabaceae,Celtis,Celtis pallida,Torr.,,"Argentina, Brazil, Ecuador, Haiti, Mexico, Paraguay, Puerto Rico, United States, Uruguay, Venezuela Bolivarian Republic of",No,"AZ, FL, NM, TX",Least Concern,2018,G4,1993,Not listed,Not listed,20
Cannabaceae,Celtis,Celtis tenuifolia,Nutt.,,United States,Yes,"AL, AR, CT, DC, DE, FL, GA, IL, IN, KS, KY, LA, MD, MI, MO, MS, NC, NJ, OH, OK, PA, SC, TN, TX, VA, WV",Not Evaluated ,,G5,2015,Not listed,Not listed,67
Rosaceae,Cephalanthus,Cephalanthus occidentalis,L.,,"Canada, United States",No,"AL, AR, AZ, CA, CT, DC, DE, FL, GA, IA, IL, IN, KS, KY, LA, MA, MD, ME, MI, MN, MO, MS, NC, NE, NH, NJ, NM, NY, OH, OK, PA, RI, SC, TN, TX, VA, VT, WI, WV",Least Concern,2020,G5,2016,Not listed,Not listed,211
Rubiaceae,Cephalanthus,Cephalanthus salicifolius,Humb. & Bonpl.,,"Honduras, Mexico, United States",No,TX,Least Concern,2019,G5,1984,Not listed,Not listed,Not on PlantSearch
Fabaceae,Cercis,Cercis canadensis,L.,,"Mexico, United States",No,"AL, AR, AZ, CA, CT, DC, DE, FL, GA, IA, IL, IN, KS, KY, LA, MA, MD, MI, MO, MS, NC, NE, NJ, NM, NV, NY, OH, OK, PA, SC, TN, TX, UT, VA, WV",Least Concern,2020,G5,1984,Not listed,Not listed,214
Fabaceae,Cercis,Cercis orbiculata,Greene,,United States,Yes,"AZ, CA, NV, UT",Data Deficient (ESTIMATED),ESTIMATED ASSESSMENT,GNR,,Not listed,Not listed,1
Rosaceae,Cercocarpus,Cercocarpus ledifolius,Nutt. ex Torr. & A.Gray,,"United States, Mexico",No,"AZ, CA, CO, ID, MT, NV, OR, UT, WA, WY",Least Concern,2020,G5,2003,Not listed,Not listed,35
Rosaceae,Cercocarpus,Cercocarpus montanus,Raf.,,"United States, Mexico",No,"AZ, CA, CO, ID, KS, MT, NE, NM, NV, OK, OR, SD, TX, UT, WY",Least Concern,2020,G5,2003,Not listed,Not listed,34
Rosaceae,Cercocarpus,Cercocarpus traskiae,Eastw.,,United States,Yes,CA,Critically Endangered (ESTIMATED),ESTIMATED ASSESSMENT,G1,2020,Endangered,1997,13
Cupressaceae,Chamaecyparis,Chamaecyparis lawsoniana,(A.Murray bis) Parl.,,United States,Yes,"CA, OR",Near Threatened,2013,G4,2020,Not listed,Not listed,185
Cupressaceae,Chamaecyparis,Chamaecyparis thyoides,"(L.) Britten, Sterns & Poggenb.",,United States,Yes,"AL, CT, DE, FL, GA, MA, MD, ME, MS, NC, NH, NJ, NY, PA(SX), RI, SC, VA",Least Concern,2013,G4,1988,Not listed,Not listed,112
Bignoniaceae,Chilopsis,Chilopsis linearis,(Cav.) Sweet,,"Mexico, United States",No,"AZ, CA, KS, NM, NV, OK, TX, UT",Least Concern,2019,G5,1993,Not listed,Not listed,57
Oleaceae,Chionanthus,Chionanthus pygmaeus,Small,,United States,Yes,FL,Endangered,2022,G2,2020,Endangered,1987,24
Oleaceae,Chionanthus,Chionanthus virginicus,L.,,United States,Yes,"AL, AR, DC, DE, FL, GA, KY, LA, MA, MD, MO, MS, NC, NJ, NY, OH, OK, PA, SC, TN, TX, VA, WV",Least Concern,2021,G5,1984,Not listed,Not listed,223
Chrysobalanaceae,Chrysobalanus,Chrysobalanus icaco,L.,,"Haiti, Nigeria, Nicaragua, Montserrat, Mexico, Martinique, Mali, Liberia, Panama, Honduras, Saint Vincent and the Grenadines, Guyana, Zambia, Guinea-Bissau, Jamaica, Togo, Grenada, Virgin Islands, U.S., Virgin Islands, British, Venezuela, Bolivarian Republic of, United States, Saint Lucia, Trinidad and Tobago, Puerto Rico, Suriname, Sierra Leone, Senegal, Saint Martin, Saint Kitts and Nevis, Saint Bathélemy, Turks and Caicos Islands, Cayman Islands, Guatemala, Angola, Anguilla, Antigua and Barbuda, Bahamas, Barbados, Belize, Benin, Bermuda, Bonaire, Sint Eustatius and Saba, Guinea, Cameroon, Central African Republic, Colombia, Equatorial Guinea, Guadeloupe, Ghana, Gambia, Brazil, French Guiana, Congo, El Salvador, Ecuador, Dominican Republic, Dominica, Cuba, Côte d'Ivoire, Costa Rica, Congo, The Democratic Republic of the, Gabon",No,FL,Least Concern,2019,G5,1993,Not listed,Not listed,42
Fagaceae,Chrysolepis,Chrysolepis chrysophylla,(Douglas ex Hook.) Hjelmq.,,United States,Yes,"CA, OR, WA",Least Concern,2018,G5,1994,Not listed,Not listed,10
Sapotaceae,Chrysophyllum,Chrysophyllum oliviforme,L.,,"Grenada, Virgin Islands, U.S., United States, Turks and Caicos Islands, Puerto Rico, Jamaica, Dominican Republic, Dominica, Cuba, Barbados, Bahamas, Honduras, Haiti",No,"FL, HI",Least Concern,2021,G5,1992,Not listed,Not listed,32
Verbenaceae,Citharexylum,Citharexylum berlandieri,S.Watson,,"Mexico, United States",No,TX,Least Concern,2021,G4,1993,Not listed,Not listed,8
Verbenaceae,Citharexylum,Citharexylum spinosum,L.,,"Turks and Caicos Islands, Panama, Puerto Rico, Saint Bathélemy, Saint Kitts and Nevis, Saint Lucia, Saint Martin, Saint Vincent and the Grenadines, Montserrat, Trinidad and Tobago, Grenada, United States, Venezuela, Bolivarian Republic of, Suriname, Martinique, Jamaica, Haiti, Guadeloupe, French Guiana, Dominican Republic, Dominica, Cuba, Bonaire, Sint Eustatius and Saba, Barbados, Bahamas, Antigua and Barbuda, Anguilla, Virgin Islands, British, Guyana",No,"HI, FL",Least Concern,2019,GNR,,Not listed,Not listed,26
Fabaceae,Cladrastis,Cladrastis kentukea,(Dum.Cours.) Rudd,,United States,Yes,"AL, AR, CT, GA, IL, IN, KY, LA, MA, ME, MO, MS, NC, NY, OH, OK, PA, RI, SC, TN",Least Concern,2020,G4,1984,Not listed,Not listed,143
Clethraceae,Clethra,Clethra acuminata,Michx.,,United States,Yes,"AL, GA, KY, NC, PA, SC, TN, VA, WV",Least Concern,2022,G4,1994,Not listed,Not listed,86
Clethraceae,Clethra,Clethra alnifolia,L.,,"Canada, United States",No,"AL, CT, DC, DE, FL, GA, LA, MA, MD, ME, MS, NC, NH, NJ, NY, PA, RI, SC, TX, VA",Least Concern,2020,G5,2020,Not listed,Not listed,181
Cyrillaceae,Cliftonia,Cliftonia monophylla,(Lam.) Britton,,United States,Yes,"AL, FL, GA, LA, MS, SC",Least Concern,2022,G4,1988,Not listed,Not listed,15
Clusiaceae,Clusia,Clusia rosea,Jacq.,,"United States, Jamaica, Nicaragua, Panama, Peru, Puerto Rico, Saint Martin, Suriname, Haiti, Turks and Caicos Islands, Honduras, Venezuela, Bolivarian Republic of, Virgin Islands, British, Virgin Islands, U.S., Trinidad and Tobago, Brazil, Anguilla, Aruba, Bahamas, Mexico, Bonaire, Sint Eustatius and Saba, Guyana, Cayman Islands, Costa Rica, Curaçao, Dominican Republic, Ecuador, El Salvador, French Guiana, Guatemala, Belize",No,"FL, HI",Least Concern,2020,G4,1991,Not listed,Not listed,53
Polygonaceae,Coccoloba,Coccoloba diversifolia,Jacq.,,"Jamaica, Antigua and Barbuda, Virgin Islands, U.S., Venezuela, Bolivarian Republic of, United States, Turks and Caicos Islands, Puerto Rico, Mexico, Haiti, Guatemala, Dominican Republic, Cuba, Belize, Aruba, Bahamas, Honduras",No,FL,Least Concern,2019,G5,1994,Not listed,Not listed,19
Polygonaceae,Coccoloba,Coccoloba uvifera,(L.) L.,,"Jamaica, Puerto Rico, Peru, Panama, Nicaragua, Montserrat, Saint Bathélemy, Martinique, Trinidad and Tobago, Honduras, Mexico, Saint Kitts and Nevis, Saint Lucia, Suriname, Turks and Caicos Islands, United States, Venezuela, Bolivarian Republic of, Virgin Islands, British, Virgin Islands, U.S., Ecuador, Haiti, Saint Vincent and the Grenadines, Barbados, French Guiana, Guyana, Antigua and Barbuda, Bahamas, Belize, Bermuda, Bonaire, Sint Eustatius and Saba, Cayman Islands, Colombia, Costa Rica, Curaçao, Dominica, Dominican Republic, Guatemala, El Salvador, Guadeloupe, Anguilla, Aruba, Grenada, Cuba",No,FL,Least Concern,2020,G5,1994,Not listed,Not listed,100
Arecaceae,Coccothrinax,Coccothrinax argentata,(Jacq.) L.H.Bailey,,"Honduras, Turks and Caicos Islands, Colombia, Bahamas, United States",No,FL,Least Concern,2021,G4,1999,Not listed,Not listed,26
Rhamnaceae,Colubrina,Colubrina arborescens,(Mill.) Sarg.,,"Haiti, Virgin Islands, British, United States, Turks and Caicos Islands, Saint Bathélemy, Belize, Puerto Rico, Virgin Islands, U.S., Montserrat, Mexico, Jamaica, Guadeloupe, El Salvador, Dominican Republic, Cuba, Bonaire, Sint Eustatius and Saba, Barbados, Bahamas, Antigua and Barbuda, Anguilla, Guatemala, Cayman Islands",No,FL,Least Concern,2020,G4,1994,Not listed,Not listed,15
Rhamnaceae,Colubrina,Colubrina cubensis,(Jacq.) Brongn.       ,,"Bahamas, United States, Cayman Islands, Cuba",No,FL,Data Deficient,2021,G2,2001,Not listed,Not listed,Not on PlantSearch
Rhamnaceae,Colubrina,Colubrina elliptica,(Sw.) Brizicky & W.L.Stern,,"Saint Vincent and the Grenadines, Virgin Islands, British, Venezuela, Bolivarian Republic of, Martinique, Turks and Caicos Islands, Virgin Islands, U.S., Saint Lucia, Saint Bathélemy, Puerto Rico, Mexico, Costa Rica, United States, Bahamas, Jamaica, Colombia, Cuba, Dominican Republic, Guadeloupe, Guatemala, Haiti, Honduras, Cayman Islands",No,FL,Least Concern,2020,G4,1994,Not listed,Not listed,6
Rhamnaceae,Colubrina,Colubrina greggii,S.Watson,,"Mexico, United States",No,TX,Least Concern,2020,G5,1984,Not listed,Not listed,4
Ericaceae,Comarostaphylis,Comarostaphylis diversifolia,(Parry) Greene,,"Mexico, United States",No,CA,Near Threatened (ESTIMATED),ESTIMATED ASSESSMENT,G3,2004,Not listed,Not listed,13
Rhamnaceae,Condalia,Condalia globosa,I.M.Johnst.,,"Mexico, United States",No,"AZ, CA",Least Concern,2020,G5,1993,Not listed,Not listed,6
Rhamnaceae,Condalia,Condalia hookeri,M.C.Johnst.,,"United States, Mexico",No,"AR, TX",Least Concern,2020,G5,1995,Not listed,Not listed,2
Combretaceae,Conocarpus,Conocarpus erectus,L.,,"Jamaica, Panama, Nigeria, Nicaragua, Montserrat, Mexico, Mauritania, Liberia, Guinea-Bissau, Honduras, Haiti, Guyana, Peru, Martinique, Sint Maarten, Virgin Islands, British, Venezuela, Bolivarian Republic of, United States Minor Outlying Islands, United States, Togo, Suriname, Guinea, Saint Kitts and Nevis, Sierra Leone, Senegal, Sao Tomé and Principe, Saint Vincent and the Grenadines, Saint Martin, Saint Lucia, Trinidad and Tobago, Belize, Turks and Caicos Islands, Angola, Anguilla, Antigua and Barbuda, Guatemala, Barbados, Benin, Bonaire, Sint Eustatius and Saba, Brazil, Cameroon, Cayman Islands, Colombia, Congo, Congo, The Democratic Republic of the, El Salvador, Guadeloupe, Grenada, Ghana, Gambia, Gabon, French Guiana, Costa Rica, Equatorial Guinea, Ecuador, Dominican Republic, Dominica, Curaçao, Cuba, Côte d'Ivoire, Bahamas",No,"FL, HI",Not Evaluated,ESTIMATED ASSESSMENT,G5,1994,Not listed,Not listed,44
Cactaceae,Consolea,Consolea corallicola,Small,,United States,Yes,FL,Critically Endangered,2013,G1,2020,Endangered,2013,8
Boraginaceae,Cordia,Cordia boissieri,A.DC.,,"Mexico, United States",No,TX,Least Concern,2019,G5,1992,Not listed,Not listed,23
Cornaceae,Cornus,Cornus alternifolia,L.f.,,"Canada, United States",No,"AL, AR, CT, DC, DE, FL, GA, IA, IL, IN, KY, MA, MD, ME, MI, MN, MO, MS, NC, NH, NJ, NY, OH, PA, RI, SC, TN, VA, VT, WI, WV",Least Concern,2018,G5,2016,Not listed,Not listed,165
Cornaceae,Cornus,Cornus asperifolia,Michx.,,"Canada, United States",No,"AL, FL, GA, NC, SC",Least Concern,2022,G4,2000,Not listed,Not listed,21
Cornaceae,Cornus,Cornus drummondii,C.A.Mey.,,United States,Yes,"AL, AR, GA, IA, IL, IN, KS, KY, LA, MI, MN, MO, MS, NE, NY, OH, OK, PA, SD, TN, TX, WI",Least Concern,2020,G5,2016,Not listed,Not listed,68
Cornaceae,Cornus,Cornus florida,L.,,"United States, Canada, Mexico",No,"AL, AR, CT, DC, DE, FL, GA, IL, IN, KS, KY, LA, MA, MD, ME, MI, MO, MS, NC, NH, NJ, NY, OH, OK, PA, RI, SC, TN, TX, VA, VT, WV",Least Concern,2018,G5,2016,Not listed,Not listed,221
Cornaceae,Cornus,Cornus foemina,Mill.,,"Canada, United States",No,"AL, AR, DE, FL, GA, IL, IN, KY, LA, MD, MO, MS, NC, NJ, OK, SC, TN, TX, VA",Least Concern,2018,G5,1998,Not listed,Not listed,39
Cornaceae,Cornus,Cornus glabrata,Benth.,,United States,Yes,"CA, OR",Least Concern,2018,G4,1988,Not listed,Not listed,29
Cornaceae,Cornus,Cornus nuttallii,Audubon ex Torr. & A.Gray,,"Canada, United States",No,"CA, ID, OR, WA",Least Concern,2018,G5,2016,Not listed,Not listed,72
Cornaceae,Cornus,Cornus rugosa,Lam.,,"Canada, United States",No,"CT, DC, DE, IA, IL, IN, MA, MD, ME, MI, MN, ND, NH, NJ, NY, OH, PA, RI, VA, VT, WI, WV",Least Concern,2018,G5,2016,Not listed,Not listed,67
Cornaceae,Cornus,Cornus sessilis,Torr.,,United States,Yes,CA,Least Concern,2018,G4,2000,Not listed,Not listed,11
Betulaceae,Corylus,Corylus cornuta,Marshall,,"Canada, United States",No,"AL, CA, CO, CT, DE, GA, IA, ID, IL, KS, MA, MD, ME, MI, MN, MS, NC, ND, NH, NJ, NY, OH, OR, PA, RI, SC, SD, TN, VA, VT, WA, WI, WV, WY",Least Concern,2020,G5,2015,Not listed,Not listed,90
Anacardiaceae,Cotinus,Cotinus obovatus,Raf.,,United States,Yes,"AL, AR, GA, KY, MO, OK, TN, TX",Least Concern,2020,G4,1990,Not listed,Not listed,124
Fabaceae,Coursetia,Coursetia glandulosa,A.Gray,,"Mexico, United States",No,AZ,Least Concern,2019,G4,2001,Not listed,Not listed,9
Rosaceae,Crataegus,Crataegus aemula,Beadle        ,,United States,Yes,"AL, GA",Vulnerable (ESTIMATED),ESTIMATED ASSESSMENT,G2,2019,Not listed,Not listed,5
Rosaceae,Crataegus,Crataegus aestivalis,(Walter) Torr. & A.Gray,,United States,Yes,"AL, FL, GA, LA, MS, NC, SC",Least Concern,2020,G5,1988,Not listed,Not listed,15
Rosaceae,Crataegus,Crataegus alabamensis,Beadle,,United States,Yes,"AL, FL",Near Threatened,2022,GNR,,Not listed,Not listed,2
Rosaceae,Crataegus,Crataegus alleghaniensis,Beadle,,United States,Yes,"AL, GA, TN",Endangered,2022,GNR,,Not listed,Not listed,1
Rosaceae,Crataegus,Crataegus aprica,Beadle,,United States,Yes,"AL, GA, NC, SC, TN, VA",Least Concern,2022,GNR,,Not listed,Not listed,6
Rosaceae,Crataegus,Crataegus ashei,Beadle,,United States,Yes,"AL, LA, MS",Endangered (ESTIMATED),ESTIMATED ASSESSMENT,G2,2019,Not listed,Not listed,4
Rosaceae,Crataegus,Crataegus austromontana,Beadle,,United States,Yes,,Not Evaluated,,GH,2020,Not listed,Not listed,Not on PlantSearch
Rosaceae,Crataegus,Crataegus beata,Sarg.,,"United States, Canada",No,"MI, NY, OH, PA, WI",Least Concern,2020,G3,1998,Not listed,Not listed,4
Rosaceae,Crataegus,Crataegus berberifolia,Torr. & A.Gray,,United States,Yes,"AL, AR, FL, GA, KS, LA, MO, MS, NC, SC, TN",Least Concern,2020,GNR,,Not listed,Not listed,9
Rosaceae,Crataegus,Crataegus brachyacantha,Sarg. & Engelm.,,United States,Yes,"AL, AR, GA, LA, MS, OK, TX",Least Concern,2020,G4,1988,Not listed,Not listed,11
Rosaceae,Crataegus,Crataegus brainerdii,Sarg.,,"Canada, United States",No,"CT, MA, ME, MI, NC, NH, NY, OH, PA, VT",Least Concern,2020,G5,1984,Not listed,Not listed,2
Rosaceae,Crataegus,Crataegus brazoria,Sarg.,,United States,Yes,TX,Not Evaluated,,G3,1995,Not listed,Not listed,1
Rosaceae,Crataegus,Crataegus buckleyi,Beadle,,United States,Yes,"AL, GA, NC",Vulnerable (ESTIMATED),ESTIMATED ASSESSMENT,GNR,,Not listed,Not listed,1
Rosaceae,Crataegus,Crataegus calpodendron,(Ehrh.) Medik.,,"Canada, United States",No,"AL, AR, DC, FL, GA, IA, IL, IN, KS, KY, LA, MD, MI, MN, MO, MS, NC, NJ, NY, OH, OK, PA, TN, TX, VA, WI, WV",Least Concern,2018,G5,2016,Not listed,Not listed,33
Rosaceae,Crataegus,Crataegus chrysocarpa,Ashe,,United States,Yes,"AL, CO, CT, GA, IA, ID, IL, IN, MA, MD, ME, MI, MN, MO, MS, MT, NC, ND, NE, NH, NJ, NM, NY, OH, OR, PA, RI, SD, UT, VA, VT, WI, WV, WY",Least Concern,2018,GNR,,Not listed,Not listed,39
Rosaceae,Crataegus,Crataegus coccinea,L.,,"United States, Canada",No,"CT, DE, IA, IL, IN, KY, MA, MI, MN, NC, NH, NY, OH, PA, RI, VT, WI",Least Concern,2019,G5,2015,Not listed,Not listed,30
Rosaceae,Crataegus,Crataegus coccinioides,Ashe,,Canada; United States,No,"AR, IA, IL, IN, KS, KY, MA, MO, NY, OH, PA, OK, VT",Least Concern,2022,GNR,,Not listed,Not listed,21
Rosaceae,Crataegus,Crataegus collina,Chapm.,,United States,Yes,"GA, IL, KY, MO",Least Concern,2020,GNR,,Not listed,Not listed,6
Rosaceae,Crataegus,Crataegus condigna,Beadle,,United States,Yes,"FL, GA",Not Evaluated,,G4,1994,Not listed,Not listed,Not on PlantSearch
Rosaceae,Crataegus,Crataegus crus-galli,L.,,"United States, Canada",No,"AL, AR, CT, DC, DE, FL, GA, IA, IL, IN, KS, KY, LA, MA, MD, ME, MI, MN, MO, MS, NC, NJ, NY, OH, OK, PA, RI, SC, TN, TX, VA, VT, WI, WV",Least Concern,2018,G5,2016,Not listed,Not listed,99
Rosaceae,Crataegus,Crataegus cupressocollina,J.B.Phipps & R.O'Kennon,,Canada; United States,No,MT,Data Deficient (ESTIMATED),ESTIMATED ASSESSMENT,GNR,,Not listed,Not listed,1
Rosaceae,Crataegus,Crataegus delawarensis,Sargent,,United States,Yes,,Not Evaluated,,GH,2020,Not listed,Not listed,1
Rosaceae,Crataegus,Crataegus dispar,Beadle,,United States,Yes,"GA, SC",Near Threatened,2022,G4,1994,Not listed,Not listed,1
Rosaceae,Crataegus,Crataegus dodgei,Ashe,,"Canada, United States",No,"CT, IL, IN, MA, MD, ME, MI, NH, NJ, NY, PA, RI, VT, WI",Least Concern,2020,G4,1996,Not listed,Not listed,4
Rosaceae,Crataegus,Crataegus douglasii,Lindl.,,Canada; United States,No,"AK, CA, ID, MI, MN, MT, ND, OR, SD, UT, WA, WI, WY",Least Concern,2018,G5,2015,Not listed,Not listed,75
Rosaceae,Crataegus,Crataegus erythropoda,Ashe,,United States,Yes,"AZ, CO, NM, UT, WY",Least Concern,2020,G5,1990,Not listed,Not listed,18
Rosaceae,Crataegus,Crataegus exilis,Beadle,,United States,Yes,GA,Not Evaluated,,G4,1994,Not listed,Not listed,Not on PlantSearch
Rosaceae,Crataegus,Crataegus extraria,Beadle,,United States,Yes,GA,Not Evaluated,,G4,1994,Not listed,Not listed,Not on PlantSearch
Rosaceae,Crataegus,Crataegus fecunda,Sargent,,United States,Yes,,Not Evaluated,,GH,2020,Not listed,Not listed,6
Rosaceae,Crataegus,Crataegus flabellata,(Bosc ex Spach) K.Koch,,"United States, Canada",No,"AL, AR, CT, FL, GA, IL, LA, MA, ME, MI, MN, MS, NC, NH, NJ, NY, OH, PA, RI, SC, TN, VA, VT, WV",Least Concern,2020,G4,2015,Not listed,Not listed,39
Rosaceae,Crataegus,Crataegus florifera,Sarg.,,"Canada, United States",No,NY,Least Concern,2020,G3,1997,Not listed,Not listed,Not on PlantSearch
Rosaceae,Crataegus,Crataegus formosa,Sarg.,,"Canada, United States",No,"NY, OH, WI",Data Deficient (ESTIMATED),ESTIMATED ASSESSMENT,G2,2016,Not listed,Not listed,Not on PlantSearch
Rosaceae,Crataegus,Crataegus frugiferens,Beadle,,United States,Yes,"AL, GA, MS",Near Threatened,2022,GNR,,Not listed,Not listed,Not on PlantSearch
Rosaceae,Crataegus,Crataegus furtiva,Beadle,,United States,Yes,GA,Least Concern,2022,G4,1994,Not listed,Not listed,2
Rosaceae,Crataegus,Crataegus greggiana,Eggl.,,"Mexico, United States",No,TX,Vulnerable,2020,G4,1989,Not listed,Not listed,4
Rosaceae,Crataegus,Crataegus harbisonii,Beadle        ,,United States,Yes,"GA, LA, TN",Critically Endangered (ESTIMATED),ESTIMATED ASSESSMENT,G1,2019,Not listed,Not listed,21
Rosaceae,Crataegus,Crataegus holmesiana,Ashe,,"Canada, United States",No,"CT, IL, IN, MA, ME, MI, MN, NH, NJ, NY, OH, PA, RI, VT, WI, WV",Least Concern,2018,G5,2016,Not listed,Not listed,10
Rosaceae,Crataegus,Crataegus intricata,Lange,,"Canada, United States",No,"AL, AR, CT, DC, DE, GA, IL, IN, KY, MA, MD, MI, MO, NC, NH, NJ, NY, OH, OK, PA, RI, SC, TN, VA, VT, WI, WV",Not Evaluated,,G5,2015,Not listed,Not listed,43
Rosaceae,Crataegus,Crataegus iracunda,Beadle,,"Canada, United States",No,"AL, CT, DE, GA, IN, KY, LA, MA, MD, ME, MI, MS, NC, NH, NJ, NY, OH, PA, RI, TN, VA, VT, WV",Least Concern,2020,GNR,,Not listed,Not listed,9
Rosaceae,Crataegus,Crataegus jesupii,Sarg.,,United States,Yes,"CT, MI, NH, NJ, NY, OH, PA, VT, WI",Data Deficient (ESTIMATED),ESTIMATED ASSESSMENT,G4,1986,Not listed,Not listed,1
Rosaceae,Crataegus,Crataegus jonesiae,Sarg.,,"Canada, United States",No,"ME, MN, NH, NY, RI, VT",Not Evaluated,,G4,1994,Not listed,Not listed,2
Rosaceae,Crataegus,Crataegus lacrimata,Small,,United States,Yes,FL,Least Concern,2022,G3,1999,Not listed,Not listed,5
Rosaceae,Crataegus,Crataegus laevigata,(Poir.) DC.,,Austria; Belarus; Belgium; Croatia; Czechia; Denmark; Estonia; France; Germany; Hungary; Italy; Latvia; Lithuania; Luxembourg; Moldova; Netherlands; Poland; Romania; Slovakia; Slovenia; Spain; Sweden; Switzerland; Ukraine; United Kingdom,No,"MA, MI",Least Concern,2017,GNR,,Not listed,Not listed,84
Rosaceae,Crataegus,Crataegus lancei,J.B.Phipps,,United States,Yes,"AL, FL, GA, NC, SC",Near Threatened,2022,GNA,1993,Not listed,Not listed,3
Rosaceae,Crataegus,Crataegus lanuginosa,Sargent,,United States,Yes,,Not Evaluated,,GH,2020,Not listed,Not listed,4
Rosaceae,Crataegus,Crataegus lassa,Beadle,,United States,Yes,"AL, FL, GA, SC",Least Concern,2020,G4,1994,Not listed,Not listed,1
Rosaceae,Crataegus,Crataegus lumaria,Ashe,,"Canada, United States",No,"CT, MA, MI, NY, WI",Data Deficient (ESTIMATED),ESTIMATED ASSESSMENT,G3,1996,Not listed,Not listed,Not on PlantSearch
Rosaceae,Crataegus,Crataegus macrosperma,Ashe,,"Canada, United States",No,"AR, CT, DE, GA, IL, IN, KY, LA, MA, MD, ME, MI, MN, MO, NC, NH, NJ, NY, OH, PA, RI, TN, VA, VT, WI, WV",Least Concern,2018,G5,2015,Not listed,Not listed,25
Rosaceae,Crataegus,Crataegus margarettae,Ashe,,"Canada, United States",No,"IA, IL, IN, KY, MD, MI, MO, OH, PA, TN, VA, WI, WV",Least Concern,2022,G5,1994,Not listed,Not listed,Not on PlantSearch
Rosaceae,Crataegus,Crataegus marshallii,Eggl.,,United States,Yes,"AL, AR, FL, GA, IL, LA, MO, MS, NC, OK, SC, TN, TX, VA",Least Concern,2020,G5,1985,Not listed,Not listed,23
Rosaceae,Crataegus,Crataegus mendosa,Beadle,,United States,Yes,"AL, GA",Data Deficient (ESTIMATED),ESTIMATED ASSESSMENT,G3,2019,Not listed,Not listed,1
Rosaceae,Crataegus,Crataegus mollis,(Torr. & A.Gray) Scheele,,Canada; United States,No,"AL, AR, CT, GA, IA, IL, IN, KS, KY, LA, MA, MD, ME, MI, MN, MO, MS, ND, NE, NH, NY, OH, OK, PA, SD, TN, TX, VA, WI, WV",Least Concern,2018,G5,2015,Not listed,Not listed,79
Rosaceae,Crataegus,Crataegus monogyna,Jacq.,,"Albania; Algeria; Austria; Belarus; Belgium; Bosnia and Herzegovina; Bulgaria; Croatia; Cyprus; Czechia; Denmark; Finland; France; Georgia; Germany; Greece; Hungary; Iran, Islamic Republic of; Iraq; Ireland; Israel; Italy; Lebanon; Luxembourg; Malta; Moldova; Montenegro; Morocco; Netherlands; North Macedonia; Norway; Poland; Portugal; Romania; Russian Federation; Serbia; Slovakia; Slovenia; Spain; Sweden; Switzerland; Syrian Arab Republic; Tunisia; Turkey; Ukraine; United Kingdom",No,"AR, CT, DC, DE, IL, KY, MA, ME, MI, MT, NH, NJ, NY, OH, PA, RI, TN, UT, VT, WI, WV",Least Concern,2017,G5,1994,Not listed,Not listed,178
Rosaceae,Crataegus,Crataegus nitida,(Engelm. ex Britton & N.E.Br.) Sarg.,,United States,Yes,"AR, IL, MO, OH, PA, TN, WI",Not Evaluated,,G4,1994,Not listed,Not listed,15
Rosaceae,Crataegus,Crataegus okennonii,J.B.Phipps,,"United States, Canada",No,"ID, MT, WA",Least Concern,2022,G3,2002,Not listed,Not listed,1
Rosaceae,Crataegus,Crataegus opaca,Hook. & Arn. ex Hook.,,United States,Yes,"AL, AR, LA, MS, TX",Least Concern,2020,G5,1985,Not listed,Not listed,14
Rosaceae,Crataegus,Crataegus ouachitensis,E.J.Palmer,,United States,Yes,AR,Data Deficient (ESTIMATED),ESTIMATED ASSESSMENT,G1,2018,Not listed,Not listed,Not on PlantSearch
Rosaceae,Crataegus,Crataegus padifolia,Sarg.,,United States,Yes,"AR, MO",Vulnerable (ESTIMATED),ESTIMATED ASSESSMENT,GNR,,Not listed,Not listed,Not on PlantSearch
Rosaceae,Crataegus,Crataegus pennsylvanica,Ashe,,United States,Yes,"DE, MD, NJ(.1), NY, OH, PA, VA, WV",Data Deficient (ESTIMATED),ESTIMATED ASSESSMENT,G3,2015,Not listed,Not listed,12
Rosaceae,Crataegus,Crataegus phaenopyrum,(L.f.) Medik.,,"Canada, United States",No,"AL, AR, DC, DE, FL, GA, IL, IN, KY, MA, MD, MI, MO, NC, NJ, OH, PA, RI, SC, TN, VA, WV",Least Concern,2020,G4,1996,Not listed,Not listed,97
Rosaceae,Crataegus,Crataegus phippsii,O'Kennon        ,,"Canada, United States",No,"MT, WA",Data Deficient (ESTIMATED),ESTIMATED ASSESSMENT,G2,2015,Not listed,Not listed,2
Rosaceae,Crataegus,Crataegus prona,Ashe,,United States,Yes,"IN, MI, NY, OH, PA, WV",Data Deficient (ESTIMATED),ESTIMATED ASSESSMENT,G4,1994,Not listed,Not listed,1
Rosaceae,Crataegus,Crataegus pruinosa,(H.L.Wendl.) K.Koch,,Canada; United States,No,"AR, CT, DE, GA, IA, IL, IN, KS, KY, LA, MA, MD, ME, MI, MO, MS, NC, NH, NJ, NY, OH, OK, PA, RI, TN, VA, VT, WI, WV",Least Concern,2018,G5,2015,Not listed,Not listed,17
Rosaceae,Crataegus,Crataegus pulcherrima,Ashe,,United States,Yes,"AL, FL, GA, MS",Data Deficient (ESTIMATED),ESTIMATED ASSESSMENT,G3,1998,Not listed,Not listed,10
Rosaceae,Crataegus,Crataegus punctata,Jacq.,,"Canada, United States",No,"AL, AR, CT, DE, GA, IA, IL, IN, KS, KY, MA, MD, MI, MN, MO, MS, NC, NH, NJ, NY, OH, OK, PA, RI, SC, TN, VA, VT, WI, WV",Least Concern,2018,G5,2015,Not listed,Not listed,51
Rosaceae,Crataegus,Crataegus quaesita,Beadle,,United States,Yes,GA,Least Concern,2020,G4,1994,Not listed,Not listed,Not on PlantSearch
Rosaceae,Crataegus,Crataegus reverchonii,Sarg.,,United States,Yes,"AR, KS, MO, OK, TX",Data Deficient (ESTIMATED),ESTIMATED ASSESSMENT,G4,1984,Not listed,Not listed,2
Rosaceae,Crataegus,Crataegus rivularis,Nutt.,,United States,Yes,"AZ, CO, ID, NM, NV, TX, UT, WY",Least Concern,2020,G5,1989,Not listed,Not listed,14
Rosaceae,Crataegus,Crataegus sargentii,Beadle,,United States,Yes,"AL, GA, TN",Data Deficient (ESTIMATED),ESTIMATED ASSESSMENT,G4,1994,Not listed,Not listed,1
Rosaceae,Crataegus,Crataegus schuettei,Ashe,,"Canada, United States",No,"AR, CT, IL, IN, MA, MD, ME, MI, MO, NC, NH, NJ, NY, OH, PA, RI, TN, VA, VT, WI, WV",Least Concern,2020,G5,1996,Not listed,Not listed,5
Rosaceae,Crataegus,Crataegus senta,Beadle,,United States,Yes,NC,Data Deficient (ESTIMATED),ESTIMATED ASSESSMENT,G2,2019,Not listed,Not listed,1
Rosaceae,Crataegus,Crataegus sororia,Beadle,,United States,Yes,"AL, GA, SC",Near Threatened,2022,G4,1994,Not listed,Not listed,1
Rosaceae,Crataegus,Crataegus spathulata,Michx.,,United States,Yes,"AL, AR, FL, GA, KY, LA, MO, MS, NC, OK, SC, TN, TX, WV",Least Concern,2020,G5,1995,Not listed,Not listed,22
Rosaceae,Crataegus,Crataegus submollis,Sarg.,,Canada; United States,No,"CT, MA, ME, MI, MN, NH, NY, OH, PA, VT, WI",Least Concern,2018,G5,2015,Not listed,Not listed,49
Rosaceae,Crataegus,Crataegus suborbiculata,Sarg.,,"Canada, United States",No,"CT, MI, NY, OH",Data Deficient (ESTIMATED),ESTIMATED ASSESSMENT,G3,1996,Not listed,Not listed,8
Rosaceae,Crataegus,Crataegus succulenta,Schrad. ex Link,,Canada; United States,No,"AR, CO, CT, GA, IA, IL, IN, KS, MA, MD, ME, MI, MN, MO, MT, NC, ND, NE, NH, NJ, NY, OH, PA, RI, SD, TN, UT, VA, VT, WI, WV, WY",Least Concern,2018,G5,2015,Not listed,Not listed,45
Rosaceae,Crataegus,Crataegus texana,Buckley,,United States,Yes,"AR, MO, TX",Not Evaluated,,GNR,,Not listed,Not listed,3
Rosaceae,Crataegus,Crataegus tracyi,Ashe ex Eggl.,,"United States, Mexico",No,TX,Least Concern,2020,G3,2014,Not listed,Not listed,8
Rosaceae,Crataegus,Crataegus triflora,Chapm.        ,,United States,Yes,"AL, AR, GA, LA, MS",Not Evaluated,,G2,2021,Not listed,Not listed,8
Rosaceae,Crataegus,Crataegus turnerorum,Enquist,,United States,Yes,TX,Vulnerable (ESTIMATED),ESTIMATED ASSESSMENT,G3,2001,Not listed,Not listed,Not on PlantSearch
Rosaceae,Crataegus,Crataegus uniflora,Münchh.,,"Mexico, United States",No,"AL, AR, DC, DE, FL, GA, KY, LA, MD, MO, MS, NC, NJ, NY, OH, OK, PA, SC, TN, TX, VA, WV",Not Evaluated,,G5,1984,Not listed,Not listed,19
Rosaceae,Crataegus,Crataegus venusta,Beadle,,United States,Yes,"AL, FL, GA, LA, MS, TX",Data Deficient (ESTIMATED),ESTIMATED ASSESSMENT,G4,1994,Not listed,Not listed,Not on PlantSearch
Rosaceae,Crataegus,Crataegus viridis,L.,,United States,Yes,"AL, AR, DE, FL, GA, IL, IN, KS, KY, LA, MD, MO, MS, NC, OK, PA, SC, TN, TX, VA, WV",Least Concern,2020,G5,2016,Not listed,Not listed,41
Rosaceae,Crataegus,Crataegus wootoniana,Eggl.,,United States,Yes,NM,Not Evaluated,,G2,2015,Not listed,Not listed,Not on PlantSearch
Celastraceae,Crossopetalum,Crossopetalum rhacoma,Crantz,,"Venezuela, Bolivarian Republic of, Martinique, Virgin Islands, U.S., Mexico, Montserrat, Puerto Rico, Saint Bathélemy, Saint Kitts and Nevis, United States, Virgin Islands, British, Dominican Republic, Saint Lucia, Bahamas, Haiti, Anguilla, Jamaica, Aruba, Belize, Bonaire, Sint Eustatius and Saba, Cayman Islands, Cuba, Curaçao, Guadeloupe, Antigua and Barbuda",No,FL,Least Concern,2020,G5,1995,Not listed,Not listed,12
Crossosomataceae,Crossosoma,Crossosoma californicum,Nutt.,,"Mexico, United States",No,CA,Near Threatened (ESTIMATED),ESTIMATED ASSESSMENT,G3,2017,Not listed,Not listed,10
Euphorbiaceae,Croton,Croton cortesianus,Kunth,,"Nicaragua, United States, Honduras, Belize, Mexico",No,TX,Least Concern,2019,G5,1989,Not listed,Not listed,Not on PlantSearch
Sapindaceae,Cupania,Cupania glabra,Sw.,,"Honduras, United States, Panama, Nicaragua, Belize, Jamaica, Haiti, Guatemala, Dominican Republic, Cuba, Costa Rica, Mexico",No,FL,Least Concern,2019,G4,1996,Not listed,Not listed,3
Cupressaceae,Cupressus,Cupressus arizonica,Greene,,"Mexico, United States",No,"AZ, CA, NM, NV, TX, UT",Least Concern,2013,G4,1991,Not listed,Not listed,104
Cupressaceae,Cupressus,Cupressus bakeri,Jeps.,,United States,Yes,"CA, OR",Vulnerable,2013,G3,2018,Not listed,Not listed,49
Cupressaceae,Cupressus,Cupressus guadalupensis,S.Watson,,"United States, Mexico",No,CA,Endangered,2013,G2,2016,Not listed,Not listed,29
Cupressaceae,Cupressus,Cupressus macnabiana,A.Murray bis,,United States,Yes,CA,Least Concern,2013,G4,1999,Not listed,Not listed,39
Cupressaceae,Cupressus,Cupressus macrocarpa,Hartw. ex Gordon,,United States,Yes,CA,Vulnerable,2013,G1,2018,Not listed,Not listed,94
Cupressaceae,Cupressus,Cupressus sargentii,Jeps.,,United States,Yes,CA,Vulnerable,2013,G4,2020,Not listed,Not listed,33
Cactaceae,Cylindropuntia,Cylindropuntia fulgida,(Engelm.) F.M.Knuth,,"Mexico, United States",No,"AZ, NM",Least Concern,2020,G4,2001,Not listed,Not listed,22
Cactaceae,Cylindropuntia,Cylindropuntia imbricata,(Haw.) F.M.Knuth,,"Mexico, United States",No,"AZ, CO, KS, NM, OK, TX, UT",Least Concern,2020,G5,1994,Not listed,Not listed,68
Cactaceae,Cylindropuntia,Cylindropuntia prolifera,(Engelm.) F.M.Knuth,,"Mexico, United States",No,CA,Least Concern,2020,G3,1988,Not listed,Not listed,15
Cactaceae,Cylindropuntia,Cylindropuntia spinosior,(Engelm.) F.M.Knuth,,"Mexico, United States",No,"AZ, NM",Least Concern,2020,G3,1988,Not listed,Not listed,28
Cactaceae,Cylindropuntia,Cylindropuntia versicolor,(Engelm. ex J.M.Coult.)  F.M.Knuth,,"Mexico, United States",No,"AZ, NM, TX",Least Concern,2020,G4,1995,Not listed,Not listed,10
Capparaceae,Cynophalla,Cynophalla flexuosa,(L.) J.Presl,,"Panama, Nicaragua, Montserrat, Mexico, Martinique, Jamaica, Peru, Haiti, Saint Vincent and the Grenadines, Honduras, Puerto Rico, Saint Bathélemy, Guatemala, Saint Lucia, Saint Martin, United States, Venezuela, Bolivarian Republic of, Virgin Islands, British, Virgin Islands, U.S., Saint Kitts and Nevis, Barbados, Trinidad and Tobago, Guadeloupe, Antigua and Barbuda, Argentina, Aruba, Bahamas, Anguilla, Belize, Bonaire, Sint Eustatius and Saba, Brazil, Ecuador, Colombia, Costa Rica, Cuba, Curaçao, Grenada, Dominica, Dominican Republic, Cayman Islands, El Salvador",No,FL,Least Concern,2018,G4,1988,Not listed,Not listed,3
Cyrillaceae,Cyrilla,Cyrilla racemiflora,L.,,"Mexico, Nicaragua, Panama, Puerto Rico, Saint Vincent and the Grenadines, Suriname, Venezuela, Bolivarian Republic of, United States, Jamaica, Dominican Republic, Trinidad and Tobago, Brazil, Guadeloupe, Honduras, Belize, Colombia, Costa Rica, Cuba, Dominica, French Guiana, Guyana, Haiti",No,"AL, DE, FL, GA, LA, MS, NC, SC, TX, VA",Least Concern,2019,G5,2015,Not listed,Not listed,65
Lauraceae,Damburneya,Damburneya coriacea,(Sw.) Trofimov & Rohwer,,"Virgin Islands, British, Virgin Islands, U.S., Montserrat, Puerto Rico, Saint Lucia, Saint Martin, Mexico, Saint Vincent and the Grenadines, Cuba, Trinidad and Tobago, Turks and Caicos Islands, Venezuela, Bolivarian Republic of, Martinique, United States, Cayman Islands, Jamaica, Antigua and Barbuda, Bahamas, Dominican Republic, Bonaire, Sint Eustatius and Saba, Dominica, Grenada, Guadeloupe, Guatemala, Haiti, Honduras, Belize",No,FL,Least Concern,2020,G5,1993,Not listed,Not listed,1
Papaveraceae,Dendromecon,Dendromecon harfordii,Kellogg,,United States,Yes,CA,Endangered (ESTIMATED),ESTIMATED ASSESSMENT,G3,1997,Not listed,Not listed,15
Papaveraceae,Dendromecon,Dendromecon rigida,Benth.,,"United States, Mexico",No,CA,Least Concern,2020,G4,1989,Not listed,Not listed,26
Fabaceae,Dermatophyllum,Dermatophyllum secundiflorum,(Ortega) Gandhi & Reveal,,"United States, Mexico",No,"FL, GA, LA, MS, NM, TX",Least Concern,2020,G5,1992,Not listed,Not listed,9
Ebenaceae,Diospyros,Diospyros texana,Scheele,,"Mexico, United States",No,TX,Least Concern,2022,G5,1992,Not listed,Not listed,30
Ebenaceae,Diospyros,Diospyros virginiana,L.,,United States,Yes,"AL, AR, CT, DC, DE, FL, GA, IA, IL, IN, KS, KY, LA, MA, MD, MO, MS, NC, NE, NJ, NY, OH, OK, PA, SC, TN, TX, UT, VA, WV",Least Concern,2021,G5,1984,Not listed,Not listed,186
Sapindaceae,Dodonaea,Dodonaea viscosa,(L.) Jacq.,,"Philippines, Saint Lucia, Oman, Pakistan, Panama, Peru, Puerto Rico, Réunion, Nicaragua, Papua New Guinea, New Zealand, New Caledonia, Mozambique, Mexico, Mauritius, Martinique, Mali, Maldives, Saint Martin, Libya, Togo, Liberia, Malawi, Uganda, Kiribati, Ethiopia, Zimbabwe, Zambia, Yemen, Virgin Islands, U.S., Virgin Islands, British, Viet Nam, Venezuela, Bolivarian Republic of, Thailand, United States, Saudi Arabia, Timor-Leste, Tanzania, United Republic of, Taiwan, Province of China, Swaziland, Suriname, Sri Lanka, South Africa, Sierra Leone, Seychelles, Senegal, Uruguay, Botswana, Dominica, Cuba, Côte d'Ivoire, Congo, The Democratic Republic of the, Colombia, China, Cayman Islands, Cameroon, Burundi, Dominican Republic, Brazil, Costa Rica, Bonaire, Sint Eustatius and Saba, Bolivia, Plurinational State of, Benin, Belize, Australia, Argentina, Antigua and Barbuda, Angola, French Polynesia, Burkina Faso, Guyana, Japan, Jamaica, Indonesia, India, Hong Kong, Comoros, Haiti, Ecuador, Guinea-Bissau, Guatemala, Guadeloupe, El Salvador, Ghana, Gabon, Afghanistan, French Guiana, Kenya, Egypt, Eritrea, Equatorial Guinea, Grenada, Honduras",No,"AZ, FL, HI",Least Concern,2019,GNR,,Not listed,Not listed,94
Euphorbiaceae,Drypetes,Drypetes diversifolia,Krug & Urb.,,"United States, Turks and Caicos Islands, Haiti, Bahamas, Dominican Republic",No,FL,Least Concern (ESTIMATED),ESTIMATED ASSESSMENT,G4,2000,Not listed,Not listed,6
Euphorbiaceae,Drypetes,Drypetes lateriflora,(Sw.) Krug & Urb.,,"Mexico, Guatemala, Puerto Rico, Jamaica, Honduras, Haiti, Dominican Republic, Cuba, Costa Rica, Bahamas, Belize, El Salvador, United States",No,FL,Least Concern,2019,G4,1998,Not listed,Not listed,4
Verbenaceae,Duranta,Duranta erecta,L.,,"Suriname, Martinique, Mexico, Montserrat, Nicaragua, Paraguay, Puerto Rico, Saint Kitts and Nevis, Saint Lucia, Jamaica, Saint Vincent and the Grenadines, Peru, Trinidad and Tobago, United States, Uruguay, Venezuela, Bolivarian Republic of, Virgin Islands, British, Virgin Islands, U.S., Saint Martin, Costa Rica, Honduras, Antigua and Barbuda, Argentina, Bahamas, Barbados, Bolivia, Plurinational State of, Bonaire, Sint Eustatius and Saba, Brazil, Saint Bathélemy, Colombia, Cuba, Dominican Republic, El Salvador, French Guiana, Guadeloupe, Guatemala, Guyana, Haiti, Cayman Islands",No,"AZ, CA, FL, HI, LA, TX",Least Concern,2019,G5,1994,Not listed,Not listed,99
Fabaceae,Ebenopsis,Ebenopsis ebano,(Berland.) Barneby & J.W.Grimes,,"Mexico, United States",No,TX,Least Concern,2012,G4,1992,Not listed,Not listed,29
Boraginaceae,Ehretia,Ehretia anacua,(Terán & Berland.) I.M.Johnst.,,"Mexico, United States",No,TX,Least Concern,2019,G5,1992,Not listed,Not listed,21
Ericaceae,Elliottia,Elliottia racemosa,Muhl. ex Elliott,,United States,Yes,"GA, SC(SX)",Vulnerable,2022,G2,2017,Not listed,Not listed,27
Rubiaceae,Erithalis,Erithalis fruticosa,L.,,"Turks and Caicos Islands, Honduras, Jamaica, Martinique, Mexico, Montserrat, Puerto Rico, Saint Lucia, Haiti, Trinidad and Tobago, Virgin Islands, U.S., Venezuela, Bolivarian Republic of, United States, Saint Vincent and the Grenadines, Bonaire, Sint Eustatius and Saba, Virgin Islands, British, Anguilla, Antigua and Barbuda, Aruba, Bahamas, Guyana, Belize, Cayman Islands, Colombia, Cuba, Curaçao, Dominican Republic, Guadeloupe, Barbados",No,FL,Least Concern,2020,G5,1993,Not listed,Not listed,7
Fabaceae,Erythrina,Erythrina flabelliformis,Kearney,,"United States, Mexico",No,"AZ, NM",Least Concern,2019,G4,1991,Not listed,Not listed,40
Fabaceae,Erythrina,Erythrina herbacea,L.,,"Mexico, United States",No,"AL, AR, FL, GA, LA, MS, NC, SC, TX",Least Concern,2019,G5,1988,Not listed,Not listed,40
Fabaceae,Erythrostemon,Erythrostemon mexicanus,(A.Gray) Gagnon & G.P.Lewis,,"Mexico, United States",No,TX,Least Concern,2022,GNR,,Not listed,Not listed,3
Rutaceae,Esenbeckia,Esenbeckia berlandieri,Baill.,,"Mexico, United States",No,TX,Endangered,2019,G4,2002,Not listed,Not listed,Not on PlantSearch
Myrtaceae,Eugenia,Eugenia axillaris,(Sw.) Willd.,,"Virgin Islands, British, Jamaica, Mexico, Nicaragua, Puerto Rico, Saint Bathélemy, Saint Martin, United States, Virgin Islands, U.S., Guadeloupe, Honduras, Turks and Caicos Islands, Bermuda, Haiti, Antigua and Barbuda, Belize, Bonaire, Sint Eustatius and Saba, Cayman Islands, Cuba, Dominican Republic, El Salvador, Anguilla, Guatemala, Bahamas",No,FL,Least Concern,2019,G4,1988,Not listed,Not listed,10
Myrtaceae,Eugenia,Eugenia confusa,DC.,,"Dominica, Martinique, Virgin Islands, U.S., United States, Trinidad and Tobago, Saint Lucia, Puerto Rico, Jamaica, Haiti, Dominican Republic, Cuba, Bahamas, Antigua and Barbuda, Guadeloupe",No,FL,Least Concern,2020,G4,1987,Not listed,Not listed,9
Myrtaceae,Eugenia,Eugenia foetida,Pers.,,"Jamaica, United States, Turks and Caicos Islands, Saint Martin, Saint Bathélemy, Puerto Rico, Mexico, Guatemala, Dominican Republic, Cayman Islands, Belize, Bahamas, Anguilla, Virgin Islands, U.S., Haiti",No,FL,Least Concern,2020,G5,1994,Not listed,Not listed,9
Myrtaceae,Eugenia,Eugenia rhombea,(O.Berg) Krug & Urb.,,"Virgin Islands, U.S., Martinique, Mexico, Nicaragua, Panama, Puerto Rico, Saint Martin, United States, Jamaica, Virgin Islands, British, Saint Bathélemy, Venezuela, Bolivarian Republic of, Belize, Antigua and Barbuda, Turks and Caicos Islands, Honduras, Bahamas, Bonaire, Sint Eustatius and Saba, Costa Rica, Guadeloupe, Haiti, Guatemala, Dominican Republic, El Salvador, Cuba",No,FL,Least Concern,2019,G5,2001,Not listed,Not listed,9
Celastraceae,Euonymus,Euonymus atropurpureus,Jacq.,,"Canada, United States",No,"AL, AR, CT, DC, DE, FL, GA, IA, IL, IN, KS, KY, LA, MA, MD, ME, MI, MN, MS, MT, NC, ND, NE, NH, NJ, NY, OH, OK, PA, RI, SC, SD, TN, TX, VA, WI, WV",Least Concern,2018,G5,2016,Not listed,Not listed,72
Celastraceae,Euonymus,Euonymus occidentalis,Nutt. ex Torr.,,"Canada, United States",No,"CA, OR, WA",Least Concern,2019,G5,1990,Not listed,Not listed,13
Rubiaceae,Exostema,Exostema caribaeum,(Jacq.) Schult.,,"Saint Lucia, Martinique, Mexico, Nicaragua, Panama, Puerto Rico, Saint Bathélemy, Montserrat, Saint Martin, Saint Vincent and the Grenadines, Trinidad and Tobago, Virgin Islands, U.S., Turks and Caicos Islands, Virgin Islands, British, Jamaica, Bahamas, United States, Belize, Bonaire, Sint Eustatius and Saba, Antigua and Barbuda, Honduras, Cayman Islands, Colombia, Costa Rica, Cuba, Dominican Republic, El Salvador, Grenada, Guadeloupe, Guatemala, Haiti, Dominica, Anguilla",No,FL,Least Concern,2019,G5,1994,Not listed,Not listed,9
Sapindaceae,Exothea,Exothea paniculata,(Juss.) Radlk.,,"United States, Jamaica, Martinique, Virgin Islands, U.S., Mexico, Honduras, Puerto Rico, Saint Vincent and the Grenadines, Colombia, Saint Lucia, Bahamas, Dominican Republic, Haiti, Belize, Bonaire, Sint Eustatius and Saba, Cayman Islands, Cuba, El Salvador, Guatemala",No,FL,Least Concern,2020,G5,1993,Not listed,Not listed,5
Fabaceae,Eysenhardtia,Eysenhardtia orthocarpa,(A.Gray) S.Watson,,"United States, Mexico",No,AZ,Least Concern,2019,G5,2002,Not listed,Not listed,10
Fabaceae,Eysenhardtia,Eysenhardtia texana,Scheele,,"Mexico, United States",No,TX,Least Concern,2019,G5,1989,Not listed,Not listed,13
Fagaceae,Fagus,Fagus grandifolia,Ehrh.,,"United States, Canada, Mexico",No,"AL, AR, CT, DC, DE, FL, GA, IL, IN, KY, LA, MA, MD, ME, MI, MN, MO, MS, NC, NH, NJ, NY, OH, OK, PA, RI, SC, TN, TX, UT, VA, VT, WI, WV",Least Concern,2017,G5,2016,Not listed,Not listed,169
Cactaceae,Ferocactus,Ferocactus wislizeni,(Engelm.) Britton & Rose,,"Mexico, United States",No,"AZ, NM, TX",Vulnerable,2017,G4,1988,Not listed,Not listed,60
Moraceae,Ficus,Ficus americana,Aubl.,,"Saint Kitts and Nevis, Haiti, Honduras, Jamaica, Mexico, Montserrat, Nicaragua, Peru, Saint Vincent and the Grenadines, Trinidad and Tobago, United States, Venezuela, Bolivarian Republic of, Puerto Rico, Guyana, Panama, Colombia, Guatemala, Saint Lucia, Bahamas, Belize, Bolivia, Plurinational State of, Bonaire, Sint Eustatius and Saba, Antigua and Barbuda, Costa Rica, Cuba, Dominica, Dominican Republic, Ecuador, El Salvador, Grenada, Guadeloupe",No,FL,Least Concern,2019,GNR,1994,Not listed,Not listed,11
Moraceae,Ficus,Ficus aurea,Nutt.,,"Honduras, Haiti, Turks and Caicos Islands, Panama, Nicaragua, Jamaica, United States, El Salvador, Dominican Republic, Cuba, Costa Rica, Cayman Islands, Belize, Bahamas, Mexico, Guatemala",No,FL,Least Concern,2020,G5,1995,Not listed,Not listed,24
Moraceae,Ficus,Ficus citrifolia,Mill.,,"Honduras, Paraguay, Panama, Nicaragua, Montserrat, Mexico, Puerto Rico, Jamaica, Aruba, Martinique, Saint Bathélemy, Saint Kitts and Nevis, Saint Lucia, Saint Vincent and the Grenadines, Turks and Caicos Islands, United States, Venezuela, Bolivarian Republic of, Virgin Islands, British, Virgin Islands, U.S., Haiti, Saint Martin, Bermuda, Barbados, Guatemala, Anguilla, Antigua and Barbuda, Argentina, Belize, Bolivia, Plurinational State of, Bonaire, Sint Eustatius and Saba, Brazil, Ecuador, Guadeloupe, Grenada, Bahamas, El Salvador, Cayman Islands, Dominican Republic, Dominica, Cuba, Costa Rica, Colombia",No,FL,Least Concern,2019,G5,1994,Not listed,Not listed,22
Oleaceae,Forestiera,Forestiera acuminata,(Michx.) Poir.,,United States,Yes,"AL, AR, FL, GA, IL, IN, KS, KY, LA, MO, MS, OK, SC, TN, TX",Least Concern,2020,G5,1985,Not listed,Not listed,21
Oleaceae,Forestiera,Forestiera angustifolia,Torr.,,"Mexico, United States",No,TX,Least Concern,2020,G5,1992,Not listed,Not listed,3
Oleaceae,Forestiera,Forestiera reticulata,Torr.,,"Mexico, United States",No,TX,Least Concern,2021,G5,1992,Not listed,Not listed,Not on PlantSearch
Oleaceae,Forestiera,Forestiera segregata,(Jacq.) Krug & Urb.,,"Virgin Islands, U.S., Jamaica, Antigua and Barbuda, Virgin Islands, British, United States, Turks and Caicos Islands, Puerto Rico, Dominican Republic, Cuba, Cayman Islands, Bahamas, Anguilla, Bermuda, Haiti",No,"FL, GA, SC",Least Concern,2020,G4,2001,Not listed,Not listed,12
Oleaceae,Forestiera,Forestiera shrevei,Standl.,,United States,Yes,AZ,Least Concern,2020,G4,1994,Not listed,Not listed,Not on PlantSearch
Rhamnaceae,Frangula,Frangula betulifolia,(Greene) Grubov,,"Mexico, United States",No,"AZ, NM, NV, TX, UT",Least Concern,2020,G4,1994,Not listed,Not listed,4
Rhamnaceae,Frangula,Frangula californica,(Eschsch.) A.Gray,,United States,Yes,"AZ, CA, HI, NM, NV, OR",Least Concern,2020,G5,2000,Not listed,Not listed,21
Rhamnaceae,Frangula,Frangula caroliniana,(Walter) A.Gray,,United States,Yes,"AL, AR, FL, GA, IL, IN, KY, LA, MD, MO, MS, NC, OH, OK, SC, TN, TX, VA",Least Concern,2020,G5,1988,Not listed,Not listed,24
Rhamnaceae,Frangula,Frangula purshiana,Cooper,,"United States, Canada",No,"CA, ID, MT, OR, WA",Least Concern,2018,G5,2017,Not listed,Not listed,27
Theaceae,Franklinia,Franklinia alatamaha,Marshall,,United States,Yes,,Extinct in the Wild,2015,GH,2000,Not listed,Not listed,117
Oleaceae,Fraxinus,Fraxinus albicans,Buckley,,"Mexico, United States",No,"OK, TX",Near Threatened,2020,G5,1994,Not listed,Not listed,5
Oleaceae,Fraxinus,Fraxinus americana,L.,,United States,Yes,"AL, AR, CO, CT, DC, DE, FL, GA, HI, IA, IL, IN, KS, KY, LA, MA, MD, ME, MI, MN, MO, MS, NC, NE, NH, NJ, NY, OH, OK, PA, RI, SC, TN, TX, VA, VT, WI, WV",Critically Endangered,2017,G4,2021,Not listed,Not listed,213
Oleaceae,Fraxinus,Fraxinus anomala,Torr. ex S.Watson,,United States,Yes,"AZ, CA, CO, NM, NV, UT, WY",Least Concern,2017,G4,2010,Not listed,Not listed,17
Oleaceae,Fraxinus,Fraxinus berlandieriana,A.DC.,,"Mexico, United States",No,"NM, TX",Least Concern,2017,G5,1992,Not listed,Not listed,6
Oleaceae,Fraxinus,Fraxinus caroliniana,Mill.,,"Cuba, United States",No,"AL, AR, FL, GA, LA, MD, MS, NC, SC, TX, VA",Endangered,2017,G4,2021,Not listed,Not listed,25
Oleaceae,Fraxinus,Fraxinus cuspidata,Torr.,,"Mexico, United States",No,"AZ, CA, NM, NV, TX",Least Concern,2017,G4,1995,Not listed,Not listed,5
Oleaceae,Fraxinus,Fraxinus dipetala,Hook. & Arn.,,"Mexico, United States",No,"AZ, CA, NV, UT",Least Concern,2017,G5,1999,Not listed,Not listed,22
Oleaceae,Fraxinus,Fraxinus gooddingii,Little,,"Mexico, United States",No,AZ,Least Concern,2018,G3,2017,Not listed,Not listed,4
Oleaceae,Fraxinus,Fraxinus greggii,A.Gray,,"Mexico, United States",No,"AZ, NM, TX",Least Concern,2017,G5,1992,Not listed,Not listed,16
Oleaceae,Fraxinus,Fraxinus latifolia,Benth.,,"United States, Canada",No,"CA, OR, WA",Near Threatened,2017,G5,1990,Not listed,Not listed,69
Oleaceae,Fraxinus,Fraxinus nigra,Marshall,,"Canada, United States",No,"CT, DC, DE, IA, IL, IN, MA, MD, ME, MI, MN, ND, NH, NJ, NY, OH, PA, RI, VA, VT, WI, WV",Critically Endangered,2017,G5,2016,Not listed,Not listed,67
Oleaceae,Fraxinus,Fraxinus pennsylvanica,Marshall,,"Canada, United States",No,"AL, AR, CO, CT, DC, DE, FL, GA, IA, IL, IN, KS, KY, LA, MA, MD, ME, MI, MN, MO, MS, MT, NC, ND, NE, NH, NJ, NY, OH, OK, PA, RI, SC, SD, TN, TX, UT, VA, VT, WI, WV, WY",Critically Endangered,2017,G4,2021,Not listed,Not listed,193
Oleaceae,Fraxinus,Fraxinus profunda,(Bush) Bush,,United States,Yes,"AL, AR, DC, DE, FL, GA, IL, IN, KY, LA, MD, MI, MO, MS, NC, NJ, NY, OH, PA, SC, TN, VA",Critically Endangered,2017,G4,2021,Not listed,Not listed,37
Oleaceae,Fraxinus,Fraxinus quadrangulata,Michx.,,United States,Yes,"AL, AR, GA, IA, IL, IN, KS, KY, MI, MN, MO, MS, OH, OK, PA, TN, VA, WI, WV",Critically Endangered,2017,G4,2021,Not listed,Not listed,97
Oleaceae,Fraxinus,Fraxinus velutina,Torr.,,Mexico; United States,No,"AZ, CA, NM, NV, TX, UT",Least Concern,2017,G5,2010,Not listed,Not listed,54
Malvaceae,Fremontodendron,Fremontodendron californicum,(Torr.) Coult.,,United States,Yes,"AZ, CA",Least Concern,2020,G4,2018,Not listed,Not listed,45
Malvaceae,Fremontodendron,Fremontodendron mexicanum,Davidson,,"Mexico, United States",No,CA,Endangered,2022,G2,2020,Endangered,1998,23
Garryaceae,Garrya,Garrya elliptica,Douglas ex Lindl.,,United States,Yes,"CA, OR",Least Concern,2020,G5,1990,Not listed,Not listed,81
Garryaceae,Garrya,Garrya flavescens,S.Watson,,"Mexico, United States",No,"AZ, CA, NM, NV, UT",Least Concern,2020,G3,1993,Not listed,Not listed,12
Garryaceae,Garrya,Garrya fremontii,Torr.,,United States,Yes,"CA, OR, WA",Least Concern,2020,G4,1988,Not listed,Not listed,24
Garryaceae,Garrya,Garrya ovata,Benth.,,"Mexico, United States",No,"NM, TX",Least Concern,2020,G5,1995,Not listed,Not listed,7
Garryaceae,Garrya,Garrya veatchii,Kellogg,,"United States, Mexico",No,CA,Least Concern,2020,G5,1988,Not listed,Not listed,7
Garryaceae,Garrya,Garrya wrightii,Torr.,,"Mexico, United States",No,"AZ, NM, TX",Least Concern,2020,G5,1992,Not listed,Not listed,14
Fabaceae,Gleditsia,Gleditsia aquatica,Marshall,,United States,Yes,"AL, AR, FL, GA, IL, IN, KY, LA, MO, MS, NC, NY, SC, TN, TX, VA",Least Concern,2019,G5,1988,Not listed,Not listed,38
Fabaceae,Gleditsia,Gleditsia triacanthos,L.,,"Mexico, United States",No,"AL, AR, CO, CT, DC, DE, FL, GA, IA, IL, IN, KS, KY, LA, MA, MD, ME, MI, MN, MO, MS, NC, ND, NE, NH, NJ, NM, NV, NY, OH, OK, PA, RI, SC, SD, TN, TX, UT, VA, VT, WI, WV, WY",Least Concern,2018,G5,2016,Not listed,Not listed,208
Theaceae,Gordonia,Gordonia lasianthus,(L.) J.Ellis,,United States,Yes,"AL, FL, GA, MS, NC, SC",Least Concern,2015,G5,1986,Not listed,Not listed,28
Malvaceae,Gossypium,Gossypium thurberi,Tod.,,"United States, Mexico",No,AZ,Endangered,2020,G4,2020,Not listed,Not listed,19
Zygophyllaceae,Guaiacum,Guaiacum officinale,L.,,"Martinique, Virgin Islands, U.S., Virgin Islands, British, Venezuela, Bolivarian Republic of, United States, Turks and Caicos Islands, Suriname, Sint Maarten, Saint Vincent and the Grenadines, Saint Martin, Saint Bathélemy, Montserrat, Jamaica, Barbados, Anguilla, Puerto Rico, Bahamas, Haiti, Bonaire, Sint Eustatius and Saba, Colombia, Cuba, Curaçao, Dominica, Dominican Republic, Grenada, Guadeloupe, Guyana, Antigua and Barbuda",No,FL,Endangered,2019,G4,1994,Not listed,Not listed,48
Zygophyllaceae,Guaiacum,Guaiacum sanctum,L.,,"Honduras, Puerto Rico, Panama, Costa Rica, Nicaragua, United States, Mexico, Guatemala, Cuba, Belize, Bahamas, Dominican Republic, Haiti",No,FL,Near Threatened,2017,G2,2020,Not listed,Not listed,42
Nyctaginaceae,Guapira,Guapira discolor,(Spreng.) Little,,"Dominican Republic, Turks and Caicos Islands, Puerto Rico, Jamaica, Haiti, United States, Cuba, Cayman Islands, Bahamas, Honduras",No,FL,Least Concern,2020,G4,2019,Not listed,Not listed,7
Nyctaginaceae,Guapira,Guapira obtusata,(Jacq.) Little,,"Jamaica, United States, Turks and Caicos Islands, Puerto Rico, Haiti, Dominican Republic, Cuba, Bahamas, Brazil",No,FL,Least Concern,2020,GNR,,Not listed,Not listed,3
Rubiaceae,Guettarda,Guettarda elliptica,Sw.,,"Haiti, Venezuela, Bolivarian Republic of, United States, Turks and Caicos Islands, Puerto Rico, Panama, Virgin Islands, U.S., Jamaica, Dominican Republic, Cuba, Colombia, Cayman Islands, Belize, Bahamas, Mexico, Guatemala",No,FL,Least Concern,2020,G4,1988,Not listed,Not listed,5
Rubiaceae,Guettarda,Guettarda scabra,(L.) Lam.,,"Montserrat, Virgin Islands, U.S., Venezuela, Bolivarian Republic of, United States, Turks and Caicos Islands, Puerto Rico, Dominican Republic, Dominica, Cuba, Colombia, Bonaire, Sint Eustatius and Saba, Bahamas, Guadeloupe, Trinidad and Tobago",No,FL,Least Concern,2014,G4,1994,Not listed,Not listed,9
Celastraceae,Gyminda,Gyminda latifolia,(Sw.) Urb.,,"Virgin Islands, British, Mexico, Montserrat, Puerto Rico, Virgin Islands, U.S., Saint Martin, Saint Lucia, Trinidad and Tobago, United States, Martinique, Turks and Caicos Islands, Anguilla, Jamaica, Saint Vincent and the Grenadines, Antigua and Barbuda, Bahamas, Barbados, Cayman Islands, Cuba, Dominican Republic, Guadeloupe, Haiti, Bonaire, Sint Eustatius and Saba",No,FL,Least Concern,2020,G4,1995,Not listed,Not listed,4
Euphorbiaceae,Gymnanthes,Gymnanthes lucida,Sw.,,"Virgin Islands, British, Jamaica, Mexico, Puerto Rico, Saint Bathélemy, Virgin Islands, U.S., United States, Honduras, Costa Rica, Turks and Caicos Islands, Haiti, Guatemala, Guadeloupe, Cuba, Bonaire, Sint Eustatius and Saba, Belize, Bahamas, Antigua and Barbuda, Anguilla, Dominican Republic",No,FL,Least Concern,2020,G4,1994,Not listed,Not listed,6
Fabaceae,Gymnocladus,Gymnocladus dioicus,(L.) K.Koch,,"Canada, United States",No,"AL, AR, CT, DC, DE, GA, IA, IL, IN, KS, KY, MA, MD, ME, MI, MN, MO, MS, NC, ND, NE, NJ, NY, OH, OK, PA, SC, SD, TN, TX, VA, WI, WV",Vulnerable,2020,G5,1984,Not listed,Not listed,133
Styracaceae,Halesia,Halesia carolina,L.,,United States,Yes,KY,Least Concern,2018,G5,2010,Not listed,Not listed,146
Styracaceae,Halesia,Halesia diptera,L.,,United States,Yes,"AL, AR, FL, GA, LA, MS, OK, SC, TX",Least Concern,2020,G5,1984,Not listed,Not listed,54
Hamamelidaceae,Hamamelis,Hamamelis vernalis,Sarg.,,United States,Yes,"AR, MO, OK, TX",Least Concern,2020,G4,1991,Not listed,Not listed,143
Hamamelidaceae,Hamamelis,Hamamelis virginiana,L.,,"United States, Canada",No,"AL, AR, CT, DC, DE, FL, GA, IA, IL, IN, KY, LA, MA, MD, ME, MI, MN, MO, MS, NC, NH, NJ, NY, OH, OK, PA, RI, SC, TN, TX, VA, VT, WI, WV",Least Concern,2018,G5,2016,Not listed,Not listed,246
Rubiaceae,Hamelia,Hamelia patens,Jacq.,,"Peru, Haiti, Honduras, Jamaica, Martinique, Mexico, Nicaragua, Paraguay, Guadeloupe, Puerto Rico, Saint Vincent and the Grenadines, Trinidad and Tobago, United States, Venezuela, Bolivarian Republic of, Virgin Islands, U.S., Panama, Costa Rica, Antigua and Barbuda, Argentina, Bahamas, Belize, Bolivia, Plurinational State of, Guyana, Colombia, Guatemala, Cuba, Dominica, Dominican Republic, Ecuador, El Salvador, French Guiana, Brazil",No,FL,Least Concern,2019,G5,1994,Not listed,Not listed,104
Fabaceae,Havardia,Havardia pallens,(Benth.) Britton & Rose,,"Mexico, United States",No,TX,Least Concern,2019,G4,1992,Not listed,Not listed,14
Rutaceae,Helietta,Helietta parvifolia,(A.Gray) Benth.,,"Mexico, United States",No,TX,Least Concern,2020,G4,1994,Not listed,Not listed,2
Cupressaceae,Hesperocyparis,Hesperocyparis nevadensis,(Abrams) Bartel,,United States,Yes,CA,Endangered,2013,G2,2008,Not listed,Not listed,5
Cupressaceae,Hesperocyparis,Hesperocyparis pygmaea,(Lemmon) Bartel,*Assessed as Cupressus goveniana var. goveniana,United States,Yes,CA,Endangered,2013,G1,2017,Not listed,Not listed,5
Cupressaceae,Hesperocyparis,Hesperocyparis stephensonii,(C.B.Wolf) Bartel,,United States,Yes,CA,Critically Endangered,2013,G1,2021,Not listed,Not listed,6
Rosaceae,Heteromeles,Heteromeles arbutifolia,(Lindl.) M. Roem.,,"Mexico, United States",No,CA,Least Concern,2020,G5,1988,Not listed,Not listed,56
Phyllanthaceae,Heterosavia,Heterosavia bahamensis,(Britton) Petra Hoffm.,,"Cuba, United States, Turks and Caicos Islands, Honduras, Cayman Islands, Bahamas, Jamaica",No,FL,Least Concern,2020,G4,1995,Not listed,Not listed,2
Euphorbiaceae,Hippomane,Hippomane mancinella,L.,,"Puerto Rico, Virgin Islands, British, Jamaica, Haiti, Mexico, Montserrat, Nicaragua, Panama, Saint Kitts and Nevis, Saint Lucia, Saint Vincent and the Grenadines, Trinidad and Tobago, Turks and Caicos Islands, Guatemala, Venezuela, Bolivarian Republic of, Honduras, Virgin Islands, U.S., United States, Bonaire, Sint Eustatius and Saba, Martinique, Guadeloupe, Anguilla, Antigua and Barbuda, Aruba, Bahamas, Belize, Cayman Islands, Dominican Republic, Grenada, Barbados, Ecuador, Colombia, Dominica, Curaçao, Cuba, Costa Rica, El Salvador",No,FL,Least Concern,2019,G5,1994,Not listed,Not listed,4
Sapindaceae,Hypelate,Hypelate trifoliata,Sw.,,"Jamaica, Anguilla, United States, Turks and Caicos Islands, Saint Martin, Puerto Rico, Haiti, Dominican Republic, Cuba, Cayman Islands, Bahamas",No,FL,Least Concern,2020,G4,2001,Not listed,Not listed,7
Clusiaceae,Hypericum,Hypericum chapmanii,P.B.Adams,,United States,Yes,FL,Near Threatened (ESTIMATED),ESTIMATED ASSESSMENT,G3,2020,Not listed,Not listed,1
Aquifoliaceae,Ilex,Ilex ambigua,(Michx.) Torr.,,United States,Yes,"AL, AR, FL, GA, KY, LA, MS, NC, OK, SC, TN, TX, VA, WV",Least Concern,2018,G5,1992,Not listed,Not listed,12
Aquifoliaceae,Ilex,Ilex amelanchier,M.A.Curtis ex Chapm.,,United States,Yes,"AL, FL, GA, LA, MS, NC, SC",Least Concern,2018,G4,1994,Not listed,Not listed,26
Aquifoliaceae,Ilex,Ilex cassine,L.,,"Cuba, United States",No,"AL, FL, GA, LA, MS, NC, SC, TX",Least Concern,2018,G5,1988,Not listed,Not listed,34
Aquifoliaceae,Ilex,Ilex collina,Alexander,,United States,Yes,"GA, NC, TN, VA, WV",Vulnerable,2018,G3,2020,Not listed,Not listed,19
Aquifoliaceae,Ilex,Ilex coriacea,(Pursh) Chapm.,,United States,Yes,"AL, FL, GA, LA, MS, NC, NJ, SC, TX, VA",Least Concern,2018,G5,1985,Not listed,Not listed,18
Aquifoliaceae,Ilex,Ilex cuthbertii,Small,,United States,Yes,"GA, SC",Endangered,2018,G1,2020,Not listed,Not listed,1
Aquifoliaceae,Ilex,Ilex decidua,Walter,,"Mexico, United States",No,"AL, AR, DC, FL, GA, IL, IN, KS, KY, LA, MD, MO, MS, NC, OK, SC, TN, TX, VA",Least Concern,2018,G5,1984,Not listed,Not listed,84
Aquifoliaceae,Ilex,Ilex krugiana,Loes.,,"Bahamas, Dominican Republic, Haiti, United States",No,FL,Least Concern,2022,G3,2021,Not listed,Not listed,5
Aquifoliaceae,Ilex,Ilex laevigata,(Pursh) A.Gray,,United States,Yes,"CT, DC, DE, GA, MA, MD, ME, NC, NH, NJ, NY, PA, RI, SC, VA, VT",Least Concern,2018,G5,1984,Not listed,Not listed,33
Aquifoliaceae,Ilex,Ilex longipes,Chapm. ex Trel.,,United States,Yes,"AL, AR, FL, GA, LA, MS, NC, SC, TN, TX",Least Concern,2018,G5,1986,Not listed,Not listed,18
Aquifoliaceae,Ilex,Ilex montana,Torr. & A.Gray,,United States,Yes,"AL, CT, GA, KY, MA, MD, MS, NC, NJ, NY, PA, SC, TN, VA, WV",Least Concern,2020,G5,1984,Not listed,Not listed,21
Aquifoliaceae,Ilex,Ilex mucronata,"(L.) M.Powell, Savol. & S.Andrews",,"Canada, Saint Pierre and Miquelon, United States",No,"CT, IL, IN, MA, MD, ME, MI, MN, NH, NJ, NY, OH, PA, RI, VT, WI, WV",Least Concern,2018,G5,2016,Not listed,Not listed,22
Aquifoliaceae,Ilex,Ilex myrtifolia,Walter,,United States,Yes,"AL, FL, GA, LA, MS, NC, SC, TX",Least Concern,2018,G5,1984,Not listed,Not listed,24
Aquifoliaceae,Ilex,Ilex opaca,Aiton,,United States,Yes,"AL, AR, CT, DC, DE, FL, GA, IL, KY, LA, MA, MD, ME, MO, MS, NC, NJ, NY, OH, OK, PA, RI, SC, TN, TX, VA, WV",Least Concern,2018,G5,1983,Not listed,Not listed,130
Aquifoliaceae,Ilex,Ilex verticillata,(L.) A.Gray,,"Canada, Saint Pierre and Miquelon, United States",No,"AL, AR, CT, DC, DE, FL, GA, IA, IL, IN, KY, LA, MA, MD, ME, MI, MN, MO, MS, NC, NH, NJ, NY, OH, PA, RI, SC, TN, TX, VA, VT, WI, WV",Least Concern,2018,G5,2016,Not listed,Not listed,195
Aquifoliaceae,Ilex,Ilex vomitoria,Aiton,,"Cuba, Mexico, United States",No,"AL, AR, FL, GA, LA, MS, NC, OK, SC, TX, VA",Least Concern,2018,G5,1984,Not listed,Not listed,61
Schisandraceae,Illicium,Illicium floridanum,J.Ellis,,"Mexico, United States",No,"AL, FL, GA, LA, MS",Least Concern,2019,G5,1991,Not listed,Not listed,68
Schisandraceae,Illicium,Illicium parviflorum,Michx. ex Vent.,,"Dominican Republic, United States",No,"FL, GA",Endangered (ESTIMATED),ESTIMATED ASSESSMENT,G2,2015,Not listed,Not listed,45
Primulaceae,Jacquinia,Jacquinia keyensis,Mez,,"Bahamas, United States, Turks and Caicos Islands, Jamaica, Haiti, Cayman Islands, Cuba",No,FL,Least Concern,2020,G4,1988,Not listed,Not listed,8
Euphorbiaceae,Jatropha,Jatropha cinerea,(Ortega) Müll.Arg.,,"Mexico, United States",No,AZ,Least Concern,2019,G5,1999,Not listed,Not listed,25
Juglandaceae,Juglans,Juglans californica,S.Watson,,United States,Yes,CA,Near Threatened,2019,G3,2014,Not listed,Not listed,25
Juglandaceae,Juglans,Juglans cinerea,L.,,"United States, Canada",No,"AL, AR, CT, DC, DE, GA, IA, IL, IN, KY, MA, MD, ME, MI, MN, MO, MS, NC, NE, NH, NJ, NY, OH, PA, RI, SC, TN, VA, VT, WA, WI, WV",Endangered,2019,G3,2019,Not listed,Not listed,139
Juglandaceae,Juglans,Juglans hindsii,Jeps. ex R.E.Sm.,,United States,Yes,CA,Least Concern,2020,G5,2020,Not listed,Not listed,28
Juglandaceae,Juglans,Juglans major,(Torr.) A.Heller,,"United States, Mexico",No,"AZ, NM, TX, UT",Least Concern,2019,G4,1991,Not listed,Not listed,32
Juglandaceae,Juglans,Juglans microcarpa,Berland.,,"Mexico, United States",No,"KS, NM, OK, TX",Least Concern,2019,G5,1989,Not listed,Not listed,66
Juglandaceae,Juglans,Juglans nigra,L.,,"Canada, United States",No,"AL, AR, CT, DC, DE, FL, GA, IA, IL, IN, KS, KY, LA, MA, MD, ME, MI, MN, MO, MS, NC, ND, NE, NH, NJ, NY, OH, OK, PA, RI, SC, SD, TN, TX, UT, VA, VT, WI, WV, WY",Least Concern,2018,G5,1984,Not listed,Not listed,230
Cupressaceae,Juniperus,Juniperus arizonica,(R.P.Adams) R.P.Adams,,"Mexico, United States",No,"AZ, NM, TX",Least Concern,2020,GNR,,Not listed,Not listed,2
Cupressaceae,Juniperus,Juniperus ashei,J.Buchholz,,"Mexico, United States",No,"AR, MO, NM, OK, TX",Least Concern,2020,G5,1986,Not listed,Not listed,26
Cupressaceae,Juniperus,Juniperus californica,Carrière,,"United States, Mexico",No,"AZ, CA, NV",Least Concern,2013,G4,1988,Not listed,Not listed,24
Cupressaceae,Juniperus,Juniperus coahuilensis,(Martínez) Gaussen ex R.P.Adams,,"Mexico, United States",No,"AZ, NM, TX",Least Concern,2020,G4,1991,Not listed,Not listed,7
Cupressaceae,Juniperus,Juniperus communis,L.,,"Mongolia, Norway, Netherlands, Nepal, Montenegro, Pakistan, Monaco, Moldova, Malta, Lebanon, Poland, Kyrgyzstan, Sweden, Korea, Republic of, Latvia, Switzerland, Korea, Democratic People's Republic of, United States, United Kingdom, Ukraine, Turkmenistan, Serbia, Tajikistan, Portugal, Spain, Cyprus, San Marino, Uzbekistan, Russian Federation, Romania, Turkey, Armenia, Afghanistan, Denmark, Andorra, Kazakhstan, Austria, Azerbaijan, Belgium, Bulgaria, Canada, China, Czech Republic, Estonia, Faroe Islands, Finland, India, Albania, Japan, Italy, Ireland, France, Iran, Islamic Republic of, Iceland, Hungary, Greenland, Greece, Gibraltar, Germany, Georgia, Iraq",No,"AK, AL, AZ, CA, CO, CT, DE, GA, IA, ID, IL, IN, KY, LA, MA, MD, ME, MI, MN, MT, NC, ND, NE, NH, NJ, NM, NV, NY, OH, OR, PA, RI, SC, SD, TX, UT, VA, VT, WA, WI, WV, WY",Least Concern,2013,G5,2016,Not listed,Not listed,220
Cupressaceae,Juniperus,Juniperus deppeana,Steud.,,"Mexico, United States",No,"AZ, NM, TX",Least Concern,2013,G5,1990,Not listed,Not listed,28
Cupressaceae,Juniperus,Juniperus flaccida,Schltdl.,,"United States, Mexico",No,TX,Least Concern,2013,G4,1995,Not listed,Not listed,22
Cupressaceae,Juniperus,Juniperus grandis,R.P.Adams,,United States,Yes,"CA, NV",Not Evaluated,,G3,2000,Not listed,Not listed,5
Cupressaceae,Juniperus,Juniperus monosperma,(Engelm.) Sarg.,,United States,Yes,"AZ, CO, NM, OK, TX, UT",Least Concern,2013,G4,1987,Not listed,Not listed,34
Cupressaceae,Juniperus,Juniperus occidentalis,Hook.,,United States,Yes,"CA, ID, NV, OR, WA",Least Concern,2013,G5,1999,Not listed,Not listed,35
Cupressaceae,Juniperus,Juniperus osteosperma,(Torr.) Little,,United States,Yes,"AZ, CA, CO, ID, MT, NM, NV, UT, WY",Least Concern,2013,G5,1987,Not listed,Not listed,27
Cupressaceae,Juniperus,Juniperus pinchotii,Sudw.,,"Mexico, United States",No,"NM, OK, TX",Least Concern,2020,G5,1989,Not listed,Not listed,26
Cupressaceae,Juniperus,Juniperus scopulorum,Sarg.,,"Canada, Mexico, United States",No,"AZ, CO, ID, MT, ND, NE, NM, NV, OK, OR, SD, TX, UT, WA, WY",Least Concern,2013,G5,2016,Not listed,Not listed,80
Cupressaceae,Juniperus,Juniperus virginiana,L.,,"Canada, United States",No,"AL, AR, CT, DC, DE, FL, GA, IA, IL, IN, KS, KY, LA, MA, MD, ME, MI, MN, MO, MS, NC, ND, NE, NH, NJ, NY, OH, OK, OR, PA, RI, SC, SD, TN, TX, VA, VT, WI, WV",Least Concern,2013,G5,2016,Not listed,Not listed,236
Ericaceae,Kalmia,Kalmia latifolia,L.,,United States,Yes,"AL, CT, DC, DE, FL, GA, IN, KY, LA, MA, MD, ME, MS, NC, NH, NJ, NY, OH, PA, RI, SC, TN, VA, VT, WV",Least Concern,2018,G5,2015,Not listed,Not listed,168
Rhamnaceae,Karwinskia,Karwinskia humboldtiana,(Willd. ex Schult.) Zucc.,,"Mexico, United States, Venezuela, Bolivarian Republic of",No,TX,Least Concern,2020,G5,1992,Not listed,Not listed,12
Capparaceae,Koeberlinia,Koeberlinia spinosa,Zucc.,,"Mexico, United States",No,"AZ, CA, NM, TX",Least Concern,2020,G4,1990,Not listed,Not listed,12
Rhamnaceae,Krugiodendron,Krugiodendron ferreum,(Vahl) Urb.,,"Costa Rica, Anguilla, Antigua and Barbuda, Aruba, Bahamas, Cuba, Saint Vincent and the Grenadines, Bonaire, Sint Eustatius and Saba, Virgin Islands, U.S., United States, Saint Martin, Saint Lucia, Saint Bathélemy, Nicaragua, Mexico, Dominican Republic, Virgin Islands, British, Martinique, Dominica, Curaçao, El Salvador, Guadeloupe, Guatemala, Haiti, Honduras",No,FL,Least Concern,2020,G4,1994,Not listed,Not listed,6
Combretaceae,Laguncularia,Laguncularia racemosa,(L.) C.F.Gaertn,,"Panama, Liberia, Nicaragua, Montserrat, Mexico, Nigeria, Jamaica, Honduras, Haiti, Guinea-Bissau, Guinea, Peru, United States, Guyana, Saint Kitts and Nevis, Saint Lucia, Saint Martin, Saint Vincent and the Grenadines, Senegal, Sierra Leone, Sint Maarten, Suriname, Guadeloupe, Trinidad and Tobago, Turks and Caicos Islands, Venezuela, Bolivarian Republic of, Virgin Islands, British, Togo, Belize, Grenada, Angola, Anguilla, Antigua and Barbuda, Bahamas, Barbados, Benin, Bonaire, Sint Eustatius and Saba, Brazil, Cameroon, Cayman Islands, Colombia, Congo, Ecuador, Gambia, Gabon, French Guiana, Equatorial Guinea, United States Minor Outlying Islands, Congo, The Democratic Republic of the, Ghana, Dominican Republic, Dominica, Curaçao, Cuba, Côte d'Ivoire, Costa Rica, El Salvador",No,FL,Least Concern (ESTIMATED),ESTIMATED ASSESSMENT,G5,1994,Not listed,Not listed,25
Pinaceae,Larix,Larix laricina,(Du Roi) K.Koch,,"Canada, United States",No,"AK, CT, IL, IN, MA, MD, ME, MI, MN, NH, NJ, NY, OH, PA, RI, VT, WI, WV",Least Concern,2013,G5,2016,Not listed,Not listed,140
Pinaceae,Larix,Larix lyallii,Parl.,,"Canada, United States",No,"ID, MT, WA",Least Concern,2013,G5,2016,Not listed,Not listed,9
Pinaceae,Larix,Larix occidentalis,Nutt.,,"Canada, United States",No,"ID, MT, OR, UT, WA, WY",Least Concern,2013,G5,2016,Not listed,Not listed,63
Simaroubaceae,Leitneria,Leitneria floridana,Chapman,,United States,Yes,"FL, GA",Near Threatened,2022,G3,2018,Not listed,Not listed,31
Simaroubaceae,Leitneria,Leitneria pilosa,J.A.Schrad. & W.R.Graves,,United States,Yes,"AR, MO, TX",Endangered,2022,G2,2020,Not listed,Not listed,Not on PlantSearch
Asteraceae,Lepidospartum,Lepidospartum squamatum,(A.Gray) A.Gray,,"Mexico, United States",No,"AZ, CA",Least Concern,2019,G4,1988,Not listed,Not listed,6
Fabaceae,Leucaena,Leucaena pulverulenta,(Schltdl.) Benth.,,"United States, Mexico",No,TX,Least Concern,2018,G5,1992,Not listed,Not listed,9
Fabaceae,Leucaena,Leucaena retusa,Benth.,,"Mexico, United States",No,"NM, TX",Least Concern,2020,G4,1992,Not listed,Not listed,14
Arecaceae,Leucothrinax,Leucothrinax morrisii,(H.Wendl.) C.Lewis & Zona,,"Puerto Rico, United States, Turks and Caicos Islands, Cuba, Bahamas, Virgin Islands, British, Haiti",No,FL,Least Concern,2021,G4,1988,Not listed,Not listed,12
Lauraceae,Licaria,Licaria triandra,(Sw.) Kosterm.,,"Haiti, Virgin Islands, U.S., Venezuela, Bolivarian Republic of, United States, Saint Bathélemy, Puerto Rico, Peru, Panama, Nicaragua, Mexico, Martinique, Honduras, Guatemala, Ecuador, Dominican Republic, Cuba, Costa Rica, Colombia, Bolivia, Plurinational State of, Jamaica",No,FL,Least Concern,2020,G4,1991,Not listed,Not listed,7
Lauraceae,Lindera,Lindera benzoin,(L.) Blume,,"Canada, United States",No,"AL, AR, CT, DC, DE, FL, GA, IA, IL, IN, KS, KY, LA, MA, MD, ME, MI, MO, MS, NC, NH, NJ, NY, OH, OK, PA, RI, SC, TN, TX, VA, VT, WV",Least Concern,2018,G5,2015,Not listed,Not listed,196
Hamamelidaceae,Liquidambar,Liquidambar styraciflua,L.,,"Guatemala, Honduras, Mexico, Nicaragua, United States, Belize",No,"AL, AR, CT, DC, DE, FL, GA, IL, IN, KY, LA, MA, MD, MO, MS, NC, NJ, NY, OH, OK, PA, RI, SC, TN, TX, VA, WV",Least Concern,2018,G5,1983,Not listed,Not listed,282
Magnoliaceae,Liriodendron,Liriodendron tulipifera,L.,,"Canada, United States",No,"AL, AR, CT, DC, DE, FL, GA, IA, IL, IN, KY, LA, MA, MD, ME, MI, MO, MS, NC, NJ, NY, OH, PA, RI, SC, TN, TX, VA, VT, VT, WI, WV",Least Concern,2014,G5,2015,Not listed,Not listed,289
Ericaceae,Lyonia,Lyonia ferruginea,(Walter) Nutt.,,United States,Yes,"FL, GA, SC",Least Concern,2020,G5,1988,Not listed,Not listed,11
Rosaceae,Lyonothamnus,Lyonothamnus floribundus,A.Gray,,United States,Yes,CA,Endangered,2022,G3,2017,Not listed,Not listed,11
Fabaceae,Lysiloma,Lysiloma latisiliquum,(L.) Benth.,,"Belize, United States, Cuba, Bahamas, Mexico",No,FL,Least Concern,2019,G5,1993,Not listed,Not listed,10
Fabaceae,Lysiloma,Lysiloma watsonii,Rose,,"Mexico, United States",No,AZ,Least Concern,2019,G4,1997,Not listed,Not listed,14
Moraceae,Maclura,Maclura pomifera,(Raf.) C.K.Schneid.,,United States,Yes,"AL, AR, CA, CO, CT, DC, DE, FL, GA, IA, IL, IN, KS, KY, LA, MA, MD, MI, MO, MS, NC, NE, NJ, NM, NY, OH, OK, PA, RI, SC, SD, TN, TX, UT, VA, WA, WI, WV",Least Concern,2018,G5,2015,Not listed,Not listed,183
Magnoliaceae,Magnolia,Magnolia acuminata,(L.) L.,,"Canada, United States",No,"AL, AR, CT, FL, GA, IL, IN, KY, LA, MA, MD, ME, MO, MS, NC, NJ, NY, OH, OK, PA, SC, TN, VA, WV",Least Concern,2014,G5,2016,Not listed,Not listed,173
Magnoliaceae,Magnolia,Magnolia fraseri,Walter,,United States,Yes,"AL, GA, KY, NC, NY, PA, SC, TN, VA, WV",Least Concern,2014,G5,1984,Not listed,Not listed,60
Magnoliaceae,Magnolia,Magnolia grandiflora,L.,,United States,Yes,"AL, AR, FL, GA, LA, MD, MS, NC, SC, TN, TX, VA",Least Concern,2014,G5,1988,Not listed,Not listed,234
Magnoliaceae,Magnolia,Magnolia macrophylla,Michx.,,United States,Yes,"AL, AR, DC, FL, GA, KY, LA, MD, MS, NC, OH, SC, TN, VA, WV",Least Concern,2014,G5,1985,Not listed,Not listed,138
Magnoliaceae,Magnolia,Magnolia tripetala,(L.) L.,,United States,Yes,"AL, AR, CT, DC, DE, FL, GA, IN, KY, MA, MD, MO, MS, NC, NJ, NY, OH, OK, PA, SC, TN, VA, WV",Least Concern,2014,G5,1991,Not listed,Not listed,167
Magnoliaceae,Magnolia,Magnolia virginiana,L.,,United States,Yes,"AL, AR, DC, DE, FL, GA, LA, MA, MD, MS, NC, NJ, NY, PA, SC, TN, TX, VA",Least Concern,2014,G5,1983,Not listed,Not listed,170
Anacardiaceae,Malosma,Malosma laurina,(Nutt.) Abrams,,"Mexico, United States",No,CA,Least Concern (ESTIMATED),ESTIMATED ASSESSMENT,G4,1990,Not listed,Not listed,26
Malpighiaceae,Malpighia,Malpighia glabra,L.,,"Jamaica, Virgin Islands, U.S., Virgin Islands, British, Venezuela, Bolivarian Republic of, United States, Puerto Rico, Panama, Mexico, Honduras, Haiti, Colombia, Aruba, Nicaragua, Bonaire, Sint Eustatius and Saba, Guatemala, Costa Rica, Cuba, Curaçao, Dominican Republic, Ecuador, El Salvador, Belize",No,TX,Least Concern,2020,G5,1993,Not listed,Not listed,74
Rosaceae,Malus,Malus angustifolia,(Aiton) Michx.,,United States,Yes,"AL, AR, DC, DE, FL, GA, IL, KY, LA, MD, MO, MS, NC, NJ, OH, PA, SC, TN, TX, VA, WV",Least Concern,2020,G5,1984,Not listed,Not listed,24
Rosaceae,Malus,Malus coronaria,(L.) Mill.,,"Canada, United States",No,"AL, AR, DC, DE, GA, IL, IN, KS, KY, LA, MD, MI, MO, NC, NJ, NY, OH, PA, SC, TN, VA, WI, WV",Least Concern,2020,G5,2016,Not listed,Not listed,58
Rosaceae,Malus,Malus fusca,(Raf.) C.K.Schneid.,,"Canada, United States",No,"AK, CA, OR, WA",Least Concern,2016,G5,2016,Not listed,Not listed,62
Rosaceae,Malus,Malus ioensis,(Alph.Wood) Britton,,United States,Yes,"AR, IA, IL, IN, KS, KY, LA, MI(SX), MN, MO, NE, NJ, OH, OK, SD, TX, WI, WV",Least Concern,2020,G4,1997,Not listed,Not listed,46
Sapotaceae,Manilkara,Manilkara jaimiqui,(C.Wright ex Griseb.) Dubard,,"Turks and Caicos Islands, Dominican Republic, United States, Bahamas, Cuba, Puerto Rico, Haiti",No,FL,Least Concern,2020,G4,1992,Not listed,Not listed,1
Fabaceae,Mariosousa,Mariosousa millefolia,(S.Watson) Seigler & Ebinger,,"Mexico, United States",No,"AZ, NM",Least Concern,2022,G3,1990,Not listed,Not listed,3
Celastraceae,Maytenus,Maytenus phyllanthoides,Benth.,,"Bahamas, Cuba, Mexico, United States",No,"FL, TX",Least Concern,2020,G4,1988,Not listed,Not listed,6
Rosaceae,Mespilus,Mespilus canescens,J.B.Phipps,,United States,Yes,AR,Critically Endangered (ESTIMATED),ESTIMATED ASSESSMENT,G1,2019,Not listed,Not listed,7
Anacardiaceae,Metopium,Metopium toxiferum,(L.) Krug & Urb.,,"Dominican Republic, United States, Turks and Caicos Islands, Haiti, Cuba, Cayman Islands, Bahamas, Puerto Rico, Dominica",No,FL,Least Concern,2020,G4,1994,Not listed,Not listed,4
Fabaceae,Mimosa,Mimosa aculeaticarpa,Ortega,,"Mexico, United States",No,"AZ, NM, TX",Least Concern,2019,G5,1994,Not listed,Not listed,18
Myricaceae,Morella,Morella californica,(Cham.) Wilbur,,"United States, Canada",No,"CA, OR, WA",Least Concern,2020,G5,1990,Not listed,Not listed,20
Myricaceae,Morella,Morella caroliniensis,(Mill.) Small,,United States,Yes,"AL, AR, DE, FL, GA, LA, MD, MS, NC, NJ, PA, SC, TX, VA",Least Concern (ESTIMATED),ESTIMATED ASSESSMENT,G5,1985,Not listed,Not listed,12
Myricaceae,Morella,Morella cerifera,(L.) Small,,"Nicaragua, Panama, United States, Mexico, Jamaica, Honduras, Haiti, Guatemala, Dominican Republic, Cuba, Costa Rica, Colombia, Cayman Islands, Belize, Bahamas, Puerto Rico, El Salvador",No,"AL, AR, DE, FL, GA, LA, MD, MS, NC, NJ, OK, SC, TX, VA, WV",Least Concern,2020,G5,1983,Not listed,Not listed,34
Myricaceae,Morella,Morella inodora,(W.Bartram) Small,,United States,Yes,"AL, FL, GA, LA, MS",Not Evaluated,ESTIMATED ASSESSMENT,G4,1988,Not listed,Not listed,3
Myricaceae,Morella,Morella pensylvanica,(Mirb.) Kartesz,,"United States, Canada, Saint Pierre and Miquelon",No,"CT, DC, DE, MA, MD, ME, MI, NC, NH, NJ, NY, OH, PA, RI, VA",Least Concern,2018,G5,2015,Not listed,Not listed,36
Moraceae,Morus,Morus microphylla,Buckley,,"Mexico, United States",No,"AZ, NM, OK, TX",Least Concern,2020,G5,1991,Not listed,Not listed,7
Moraceae,Morus,Morus rubra,L.,,"Canada, United States",No,"AL, AR, CT, DC, DE, FL, GA, IA, IL, IN, KS, KY, LA, MA, MD, MI, MN, MO, MS, NC, NE, NJ, NY, OH, OK, PA, RI, SC, SD, TN, TX, VA, VT, WI, WV",Least Concern,2018,G5,2015,Not listed,Not listed,96
Myrtaceae,Mosiera,Mosiera longipes,(O.Berg) Small,,"Bahamas, United States, Turks and Caicos Islands, Curaçao, Haiti",No,FL,Near Threatened,2022,G3,2020,Not listed,Not listed,3
Myrtaceae,Myrcia,Myrcia neopallens,A.R.Lourenço & E.Lucas,,"Guatemala, Virgin Islands, U.S., United States, Turks and Caicos Islands, Puerto Rico, Panama, Nicaragua, Mexico, Jamaica, Honduras, Guadeloupe, Dominican Republic, Cuba, Costa Rica, Cayman Islands, Bonaire, Sint Eustatius and Saba, Belize, Bahamas, Haiti",No,FL,Not Evaluated,ESTIMATED ASSESSMENT,G4,1993,Not listed,Not listed,Not on PlantSearch
Myrtaceae,Myrcia,Myrcia zuzygium,(L.) A.R.Lourenço & E.Lucas,,"Bahamas, Cayman Islands, Cuba, Dominican Republic, Haiti, Honduras, Jamaica, Puerto Rico, United States",No,FL,Least Concern,2021,G4,2003,Not listed,Not listed,1
Myrtaceae,Myrcianthes,Myrcianthes fragrans,(Sw.) McVaugh,,"Saint Lucia, Mexico, Virgin Islands, U.S., Nicaragua, Panama, Peru, Puerto Rico, Saint Kitts and Nevis, Saint Martin, Turks and Caicos Islands, United States, Venezuela, Bolivarian Republic of, Virgin Islands, British, Jamaica, Saint Bathélemy, Cayman Islands, Montserrat, Honduras, Antigua and Barbuda, Bahamas, Bonaire, Sint Eustatius and Saba, Colombia, Costa Rica, Guadeloupe, Dominican Republic, Ecuador, Haiti, El Salvador, Grenada, Cuba, Guatemala, Belize",No,FL,Least Concern,2019,G4,1985,Not listed,Not listed,22
Primulaceae,Myrsine,Myrsine cubana,A.DC.,,"Nicaragua, Panama, Puerto Rico, United States, Mexico, Cuba, Turks and Caicos Islands, Dominican Republic, Costa Rica, Belize, Bahamas, Honduras, Guatemala",No,FL,Least Concern,2019,G5,1994,Not listed,Not listed,6
Fagaceae,Notholithocarpus,Notholithocarpus densiflorus,"(Hook. & Arn.) Manos, Cannon & S.H.Oh",,United States,Yes,"CA, OR",Least Concern,2018,G4,2000,Not listed,Not listed,15
Nyssaceae,Nyssa,Nyssa aquatica,L.,,United States,Yes,"AL, AR, DC, FL, GA, IL, KY, LA, MO, MS, NC, SC, TN, TX, VA",Least Concern,2018,G5,1984,Not listed,Not listed,63
Nyssaceae,Nyssa,Nyssa biflora,Walter,,United States,Yes,"AL, AR, DE, FL, GA, IL, LA, MD, MO, MS, NC, NJ, SC, TN, TX, VA",Least Concern,2020,G5,1989,Not listed,Not listed,14
Nyssaceae,Nyssa,Nyssa ogeche,W.Bartram ex Marshall,,United States,Yes,"FL, GA, SC",Least Concern,2018,G4,1988,Not listed,Not listed,25
Nyssaceae,Nyssa,Nyssa sylvatica,Marshall,,"Mexico, United States, Canada",No,"AL, AR, CT, DC, DE, FL, GA, IL, IN, KS, KY, LA, MA, MD, ME, MI, MO, MS, NC, NH, NJ, NY, OH, OK, PA, RI, SC, TN, TX, VA, VT, WI, WV",Least Concern,2018,G5,2016,Not listed,Not listed,218
Nyssaceae,Nyssa,Nyssa ursina,Small,,United States,Yes,FL,Not Evaluated,,G3,2018,Not listed,Not listed,5
Rosaceae,Oemleria,Oemleria cerasiformis,(Torr. & A.Gray ex Hook. & Arn.) J.W.Landon,,"Canada, United States",No,"CA, OR, WA",Least Concern,2020,G5,2016,Not listed,Not listed,84
Fabaceae,Olneya,Olneya tesota,A.Gray,,"Mexico, United States",No,"AZ, CA",Near Threatened,2018,G4,2020,Not listed,Not listed,32
Cactaceae,Opuntia,Opuntia oricola,Philbrick,,"Mexico, United States",No,CA,Least Concern,2017,G3,2002,Not listed,Not listed,13
Betulaceae,Ostrya,Ostrya chisosensis,Correll,,United States,Yes,TX,Critically Endangered,2014,G2,1998,Not listed,Not listed,1
Betulaceae,Ostrya,Ostrya knowltonii,Sarg.,,United States,Yes,"AZ, NM, TX, UT",Least Concern,2014,G4,2018,Not listed,Not listed,5
Betulaceae,Ostrya,Ostrya virginiana,(Mill.) K.Koch,,"Honduras, United States, Mexico, El Salvador, Canada, Guatemala",No,"AL, AR, CT, DC, DE, FL, GA, IA, IL, IN, KS, KY, LA, MA, MD, ME, MI, MN, MO, MS, NC, ND, NE, NH, NJ, NY, OH, OK, PA, RI, SC, SD, TN, TX, VA, VT, WI, WV, WY",Least Concern,2014,G5,2015,Not listed,Not listed,180
Ericaceae,Oxydendrum,Oxydendrum arboreum,(L.) DC.,,United States,Yes,"AL, AR, FL, GA, IL, IN, KY, LA, MD, MS, NC, NY, OH, PA, RI, SC, TN, TX, VA, WV",Least Concern,2018,G5,1983,Not listed,Not listed,143
Fabaceae,Parkinsonia,Parkinsonia florida,S.Watson,,"Mexico, United States",No,"AZ, CA, NV",Least Concern,2020,G5,1990,Not listed,Not listed,27
Fabaceae,Parkinsonia,Parkinsonia microphylla,Torr.,,"United States, Mexico",No,"AZ, CA",Least Concern,2022,G5,1990,Not listed,Not listed,16
Fabaceae,Parkinsonia,Parkinsonia texana,(A. Gray) S.Watson,,"Mexico, United States",No,TX,Least Concern ,2022,G4,2020,Not listed,Not listed,5
Malvaceae,Pavonia,Pavonia spinifex,(L.) Cav.,,"Virgin Islands, British, Puerto Rico, Saint Bathélemy, Saint Kitts and Nevis, Saint Lucia, Saint Martin, Saint Vincent and the Grenadines, Virgin Islands, U.S., United States, Peru, Cuba, Trinidad and Tobago, Montserrat, Martinique, Jamaica, Haiti, Guadeloupe, Grenada, Dominica, Bonaire, Sint Eustatius and Saba, Barbados, Bahamas, Antigua and Barbuda, Dominican Republic",No,FL,Least Concern,2019,G4,1983,Not listed,Not listed,39
Lauraceae,Persea,Persea borbonia,(L.) Spreng.,,"United States, Bahamas",No,"AL, AR, FL, GA, LA, MS, NC, SC, TX",Endangered,2021,G5,2008,Not listed,Not listed,40
Lauraceae,Persea,Persea humilis,Nash,,United States,Yes,FL,Near Threatened,2021,G3,1988,Not listed,Not listed,3
Lauraceae,Persea,Persea palustris,(Raf.) Sarg.,,United States,Yes,"AL, DE, FL, GA, LA, MD, MS, NC, SC, TX, VA",Vulnerable,2021,G5,1996,Not listed,Not listed,22
Asteraceae,Peucephyllum,Peucephyllum schottii,A.Gray,,"Mexico, United States",No,"AZ, CA, NV, UT",Least Concern,2019,G5,1990,Not listed,Not listed,8
Achatocarpaceae,Phaulothamnus,Phaulothamnus spinescens,A.Gray,,"Mexico, United States",No,TX,Data Deficient (ESTIMATED),ESTIMATED ASSESSMENT,GNR,2002,Not listed,Not listed,2
Pinaceae,Picea,Picea breweriana,S.Watson,,United States,Yes,"CA, OR",Vulnerable,2013,G4,1999,Not listed,Not listed,92
Pinaceae,Picea,Picea engelmannii,Parry ex Engelm.,,"Canada, Mexico, United States",No,"AZ, CA, CO, ID, MT, NM, NV, OR, UT, WA, WY",Least Concern,2013,G5,2016,Not listed,Not listed,106
Pinaceae,Picea,Picea glauca,(Moench) Voss,,"Canada, United States",No,"AK, CT, ID, IN, MA, MD, ME, MI, MN, MT, NH, NY, PA, RI, SD, VT, WA, WI, WY",Least Concern,2013,G5,2018,Not listed,Not listed,168
Pinaceae,Picea,Picea mariana,"(Mill.) Britton, Sterns & Poggenb.",,"Canada, United States",No,"AK, CT, IL, MA, ME, MI, MN, NH, NJ, NY, PA, RI, VT, WI",Least Concern,2013,G5,2016,Not listed,Not listed,120
Pinaceae,Picea,Picea pungens,Engelm.,,United States,Yes,"AZ, CO, ID, MA, MD, ME, NM, NY, PA, UT, WY",Least Concern,2013,G5,2011,Not listed,Not listed,195
Pinaceae,Picea,Picea rubens,Sarg.,,"Canada, United States",No,"CT, DE, MA, MD, ME, NC, NH, NJ, NY, PA, TN, VA, VT, WV",Least Concern,2013,G5,2016,Not listed,Not listed,103
Pinaceae,Picea,Picea sitchensis,(Bong.) Carrière,,"Canada, United States",No,"AK, CA, OR, WA",Least Concern,2013,G5,2016,Not listed,Not listed,126
Simaroubaceae,Picramnia,Picramnia pentandra,Sw.,,"Puerto Rico, Virgin Islands, British, Bahamas, Venezuela, Bolivarian Republic of, Virgin Islands, U.S., United States, Turks and Caicos Islands, Trinidad and Tobago, Saint Martin, Saint Lucia, Saint Bathélemy, Montserrat, Martinique, Jamaica, Honduras, Haiti, Guadeloupe, Dominican Republic, Cuba, Antigua and Barbuda, Dominica",No,FL,Least Concern,2019,G4,1995,Not listed,Not listed,13
Cactaceae,Pilosocereus,Pilosocereus polygonus,(Lam.) Byles & G.D.Rowley,,"Haiti, United States, Cuba, Bahamas, Dominican Republic",No,FL,Least Concern,2017,GNR,,Not listed,Not listed,10
Rubiaceae,Pinckneya,Pinckneya bracteata,(W.Batram) Raf.,,United States,Yes,"FL, GA, SC",Least Concern,2020,G4,2005,Not listed,Not listed,13
Pinaceae,Pinus,Pinus albicaulis,Engelm.,,"Canada, United States",No,"CA, ID, MT, NV, OR, WA, WY",Endangered,2013,G3,2020,Not listed,Not listed,26
Pinaceae,Pinus,Pinus aristata,Engelm.,,United States,Yes,"AZ, CO, NM",Least Concern,2013,G3,1999,Not listed,Not listed,100
Pinaceae,Pinus,Pinus arizonica,Engelm.,,"Mexico, United States",No,"AZ, NM, TX",Least Concern,2013,G4,1994,Not listed,Not listed,8
Pinaceae,Pinus,Pinus attenuata,Lemmon,,"Mexico, United States",No,"CA, OR",Least Concern,2013,G5,2001,Not listed,Not listed,42
Pinaceae,Pinus,Pinus balfouriana,Balf.,,United States,Yes,CA,Near Threatened,2013,G4,1999,Not listed,Not listed,13
Pinaceae,Pinus,Pinus banksiana,Lamb.,,"Canada, United States",No,"AK, IL, IN, MA, ME, MI, MN, ND, NH, NY, PA, VT, VT, WI, WV",Least Concern,2013,G5,2016,Not listed,Not listed,144
Pinaceae,Pinus,Pinus cembroides,Zucc.,,"Mexico, United States",No,"NM, TX",Least Concern,2013,G4,1994,Not listed,Not listed,45
Pinaceae,Pinus,Pinus clausa,(Chapman ex Engelm.) Sarg.,,United States,Yes,"AL, FL, GA, MS, NC",Least Concern,2013,G4,1996,Not listed,Not listed,10
Pinaceae,Pinus,Pinus contorta,Douglas ex Loudon,,"Canada, Mexico, United States",No,"AK, CA, CO, ID, MT, NE, NV, OR, SD, UT, WA, WY",Least Concern,2013,G5,2016,Not listed,Not listed,88
Pinaceae,Pinus,Pinus coulteri,D.Don,,"United States, Mexico",No,CA,Near Threatened,2013,G4,1990,Not listed,Not listed,82
Pinaceae,Pinus,Pinus echinata,Mill.,,United States,Yes,"AL, AR, DC, DE, FL, GA, IL, KY, LA, MD, MO, MS, NC, NJ, NY, OH, OK, PA, SC, TN, TX, VA, WV",Least Concern,2013,G5,1984,Not listed,Not listed,59
Pinaceae,Pinus,Pinus edulis,Engelm.,,United States,Yes,"AZ, CA, CO, NM, NV, OK, TX, UT, WY",Least Concern,2013,G5,2002,Not listed,Not listed,59
Pinaceae,Pinus,Pinus elliottii,Engelm.,,United States,Yes,"AL, FL, GA, LA, MS, NC, SC, TX",Least Concern,2013,G5,1991,Not listed,Not listed,38
Pinaceae,Pinus,Pinus engelmannii,Carrière,,"Mexico, United States",No,"AZ, NM",Least Concern,2013,G4,1990,Not listed,Not listed,32
Pinaceae,Pinus,Pinus flexilis,E.James,,"Canada, Mexico, United States",No,"AZ, CA, CO, ID, MT, ND, NE, NM, NV, OR, SD, UT, WY",Least Concern,2013,G4,2011,Not listed,Not listed,109
Pinaceae,Pinus,Pinus glabra,Walter,,United States,Yes,"AL, DC, FL, GA, LA, MS, SC",Least Concern,2013,G5,2002,Not listed,Not listed,36
Pinaceae,Pinus,Pinus jeffreyi,Balf.,,"Mexico, United States",No,"CA, NV, OR",Least Concern,2013,G5,1995,Not listed,Not listed,115
Pinaceae,Pinus,Pinus lambertiana,Douglas,,"United States, Mexico",No,"CA, NV, OR",Least Concern,2013,G5,2001,Not listed,Not listed,39
Pinaceae,Pinus,Pinus leiophylla,Schiede ex Schltdl. & Cham.,,"Mexico, United States",No,"AZ, NM",Least Concern,2013,G5,1991,Not listed,Not listed,13
Pinaceae,Pinus,Pinus longaeva,D.K.Bailey,,United States,Yes,"CA, NV, UT",Least Concern,2011,G4,1997,Not listed,Not listed,26
Pinaceae,Pinus,Pinus monophylla,Torr. & Frém.,,"Mexico, United States",No,"AZ, CA, ID, NV, UT",Least Concern,2013,G5,1997,Not listed,Not listed,45
Pinaceae,Pinus,Pinus monticola,Douglas ex D.Don,,"Canada, United States",No,"CA, ID, MT, NV, OR, UT, WA",Near Threatened,2013,G4,2011,Not listed,Not listed,85
Pinaceae,Pinus,Pinus muricata,D.Don,,"Mexico, United States",No,CA,Vulnerable,2013,G5,2001,Not listed,Not listed,54
Pinaceae,Pinus,Pinus palustris,Mill.,,United States,Yes,"AL, AR, FL, GA, LA, MS, NC, SC, TX, VA",Endangered,2013,G5,2020,Not listed,Not listed,66
Pinaceae,Pinus,Pinus ponderosa,Douglas ex C.Lawson,,"Canada, Mexico, United States",No,"AZ, CA, CO, ID, MT, ND, NE, NM, NV, OK, OR, SD, TX, UT, WA, WY",Least Concern,2013,G5,2016,Not listed,Not listed,180
Pinaceae,Pinus,Pinus pungens,Lamb.,,United States,Yes,"DC, GA, IL, MD, NC, NJ(.1), PA, SC, TN, VA, WV",Least Concern,2013,G4,1985,Not listed,Not listed,51
Pinaceae,Pinus,Pinus quadrifolia,Parl. ex Sudw.,,"Mexico, United States",No,CA,Least Concern,2013,G4,1999,Not listed,Not listed,16
Pinaceae,Pinus,Pinus radiata,D.Don,,"United States, Mexico",No,CA,Endangered,2013,G1,2020,Not listed,Not listed,82
Pinaceae,Pinus,Pinus remota,"        
(Little) D.K.Bailey & Hawksw.",,Mexico; United States,No,TX,Least Concern,2013,G4,1994,Not listed,Not listed,6
Pinaceae,Pinus,Pinus resinosa,Aiton,,"Canada, United States",No,"CT, IL, IN, MA, MD, ME, MI, MN, NC, NH, NJ(.1), NY, PA, RI, VT, WI, WV",Least Concern,2013,G5,2016,Not listed,Not listed,114
Pinaceae,Pinus,Pinus rigida,Mill.,,"Canada, United States",No,"CT, DC, DE, GA, IL, IN, KY, MA, MD, ME, MN, NC, NH, NJ, NY, OH, PA, RI, SC, TN, VA, VT, WV",Least Concern,2013,G5,2016,Not listed,Not listed,117
Pinaceae,Pinus,Pinus sabiniana,Douglas ex D.Don,,United States,Yes,"CA, OR",Least Concern,2013,G4,1988,Not listed,Not listed,54
Pinaceae,Pinus,Pinus serotina,Michx.,,United States,Yes,"AL, DE, FL, GA, MD, NC, NJ, SC, VA",Least Concern,2013,G5,1998,Not listed,Not listed,23
Pinaceae,Pinus,Pinus strobiformis,Engelm.,,"Mexico, United States",No,"AZ, CO, NM, TX",Least Concern,2013,G5,1990,Not listed,Not listed,69
Pinaceae,Pinus,Pinus strobus,L.,,"Guatemala, Mexico, Canada, United States",No,"AR, CT, DC, DE, GA, IA, IL, IN, KY, MA, MD, ME, MI, MN, NC, NH, NJ, NY, OH, PA, RI, SC, TN, VA, VT, WI, WV",Least Concern,2013,G5,2016,Not listed,Not listed,240
Pinaceae,Pinus,Pinus taeda,L.,,United States,Yes,"AL, AR, DC, DE, FL, GA, IL, KY, LA, MD, MS, NC, NJ, OK, SC, TN, TX, VA",Least Concern,2013,G5,1983,Not listed,Not listed,95
Pinaceae,Pinus,Pinus torreyana,Parry ex Carrière,,United States,Yes,CA,Critically Endangered,2013,G1,2018,Not listed,Not listed,39
Pinaceae,Pinus,Pinus virginiana,Mill.,,United States,Yes,"AL, DC, DE, GA, IN, KY, MD, MO, MS, NC, NJ, NY, OH, PA, SC, TN, VA, WV",Least Concern,2013,G5,2016,Not listed,Not listed,83
Piperaceae,Piper,Piper aduncum,L.,,"Suriname, Jamaica, Martinique, Mexico, Nicaragua, Panama, Paraguay, Peru, Puerto Rico, Venezuela, Bolivarian Republic of, Bolivia, Plurinational State of, Trinidad and Tobago, United States, Uruguay, Honduras, Saint Vincent and the Grenadines, Costa Rica, Haiti, Colombia, Argentina, Barbados, Brazil, Dominica, Dominican Republic, Ecuador, El Salvador, French Guiana, Grenada, Guadeloupe, Guatemala, Guyana, Belize",No,FL,Least Concern,2019,G5,1993,Not listed,Not listed,14
Fabaceae,Piscidia,Piscidia piscipula,(L.) Sarg.,,"Venezuela, Bolivarian Republic of, Jamaica, Virgin Islands, U.S., United States, Trinidad and Tobago, Panama, Mexico, Guatemala, Dominican Republic, Cuba, Cayman Islands, Belize, Bahamas, Haiti",No,"FL, HI",Least Concern,2020,G5,1993,Not listed,Not listed,16
Nyctaginaceae,Pisonia,Pisonia aculeata,L.,,"Montserrat, Philippines, Peru, Paraguay, Papua New Guinea, Panama, Nicaragua, New Caledonia, Puerto Rico, Mozambique, South Africa, Mexico, Malaysia, Myanmar, Saint Kitts and Nevis, Saint Martin, Lao People's Democratic Republic, Saudi Arabia, Sri Lanka, Taiwan, Province of China, Tanzania, United Republic of, Timor-Leste, Tonga, United States, Venezuela, Bolivarian Republic of, Virgin Islands, British, Yemen, Madagascar, Saint Vincent and the Grenadines, Bonaire, Sint Eustatius and Saba, Cuba, Costa Rica, Colombia, China, Cayman Islands, Dominica, Brazil, Australia, Bolivia, Plurinational State of, Belize, Barbados, Bahamas, Argentina, Kenya, Cambodia, Honduras, Antigua and Barbuda, Jamaica, Indonesia, Dominican Republic, India, Haiti, Guatemala, Guadeloupe, Grenada, Fiji, Ethiopia, El Salvador, Ecuador, Martinique",No,"FL, TX",Least Concern,2020,G5,1995,Not listed,Not listed,14
Nyctaginaceae,Pisonia,Pisonia capitata,(S.Watson) Standl.,,"Mexico, United States",No,AZ,Least Concern,2020,G4,2002,Not listed,Not listed,2
Nyctaginaceae,Pisonia,Pisonia rotundata,Griseb.,,"Haiti, United States, Cuba, Bahamas, Dominican Republic",No,FL,Data Deficient (ESTIMATED),ESTIMATED ASSESSMENT,G2,2002,Not listed,Not listed,4
Anacardiaceae,Pistacia,Pistacia mexicana,Kunth,,"Guatemala, Mexico, United States",No,TX,Near Threatened,2016,G4,2020,Not listed,Not listed,6
Fabaceae,Pithecellobium,Pithecellobium keyense,Britton,,"Cuba, United States, Bahamas",No,FL,Not Evaluated,ESTIMATED ASSESSMENT,G4,1988,Not listed,Not listed,10
Fabaceae,Pithecellobium,Pithecellobium unguis-cati,(L.) Mart.,,"Venezuela, Bolivarian Republic of, Saint Bathélemy, Martinique, Mexico, Haiti, Montserrat, Puerto Rico, Jamaica, Saint Lucia, Saint Kitts and Nevis, Saint Vincent and the Grenadines, United States, Virgin Islands, British, Virgin Islands, U.S., Guyana, Trinidad and Tobago, Colombia, Anguilla, Antigua and Barbuda, Aruba, Bahamas, Barbados, Guadeloupe, Bonaire, Sint Eustatius and Saba, Saint Martin, Costa Rica, Cuba, Curaçao, Dominica, Dominican Republic, El Salvador, French Guiana, Grenada, Belize",No,FL,Least Concern,2020,G5,1988,Not listed,Not listed,23
Ulmaceae,Planera,Planera aquatica,J.F.Gmel.,,United States,Yes,"AL, AR, FL, GA, IL, KY, LA, MO, MS, NC, OK, SC, TN, TX",Least Concern,2020,G5,1985,Not listed,Not listed,18
Platanaceae,Platanus,Platanus occidentalis,L.,,"United States, Canada, Mexico",No,"AL, AR, CT, DC, DE, FL, GA, IA, IL, IN, KS, KY, LA, MA, MD, ME(SX), MI, MO, MS, NC, NE, NH, NJ, NY, OH, OK, PA, RI, SC, TN, TX, VA, VT, WI, WV",Least Concern,2018,G5,2016,Not listed,Not listed,164
Platanaceae,Platanus,Platanus racemosa,Nutt.,,"Mexico, United States",No,CA,Least Concern,2020,G5,1999,Not listed,Not listed,34
Platanaceae,Platanus,Platanus wrightii,S.Watson,,"Mexico, United States",No,"AZ, NM",Least Concern,2021,G4,1990,Not listed,Not listed,21
Euphorbiaceae,Pleradenophora,Pleradenophora bilocularis,(S.Watson) Esser & A.L.Melo,,"Mexico, United States",No,AZ,Least Concern (ESTIMATED),ESTIMATED ASSESSMENT,G3,1992,Not listed,Not listed,Not on PlantSearch
Asteraceae,Pluchea,Pluchea carolinensis,(Jacq.) G.Don,,"Saint Lucia, Virgin Islands, U.S., Jamaica, El Salvador, Martinique, Mexico, Montserrat, Nicaragua, Panama, Saint Kitts and Nevis, Saint Martin, Saint Vincent and the Grenadines, United States, Virgin Islands, British, Honduras, Puerto Rico, Bahamas, Guatemala, Haiti, Anguilla, Aruba, Barbados, Belize, Cayman Islands, Costa Rica, Cuba, Curaçao, Dominica, Dominican Republic, Guadeloupe, Antigua and Barbuda",No,"FL, HI",Least Concern,2019,G5,1993,Not listed,Not listed,4
Apocynaceae,Plumeria,Plumeria obtusa,L.,,"Cuba, Honduras, United States, Turks and Caicos Islands, Puerto Rico, Mexico, Jamaica, Dominican Republic, Cayman Islands, Belize, Bahamas, Guatemala, Haiti",No,FL,Least Concern,2020,G4,1993,Not listed,Not listed,38
Salicaceae,Populus,Populus angustifolia,E.James,,"Mexico, United States, Canada",No,"AZ, CA, CO, ID, MT, NE, NM, NV, OR, SD, TX, UT, WY",Least Concern,2018,G5,2016,Not listed,Not listed,19
Salicaceae,Populus,Populus balsamifera,L.,,"United States, Canada",No,"AK, CA, CO, CT, DC, DE, IA, ID, IL, IN, KY, MA, ME, MI, MN, MT, NC, ND, NE, NH, NV, NY, OH, OR, PA, RI, SD, UT, VA, VT, WA, WI, WV, WY",Least Concern,2018,G5,2016,Not listed,Not listed,76
Salicaceae,Populus,Populus deltoides,Marshall,,"Canada, Mexico, United States",No,"AL, AR, CO, CT, DC, DE, FL, GA, IA, IL, IN, KS, KY, LA, MA, MD, ME, MI, MN, MO, MS, MT, NC, ND, NE, NH, NJ, NM, NY, OH, OK, PA, RI, SC, SD, TN, TX, UT, VA, VT, WI, WV, WY",Least Concern,2018,G5,2016,Not listed,Not listed,97
Salicaceae,Populus,Populus fremontii,S.Watson,,"United States, Mexico",No,"AZ, CA, CO, NM, NV, TX, UT",Least Concern,2020,G5,1984,Not listed,Not listed,20
Salicaceae,Populus,Populus grandidentata,Michx.,,"United States, Canada",No,"CT, DC, DE, IA, IL, IN, KY, MA, MD, ME, MI, MN, MO, NC, ND, NH, NJ, NY, OH, PA, RI, TN, VA, VT, WI, WV",Least Concern,2018,G5,2016,Not listed,Not listed,42
Salicaceae,Populus,Populus heterophylla,L.,,"Canada, United States",No,"AL, AR, CT, DE, FL, GA, IL, IN, KY, LA, MA, MD, MI, MO, MS, NC, NJ, NY, OH, PA, RI, SC, TN, VA",Least Concern,2016,G5,1983,Not listed,Not listed,12
Salicaceae,Populus,Populus tremuloides,Michx.,,"United States, Canada, Mexico, Saint Pierre and Miquelon",No,"AK, AR, AZ, CA, CO, CT, DE, IA, ID, IL, IN, MA, MD, ME, MI, MN, MO, MT, NC, ND, NE, NH, NJ, NM, NV, NY, OH, OR, PA, RI, SD, TX, UT, VA, VT, WA, WI, WV, WY",Least Concern,2018,G5,2016,Not listed,Not listed,98
Salicaceae,Populus,Populus trichocarpa,Torr. & A.Gray ex Hook.,,"Canada, United States",No,"AK, CA, ID, MT, ND, NV, OR, UT, WA, WY",Least Concern,2018,G5,2016,Not listed,Not listed,56
Zygophyllaceae,Porlieria,Porlieria angustifolia,(Engelm.) A. Gray,,"Mexico, United States",No,TX,Least Concern ,2022,G5,1992,Not listed,Not listed,4
Fabaceae,Prosopis,Prosopis glandulosa,Torr.,,"Mexico, United States",No,"AZ, CA, CO, KS, LA, NM, NV, OK, TX, UT",Least Concern,2020,G5,1988,Not listed,Not listed,25
Fabaceae,Prosopis,Prosopis pubescens,Benth.,,"Mexico, United States",No,"AZ, CA, NM, NV, TX, UT",Least Concern,2019,G5,2000,Not listed,Not listed,25
Fabaceae,Prosopis,Prosopis velutina,Wooton,,"Mexico, United States",No,"AZ, CA, NM",Least Concern,2019,G5,1990,Not listed,Not listed,15
Rosaceae,Prunus,Prunus americana,Marshall,,"Canada, United States",No,"AL, AR, AZ, CO, CT, DC, DE, FL, GA, IA, IL, IN, KS, KY, LA, MA, MD, ME, MI, MN, MO, MS, MT, NC, ND, NE, NH, NJ, NM, NY, OH, OK, PA, RI, SC, SD, TN, UT, VA, VT, VT, WI, WV, WY",Least Concern,2016,G5,2016,Not listed,Not listed,64
Rosaceae,Prunus,Prunus angustifolia,Marshall,,United States,Yes,"AL, AR, CA, CO, DC, DE, FL, GA, IL, IN, KS, KY, LA, MD, MO, MS, NC, NE, NJ, NM, OK, PA, SC, TN, TX, VA, WV",Least Concern,2016,G5,1988,Not listed,Not listed,19
Rosaceae,Prunus,Prunus caroliniana,(Mill.) Aiton,,United States,Yes,"AL, AR, CA, FL, GA, LA, MS, NC, SC, TX",Least Concern,2020,G5,1988,Not listed,Not listed,44
Rosaceae,Prunus,Prunus emarginata,(Douglas) Eaton,,"United States, Canada, Mexico",No,"AZ, CA, ID, MT, NM, NV, OR, UT, WA, WY",Least Concern,2016,G5,2016,Not listed,Not listed,23
Rosaceae,Prunus,Prunus eremophila,Prigge,,United States,Yes,CA,Endangered,2022,G2,2015,Not listed,Not listed,Not on PlantSearch
Rosaceae,Prunus,Prunus fremontii,S.Watson,,"United States, Mexico",No,CA,Least Concern,2021,G4,1990,Not listed,Not listed,13
Rosaceae,Prunus,Prunus hortulana,L.H.Bailey,,United States,Yes,"AR, IA, IL, IN, KS, KY, MA, MD, MO, NE, OH, OK, TN, TX, WV",Least Concern,2016,G4,1994,Not listed,Not listed,11
Rosaceae,Prunus,Prunus ilicifolia,(Nutt. ex Hook. & Arn.) D.Dietr.,,"Mexico, United States",No,CA,Least Concern,2018,G5,2016,Not listed,Not listed,41
Rosaceae,Prunus,Prunus lyonii,(Eastw.) Sarg.,,United States,Yes,CA,Least Concern,2020,G4,1999,Not listed,Not listed,9
Rosaceae,Prunus,Prunus mexicana,S.Watson,,"United States, Mexico",No,"AL, AR, GA, IA, IL, IN, KS, KY, LA, MO, MS, NC, NE, OH, OK, SC, SD, TN, TX",Least Concern,2016,G4,1988,Not listed,Not listed,26
Rosaceae,Prunus,Prunus munsoniana,W.Wight & Hedrick,,United States,Yes,"AL, AR, GA, IL, KS, KY, LA, MO, MS, NJ, OH, OK, TN, TX, VA",Least Concern,2016,G5,1988,Not listed,Not listed,10
Rosaceae,Prunus,Prunus murrayana,E.J.Palmer,,United States,Yes,TX,Critically Endangered,2016,G2,2016,Not listed,Not listed,Not on PlantSearch
Rosaceae,Prunus,Prunus myrtifolia,(L.) Urb.,,"Guatemala, United States, Suriname, Puerto Rico, Paraguay, Mexico, Jamaica, Guyana, Venezuela, Bolivarian Republic of, French Guiana, Dominican Republic, Cuba, Brazil, Belize, Bahamas, Haiti",No,FL,Least Concern (ESTIMATED),ESTIMATED ASSESSMENT,G4,1995,Not listed,Not listed,4
Rosaceae,Prunus,Prunus nigra,Aiton,,"United States, Canada",No,"CT, IA, IL, IN, MA, ME, MI, MN, NC, NH, NY, OH, RI, VA, VT, WI",Least Concern,2020,G4,1988,Not listed,Not listed,32
Rosaceae,Prunus,Prunus pensylvanica,L.f.,,"Canada, Saint Pierre and Miquelon, United States",No,"CO, CT, DC, GA, IA, IL, IN, MA, MD, ME, MI, MN, MT, NC, ND, NH, NJ, NY, OH, PA, RI, SD, TN, VA, VT, WI, WV, WY",Least Concern,2016,G5,2016,Not listed,Not listed,54
Rosaceae,Prunus,Prunus serotina,Ehrh.,,"United States, Canada, Mexico",No,"AL, AR, AZ, CT, DC, DE, FL, GA, IA, IL, IN, KS, KY, LA, MA, MD, ME, MI, MN, MO, MS, NC, NE, NH, NJ, NM, NY, OH, OK, PA, RI, SC, TN, TX, VA, VT, WA, WI, WV",Least Concern,2018,G5,2016,Not listed,Not listed,178
Rosaceae,Prunus,Prunus subcordata,Benth.,,United States,Yes,"CA, OR",Least Concern,2016,G5,1990,Not listed,Not listed,8
Rosaceae,Prunus,Prunus umbellata,Elliott,,United States,Yes,"AL, AR, FL, GA, LA, MS, NC, SC, TX",Least Concern,2016,G4,1988,Not listed,Not listed,13
Rosaceae,Prunus,Prunus virginiana,L.,,"Mexico, Saint Pierre and Miquelon, United States, Canada",No,"AR, AZ, CA, CO, CT, GA, IA, ID, IL, IN, KS, KY, MA, MD, ME, MI, MN, MO, MT, NC, ND, NE, NH, NJ, NM, NV, NY, OH, OK, OR, PA, RI, SD, TN, TX, UT, VA, VT, WA, WI, WV, WY",Least Concern,2018,G5,2016,Not listed,Not listed,113
Arecaceae,Pseudophoenix,Pseudophoenix sargentii,H.Wendl. ex Sarg.,,"Haiti, Turks and Caicos Islands, Puerto Rico, Mexico, Dominica, Cuba, Belize, Bahamas, Dominican Republic, United States",No,FL,Vulnerable,2021,G3,2020,Not listed,Not listed,36
Pinaceae,Pseudotsuga,Pseudotsuga macrocarpa,(Vasey) Mayr,,United States,Yes,CA,Near Threatened,2013,G4,1999,Not listed,Not listed,27
Pinaceae,Pseudotsuga,Pseudotsuga menziesii,(Mirb.) Franco,,"Canada, Mexico, United States",No,"AZ, CA, CO, ID, MN, MT, NM, NV, NY, OR, PA, TX, UT, WA, WY",Least Concern,2013,G5,2016,Not listed,Not listed,206
Fabaceae,Psorothamnus,Psorothamnus spinosus,(A.Gray) Barneby,,United States,Yes,"AZ, CA, NV",Least Concern,2020,G4,1990,Not listed,Not listed,14
Rubiaceae,Psychotria,Psychotria nervosa,Sw.,,"Saint Vincent and the Grenadines, Virgin Islands, U.S., Martinique, Montserrat, Nicaragua, Panama, Puerto Rico, Saint Lucia, Trinidad and Tobago, United States, Venezuela, Bolivarian Republic of, Virgin Islands, British, Honduras, Jamaica, Saint Kitts and Nevis, Colombia, Mexico, Antigua and Barbuda, Bahamas, Barbados, Belize, Haiti, Cayman Islands, Costa Rica, Cuba, Dominican Republic, Ecuador, El Salvador, Grenada, Guadeloupe, Guatemala, Bonaire, Sint Eustatius and Saba",No,FL,Least Concern,2020,G5,1994,Not listed,Not listed,28
Rutaceae,Ptelea,Ptelea crenulata,Greene,,United States,Yes,CA,Least Concern,2020,G4,1990,Not listed,Not listed,8
Rutaceae,Ptelea,Ptelea trifoliata,L.,,"Mexico, United States, Canada",No,"AL, AR, AZ, CO, CT, DC, DE, FL, GA, IA, IL, IN, KS, KY, LA, MA, MD, ME, MI, MN, MO, MS, NC, NE, NH, NJ, NM, NY, OH, OK, PA, RI, SC, TN, TX, UT, VA, VT, WI, WV",Least Concern,2020,G5,1985,Not listed,Not listed,195
Rosaceae,Purshia,Purshia mexicana,(D.Don) Henrard,,"Mexico, United States",No,AZ,Least Concern,2020,G5,1988,Not listed,Not listed,12
Rosaceae,Purshia,Purshia stansburiana,(Torr.) Henrard,,"Mexico, United States",No,"AZ, CA, CO, ID, NM, NV, UT",Least Concern,2020,G5,1994,Not listed,Not listed,5
Capparaceae,Quadrella,Quadrella incana,(Kunth) Iltis & Cornejo,,"Guatemala, Honduras, Mexico, United States",No,TX,Least Concern,2020,G5,1994,Not listed,Not listed,Not on PlantSearch
Fagaceae,Quercus,Quercus acerifolia,(E.J.Palmer) Stoynoff & Hess,,United States,Yes,AR,Endangered,2016,G1,2018,Not listed,Not listed,31
Fagaceae,Quercus,Quercus agrifolia,Née,,"Mexico, United States",No,CA,Least Concern,2016,G5,1987,Not listed,Not listed,71
Fagaceae,Quercus,Quercus ajoensis,C.H.Mull.,,"Mexico, United States",No,"AZ, CO",Vulnerable,2020,G2,2020,Not listed,Not listed,1
Fagaceae,Quercus,Quercus alba,L.,,"Canada, United States",No,"AL, AR, CT, DC, DE, FL, GA, IA, IL, IN, KS, KY, LA, MA, MD, ME, MI, MN, MO, MS, NC, NE, NH, NJ, NY, OH, OK, PA, RI, SC, TN, TX, VA, VT, WI, WV",Least Concern,2015,G5,2020,Not listed,Not listed,186
Fagaceae,Quercus,Quercus arizonica,Sarg.,,"Mexico, United States",No,"AZ, NM, TX",Least Concern,2015,G5,1988,Not listed,Not listed,16
Fagaceae,Quercus,Quercus arkansana,Sarg.,,United States,Yes,"AL, AR, FL, GA, LA, TX",Vulnerable,2017,G3,2018,Not listed,Not listed,38
Fagaceae,Quercus,Quercus austrina,Small,,United States,Yes,"AL, AR, FL, GA, MS, NC, SC",Vulnerable,2017,G4,2005,Not listed,Not listed,17
Fagaceae,Quercus,Quercus berberidifolia,Liebm.,,United States,Yes,CA,Least Concern,2020,G5,2005,Not listed,Not listed,24
Fagaceae,Quercus,Quercus bicolor,Willd.,,"United States, Canada",No,"AL, CT, DC, DE, IA, IL, IN, KS, KY, MA, MD, ME, MI, MN, MO, NC, NE, NH, NJ, NY, OH, PA, RI, SC, TN, VA, VT, WI, WV",Least Concern,2017,G5,2016,Not listed,Not listed,178
Fagaceae,Quercus,Quercus boyntonii,Beadle,,United States,Yes,"AL, TX",Critically Endangered,2016,G1,2010,Not listed,Not listed,17
Fagaceae,Quercus,Quercus buckleyi,Nixon & Dorr,,United States,Yes,"KS, OK, TX",Least Concern,2015,G5,2001,Not listed,Not listed,34
Fagaceae,Quercus,Quercus carmenensis,C.H.Müll.,,"Mexico, United States",No,TX,Endangered,2016,G2,2002,Not listed,Not listed,Not on PlantSearch
Fagaceae,Quercus,Quercus cedrosensis,C.H.Mull.,,"Mexico, United States",No,CA,Vulnerable,2017,G2,2018,Not listed,Not listed,3
Fagaceae,Quercus,Quercus chapmanii,Sarg.,,United States,Yes,"AL, FL, GA, SC",Least Concern,2015,G4,1988,Not listed,Not listed,8
Fagaceae,Quercus,Quercus chihuahuensis,Trel.,,Mexico,No,TX,Least Concern,2015,G4,2005,Not listed,Not listed,5
Fagaceae,Quercus,Quercus chrysolepis,Liebm.,,"Mexico, United States",No,"AZ, CA, NM, NV, OR",Least Concern,2016,G5,1988,Not listed,Not listed,55
Fagaceae,Quercus,Quercus coccinea,Münchh.,,United States,Yes,"AL, AR, CT, DC, DE, GA, IL, IN, KY, LA, MA, MD, ME, MI, MN, MO, MS, NC, NE, NH, NJ, NY, OH, PA, RI, SC, TN, VA, VT, WI, WV",Least Concern,2015,G5,1984,Not listed,Not listed,176
Fagaceae,Quercus,Quercus cornelius-mulleri,Nixon & K.P.Steele,,"Mexico, United States",No,CA,Least Concern,2015,G4,1988,Not listed,Not listed,10
Fagaceae,Quercus,Quercus douglasii,Hook. & Arn.,,United States,Yes,CA,Least Concern,2016,G4,2005,Not listed,Not listed,47
Fagaceae,Quercus,Quercus dumosa,Nutt.,,"Mexico, United States",No,CA,Endangered,2017,G3,2017,Not listed,Not listed,22
Fagaceae,Quercus,Quercus durata,Jeps.,,United States,Yes,CA,Least Concern,2020,G4,1987,Not listed,Not listed,24
Fagaceae,Quercus,Quercus ellipsoidalis,E.J.Hill,,"United States, Canada",No,"IA, IL, IN, MI, MN, MO, ND, OH, WI",Least Concern,2017,G5,2005,Not listed,Not listed,79
Fagaceae,Quercus,Quercus emoryi,Torr.,,"Mexico, United States",No,"AZ, NM, TX",Least Concern,2017,G5,1988,Not listed,Not listed,22
Fagaceae,Quercus,Quercus engelmannii,Greene,,"Mexico, United States",No,CA,Endangered,2017,G3,2005,Not listed,Not listed,22
Fagaceae,Quercus,Quercus falcata,Michx.,,United States,Yes,"AL, AR, DC, DE, FL, GA, IL, IN, KY, LA, MD, MO, MS, NC, NJ, NY, OH, OK, PA, SC, TN, TX, VA, WV",Least Concern,2015,G5,1983,Not listed,Not listed,80
Fagaceae,Quercus,Quercus fusiformis,Small,,"Mexico, United States",No,"OK, TX",Least Concern,2017,G5,1994,Not listed,Not listed,29
Fagaceae,Quercus,Quercus gambelii,Nutt.,,"United States, Mexico",No,"AZ, CO, NM, NV, OK, SD, TX, UT, WY",Least Concern,2016,G5,1988,Not listed,Not listed,56
Fagaceae,Quercus,Quercus garryana,Douglas ex Hook.,,"Canada, United States",No,"CA, OR, WA",Least Concern,2016,G5,2016,Not listed,Not listed,55
Fagaceae,Quercus,Quercus geminata,Small,,United States,Yes,"AL, FL, GA, LA, MS, NC, SC",Least Concern,2015,G5,1988,Not listed,Not listed,17
Fagaceae,Quercus,Quercus georgiana,M.A.Curtis,,United States,Yes,"AL, GA, NC, SC",Endangered,2015,G3,2020,Not listed,Not listed,42
Fagaceae,Quercus,Quercus graciliformis,C.H.Mull.,,United States,Yes,TX,Critically Endangered,2017,G1,2003,Not listed,Not listed,10
Fagaceae,Quercus,Quercus gravesii,Sudw.,,"United States, Mexico",No,TX,Least Concern,2017,G5,1988,Not listed,Not listed,25
Fagaceae,Quercus,Quercus grisea,Liebm.,,"Mexico, United States",No,"AZ, CO, NM, TX",Least Concern,2017,G5,1988,Not listed,Not listed,22
Fagaceae,Quercus,Quercus havardii,Rydb.,,United States,Yes,"CO, KS, NM, OK, TX, UT",Endangered,2020,G4,1988,Not listed,Not listed,9
Fagaceae,Quercus,Quercus hemisphaerica,Bartram ex Willd.,,United States,Yes,"AL, AR, FL, GA, LA, MS, NC, SC, TX, VA",Least Concern,2015,G5,1988,Not listed,Not listed,33
Fagaceae,Quercus,Quercus hypoleucoides,A.Camus,,"United States, Mexico",No,"AZ, NM, TX",Least Concern,2016,G5,1989,Not listed,Not listed,22
Fagaceae,Quercus,Quercus ilicifolia,Wangenh.,,"Canada, United States",No,"CT, DE, KY, MA, MD, ME, NC, NH, NJ, NY, PA, RI, VA, VT, WV",Least Concern,2017,G5,2016,Not listed,Not listed,68
Fagaceae,Quercus,Quercus imbricaria,Michx.,,United States,Yes,"AL, AR, DC, DE, GA, IA, IL, IN, KS, KY, LA, MA, MD, MI, MO, MS, NC, NE, NJ(.1), NY, OH, OK, PA, SC, TN, VA, WI, WV",Least Concern,2017,G5,1985,Not listed,Not listed,153
Fagaceae,Quercus,Quercus incana,Bartram,,United States,Yes,"AL, AR, FL, GA, LA, MS, NC, OK, SC, TX, VA",Least Concern,2017,G5,1987,Not listed,Not listed,26
Fagaceae,Quercus,Quercus inopina,Ashe,,United States,Yes,FL,Least Concern,2015,G4,1988,Not listed,Not listed,6
Fagaceae,Quercus,Quercus john-tuckeri,Nixon & C.H.Mull.,,United States,Yes,CA,Least Concern,2020,G4,2000,Not listed,Not listed,14
Fagaceae,Quercus,Quercus kelloggii,Newb.,,United States,Yes,"CA, OR",Least Concern,2016,G5,2005,Not listed,Not listed,47
Fagaceae,Quercus,Quercus laceyi,Small,,"United States, Mexico",No,TX,Least Concern,2017,G4,2005,Not listed,Not listed,19
Fagaceae,Quercus,Quercus laevis,Walter,,United States,Yes,"AL, FL, GA, LA, MS, NC, SC, VA",Least Concern,2017,G5,1985,Not listed,Not listed,15
Fagaceae,Quercus,Quercus laurifolia,Michx.,,United States,Yes,"AL, AR, FL, GA, LA, MS, NC, SC, TX, VA",Least Concern,2015,G5,1985,Not listed,Not listed,56
Fagaceae,Quercus,Quercus lobata,Née,,United States,Yes,CA,Near Threatened,2017,G4,2005,Not listed,Not listed,61
Fagaceae,Quercus,Quercus lyrata,Walter,,United States,Yes,"AL, AR, DC, DE, FL, GA, IL, IN, KY, LA, MD, MO, MS, NC, NJ, OK, SC, TN, TX, VA",Least Concern,2017,G5,1984,Not listed,Not listed,81
Fagaceae,Quercus,Quercus macrocarpa,Michx.,,"Canada, United States",No,"AL, AR, CT, DC, DE, IA, IL, IN, KS, KY, LA, MA, MD, ME, MI, MN, MO, MS, MT, NC, ND, NE, NH, NJ, NM, NY, OH, OK, PA, RI, SD, TN, TX, VA, VT, WI, WV, WY",Least Concern,2015,G5,2018,Not listed,Not listed,215
Fagaceae,Quercus,Quercus margarettae,(Ashe) Small,,United States,Yes,"AL, AR, FL, GA, LA, MS, NC, OK, SC, TN, TX, VA",Least Concern,2017,G5,1994,Not listed,Not listed,8
Fagaceae,Quercus,Quercus marilandica,(L.) Münchh.,,United States,Yes,"AL, AR, DC, DE, FL, GA, IA, IL, IN, KS, KY, LA, MD, MO, MS, NC, NE, NJ, NY, OH, OK, PA, SC, TN, TX, VA, WV",Least Concern,2015,G5,1983,Not listed,Not listed,77
Fagaceae,Quercus,Quercus michauxii,Nutt.,,United States,Yes,"AL, AR, DC, DE, FL, GA, IL, IN, KY, LA, MD, MO, MS, NC, NJ, OK, PA, SC, TN, TX, VA",Least Concern,2015,G5,1984,Not listed,Not listed,88
Fagaceae,Quercus,Quercus minima,(Sarg.) Small,,United States,Yes,"AL, FL, GA, LA, MS, NC, TX",Least Concern,2020,G5,2005,Not listed,Not listed,9
Fagaceae,Quercus,Quercus mohriana,Buckley ex Rydb.,,"Mexico, United States",No,"NM, OK, TX",Least Concern,2015,G4,1988,Not listed,Not listed,7
Fagaceae,Quercus,Quercus montana,Willd.,,United States,Yes,"AL, CT, DC, DE, GA, IL, IN, KY, LA, MA, MD, ME, MI, MS, NC, NH, NJ, NY, OH, PA, RI, SC, TN, VA, VT, WV",Least Concern,2017,G5,1984,Not listed,Not listed,72
Fagaceae,Quercus,Quercus muehlenbergii,Engelm.,,"Canada, Mexico, United States",No,"AL, AR, CT, DC, DE, FL, GA, IA, IL, IN, KS, KY, LA, MA, MD, MI, MN, MO, MS, NC, NE, NJ, NM, NY, OH, OK, PA, SC, TN, TX, VA, VT, WI, WV",Least Concern,2017,G5,2016,Not listed,Not listed,127
Fagaceae,Quercus,Quercus myrtifolia,Willd.,,United States,Yes,"AL, FL, GA, MS, NC, SC",Least Concern,2015,G5,1988,Not listed,Not listed,14
Fagaceae,Quercus,Quercus nigra,L.,,United States,Yes,"AL, AR, DC, DE, FL, GA, KY, LA, MD, MO, MS, NC, NJ, OK, SC, TN, TX, VA",Least Concern,2015,G5,1984,Not listed,Not listed,91
Fagaceae,Quercus,Quercus oblongifolia,Torr.,,"United States, Mexico",No,"AZ, NM, TX",Least Concern,2016,G5,2005,Not listed,Not listed,12
Fagaceae,Quercus,Quercus oglethorpensis,W.H.Duncan,,United States,Yes,"AL, GA, LA, MS, SC",Endangered,2017,G3,2018,Not listed,Not listed,38
Fagaceae,Quercus,Quercus pacifica,Nixon & C.H.Müll.,,United States,Yes,CA,Endangered,2016,G4,2014,Not listed,Not listed,15
Fagaceae,Quercus,Quercus pagoda,Raf.,,United States,Yes,"AL, AR, DC, DE, FL, GA, IL, IN, KY, LA, MD, MO, MS, NC, NJ, OK, SC, TN, TX, VA",Least Concern,2017,G5,1988,Not listed,Not listed,45
Fagaceae,Quercus,Quercus palmeri,Engelm.,,"Mexico, United States",No,"AZ, CA, NM",Near Threatened,2017,G4,2020,Not listed,Not listed,15
Fagaceae,Quercus,Quercus palustris,Münchh.,,"Canada, United States",No,"AR, CT, DC, DE, GA, IA, IL, IN, KS, KY, MA, MD, ME, MI, MO, MS, NC, NE, NJ, NY, OH, OK, PA, RI, SC, TN, VA, VT, WI, WV",Least Concern,2017,G5,2016,Not listed,Not listed,204
Fagaceae,Quercus,Quercus parvula,Greene,,United States,Yes,CA,Near Threatened,2016,G4,1997,Not listed,Not listed,9
Fagaceae,Quercus,Quercus phellos,L.,,United States,Yes,"AL, AR, CT, DC, DE, FL, GA, IL, KY, LA, MD, MO, MS, NC, NJ, NY, OK, PA, SC, TN, TX, VA",Least Concern,2015,G5,1984,Not listed,Not listed,136
Fagaceae,Quercus,Quercus polymorpha,Schltdl. & Cham.,,"United States, Guatemala, Honduras, Mexico",No,TX,Least Concern,2017,G5,2005,Not listed,Not listed,31
Fagaceae,Quercus,Quercus prinoides,Willd.,,"United States, Canada",No,"AL, AR, CT, DC(SX), DE, GA, IA, IL, IN, KS, LA, MA, MD, ME, MI, MN, MO, NC, NH, NJ, NY, OK, PA, RI, TN, TX, VA, VT, WI, WV",Least Concern,2017,G5,2016,Not listed,Not listed,51
Fagaceae,Quercus,Quercus pungens,Liebm.,,"Mexico, United States",No,"AZ, NM, TX",Least Concern,2015,GNR,,Not listed,Not listed,13
Fagaceae,Quercus,Quercus robusta,C.H.Mull.,,United States,Yes,TX,Data Deficient,2017,G1,2002,Not listed,Not listed,Not on PlantSearch
Fagaceae,Quercus,Quercus rubra,L.,,"Canada, United States",No,"AL, AR, CT, DC, DE, GA, IA, IL, IN, KS, KY, LA, MA, MD, ME, MI, MN, MO, MS, NC, NE, NH, NJ, NY, OH, OK, PA, RI, SC, TN, VA, VT, WI, WV",Least Concern,2015,G5,2016,Not listed,Not listed,278
Fagaceae,Quercus,Quercus rugosa,Née,,"Honduras, Mexico, Guatemala, United States",No,"AZ, NM, TX",Least Concern,2017,G4,2005,Not listed,Not listed,44
Fagaceae,Quercus,Quercus shumardii,Buckley,,"Canada, United States",No,"AL, AR, FL, GA, IL, IN, KS, KY, LA, MD, MI, MO, MS, NC, NE, NY, OH, OK, PA, SC, TN, TX, VA, WV",Least Concern,2017,G5,2016,Not listed,Not listed,136
Fagaceae,Quercus,Quercus similis,Ashe,,United States,Yes,"AL, AR, GA, LA, MS, SC, TX",Least Concern,2017,G4,2005,Not listed,Not listed,5
Fagaceae,Quercus,Quercus sinuata,Walter,,"Mexico, United States",No,"AL, AR, FL, GA, LA, MS, NC, OK, SC, TX",Least Concern,2015,G4,2005,Not listed,Not listed,13
Fagaceae,Quercus,Quercus stellata,Wangenh.,,United States,Yes,"AL, AR, CT, DC, DE, FL, GA, IA, IL, IN, KS, KY, LA, MA, MD, MS, NC, NJ, NY, OH, OK, PA, RI, SC, TN, TX, VA, WV",Least Concern,2015,G5,1984,Not listed,Not listed,77
Fagaceae,Quercus,Quercus tardifolia,C.H.Mull.,,"Mexico, United States",No,,Data Deficient,2017,GH,2020,Not listed,Not listed,Not on PlantSearch
Fagaceae,Quercus,Quercus texana,Buckley,,United States,Yes,"AL, AR, IL, KY, LA, MS, MO, OK, TN, TX",Least Concern,2017,G4,2005,Not listed,Not listed,55
Fagaceae,Quercus,Quercus tomentella,Engelm.,,"United States, Mexico",No,CA,Endangered,2017,G3,1998,Not listed,Not listed,23
Fagaceae,Quercus,Quercus toumeyi,Sarg.,,"Mexico, United States",No,"AZ, NM, TX",Data Deficient,2017,G4,2020,Not listed,Not listed,6
Fagaceae,Quercus,Quercus turbinella,Greene,,"Mexico, United States",No,"AZ, CA, CO, NM, NV, TX, UT",Least Concern,2016,G5,2010,Not listed,Not listed,35
Fagaceae,Quercus,Quercus vaseyana,Buckley,,"Mexico, United States",No,TX,Least Concern,2017,G4,2005,Not listed,Not listed,16
Fagaceae,Quercus,Quercus velutina,Lam.,,"Canada, United States",No,"AL, AR, CT, DC, DE, FL, GA, IA, IL, IN, KS, KY, LA, MA, MD, ME, MI, MN, MO, MS, NC, NE, NH, NJ, NY, OH, OK, PA, RI, SC, TN, TX, VA, VT, WI, WV",Least Concern,2015,G5,2016,Not listed,Not listed,149
Fagaceae,Quercus,Quercus viminea,Trel.,,"Mexico, United States",No,AZ,Least Concern,2017,G4,2005,Not listed,Not listed,2
Fagaceae,Quercus,Quercus virginiana,Mill.,,United States,Yes,"AL, FL, GA, LA, MS, NC, SC, TX, VA",Least Concern,2015,G5,1984,Not listed,Not listed,99
Fagaceae,Quercus,Quercus wislizeni,A.DC.,,"United States, Mexico",No,CA,Least Concern,2017,G5,1987,Not listed,Not listed,32
Rubiaceae,Randia,Randia aculeata,L.,,"Puerto Rico, Jamaica, Venezuela, Bolivarian Republic of, Martinique, Honduras, Mexico, Montserrat, Nicaragua, Panama, Saint Bathélemy, Saint Kitts and Nevis, Saint Lucia, Saint Vincent and the Grenadines, Trinidad and Tobago, United States, Virgin Islands, British, Haiti, Turks and Caicos Islands, Belize, Guyana, Anguilla, Virgin Islands, U.S., Bahamas, Bermuda, Bonaire, Sint Eustatius and Saba, Cayman Islands, Colombia, Cuba, Curaçao, Dominica, Dominican Republic, El Salvador, Grenada, Guadeloupe, Guatemala, Costa Rica, Antigua and Barbuda",No,FL,Least Concern,2019,G5,1993,Not listed,Not listed,16
Rubiaceae,Randia,Randia obcordata,S.Watson,,"Colombia, Venezuela, Bolivarian Republic of, United States, Nicaragua, Honduras, Mexico",No,TX,Least Concern,2019,GNR,,Not listed,Not listed,3
Rhamnaceae,Reynosia,Reynosia septentrionalis,Urb.,,"Bahamas, Cuba, United States",No,FL,Near Threatened (ESTIMATED),ESTIMATED ASSESSMENT,G3,1993,Not listed,Not listed,4
Rhamnaceae,Rhamnus,Rhamnus crocea,Nuttall ,,"Mexico, United States",No,"AZ, CA, NV, OR",Least Concern,2022,G5,2000,Not listed,Not listed,19
Rhamnaceae,Rhamnus,Rhamnus ilicifolia,Kellogg,,"Mexico, United States",No,"AZ, CA, NV, OR",Least Concern,2022,G5,2000,Not listed,Not listed,18
Rhamnaceae,Rhamnus,Rhamnus lanceolata,Pursh,*Assessed as Endotropis lanceolata,United States,Yes,"AL, AR, IA, IL, IN, KS, KY, LA, MD, MO, MS, NE, OH, OK, PA, SD, TN, TX, VA, WI, WV",Least Concern (ESTIMATED),ESTIMATED ASSESSMENT,G5,1999,Not listed,Not listed,6
Rhamnaceae,Rhamnus,Rhamnus pirifolia,Greene,*Assessed as Rhamnus crocea subsp. pirifolia,"Mexico, United States",No,CA,Endangered (ESTIMATED),ESTIMATED ASSESSMENT,G3,2000,Not listed,Not listed,7
Rhizophoraceae,Rhizophora,Rhizophora mangle,L.,,"Liberia, Saint Kitts and Nevis, Puerto Rico, Panama, Nigeria, Nicaragua, Mexico, Virgin Islands, British, Jamaica, Honduras, Haiti, Guyana, Guinea-Bissau, Montserrat, Saint Martin, Sao Tomé and Principe, Saint Vincent and the Grenadines, Sierra Leone, Sint Maarten, Suriname, Togo, Trinidad and Tobago, Turks and Caicos Islands, United States, United States Minor Outlying Islands, Venezuela, Bolivarian Republic of, Guinea, Saint Lucia, Barbados, Senegal, Angola, Anguilla, Guadeloupe, Bahamas, Belize, Benin, Bermuda, Bonaire, Sint Eustatius and Saba, Brazil, Cameroon, Cayman Islands, Colombia, Dominican Republic, Grenada, Ghana, Gambia, Gabon, French Guiana, Congo, Equatorial Guinea, Dominica, Curaçao, Cuba, Côte d'Ivoire, Costa Rica, Congo, The Democratic Republic of the, Antigua and Barbuda",No,"FL, HI, NC, SC",Least Concern,2015,G5,1994,Not listed,Not listed,63
Ericaceae,Rhododendron,Rhododendron arborescens,(Pursh) Torr.,,United States,Yes,"AL, GA, KY, MD, MS, NC, NY, PA, SC, TN, VA, WV",Least Concern,2022,G4,1983,Not listed,Not listed,106
Ericaceae,Rhododendron,Rhododendron calendulaceum,(Michx.) Torr.,,United States,Yes,"AL, GA, KY, MD, NC, NY, OH, PA(SX), SC, TN, VA, WV",Least Concern,2022,G5,1985,Not listed,Not listed,112
Ericaceae,Rhododendron,Rhododendron canescens,(Michx.) Sweet,,United States,Yes,"AL, AR, DE, FL, GA, IL, KY, LA, MS, NC, OK, SC, TN, TX",Not Evaluated,,G5,1985,Not listed,Not listed,76
Ericaceae,Rhododendron,Rhododendron catawbiense,Michx.,,United States,Yes,"AL, GA, KY, MA, NC, SC, TN, VA, WV",Least Concern,2020,G5,1994,Not listed,Not listed,105
Ericaceae,Rhododendron,Rhododendron eastmanii,Kron & Creel,,United States,Yes,SC,Least Concern,2021,G3,2018,Not listed,Not listed,21
Ericaceae,Rhododendron,Rhododendron macrophyllum,D.Don ex G.Don,,"Canada, United States",No,"CA, OR, WA",Least Concern,2020,G5,1988,Not listed,Not listed,61
Ericaceae,Rhododendron,Rhododendron maximum,L.,,"Canada, United States",No,"AL, CT, DC, DE, GA, KY, MA, MD, ME, NC, NH, NJ, NY, OH, PA, RI, SC, TN, VA, VT, WV",Least Concern,2018,G5,2016,Not listed,Not listed,122
Ericaceae,Rhododendron,Rhododendron prunifolium,(Small) Millais,,United States,Yes,"AL, GA",Not Evaluated,,G3,1995,Not listed,Not listed,72
Ericaceae,Rhododendron,Rhododendron viscosum,(L.) Torr.,,United States,Yes,"AL, AR, CT, DC, DE, FL, GA, LA, MA, MD, ME, MS, NC, NH, NJ, NY, OK, PA, RI, SC, TN, TX, VA, VT, WV",Not Evaluated,,G5,1984,Not listed,Not listed,118
Anacardiaceae,Rhus,Rhus copallinum,L.,,"United States, Canada",No,"AL, AR, CT, DC, DE, FL, GA, IA, IL, IN, KS, KY, LA, MA, MD, ME, MI, MO, MS, NC, NE, NH, NJ, NM, NY, OH, OK, PA, RI, SC, TN, TX, VA, VT, WI, WV",Least Concern,2019,G5,2016,Not listed,Not listed,40
Anacardiaceae,Rhus,Rhus glabra,L.,,"United States, Canada, Mexico",No,"AL, AR, AZ, CA, CO, CT, DC, DE, FL, GA, IA, ID, IL, IN, KS, KY, LA, MA, MD, ME, MI, MN, MO, MS, MT, NC, ND, NE, NH, NJ, NM, NV, NY, OH, OK, OR, PA, RI, SC, SD, TN, TX, UT, VA, VT, WA, WI, WV, WY",Least Concern,2018,G5,2016,Not listed,Not listed,99
Anacardiaceae,Rhus,Rhus integrifolia,(Nutt.) W.H.Brewer & S.Watson,,"Mexico, United States",No,CA,Least Concern,2020,G4,1990,Not listed,Not listed,33
Anacardiaceae,Rhus,Rhus kearneyi,F.A. Barkley,,"Mexico, United States",No,AZ,Least Concern (ESTIMATED),ESTIMATED ASSESSMENT,G4,1994,Not listed,Not listed,5
Anacardiaceae,Rhus,Rhus lanceolata,(A. Gray) Britton,,"United States, Mexico",No,"AZ, NM, OK, TX",Least Concern,2020,G4,1988,Not listed,Not listed,17
Anacardiaceae,Rhus,Rhus microphylla,Engelm.,,"Mexico, United States",No,"AZ, NM, OK, TX",Least Concern,2019,G4,1988,Not listed,Not listed,19
Anacardiaceae,Rhus,Rhus ovata,S.Watson,,"Mexico, United States",No,"AZ, CA",Least Concern,2020,G4,1990,Not listed,Not listed,33
Anacardiaceae,Rhus,Rhus typhina,L.,,"Canada, United States",No,"AL, CT, DC, DE, GA, IA, IL, IN, KS, KY, MA, MD, ME, MI, MN, MO, MS, NC, NH, NJ, NY, OH, PA, RI, SC, SD, TN, UT, VA, VT, WI, WV",Least Concern,2018,G5,2016,Not listed,Not listed,172
Anacardiaceae,Rhus,Rhus virens,Lindh. ex A. Gray,,"Mexico, United States",No,"AZ, NM, TX",Least Concern,2019,G5,1992,Not listed,Not listed,12
Fabaceae,Robinia,Robinia hispida,L.,,United States,Yes,"AL, AR, CO, CT, DE, FL, GA, IA, IL, IN, KS, LA, MA, MD, ME, MI, MN, MO, MS, NC, NE, NH, NJ, NM, NY, OH, OK, PA, RI, SC, TN, TX, UT, VA, VT, WA, WI, WV",Least Concern,2012,G4,1999,Not listed,Not listed,44
Fabaceae,Robinia,Robinia neomexicana,A.Gray,,"Mexico, United States",No,"AZ, CA, CO, IN, NM, NV, TX, UT, WY",Least Concern,2012,G4,1984,Not listed,Not listed,36
Fabaceae,Robinia,Robinia pseudoacacia,L.,,"United States, Canada",No,"AL, AR, CA, CO, CT, DC, DE, FL, GA, IA, ID, IL, IN, KS, KY, LA, MA, MD, ME, MI, MN, MO, MS, MT, NC, ND, NE, NH, NJ, NM, NV, NY, OH, OK, OR, PA, RI, SC, SD, TN, TX, UT, VA, VT, WA, WI, WV, WY",Least Concern,2012,G5,1983,Not listed,Not listed,219
Fabaceae,Robinia,Robinia viscosa,Michx. ex Vent.,,United States,Yes,"AL, CT, GA, IL, IN, MA, ME, MI, NC, NH, NJ, NY, OH, PA, RI, SC, TN, VT, WV",Near Threatened (ESTIMATED),ESTIMATED ASSESSMENT,G3,1999,Not listed,Not listed,37
Arecaceae,Roystonea,Roystonea regia,(Kunth) O.F. Cook,,"Belize, Cayman Islands, Cuba, Dominican Republic, Haiti, Honduras, Mexico, United States, Bahamas",No,FL,Least Concern,2021,G2,2000,Not listed,Not listed,88
Arecaceae,Sabal,Sabal mexicana,Mart.,,"Guatemala, Nicaragua, United States, El Salvador, Mexico, Honduras",No,TX,Least Concern,2020,G5,1991,Not listed,Not listed,61
Arecaceae,Sabal,Sabal minor,(Jacq.) Pers.,,"Mexico, United States",No,"AL, AR, FL, GA, LA, MS, NC, OK, SC, TX",Least Concern,2020,G5,1985,Not listed,Not listed,149
Arecaceae,Sabal,Sabal palmetto,(Walter) Lodd. ex Schult. & Schult.f.,,"Bahamas, Cuba, Turks and Caicos Islands, United States",No,"FL, GA, LA, NC, SC",Least Concern,2021,G5,2020,Not listed,Not listed,114
Salicaceae,Salix,Salix alaxensis,(Andersson) Coville,,"United States, Canada, Russian Federation",No,AK,Least Concern,2018,G5,2015,Not listed,Not listed,5
Salicaceae,Salix,Salix amygdaloides,Andersson,,"Canada, United States",No,"AZ, CO, IA, ID, IL, IN, KS, KY, MI, MN, MO, MT, ND, NE, NH, NM, NV, NY, OH, OK, OR, PA, SD, TX, UT, VT, VT, WA, WI, WV, WY",Least Concern,2018,G5,2015,Not listed,Not listed,17
Salicaceae,Salix,Salix arbusculoides,Andersson,,"Canada, United States",No,AK,Least Concern,2018,G5,2015,Not listed,Not listed,4
Salicaceae,Salix,Salix barclayi,Andersson,,"Canada, Russian Federation, United States",No,"AK, CO, ID, MT, OR, WA, WY",Least Concern,2020,G5,2015,Not listed,Not listed,3
Salicaceae,Salix,Salix bebbiana,Sarg.,,"Korea, Republic of, United States, Norway, Russian Federation, Mongolia, Kazakhstan, Korea, Democratic People's Republic of, Finland, China, Canada, Sweden",No,"AK, AZ, CA, CO, CT, IA, ID, IL, IN, MA, MD, ME, MI, MN, MT, ND, NE, NH, NJ, NM, NV, NY, OH, OR, PA, RI, SD, UT, VT, WA, WI, WY",Least Concern,2016,G5,2015,Not listed,Not listed,23
Salicaceae,Salix,Salix bonplandiana,Kunth,,"Guatemala, Mexico, United States",No,AZ,Least Concern,2018,G4,1996,Not listed,Not listed,6
Salicaceae,Salix,Salix breweri,Bebb,,United States,Yes,CA,Least Concern,2021,G3,1998,Not listed,Not listed,7
Salicaceae,Salix,Salix caroliniana,Michx.,,"United States, Guatemala, Mexico",No,"AL, AR, DC, DE, FL, GA, IL, IN, KS, KY, LA, MD, MO, MS, NC, NE, OH, OK, PA, SC, TN, TX, VA, WV",Least Concern,2018,G5,1984,Not listed,Not listed,10
Salicaceae,Salix,Salix discolor,Muhl.,,"Canada, United States",No,"CT, DE, IA, ID, IL, IN, KY, MA, MD, ME, MI, MN, MO, MT, NC, ND, NH, NJ, NY, OH, PA, RI, SD, TN, VA, VT, WI, WV, WY",Least Concern,2018,G5,2015,Not listed,Not listed,50
Salicaceae,Salix,Salix eriocephala,Michx.,,"Canada, United States",No,"AL, AR, CO, CT, DC, DE, FL, GA, IA, IL, IN, KS, KY, MA, MD, ME, MI, MN, MO, MT, ND, NE, NH, NJ, NY, OH, OK, PA, RI, SD, TN, VA, VT, WI, WV, WY",Least Concern,2016,G5,2015,Not listed,Not listed,19
Salicaceae,Salix,Salix exigua,Nutt.,,"Canada, United States",No,"AZ, CA, CO, ID, MT, NM, NV, OR, TX, UT, WA, WY",Least Concern,2020,G5,2015,Not listed,Not listed,43
Salicaceae,Salix,Salix famelica,(C.R.Ball) Argus,,"Canada, United States",No,"CO, IA, KS, MN, MO, MT, ND, NE, SD, WY",Least Concern,2020,G5,2015,Not listed,Not listed,Not on PlantSearch
Salicaceae,Salix,Salix floridana,Chapm.,,United States,Yes,"AL, FL, GA",Endangered,2021,G2,2021,Not listed,Not listed,9
Salicaceae,Salix,Salix geyeriana,Andersson,,"Canada, United States",No,"AZ, CA, CO, ID, MT, NM, NV, OR, UT, WA, WY",Least Concern,2020,G5,2015,Not listed,Not listed,7
Salicaceae,Salix,Salix glauca,L.,,"Norway, United States, Sweden, Svalbard and Jan Mayen, Russian Federation, Mongolia, Greenland, Finland, China, Canada, Saint Pierre and Miquelon",No,"AK, CO, ID, MT, NM, NV, OR, UT, WA, WY",Least Concern,2018,G5,2016,Not listed,Not listed,26
Salicaceae,Salix,Salix gooddingii,C.R.Ball,,"Mexico, United States",No,"AZ, CA, CO, NM, NV, TX, UT",Least Concern,2018,G5,1991,Not listed,Not listed,14
Salicaceae,Salix,Salix hookeriana,Barratt ex Hook.,,"Canada, United States",No,"AK, CA, OR, WA",Least Concern,2018,G5,2015,Not listed,Not listed,29
Salicaceae,Salix,Salix interior,Rowlee,,"United States, Canada, Mexico",No,"AK, AR, CO, CT, DC, DE, IA, IL, IN, KS, KY, LA, MA, ME, MI, MN, MO, MT, ND, NE, NH, NJ, NY, OH, OK, PA, SD, TN, VA, VT, WI, WV, WY",Least Concern,2018,G5,2015,Not listed,Not listed,17
Salicaceae,Salix,Salix irrorata,Andersson,,"Mexico, United States",No,"AZ, CO, NM, WY",Least Concern,2020,G4,1993,Not listed,Not listed,50
Salicaceae,Salix,Salix laevigata,Bebb,,"Mexico, United States",No,"AZ, CA, NV, OR, UT",Least Concern,2020,G5,1999,Not listed,Not listed,9
Salicaceae,Salix,Salix lasiandra,Benth.,,"Canada, United States",No,"MT, WY",Not Evaluated,,G5,2015,Not listed,Not listed,15
Salicaceae,Salix,Salix lasiolepis,Benth.,,"Mexico, United States",No,"AZ, CA, ID, NM, NV, OR, TX, UT, WA",Least Concern,2018,G5,1987,Not listed,Not listed,15
Salicaceae,Salix,Salix ligulifolia,(C.R.Ball) C.R.Ball ex C.K.Schneid.,,United States,Yes,"AZ, CA, CO, MT, NM, OR, SD, UT, WY",Least Concern,2020,G5,1990,Not listed,Not listed,2
Salicaceae,Salix,Salix lucida,Muhl.,,"United States, Canada, Saint Pierre and Miquelon",No,"AK, AZ, CA, CO, CT, DE, IA, ID, IL, IN, KS, MA, MD, ME, MI, MN, MT, ND, NE, NH, NJ, NM, NV, NY, OH, OR, PA, RI, SD, UT, VA, VT, WA, WI, WV, WY",Least Concern,2018,G5,2016,Not listed,Not listed,25
Salicaceae,Salix,Salix lutea,Nutt.,,"Canada, United States",No,"AZ, CA, CO, ID, MT, NV, OR, UT, WY",Least Concern,2016,GNR,,Not listed,Not listed,3
Salicaceae,Salix,Salix maccalliana,Rowlee,,"Canada, United States",No,"MN, ND, WA",Least Concern,2020,G5,2015,Not listed,Not listed,1
Salicaceae,Salix,Salix melanopsis,Nutt.,,"Canada, United States",No,"CA, ID, MT, NV, OR, UT, WA, WY",Least Concern,2016,G5,2016,Not listed,Not listed,3
Salicaceae,Salix,Salix monticola,Bebb,,United States,Yes,"AZ, CO, NM, UT, WY",Least Concern,2016,G4,1988,Not listed,Not listed,4
Salicaceae,Salix,Salix myricoides,Muhl.,,"Canada, United States",No,"CT, IL, IN, MA, ME, MI, NH, OH, PA, RI, VT, WI",Least Concern,2020,G4,2016,Not listed,Not listed,9
Salicaceae,Salix,Salix nigra,Marshall,,"Canada, Mexico, United States",No,"AL, AR, CO, CT, DC, DE, FL, GA, IA, IL, IN, KS, KY, LA, MA, MD, ME, MI, MN, MO, MS, NC, NE, NH, NJ, NY, OH, OK, PA, RI, SC, TN, TX, VA, VT, WI, WV",Least Concern,2017,G5,2015,Not listed,Not listed,56
Salicaceae,Salix,Salix pellita,(Andersson) Bebb,,"Canada, Saint Pierre and Miquelon, United States",No,"ME, MI, MN, NH, VT, WI",Least Concern,2018,G5,2015,Not listed,Not listed,3
Salicaceae,Salix,Salix petiolaris,Sm.,,"United States, Canada",No,"CO, CT, IA, IL, IN, MA, ME, MI, MN, MO, MT, ND, NE, NH, NJ, NY, OH, PA, RI, SD, VT, WI",Least Concern,2016,G5,2015,Not listed,Not listed,17
Salicaceae,Salix,Salix planifolia,Pursh,,"United States, Canada, Saint Pierre and Miquelon",No,"AK, AZ, CA, CO, ID, LA, ME, MI, MN, NV, NH, NM, OR, SD, UT, VT, WA, WI, WY",Least Concern,2016,GNR,,Not listed,Not listed,7
Salicaceae,Salix,Salix prolixa,Anderss.,,"Canada, United States",No,"AK, CA, ID, MT, NV, OR, UT, WA, WY",Least Concern,2016,G5,2015,Not listed,Not listed,4
Salicaceae,Salix,Salix pseudomyrsinites,Andersson,,"Canada, United States",No,AK,Least Concern,2020,G5,2015,Not listed,Not listed,Not on PlantSearch
Salicaceae,Salix,Salix pyrifolia,Anderss.,,"Canada, United States",No,"ME, MI, MN, NH, NY, VT, WI",Least Concern,2016,G5,2015,Not listed,Not listed,8
Salicaceae,Salix,Salix richardsonii,Hook.,,"United States, Canada, Russian Federation",No,AK,Least Concern,2018,G5,2015,Not listed,Not listed,Not on PlantSearch
Salicaceae,Salix,Salix scouleriana,Barratt ex Hook.,,"Canada, Mexico, United States",No,"AK, AZ, CA, CO, ID, MT, NM, NV, OR, SD, UT, WA, WY",Least Concern,2018,G5,2015,Not listed,Not listed,12
Salicaceae,Salix,Salix sericea,Marsh.,,"Canada, United States",No,"AL, AR, CT, DC, DE, GA, IA, IL, IN, KY, MA, MD, ME, MI, MN, MO, NC, NH, NJ, NY, OH, PA, RI, SC, TN, VA, VT, WI, WV",Least Concern,2016,G5,2015,Not listed,Not listed,15
Salicaceae,Salix,Salix serissima,(Bailey) Fern.,,"Canada, United States",No,"CO, CT, IL, IN, MA, MI, MN, MT, ND, NJ, NY, OH, PA, SD, WI, WY",Least Concern,2016,G5,2015,Not listed,Not listed,11
Salicaceae,Salix,Salix sessilifolia,Nutt.,,"Canada, United States",No,"OR, WA",Least Concern,2020,G4,2018,Not listed,Not listed,Not on PlantSearch
Salicaceae,Salix,Salix sitchensis,Sanson ex Bong.,,"United States, Canada",No,"AK, CA, ID, MT, NV, OR, WA",Least Concern,2018,G5,2015,Not listed,Not listed,21
Salicaceae,Salix,Salix taxifolia,Kunth,,"Mexico, United States",No,"AZ, NM, TX",Least Concern,2018,G5,1994,Not listed,Not listed,3
Salicaceae,Salix,Salix thurberi,Rowlee,,"Mexico, United States",No,TX,Least Concern,2021,GNR,,Not listed,Not listed,Not on PlantSearch
Salicaceae,Salix,Salix tracyi,C.R.Ball,,United States,Yes,"CA, OR",Near Threatened,2021,G3,2018,Not listed,Not listed,1
Caprifoliaceae,Sambucus,Sambucus nigra,L.,,"Romania, United States, Macedonia, the former Yugoslav Republic of, Moldova, Montenegro, Netherlands, Norway, Poland, Portugal, Russian Federation, Slovakia, Slovenia, Spain, Sweden, Switzerland, Tunisia, Latvia, United Kingdom, Italy, Ukraine, Armenia, Luxembourg, Albania, Austria, Azerbaijan, Belarus, Belgium, Bosnia and Herzegovina, Bulgaria, Canada, Croatia, Hungary, Czech Republic, Ireland, Greece, Germany, Georgia, France, Finland, Estonia, Denmark",No,"AL, AR, AZ, CA, CO, CT, DC, DE, FL, GA, HI, IA, ID, IL, IN, KS, KY, LA, MA, MD, ME, MI, MN, MO, MS, MT, NC, ND, NE, NH, NJ, NM, NV, NY, OH, OK, OR, PA, RI, SC, SD, TN, TX, UT, VA, VT, WA, WI, WV, WY",Least Concern,2019,G5,2016,Not listed,Not listed,195
Caprifoliaceae,Sambucus,Sambucus racemosa,L.,,"Ukraine, Romania, Luxembourg, Moldova, Mongolia, Netherlands, Norway, Poland, Liechtenstein, Russian Federation, Serbia, Slovakia, Slovenia, Belgium, Switzerland, United States, Uzbekistan, Korea, Republic of, Spain, Andorra, Korea, Democratic People's Republic of, Armenia, Austria, Bulgaria, Bosnia and Herzegovina, Albania, Canada, China, Kazakhstan, France, Georgia, Germany, Greece, Hungary, Italy, Japan, Croatia",No,"AK, AZ, CA, CO, CT, DE, GA, IA, ID, IL, IN, KY, MA, MD, ME, MI, MN, MO, MT, NC, ND, NH, NJ, NM, NV, NY, OH, OR, PA, RI, SD, TN, UT, VA, VT, WA, WI, WV, WY",Least Concern,2018,G5,2016,Not listed,Not listed,123
Sapindaceae,Sapindus,Sapindus saponaria,L.,,"Paraguay, Panama, Nicaragua, Montserrat, Mexico, Peru, Hong Kong, United States, Martinique, Puerto Rico, Saint Bathélemy, Saint Vincent and the Grenadines, Virgin Islands, U.S., Trinidad and Tobago, Venezuela, Bolivarian Republic of, Virgin Islands, British, Haiti, Guyana, Suriname, Barbados, Antigua and Barbuda, Honduras, Bahamas, Belize, Bolivia, Plurinational State of, Bonaire, Sint Eustatius and Saba, Brazil, Cayman Islands, Colombia, Guadeloupe, Costa Rica, Guatemala, Grenada, French Guiana, Ecuador, Dominican Republic, Dominica, Cuba",No,"AL, AR, AZ, CO, FL, GA, HI, KS, LA, MO, MS, NM, OK, TX",Least Concern,2020,G5,1994,Not listed,Not listed,68
Euphorbiaceae,Sapium,Sapium glandulosum,(L.) Morong,,"Mexico, United States, Virgin Islands, U.S., Nicaragua, Panama, Paraguay, Peru, Saint Kitts and Nevis, Montserrat, Saint Lucia, Martinique, Saint Vincent and the Grenadines, Virgin Islands, British, Trinidad and Tobago, Uruguay, Venezuela, Bolivarian Republic of, Cuba, Suriname, Argentina, Ecuador, Jamaica, Antigua and Barbuda, Barbados, Belize, Bolivia, Plurinational State of, Colombia, Costa Rica, El Salvador, French Guiana, Grenada, Guadeloupe, Honduras, Guatemala, Dominica, Guyana",No,FL,Least Concern,2018,G3,1995,Not listed,Not listed,7
Lauraceae,Sassafras,Sassafras albidum,(Nutt.) Nees,,"United States, Canada",No,"AL, AR, CT, DC, DE, FL, GA, IA, IL, IN, KS, KY, LA, MA, MD, ME, MI, MO, MS, NC, NH, NJ, NY, OH, OK, PA, RI, SC, TN, TX, VA, VT, WV",Least Concern,2018,G5,2015,Not listed,Not listed,158
Celastraceae,Schaefferia,Schaefferia frutescens,Jacq.,,"Saint Bathélemy, Saint Kitts and Nevis, Saint Lucia, Saint Martin, Saint Vincent and the Grenadines, United States, Virgin Islands, U.S., Virgin Islands, British, Puerto Rico, Guadeloupe, Venezuela, Bolivarian Republic of, Antigua and Barbuda, Martinique, Montserrat, Anguilla, Bahamas, Bonaire, Sint Eustatius and Saba, Cayman Islands, Cuba, Grenada, Jamaica",No,FL,Least Concern,2020,G5,1995,Not listed,Not listed,13
Olacaceae,Schoepfia,Schoepfia schreberi,J.F.Gmel.,,"Virgin Islands, U.S., Puerto Rico, Mexico, Montserrat, Nicaragua, Panama, Martinique, Saint Bathélemy, Saint Kitts and Nevis, Saint Lucia, Saint Vincent and the Grenadines, Virgin Islands, British, Jamaica, Dominica, United States, Belize, Honduras, Barbados, Bonaire, Sint Eustatius and Saba, Colombia, Costa Rica, Cuba, Dominican Republic, Antigua and Barbuda, Grenada, Guadeloupe, Haiti, Guatemala, Bahamas, El Salvador",No,FL,Least Concern,2020,G5,1993,Not listed,Not listed,1
Fabaceae,Senegalia,Senegalia berlandieri,(Benth.) Britton & Rose,,"United States, Mexico",No,"FL, TX",Least Concern,2020,G4,1991,Not listed,Not listed,4
Fabaceae,Senegalia,Senegalia greggii,(A.Gray) Britton & Rose,,"Mexico, United States",No,"AZ, CA, NM, NV, TX, UT",Least Concern,2020,G4,2004,Not listed,Not listed,12
Fabaceae,Senegalia,Senegalia roemeriana,(Scheele) Britton & Rose,,"Mexico, United States",No,"NM, TX",Least Concern,2020,G5,1989,Not listed,Not listed,2
Fabaceae,Senegalia,Senegalia wrightii,(Benth.) Britton & Rose,,"Mexico, United States",No,TX,Least Concern,2022,G4,2020,Not listed,Not listed,2
Fabaceae,Senna,Senna mexicana,(Jacq.) H.S.Irwin & Barneby,,"Dominican Republic, Haiti, Jamaica, United States",No,FL,Least Concern (ESTIMATED),ESTIMATED ASSESSMENT,G4,1993,Not listed,Not listed,Not on PlantSearch
Fabaceae,Senna,Senna pendula,(Willd.) H.S.Irwin & Barneby,,"Paraguay, United States, Uruguay, Peru, Colombia, Brazil, Argentina, Bolivia, Plurinational State of, Mexico, Venezuela, Bolivarian Republic of",No,"FL, HI, TX",Least Concern (ESTIMATED),ESTIMATED ASSESSMENT,GNR,2002,Not listed,Not listed,5
Cupressaceae,Sequoia,Sequoia sempervirens,(D.Don) Endl.,,United States,Yes,"CA, OR",Endangered,2013,G4,2020,Not listed,Not listed,201
Cupressaceae,Sequoiadendron,Sequoiadendron giganteum,(Lindl.) J.T.Buchholz,,United States,Yes,CA,Endangered,2013,G3,2020,Not listed,Not listed,175
Arecaceae,Serenoa,Serenoa repens,(W.Bartram) Small,,United States,Yes,"AL, FL, GA, LA, MS, SC, TX",Least Concern (ESTIMATED),ESTIMATED ASSESSMENT,G4,2019,Not listed,Not listed,80
Fabaceae,Sesbania,Sesbania drummondii,(Rydb.) Cory,,"Mexico, United States",No,"AL, AR, FL, LA, MS, TX",Least Concern,2012,G4,1993,Not listed,Not listed,5
Elaeagnaceae,Shepherdia,Shepherdia argentea,(Pursh) Nutt.,,"United States, Canada",No,"AZ, CA, CO, IA, ID, KS, MI, MN, MT, ND, NE, NM, NV, NY, OR, SD, UT, WI, WY",Least Concern,2018,G5,2016,Not listed,Not listed,87
Sapotaceae,Sideroxylon,Sideroxylon alachuense,L.C.Anderson,,United States,Yes,"FL, GA",Critically Endangered,2022,G1,2018,Not listed,Not listed,1
Sapotaceae,Sideroxylon,Sideroxylon celastrinum,(Kunth) T.D.Penn.,,"Cuba, United States, Nicaragua, Mexico, Venezuela, Bolivarian Republic of, Honduras, Costa Rica, Colombia, Bahamas, El Salvador, Guatemala",No,"FL, TX",Least Concern,2020,G5,1992,Not listed,Not listed,3
Sapotaceae,Sideroxylon,Sideroxylon foetidissimum,Jacq.,,"United States, Jamaica, Martinique, Montserrat, Mexico, Saint Lucia, Trinidad and Tobago, Virgin Islands, British, Virgin Islands, U.S., Honduras, Saint Vincent and the Grenadines, Antigua and Barbuda, Guatemala, Guadeloupe, Dominican Republic, Puerto Rico, Dominica, Cuba, Cayman Islands, Bonaire, Sint Eustatius and Saba, Belize, Barbados, Bahamas, Haiti",No,FL,Least Concern,2020,G5,1992,Not listed,Not listed,10
Sapotaceae,Sideroxylon,Sideroxylon lanuginosum,Michx.,,"Mexico, United States",No,"AL, AR, AZ, FL, GA, IL, KS, LA, MO, MS, NM, OK, SC, TX",Least Concern,2020,G4,1988,Not listed,Not listed,19
Sapotaceae,Sideroxylon,Sideroxylon lycioides,L.,,United States,Yes,"AL, AR, DE, FL, GA, IL, IN, KY, LA, MO, MS, NC, SC, TN, TX, VA, WV",Least Concern,2020,G5,1990,Not listed,Not listed,12
Sapotaceae,Sideroxylon,Sideroxylon salicifolium,(L.) Lam.,,"Guatemala, Barbados, Virgin Islands, U.S., Virgin Islands, British, United States, Turks and Caicos Islands, Mexico, Jamaica, Honduras, Haiti, Guadeloupe, El Salvador, Dominican Republic, Cuba, Belize, Bahamas, Antigua and Barbuda, Anguilla, Bonaire, Sint Eustatius and Saba",No,FL,Least Concern,2020,G5,1992,Not listed,Not listed,8
Sapotaceae,Sideroxylon,Sideroxylon tenax,L.,,United States,Yes,"FL, GA, NC, SC",Least Concern (ESTIMATED),ESTIMATED ASSESSMENT,G3,1990,Not listed,Not listed,4
Simaroubaceae,Simarouba,Simarouba glauca,DC.,,"Guatemala, Bahamas, Panama, United States, Mexico, Cuba, Belize, Costa Rica, El Salvador",No,FL,Least Concern,2019,G5,1993,Not listed,Not listed,19
Solanaceae,Solanum,Solanum bahamense,L.,,"Saint Kitts and Nevis, Virgin Islands, U.S., Virgin Islands, British, United States, Saint Lucia, Saint Bathélemy, Puerto Rico, Montserrat, Dominican Republic, Dominica, Bonaire, Sint Eustatius and Saba, Barbados, Bahamas, Antigua and Barbuda, Anguilla, Jamaica, Saint Martin",No,FL,Least Concern,2020,G5,1996,Not listed,Not listed,4
Solanaceae,Solanum,Solanum erianthum,D. Don,,"Bahamas, Virgin Islands, British, United States, Trinidad and Tobago, Puerto Rico, Jamaica, Haiti, Ecuador, Dominican Republic, Colombia, Virgin Islands, U.S., Cuba",No,"FL, TX",Least Concern (ESTIMATED),ESTIMATED ASSESSMENT,GNR,1993,Not listed,Not listed,14
Fabaceae,Sophora,Sophora affinis,Torr. & A.Gray,,United States,Yes,"AR, LA, OK, TX",Least Concern,2020,G4,1986,Not listed,Not listed,18
Fabaceae,Sophora,Sophora leachiana,M.Peck        ,,United States,Yes,OR,Endangered (ESTIMATED),ESTIMATED ASSESSMENT,G2,2018,Not listed,Not listed,1
Fabaceae,Sophora,Sophora tomentosa,L.,,"Mozambique, Puerto Rico, Philippines, Papua New Guinea, Panama, Nigeria, Nicaragua, Saint Vincent and the Grenadines, Myanmar, Sierra Leone, Mexico, Martinique, Maldives, Malaysia, Madagascar, New Caledonia, Thailand, Virgin Islands, U.S., Viet Nam, Venezuela, Bolivarian Republic of, Vanuatu, United States, Trinidad and Tobago, Senegal, Togo, Liberia, Tanzania, United Republic of, Taiwan, Province of China, Sri Lanka, Singapore, Virgin Islands, British, Seychelles, Tonga, Bangladesh, Cook Islands, Colombia, China, Central African Republic, Cayman Islands, Brazil, Costa Rica, Belize, Cambodia, Bahamas, Australia, Aruba, Antigua and Barbuda, Anguilla, Wallis and Futuna, Kiribati, Japan, Bonaire, Sint Eustatius and Saba, Kenya, Côte d'Ivoire, Jamaica, Indonesia, India, Hong Kong, Honduras, Haiti, Guadeloupe, Ghana, Fiji, Dominican Republic, Dominica, Curaçao, Cuba, Guinea",No,"FL, TX",Least Concern,2021,G4,1996,Not listed,Not listed,36
Rosaceae,Sorbus,Sorbus americana,Marshall,,"Canada, Saint Pierre and Miquelon, United States",No,"CT, GA, IL, MA, MD, ME, MI, MN, NC, NH, NJ, NY, PA, RI, SC, TN, VA, VT, WI, WV",Least Concern,2018,G5,2016,Not listed,Not listed,89
Rosaceae,Sorbus,Sorbus decora,(Sarg.) C.K.Schneid.,,"Canada, Saint Pierre and Miquelon, United States",No,"CT, IA, IL, IN(SX), MA, ME, MI, MN, NH, NY, OH, PA, VT, WI",Least Concern,2018,G5,2016,Not listed,Not listed,80
Rosaceae,Sorbus,Sorbus scopulina,Greene,,"Canada, United States",No,"AK, AZ, CA, CO, ID, MT, NM, NV, OR, SD, UT, WA, WY",Least Concern,2020,G5,2016,Not listed,Not listed,31
Rosaceae,Sorbus,Sorbus sitchensis,M.Roem.,,"Canada, United States",No,"AK, CA, ID, MT, OR, WA",Least Concern,2018,G5,2016,Not listed,Not listed,24
Staphyleaceae,Staphylea,Staphylea bolanderi,A.Gray,,United States,Yes,CA,Least Concern,2020,G4,2000,Not listed,Not listed,21
Staphyleaceae,Staphylea,Staphylea trifolia,L.,,"Canada, United States",No,"AL, AR, CT, DC, DE, FL, GA, IA, IL, IN, KS, KY, LA, MA, MD, MI, MN, MO, MS, NC, NE, NH, NJ, NY, OH, OK, PA, SC, TN, VA, VT, WI, WV",Least Concern,2018,G5,2016,Not listed,Not listed,138
Cactaceae,Stenocereus,Stenocereus thurberi,(Engelm.) Buxb.,,"United States, Mexico",No,AZ,Least Concern,2017,G5,1989,Not listed,Not listed,63
Theaceae,Stewartia,Stewartia malacodendron,L.,,United States,Yes,"AL, AR, FL, GA, LA, MS, NC, SC, TN, TX, VA",Least Concern,2015,G4,1996,Not listed,Not listed,52
Theaceae,Stewartia,Stewartia ovata,(Cav.) Weath.,,United States,Yes,"AL, FL, GA, KY, MS, NC, SC, TN, VA",Least Concern,2015,G4,1988,Not listed,Not listed,40
Styracaceae,Styrax,Styrax americanus,Lam.,,United States,Yes,"AL, AR, DC, FL, GA, IL, IN, KY, LA, MO, MS, NC, NJ, OK, SC, TN, TX, VA",Least Concern,2020,G5,1985,Not listed,Not listed,72
Styracaceae,Styrax,Styrax grandifolius,Aiton,,United States,Yes,"AL, AR, FL, GA, IL, IN, KY, LA, MS, NC, OH(SX), SC, TN, TX, VA",Least Concern,2020,G5,1985,Not listed,Not listed,15
Styracaceae,Styrax,Styrax platanifolius,Engelm. ex Torr.,,"Mexico, United States",No,TX,Near Threatened,2021,G3,2000,Not listed,Not listed,7
Surianaceae,Suriana,Suriana maritima,L.,,"Wallis and Futuna, Virgin Islands, U.S., Martinique, Marshall Islands, Mauritius, Mexico, Montserrat, Mozambique, New Caledonia, Nicaragua, Pakistan, Panama, Philippines, Puerto Rico, Madagascar, Samoa, Seychelles, Sri Lanka, Taiwan, Province of China, Tanzania, United Republic of, Timor-Leste, Turks and Caicos Islands, United States, Venezuela, Bolivarian Republic of, Virgin Islands, British, Pitcairn, Viet Nam, Cook Islands, Kiribati, Saint Vincent and the Grenadines, American Samoa, Anguilla, Antigua and Barbuda, Australia, Barbados, Belize, Brazil, Cayman Islands, China, Colombia, Costa Rica, Grenada, Kenya, Jamaica, India, Honduras, Cocos (Keeling) Islands, Guadeloupe, Cuba, French Polynesia, French Guiana, Fiji, Dominican Republic, Dominica, Haiti",No,FL,Least Concern,2018,G4,1988,Not listed,Not listed,15
Meliaceae,Swietenia,Swietenia mahagoni,(L.) Jacq.,,"Jamaica, Cuba, United States, Turks and Caicos Islands, Bahamas, Dominican Republic, Haiti, Cayman Islands",No,FL,Near Threatened,2020,G3,2020,Not listed,Not listed,68
Symplocaceae,Symplocos,Symplocos tinctoria,(L.) L'Hér.,,United States,Yes,"AL, AR, DE, FL, GA, LA, MD, MS, NC, NJ, OK, SC, TN, TX, VA",Least Concern,2020,G5,1985,Not listed,Not listed,9
Cupressaceae,Taxodium,Taxodium distichum,(L.) Rich.,,United States,Yes,"AL, AR, DE, FL, GA, IL, IN, KY, LA, MD, MO, MS, NC, NJ, NY, OK, PA, SC, TN, TX, VA",Least Concern,2013,G5,1983,Not listed,Not listed,290
Taxaceae,Taxus,Taxus brevifolia,Nutt.,,"Canada, United States",No,"AK, CA, ID, MT, NV, OR, WA",Near Threatened,2013,G5,2016,Not listed,Not listed,63
Taxaceae,Taxus,Taxus canadensis,Marshall,,"United States, Canada",No,"CT, IA, IL, IN, KY, MA, MD, ME, MI, MN, NC, NH, NJ, NY, OH, PA, RI, TN, VA, VT, WI, WV",Least Concern,2013,G5,2016,Not listed,Not listed,77
Taxaceae,Taxus,Taxus floridana,Nutt. ex Chapman,,United States,Yes,FL,Critically Endangered,2011,G2,1997,Not listed,Not listed,24
Bignoniaceae,Tecoma,Tecoma stans,(L.) Juss. ex Kunth,,"Venezuela, Bolivarian Republic of, Saint Kitts and Nevis, Martinique, Mexico, Montserrat, Nicaragua, Jamaica, Peru, Saint Bathélemy, Saint Lucia, Saint Martin, Saint Vincent and the Grenadines, Trinidad and Tobago, United States, Honduras, Virgin Islands, British, Virgin Islands, U.S., Panama, Turks and Caicos Islands, Bahamas, Haiti, Argentina, Barbados, Bolivia, Plurinational State of, Bonaire, Sint Eustatius and Saba, Cayman Islands, Colombia, Costa Rica, Cuba, Puerto Rico, Dominica, Anguilla, Dominican Republic, Ecuador, El Salvador, Grenada, Antigua and Barbuda, Guadeloupe, Guatemala, Curaçao",No,"AZ, FL, HI, NM, TX",Least Concern,2019,G5,1993,Not listed,Not listed,118
Melastomataceae,Tetrazygia,Tetrazygia bicolor,(Mill.) Cogn.,,"Dominican Republic, Haiti, Bahamas, United States, Cuba",No,"FL, HI",Least Concern,2019,G4,1996,Not listed,Not listed,5
Arecaceae,Thrinax,Thrinax radiata,Lodd. ex Schult. & Schult.f.,,"Dominican Republic, United States, Nicaragua, Mexico, Haiti, Cuba, Cayman Islands, Belize, Bahamas, Honduras",No,FL,Least Concern,2021,G4,1988,Not listed,Not listed,64
Cupressaceae,Thuja,Thuja occidentalis,L.,,"Canada, United States",No,"CT, IA, IL, IN, KY, MA, MD, ME, MI, MN, NC, NH, NJ, NY, OH, RI, SC, TN, VA, VT, WI, WV",Least Concern,2013,G5,2016,Not listed,Not listed,235
Cupressaceae,Thuja,Thuja plicata,Donn ex D.Don,,"Canada, United States",No,"AK, CA, ID, MT, OR, WA",Least Concern,2013,G5,2016,Not listed,Not listed,204
Malvaceae,Tilia,Tilia americana,L.,,"United States, Canada",No,"AL, AR, CT, DC, DE, FL, GA, IA, IL, IN, KS, KY, LA, MA, MD, ME, MI, MN, MO, MS, NC, ND, NE, NH, NJ, NY, OH, OK, PA, RI, SC, SD, TN, TX, VA, VT, WI, WV",Least Concern,2017,G5,2016,Not listed,Not listed,182
Taxaceae,Torreya,Torreya californica,Torr.,,United States,Yes,CA,Vulnerable,2013,G4,2020,Not listed,Not listed,79
Taxaceae,Torreya,Torreya taxifolia,Arn.,,United States,Yes,"FL, GA, NC",Critically Endangered,2011,G1,2009,Endangered,1984,70
Anacardiaceae,Toxicodendron,Toxicodendron vernix,(L.) Kuntze,,"Canada, United States",No,"AL, CT, DC, DE, FL, GA, IL, IN, KY, LA, MA, MD, ME, MI, MN, MS, NC, NH, NJ, NY, OH, PA, RI, SC, TN, TX, VA, VT, WI, WV",Least Concern,2016,G5,2016,Not listed,Not listed,13
Ulmaceae,Trema,Trema lamarckiana,(Roem. & Schult.) Blume,,"Saint Kitts and Nevis, United States, Saint Lucia, Puerto Rico, Montserrat, Martinique, Jamaica, Bahamas, Guadeloupe, Dominican Republic, Dominica, Cuba, Cayman Islands, Bonaire, Sint Eustatius and Saba, Saint Vincent and the Grenadines, Haiti",No,FL,Least Concern,2018,G5,1994,Not listed,Not listed,1
Ulmaceae,Trema,Trema micrantha,(L.) Blume,,"Panama, Nicaragua, Mexico, Martinique, Paraguay, Honduras, Venezuela, Bolivarian Republic of, Jamaica, Peru, Puerto Rico, Saint Vincent and the Grenadines, United States, Virgin Islands, British, Virgin Islands, U.S., Saint Lucia, Haiti, Trinidad and Tobago, Guyana, Argentina, Belize, Bolivia, Plurinational State of, Brazil, Suriname, Colombia, Antigua and Barbuda, Costa Rica, Guatemala, Dominica, Dominican Republic, Ecuador, El Salvador, French Guiana, Guadeloupe, Cuba, Bonaire, Sint Eustatius and Saba",No,FL,Least Concern,2019,G5,1994,Not listed,Not listed,14
Petiveriaceae,Trichostigma,Trichostigma octandrum,(L.) H.Walter,,"Peru, Paraguay, Panama, Nicaragua, Montserrat, Mexico, Jamaica, Puerto Rico, Martinique, Saint Bathélemy, Saint Lucia, Saint Martin, Saint Vincent and the Grenadines, Trinidad and Tobago, United States, Venezuela, Bolivarian Republic of, Haiti, Virgin Islands, U.S., Guyana, Virgin Islands, British, Barbados, Antigua and Barbuda, Honduras, Bahamas, Belize, Bolivia, Plurinational State of, Bonaire, Sint Eustatius and Saba, Brazil, Cayman Islands, Colombia, Costa Rica, Guadeloupe, Cuba, Guatemala, Grenada, French Guiana, El Salvador, Ecuador, Dominican Republic, Dominica",No,FL,Least Concern,2020,G4,1991,Not listed,Not listed,4
Malvaceae,Triumfetta,Triumfetta semitriloba,Jacq.,,"Jamaica, Taiwan, Province of China, Puerto Rico, Virgin Islands, U.S., Montserrat, Honduras, Panama, Peru, Martinique, Saint Bathélemy, Saint Lucia, Saint Martin, Virgin Islands, British, Suriname, Trinidad and Tobago, United States, Venezuela, Bolivarian Republic of, Mexico, Saint Vincent and the Grenadines, Bolivia, Plurinational State of, Haiti, Nicaragua, Antigua and Barbuda, Argentina, Bahamas, Belize, Bonaire, Sint Eustatius and Saba, Brazil, Cayman Islands, Guadeloupe, Guyana, Barbados, Guatemala, Colombia, Ecuador, Dominican Republic, Dominica, Cuba, Costa Rica",No,"FL, GA, HI",Least Concern,2021,G5,1993,Not listed,Not listed,3
Asteraceae,Trixis,Trixis inula,Crantz,,"Jamaica, Aruba, United States, Saint Vincent and the Grenadines, Panama, Nicaragua, Mexico, Venezuela, Bolivarian Republic of, Honduras, Haiti, Guatemala, El Salvador, Dominican Republic, Cuba, Belize, Costa Rica",No,TX,Least Concern,2019,G5,1992,Not listed,Not listed,5
Pinaceae,Tsuga,Tsuga canadensis,(L.) Carrière,,"Canada, United States",No,"AL, CT, DC, DE, GA, IN, KY, MA, MD, ME, MI, MN, NC, NH, NJ, NY, OH, PA, RI, SC, TN, VA, VT, WI, WV",Near Threatened,2013,G4,2021,Not listed,Not listed,235
Pinaceae,Tsuga,Tsuga caroliniana,Engelm.,,United States,Yes,"GA, NC, SC, TN, VA",Near Threatened,2013,G2,2018,Not listed,Not listed,80
Pinaceae,Tsuga,Tsuga heterophylla,(Raf.) Sarg.,,"Canada, United States",No,"AK, CA, ID, MT, OR, WA",Least Concern,2013,G5,2016,Not listed,Not listed,109
Pinaceae,Tsuga,Tsuga mertensiana,(Bong.) Carrière,,"United States, Canada",No,"AK, CA, ID, MT, NV, OR, WA",Least Concern,2013,G5,2016,Not listed,Not listed,70
Ulmaceae,Ulmus,Ulmus alata,Michx.,,United States,Yes,"AL, AR, FL, GA, IL, IN, KS, KY, LA, MD, MO, MS, NC, OK, SC, TN, TX, VA",Least Concern,2020,G5,1985,Not listed,Not listed,35
Ulmaceae,Ulmus,Ulmus americana,L.,,"Canada, United States",No,"AL, AR, CT, DC, DE, FL, GA, IA, IL, IN, KS, KY, LA, MA, MD, ME, MI, MN, MO, MS, MT, NC, ND, NE, NH, NJ, NY, OH, OK, PA, RI, SC, SD, TN, TX, VA, VT, WI, WV, WY",Endangered,2020,G4,2019,Not listed,Not listed,137
Ulmaceae,Ulmus,Ulmus crassifolia,Nutt.,,"Mexico, United States",No,"AR, FL, LA, MO, MS, OK, TN, TX",Least Concern,2017,G5,1991,Not listed,Not listed,27
Ulmaceae,Ulmus,Ulmus rubra,Muhl.,,"Canada, United States",No,"AL, AR, CT, DC, DE, FL, GA, IA, IL, IN, KS, KY, LA, MA, MD, ME, MI, MN, MO, MS, NC, ND, NE, NH, NJ, NY, OH, OK, PA, RI, SC, SD, TN, TX, VA, VT, WI, WV",Least Concern,2018,G5,2015,Not listed,Not listed,67
Ulmaceae,Ulmus,Ulmus serotina,Sarg.,,United States,Yes,"AL, AR, GA, IL, KY, MO, MS, NC, OK, TN",Least Concern,2020,G4,1997,Not listed,Not listed,14
Ulmaceae,Ulmus,Ulmus thomasii,Sarg.,,"Canada, United States",No,"AR, CT, IA, IL, IN, KS, KY, MA, MI, MN, MO, ND, NE, NJ(SX), NY, OH, PA, SD, TN, VT, WI, WV",Least Concern,2018,G5,1986,Not listed,Not listed,26
Lauraceae,Umbellularia,Umbellularia californica,(Hook. & Arn.) Nutt.,,"Mexico, United States",No,"CA, OR",Least Concern,2018,G5,1988,Not listed,Not listed,93
Sapindaceae,Ungnadia,Ungnadia speciosa,Endl.,,"Mexico, United States",No,"NM, TX",Least Concern,2021,G4,1992,Not listed,Not listed,48
Ericaceae,Vaccinium,Vaccinium arboreum,Marshall,,United States,Yes,"AL, AR, FL, GA, IL, IN, KS, KY, LA, MO, MS, NC, OK, SC, TN, TX, VA",Least Concern,2020,G5,1984,Not listed,Not listed,40
Fabaceae,Vachellia,Vachellia choriophylla,(Benth.) Seigler & Ebinger,,"United States, Bahamas, Cuba",No,FL,Data Deficient,2021,G4,1995,Not listed,Not listed,1
Fabaceae,Vachellia,Vachellia constricta,(Benth.) Seigler & Ebinger,,"Mexico, United States",No,"AZ, MD, NM, TX, VA",Least Concern,2020,G5,1989,Not listed,Not listed,6
Fabaceae,Vachellia,Vachellia farnesiana,(L.) Wight & Arn.,,"Puerto Rico, Virgin Islands, British, Martinique, Jamaica, Mexico, Montserrat, Nicaragua, Panama, Paraguay, Peru, Virgin Islands, U.S., Costa Rica, Saint Bathélemy, Saint Kitts and Nevis, Saint Lucia, Saint Vincent and the Grenadines, Suriname, Trinidad and Tobago, Turks and Caicos Islands, United States, Venezuela, Bolivarian Republic of, Honduras, Uruguay, Argentina, Haiti, Dominica, Antigua and Barbuda, Bahamas, Barbados, Belize, Bolivia, Plurinational State of, Bonaire, Sint Eustatius and Saba, Brazil, Cayman Islands, Guadeloupe, Anguilla, Colombia, Guyana, Guatemala, Grenada, French Guiana, El Salvador, Ecuador, Dominican Republic, Cuba",No,"AL, AZ, AZ, CA, FL, GA, GA, HI, MS, NM, TX",Least Concern,2020,G5,1994,Not listed,Not listed,17
Fabaceae,Vachellia,Vachellia macracantha,(Humb. & Bonpl. ex Willd.) Seigler & Ebinger,,"Jamaica, Virgin Islands, British, Saint Lucia, Mexico, Paraguay, Peru, Puerto Rico, Martinique, Saint Martin, Saint Vincent and the Grenadines, Trinidad and Tobago, Turks and Caicos Islands, Venezuela, Bolivarian Republic of, Virgin Islands, U.S., Honduras, Dominican Republic, United States, Barbados, Anguilla, Antigua and Barbuda, French Guiana, Bahamas, Haiti, Bolivia, Plurinational State of, Bonaire, Sint Eustatius and Saba, Chile, Cuba, Ecuador, Grenada, Guadeloupe, Guyana, Colombia, Argentina",No,"FL, GA",Least Concern,2020,G5,1991,Not listed,Not listed,2
Fabaceae,Vachellia,Vachellia rigidula,(Benth.) Seigler & Ebinger,,"Mexico, United States",No,TX,Least Concern,2019,G5,1989,Not listed,Not listed,4
Fabaceae,Vachellia,Vachellia tortuosa,(L.) Seigler & Ebinger,,"Virgin Islands, U.S., Jamaica, Martinique, Montserrat, Peru, Saint Bathélemy, United States, Virgin Islands, British, Haiti, Puerto Rico, Venezuela, Bolivarian Republic of, Ecuador, Dominican Republic, Curaçao, Cuba, Turks and Caicos Islands, Colombia, Guadeloupe, Bonaire, Sint Eustatius and Saba, Barbados, Bahamas, Aruba, Antigua and Barbuda",No,FL,Least Concern,2021,G4,1994,Not listed,Not listed,2
Apocynaceae,Vallesia,Vallesia antillana,Woodson,,"Bahamas, United States, Mexico, Jamaica, Cuba, Dominican Republic",No,FL,Least Concern (ESTIMATED),ESTIMATED ASSESSMENT,G4,1993,Not listed,Not listed,5
Boraginaceae,Cordia,Varronia bahamensis,(Urb.) Millsp.,,"Bahamas, United States",No,FL,Least Concern,2014,GNR,,Not listed,Not listed,Not on PlantSearch
Rosaceae,Vauquelinia,Vauquelinia californica,(Torr.) Sarg.,,"Mexico, United States",No,"AZ, NM",Least Concern,2020,G4,1991,Not listed,Not listed,19
Rosaceae,Vauquelinia,Vauquelinia corymbosa,Corrêa ex Humb. & Bonpl.,,"Mexico, United States",No,TX,Least Concern,2020,G4,1995,Not listed,Not listed,3
Caprifoliaceae,Viburnum,Viburnum alabamense,(McAtee) Sorrie,,United States,Yes,"AL, KY, TN",Endangered,2021,GNR,,Not listed,Not listed,1
Caprifoliaceae,Viburnum,Viburnum lentago,L.,,"Canada, United States",No,"CO, CT, DC, DE, GA, IA, IL, IN, MA, MD, ME, MI, MN, MO, MT, NC, ND, NE, NH, NJ, NY, OH, PA, RI, SD, VA, VT, WI, WV, WY",Least Concern,2018,G5,2018,Not listed,Not listed,158
Viburnaceae,Viburnum,Viburnum obovatum,Walter,,United States,Yes,"AL, FL, GA, SC",Not Evaluated,,G5,1988,Not listed,Not listed,31
Caprifoliaceae,Viburnum,Viburnum prunifolium,L.,,United States,Yes,"AL, AR, CT, DC, DE, FL, GA, IA, IL, IN, KS, KY, LA, MD, MI, MO, MS, NC, NJ, NY, OH, OK, PA, SC, TN, TX, VA, WI, WV",Least Concern,2020,G5,1983,Not listed,Not listed,149
Caprifoliaceae,Viburnum,Viburnum rufidulum,Raf.,,"Mexico, United States",No,"AL, AR, FL, GA, IL, IN, KS, KY, LA, MO, MS, NC, OH, OK, SC, TN, TX, VA, WV",Least Concern,2019,G5,1988,Not listed,Not listed,72
Arecaceae,Washingtonia,Washingtonia filifera,(L. Linden) H. Wendl.,,"Mexico, United States",No,"AZ, CA, FL, NV",Least Concern,2021,G4,1999,Not listed,Not listed,152
Olacaceae,Ximenia,Ximenia americana,L.,,"Marshall Islands, Palau, Northern Mariana Islands, Nigeria, Niger, Nicaragua, New Caledonia, Namibia, Myanmar, Mozambique, Micronesia, Federated States of, Mexico, Indonesia, Zambia, Mali, Malaysia, Malawi, Liberia, Kenya, Tonga, Jamaica, Panama, Martinique, Sudan, Guatemala, India, Virgin Islands, U.S., Venezuela, Bolivarian Republic of, United States, Uganda, Tuvalu, Turks and Caicos Islands, Trinidad and Tobago, Togo, Thailand, Suriname, Peru, Sri Lanka, Solomon Islands, Sierra Leone, Senegal, Sao Tomé and Principe, Samoa, Saint Vincent and the Grenadines, Saint Lucia, Puerto Rico, Philippines, Tanzania, United Republic of, Benin, Christmas Island, China, Chad, Central African Republic, Cayman Islands, Cape Verde, Burundi, Brazil, Botswana, Cocos (Keeling) Islands, Bolivia, Plurinational State of, Cameroon, Belize, Bangladesh, Bahamas, Australia, Argentina, Anguilla, Angola, American Samoa, Guinea-Bissau, Honduras, Bonaire, Sint Eustatius and Saba, Ghana, Haiti, Guyana, Guinea, Burkina Faso, Guadeloupe, Colombia, Gambia, Gabon, French Polynesia, French Guiana, Fiji, Ethiopia, Djibouti, Guam, Equatorial Guinea, Costa Rica, Cuba, Dominica, Dominican Republic, Congo, Ecuador, El Salvador, Côte d'Ivoire",No,FL,Least Concern,2019,G5,1993,Not listed,Not listed,11
Salicaceae,Xylosma,Xylosma buxifolia,A.Gray,,"Virgin Islands, U.S., Bonaire, Sint Eustatius and Saba, Martinique, Virgin Islands, British, United States, Puerto Rico, Haiti, Guadeloupe, Cuba, Bahamas, Dominican Republic",No,FL,Least Concern,2020,G5,1993,Not listed,Not listed,Not on PlantSearch
Salicaceae,Xylosma,Xylosma flexuosa,(Kunth) Hemsl.,,"Panama, United States, Honduras, Nicaragua, Mexico, El Salvador, Curaçao, Costa Rica, Colombia, Belize, Venezuela, Bolivarian Republic of, Guatemala",No,TX,Least Concern,2019,G5,1993,Not listed,Not listed,4
Asparagaceae,Yucca,Yucca aloifolia,L.,,"Bermuda, Mexico, United States",No,"AL, FL, GA, LA, MS, NC, SC, VA",Data Deficient,2021,G5,1988,Not listed,Not listed,110
Asparagaceae,Yucca,Yucca baccata,Torr.,,"Mexico, United States",No,"AZ, CA, CO, NM, NV, OK, TX, UT",Least Concern,2020,G5,1990,Not listed,Not listed,71
Asparagaceae,Yucca,Yucca brevifolia,Engelm.,,United States,Yes,"AZ, CA, NV, UT",Vulnerable,2020,G4,2003,Not listed,Not listed,59
Asparagaceae,Yucca,Yucca elata,(Engelm.) Engelm.,,"Mexico, United States",No,"AZ, NM, NV, TX, UT",Least Concern,2020,G5,2016,Not listed,Not listed,50
Asparagaceae,Yucca,Yucca faxoniana,Sarg.,,"Mexico, United States",No,"NM, TX",Least Concern,2020,G4,1992,Not listed,Not listed,50
Asparagaceae,Yucca,Yucca gloriosa,L.,,United States,Yes,"AL, FL, GA, LA, MS, NC, SC",Least Concern,2020,G4,1992,Not listed,Not listed,93
Asparagaceae,Yucca,Yucca rostrata,Engelm. ex Trel.,,"Mexico, United States",No,TX,Least Concern,2020,G4,1994,Not listed,Not listed,81
Asparagaceae,Yucca,Yucca schidigera,Roezl ex Ortgies,,"Mexico, United States",No,"AZ, CA, NV, UT",Least Concern,2020,G4,1990,Not listed,Not listed,36
Asparagaceae,Yucca,Yucca thompsoniana,Trel.,,"United States, Mexico",No,TX,Least Concern,2020,G3,2002,Not listed,Not listed,45
Asparagaceae,Yucca,Yucca torreyi,Shafer,,"Mexico, United States",No,"NM, TX",Least Concern,2021,G4,1996,Not listed,Not listed,28
Asparagaceae,Yucca,Yucca treculeana,Carrière,,"United States, Mexico",No,"NM, TX",Vulnerable,2020,G5,2016,Not listed,Not listed,41
Rutaceae,Zanthoxylum,Zanthoxylum americanum,Mill.,,"Canada, United States",No,"AL, AR, CT, DE, FL, GA, IA, IL, IN, KS, KY, LA, MA, MD, ME, MI, MN, MO, NC, ND, NE, NH, NJ, NY, OH, OK, PA, RI, SC, SD, TN, VA, VT, WI, WV",Least Concern,2018,G5,2016,Not listed,Not listed,89
Rutaceae,Zanthoxylum,Zanthoxylum clava-herculis,L.,,United States,Yes,"AL, AR, FL, GA, LA, MS, NC, OK, SC, TX, VA",Least Concern,2020,G4,2001,Not listed,Not listed,23
Rutaceae,Zanthoxylum,Zanthoxylum coriaceum,A.Rich.,,"Cuba, Dominican Republic, United States, Cayman Islands, Bahamas, Haiti",No,FL,Vulnerable (ESTIMATED),ESTIMATED ASSESSMENT,G3,2020,Not listed,Not listed,5
Rutaceae,Zanthoxylum,Zanthoxylum fagara,(L.) Sarg.,,"Paraguay, Mexico, Jamaica, Nicaragua, Panama, Peru, Venezuela, Bolivarian Republic of, Trinidad and Tobago, Bolivia, Plurinational State of, Uruguay, Honduras, United States, Brazil, Colombia, Haiti, Bahamas, Costa Rica, Cuba, Dominican Republic, Ecuador, El Salvador, French Guiana, Guatemala, Argentina",No,"FL, TX",Least Concern,2019,G4,1993,Not listed,Not listed,19
Rutaceae,Zanthoxylum,Zanthoxylum flavum,Vahl.,,"Bahamas, Honduras, United States, Saint Lucia, Puerto Rico, Jamaica, Dominican Republic, Cuba, Bermuda, Anguilla, Brazil",No,FL,Vulnerable,2020,G3,2020,Not listed,Not listed,7
Rhamnaceae,Ziziphus,Ziziphus celata,Judd & Hall,*Assessed as Pseudoziziphus celata,United States,Yes,FL,Endangered (ESTIMATED),ESTIMATED ASSESSMENT,G1,2019,Endangered,1989,5
Rhamnaceae,Ziziphus,Ziziphus obtusifolia,(Hooker ex Torrey & A. Gray),*Assessed as Sarcomphalus obtusifolius,"Mexico, United States",No,"AZ, CA, NM, NV, OK, TX, UT",Least Concern,2022,G4,1990,Not listed,Not listed,13
Rhamnaceae,Ziziphus,Ziziphus parryi,Torrey,,"United States, Mexico",No,CA,Least Concern,2020,G5,1996,Not listed,Not listed,1