Iteration	Posterior	Likelihood	Prior	mu[1]	mu[2]	mu[3]	mu[4]	mu[5]	mu[6]	mu[7]	mu[8]	mu[9]	mu[10]
0	-2024.172	-2091.613	67.44141	0.367879	0.36823	0.366686	0.366503	0.369635	0.369787	0.369466	0.369546	0.37076	0.369749
10	-1558.804	-1626.246	67.44141	0.948691	0.948896	0.949286	0.946697	0.946224	0.949333	0.950237	0.949412	0.945431	0.953512
20	-1558.276	-1625.717	67.44141	0.954086	0.950086	0.958207	0.95912	0.958287	0.957807	0.960954	0.961349	0.958727	0.958935
30	-1558.481	-1625.923	67.44141	0.986558	0.986772	0.987177	0.984485	0.983993	0.987226	0.988166	0.987308	0.983169	0.991572
40	-1557.641	-1625.082	67.44141	0.971716	0.97123	0.972155	0.972554	0.968477	0.968687	0.976967	0.974302	0.973456	0.976655
50	-1557.727	-1625.168	67.44141	0.975339	0.983676	0.982822	0.978701	0.981917	0.982852	0.980172	0.979682	0.979894	0.980297
60	-1557.855	-1625.296	67.44141	0.960362	0.956336	0.96451	0.965429	0.96459	0.964108	0.967276	0.967673	0.965034	0.965243
70	-1557.922	-1625.363	67.44141	0.95911	0.960023	0.955999	0.955521	0.963688	0.964083	0.963246	0.963455	0.966621	0.963984
80	-1558.166	-1625.608	67.44141	0.955457	0.955849	0.956056	0.955578	0.952972	0.95388	0.957014	0.953002	0.952174	0.960313
90	-1558.656	-1626.097	67.44141	0.988208	0.987714	0.98812	0.989061	0.989276	0.985128	0.982442	0.990839	0.994094	0.993231
100	-1557.743	-1625.184	67.44141	0.962943	0.966107	0.963473	0.962636	0.962845	0.971074	0.971473	0.9674	0.966917	0.967838
110	-1557.731	-1625.173	67.44141	0.975469	0.975681	0.976081	0.973419	0.972933	0.976129	0.977059	0.976211	0.972118	0.980427
120	-1557.626	-1625.068	67.44141	0.968931	0.969141	0.966498	0.966895	0.970071	0.969586	0.968744	0.969667	0.977955	0.973855
130	-1557.727	-1625.168	67.44141	0.963406	0.966572	0.963936	0.963099	0.963307	0.971541	0.97194	0.967865	0.967381	0.968303
140	-1557.751	-1625.193	67.44141	0.962712	0.962921	0.963316	0.960689	0.960208	0.963363	0.964281	0.963443	0.959404	0.967605
150	-1558.071	-1625.513	67.44141	0.981816	0.979139	0.979351	0.982569	0.982972	0.982118	0.981627	0.990018	0.990961	0.986806
160	-1559.163	-1626.604	67.44141	0.945685	0.948792	0.946204	0.945382	0.945587	0.95367	0.954061	0.950061	0.949586	0.950491
170	-1557.628	-1625.07	67.44141	0.970361	0.978654	0.977805	0.973705	0.976904	0.977835	0.975168	0.974681	0.974892	0.975292
180	-1558.983	-1626.425	67.44141	0.947141	0.950253	0.947662	0.946839	0.947044	0.955139	0.955531	0.951525	0.951049	0.951955
190	-1557.626	-1625.067	67.44141	0.969506	0.977792	0.973693	0.972847	0.973774	0.976974	0.976485	0.973822	0.974222	0.974433
200	-1557.658	-1625.099	67.44141	0.972759	0.981073	0.97696	0.976112	0.977042	0.980252	0.979762	0.97709	0.977491	0.977703
210	-1557.993	-1625.434	67.44141	0.957935	0.957457	0.957849	0.958762	0.95897	0.95495	0.952345	0.960485	0.963641	0.962804
220	-1558.013	-1625.454	67.44141	0.957619	0.953604	0.954513	0.962671	0.96219	0.961354	0.961749	0.964909	0.965118	0.962486
230	-1557.736	-1625.178	67.44141	0.963127	0.96229	0.965452	0.973704	0.971048	0.966977	0.967187	0.968109	0.968506	0.968022
240	-1557.822	-1625.264	67.44141	0.977673	0.977184	0.978115	0.978517	0.974414	0.974626	0.982956	0.980275	0.979424	0.982642
250	-1557.635	-1625.076	67.44141	0.971214	0.979515	0.978664	0.974561	0.977763	0.978695	0.976026	0.975538	0.975749	0.97615
260	-1557.631	-1625.073	67.44141	0.967976	0.967492	0.968414	0.968811	0.96475	0.964959	0.973207	0.970553	0.96971	0.972896
270	-1557.978	-1625.419	67.44141	0.980447	0.983668	0.980986	0.980134	0.980346	0.988725	0.989131	0.984984	0.984492	0.98543
280	-1557.688	-1625.129	67.44141	0.964717	0.965636	0.961587	0.961107	0.969321	0.969719	0.968877	0.969087	0.972271	0.96962
290	-1558.24	-1625.681	67.44141	0.983962	0.984899	0.98077	0.980279	0.988658	0.989064	0.988205	0.988419	0.991667	0.988963
300	-1558.855	-1626.296	67.44141	0.989924	0.998385	0.997518	0.993336	0.9966	0.997549	0.994829	0.994331	0.994547	0.994955
310	-1558.871	-1626.312	67.44141	0.948099	0.948488	0.948014	0.94822	0.949123	0.946535	0.942566	0.945663	0.953746	0.952918
320	-1557.974	-1625.416	67.44141	0.958229	0.958623	0.958143	0.958351	0.959264	0.956648	0.952638	0.955768	0.963937	0.9631
330	-1557.709	-1625.151	67.44141	0.963954	0.964349	0.964559	0.964076	0.961447	0.962363	0.965525	0.961477	0.960642	0.968853
340	-1557.63	-1625.071	67.44141	0.968159	0.967318	0.970497	0.978792	0.976122	0.97203	0.972241	0.973167	0.973567	0.97308
350	-1557.63	-1625.072	67.44141	0.968133	0.976408	0.972314	0.97147	0.972395	0.97559	0.975103	0.972443	0.972843	0.973054
360	-1557.627	-1625.068	67.44141	0.968813	0.977094	0.976245	0.972152	0.975347	0.976276	0.973613	0.973127	0.973338	0.973737
370	-1558.076	-1625.517	67.44141	0.956689	0.957601	0.953586	0.953109	0.961256	0.96165	0.960815	0.961023	0.964181	0.961552
380	-1557.719	-1625.16	67.44141	0.975102	0.983437	0.982583	0.978463	0.981678	0.982613	0.979934	0.979444	0.979656	0.980058
390	-1558.642	-1626.083	67.44141	0.950196	0.951102	0.947114	0.946641	0.954732	0.955124	0.954294	0.954501	0.957637	0.955026
400	-1559.202	-1626.644	67.44141	0.992614	0.988452	0.989394	0.997851	0.997352	0.996486	0.996895	1.00017	1.00039	0.997659
410	-1557.764	-1625.205	67.44141	0.962397	0.961916	0.962311	0.963227	0.963436	0.959397	0.956781	0.964959	0.968129	0.967288
420	-1559.181	-1626.623	67.44141	0.992463	0.988303	0.989244	0.997699	0.997201	0.996335	0.996743	1.00002	1.00024	0.997507
430	-1557.992	-1625.434	67.44141	0.980671	0.981605	0.97749	0.977002	0.985352	0.985757	0.984901	0.985114	0.988351	0.985656
440	-1557.879	-1625.321	67.44141	0.959883	0.960798	0.95677	0.956291	0.964465	0.964861	0.964023	0.964232	0.9674	0.964762
450	-1558.012	-1625.454	67.44141	0.980974	0.989359	0.9885	0.984356	0.98759	0.988531	0.985835	0.985342	0.985556	0.98596
460	-1557.951	-1625.392	67.44141	0.958616	0.957784	0.96597	0.969144	0.965081	0.962449	0.963366	0.963575	0.963093	0.963488
470	-1558.354	-1625.796	67.44141	0.985246	0.981116	0.98205	0.990444	0.989949	0.989089	0.989495	0.992746	0.992961	0.990254
480	-1558.539	-1625.981	67.44141	0.951206	0.948612	0.951728	0.951935	0.951108	0.951498	0.959631	0.959151	0.95513	0.95604
490	-1557.961	-1625.402	67.44141	0.980183	0.980585	0.980095	0.980308	0.981242	0.978566	0.974463	0.977665	0.986021	0.985165
500	-1558.276	-1625.718	67.44141	0.984379	0.983524	0.986755	0.995189	0.992475	0.988314	0.988529	0.98947	0.989877	0.989382
510	-1557.665	-1625.106	67.44141	0.965676	0.964837	0.968007	0.976281	0.973619	0.969537	0.969747	0.970671	0.971069	0.970584
520	-1558.043	-1625.484	67.44141	0.981416	0.981819	0.982032	0.981541	0.978864	0.979796	0.983016	0.978894	0.978044	0.986404
530	-1557.702	-1625.144	67.44141	0.974573	0.982903	0.982049	0.977932	0.981145	0.98208	0.979402	0.978912	0.979124	0.979526
540	-1557.872	-1625.313	67.44141	0.960022	0.968228	0.967387	0.963331	0.966496	0.967417	0.964779	0.964296	0.964506	0.964901
550	-1558.054	-1625.495	67.44141	0.981573	0.981082	0.982017	0.98242	0.978301	0.978513	0.986877	0.984186	0.983331	0.986562
560	-1557.628	-1625.07	67.44141	0.968466	0.967982	0.968904	0.969302	0.965238	0.965447	0.973699	0.971044	0.970201	0.973388
570	-1557.653	-1625.094	67.44141	0.966312	0.967232	0.966749	0.962696	0.963091	0.971323	0.971533	0.97069	0.968042	0.971223
580	-1558.231	-1625.673	67.44141	0.983858	0.983003	0.986233	0.994663	0.99195	0.987791	0.988006	0.988947	0.989353	0.988858
590	-1557.842	-1625.283	67.44141	0.960614	0.968825	0.964763	0.963926	0.964844	0.968014	0.96753	0.964891	0.965287	0.965497
600	-1558.991	-1626.433	67.44141	0.947073	0.946251	0.954339	0.957474	0.95346	0.95086	0.951766	0.951972	0.951496	0.951887
610	-1557.89	-1625.331	67.44141	0.959682	0.957065	0.957273	0.960418	0.960812	0.959978	0.959498	0.967699	0.968621	0.96456
620	-1557.82	-1625.261	67.44141	0.977616	0.97495	0.978153	0.978365	0.977515	0.977917	0.986275	0.985782	0.981649	0.982584
630	-1559.735	-1627.176	67.44141	0.996206	0.993489	0.993705	0.99697	0.997379	0.996513	0.996014	1.00453	1.00548	1.00127
640	-1557.638	-1625.079	67.44141	0.971487	0.970644	0.97894	0.982157	0.978039	0.975372	0.976301	0.976513	0.976024	0.976425
650	-1557.666	-1625.108	67.44141	0.965614	0.973868	0.969785	0.968943	0.969866	0.973052	0.972566	0.969914	0.970312	0.970522
660	-1557.737	-1625.179	67.44141	0.975646	0.975158	0.975558	0.976487	0.976699	0.972605	0.969952	0.978243	0.981457	0.980604
670	-1558.014	-1625.455	67.44141	0.957604	0.965789	0.96495	0.960905	0.964062	0.96498	0.962349	0.961867	0.962076	0.962471
680	-1560.079	-1627.521	67.44141	0.939266	0.947294	0.946471	0.942503	0.9456	0.946501	0.94392	0.943448	0.943652	0.94404
690	-1558.867	-1626.308	67.44141	0.990026	0.990432	0.990647	0.990152	0.987451	0.988392	0.991639	0.987482	0.986624	0.995057
700	-1557.802	-1625.244	67.44141	0.961467	0.961676	0.962071	0.959447	0.958967	0.962118	0.963035	0.962198	0.958164	0.966354
710	-1557.753	-1625.194	67.44141	0.962677	0.962195	0.96259	0.963507	0.963716	0.959676	0.957059	0.965239	0.968411	0.96757
720	-1558.31	-1625.752	67.44141	0.953682	0.956815	0.955984	0.953377	0.961526	0.961735	0.957703	0.958096	0.959008	0.958529
730	-1557.851	-1625.292	67.44141	0.978246	0.977397	0.985751	0.98899	0.984843	0.982158	0.983093	0.983306	0.982815	0.983218
740	-1557.628	-1625.069	67.44141	0.970275	0.970673	0.970188	0.970399	0.971323	0.968674	0.964613	0.967782	0.976054	0.975207
750	-1557.676	-1625.118	67.44141	0.965165	0.973415	0.969334	0.968492	0.969414	0.972599	0.972113	0.969462	0.96986	0.97007
760	-1558.949	-1626.39	67.44141	0.94743	0.948332	0.947858	0.943884	0.944272	0.952343	0.952549	0.951722	0.949127	0.952245
770	-1557.675	-1625.117	67.44141	0.965212	0.965608	0.965817	0.965334	0.962702	0.963619	0.966785	0.962732	0.961896	0.970117
780	-1558.129	-1625.571	67.44141	0.982595	0.985823	0.983135	0.982281	0.982494	0.990892	0.991298	0.987142	0.986649	0.987589
790	-1558.088	-1625.529	67.44141	0.95652	0.957432	0.953418	0.952941	0.961086	0.961481	0.960646	0.960854	0.964011	0.961382
800	-1557.869	-1625.31	67.44141	0.960089	0.95747	0.957678	0.960825	0.961219	0.960384	0.959904	0.968109	0.969031	0.964968
810	-1557.894	-1625.335	67.44141	0.959617	0.959137	0.959531	0.960445	0.960653	0.956626	0.954017	0.962171	0.965333	0.964494
820	-1558.255	-1625.697	67.44141	0.98414	0.981456	0.981669	0.984894	0.985298	0.984443	0.98395	0.99236	0.993306	0.989142
830	-1558.274	-1625.716	67.44141	0.984356	0.983864	0.984801	0.985205	0.981075	0.981287	0.989675	0.986976	0.986119	0.989359
840	-1557.645	-1625.086	67.44141	0.966816	0.97508	0.974233	0.970148	0.973336	0.974263	0.971606	0.971121	0.971331	0.97173
850	-1558.715	-1626.156	67.44141	0.949505	0.950409	0.946425	0.945952	0.954037	0.954428	0.9536	0.953806	0.95694	0.95433
860	-1557.628	-1625.069	67.44141	0.97031	0.969825	0.970223	0.971148	0.971358	0.967286	0.964648	0.972893	0.97609	0.975242
870	-1557.629	-1625.07	67.44141	0.970461	0.971385	0.9709	0.966829	0.967226	0.975493	0.975705	0.974858	0.972199	0.975393
880	-1557.631	-1625.072	67.44141	0.968059	0.967575	0.967972	0.968894	0.969105	0.965042	0.96241	0.970636	0.973825	0.972979
890	-1557.752	-1625.194	67.44141	0.976041	0.976253	0.976654	0.97399	0.973503	0.976702	0.977632	0.976783	0.972688	0.981002
900	-1558.216	-1625.657	67.44141	0.95482	0.957957	0.955345	0.954515	0.954722	0.962882	0.963278	0.959239	0.95876	0.959673
910	-1557.749	-1625.19	67.44141	0.962783	0.962302	0.962697	0.963614	0.963823	0.959782	0.957165	0.965346	0.968518	0.967676
920	-1557.92	-1625.361	67.44141	0.959147	0.959355	0.959749	0.957131	0.956653	0.959796	0.96071	0.959876	0.955852	0.964022
930	-1557.711	-1625.153	67.44141	0.974864	0.975793	0.971702	0.971216	0.979517	0.979919	0.979068	0.97928	0.982498	0.979819
940	-1557.676	-1625.118	67.44141	0.96517	0.964331	0.972574	0.975769	0.971678	0.969029	0.969952	0.970162	0.969677	0.970075
950	-1557.708	-1625.149	67.44141	0.974757	0.975686	0.971595	0.971109	0.97941	0.979812	0.978961	0.979173	0.98239	0.979711
960	-1557.875	-1625.316	67.44141	0.959972	0.96018	0.957562	0.957955	0.961102	0.960621	0.959787	0.960701	0.968913	0.964851
970	-1557.855	-1625.297	67.44141	0.978332	0.97423	0.975158	0.983493	0.983002	0.982148	0.982551	0.985779	0.985993	0.983304
980	-1557.635	-1625.077	67.44141	0.96757	0.96778	0.96514	0.965536	0.968709	0.968224	0.967384	0.968305	0.976582	0.972487
990	-1557.893	-1625.335	67.44141	0.959624	0.957008	0.960152	0.96036	0.959526	0.95992	0.968125	0.967641	0.963584	0.964502
1000	-1560.125	-1627.567	67.44141	0.938976	0.935039	0.943031	0.94393	0.94311	0.942638	0.945735	0.946124	0.943543	0.943748
1010	-1558.025	-1625.466	67.44141	0.957438	0.957831	0.958039	0.95756	0.954949	0.955858	0.958999	0.954978	0.954149	0.962304
1020	-1559.297	-1626.739	67.44141	0.944645	0.945545	0.945072	0.94111	0.941496	0.949544	0.94975	0.948925	0.946337	0.949446
1030	-1557.815	-1625.256	67.44141	0.977509	0.973411	0.974338	0.982666	0.982175	0.981322	0.981724	0.98495	0.985164	0.982477
1040	-1558.213	-1625.654	67.44141	0.983636	0.992043	0.991182	0.987026	0.990269	0.991213	0.98851	0.988015	0.98823	0.988635
1050	-1558.28	-1625.721	67.44141	0.984423	0.987658	0.984964	0.984109	0.984322	0.992736	0.993143	0.988979	0.988485	0.989427
1060	-1557.701	-1625.142	67.44141	0.964235	0.960193	0.961107	0.969322	0.968838	0.967996	0.968394	0.971575	0.971786	0.969136
1070	-1558.107	-1625.549	67.44141	0.956244	0.959386	0.958552	0.955938	0.964109	0.964318	0.960275	0.96067	0.961585	0.961104
1080	-1557.763	-1625.204	67.44141	0.976313	0.976714	0.976225	0.976437	0.977367	0.974702	0.970615	0.973804	0.982128	0.981275
1090	-1558.177	-1625.618	67.44141	0.955319	0.95449	0.957626	0.965811	0.963177	0.959139	0.959347	0.960261	0.960655	0.960175
1100	-1557.652	-1625.094	67.44141	0.96633	0.969505	0.966861	0.966021	0.966231	0.974489	0.974889	0.970802	0.970317	0.971241
1110	-1558.085	-1625.526	67.44141	0.982006	0.981515	0.98245	0.982853	0.978733	0.978945	0.987313	0.98462	0.983765	0.986997
1120	-1557.678	-1625.119	67.44141	0.973662	0.976861	0.976012	0.973351	0.98167	0.981883	0.977767	0.978168	0.9791	0.97861
1130	-1557.963	-1625.404	67.44141	0.980212	0.980614	0.980827	0.980336	0.977663	0.978594	0.981809	0.977693	0.976844	0.985193
1140	-1557.64	-1625.082	67.44141	0.96712	0.968041	0.963983	0.963501	0.971736	0.972135	0.971291	0.971502	0.974694	0.972035
1150	-1557.806	-1625.247	67.44141	0.961392	0.9616	0.961995	0.959371	0.958892	0.962042	0.962959	0.962122	0.958089	0.966278
1160	-1557.645	-1625.086	67.44141	0.966816	0.966333	0.966729	0.96765	0.96786	0.963802	0.961174	0.96939	0.972575	0.97173
1170	-1557.746	-1625.188	67.44141	0.962854	0.971084	0.967013	0.966173	0.967093	0.970271	0.969786	0.967141	0.967538	0.967748
1180	-1558.124	-1625.565	67.44141	0.95602	0.956228	0.95662	0.954011	0.953534	0.956667	0.957579	0.956747	0.952736	0.960879
1190	-1558.71	-1626.151	67.44141	0.988688	0.988194	0.989135	0.989541	0.985392	0.985606	0.99403	0.99132	0.990459	0.993713
1200	-1557.717	-1625.158	67.44141	0.96371	0.971947	0.967872	0.967031	0.967953	0.971133	0.970647	0.968	0.968398	0.968608
1210	-1557.671	-1625.112	67.44141	0.973375	0.974303	0.970218	0.969733	0.978021	0.978423	0.977573	0.977785	0.980998	0.978322
1220	-1557.685	-1625.126	67.44141	0.973946	0.973459	0.973859	0.974786	0.974998	0.97091	0.968263	0.976539	0.979747	0.978896
1230	-1557.627	-1625.068	67.44141	0.970088	0.97838	0.97753	0.973432	0.97663	0.977561	0.974895	0.974407	0.974619	0.975019
1240	-1558.425	-1625.866	67.44141	0.985987	0.985131	0.988367	0.996815	0.994097	0.989929	0.990144	0.991087	0.991494	0.990998
1250	-1557.727	-1625.168	67.44141	0.963403	0.971638	0.970794	0.966724	0.9699	0.970824	0.968176	0.967692	0.967902	0.9683
1260	-1557.983	-1625.424	67.44141	0.958091	0.958299	0.958693	0.956078	0.9556	0.95874	0.959653	0.95882	0.9548	0.962961
1270	-1557.659	-1625.101	67.44141	0.96596	0.96617	0.963535	0.963931	0.967098	0.966614	0.965775	0.966695	0.974957	0.97087
1280	-1558.052	-1625.493	67.44141	0.981544	0.981947	0.981456	0.981669	0.982604	0.979924	0.975816	0.979022	0.98739	0.986532
1290	-1558.604	-1626.045	67.44141	0.950561	0.953684	0.951083	0.950257	0.950464	0.958588	0.958981	0.954961	0.954483	0.955392
1300	-1557.653	-1625.094	67.44141	0.972477	0.973404	0.972917	0.968838	0.969236	0.97752	0.977732	0.976883	0.974219	0.97742
1310	-1557.717	-1625.158	67.44141	0.975034	0.975245	0.972585	0.972985	0.976181	0.975693	0.974846	0.975775	0.984115	0.979989
1320	-1558.168	-1625.609	67.44141	0.955437	0.951432	0.959564	0.960478	0.959644	0.959164	0.962316	0.962711	0.960085	0.960293
1330	-1557.972	-1625.414	67.44141	0.980362	0.977689	0.977901	0.981114	0.981517	0.980664	0.980174	0.988552	0.989493	0.985345
1340	-1557.63	-1625.071	67.44141	0.970591	0.970989	0.970504	0.970714	0.971639	0.968989	0.964927	0.968097	0.976372	0.975524
1350	-1557.865	-1625.307	67.44141	0.960152	0.956127	0.957037	0.965217	0.964735	0.963897	0.964293	0.967461	0.967671	0.965032
1360	-1557.697	-1625.139	67.44141	0.974407	0.97356	0.981882	0.985108	0.980978	0.978303	0.979235	0.979447	0.978957	0.979359
1370	-1557.72	-1625.161	67.44141	0.963626	0.966792	0.965953	0.963318	0.971552	0.971763	0.967689	0.968086	0.969008	0.968524
1380	-1557.675	-1625.117	67.44141	0.965213	0.965609	0.965819	0.965336	0.962703	0.96362	0.966786	0.962733	0.961897	0.970119
1390	-1557.995	-1625.437	67.44141	0.980716	0.978041	0.978253	0.981468	0.98187	0.981018	0.980527	0.988908	0.98985	0.9857
1400	-1558.761	-1626.202	67.44141	0.989132	0.988273	0.99672	0.999995	0.995803	0.993087	0.994033	0.994249	0.993751	0.994159
1410	-1558.238	-1625.68	67.44141	0.954544	0.954936	0.955143	0.954666	0.952062	0.952969	0.9561	0.952092	0.951265	0.959396
1420	-1557.707	-1625.148	67.44141	0.974723	0.975651	0.975163	0.971075	0.971474	0.979777	0.97999	0.979139	0.976469	0.979677
1430	-1557.66	-1625.101	67.44141	0.972868	0.973079	0.973478	0.970823	0.970338	0.973526	0.974454	0.973607	0.969526	0.977812
1440	-1557.745	-1625.186	67.44141	0.962889	0.958852	0.967048	0.967969	0.967128	0.966645	0.969821	0.970219	0.967573	0.967783
1450	-1558.67	-1626.112	67.44141	0.949924	0.950829	0.946843	0.946369	0.954458	0.95485	0.954021	0.954228	0.957363	0.954752
1460	-1557.902	-1625.343	67.44141	0.959471	0.959865	0.959385	0.959593	0.960507	0.957888	0.953872	0.957006	0.965186	0.964347
1470	-1557.717	-1625.159	67.44141	0.975063	0.975274	0.975675	0.973014	0.972527	0.975723	0.976652	0.975804	0.971713	0.980019
1480	-1557.782	-1625.224	67.44141	0.961936	0.959313	0.962465	0.962674	0.961837	0.962232	0.970457	0.969972	0.965905	0.966825
1490	-1557.814	-1625.255	67.44141	0.96121	0.969426	0.965362	0.964523	0.965442	0.968614	0.96813	0.96549	0.965886	0.966096
1500	-1559.498	-1626.94	67.44141	0.994674	1.00318	0.998971	0.998103	0.999054	1.00234	1.00184	0.999103	0.999513	0.99973
1510	-1557.829	-1625.271	67.44141	0.960876	0.956848	0.957759	0.965945	0.965463	0.964624	0.96502	0.968191	0.968401	0.96576
1520	-1557.929	-1625.37	67.44141	0.958986	0.958507	0.9589	0.959814	0.960022	0.955997	0.95339	0.961539	0.964698	0.96386
1530	-1557.81	-1625.251	67.44141	0.961305	0.964463	0.963626	0.960998	0.969212	0.969422	0.965358	0.965754	0.966674	0.966191
1540	-1558.392	-1625.834	67.44141	0.952756	0.948762	0.956871	0.957783	0.956951	0.956472	0.959615	0.960009	0.957391	0.957598
1550	-1557.842	-1625.283	67.44141	0.978064	0.973964	0.982289	0.983224	0.98237	0.981879	0.985105	0.98551	0.982822	0.983035
1560	-1557.804	-1625.245	67.44141	0.961436	0.969654	0.968812	0.96475	0.96792	0.968842	0.9662	0.965717	0.965926	0.966323
1570	-1558.144	-1625.586	67.44141	0.982789	0.982298	0.983234	0.983637	0.979514	0.979726	0.9881	0.985405	0.98455	0.987784
1580	-1557.83	-1625.271	67.44141	0.977826	0.975159	0.978363	0.978575	0.977725	0.978127	0.986487	0.985994	0.98186	0.982795
1590	-1557.664	-1625.106	67.44141	0.96571	0.966107	0.966316	0.965833	0.963199	0.964117	0.967285	0.963229	0.962393	0.970619
1600	-1557.916	-1625.358	67.44141	0.95921	0.959418	0.956802	0.957194	0.960339	0.959859	0.959026	0.959939	0.968144	0.964085
1610	-1557.636	-1625.077	67.44141	0.971294	0.968645	0.971828	0.972038	0.971194	0.971593	0.979897	0.979407	0.975301	0.97623
1620	-1557.669	-1625.11	67.44141	0.973289	0.970635	0.970846	0.974035	0.974435	0.973589	0.973102	0.98142	0.982354	0.978236
1630	-1557.738	-1625.18	67.44141	0.975669	0.978875	0.978024	0.975357	0.983694	0.983907	0.979782	0.980185	0.981118	0.980628
1640	-1558.175	-1625.616	67.44141	0.955341	0.955548	0.952943	0.953334	0.956466	0.955988	0.955157	0.956067	0.964239	0.960197
1650	-1557.806	-1625.247	67.44141	0.961386	0.958764	0.961915	0.962123	0.961288	0.961682	0.969902	0.969417	0.965353	0.966272
1660	-1557.628	-1625.069	67.44141	0.968488	0.968886	0.968401	0.968611	0.969534	0.96689	0.962837	0.966	0.974257	0.973411
1670	-1557.626	-1625.068	67.44141	0.969817	0.970027	0.970425	0.967779	0.967295	0.970473	0.971398	0.970554	0.966485	0.974746
1680	-1557.637	-1625.079	67.44141	0.967379	0.975647	0.9748	0.970713	0.973903	0.97483	0.972172	0.971686	0.971897	0.972296
1690	-1557.697	-1625.138	67.44141	0.964377	0.963895	0.964813	0.965209	0.961163	0.961371	0.969588	0.966944	0.966104	0.969278
1700	-1557.627	-1625.068	67.44141	0.968717	0.966076	0.96925	0.96946	0.968618	0.969015	0.977298	0.976809	0.972714	0.973641
1710	-1558.665	-1626.106	67.44141	0.988291	0.996738	0.992559	0.991697	0.992642	0.995903	0.995405	0.992691	0.993098	0.993314
1720	-1557.777	-1625.218	67.44141	0.962066	0.961585	0.961979	0.962896	0.963105	0.959067	0.956452	0.964627	0.967796	0.966955
1730	-1559.702	-1627.144	67.44141	0.941737	0.941267	0.942163	0.94255	0.938598	0.938802	0.946826	0.944244	0.943424	0.946524
1740	-1557.729	-1625.17	67.44141	0.975402	0.978606	0.977757	0.97509	0.983425	0.983638	0.979514	0.979916	0.98085	0.980359
1750	-1557.864	-1625.306	67.44141	0.96017	0.957552	0.957759	0.960906	0.9613	0.960466	0.959985	0.968191	0.969113	0.96505
1760	-1560.198	-1627.64	67.44141	0.99897	0.99938	0.998881	0.999097	1.00005	0.997322	0.993141	0.996404	1.00492	1.00405
1770	-1557.627	-1625.069	67.44141	0.968671	0.971854	0.97101	0.968362	0.976639	0.976851	0.972755	0.973155	0.974082	0.973595
1780	-1557.644	-1625.085	67.44141	0.971924	0.975117	0.972458	0.971613	0.971824	0.980131	0.980533	0.976422	0.975934	0.976864
1790	-1557.692	-1625.134	67.44141	0.974223	0.970138	0.971062	0.979362	0.978873	0.978023	0.978424	0.981639	0.981852	0.979174
1800	-1557.664	-1625.105	67.44141	0.965727	0.9689	0.968059	0.965419	0.97367	0.973882	0.969799	0.970197	0.971121	0.970635
1810	-1558.957	-1626.398	67.44141	0.99075	0.986596	0.987536	0.995977	0.995479	0.994615	0.995023	0.998292	0.998509	0.995786
1820	-1557.894	-1625.336	67.44141	0.979059	0.978209	0.981422	0.989811	0.987112	0.982973	0.983187	0.984123	0.984527	0.984035
1830	-1557.806	-1625.247	67.44141	0.961383	0.961592	0.958969	0.959363	0.962515	0.962034	0.961198	0.962114	0.970337	0.966269
1840	-1558.04	-1625.481	67.44141	0.981378	0.981591	0.978914	0.979316	0.982534	0.982042	0.981189	0.982124	0.990519	0.986366
1850	-1557.781	-1625.223	67.44141	0.961954	0.970177	0.966109	0.96527	0.96619	0.969364	0.96888	0.966237	0.966634	0.966844
1860	-1558.996	-1626.438	67.44141	0.991062	0.991277	0.991684	0.98898	0.988485	0.991733	0.992678	0.991816	0.987658	0.9961
1870	-1559.229	-1626.67	67.44141	0.945171	0.942594	0.945691	0.945896	0.945074	0.945462	0.953544	0.953067	0.949071	0.949975
1880	-1557.881	-1625.323	67.44141	0.97882	0.979033	0.979434	0.976763	0.976275	0.979483	0.980416	0.979564	0.975458	0.983795
1890	-1557.634	-1625.075	67.44141	0.967712	0.968109	0.967625	0.967835	0.968757	0.966115	0.962065	0.965225	0.973475	0.97263
1900	-1558.027	-1625.469	67.44141	0.9574	0.957608	0.958001	0.955389	0.954911	0.958048	0.958961	0.958128	0.954111	0.962266
1910	-1558.068	-1625.509	67.44141	0.98177	0.984996	0.98414	0.981456	0.989845	0.99006	0.985909	0.986314	0.987253	0.98676
1920	-1557.992	-1625.433	67.44141	0.980662	0.976551	0.977481	0.985836	0.985343	0.984487	0.984891	0.988127	0.988341	0.985646
1930	-1557.676	-1625.117	67.44141	0.97358	0.972735	0.975931	0.984272	0.981588	0.977473	0.977685	0.978616	0.979018	0.978528
1940	-1557.793	-1625.234	67.44141	0.977032	0.977962	0.973863	0.973376	0.981695	0.982098	0.981245	0.981458	0.984683	0.981998
1950	-1558.022	-1625.463	67.44141	0.981115	0.984339	0.981654	0.980802	0.981014	0.989399	0.989805	0.985656	0.985163	0.986102
1960	-1557.648	-1625.089	67.44141	0.966602	0.966812	0.964175	0.964571	0.96774	0.967256	0.966416	0.967337	0.975605	0.971515
1970	-1557.757	-1625.199	67.44141	0.976176	0.976388	0.973725	0.974125	0.977325	0.976836	0.975988	0.976918	0.985268	0.981137
1980	-1558.375	-1625.816	67.44141	0.952949	0.953856	0.949857	0.949382	0.957497	0.95789	0.957058	0.957266	0.960411	0.957792
1990	-1559.108	-1626.55	67.44141	0.99192	0.987761	0.988702	0.997153	0.996655	0.995789	0.996198	0.999471	0.999688	0.996961
2000	-1558.598	-1626.039	67.44141	0.987675	0.987889	0.988295	0.9856	0.985107	0.988344	0.989285	0.988426	0.984282	0.992695
2010	-1557.961	-1625.402	67.44141	0.958449	0.958657	0.959051	0.956435	0.955957	0.959098	0.960012	0.959178	0.955157	0.963321
2020	-1558.722	-1626.164	67.44141	0.949434	0.945454	0.946354	0.954443	0.953966	0.953137	0.953529	0.956661	0.956869	0.95426
2030	-1558.189	-1625.631	67.44141	0.955158	0.955551	0.955758	0.95528	0.952675	0.953582	0.956715	0.952704	0.951877	0.960013
2040	-1557.643	-1625.085	67.44141	0.966902	0.967112	0.964474	0.96487	0.96804	0.967556	0.966716	0.967637	0.975908	0.971816
2050	-1557.931	-1625.372	67.44141	0.979694	0.988067	0.983925	0.983071	0.984007	0.98724	0.986746	0.984056	0.984459	0.984673
2060	-1558.288	-1625.729	67.44141	0.95395	0.953473	0.953864	0.954773	0.95498	0.950976	0.948383	0.956489	0.959632	0.958798
2070	-1557.737	-1625.178	67.44141	0.975622	0.976552	0.976063	0.971971	0.97237	0.980681	0.980894	0.980042	0.97737	0.980581
2080	-1558.334	-1625.775	67.44141	0.953411	0.952934	0.953842	0.954234	0.950233	0.950439	0.958563	0.955949	0.955119	0.958257
2090	-1557.704	-1625.145	67.44141	0.974633	0.970547	0.978843	0.979775	0.978925	0.978435	0.98165	0.982053	0.979375	0.979587
2100	-1557.782	-1625.223	67.44141	0.961947	0.962155	0.96255	0.959925	0.959445	0.962598	0.963515	0.962678	0.958642	0.966836
2110	-1560.205	-1627.646	67.44141	0.999007	0.999959	0.999459	0.995269	0.995677	1.00419	1.00441	1.00353	1.0008	1.00408
2120	-1557.85	-1625.291	67.44141	0.960454	0.957835	0.958043	0.96119	0.961585	0.96075	0.96027	0.968477	0.9694	0.965336
2130	-1557.69	-1625.132	67.44141	0.97416	0.971503	0.974695	0.974907	0.97406	0.97446	0.982789	0.982298	0.978179	0.979111
2140	-1558.256	-1625.697	67.44141	0.954327	0.951724	0.954851	0.955058	0.954229	0.95462	0.96278	0.962298	0.958264	0.959177
2150	-1557.68	-1625.121	67.44141	0.965012	0.968183	0.965542	0.964704	0.964913	0.97316	0.97356	0.969478	0.968994	0.969917
2160	-1557.899	-1625.341	67.44141	0.959513	0.959906	0.959426	0.959635	0.960549	0.957929	0.953913	0.957047	0.965228	0.964389
2170	-1557.925	-1625.366	67.44141	0.979587	0.979989	0.980202	0.979712	0.97704	0.977971	0.981184	0.97707	0.976222	0.984566
2180	-1558.622	-1626.063	67.44141	0.950389	0.950595	0.950985	0.948392	0.947918	0.951032	0.951938	0.951111	0.947124	0.955219
2190	-1559.266	-1626.707	67.44141	0.944884	0.944064	0.947166	0.955261	0.952656	0.948662	0.948868	0.949772	0.950162	0.949687
2200	-1557.626	-1625.067	67.44141	0.969387	0.969785	0.969995	0.96951	0.966866	0.967787	0.970967	0.966896	0.966057	0.974314
2210	-1557.883	-1625.324	67.44141	0.978848	0.974745	0.983076	0.984013	0.983158	0.982667	0.985895	0.9863	0.98361	0.983823
2220	-1557.634	-1625.076	67.44141	0.971146	0.972071	0.971585	0.967512	0.967909	0.976182	0.976394	0.975546	0.972886	0.976082
2230	-1557.994	-1625.435	67.44141	0.957912	0.957433	0.958345	0.958739	0.954719	0.954926	0.963088	0.960462	0.959628	0.962781
2240	-1558.449	-1625.891	67.44141	0.986236	0.982102	0.990496	0.99144	0.990579	0.990083	0.993336	0.993744	0.991034	0.991249
2250	-1557.71	-1625.152	67.44141	0.963917	0.964836	0.960791	0.96031	0.968518	0.968916	0.968074	0.968284	0.971466	0.968816
2260	-1559.353	-1626.794	67.44141	0.944229	0.944617	0.944822	0.944349	0.941774	0.942671	0.945769	0.941803	0.940986	0.949028
2270	-1557.703	-1625.144	67.44141	0.974592	0.975521	0.975033	0.970945	0.971344	0.979646	0.979859	0.979008	0.976338	0.979546
2280	-1557.731	-1625.173	67.44141	0.96327	0.959232	0.960146	0.968352	0.967868	0.967028	0.967424	0.970603	0.970813	0.968166
2290	-1559.029	-1626.471	67.44141	0.991318	0.991724	0.991229	0.991444	0.992388	0.989682	0.985533	0.988771	0.997222	0.996356
2300	-1557.698	-1625.139	67.44141	0.964344	0.967512	0.964874	0.964036	0.964245	0.972487	0.972886	0.968807	0.968323	0.969245
2310	-1557.662	-1625.104	67.44141	0.965793	0.966713	0.96266	0.962179	0.970403	0.970801	0.969958	0.970168	0.973356	0.970701
2320	-1559.553	-1626.995	67.44141	0.995039	0.990868	0.991812	1.00029	0.999789	0.998921	0.999331	1.00261	1.00283	1.0001
2330	-1557.649	-1625.09	67.44141	0.972259	0.97247	0.972869	0.970216	0.969731	0.972917	0.973844	0.972998	0.968919	0.9772
2340	-1557.63	-1625.071	67.44141	0.968152	0.976427	0.972334	0.971489	0.972415	0.97561	0.975122	0.972463	0.972862	0.973073
2350	-1558.532	-1625.973	67.44141	0.987052	0.987266	0.984574	0.984978	0.988214	0.98772	0.986862	0.987803	0.996246	0.992069
2360	-1557.632	-1625.073	67.44141	0.967925	0.971106	0.970262	0.967616	0.975887	0.976098	0.972006	0.972405	0.973332	0.972845
2370	-1557.762	-1625.204	67.44141	0.976307	0.979514	0.978664	0.975995	0.984337	0.98455	0.980423	0.980825	0.981759	0.981269
2380	-1557.815	-1625.256	67.44141	0.961186	0.961395	0.961789	0.959167	0.958687	0.961837	0.962753	0.961917	0.957884	0.966072
2390	-1557.627	-1625.068	67.44141	0.969973	0.97316	0.970506	0.969663	0.969873	0.978163	0.978565	0.974462	0.973975	0.974903
2400	-1558.06	-1625.502	67.44141	0.956911	0.957304	0.957511	0.957033	0.954423	0.955332	0.958471	0.954452	0.953624	0.961774
2410	-1558.683	-1626.125	67.44141	0.949798	0.950188	0.950394	0.949919	0.947328	0.948231	0.951346	0.947358	0.946535	0.954625
2420	-1557.631	-1625.073	67.44141	0.970805	0.97173	0.967656	0.967172	0.975439	0.975839	0.974992	0.975203	0.978408	0.975739
2430	-1557.842	-1625.283	67.44141	0.960622	0.956595	0.957506	0.96569	0.965207	0.964369	0.964765	0.967934	0.968144	0.965504
2440	-1558.147	-1625.588	67.44141	0.982816	0.98303	0.983433	0.980751	0.980261	0.983481	0.984418	0.983563	0.97944	0.987812
2450	-1558.701	-1626.142	67.44141	0.988612	0.989554	0.989059	0.984913	0.985317	0.993739	0.993954	0.993091	0.990383	0.993637
2460	-1557.677	-1625.118	67.44141	0.965145	0.965541	0.965059	0.965268	0.966187	0.963553	0.959513	0.962666	0.970894	0.970051
2470	-1557.941	-1625.382	67.44141	0.958781	0.958989	0.956373	0.956766	0.959909	0.959429	0.958596	0.959509	0.967711	0.963654
2480	-1557.701	-1625.142	67.44141	0.974524	0.977725	0.975059	0.974212	0.974424	0.982752	0.983156	0.979034	0.978544	0.979477
2490	-1558.989	-1626.431	67.44141	0.947092	0.947994	0.94752	0.943548	0.943935	0.952003	0.95221	0.951383	0.948789	0.951906
2500	-1557.668	-1625.109	67.44141	0.965527	0.964689	0.972934	0.976131	0.972039	0.969388	0.970311	0.970522	0.970036	0.970435
2510	-1557.626	-1625.067	67.44141	0.968996	0.97218	0.971336	0.968687	0.976966	0.977178	0.973082	0.973481	0.974408	0.973921
2520	-1561.964	-1629.405	67.44141	0.928948	0.926415	0.929459	0.92966	0.928853	0.929234	0.937177	0.936708	0.932781	0.93367
2530	-1558.002	-1625.443	67.44141	0.957792	0.95518	0.958318	0.958526	0.957694	0.958087	0.966276	0.965793	0.961744	0.96266
2540	-1559.967	-1627.409	67.44141	0.997626	0.994905	0.998174	0.998391	0.997524	0.997933	1.00646	1.00596	1.00174	1.0027
2550	-1557.626	-1625.067	67.44141	0.9693	0.968458	0.976736	0.979945	0.975836	0.973175	0.974102	0.974314	0.973827	0.974226
2560	-1557.676	-1625.118	67.44141	0.973608	0.974007	0.974219	0.973731	0.971076	0.972001	0.975195	0.971106	0.970263	0.978556
2570	-1558.27	-1625.711	67.44141	0.954162	0.957297	0.954686	0.953857	0.954064	0.962218	0.962613	0.958578	0.958098	0.959011
2580	-1557.903	-1625.345	67.44141	0.97922	0.97837	0.981584	0.989974	0.987275	0.983135	0.983349	0.984286	0.984689	0.984197
2590	-1558.927	-1626.368	67.44141	0.990512	0.991456	0.987299	0.986805	0.99524	0.995648	0.994784	0.994999	0.998269	0.995546
2600	-1557.627	-1625.069	67.44141	0.968662	0.967821	0.976093	0.9793	0.975195	0.972535	0.973462	0.973673	0.973186	0.973586
2610	-1559.117	-1626.558	67.44141	0.991984	0.992929	0.992433	0.988272	0.988678	0.997129	0.997345	0.996479	0.993761	0.997026
2620	-1557.725	-1625.167	67.44141	0.963452	0.962615	0.970843	0.974032	0.969949	0.967304	0.968225	0.968435	0.967951	0.968348
2630	-1557.647	-1625.088	67.44141	0.972142	0.971656	0.972582	0.972981	0.968902	0.969112	0.977395	0.97473	0.973883	0.977083
2640	-1558.726	-1626.167	67.44141	0.949405	0.94893	0.949834	0.950224	0.946241	0.946446	0.954535	0.951932	0.951106	0.95423
2650	-1558.094	-1625.535	67.44141	0.982121	0.978004	0.978936	0.987303	0.986809	0.985952	0.986357	0.989598	0.989812	0.987113
2660	-1557.636	-1625.077	67.44141	0.967522	0.964883	0.965093	0.968264	0.968661	0.96782	0.967336	0.975604	0.976533	0.972439
2670	-1558.35	-1625.792	67.44141	0.953222	0.950623	0.950829	0.953953	0.954344	0.953515	0.953039	0.961185	0.9621	0.958067
2680	-1558.618	-1626.059	67.44141	0.950424	0.953547	0.950947	0.950121	0.950327	0.95845	0.958843	0.954823	0.954346	0.955255
2690	-1557.699	-1625.14	67.44141	0.964301	0.972543	0.968466	0.967625	0.968546	0.971729	0.971243	0.968594	0.968992	0.969202
2700	-1557.683	-1625.125	67.44141	0.973899	0.973412	0.97434	0.974739	0.970653	0.970863	0.979162	0.976491	0.975643	0.978849
2710	-1557.804	-1625.246	67.44141	0.961427	0.961635	0.959013	0.959407	0.962559	0.962078	0.961242	0.962158	0.970382	0.966313
2720	-1557.705	-1625.147	67.44141	0.964086	0.965005	0.960959	0.960479	0.968688	0.969086	0.968244	0.968454	0.971636	0.968986
2730	-1557.638	-1625.08	67.44141	0.967292	0.963237	0.964154	0.972395	0.971909	0.971065	0.971463	0.974655	0.974867	0.972208
2740	-1560.374	-1627.815	67.44141	0.937453	0.934897	0.937968	0.938172	0.937357	0.937742	0.945757	0.945284	0.941321	0.942218
2750	-1558.71	-1626.152	67.44141	0.949547	0.949937	0.950143	0.949668	0.947078	0.94798	0.951095	0.947108	0.946285	0.954373
2760	-1557.626	-1625.067	67.44141	0.969213	0.970137	0.969652	0.965586	0.965983	0.974239	0.974451	0.973604	0.970949	0.974139
2770	-1557.872	-1625.313	67.44141	0.960023	0.960417	0.960625	0.960145	0.957526	0.958438	0.961587	0.957556	0.956724	0.964902
2780	-1557.887	-1625.329	67.44141	0.959736	0.96289	0.962053	0.95943	0.96763	0.96784	0.963783	0.964178	0.965097	0.964614
2790	-1557.626	-1625.067	67.44141	0.969561	0.969959	0.969474	0.969684	0.970608	0.967961	0.963903	0.96707	0.975336	0.974488
2800	-1557.626	-1625.068	67.44141	0.969873	0.97306	0.972215	0.969563	0.97785	0.978062	0.973962	0.974362	0.97529	0.974802
2810	-1557.626	-1625.068	67.44141	0.968852	0.968011	0.976285	0.979492	0.975386	0.972726	0.973652	0.973864	0.973377	0.973776
2820	-1557.975	-1625.416	67.44141	0.958215	0.961363	0.958742	0.957909	0.958117	0.966306	0.966703	0.96265	0.962169	0.963085
2830	-1557.763	-1625.205	67.44141	0.962399	0.958364	0.959277	0.967476	0.966993	0.966153	0.966549	0.969725	0.969935	0.96729
2840	-1558.273	-1625.715	67.44141	0.984349	0.992762	0.9886	0.987742	0.988683	0.991931	0.991435	0.988731	0.989137	0.989352
2850	-1558.23	-1625.671	67.44141	0.954646	0.962806	0.958769	0.957937	0.958849	0.962	0.961519	0.958897	0.95929	0.959498
2860	-1557.719	-1625.161	67.44141	0.96363	0.961002	0.964159	0.964368	0.963531	0.963926	0.972165	0.971679	0.967605	0.968527
2870	-1557.655	-1625.096	67.44141	0.966185	0.965702	0.966098	0.967019	0.967229	0.963174	0.960547	0.968757	0.97194	0.971096
2880	-1558.989	-1626.431	67.44141	0.947091	0.943121	0.951182	0.952088	0.951261	0.950785	0.953909	0.954301	0.951698	0.951905
2890	-1559.671	-1627.113	67.44141	0.995804	1.00432	1.00344	0.999236	1.00252	1.00347	1.00074	1.00024	1.00045	1.00086
2900	-1557.716	-1625.158	67.44141	0.963731	0.966898	0.964261	0.963423	0.963632	0.971869	0.972268	0.968192	0.967708	0.968629
2910	-1558.132	-1625.574	67.44141	0.982633	0.983569	0.979445	0.978956	0.987323	0.987728	0.98687	0.987085	0.990328	0.987627
2920	-1557.692	-1625.133	67.44141	0.974211	0.973724	0.974651	0.975051	0.970963	0.971174	0.979475	0.976804	0.975956	0.979162
2930	-1557.695	-1625.136	67.44141	0.974315	0.973469	0.98179	0.985015	0.980886	0.978211	0.979143	0.979355	0.978865	0.979267
2940	-1557.959	-1625.401	67.44141	0.980158	0.980371	0.977697	0.978098	0.981312	0.980821	0.97997	0.980903	0.989287	0.98514
2950	-1558.134	-1625.575	67.44141	0.955883	0.95609	0.956483	0.953874	0.953397	0.95653	0.957441	0.95661	0.952599	0.960741
2960	-1558.833	-1626.274	67.44141	0.989745	0.988885	0.992134	1.00061	0.997886	0.993702	0.993918	0.994864	0.995273	0.994775
2970	-1559.519	-1626.96	67.44141	0.943021	0.951081	0.947094	0.946271	0.947173	0.950285	0.94981	0.94722	0.947608	0.947814
2980	-1559.526	-1626.968	67.44141	0.942964	0.939011	0.947037	0.947939	0.947116	0.946643	0.949753	0.950143	0.947552	0.947757
2990	-1557.711	-1625.153	67.44141	0.963886	0.961257	0.961466	0.964625	0.965021	0.964183	0.9637	0.971938	0.972863	0.968785
3000	-1557.64	-1625.082	67.44141	0.971682	0.969032	0.972216	0.972427	0.971582	0.971981	0.980289	0.979799	0.975691	0.97662
3010	-1557.807	-1625.248	67.44141	0.961366	0.961574	0.961969	0.959345	0.958866	0.962016	0.962933	0.962096	0.958063	0.966252
3020	-1558.12	-1625.561	67.44141	0.956075	0.956985	0.952973	0.952497	0.960638	0.961032	0.960198	0.960406	0.963562	0.960934
3030	-1558.1	-1625.541	67.44141	0.982207	0.983142	0.979021	0.978531	0.986895	0.9873	0.986443	0.986657	0.989898	0.987199
3040	-1557.812	-1625.253	67.44141	0.961252	0.961461	0.958839	0.959232	0.962384	0.961903	0.961067	0.961983	0.970205	0.966138
3050	-1559.727	-1627.168	67.44141	0.996156	0.991979	0.992924	1.00141	1.00091	1.00004	1.00045	1.00374	1.00396	1.00122
3060	-1557.672	-1625.114	67.44141	0.965333	0.962701	0.962909	0.966073	0.96647	0.96563	0.965148	0.973397	0.974324	0.97024
3070	-1557.682	-1625.124	67.44141	0.973847	0.973001	0.981318	0.984542	0.980414	0.977741	0.978672	0.978884	0.978395	0.978797
3080	-1557.798	-1625.239	67.44141	0.961571	0.961965	0.962174	0.961693	0.95907	0.959984	0.963138	0.9591	0.958267	0.966458
3090	-1558.01	-1625.452	67.44141	0.957656	0.953642	0.95455	0.962709	0.962228	0.961392	0.961786	0.964946	0.965156	0.962524
3100	-1558.165	-1625.606	67.44141	0.955475	0.958615	0.956	0.95517	0.955377	0.963543	0.963939	0.959897	0.959418	0.960332
3110	-1558.294	-1625.736	67.44141	0.984583	0.980455	0.981389	0.989778	0.989283	0.988423	0.988829	0.992078	0.992293	0.989587
3120	-1558.036	-1625.478	67.44141	0.957265	0.953252	0.95416	0.962316	0.961835	0.960999	0.961394	0.964553	0.964762	0.962131
3130	-1557.668	-1625.109	67.44141	0.965548	0.96471	0.967879	0.976152	0.97349	0.969409	0.969619	0.970543	0.970941	0.970456
3140	-1558.931	-1626.372	67.44141	0.990546	0.9938	0.99109	0.990229	0.990444	0.99891	0.99932	0.99513	0.994633	0.99558
3150	-1558.39	-1625.831	67.44141	0.985623	0.985837	0.983149	0.983552	0.986784	0.98629	0.985434	0.986372	0.994803	0.990633
3160	-1558.212	-1625.653	67.44141	0.983623	0.983132	0.983535	0.984472	0.984686	0.980557	0.977883	0.986242	0.989482	0.988623
3170	-1557.669	-1625.11	67.44141	0.965505	0.966425	0.965942	0.961892	0.962287	0.970512	0.970722	0.969879	0.967234	0.970412
3180	-1557.889	-1625.331	67.44141	0.978969	0.97937	0.979583	0.979093	0.976423	0.977353	0.980564	0.976453	0.975605	0.983944
3190	-1557.65	-1625.092	67.44141	0.972349	0.971504	0.974696	0.983027	0.980346	0.976236	0.976448	0.977378	0.97778	0.977291
3200	-1557.73	-1625.172	67.44141	0.975444	0.978649	0.97598	0.975133	0.975344	0.983681	0.984085	0.979959	0.979469	0.980402
3210	-1557.626	-1625.067	67.44141	0.969573	0.97786	0.973761	0.972915	0.973842	0.977041	0.976553	0.97389	0.97429	0.974501
3220	-1558.357	-1625.798	67.44141	0.953152	0.949156	0.95006	0.958181	0.957702	0.95687	0.957263	0.960408	0.960616	0.957997
3230	-1557.839	-1625.28	67.44141	0.978005	0.978936	0.974832	0.974345	0.982673	0.983076	0.982222	0.982436	0.985663	0.982975
3240	-1558.177	-1625.618	67.44141	0.955321	0.954843	0.955753	0.956145	0.952137	0.952343	0.960483	0.957864	0.957032	0.960177
3250	-1557.803	-1625.244	67.44141	0.961463	0.962379	0.958344	0.957865	0.966052	0.966448	0.965609	0.965819	0.968992	0.966349
3260	-1557.642	-1625.083	67.44141	0.967013	0.967223	0.964586	0.964981	0.968152	0.967668	0.966827	0.967748	0.97602	0.971928
3270	-1557.64	-1625.081	67.44141	0.971613	0.968963	0.972147	0.972358	0.971513	0.971912	0.980219	0.979729	0.975622	0.976551
3280	-1557.636	-1625.078	67.44141	0.971345	0.972271	0.971785	0.967711	0.968108	0.976382	0.976594	0.975746	0.973085	0.976282
3290	-1558.304	-1625.746	67.44141	0.984698	0.985636	0.981504	0.981013	0.989398	0.989804	0.988944	0.989159	0.992409	0.989702
3300	-1557.7	-1625.142	67.44141	0.974514	0.974027	0.974427	0.975355	0.975567	0.971477	0.968828	0.977108	0.980319	0.979467
3310	-1557.642	-1625.083	67.44141	0.966993	0.975259	0.974412	0.970326	0.973514	0.974442	0.971785	0.971299	0.971509	0.971908
3320	-1558.308	-1625.749	67.44141	0.984735	0.982049	0.985276	0.985489	0.984634	0.985038	0.993457	0.99296	0.988798	0.98974
3330	-1557.893	-1625.335	67.44141	0.979042	0.978191	0.986552	0.989794	0.985644	0.982956	0.983892	0.984106	0.983614	0.984018
3340	-1557.695	-1625.136	67.44141	0.974323	0.970239	0.971163	0.979464	0.978974	0.978124	0.978525	0.98174	0.981953	0.979275
3350	-1557.923	-1625.364	67.44141	0.959095	0.962247	0.959622	0.958789	0.958997	0.967194	0.967591	0.963534	0.963053	0.96397
3360	-1557.627	-1625.069	67.44141	0.970204	0.978497	0.974394	0.973548	0.974476	0.977677	0.977188	0.974524	0.974924	0.975135
3370	-1557.735	-1625.177	67.44141	0.975587	0.978792	0.977942	0.975275	0.983611	0.983824	0.9797	0.980102	0.981036	0.980545
3380	-1557.626	-1625.067	67.44141	0.969143	0.969354	0.969752	0.967107	0.966623	0.969799	0.970723	0.96988	0.965814	0.974069
3390	-1557.815	-1625.256	67.44141	0.961194	0.961402	0.961797	0.959174	0.958694	0.961844	0.96276	0.961924	0.957891	0.966079
3400	-1558.062	-1625.503	67.44141	0.981683	0.977567	0.985923	0.986862	0.986005	0.985512	0.98875	0.989155	0.986458	0.986672
3410	-1557.646	-1625.088	67.44141	0.966698	0.964062	0.964271	0.967439	0.967836	0.966995	0.966512	0.974773	0.975702	0.971611
3420	-1558.526	-1625.967	67.44141	0.951342	0.954468	0.951865	0.951038	0.951245	0.959375	0.959769	0.955745	0.955267	0.956178
3430	-1557.811	-1625.252	67.44141	0.977427	0.976578	0.984925	0.988161	0.984019	0.981335	0.98227	0.982483	0.981992	0.982395
3440	-1558.264	-1625.706	67.44141	0.954225	0.962382	0.961546	0.957515	0.960661	0.961576	0.958953	0.958474	0.958682	0.959075
3450	-1558.082	-1625.524	67.44141	0.956598	0.956991	0.956512	0.95672	0.957631	0.95502	0.951016	0.954141	0.962296	0.96146
3460	-1557.82	-1625.262	67.44141	0.977633	0.973534	0.974462	0.982791	0.982299	0.981446	0.981849	0.985075	0.985289	0.982602
3470	-1559.545	-1626.987	67.44141	0.94283	0.938877	0.939771	0.947804	0.94733	0.946507	0.946896	0.950007	0.950213	0.947621
3480	-1558.625	-1626.066	67.44141	0.950359	0.950565	0.950955	0.948362	0.947887	0.951002	0.951908	0.951081	0.947094	0.955189
3490	-1557.642	-1625.083	67.44141	0.967022	0.966539	0.966935	0.967857	0.968066	0.964008	0.961379	0.969596	0.972782	0.971937
3500	-1557.742	-1625.183	67.44141	0.975767	0.975979	0.973317	0.973717	0.976916	0.976427	0.975579	0.976509	0.984855	0.980726
3510	-1558.37	-1625.811	67.44141	0.953003	0.952526	0.952917	0.953825	0.954032	0.950032	0.947441	0.955539	0.958679	0.957846
3520	-1557.663	-1625.105	67.44141	0.965746	0.963113	0.966277	0.966487	0.965647	0.966044	0.974301	0.973814	0.969731	0.970655
3530	-1558.143	-1625.585	67.44141	0.955756	0.955278	0.95567	0.95658	0.956788	0.952777	0.950178	0.9583	0.961448	0.960613
3540	-1559.58	-1627.022	67.44141	0.995216	0.992502	0.992717	0.995978	0.996387	0.995522	0.995024	1.00353	1.00448	1.00027
3550	-1557.684	-1625.125	67.44141	0.973909	0.971253	0.974444	0.974655	0.973809	0.974208	0.982535	0.982044	0.977927	0.978859
3560	-1558.53	-1625.971	67.44141	0.951303	0.948709	0.951826	0.952032	0.951206	0.951596	0.95973	0.95925	0.955228	0.956138
3570	-1557.762	-1625.204	67.44141	0.976306	0.975458	0.983795	0.987028	0.98289	0.980209	0.981143	0.981356	0.980865	0.981268
3580	-1558.073	-1625.515	67.44141	0.956724	0.955893	0.959034	0.967231	0.964593	0.96055	0.960758	0.961673	0.962068	0.961587
3590	-1557.759	-1625.2	67.44141	0.962518	0.962037	0.962953	0.963349	0.95931	0.959518	0.967719	0.96508	0.964242	0.96741
3600	-1557.69	-1625.132	67.44141	0.964611	0.96778	0.965141	0.964303	0.964512	0.972756	0.973155	0.969075	0.968591	0.969513
3610	-1558.022	-1625.463	67.44141	0.981109	0.980618	0.981553	0.981955	0.977839	0.978051	0.98641	0.98372	0.982866	0.986095
3620	-1557.656	-1625.097	67.44141	0.97266	0.975855	0.973194	0.972349	0.97256	0.980873	0.981275	0.977161	0.976673	0.977603
3630	-1557.632	-1625.073	67.44141	0.970846	0.971057	0.971455	0.968806	0.968322	0.971503	0.972429	0.971584	0.967511	0.97578
3640	-1557.705	-1625.146	67.44141	0.974653	0.982984	0.978863	0.978012	0.978944	0.982161	0.981669	0.978992	0.979394	0.979607
3650	-1557.948	-1625.389	67.44141	0.958661	0.958182	0.958575	0.959488	0.959696	0.955673	0.953067	0.961213	0.964371	0.963533
3660	-1558.673	-1626.114	67.44141	0.988363	0.987869	0.988274	0.989216	0.98943	0.985282	0.982595	0.990994	0.99425	0.993386
3670	-1557.766	-1625.207	67.44141	0.962333	0.962542	0.962937	0.960311	0.959831	0.962984	0.963902	0.963064	0.959027	0.967224
3680	-1558.812	-1626.253	67.44141	0.948624	0.94883	0.949219	0.946631	0.946158	0.949266	0.95017	0.949345	0.945365	0.953446
3690	-1558.636	-1626.077	67.44141	0.988024	0.988239	0.988644	0.985948	0.985455	0.988693	0.989635	0.988775	0.98463	0.993046
3700	-1557.64	-1625.082	67.44141	0.967136	0.968057	0.967573	0.963517	0.963912	0.972151	0.972362	0.971518	0.968868	0.972051
3710	-1557.632	-1625.073	67.44141	0.967921	0.971101	0.970258	0.967612	0.975883	0.976094	0.972002	0.972401	0.973327	0.972841
3720	-1558.129	-1625.571	67.44141	0.955947	0.95194	0.960076	0.960991	0.960156	0.959676	0.962829	0.963224	0.960597	0.960806
3730	-1558.926	-1626.367	67.44141	0.947629	0.946806	0.949917	0.958036	0.955423	0.951418	0.951624	0.952531	0.952922	0.952445
3740	-1557.903	-1625.345	67.44141	0.979219	0.97873	0.979662	0.980064	0.975955	0.976167	0.984511	0.981826	0.980973	0.984196
3750	-1557.737	-1625.178	67.44141	0.963121	0.962639	0.963034	0.963952	0.964161	0.960119	0.9575	0.965685	0.968857	0.968016
3760	-1557.626	-1625.068	67.44141	0.968895	0.968411	0.968808	0.969731	0.969942	0.965875	0.963241	0.971474	0.974666	0.97382
3770	-1557.627	-1625.069	67.44141	0.968602	0.969525	0.96904	0.964978	0.965374	0.973625	0.973836	0.97299	0.970337	0.973525
3780	-1558.893	-1626.334	67.44141	0.990238	0.991182	0.987026	0.986533	0.994965	0.995373	0.994509	0.994725	0.997993	0.995271
3790	-1557.696	-1625.138	67.44141	0.97437	0.974582	0.971924	0.972323	0.975517	0.97503	0.974183	0.975111	0.983445	0.979323
3800	-1558.615	-1626.056	67.44141	0.950456	0.958579	0.954561	0.953732	0.95464	0.957777	0.957298	0.954687	0.955079	0.955286
3810	-1558.176	-1625.617	67.44141	0.983189	0.980507	0.98072	0.983942	0.984346	0.983491	0.982999	0.991401	0.992346	0.988186
3820	-1557.738	-1625.179	67.44141	0.97565	0.972989	0.9732	0.976397	0.976798	0.97595	0.975462	0.9838	0.984737	0.980608
3830	-1558.374	-1625.816	67.44141	0.952953	0.953159	0.95056	0.95095	0.954075	0.953598	0.952769	0.953677	0.961828	0.957796
3840	-1557.632	-1625.073	67.44141	0.96793	0.968852	0.96479	0.964308	0.97255	0.972949	0.972104	0.972315	0.975509	0.972849
3850	-1558.737	-1626.178	67.44141	0.949303	0.957417	0.956585	0.952575	0.955704	0.956615	0.954006	0.953529	0.953736	0.954127
3860	-1558.899	-1626.341	67.44141	0.947855	0.948758	0.948284	0.944308	0.944696	0.952771	0.952977	0.95215	0.949553	0.952673
3870	-1558.839	-1626.28	67.44141	0.948383	0.948589	0.948978	0.94639	0.945917	0.949025	0.949929	0.949104	0.945125	0.953203
3880	-1557.739	-1625.18	67.44141	0.963052	0.971283	0.97044	0.966371	0.969546	0.97047	0.967823	0.967339	0.967549	0.967946
3890	-1557.65	-1625.092	67.44141	0.966439	0.974699	0.973853	0.96977	0.972956	0.973883	0.971227	0.970741	0.970952	0.971351
3900	-1558.041	-1625.483	67.44141	0.981394	0.980904	0.981306	0.982241	0.982454	0.978335	0.975667	0.984007	0.98724	0.986382
3910	-1558.596	-1626.038	67.44141	0.950638	0.950163	0.951068	0.951458	0.94747	0.947675	0.955775	0.953169	0.952341	0.95547
3920	-1557.636	-1625.077	67.44141	0.971276	0.974467	0.97181	0.970966	0.971176	0.979477	0.979879	0.975771	0.975283	0.976212
3930	-1557.83	-1625.272	67.44141	0.977838	0.986196	0.98534	0.981209	0.984432	0.98537	0.982683	0.982192	0.982405	0.982808
3940	-1557.685	-1625.126	67.44141	0.973952	0.973106	0.981423	0.984648	0.98052	0.977846	0.978777	0.97899	0.9785	0.978902
3950	-1557.766	-1625.208	67.44141	0.962332	0.959707	0.96286	0.963069	0.962233	0.962628	0.970856	0.97037	0.966302	0.967223
3960	-1557.825	-1625.266	67.44141	0.977718	0.98093	0.980078	0.977405	0.98576	0.985973	0.98184	0.982243	0.983179	0.982687
3970	-1557.738	-1625.18	67.44141	0.963075	0.963284	0.96368	0.961052	0.960571	0.963727	0.964645	0.963807	0.959767	0.96797
3980	-1558.518	-1625.959	67.44141	0.986918	0.99016	0.9893	0.986603	0.995035	0.995251	0.991079	0.991485	0.99243	0.991934
3990	-1558.046	-1625.487	67.44141	0.95712	0.957328	0.954717	0.955109	0.958247	0.957768	0.956936	0.957848	0.966035	0.961985
4000	-1559.288	-1626.729	67.44141	0.944716	0.940756	0.948797	0.949701	0.948876	0.948401	0.951517	0.951908	0.949312	0.949518
4010	-1557.722	-1625.163	67.44141	0.963558	0.963954	0.963472	0.963681	0.964599	0.961968	0.957935	0.961083	0.969297	0.968456
4020	-1557.626	-1625.067	67.44141	0.969185	0.966542	0.966752	0.969928	0.970326	0.969483	0.968999	0.977281	0.978212	0.974111
4030	-1557.687	-1625.128	67.44141	0.974027	0.977228	0.976379	0.973716	0.982039	0.982252	0.978134	0.978535	0.979468	0.978978
4040	-1557.664	-1625.105	67.44141	0.973058	0.968978	0.969901	0.978191	0.977702	0.976853	0.977254	0.980465	0.980677	0.978003
4050	-1559.146	-1626.588	67.44141	0.992205	0.99242	0.989714	0.99012	0.993373	0.992877	0.992014	0.992959	1.00145	0.997248
4060	-1557.627	-1625.068	67.44141	0.968758	0.966116	0.96929	0.969501	0.968659	0.969056	0.977339	0.97685	0.972755	0.973682
4070	-1558.255	-1625.696	67.44141	0.95434	0.950339	0.951244	0.959375	0.958895	0.958062	0.958455	0.961604	0.961813	0.95919
4080	-1557.712	-1625.153	67.44141	0.96387	0.963389	0.963784	0.964702	0.964911	0.960866	0.958246	0.966436	0.969611	0.968769
4090	-1558.522	-1625.963	67.44141	0.986952	0.982815	0.991215	0.992159	0.991298	0.990802	0.994058	0.994466	0.991754	0.991969
4100	-1557.77	-1625.212	67.44141	0.976496	0.973833	0.974044	0.977244	0.977646	0.976796	0.976308	0.984653	0.985591	0.981459
4110	-1558.721	-1626.163	67.44141	0.988793	0.984647	0.993063	0.994009	0.993146	0.99265	0.995911	0.99632	0.993603	0.993818
4120	-1558.118	-1625.559	67.44141	0.956101	0.953494	0.953701	0.956834	0.957227	0.956395	0.955917	0.964088	0.965006	0.96096
4130	-1557.665	-1625.106	67.44141	0.973108	0.974035	0.969952	0.969467	0.977753	0.978154	0.977305	0.977517	0.980729	0.978054
4140	-1558.074	-1625.516	67.44141	0.981858	0.981005	0.98939	0.992641	0.988479	0.985784	0.986723	0.986937	0.986443	0.986848
4150	-1558.057	-1625.498	67.44141	0.956966	0.956135	0.964307	0.967475	0.963419	0.960792	0.961707	0.961916	0.961435	0.96183
4160	-1557.647	-1625.089	67.44141	0.972159	0.971673	0.972599	0.972998	0.968919	0.969129	0.977413	0.974747	0.973901	0.9771
4170	-1557.685	-1625.126	67.44141	0.973943	0.982268	0.981415	0.9773	0.980511	0.981445	0.978769	0.97828	0.978492	0.978893
4180	-1557.638	-1625.079	67.44141	0.967346	0.966506	0.969681	0.977969	0.975302	0.971214	0.971424	0.97235	0.972749	0.972262
4190	-1557.674	-1625.116	67.44141	0.973523	0.976722	0.975873	0.973212	0.98153	0.981743	0.977628	0.978029	0.97896	0.978471
4200	-1557.758	-1625.199	67.44141	0.962541	0.96275	0.960124	0.960518	0.963674	0.963192	0.962356	0.963273	0.971506	0.967433
4210	-1557.653	-1625.095	67.44141	0.96627	0.965787	0.966707	0.967103	0.963049	0.963258	0.971491	0.968842	0.968	0.971181
4220	-1557.677	-1625.119	67.44141	0.973659	0.981981	0.981128	0.977015	0.980225	0.981159	0.978483	0.977994	0.978206	0.978607
4230	-1557.934	-1625.376	67.44141	0.958892	0.958059	0.961207	0.969423	0.966779	0.962726	0.962935	0.963852	0.964248	0.963766
4240	-1557.987	-1625.429	67.44141	0.980595	0.979744	0.982963	0.991365	0.988661	0.984516	0.98473	0.985668	0.986072	0.985579
4250	-1558.224	-1625.666	67.44141	0.983776	0.987008	0.984316	0.983461	0.983675	0.992082	0.99249	0.988329	0.987835	0.988776
4260	-1558.395	-1625.836	67.44141	0.985675	0.985183	0.985587	0.986526	0.98674	0.982603	0.979923	0.988299	0.991546	0.990685
4270	-1557.632	-1625.074	67.44141	0.967881	0.965242	0.965451	0.968623	0.969021	0.968179	0.967695	0.975966	0.976896	0.972801
4280	-1558.006	-1625.448	67.44141	0.980885	0.978211	0.981424	0.981637	0.980785	0.981187	0.989574	0.989079	0.984933	0.985871
4290	-1557.798	-1625.24	67.44141	0.977155	0.978086	0.977597	0.973499	0.973898	0.982222	0.982435	0.981582	0.978905	0.982122
4300	-1559.832	-1627.273	67.44141	0.996807	0.994088	0.994304	0.997571	0.99798	0.997114	0.996615	1.00513	1.00609	1.00187
4310	-1558.133	-1625.574	67.44141	0.955895	0.951887	0.952794	0.960938	0.960458	0.959623	0.960017	0.963171	0.96338	0.960753
4320	-1557.646	-1625.087	67.44141	0.966729	0.965889	0.974145	0.977346	0.973248	0.970594	0.971519	0.97173	0.971244	0.971642
4330	-1557.655	-1625.096	67.44141	0.966198	0.967118	0.963064	0.962582	0.97081	0.971208	0.970365	0.970575	0.973764	0.971108
4340	-1558.397	-1625.839	67.44141	0.952701	0.952225	0.953132	0.953523	0.949526	0.949732	0.957849	0.955237	0.954408	0.957543
4350	-1558.145	-1625.587	67.44141	0.955729	0.955937	0.956329	0.953721	0.953244	0.956376	0.957287	0.956456	0.952446	0.960587
4360	-1558.052	-1625.494	67.44141	0.981553	0.981766	0.979088	0.97949	0.982708	0.982217	0.981364	0.982299	0.990695	0.986541
4370	-1559.496	-1626.938	67.44141	0.994661	0.994164	0.994572	0.995519	0.995735	0.991561	0.988857	0.997309	1.00059	0.999716
4380	-1559.199	-1626.64	67.44141	0.992588	0.991726	0.994984	1.00349	1.00075	0.996556	0.996773	0.997722	0.998132	0.997633
4390	-1559.43	-1626.871	67.44141	0.943661	0.946761	0.945939	0.943359	0.951422	0.951629	0.947639	0.948028	0.948931	0.948457
4400	-1557.66	-1625.102	67.44141	0.965889	0.974144	0.97006	0.969218	0.970141	0.973329	0.972842	0.970189	0.970587	0.970798
4410	-1557.636	-1625.078	67.44141	0.967475	0.967685	0.968082	0.965442	0.964959	0.968129	0.969052	0.96821	0.964151	0.972392
4420	-1560.093	-1627.534	67.44141	0.998366	0.995643	0.998914	0.999131	0.998263	0.998673	1.00721	1.00671	1.00248	1.00344
4430	-1558.483	-1625.924	67.44141	0.986574	0.995007	0.990835	0.989975	0.990918	0.994174	0.993677	0.990967	0.991373	0.991589
4440	-1557.645	-1625.086	67.44141	0.966782	0.975045	0.970957	0.970114	0.971038	0.974229	0.973742	0.971086	0.971485	0.971695
4450	-1559.367	-1626.808	67.44141	0.993783	0.993286	0.994232	0.994641	0.990471	0.990685	0.999153	0.996428	0.995563	0.998834
4460	-1557.63	-1625.072	67.44141	0.968105	0.967264	0.975532	0.978737	0.974634	0.971976	0.972902	0.973113	0.972626	0.973025
4470	-1559.39	-1626.831	67.44141	0.943953	0.952022	0.94803	0.947207	0.948109	0.951225	0.950749	0.948156	0.948545	0.948751
4480	-1558.16	-1625.601	67.44141	0.955537	0.963704	0.962867	0.95883	0.961981	0.962897	0.960271	0.959791	0.959999	0.960393
4490	-1557.631	-1625.072	67.44141	0.970715	0.970925	0.968277	0.968675	0.971857	0.971371	0.970528	0.971452	0.979756	0.975648
4500	-1559.263	-1626.704	67.44141	0.944909	0.952985	0.952158	0.948166	0.951281	0.952187	0.949591	0.949116	0.949322	0.949711
4510	-1558.527	-1625.969	67.44141	0.951326	0.951717	0.951241	0.951447	0.952354	0.949757	0.945775	0.948882	0.956993	0.956161
4520	-1557.702	-1625.144	67.44141	0.964183	0.963701	0.964097	0.965015	0.965224	0.961178	0.958557	0.96675	0.969926	0.969084
4530	-1558.43	-1625.871	67.44141	0.986038	0.986977	0.982839	0.982348	0.990744	0.991151	0.99029	0.990505	0.993759	0.991049
4540	-1558.346	-1625.787	67.44141	0.953272	0.949275	0.95018	0.958301	0.957822	0.95699	0.957383	0.960529	0.960737	0.958117
4550	-1559.045	-1626.486	67.44141	0.991438	0.991845	0.99206	0.991564	0.98886	0.989802	0.993054	0.98889	0.988032	0.996477
4560	-1558.25	-1625.692	67.44141	0.954396	0.950395	0.958519	0.959432	0.958598	0.958119	0.961267	0.961662	0.959039	0.959247
4570	-1558.334	-1625.776	67.44141	0.953406	0.952929	0.95332	0.954229	0.954436	0.950434	0.947842	0.955944	0.959085	0.958252
4580	-1558.041	-1625.483	67.44141	0.95719	0.953177	0.961324	0.96224	0.961404	0.960923	0.96408	0.964476	0.961846	0.962055
4590	-1558.514	-1625.955	67.44141	0.951462	0.952369	0.948376	0.947902	0.956004	0.956396	0.955566	0.955773	0.958913	0.956298
4600	-1557.954	-1625.396	67.44141	0.980074	0.979584	0.979986	0.98092	0.981133	0.97702	0.974355	0.982683	0.985912	0.985056
4610	-1557.683	-1625.125	67.44141	0.964885	0.965281	0.96549	0.965008	0.962376	0.963293	0.966458	0.962406	0.96157	0.969789
4620	-1557.627	-1625.068	67.44141	0.970112	0.973299	0.972454	0.969802	0.978091	0.978303	0.974202	0.974602	0.97553	0.975042
4630	-1558.016	-1625.457	67.44141	0.957577	0.95797	0.958178	0.957699	0.955087	0.955997	0.959138	0.955117	0.954288	0.962444
4640	-1557.633	-1625.074	67.44141	0.971012	0.970169	0.978461	0.981676	0.977561	0.974895	0.975824	0.976035	0.975547	0.975948
4650	-1557.651	-1625.092	67.44141	0.96641	0.969585	0.966941	0.966101	0.966311	0.97457	0.97497	0.970883	0.970397	0.971322
4660	-1557.626	-1625.067	67.44141	0.969596	0.972782	0.970129	0.969286	0.969497	0.977783	0.978185	0.974084	0.973597	0.974524
4670	-1557.829	-1625.271	67.44141	0.977819	0.978032	0.975364	0.975765	0.978971	0.978481	0.977631	0.978563	0.986927	0.982789
4680	-1558.415	-1625.856	67.44141	0.952508	0.955637	0.954807	0.952203	0.960342	0.96055	0.956523	0.956916	0.957828	0.957349
4690	-1557.642	-1625.083	67.44141	0.967009	0.964372	0.964582	0.967751	0.968148	0.967307	0.966823	0.975087	0.976016	0.971924
4700	-1557.712	-1625.154	67.44141	0.963861	0.95982	0.960735	0.968947	0.968462	0.967621	0.968018	0.971199	0.971409	0.96876
4710	-1557.751	-1625.192	67.44141	0.962733	0.963128	0.963337	0.962856	0.96023	0.961145	0.964303	0.96026	0.959426	0.967626
4720	-1557.629	-1625.071	67.44141	0.970548	0.970946	0.970461	0.970671	0.971596	0.968947	0.964884	0.968055	0.976329	0.975481
4730	-1557.998	-1625.44	67.44141	0.957847	0.955235	0.958373	0.958581	0.957748	0.958142	0.966331	0.965848	0.961799	0.962715
4740	-1559.148	-1626.589	67.44141	0.992213	0.989507	0.992758	0.992974	0.992111	0.992519	1.001	1.0005	0.996307	0.997256
4750	-1557.949	-1625.391	67.44141	0.958636	0.957803	0.96095	0.969164	0.966521	0.962469	0.962677	0.963594	0.96399	0.963508
4760	-1557.626	-1625.067	67.44141	0.969754	0.970678	0.966609	0.966125	0.974383	0.974783	0.973936	0.974148	0.977348	0.974683
4770	-1559.159	-1626.6	67.44141	0.945718	0.946619	0.942651	0.942179	0.950232	0.950622	0.949797	0.950003	0.953124	0.950525
4780	-1557.626	-1625.067	67.44141	0.969389	0.968904	0.969827	0.970225	0.966158	0.966367	0.974627	0.971969	0.971125	0.974316
4790	-1557.689	-1625.131	67.44141	0.974118	0.970034	0.970958	0.979257	0.978767	0.977917	0.978319	0.981533	0.981746	0.979069
4800	-1558.101	-1625.543	67.44141	0.956329	0.955851	0.956243	0.957154	0.957361	0.953348	0.950748	0.958874	0.962025	0.961189
4810	-1557.635	-1625.077	67.44141	0.967558	0.967955	0.968165	0.967681	0.965042	0.965961	0.969135	0.965072	0.964234	0.972475
4820	-1558.025	-1625.467	67.44141	0.957432	0.965616	0.964777	0.960733	0.963889	0.964807	0.962176	0.961695	0.961904	0.962299
4830	-1557.774	-1625.215	67.44141	0.962142	0.958108	0.959021	0.967218	0.966734	0.965895	0.966291	0.969466	0.969676	0.967032
4840	-1557.663	-1625.104	67.44141	0.972998	0.972153	0.980462	0.983684	0.97956	0.976888	0.977819	0.978031	0.977542	0.977943
4850	-1557.936	-1625.377	67.44141	0.95887	0.95485	0.963012	0.963929	0.963092	0.962611	0.965773	0.96617	0.963535	0.963744
4860	-1557.665	-1625.106	67.44141	0.9731	0.976297	0.975449	0.972789	0.981103	0.981316	0.977202	0.977603	0.978535	0.978045
4870	-1557.658	-1625.1	67.44141	0.966005	0.969178	0.968337	0.965696	0.97395	0.974161	0.970077	0.970475	0.9714	0.970914
4880	-1557.799	-1625.241	67.44141	0.977175	0.985527	0.981395	0.980543	0.981477	0.984701	0.984209	0.981525	0.981928	0.982141
4890	-1557.627	-1625.069	67.44141	0.970184	0.966117	0.974375	0.975303	0.974456	0.973969	0.977169	0.97757	0.974904	0.975115
4900	-1557.667	-1625.108	67.44141	0.973191	0.972704	0.973103	0.974031	0.974242	0.970157	0.967512	0.975781	0.978987	0.978137
4910	-1557.853	-1625.294	67.44141	0.978291	0.974189	0.975118	0.983452	0.98296	0.982107	0.98251	0.985738	0.985952	0.983263
4920	-1557.76	-1625.202	67.44141	0.976255	0.984599	0.983744	0.97962	0.982838	0.983774	0.981092	0.980601	0.980814	0.981216
4930	-1557.626	-1625.067	67.44141	0.969437	0.965373	0.966293	0.974552	0.974064	0.973219	0.973618	0.976817	0.977029	0.974364
4940	-1559.168	-1626.609	67.44141	0.945648	0.945853	0.946241	0.943661	0.943189	0.946288	0.947189	0.946367	0.942399	0.950454
4950	-1557.715	-1625.157	67.44141	0.974994	0.974506	0.975435	0.975835	0.971744	0.971955	0.980262	0.977589	0.97674	0.979949
4960	-1559.64	-1627.081	67.44141	0.995602	0.995104	0.995512	0.996461	0.996677	0.992499	0.989792	0.998252	1.00153	1.00066
4970	-1557.804	-1625.245	67.44141	0.977271	0.976422	0.97963	0.988003	0.985309	0.981178	0.981391	0.982326	0.982729	0.982238
4980	-1558.518	-1625.959	67.44141	0.986916	0.986059	0.994487	0.997754	0.993571	0.990862	0.991806	0.992021	0.991525	0.991932
4990	-1557.773	-1625.214	67.44141	0.962165	0.965327	0.964488	0.961858	0.970079	0.97029	0.966222	0.966618	0.967539	0.967056
5000	-1557.83	-1625.272	67.44141	0.960862	0.961071	0.961465	0.958843	0.958364	0.961512	0.962428	0.961593	0.957561	0.965746
5010	-1558.011	-1625.453	67.44141	0.957641	0.957162	0.958074	0.958467	0.954449	0.954656	0.962815	0.96019	0.959356	0.962508
5020	-1558.726	-1626.168	67.44141	0.988835	0.989241	0.988747	0.988961	0.989903	0.987204	0.983065	0.986295	0.994725	0.993861
5030	-1557.76	-1625.202	67.44141	0.976253	0.976465	0.973802	0.974202	0.977403	0.976914	0.976066	0.976995	0.985346	0.981215
5040	-1558.288	-1625.729	67.44141	0.984513	0.985451	0.981319	0.980828	0.989212	0.989618	0.988758	0.988973	0.992222	0.989516
5050	-1557.631	-1625.073	67.44141	0.970829	0.971227	0.971438	0.970952	0.968304	0.969227	0.972411	0.968334	0.967493	0.975763
5060	-1558.149	-1625.591	67.44141	0.955679	0.953073	0.95328	0.956412	0.956804	0.955973	0.955495	0.963662	0.96458	0.960536
5070	-1558.121	-1625.562	67.44141	0.982485	0.981994	0.98293	0.983333	0.979211	0.979423	0.987794	0.985101	0.984245	0.987479
5080	-1557.836	-1625.277	67.44141	0.977954	0.977105	0.985456	0.988694	0.984549	0.981864	0.9828	0.983013	0.982521	0.982925
5090	-1557.706	-1625.148	67.44141	0.96405	0.964968	0.964486	0.960442	0.960836	0.969049	0.969259	0.968417	0.965776	0.96895
5100	-1564.713	-1632.155	67.44141	0.917117	0.916658	0.917532	0.917908	0.91406	0.914258	0.922073	0.919558	0.91876	0.921778
5110	-1557.673	-1625.114	67.44141	0.973455	0.972609	0.975805	0.984145	0.981462	0.977347	0.977559	0.97849	0.978892	0.978402
5120	-1557.98	-1625.422	67.44141	0.980488	0.980701	0.978026	0.978428	0.981642	0.981152	0.980299	0.981233	0.98962	0.985471
5130	-1558.174	-1625.615	67.44141	0.955358	0.95575	0.955958	0.95548	0.952874	0.953782	0.956915	0.952904	0.952076	0.960214
5140	-1558.871	-1626.312	67.44141	0.990056	0.993309	0.9906	0.98974	0.989955	0.998416	0.998826	0.994638	0.994141	0.995088
5150	-1559.57	-1627.012	67.44141	0.99515	0.995366	0.992652	0.993059	0.996322	0.995824	0.994959	0.995907	1.00442	1.00021
5160	-1557.773	-1625.214	67.44141	0.976555	0.976767	0.977168	0.974503	0.974016	0.977216	0.978147	0.977297	0.9732	0.981518
5170	-1557.687	-1625.129	67.44141	0.964731	0.96565	0.965167	0.961121	0.961515	0.969734	0.969944	0.969102	0.966459	0.969634
5180	-1557.633	-1625.074	67.44141	0.971017	0.974208	0.971551	0.970707	0.970918	0.979217	0.979618	0.975511	0.975024	0.975953
5190	-1557.713	-1625.155	67.44141	0.963823	0.964741	0.964259	0.960216	0.960611	0.968821	0.969031	0.96819	0.965549	0.968722
5200	-1558.478	-1625.919	67.44141	0.986525	0.986929	0.987144	0.98665	0.983959	0.984897	0.988133	0.98399	0.983135	0.991539
5210	-1557.648	-1625.089	67.44141	0.972172	0.971686	0.972612	0.973011	0.968932	0.969142	0.977426	0.97476	0.973914	0.977113
5220	-1558.084	-1625.526	67.44141	0.981996	0.982399	0.982612	0.982121	0.979442	0.980375	0.983597	0.979473	0.978622	0.986987
5230	-1560.51	-1627.952	67.44141	0.936646	0.935833	0.938908	0.946933	0.94435	0.940391	0.940595	0.941491	0.941878	0.941407
5240	-1557.655	-1625.096	67.44141	0.966205	0.962154	0.970378	0.971303	0.970459	0.969974	0.973161	0.97356	0.970905	0.971116
5250	-1557.641	-1625.082	67.44141	0.971696	0.969046	0.969256	0.972441	0.97284	0.971995	0.971509	0.979813	0.980746	0.976635
5260	-1557.745	-1625.186	67.44141	0.975842	0.976242	0.975754	0.975966	0.976896	0.974231	0.970147	0.973335	0.981654	0.980801
5270	-1560.296	-1627.737	67.44141	0.937924	0.938818	0.934882	0.934415	0.942401	0.942788	0.941969	0.942174	0.945269	0.942691
5280	-1558.401	-1625.842	67.44141	0.952659	0.950061	0.953182	0.953389	0.952561	0.952952	0.961097	0.960617	0.956589	0.957501
5290	-1557.939	-1625.381	67.44141	0.979829	0.978978	0.982194	0.990589	0.987888	0.983746	0.98396	0.984897	0.985301	0.984809
5300	-1558.223	-1625.664	67.44141	0.983758	0.984695	0.980566	0.980076	0.988453	0.988859	0.988	0.988214	0.991461	0.988757
5310	-1557.659	-1625.101	67.44141	0.972839	0.973766	0.969683	0.969199	0.977483	0.977884	0.977035	0.977247	0.980457	0.977784
5320	-1558.651	-1626.092	67.44141	0.950106	0.949631	0.950536	0.950926	0.946939	0.947145	0.95524	0.952635	0.951808	0.954935
5330	-1558.4	-1625.841	67.44141	0.985727	0.988966	0.988107	0.985412	0.993835	0.994051	0.989883	0.99029	0.991233	0.990737
5340	-1557.921	-1625.362	67.44141	0.959125	0.962276	0.961441	0.958819	0.967014	0.967224	0.963169	0.963564	0.964482	0.964
5350	-1559.622	-1627.064	67.44141	0.995489	0.995705	0.996113	0.993397	0.9929	0.996162	0.997111	0.996245	0.992069	1.00055
5360	-1557.629	-1625.07	67.44141	0.970485	0.970695	0.971094	0.968445	0.967961	0.971142	0.972067	0.971222	0.967151	0.975417
5370	-1558.325	-1625.767	67.44141	0.984931	0.985335	0.984842	0.985056	0.985994	0.983305	0.979183	0.9824	0.990797	0.989936
5380	-1559.603	-1627.045	67.44141	0.942424	0.941605	0.944699	0.952774	0.950175	0.946192	0.946397	0.947299	0.947687	0.947214
5390	-1557.921	-1625.362	67.44141	0.97952	0.978669	0.987034	0.990277	0.986125	0.983436	0.984373	0.984586	0.984094	0.984498
5400	-1559.048	-1626.489	67.44141	0.99146	0.990599	0.999065	1.00235	0.998146	0.995424	0.996372	0.996588	0.99609	0.996499
5410	-1557.914	-1625.355	67.44141	0.959248	0.958415	0.966607	0.969783	0.965717	0.963083	0.964001	0.96421	0.963728	0.964123
5420	-1557.677	-1625.118	67.44141	0.973627	0.970972	0.974162	0.974374	0.973528	0.973927	0.982252	0.98176	0.977645	0.978576
5430	-1558.785	-1626.227	67.44141	0.94886	0.951978	0.951151	0.948557	0.956665	0.956872	0.952861	0.953252	0.95416	0.953683
5440	-1557.917	-1625.358	67.44141	0.97945	0.980383	0.979893	0.975785	0.976185	0.984529	0.984743	0.983887	0.981204	0.984428
5450	-1558.09	-1625.531	67.44141	0.956489	0.959632	0.958799	0.956184	0.964357	0.964566	0.960522	0.960916	0.961832	0.961351
5460	-1557.642	-1625.083	67.44141	0.971779	0.972705	0.968627	0.968142	0.976417	0.976818	0.97597	0.976182	0.979389	0.976718
5470	-1557.741	-1625.182	67.44141	0.975735	0.976136	0.975648	0.975859	0.976789	0.974125	0.970041	0.973228	0.981547	0.980694
5480	-1559.249	-1626.691	67.44141	0.992955	0.992093	1.00057	1.00386	0.999651	0.996925	0.997875	0.998091	0.997592	0.998002
5490	-1558.251	-1625.693	67.44141	0.954383	0.953906	0.954297	0.955206	0.955414	0.951408	0.948814	0.956923	0.960067	0.959234
5500	-1558.921	-1626.362	67.44141	0.947668	0.948057	0.948263	0.947788	0.945204	0.946104	0.949213	0.945233	0.944412	0.952484
5510	-1557.65	-1625.092	67.44141	0.966444	0.963808	0.966975	0.967184	0.966344	0.966741	0.975004	0.974517	0.970431	0.971356
5520	-1557.805	-1625.247	67.44141	0.961397	0.964555	0.963718	0.96109	0.969304	0.969515	0.96545	0.965846	0.966766	0.966283
5530	-1557.841	-1625.282	67.44141	0.960646	0.958026	0.961174	0.961383	0.960548	0.960942	0.969155	0.968671	0.96461	0.965529
5540	-1557.687	-1625.128	67.44141	0.974018	0.971362	0.974553	0.974765	0.973918	0.974318	0.982646	0.982154	0.978037	0.978968
5550	-1558.763	-1626.205	67.44141	0.989154	0.997608	0.996742	0.992563	0.995824	0.996773	0.994055	0.993558	0.993773	0.994181
5560	-1557.632	-1625.073	67.44141	0.970871	0.97917	0.975064	0.974218	0.975146	0.97835	0.97786	0.975194	0.975594	0.975806
5570	-1557.659	-1625.1	67.44141	0.965978	0.966187	0.963552	0.963948	0.967115	0.966631	0.965792	0.966712	0.974975	0.970887
5580	-1557.786	-1625.227	67.44141	0.976864	0.972769	0.973696	0.982018	0.981527	0.980675	0.981077	0.984301	0.984514	0.981829
5590	-1558.401	-1625.842	67.44141	0.952662	0.952869	0.95326	0.95066	0.950185	0.953307	0.954215	0.953386	0.949389	0.957504
5600	-1559.819	-1627.261	67.44141	0.94095	0.938384	0.941468	0.941672	0.940854	0.94124	0.949285	0.948811	0.944833	0.945733
5610	-1558.879	-1626.32	67.44141	0.948033	0.956136	0.952127	0.9513	0.952207	0.955335	0.954857	0.952253	0.952644	0.952851
5620	-1557.858	-1625.299	67.44141	0.978378	0.974276	0.982603	0.983539	0.982685	0.982194	0.985421	0.985825	0.983137	0.98335
5630	-1558.548	-1625.989	67.44141	0.951117	0.950642	0.951032	0.951938	0.952144	0.948153	0.945567	0.953649	0.956782	0.955951
5640	-1557.672	-1625.114	67.44141	0.973448	0.972962	0.973889	0.974288	0.970204	0.970414	0.978709	0.97604	0.975192	0.978396
5650	-1559.073	-1626.514	67.44141	0.946403	0.946608	0.946996	0.944414	0.943942	0.947043	0.947945	0.947122	0.943151	0.951213
5660	-1557.863	-1625.304	67.44141	0.960196	0.957577	0.957785	0.960932	0.961326	0.960491	0.960011	0.968217	0.969139	0.965076
5670	-1557.626	-1625.067	67.44141	0.969585	0.97277	0.971926	0.969275	0.97756	0.977772	0.973673	0.974072	0.975	0.974513
5680	-1557.641	-1625.083	67.44141	0.971739	0.969089	0.969299	0.972484	0.972883	0.972038	0.971552	0.979856	0.98079	0.976678
5690	-1557.643	-1625.085	67.44141	0.966901	0.967111	0.964473	0.964869	0.968039	0.967555	0.966715	0.967636	0.975906	0.971815
5700	-1557.788	-1625.23	67.44141	0.961795	0.959172	0.95938	0.962532	0.962927	0.962091	0.96161	0.969829	0.970753	0.966683
5710	-1557.639	-1625.08	67.44141	0.967263	0.968185	0.964126	0.963644	0.97188	0.972279	0.971435	0.971646	0.974838	0.972179
5720	-1558.129	-1625.57	67.44141	0.982592	0.982805	0.983208	0.980527	0.980037	0.983257	0.984194	0.983339	0.979216	0.987586
5730	-1557.967	-1625.408	67.44141	0.958352	0.959265	0.955243	0.954766	0.962926	0.963322	0.962485	0.962694	0.965857	0.963223
5740	-1557.683	-1625.124	67.44141	0.973873	0.982197	0.978079	0.977229	0.97816	0.981374	0.980883	0.978209	0.97861	0.978822
5750	-1557.64	-1625.082	67.44141	0.967129	0.967526	0.967042	0.967252	0.968174	0.965533	0.961485	0.964644	0.97289	0.972045
5760	-1557.813	-1625.254	67.44141	0.977466	0.980677	0.978003	0.977154	0.977366	0.985719	0.986124	0.98199	0.981499	0.982434
5770	-1559.513	-1626.954	67.44141	0.943063	0.946161	0.943581	0.942762	0.942966	0.951026	0.951416	0.947428	0.946954	0.947856
5780	-1557.664	-1625.105	67.44141	0.973065	0.972578	0.973505	0.973904	0.969821	0.970032	0.978323	0.975655	0.974807	0.97801
5790	-1557.806	-1625.247	67.44141	0.97732	0.976471	0.97968	0.988053	0.985359	0.981228	0.981441	0.982375	0.982779	0.982287
5800	-1557.626	-1625.068	67.44141	0.96897	0.969368	0.969578	0.969093	0.966451	0.967371	0.97055	0.966481	0.965641	0.973895
5810	-1557.871	-1625.313	67.44141	0.978636	0.975967	0.979173	0.979386	0.978535	0.978937	0.987304	0.98681	0.982673	0.983609
5820	-1557.657	-1625.099	67.44141	0.972738	0.981052	0.9802	0.976091	0.979298	0.980231	0.977557	0.977069	0.977281	0.977682
5830	-1557.823	-1625.264	67.44141	0.977687	0.978618	0.974515	0.974028	0.982353	0.982756	0.981903	0.982116	0.985343	0.982656
5840	-1559.23	-1626.671	67.44141	0.945165	0.946065	0.945592	0.941628	0.942014	0.950066	0.950272	0.949447	0.946857	0.949968
5850	-1557.751	-1625.192	67.44141	0.976003	0.971911	0.972837	0.981152	0.980661	0.97981	0.980212	0.983432	0.983646	0.980963
5860	-1557.647	-1625.089	67.44141	0.972167	0.980477	0.976366	0.975518	0.976447	0.979656	0.979166	0.976496	0.976896	0.977108
5870	-1557.658	-1625.1	67.44141	0.966006	0.965523	0.96592	0.96684	0.967049	0.962995	0.960369	0.968578	0.97176	0.970916
5880	-1558.598	-1626.039	67.44141	0.987678	0.987892	0.988297	0.985602	0.985109	0.988346	0.989288	0.988428	0.984284	0.992697
5890	-1558.43	-1625.871	67.44141	0.98604	0.985183	0.993604	0.996869	0.992689	0.989982	0.990925	0.99114	0.990645	0.991051
5900	-1558.231	-1625.672	67.44141	0.983854	0.984067	0.984471	0.981786	0.981296	0.98452	0.985458	0.984602	0.980474	0.988854
5910	-1557.628	-1625.069	67.44141	0.970257	0.970655	0.970169	0.97038	0.971304	0.968655	0.964595	0.967764	0.976036	0.975188
5920	-1558.441	-1625.882	67.44141	0.95223	0.955358	0.954528	0.951925	0.960062	0.96027	0.956244	0.956637	0.957548	0.957069
5930	-1557.946	-1625.387	67.44141	0.9587	0.958221	0.958614	0.959528	0.959736	0.955712	0.953106	0.961252	0.964411	0.963573
5940	-1558.014	-1625.456	67.44141	0.981	0.981212	0.981615	0.978938	0.978449	0.981663	0.982599	0.981745	0.977629	0.985986
5950	-1558.564	-1626.005	67.44141	0.95096	0.951866	0.95139	0.947401	0.94779	0.955891	0.956099	0.955268	0.952663	0.955793
5960	-1558.213	-1625.654	67.44141	0.954863	0.952259	0.952465	0.955594	0.955987	0.955156	0.954679	0.962839	0.963756	0.959716
5970	-1557.626	-1625.067	67.44141	0.969026	0.969949	0.969464	0.9654	0.965796	0.974051	0.974263	0.973416	0.970762	0.973951
5980	-1557.629	-1625.07	67.44141	0.970448	0.966379	0.9673	0.975568	0.97508	0.974233	0.974633	0.977835	0.978047	0.97538
5990	-1558.401	-1625.843	67.44141	0.985742	0.994167	0.993304	0.98914	0.992389	0.993335	0.990626	0.990131	0.990345	0.990752
6000	-1558.167	-1625.609	67.44141	0.955442	0.956352	0.952343	0.951867	0.960003	0.960397	0.959563	0.959771	0.962924	0.960298
6010	-1557.686	-1625.128	67.44141	0.974014	0.982339	0.978221	0.977371	0.978302	0.981516	0.981026	0.97835	0.978752	0.978964
6020	-1557.627	-1625.069	67.44141	0.970144	0.978436	0.977586	0.973488	0.976686	0.977617	0.974951	0.974463	0.974675	0.975075
6030	-1557.847	-1625.288	67.44141	0.978173	0.975505	0.975717	0.978923	0.979325	0.978474	0.977985	0.986344	0.987284	0.983144
6040	-1557.947	-1625.389	67.44141	0.979963	0.980175	0.977502	0.977904	0.981117	0.980626	0.979774	0.980708	0.98909	0.984944
6050	-1557.713	-1625.154	67.44141	0.974926	0.975137	0.972478	0.972877	0.976073	0.975585	0.974738	0.975667	0.984006	0.979881
6060	-1557.999	-1625.44	67.44141	0.957839	0.958752	0.958272	0.954255	0.954647	0.962806	0.963015	0.962179	0.959555	0.962708
6070	-1558.009	-1625.451	67.44141	0.957676	0.960823	0.958203	0.957371	0.957578	0.965763	0.966159	0.962109	0.961628	0.962544
6080	-1557.836	-1625.277	67.44141	0.977946	0.981159	0.978484	0.977634	0.977846	0.986204	0.986609	0.982472	0.981981	0.982917
6090	-1557.767	-1625.209	67.44141	0.976422	0.976633	0.97397	0.97437	0.977571	0.977082	0.976234	0.977164	0.985516	0.981384
6100	-1557.667	-1625.108	67.44141	0.965592	0.973845	0.969762	0.96892	0.969843	0.97303	0.972543	0.969891	0.970289	0.970499
6110	-1557.673	-1625.114	67.44141	0.965327	0.968498	0.965857	0.965018	0.965227	0.973478	0.973877	0.969794	0.969309	0.970233
6120	-1558.792	-1626.234	67.44141	0.989404	0.990346	0.986194	0.985701	0.994126	0.994534	0.99367	0.993886	0.997151	0.994432
6130	-1557.726	-1625.168	67.44141	0.975323	0.978527	0.975859	0.975011	0.975223	0.983558	0.983962	0.979837	0.979347	0.98028
6140	-1557.811	-1625.252	67.44141	0.977424	0.974758	0.974969	0.978173	0.978574	0.977724	0.977236	0.985588	0.986527	0.982391
6150	-1557.658	-1625.1	67.44141	0.972779	0.972293	0.973219	0.973618	0.969536	0.969747	0.978035	0.975368	0.974521	0.977723
6160	-1557.76	-1625.201	67.44141	0.976244	0.977174	0.973077	0.972591	0.980904	0.981306	0.980454	0.980667	0.983889	0.981206
6170	-1558.014	-1625.455	67.44141	0.980999	0.981401	0.981614	0.981124	0.978448	0.97938	0.982598	0.978478	0.977629	0.985985
6180	-1557.806	-1625.247	67.44141	0.977315	0.974649	0.974861	0.978064	0.978465	0.977615	0.977127	0.985479	0.986417	0.982282
6190	-1557.627	-1625.069	67.44141	0.970151	0.967506	0.970685	0.970895	0.970052	0.97045	0.978745	0.978255	0.974154	0.975082
6200	-1559.532	-1626.973	67.44141	0.942925	0.943823	0.939866	0.939397	0.947426	0.947815	0.946992	0.947197	0.950309	0.947718
6210	-1557.807	-1625.248	67.44141	0.977343	0.978274	0.974173	0.973686	0.982008	0.982411	0.981558	0.981771	0.984996	0.98231
6220	-1558.241	-1625.683	67.44141	0.954505	0.953676	0.956809	0.964988	0.962356	0.958321	0.958529	0.959442	0.959836	0.959356
6230	-1558.29	-1625.731	67.44141	0.95392	0.949921	0.950826	0.958953	0.958474	0.957641	0.958034	0.961182	0.96139	0.958769
6240	-1558.166	-1625.608	67.44141	0.955454	0.955661	0.956053	0.953446	0.952969	0.956101	0.957011	0.95618	0.952172	0.96031
6250	-1557.68	-1625.122	67.44141	0.973768	0.969686	0.970609	0.978906	0.978416	0.977566	0.977968	0.981181	0.981394	0.978717
6260	-1557.827	-1625.268	67.44141	0.977763	0.980976	0.980124	0.977451	0.985806	0.986019	0.981886	0.982289	0.983224	0.982733
6270	-1557.765	-1625.206	67.44141	0.962365	0.965527	0.964688	0.962058	0.970281	0.970491	0.966422	0.966819	0.96774	0.967256
6280	-1558.017	-1625.459	67.44141	0.981048	0.980196	0.983416	0.991822	0.989117	0.98497	0.985184	0.986123	0.986527	0.986034
6290	-1557.626	-1625.068	67.44141	0.969866	0.97079	0.96672	0.966237	0.974495	0.974895	0.974049	0.97426	0.977461	0.974795
6300	-1559.667	-1627.108	67.44141	0.995773	0.995276	0.996224	0.996633	0.992454	0.99267	1.00115	0.998424	0.997557	1.00083
6310	-1557.766	-1625.207	67.44141	0.96234	0.962735	0.962944	0.962462	0.959838	0.960752	0.963909	0.959867	0.959034	0.967231
6320	-1558.024	-1625.466	67.44141	0.981149	0.984372	0.981688	0.980835	0.981048	0.989433	0.98984	0.98569	0.985197	0.986135
6330	-1557.664	-1625.106	67.44141	0.965705	0.968878	0.968037	0.965397	0.973648	0.97386	0.969777	0.970175	0.971099	0.970614
6340	-1557.639	-1625.081	67.44141	0.971582	0.971793	0.972192	0.969541	0.969056	0.97224	0.973166	0.972321	0.968245	0.97652
6350	-1558.775	-1626.216	67.44141	0.948954	0.957065	0.956234	0.952225	0.955353	0.956263	0.953656	0.953179	0.953386	0.953777
6360	-1557.642	-1625.084	67.44141	0.966966	0.967887	0.96383	0.963348	0.971582	0.971981	0.971136	0.971347	0.974539	0.971881
6370	-1557.646	-1625.087	67.44141	0.972074	0.971229	0.979531	0.982749	0.978629	0.97596	0.97689	0.977102	0.976613	0.977014
6380	-1558.18	-1625.621	67.44141	0.955283	0.955675	0.955197	0.955404	0.956314	0.953706	0.949708	0.952828	0.960973	0.960138
6390	-1557.761	-1625.202	67.44141	0.976257	0.972164	0.980474	0.981408	0.980555	0.980065	0.983285	0.983689	0.981006	0.981219
6400	-1558.486	-1625.927	67.44141	0.951753	0.95488	0.952276	0.951449	0.951655	0.959789	0.960183	0.956158	0.95568	0.95659
6410	-1558.311	-1625.752	67.44141	0.953674	0.951073	0.951279	0.954405	0.954797	0.953967	0.95349	0.96164	0.962556	0.958521
6420	-1557.629	-1625.071	67.44141	0.970519	0.970917	0.970432	0.970642	0.971567	0.968917	0.964855	0.968025	0.976299	0.975451
6430	-1558.869	-1626.31	67.44141	0.948117	0.947294	0.955391	0.95853	0.954511	0.951908	0.952815	0.953022	0.952545	0.952936
6440	-1557.631	-1625.073	67.44141	0.967963	0.968172	0.965532	0.965928	0.969102	0.968618	0.967776	0.968698	0.976978	0.972882
6450	-1557.653	-1625.095	67.44141	0.972519	0.969867	0.970077	0.973264	0.973664	0.972818	0.972332	0.980643	0.981577	0.977462
6460	-1557.844	-1625.286	67.44141	0.960566	0.960085	0.961	0.961395	0.957364	0.957572	0.965756	0.963123	0.962286	0.965448
6470	-1557.691	-1625.133	67.44141	0.974189	0.973702	0.974629	0.975029	0.970942	0.971152	0.979453	0.976782	0.975934	0.97914
6480	-1558.375	-1625.816	67.44141	0.952948	0.953856	0.949857	0.949382	0.957497	0.95789	0.957058	0.957265	0.96041	0.957791
6490	-1557.674	-1625.116	67.44141	0.973523	0.969441	0.977727	0.978659	0.977809	0.97732	0.980531	0.980933	0.978258	0.97847
6500	-1558.27	-1625.711	67.44141	0.984304	0.983449	0.98668	0.995113	0.9924	0.988239	0.988454	0.989395	0.989801	0.989306
6510	-1557.627	-1625.068	67.44141	0.970084	0.967439	0.970617	0.970828	0.969985	0.970383	0.978677	0.978188	0.974087	0.975015
6520	-1557.656	-1625.097	67.44141	0.972651	0.975846	0.974999	0.97234	0.980651	0.980864	0.976751	0.977152	0.978083	0.977594
6530	-1558.202	-1625.644	67.44141	0.98351	0.982656	0.985884	0.994311	0.9916	0.987442	0.987657	0.988597	0.989003	0.988509
6540	-1557.781	-1625.222	67.44141	0.976746	0.974083	0.977283	0.977495	0.976646	0.977047	0.985398	0.984905	0.980776	0.981711
6550	-1558.565	-1626.006	67.44141	0.950946	0.950471	0.950861	0.951767	0.951973	0.947982	0.945397	0.953477	0.95661	0.955779
6560	-1557.914	-1625.355	67.44141	0.959255	0.956639	0.956847	0.959991	0.960385	0.95955	0.959071	0.967268	0.96819	0.964131
6570	-1557.76	-1625.202	67.44141	0.97625	0.979458	0.978607	0.975938	0.98428	0.984493	0.980366	0.980768	0.981703	0.981212
6580	-1558.469	-1625.91	67.44141	0.951935	0.947944	0.956047	0.956957	0.956126	0.955648	0.958788	0.959182	0.956566	0.956773
6590	-1558.258	-1625.699	67.44141	0.98417	0.985108	0.984615	0.980487	0.98089	0.989274	0.989488	0.988629	0.985933	0.989172
6600	-1557.837	-1625.279	67.44141	0.977978	0.981191	0.980339	0.977665	0.986022	0.986235	0.982101	0.982504	0.98344	0.982948
6610	-1557.868	-1625.31	67.44141	0.978581	0.979513	0.975407	0.974919	0.983252	0.983655	0.982801	0.983014	0.986244	0.983554
6620	-1558.208	-1625.649	67.44141	0.95492	0.954443	0.954835	0.955744	0.955952	0.951944	0.949348	0.957462	0.960608	0.959774
6630	-1557.654	-1625.095	67.44141	0.966231	0.967151	0.963097	0.962615	0.970843	0.971241	0.970398	0.970608	0.973797	0.971142
6640	-1557.688	-1625.129	67.44141	0.964716	0.963878	0.967045	0.975311	0.972651	0.968573	0.968783	0.969706	0.970104	0.969619
6650	-1557.662	-1625.104	67.44141	0.97299	0.973917	0.969834	0.969349	0.977635	0.978036	0.977187	0.977398	0.98061	0.977936
6660	-1558.338	-1625.779	67.44141	0.953367	0.956499	0.955669	0.953062	0.961208	0.961417	0.957386	0.957779	0.958692	0.958212
6670	-1557.712	-1625.153	67.44141	0.963873	0.961245	0.964403	0.964612	0.963774	0.96417	0.972411	0.971925	0.96785	0.968772
6680	-1558.191	-1625.633	67.44141	0.983378	0.982886	0.983289	0.984226	0.98444	0.980312	0.977639	0.985995	0.989235	0.988376
6690	-1557.743	-1625.184	67.44141	0.975785	0.976714	0.976226	0.972133	0.972532	0.980845	0.981058	0.980206	0.977533	0.980744
6700	-1557.704	-1625.146	67.44141	0.96412	0.963283	0.971516	0.974708	0.970622	0.967975	0.968897	0.969107	0.968623	0.96902
6710	-1557.629	-1625.071	67.44141	0.968256	0.969178	0.965115	0.964632	0.972877	0.973277	0.972431	0.972642	0.975838	0.973177
6720	-1557.627	-1625.069	67.44141	0.970197	0.971121	0.96705	0.966566	0.974828	0.975228	0.974381	0.974592	0.977794	0.975128
6730	-1558.054	-1625.495	67.44141	0.981573	0.977458	0.985812	0.986751	0.985894	0.985401	0.988639	0.989045	0.986348	0.986561
6740	-1557.891	-1625.333	67.44141	0.959658	0.960052	0.96026	0.95978	0.957162	0.958074	0.961222	0.957192	0.956361	0.964535
6750	-1557.818	-1625.26	67.44141	0.977587	0.977799	0.9782	0.975533	0.975045	0.978249	0.97918	0.97833	0.974229	0.982556
6760	-1557.626	-1625.067	67.44141	0.969731	0.965666	0.966586	0.974847	0.97436	0.973514	0.973913	0.977113	0.977325	0.97466
6770	-1558.254	-1625.695	67.44141	0.954354	0.957489	0.956658	0.954049	0.962204	0.962412	0.958377	0.958771	0.959684	0.959204
6780	-1559.961	-1627.402	67.44141	0.940021	0.939204	0.947232	0.950344	0.94636	0.943779	0.944678	0.944883	0.944411	0.944798
6790	-1558.432	-1625.874	67.44141	0.986066	0.983377	0.98359	0.986822	0.987227	0.986369	0.985876	0.994303	0.99525	0.991078
6800	-1557.648	-1625.09	67.44141	0.972227	0.973154	0.972667	0.968589	0.968987	0.977269	0.977481	0.976632	0.973969	0.977169
6810	-1558.279	-1625.721	67.44141	0.984413	0.985351	0.984858	0.980729	0.981132	0.989518	0.989732	0.988873	0.986176	0.989416
6820	-1557.983	-1625.424	67.44141	0.958088	0.966277	0.965438	0.961391	0.964549	0.965468	0.962835	0.962354	0.962563	0.962958
6830	-1559.407	-1626.849	67.44141	0.994061	0.989894	0.990837	0.999306	0.998806	0.997939	0.998348	1.00163	1.00185	0.999114
6840	-1557.867	-1625.309	67.44141	0.978562	0.977712	0.980925	0.989309	0.986611	0.982475	0.982688	0.983624	0.984028	0.983536
6850	-1557.626	-1625.068	67.44141	0.969899	0.969057	0.97734	0.980551	0.97644	0.973777	0.974705	0.974916	0.974429	0.974829
6860	-1557.628	-1625.069	67.44141	0.970261	0.973449	0.970794	0.969951	0.970161	0.978453	0.978855	0.974751	0.974264	0.975192
6870	-1557.645	-1625.086	67.44141	0.972013	0.972939	0.972452	0.968375	0.968773	0.977053	0.977265	0.976417	0.973754	0.976953
6880	-1557.797	-1625.238	67.44141	0.977123	0.974459	0.97766	0.977872	0.977023	0.977424	0.985778	0.985285	0.981155	0.982089
6890	-1558.865	-1626.307	67.44141	0.948148	0.956252	0.952243	0.951416	0.952323	0.955451	0.954974	0.95237	0.95276	0.952967
6900	-1557.626	-1625.068	67.44141	0.969925	0.96728	0.96749	0.970669	0.971067	0.970224	0.969739	0.978027	0.978959	0.974855
6910	-1557.626	-1625.068	67.44141	0.968981	0.972165	0.97132	0.968672	0.976951	0.977163	0.973066	0.973466	0.974393	0.973906
6920	-1558.951	-1626.393	67.44141	0.94741	0.947615	0.948004	0.945419	0.944946	0.948051	0.948954	0.94813	0.944155	0.952225
6930	-1557.643	-1625.085	67.44141	0.971892	0.969242	0.969452	0.972637	0.973037	0.972191	0.971705	0.980011	0.980944	0.976832
6940	-1559.999	-1627.44	67.44141	0.939775	0.937212	0.940292	0.940496	0.939679	0.940064	0.948099	0.947625	0.943653	0.944552
6950	-1557.639	-1625.08	67.44141	0.971528	0.970684	0.973873	0.982197	0.979519	0.975412	0.975624	0.976553	0.976954	0.976466
6960	-1557.63	-1625.071	67.44141	0.970576	0.966507	0.974768	0.975696	0.974849	0.974362	0.977563	0.977964	0.975297	0.975509
6970	-1558.82	-1626.262	67.44141	0.948545	0.947721	0.955822	0.958962	0.954942	0.952338	0.953245	0.953452	0.952975	0.953366
6980	-1557.627	-1625.068	67.44141	0.969964	0.973151	0.972306	0.969654	0.977942	0.978154	0.974053	0.974453	0.975381	0.974894
6990	-1558.166	-1625.608	67.44141	0.983067	0.980386	0.980599	0.983821	0.984225	0.98337	0.982878	0.991279	0.992223	0.988064
7000	-1558.151	-1625.592	67.44141	0.955655	0.955863	0.953256	0.953647	0.956781	0.956302	0.955472	0.956382	0.964556	0.960513
7010	-1557.992	-1625.433	67.44141	0.957943	0.958856	0.958376	0.954358	0.95475	0.962911	0.963119	0.962283	0.959659	0.962812
7020	-1557.65	-1625.092	67.44141	0.972336	0.972547	0.972946	0.970293	0.969808	0.972994	0.973921	0.973075	0.968996	0.977278
7030	-1558.811	-1626.252	67.44141	0.989557	0.985409	0.993831	0.994778	0.993914	0.993417	0.996681	0.99709	0.994371	0.994587
7040	-1557.69	-1625.131	67.44141	0.974128	0.975056	0.970969	0.970483	0.978778	0.97918	0.97833	0.978542	0.981757	0.979079
7050	-1557.737	-1625.178	67.44141	0.975621	0.972961	0.976157	0.976369	0.975521	0.975922	0.984263	0.983771	0.979647	0.98058
7060	-1557.796	-1625.237	67.44141	0.961611	0.960776	0.963933	0.972172	0.96952	0.965456	0.965665	0.966585	0.966982	0.966498
7070	-1557.686	-1625.127	67.44141	0.964791	0.967961	0.967121	0.964483	0.972727	0.972938	0.968859	0.969257	0.97018	0.969695
7080	-1557.682	-1625.123	67.44141	0.964947	0.968117	0.967277	0.964639	0.972884	0.973095	0.969015	0.969413	0.970337	0.969851
7090	-1557.798	-1625.239	67.44141	0.977146	0.977358	0.974693	0.975093	0.978297	0.977808	0.976958	0.977889	0.986247	0.982113
7100	-1557.726	-1625.168	67.44141	0.975328	0.972668	0.972879	0.976075	0.976476	0.975628	0.97514	0.983475	0.984412	0.980285
7110	-1558.212	-1625.654	67.44141	0.98363	0.982775	0.986004	0.994432	0.99172	0.987562	0.987777	0.988718	0.989123	0.988629
7120	-1558.016	-1625.457	67.44141	0.957575	0.957968	0.957489	0.957696	0.958609	0.955994	0.951987	0.955114	0.963278	0.962441
7130	-1557.968	-1625.409	67.44141	0.958336	0.958543	0.955929	0.956322	0.959464	0.958984	0.958151	0.959064	0.967261	0.963206
7140	-1557.642	-1625.084	67.44141	0.971816	0.975009	0.974162	0.971506	0.97981	0.980022	0.975913	0.976314	0.977244	0.976755
7150	-1557.821	-1625.262	67.44141	0.961061	0.96058	0.960974	0.96189	0.962098	0.958065	0.955452	0.963619	0.966785	0.965945
7160	-1557.643	-1625.084	67.44141	0.971844	0.97277	0.972284	0.968207	0.968605	0.976884	0.977096	0.976247	0.973585	0.976783
7170	-1557.868	-1625.31	67.44141	0.960095	0.959261	0.962413	0.970639	0.967992	0.963934	0.964143	0.965061	0.965457	0.964974
7180	-1557.629	-1625.07	67.44141	0.970463	0.969978	0.970376	0.9713	0.971511	0.967438	0.9648	0.973046	0.976243	0.975395
7190	-1557.662	-1625.103	67.44141	0.965811	0.966207	0.966417	0.965934	0.9633	0.964217	0.967385	0.96333	0.962493	0.97072
7200	-1557.718	-1625.159	67.44141	0.963686	0.966852	0.966012	0.963378	0.971612	0.971823	0.967749	0.968146	0.969068	0.968584
7210	-1558.828	-1626.269	67.44141	0.948478	0.949381	0.945401	0.944929	0.953005	0.953396	0.952568	0.952775	0.955905	0.953299
7220	-1557.655	-1625.096	67.44141	0.966187	0.974445	0.97036	0.969517	0.970441	0.973629	0.973142	0.970488	0.970887	0.971097
7230	-1557.688	-1625.13	67.44141	0.964685	0.967855	0.967014	0.964377	0.97262	0.972831	0.968752	0.96915	0.970073	0.969588
7240	-1557.641	-1625.082	67.44141	0.967105	0.975371	0.974524	0.970439	0.973627	0.974555	0.971897	0.971411	0.971622	0.97202
7250	-1558.185	-1625.626	67.44141	0.983297	0.9837	0.983209	0.983422	0.984359	0.981674	0.977559	0.98077	0.989153	0.988294
7260	-1558.571	-1626.013	67.44141	0.950886	0.95401	0.953181	0.950582	0.958707	0.958915	0.954895	0.955287	0.956197	0.955719
7270	-1557.768	-1625.21	67.44141	0.962276	0.96144	0.969658	0.972844	0.968765	0.966124	0.967044	0.967254	0.96677	0.967167
7280	-1557.631	-1625.073	67.44141	0.970826	0.971751	0.967677	0.967193	0.97546	0.97586	0.975013	0.975224	0.978428	0.97576
7290	-1557.679	-1625.12	67.44141	0.973708	0.974107	0.97362	0.973832	0.974759	0.972101	0.968026	0.971206	0.979507	0.978657
7300	-1558.811	-1626.253	67.44141	0.989564	0.998022	0.997155	0.992975	0.996237	0.997186	0.994467	0.99397	0.994185	0.994593
7310	-1557.674	-1625.115	67.44141	0.973506	0.974433	0.970348	0.969863	0.978153	0.978554	0.977704	0.977916	0.981129	0.978454
7320	-1557.856	-1625.298	67.44141	0.978355	0.978567	0.978969	0.976299	0.975811	0.979017	0.97995	0.979099	0.974994	0.983328
7330	-1557.725	-1625.167	67.44141	0.975297	0.974809	0.975738	0.976138	0.972046	0.972257	0.980567	0.977893	0.977043	0.980253
7340	-1557.702	-1625.143	67.44141	0.964208	0.967376	0.964738	0.9639	0.964109	0.97235	0.972749	0.968671	0.968187	0.969109
7350	-1557.678	-1625.12	67.44141	0.965074	0.965993	0.96551	0.961462	0.961857	0.970078	0.970289	0.969446	0.966802	0.969979
7360	-1558.364	-1625.806	67.44141	0.985351	0.993773	0.99291	0.988747	0.991996	0.992941	0.990233	0.989738	0.989953	0.990359
7370	-1558.647	-1626.088	67.44141	0.950145	0.95105	0.947062	0.946589	0.95468	0.955072	0.954242	0.954449	0.957585	0.954974
7380	-1557.693	-1625.134	67.44141	0.96453	0.965449	0.961402	0.960921	0.969134	0.969532	0.96869	0.9689	0.972084	0.969433
7390	-1557.67	-1625.111	67.44141	0.973321	0.973532	0.973931	0.971275	0.97079	0.973979	0.974907	0.974061	0.969977	0.978268
7400	-1557.975	-1625.416	67.44141	0.980397	0.9808	0.981012	0.980522	0.977848	0.978779	0.981995	0.977878	0.977029	0.98538
7410	-1557.934	-1625.376	67.44141	0.958891	0.956276	0.959418	0.959626	0.958793	0.959186	0.967385	0.966901	0.962847	0.963765
7420	-1557.729	-1625.171	67.44141	0.963329	0.962492	0.970719	0.973908	0.969825	0.967181	0.968102	0.968312	0.967828	0.968225
7430	-1558.066	-1625.507	67.44141	0.956829	0.952818	0.953725	0.961877	0.961396	0.960561	0.960956	0.964113	0.964322	0.961692
7440	-1561.478	-1628.92	67.44141	0.931363	0.930898	0.93128	0.932167	0.932369	0.92846	0.925928	0.933842	0.936911	0.936097
7450	-1558.907	-1626.349	67.44141	0.947787	0.947993	0.948382	0.945796	0.945323	0.948429	0.949332	0.948508	0.944531	0.952604
7460	-1557.694	-1625.136	67.44141	0.9743	0.973454	0.976652	0.985	0.982314	0.978196	0.978408	0.97934	0.979742	0.979252
7470	-1557.626	-1625.067	67.44141	0.969009	0.966366	0.966576	0.969751	0.970149	0.969307	0.968822	0.977103	0.978034	0.973934
7480	-1559.966	-1627.408	67.44141	0.997621	0.997837	0.995116	0.995524	0.998795	0.998296	0.997429	0.998379	1.00691	1.00269
7490	-1557.633	-1625.075	67.44141	0.967775	0.967291	0.967688	0.96861	0.96882	0.964758	0.962128	0.970351	0.973539	0.972694
7500	-1557.632	-1625.073	67.44141	0.970861	0.971786	0.967712	0.967228	0.975495	0.975896	0.975048	0.97526	0.978464	0.975795
7510	-1558.617	-1626.058	67.44141	0.950435	0.94645	0.947352	0.955449	0.954972	0.954142	0.954534	0.95767	0.957878	0.955265
7520	-1557.702	-1625.143	67.44141	0.964205	0.963367	0.971602	0.974794	0.970707	0.96806	0.968982	0.969192	0.968708	0.969105
7530	-1558.916	-1626.357	67.44141	0.990423	0.989563	0.998021	1.0013	0.997102	0.994383	0.995331	0.995547	0.995049	0.995457
7540	-1557.898	-1625.34	67.44141	0.97913	0.975026	0.983359	0.984296	0.983441	0.98295	0.986179	0.986584	0.983893	0.984107
7550	-1557.629	-1625.071	67.44141	0.970538	0.969695	0.972881	0.981197	0.978521	0.974419	0.97463	0.975558	0.975959	0.975471
7560	-1557.711	-1625.153	67.44141	0.963887	0.967054	0.966214	0.963579	0.971815	0.972026	0.967951	0.968348	0.96927	0.968786
7570	-1557.649	-1625.091	67.44141	0.972277	0.971432	0.979736	0.982955	0.978834	0.976164	0.977094	0.977306	0.976818	0.977218
7580	-1557.845	-1625.287	67.44141	0.960546	0.956519	0.95743	0.965614	0.965131	0.964293	0.964688	0.967858	0.968068	0.965428
7590	-1558.791	-1626.233	67.44141	0.989393	0.985245	0.993667	0.994613	0.993749	0.993253	0.996516	0.996925	0.994206	0.994422
7600	-1557.854	-1625.296	67.44141	0.960366	0.960574	0.960968	0.958348	0.957869	0.961016	0.961931	0.961096	0.957066	0.965247
7610	-1558.185	-1625.626	67.44141	0.983297	0.986527	0.983837	0.982983	0.983196	0.9916	0.992007	0.987848	0.987354	0.988294
7620	-1557.644	-1625.086	67.44141	0.966829	0.967039	0.967436	0.964798	0.964315	0.967484	0.968405	0.967564	0.963508	0.971743
7630	-1558.198	-1625.64	67.44141	0.983461	0.979338	0.98027	0.988649	0.988155	0.987297	0.987702	0.990947	0.991162	0.988459
7640	-1558.031	-1625.472	67.44141	0.957344	0.957552	0.95494	0.955332	0.958471	0.957992	0.95716	0.958072	0.966261	0.96221
7650	-1558.107	-1625.548	67.44141	0.982298	0.981445	0.98467	0.993086	0.990378	0.986226	0.98644	0.987379	0.987785	0.987291
7660	-1557.734	-1625.175	67.44141	0.975547	0.971457	0.972383	0.980694	0.980204	0.979353	0.979754	0.982974	0.983187	0.980506
7670	-1557.647	-1625.089	67.44141	0.966635	0.969811	0.968969	0.966326	0.974586	0.974797	0.97071	0.971109	0.972034	0.971548
7680	-1557.886	-1625.328	67.44141	0.959752	0.960666	0.960186	0.95616	0.956553	0.964729	0.964938	0.9641	0.961471	0.96463
7690	-1558.172	-1625.613	67.44141	0.983139	0.986369	0.983679	0.982825	0.983038	0.99144	0.991847	0.987689	0.987195	0.988136
7700	-1557.85	-1625.291	67.44141	0.97823	0.974129	0.982455	0.983391	0.982537	0.982046	0.985272	0.985677	0.982989	0.983202
7710	-1559.075	-1626.516	67.44141	0.94639	0.945568	0.948675	0.956784	0.954174	0.950174	0.95038	0.951286	0.951676	0.9512
7720	-1558.247	-1625.689	67.44141	0.984045	0.984449	0.984662	0.98417	0.981486	0.982421	0.985649	0.981517	0.980664	0.989046
7730	-1557.864	-1625.306	67.44141	0.96017	0.95969	0.960605	0.960999	0.95697	0.957178	0.965359	0.962726	0.96189	0.96505
7740	-1558.488	-1625.93	67.44141	0.951728	0.952634	0.948641	0.948166	0.956271	0.956663	0.955832	0.95604	0.959181	0.956565
7750	-1557.688	-1625.13	67.44141	0.974088	0.973242	0.981561	0.984786	0.980657	0.977983	0.978914	0.979127	0.978637	0.979039
7760	-1558.05	-1625.491	67.44141	0.957068	0.960213	0.959379	0.956763	0.96494	0.96515	0.961103	0.961498	0.962414	0.961933
7770	-1557.709	-1625.15	67.44141	0.974794	0.974306	0.974706	0.975635	0.975846	0.971755	0.969105	0.977389	0.9806	0.979748
7780	-1557.758	-1625.2	67.44141	0.976201	0.979408	0.976737	0.975889	0.976101	0.984444	0.984848	0.980719	0.980228	0.981162
7790	-1558.127	-1625.568	67.44141	0.98256	0.990959	0.986804	0.985947	0.986886	0.990129	0.989634	0.986935	0.98734	0.987554
7800	-1557.63	-1625.071	67.44141	0.970598	0.967951	0.971131	0.971342	0.970498	0.970896	0.979195	0.978705	0.974602	0.975531
7810	-1557.769	-1625.21	67.44141	0.976465	0.977395	0.973297	0.972811	0.981126	0.981528	0.980676	0.980889	0.984111	0.981428
7820	-1557.683	-1625.125	67.44141	0.96488	0.96509	0.965486	0.962853	0.962371	0.965533	0.966453	0.965614	0.961565	0.969784
7830	-1557.77	-1625.212	67.44141	0.976496	0.979704	0.977032	0.976184	0.976396	0.984741	0.985145	0.981015	0.980525	0.981459
7840	-1557.796	-1625.237	67.44141	0.977093	0.977305	0.977706	0.97504	0.974553	0.977755	0.978686	0.977836	0.973737	0.982059
7850	-1558.406	-1625.848	67.44141	0.985795	0.984938	0.988175	0.996621	0.993903	0.989736	0.989951	0.990894	0.991301	0.990805
7860	-1558.035	-1625.476	67.44141	0.9813	0.981703	0.981916	0.981425	0.978748	0.979681	0.982899	0.978779	0.977929	0.986287
7870	-1558.565	-1626.006	67.44141	0.987367	0.987772	0.987987	0.987493	0.9848	0.985738	0.988977	0.98483	0.983975	0.992385
7880	-1557.639	-1625.08	67.44141	0.97153	0.974722	0.972064	0.971219	0.97143	0.979733	0.980135	0.976026	0.975538	0.976468
7890	-1557.773	-1625.215	67.44141	0.976573	0.975725	0.978931	0.987298	0.984606	0.980478	0.98069	0.981625	0.982028	0.981537
7900	-1558.378	-1625.82	67.44141	0.952911	0.956042	0.955212	0.952607	0.960749	0.960958	0.956929	0.957322	0.958234	0.957755
7910	-1558.052	-1625.493	67.44141	0.981545	0.989934	0.985784	0.984928	0.985866	0.989106	0.988611	0.985915	0.98632	0.986534
7920	-1557.91	-1625.351	67.44141	0.959323	0.962474	0.95985	0.959016	0.959224	0.967423	0.96782	0.963762	0.963281	0.964198
7930	-1557.764	-1625.206	67.44141	0.976353	0.979561	0.976889	0.976041	0.976253	0.984597	0.985001	0.980872	0.980381	0.981315
7940	-1557.767	-1625.209	67.44141	0.9623	0.962508	0.959883	0.960277	0.963432	0.962951	0.962114	0.963031	0.971262	0.96719
7950	-1557.777	-1625.219	67.44141	0.962058	0.970281	0.969438	0.965374	0.968546	0.969469	0.966825	0.966341	0.966551	0.966948
7960	-1557.793	-1625.235	67.44141	0.977045	0.972949	0.973875	0.982199	0.981708	0.980856	0.981258	0.984482	0.984696	0.982011
7970	-1558.011	-1625.452	67.44141	0.957652	0.960798	0.959964	0.957346	0.965529	0.965738	0.961689	0.962084	0.963	0.962519
7980	-1558.672	-1626.113	67.44141	0.949906	0.958025	0.954009	0.95318	0.954088	0.957223	0.956744	0.954135	0.954527	0.954734
7990	-1557.843	-1625.285	67.44141	0.978095	0.979027	0.978538	0.974435	0.974835	0.983167	0.983381	0.982527	0.979847	0.983067
8000	-1557.665	-1625.106	67.44141	0.973096	0.973495	0.973009	0.97322	0.974147	0.97149	0.967417	0.970596	0.978892	0.978042
8010	-1558.499	-1625.941	67.44141	0.986735	0.995169	0.994305	0.990136	0.993389	0.994336	0.991624	0.991128	0.991343	0.99175
8020	-1557.707	-1625.148	67.44141	0.974716	0.977918	0.975251	0.974405	0.974616	0.982946	0.98335	0.979227	0.978737	0.97967
8030	-1557.957	-1625.398	67.44141	0.958518	0.955904	0.959044	0.959252	0.958419	0.958813	0.967008	0.966525	0.962472	0.963389
8040	-1557.748	-1625.189	67.44141	0.962811	0.963207	0.962725	0.962934	0.963851	0.961223	0.957193	0.960338	0.968546	0.967705
8050	-1558.558	-1625.999	67.44141	0.987301	0.995739	0.991565	0.990704	0.991647	0.994905	0.994408	0.991696	0.992103	0.992318
8060	-1557.653	-1625.095	67.44141	0.972521	0.973447	0.969366	0.968882	0.977163	0.977564	0.976715	0.976927	0.980137	0.977464
8070	-1559.17	-1626.612	67.44141	0.99238	0.993325	0.992829	0.988667	0.989072	0.997526	0.997743	0.996876	0.994158	0.997424
8080	-1558.684	-1626.125	67.44141	0.988461	0.989403	0.988908	0.984762	0.985167	0.993587	0.993803	0.99294	0.990232	0.993485
8090	-1557.799	-1625.24	67.44141	0.977163	0.977375	0.97471	0.97511	0.978313	0.977824	0.976975	0.977906	0.986264	0.982129
8100	-1558.178	-1625.62	67.44141	0.955297	0.952692	0.955822	0.956029	0.955199	0.955591	0.963759	0.963277	0.959239	0.960152
8110	-1557.633	-1625.074	67.44141	0.96784	0.967356	0.968278	0.968675	0.964614	0.964823	0.97307	0.970416	0.969574	0.972759
8120	-1557.627	-1625.068	67.44141	0.96871	0.968921	0.966278	0.966675	0.969851	0.969366	0.968524	0.969447	0.977733	0.973634
8130	-1558.456	-1625.897	67.44141	0.952072	0.94808	0.956184	0.957095	0.956263	0.955785	0.958926	0.959319	0.956703	0.956911
8140	-1558.404	-1625.845	67.44141	0.95263	0.950032	0.950238	0.95336	0.953751	0.952923	0.952446	0.960587	0.961502	0.957471
8150	-1557.716	-1625.157	67.44141	0.963737	0.966903	0.964266	0.963429	0.963638	0.971874	0.972273	0.968197	0.967713	0.968635
8160	-1557.769	-1625.21	67.44141	0.976466	0.977396	0.973299	0.972812	0.981127	0.98153	0.980677	0.98089	0.984113	0.981429
8170	-1557.748	-1625.19	67.44141	0.962794	0.971023	0.966953	0.966113	0.967033	0.97021	0.969725	0.967081	0.967478	0.967688
8180	-1558.263	-1625.704	67.44141	0.954245	0.953416	0.961565	0.964725	0.96068	0.95806	0.958973	0.959181	0.958702	0.959095
8190	-1557.781	-1625.222	67.44141	0.961965	0.961484	0.9624	0.962795	0.958759	0.958967	0.967163	0.964526	0.963688	0.966854
8200	-1557.694	-1625.135	67.44141	0.964491	0.972735	0.968657	0.967816	0.968738	0.971921	0.971435	0.968786	0.969183	0.969393
8210	-1557.64	-1625.081	67.44141	0.971647	0.971161	0.972087	0.972486	0.968409	0.968619	0.976898	0.974234	0.973388	0.976586
8220	-1557.672	-1625.113	67.44141	0.973422	0.972935	0.973334	0.974261	0.974473	0.970387	0.967741	0.976013	0.979219	0.978369
8230	-1557.626	-1625.067	67.44141	0.969642	0.970565	0.966496	0.966013	0.97427	0.97467	0.973823	0.974034	0.977235	0.97457
8240	-1557.923	-1625.365	67.44141	0.959084	0.959478	0.958998	0.959206	0.96012	0.957502	0.953488	0.95662	0.964797	0.963959
8250	-1558.995	-1626.436	67.44141	0.947047	0.946573	0.946962	0.947864	0.94807	0.944095	0.94152	0.949568	0.952688	0.95186
8260	-1557.642	-1625.084	67.44141	0.971806	0.970962	0.979261	0.982478	0.978359	0.975691	0.976621	0.976833	0.976344	0.976745
8270	-1557.651	-1625.092	67.44141	0.972354	0.980665	0.976554	0.975706	0.976635	0.979844	0.979354	0.976684	0.977084	0.977296
8280	-1557.732	-1625.173	67.44141	0.963254	0.966419	0.963783	0.962946	0.963155	0.971388	0.971786	0.967712	0.967228	0.96815
8290	-1558.115	-1625.557	67.44141	0.956134	0.956526	0.956734	0.956255	0.953648	0.954556	0.957692	0.953677	0.952849	0.960993
8300	-1557.632	-1625.074	67.44141	0.967845	0.967005	0.970182	0.978474	0.975806	0.971715	0.971926	0.972852	0.973251	0.972764
8310	-1559.954	-1627.395	67.44141	0.940065	0.940961	0.94049	0.936547	0.936932	0.94494	0.945145	0.944324	0.941749	0.944843
8320	-1558.376	-1625.817	67.44141	0.985472	0.985877	0.98609	0.985597	0.98291	0.983846	0.987078	0.98294	0.982087	0.990481
8330	-1558.495	-1625.937	67.44141	0.951656	0.949061	0.952179	0.952386	0.951559	0.951949	0.960086	0.959606	0.955583	0.956493
8340	-1557.985	-1625.427	67.44141	0.980567	0.979715	0.982934	0.991336	0.988632	0.984488	0.984701	0.985639	0.986044	0.985551
8350	-1557.626	-1625.068	67.44141	0.968974	0.972158	0.971314	0.968665	0.976944	0.977156	0.97306	0.973459	0.974386	0.973899
8360	-1557.688	-1625.13	67.44141	0.964693	0.965089	0.965298	0.964816	0.962185	0.963101	0.966266	0.962215	0.961379	0.969596
8370	-1558.48	-1625.921	67.44141	0.951815	0.954943	0.954113	0.951511	0.959644	0.959852	0.955828	0.956221	0.957132	0.956653
8380	-1558.346	-1625.787	67.44141	0.985155	0.993575	0.992712	0.98855	0.991798	0.992743	0.990036	0.989541	0.989755	0.990162
8390	-1559.331	-1626.773	67.44141	0.94439	0.94043	0.948468	0.949372	0.948548	0.948073	0.951188	0.951579	0.948984	0.949189
8400	-1558.693	-1626.135	67.44141	0.949704	0.94888	0.95699	0.960134	0.956109	0.953502	0.95441	0.954617	0.95414	0.954531
8410	-1557.773	-1625.215	67.44141	0.962151	0.961315	0.964473	0.972717	0.970064	0.965997	0.966207	0.967127	0.967524	0.967041
8420	-1557.629	-1625.07	67.44141	0.97044	0.978735	0.977885	0.973785	0.976985	0.977915	0.975249	0.974761	0.974972	0.975373
8430	-1558.409	-1625.85	67.44141	0.98582	0.989059	0.9882	0.985505	0.993929	0.994144	0.989977	0.990383	0.991326	0.990831
8440	-1557.672	-1625.114	67.44141	0.973439	0.972953	0.973352	0.974279	0.974491	0.970405	0.967759	0.976031	0.979237	0.978387
8450	-1558.114	-1625.556	67.44141	0.956149	0.95929	0.956674	0.955843	0.956051	0.964222	0.964618	0.960574	0.960094	0.961008
8460	-1557.688	-1625.13	67.44141	0.964689	0.964207	0.964603	0.965522	0.965731	0.961682	0.95906	0.967257	0.970435	0.969592
8470	-1558.351	-1625.792	67.44141	0.953217	0.961365	0.96053	0.956503	0.959646	0.96056	0.95794	0.957461	0.957669	0.958062
8480	-1557.626	-1625.067	67.44141	0.969299	0.969697	0.969908	0.969423	0.966779	0.9677	0.970879	0.966809	0.965969	0.974226
8490	-1558.533	-1625.974	67.44141	0.951269	0.947281	0.955377	0.956288	0.955457	0.954979	0.958117	0.95851	0.955896	0.956104
8500	-1557.629	-1625.07	67.44141	0.970439	0.97065	0.968003	0.9684	0.971582	0.971096	0.970253	0.971177	0.979478	0.975372
8510	-1558	-1625.441	67.44141	0.957826	0.958219	0.958427	0.957948	0.955335	0.956245	0.959387	0.955365	0.954535	0.962694
8520	-1558.715	-1626.156	67.44141	0.949505	0.948681	0.951797	0.959933	0.957315	0.953302	0.953508	0.954417	0.954808	0.954331
8530	-1558.331	-1625.772	67.44141	0.984992	0.988228	0.985533	0.984677	0.984891	0.993309	0.993717	0.989551	0.989056	0.989998
8540	-1557.634	-1625.075	67.44141	0.967734	0.967944	0.968341	0.9657	0.965217	0.968389	0.969311	0.968469	0.964409	0.972652
8550	-1558.15	-1625.591	67.44141	0.955675	0.954845	0.963006	0.96617	0.96212	0.959496	0.96041	0.960618	0.960138	0.960532
8560	-1557.626	-1625.067	67.44141	0.969169	0.969379	0.966736	0.967133	0.97031	0.969825	0.968983	0.969906	0.978196	0.974095
8570	-1557.833	-1625.274	67.44141	0.960808	0.958188	0.958395	0.961544	0.961939	0.961104	0.960623	0.968834	0.969757	0.965691
8580	-1557.628	-1625.07	67.44141	0.970368	0.969883	0.970281	0.971206	0.971416	0.967344	0.964706	0.972951	0.976148	0.9753
8590	-1558.307	-1625.748	67.44141	0.953724	0.956858	0.954248	0.953419	0.953626	0.961777	0.962172	0.958138	0.957659	0.958571
8600	-1558.95	-1626.391	67.44141	0.990694	0.991637	0.98748	0.986986	0.995422	0.995831	0.994966	0.995182	0.998452	0.995729
8610	-1558.799	-1626.241	67.44141	0.948733	0.95185	0.949255	0.94843	0.948636	0.956744	0.957137	0.953124	0.952648	0.953555
8620	-1557.677	-1625.118	67.44141	0.973634	0.972789	0.981103	0.984327	0.9802	0.977527	0.978458	0.978671	0.978181	0.978583
8630	-1557.677	-1625.118	67.44141	0.973621	0.974548	0.970462	0.969977	0.978268	0.978669	0.97782	0.978032	0.981245	0.978569
8640	-1557.952	-1625.393	67.44141	0.980037	0.983257	0.980575	0.979724	0.979936	0.988312	0.988718	0.984573	0.98408	0.985018
8650	-1557.637	-1625.078	67.44141	0.967402	0.966919	0.967316	0.968237	0.968447	0.964387	0.961757	0.969978	0.973164	0.972319
8660	-1558.075	-1625.517	67.44141	0.956696	0.964873	0.964035	0.959994	0.963148	0.964065	0.961436	0.960956	0.961164	0.961558
8670	-1557.793	-1625.235	67.44141	0.961677	0.960841	0.963998	0.972238	0.969587	0.965522	0.965731	0.966651	0.967048	0.966564
8680	-1558.301	-1625.742	67.44141	0.98466	0.984168	0.984572	0.98551	0.985723	0.981591	0.978914	0.987281	0.990525	0.989665
8690	-1557.718	-1625.159	67.44141	0.975079	0.974592	0.974992	0.97592	0.976132	0.97204	0.969389	0.977675	0.980887	0.980035
8700	-1557.856	-1625.297	67.44141	0.960337	0.960731	0.960251	0.960459	0.961374	0.958753	0.954733	0.95787	0.966057	0.965218
8710	-1557.671	-1625.113	67.44141	0.965373	0.964534	0.972778	0.975975	0.971883	0.969233	0.970156	0.970366	0.969881	0.970279
8720	-1558.148	-1625.589	67.44141	0.982835	0.983771	0.983279	0.979157	0.979559	0.987931	0.988146	0.987288	0.984595	0.98783
8730	-1557.981	-1625.423	67.44141	0.958116	0.966305	0.965466	0.961418	0.964577	0.965496	0.962863	0.962381	0.96259	0.962985
8740	-1557.645	-1625.086	67.44141	0.971989	0.972388	0.971901	0.972112	0.973038	0.970385	0.966317	0.969491	0.977778	0.976929
8750	-1557.63	-1625.072	67.44141	0.968107	0.967266	0.975533	0.978738	0.974635	0.971977	0.972903	0.973114	0.972628	0.973027
8760	-1560.07	-1627.511	67.44141	0.998229	1.00676	1.00589	1.00167	1.00496	1.00592	1.00318	1.00267	1.00289	1.0033
8770	-1558.601	-1626.042	67.44141	0.987707	0.996149	0.991973	0.991112	0.992056	0.995315	0.994818	0.992105	0.992512	0.992727
8780	-1557.673	-1625.115	67.44141	0.97348	0.9818	0.977684	0.976835	0.977766	0.980978	0.980488	0.977814	0.978215	0.978428
8790	-1557.885	-1625.326	67.44141	0.978886	0.979288	0.978798	0.97901	0.979943	0.977271	0.973174	0.976371	0.984716	0.983861
8800	-1557.706	-1625.147	67.44141	0.964072	0.961443	0.964602	0.964811	0.963974	0.964369	0.972612	0.972126	0.96805	0.968972
8810	-1557.988	-1625.43	67.44141	0.958006	0.955393	0.958532	0.95874	0.957907	0.9583	0.966491	0.966008	0.961958	0.962875
8820	-1557.729	-1625.171	67.44141	0.963334	0.962497	0.96566	0.973913	0.971257	0.967186	0.967395	0.968317	0.968714	0.96823
8830	-1557.874	-1625.316	67.44141	0.95998	0.9595	0.959894	0.960808	0.961017	0.956988	0.954378	0.962535	0.965698	0.964859
8840	-1557.794	-1625.235	67.44141	0.961656	0.962572	0.96209	0.958057	0.95845	0.966642	0.966852	0.966012	0.963378	0.966543
8850	-1557.863	-1625.304	67.44141	0.960205	0.96112	0.960639	0.956612	0.957004	0.965184	0.965394	0.964555	0.961925	0.965085
8860	-1558.322	-1625.763	67.44141	0.953548	0.95272	0.960863	0.96402	0.959979	0.957361	0.958273	0.958481	0.958001	0.958395
8870	-1559.23	-1626.671	67.44141	0.945161	0.946062	0.945589	0.941625	0.942011	0.950063	0.950269	0.949444	0.946854	0.949965
8880	-1558.183	-1625.624	67.44141	0.955242	0.956152	0.955674	0.951667	0.952058	0.960196	0.960404	0.95957	0.956953	0.960097
8890	-1557.672	-1625.113	67.44141	0.973427	0.970772	0.973962	0.974173	0.973327	0.973726	0.982049	0.981558	0.977443	0.978374
8900	-1558.762	-1626.204	67.44141	0.949067	0.949273	0.949663	0.947073	0.946599	0.949709	0.950614	0.949788	0.945807	0.953891
8910	-1557.675	-1625.117	67.44141	0.973568	0.973779	0.974178	0.971522	0.971036	0.974226	0.975154	0.974308	0.970223	0.978516
8920	-1557.841	-1625.283	67.44141	0.978062	0.973961	0.974889	0.983222	0.98273	0.981877	0.98228	0.985507	0.985721	0.983033
8930	-1557.761	-1625.202	67.44141	0.962463	0.962858	0.962376	0.962585	0.963502	0.960874	0.956846	0.95999	0.968195	0.967354
8940	-1557.903	-1625.344	67.44141	0.979207	0.975102	0.976031	0.984374	0.983881	0.983027	0.98343	0.986662	0.986876	0.984184
8950	-1560.611	-1628.053	67.44141	0.93606	0.936263	0.933709	0.934093	0.937162	0.936693	0.935879	0.936771	0.944778	0.940817
8960	-1557.816	-1625.257	67.44141	0.961169	0.962085	0.961604	0.957573	0.957966	0.966154	0.966363	0.965524	0.962891	0.966055
8970	-1557.733	-1625.174	67.44141	0.963224	0.966389	0.96555	0.962917	0.971147	0.971358	0.967285	0.967682	0.968604	0.96812
8980	-1557.908	-1625.35	67.44141	0.979307	0.978817	0.979219	0.980152	0.980365	0.976254	0.973592	0.981914	0.98514	0.984284
8990	-1557.744	-1625.185	67.44141	0.962922	0.963317	0.962836	0.963045	0.963962	0.961333	0.957303	0.960448	0.968658	0.967816
9000	-1560.581	-1628.022	67.44141	0.936236	0.935768	0.936152	0.937044	0.937247	0.933318	0.930772	0.938728	0.941812	0.940994
9010	-1557.68	-1625.121	67.44141	0.965019	0.960973	0.969187	0.97011	0.969268	0.968783	0.971966	0.972365	0.969714	0.969924
9020	-1557.63	-1625.071	67.44141	0.968172	0.971353	0.968704	0.967863	0.968073	0.976347	0.976748	0.972653	0.972167	0.973093
9030	-1557.639	-1625.08	67.44141	0.96726	0.964622	0.967791	0.968001	0.96716	0.967557	0.975827	0.97534	0.971251	0.972176
9040	-1559.663	-1627.105	67.44141	0.942006	0.945101	0.94428	0.941705	0.949754	0.94996	0.945978	0.946366	0.947268	0.946794
9050	-1557.632	-1625.073	67.44141	0.970895	0.974085	0.971428	0.970584	0.970795	0.979093	0.979495	0.975388	0.9749	0.975829
9060	-1558.138	-1625.58	67.44141	0.955823	0.951815	0.952722	0.960865	0.960385	0.959551	0.959945	0.963099	0.963308	0.960681
9070	-1557.731	-1625.172	67.44141	0.975453	0.975854	0.975366	0.975577	0.976507	0.973844	0.969761	0.972947	0.981263	0.980411
9080	-1560.367	-1627.808	67.44141	0.99991	0.99941	0.99982	1.00077	1.00099	0.996793	0.994075	1.00257	1.00587	1.00499
9090	-1557.799	-1625.24	67.44141	0.96155	0.958928	0.959136	0.962287	0.962682	0.961846	0.961365	0.969582	0.970506	0.966437
9100	-1558.142	-1625.583	67.44141	0.955778	0.9553	0.955692	0.956602	0.95681	0.952799	0.9502	0.958322	0.961471	0.960636
9110	-1558.76	-1626.201	67.44141	0.949092	0.957205	0.953192	0.952364	0.953271	0.956403	0.955925	0.953318	0.953709	0.953916
9120	-1557.635	-1625.076	67.44141	0.971183	0.967111	0.968032	0.976306	0.975818	0.974971	0.975371	0.978576	0.978788	0.976119
9130	-1557.641	-1625.082	67.44141	0.967072	0.967994	0.963935	0.963453	0.971688	0.972087	0.971243	0.971454	0.974645	0.971987
9140	-1558.218	-1625.66	67.44141	0.983704	0.98285	0.991251	0.994507	0.990338	0.987637	0.988578	0.988793	0.988298	0.988704
9150	-1560.621	-1628.063	67.44141	0.936002	0.936205	0.93659	0.934035	0.933568	0.936636	0.937528	0.936714	0.932787	0.94076
9160	-1557.639	-1625.08	67.44141	0.967266	0.966783	0.967704	0.968101	0.964042	0.964252	0.972493	0.969841	0.968999	0.972183
9170	-1557.857	-1625.298	67.44141	0.960319	0.9577	0.960847	0.961055	0.960221	0.960615	0.968825	0.968341	0.964281	0.9652
9180	-1558.472	-1625.914	67.44141	0.951895	0.952101	0.949505	0.949894	0.953015	0.952539	0.951712	0.952618	0.960761	0.956733
9190	-1557.672	-1625.114	67.44141	0.97345	0.976648	0.973985	0.973139	0.97335	0.98167	0.982073	0.977955	0.977466	0.978398
9200	-1558.838	-1626.28	67.44141	0.948386	0.9458	0.946005	0.949113	0.949503	0.948678	0.948204	0.956308	0.957219	0.953206
9210	-1558.725	-1626.167	67.44141	0.949407	0.946818	0.949929	0.950135	0.94931	0.949699	0.957817	0.957338	0.953324	0.954232
9220	-1558.258	-1625.7	67.44141	0.954297	0.962454	0.958419	0.957587	0.958499	0.961648	0.961167	0.958546	0.95894	0.959148
9230	-1557.627	-1625.069	67.44141	0.97013	0.966063	0.97432	0.975248	0.974401	0.973914	0.977114	0.977515	0.974849	0.975061
9240	-1558.29	-1625.732	67.44141	0.984539	0.987774	0.98508	0.984224	0.984438	0.992852	0.99326	0.989095	0.988601	0.989543
9250	-1558.156	-1625.597	67.44141	0.955589	0.955981	0.955503	0.95571	0.95662	0.954012	0.950012	0.953133	0.96128	0.960445
9260	-1557.657	-1625.098	67.44141	0.966092	0.969266	0.968424	0.965783	0.974038	0.974249	0.970165	0.970563	0.971488	0.971002
9270	-1557.663	-1625.105	67.44141	0.965758	0.963124	0.963333	0.966498	0.966895	0.966055	0.965572	0.973825	0.974753	0.970667
9280	-1557.658	-1625.1	67.44141	0.966006	0.974263	0.970179	0.969336	0.97026	0.973447	0.972961	0.970307	0.970706	0.970916
9290	-1557.871	-1625.313	67.44141	0.978637	0.979038	0.978549	0.978761	0.979693	0.977022	0.972926	0.976122	0.984465	0.983611
9300	-1557.746	-1625.187	67.44141	0.975876	0.975389	0.976318	0.976718	0.972624	0.972835	0.98115	0.978474	0.977624	0.980836
9310	-1558.801	-1626.243	67.44141	0.948714	0.944737	0.952812	0.95372	0.952891	0.952415	0.955544	0.955936	0.953329	0.953536
9320	-1557.854	-1625.296	67.44141	0.978315	0.979247	0.975142	0.974654	0.982985	0.983388	0.982534	0.982747	0.985976	0.983287
9330	-1559.322	-1626.763	67.44141	0.993468	0.994415	0.990246	0.989751	0.99821	0.99862	0.997753	0.997969	1.00125	0.998518
9340	-1557.715	-1625.157	67.44141	0.975001	0.974154	0.977355	0.985708	0.98302	0.978899	0.979111	0.980044	0.980446	0.979956
9350	-1558.05	-1625.492	67.44141	0.957059	0.957267	0.954656	0.955048	0.958186	0.957707	0.956875	0.957787	0.965973	0.961923
9360	-1557.633	-1625.075	67.44141	0.967741	0.970921	0.970078	0.967432	0.975701	0.975913	0.971821	0.97222	0.973146	0.97266
9370	-1557.728	-1625.169	67.44141	0.963373	0.966538	0.965699	0.963065	0.971297	0.971507	0.967434	0.967832	0.968754	0.968269
9380	-1557.765	-1625.206	67.44141	0.962363	0.958329	0.96652	0.96744	0.9666	0.966117	0.969291	0.969689	0.967045	0.967254
9390	-1557.626	-1625.067	67.44141	0.96937	0.968528	0.97171	0.980016	0.977343	0.973246	0.973457	0.974384	0.974784	0.974297
9400	-1557.843	-1625.285	67.44141	0.978101	0.981315	0.980462	0.977789	0.986146	0.98636	0.982225	0.982628	0.983564	0.983072
9410	-1557.638	-1625.079	67.44141	0.967335	0.967732	0.967942	0.967458	0.96482	0.965739	0.968912	0.96485	0.964012	0.972252
9420	-1557.793	-1625.234	67.44141	0.977035	0.977246	0.977648	0.974981	0.974494	0.977696	0.978627	0.977777	0.973678	0.982
9430	-1557.744	-1625.186	67.44141	0.975835	0.974988	0.978191	0.986552	0.983862	0.979737	0.979949	0.980883	0.981286	0.980795
9440	-1558.041	-1625.483	67.44141	0.981396	0.984621	0.981935	0.981083	0.981295	0.989683	0.990089	0.985938	0.985445	0.986384
9450	-1559.54	-1626.981	67.44141	0.99495	0.998219	0.995497	0.994632	0.994848	1.00335	1.00376	0.999555	0.999055	1.00001
9460	-1557.744	-1625.185	67.44141	0.975816	0.984156	0.98003	0.979179	0.980112	0.983332	0.982841	0.98016	0.980563	0.980775
9470	-1557.672	-1625.114	67.44141	0.973449	0.969368	0.977654	0.978585	0.977735	0.977246	0.980457	0.98086	0.978185	0.978397
9480	-1557.919	-1625.361	67.44141	0.979494	0.982712	0.981859	0.979181	0.987551	0.987765	0.983624	0.984028	0.984965	0.984472
9490	-1557.875	-1625.316	67.44141	0.978701	0.979633	0.975526	0.975038	0.983372	0.983776	0.982922	0.983135	0.986365	0.983675
9500	-1557.643	-1625.084	67.44141	0.971864	0.975057	0.972398	0.971553	0.971764	0.98007	0.980472	0.976362	0.975874	0.976803
9510	-1559.016	-1626.457	67.44141	0.946874	0.947079	0.947468	0.944884	0.944412	0.947514	0.948417	0.947593	0.943621	0.951686
9520	-1557.628	-1625.069	67.44141	0.970292	0.967646	0.970825	0.971036	0.970193	0.970591	0.978887	0.978397	0.974295	0.975224
9530	-1558.217	-1625.659	67.44141	0.954805	0.950802	0.958929	0.959842	0.959009	0.958529	0.961678	0.962073	0.959449	0.959658
9540	-1557.627	-1625.069	67.44141	0.970212	0.966144	0.967065	0.97533	0.974843	0.973996	0.974396	0.977597	0.977809	0.975143
9550	-1557.637	-1625.078	67.44141	0.967433	0.967643	0.96804	0.9654	0.964918	0.968088	0.96901	0.968169	0.96411	0.97235
9560	-1558.739	-1626.18	67.44141	0.949283	0.949489	0.949879	0.947288	0.946815	0.949926	0.950831	0.950005	0.946022	0.954108
9570	-1558.498	-1625.939	67.44141	0.986722	0.987662	0.983521	0.983029	0.991432	0.991839	0.990977	0.991192	0.994449	0.991737
9580	-1557.631	-1625.072	67.44141	0.970716	0.969873	0.973059	0.981376	0.9787	0.974597	0.974808	0.975737	0.976137	0.975649
9590	-1558.466	-1625.907	67.44141	0.986406	0.983716	0.986948	0.987162	0.986305	0.986709	0.995143	0.994645	0.990476	0.991419
9600	-1557.836	-1625.277	67.44141	0.977948	0.977459	0.97839	0.978792	0.974688	0.9749	0.983233	0.980551	0.9797	0.982919
9610	-1557.76	-1625.201	67.44141	0.9625	0.962019	0.962935	0.96333	0.959292	0.9595	0.967701	0.965062	0.964224	0.967392
9620	-1557.627	-1625.068	67.44141	0.96878	0.97706	0.976211	0.972119	0.975313	0.976242	0.97358	0.973093	0.973304	0.973703
9630	-1558.11	-1625.552	67.44141	0.982344	0.982748	0.982961	0.982469	0.97979	0.980723	0.983946	0.979821	0.97897	0.987337
9640	-1560.303	-1627.744	67.44141	0.999557	0.999967	0.999467	0.999684	1.00064	0.997908	0.993724	0.996989	1.00551	1.00464
9650	-1557.626	-1625.067	67.44141	0.969086	0.969296	0.969694	0.967049	0.966566	0.969741	0.970665	0.969822	0.965756	0.974011
9660	-1557.667	-1625.109	67.44141	0.973216	0.97237	0.975565	0.983904	0.98122	0.977107	0.977319	0.97825	0.978651	0.978162
9670	-1557.941	-1625.383	67.44141	0.958774	0.958295	0.958688	0.959601	0.959809	0.955786	0.953179	0.961326	0.964485	0.963647
9680	-1557.635	-1625.076	67.44141	0.967622	0.968544	0.968059	0.964001	0.964397	0.97264	0.972851	0.972006	0.969355	0.97254
9690	-1557.89	-1625.331	67.44141	0.959689	0.95921	0.959603	0.960517	0.960726	0.956698	0.954089	0.962244	0.965405	0.964567
9700	-1558.194	-1625.635	67.44141	0.955097	0.955304	0.952699	0.95309	0.956221	0.955743	0.954913	0.955822	0.963992	0.959951
9710	-1558.552	-1625.993	67.44141	0.951076	0.948482	0.948688	0.951805	0.952196	0.951369	0.950893	0.959021	0.959934	0.95591
9720	-1557.911	-1625.352	67.44141	0.959303	0.958823	0.959736	0.96013	0.956105	0.956312	0.964486	0.961856	0.961021	0.964178
9730	-1558.275	-1625.717	67.44141	0.984368	0.984582	0.981897	0.9823	0.985527	0.985034	0.984179	0.985116	0.993536	0.989371
9740	-1560.07	-1627.512	67.44141	0.93932	0.939706	0.93991	0.93944	0.936878	0.93777	0.940851	0.936907	0.936093	0.944094
9750	-1557.674	-1625.116	67.44141	0.973527	0.972681	0.975877	0.984218	0.981534	0.977419	0.977631	0.978563	0.978964	0.978475
9760	-1557.638	-1625.08	67.44141	0.971519	0.979823	0.975715	0.974868	0.975797	0.979003	0.978513	0.975845	0.976245	0.976457
9770	-1558.447	-1625.888	67.44141	0.952164	0.951687	0.952078	0.952985	0.953192	0.949196	0.946607	0.954698	0.957835	0.957003
9780	-1557.948	-1625.389	67.44141	0.979972	0.988348	0.984205	0.98335	0.984287	0.987521	0.987027	0.984335	0.984739	0.984953
9790	-1558.384	-1625.825	67.44141	0.952848	0.960992	0.960157	0.956132	0.959273	0.960187	0.957569	0.95709	0.957298	0.957691
9800	-1557.772	-1625.213	67.44141	0.962195	0.963111	0.959073	0.958594	0.966787	0.967184	0.966344	0.966554	0.969729	0.967085
9810	-1557.725	-1625.167	67.44141	0.963458	0.971693	0.967619	0.966779	0.9677	0.970879	0.970394	0.967748	0.968145	0.968355
9820	-1557.627	-1625.069	67.44141	0.970191	0.971115	0.967044	0.96656	0.974822	0.975222	0.974375	0.974586	0.977788	0.975122
9830	-1557.988	-1625.429	67.44141	0.980601	0.980111	0.980513	0.981447	0.98166	0.977544	0.974879	0.983211	0.986442	0.985585
9840	-1557.639	-1625.08	67.44141	0.971566	0.970723	0.973912	0.982236	0.979558	0.975451	0.975663	0.976592	0.976993	0.976504
9850	-1557.771	-1625.212	67.44141	0.962209	0.961373	0.96959	0.972776	0.968697	0.966056	0.966976	0.967186	0.966702	0.967099
9860	-1560.105	-1627.546	67.44141	0.998434	0.995711	0.998982	0.999199	0.998331	0.998741	1.00728	1.00677	1.00255	1.00351
9870	-1557.741	-1625.182	67.44141	0.963005	0.962169	0.96533	0.973581	0.970926	0.966856	0.967065	0.967986	0.968384	0.9679
9880	-1557.635	-1625.077	67.44141	0.97126	0.967188	0.975455	0.976384	0.975536	0.975048	0.978252	0.978653	0.975985	0.976196
9890	-1557.659	-1625.1	67.44141	0.96598	0.9669	0.966417	0.962365	0.96276	0.970989	0.9712	0.970357	0.96771	0.97089
9900	-1557.803	-1625.244	67.44141	0.977253	0.977654	0.977866	0.977377	0.974712	0.975641	0.978846	0.974742	0.973896	0.98222
9910	-1558.243	-1625.685	67.44141	0.984	0.979874	0.98825	0.989191	0.988332	0.987838	0.991083	0.99149	0.988786	0.989001
9920	-1557.639	-1625.081	67.44141	0.971578	0.967505	0.968427	0.976704	0.976216	0.975368	0.975768	0.978974	0.979187	0.976516
9930	-1558.096	-1625.538	67.44141	0.956401	0.956609	0.954	0.954392	0.957527	0.957049	0.956217	0.957128	0.965309	0.961262
9940	-1557.626	-1625.068	67.44141	0.969882	0.970806	0.966736	0.966252	0.974511	0.974911	0.974065	0.974276	0.977477	0.974811
9950	-1557.821	-1625.262	67.44141	0.977644	0.977856	0.978258	0.97559	0.975102	0.978306	0.979238	0.978387	0.974285	0.982613
9960	-1557.712	-1625.153	67.44141	0.963875	0.972114	0.97127	0.967198	0.970375	0.9713	0.968651	0.968167	0.968377	0.968774
9970	-1557.664	-1625.105	67.44141	0.965716	0.965925	0.966322	0.963687	0.963205	0.966369	0.96729	0.96645	0.962398	0.970624
9980	-1557.849	-1625.29	67.44141	0.960479	0.957859	0.961006	0.961215	0.96038	0.960774	0.968986	0.968502	0.964441	0.96536
9990	-1557.969	-1625.411	67.44141	0.980316	0.979826	0.980759	0.981162	0.977048	0.97726	0.985613	0.982925	0.982072	0.985298
10000	-1558.016	-1625.457	67.44141	0.981022	0.978347	0.978559	0.981774	0.982177	0.981324	0.980834	0.989217	0.99016	0.986008
10010	-1559.227	-1626.669	67.44141	0.992796	0.991934	1.00041	1.0037	0.999491	0.996766	0.997715	0.997932	0.997433	0.997842
10020	-1557.686	-1625.127	67.44141	0.973986	0.974198	0.974598	0.97194	0.971454	0.974646	0.975574	0.974727	0.97064	0.978937
10030	-1557.678	-1625.119	67.44141	0.973662	0.976861	0.974197	0.973351	0.973562	0.981883	0.982286	0.978168	0.977679	0.978611
10040	-1558.584	-1626.025	67.44141	0.950757	0.958884	0.954864	0.954034	0.954943	0.958081	0.957602	0.95499	0.955382	0.955589
10050	-1558.061	-1625.503	67.44141	0.956896	0.956064	0.964236	0.967404	0.963349	0.960721	0.961637	0.961845	0.961364	0.961759
10060	-1557.629	-1625.071	67.44141	0.968288	0.969211	0.965148	0.964665	0.97291	0.97331	0.972464	0.972675	0.975871	0.97321
10070	-1557.974	-1625.415	67.44141	0.980386	0.976276	0.98462	0.985558	0.984702	0.98421	0.987444	0.987849	0.985155	0.985369
10080	-1558.764	-1626.205	67.44141	0.989158	0.989564	0.989069	0.989284	0.990226	0.987526	0.983386	0.986617	0.99505	0.994185
10090	-1558.161	-1625.602	67.44141	0.983001	0.980321	0.980533	0.983755	0.984159	0.983304	0.982812	0.991213	0.992157	0.987997
10100	-1557.64	-1625.081	67.44141	0.967146	0.970323	0.969481	0.966837	0.975101	0.975312	0.971223	0.971622	0.972547	0.972061
10110	-1557.773	-1625.215	67.44141	0.976576	0.984923	0.984068	0.979942	0.983162	0.984098	0.981415	0.980924	0.981137	0.981539
10120	-1557.705	-1625.147	67.44141	0.964086	0.965004	0.960959	0.960478	0.968688	0.969085	0.968244	0.968454	0.971636	0.968986
10130	-1557.864	-1625.306	67.44141	0.96017	0.968377	0.967536	0.96348	0.966645	0.967566	0.964928	0.964445	0.964654	0.96505
10140	-1557.701	-1625.143	67.44141	0.974536	0.982866	0.982012	0.977895	0.981108	0.982043	0.979365	0.978875	0.979087	0.979489
10150	-1557.869	-1625.31	67.44141	0.960081	0.960996	0.960515	0.956488	0.956881	0.96506	0.965269	0.964431	0.961801	0.964961
10160	-1557.96	-1625.401	67.44141	0.980166	0.9811	0.976987	0.976499	0.984845	0.985249	0.984394	0.984607	0.987842	0.985148
10170	-1560.058	-1627.499	67.44141	0.939401	0.940296	0.939826	0.935886	0.93627	0.944273	0.944477	0.943657	0.941084	0.944176
10180	-1558.392	-1625.833	67.44141	0.985645	0.982958	0.983171	0.986401	0.986806	0.985949	0.985456	0.993879	0.994826	0.990655
10190	-1558.43	-1625.871	67.44141	0.952348	0.952739	0.952262	0.952469	0.953376	0.950776	0.94679	0.949901	0.95802	0.957188
10200	-1559.195	-1626.636	67.44141	0.99256	0.992967	0.993183	0.992686	0.989979	0.990922	0.994178	0.99001	0.98915	0.997605
10210	-1557.626	-1625.067	67.44141	0.969631	0.969146	0.970069	0.970467	0.966399	0.966608	0.97487	0.972212	0.971367	0.974559
10220	-1557.637	-1625.079	67.44141	0.971425	0.972351	0.971865	0.96779	0.968187	0.976463	0.976675	0.975826	0.973165	0.976363
10230	-1557.632	-1625.074	67.44141	0.967859	0.968781	0.968296	0.964237	0.964633	0.972878	0.973089	0.972244	0.969592	0.972778
10240	-1557.626	-1625.068	67.44141	0.96992	0.97013	0.967484	0.967881	0.971061	0.970576	0.969733	0.970657	0.978953	0.974849
10250	-1557.647	-1625.088	67.44141	0.972141	0.96949	0.972675	0.972886	0.972041	0.97244	0.980752	0.980262	0.976152	0.977082
10260	-1557.695	-1625.136	67.44141	0.96444	0.96181	0.962019	0.96518	0.965576	0.964737	0.964255	0.972497	0.973423	0.969342
10270	-1557.813	-1625.255	67.44141	0.977477	0.978408	0.977919	0.973819	0.974219	0.982546	0.982759	0.981905	0.979228	0.982445
10280	-1557.674	-1625.115	67.44141	0.965266	0.964784	0.96518	0.966099	0.966309	0.962258	0.959633	0.967836	0.971016	0.970172
10290	-1557.649	-1625.091	67.44141	0.966501	0.96671	0.964074	0.96447	0.967639	0.967155	0.966315	0.967235	0.975503	0.971413
10300	-1557.895	-1625.337	67.44141	0.979077	0.976407	0.976619	0.979827	0.980229	0.979378	0.978888	0.987255	0.988196	0.984053
10310	-1557.982	-1625.423	67.44141	0.980512	0.976401	0.984747	0.985685	0.984829	0.984336	0.98757	0.987976	0.985281	0.985495
10320	-1558.525	-1625.966	67.44141	0.95135	0.959481	0.958648	0.954629	0.957766	0.958678	0.956064	0.955586	0.955793	0.956185
10330	-1559.468	-1626.909	67.44141	0.994473	0.99542	0.991247	0.990752	0.99922	0.99963	0.998762	0.998978	1.00226	0.999527
10340	-1558.295	-1625.736	67.44141	0.953862	0.962015	0.961179	0.957149	0.960294	0.961209	0.958588	0.958108	0.958316	0.95871
10350	-1558.519	-1625.96	67.44141	0.951411	0.954537	0.953708	0.951107	0.959236	0.959444	0.955422	0.955814	0.956725	0.956246
10360	-1559.654	-1627.096	67.44141	0.942068	0.95012	0.949295	0.945315	0.948421	0.949325	0.946736	0.946262	0.946468	0.946856
10370	-1557.676	-1625.117	67.44141	0.965174	0.973424	0.972578	0.968501	0.971683	0.972609	0.969956	0.969471	0.969682	0.97008
10380	-1557.771	-1625.212	67.44141	0.976512	0.976724	0.974061	0.97446	0.977662	0.977173	0.976325	0.977255	0.985608	0.981476
10390	-1557.626	-1625.067	67.44141	0.969151	0.969549	0.969064	0.969274	0.970197	0.967552	0.963495	0.966661	0.974923	0.974077
10400	-1557.82	-1625.262	67.44141	0.97763	0.977142	0.977543	0.978474	0.978686	0.974583	0.971925	0.980233	0.983453	0.982599
10410	-1557.757	-1625.198	67.44141	0.962578	0.962787	0.963182	0.960555	0.960075	0.963229	0.964147	0.96331	0.959271	0.96747
10420	-1557.877	-1625.318	67.44141	0.978746	0.981962	0.979284	0.978433	0.978645	0.98701	0.987415	0.983276	0.982784	0.98372
10430	-1557.966	-1625.407	67.44141	0.958362	0.961511	0.960676	0.958056	0.966245	0.966454	0.962403	0.962798	0.963715	0.963233
10440	-1558.362	-1625.803	67.44141	0.985323	0.984468	0.987702	0.996144	0.993428	0.989263	0.989478	0.99042	0.990827	0.990331
10450	-1559.216	-1626.657	67.44141	0.945271	0.945659	0.945186	0.945391	0.946292	0.943711	0.939755	0.942843	0.950901	0.950075
10460	-1559.04	-1626.482	67.44141	0.991405	0.999879	0.999011	0.994822	0.998091	0.999042	0.996317	0.995819	0.996035	0.996444
10470	-1557.65	-1625.092	67.44141	0.97233	0.968254	0.969176	0.97746	0.976971	0.976123	0.976523	0.979732	0.979944	0.977272
10480	-1558.858	-1626.299	67.44141	0.948216	0.947392	0.95549	0.958629	0.95461	0.952007	0.952914	0.95312	0.952644	0.953035
10490	-1561.081	-1628.522	67.44141	0.933449	0.941428	0.94061	0.936667	0.939744	0.940639	0.938074	0.937605	0.937808	0.938193
10500	-1557.736	-1625.178	67.44141	0.963129	0.960503	0.960711	0.963867	0.964263	0.963426	0.962944	0.971175	0.9721	0.968024
10510	-1558.038	-1625.479	67.44141	0.957238	0.954628	0.957764	0.957972	0.95714	0.957533	0.965717	0.965234	0.961188	0.962103
10520	-1558.938	-1626.379	67.44141	0.990602	0.999069	0.99488	0.994016	0.994963	0.998232	0.997733	0.995012	0.995421	0.995637
10530	-1558.099	-1625.541	67.44141	0.956355	0.955525	0.958664	0.966858	0.964221	0.960179	0.960387	0.961302	0.961697	0.961216
10540	-1557.686	-1625.127	67.44141	0.964772	0.967942	0.967101	0.964464	0.972708	0.972919	0.96884	0.969237	0.970161	0.969676
10550	-1558.35	-1625.792	67.44141	0.985202	0.993623	0.99276	0.988598	0.991846	0.992791	0.990083	0.989588	0.989803	0.990209
10560	-1558.805	-1626.246	67.44141	0.989509	0.98865	0.9971	1.00038	0.996182	0.993465	0.994412	0.994627	0.99413	0.994538
10570	-1557.742	-1625.183	67.44141	0.962982	0.963899	0.959858	0.959378	0.967578	0.967976	0.967135	0.967345	0.970523	0.967876
10580	-1558.863	-1626.305	67.44141	0.948168	0.956272	0.952263	0.951436	0.952342	0.955471	0.954994	0.952389	0.95278	0.952987
10590	-1557.798	-1625.239	67.44141	0.977139	0.973042	0.981359	0.982294	0.981441	0.98095	0.984173	0.984577	0.981892	0.982105
10600	-1558.123	-1625.565	67.44141	0.982518	0.985746	0.983058	0.982204	0.982417	0.990814	0.991221	0.987065	0.986572	0.987512
10610	-1558.725	-1626.167	67.44141	0.988826	0.988332	0.988738	0.989679	0.989894	0.985744	0.983056	0.991458	0.994716	0.993852
10620	-1559.489	-1626.93	67.44141	0.994613	0.994829	0.992116	0.992523	0.995784	0.995287	0.994422	0.995369	1.00388	0.999669
10630	-1558.588	-1626.029	67.44141	0.950722	0.951112	0.950636	0.950843	0.951748	0.949153	0.945174	0.948279	0.956384	0.955554
10640	-1557.783	-1625.224	67.44141	0.961915	0.970137	0.969294	0.965231	0.968402	0.969324	0.966681	0.966198	0.966407	0.966804
10650	-1557.639	-1625.081	67.44141	0.96722	0.970398	0.969556	0.966911	0.975176	0.975387	0.971298	0.971697	0.972623	0.972136
10660	-1558.043	-1625.485	67.44141	0.957161	0.953148	0.954056	0.962211	0.96173	0.960895	0.961289	0.964447	0.964656	0.962026
10670	-1557.945	-1625.386	67.44141	0.979917	0.988293	0.98415	0.983295	0.984232	0.987466	0.986972	0.98428	0.984684	0.984898
10680	-1557.77	-1625.211	67.44141	0.976482	0.975994	0.976923	0.977324	0.973227	0.973438	0.981758	0.979081	0.978231	0.981445
10690	-1558.282	-1625.724	67.44141	0.95401	0.953181	0.961328	0.964487	0.960443	0.957824	0.958737	0.958944	0.958465	0.958858
10700	-1557.951	-1625.392	67.44141	0.980021	0.97917	0.987539	0.990784	0.98663	0.983939	0.984877	0.98509	0.984598	0.985002
10710	-1557.836	-1625.277	67.44141	0.977953	0.986312	0.985455	0.981324	0.984548	0.985486	0.982798	0.982307	0.98252	0.982923
10720	-1557.702	-1625.144	67.44141	0.964187	0.96335	0.971584	0.974776	0.97069	0.968042	0.968965	0.969175	0.96869	0.969088
10730	-1558.239	-1625.681	67.44141	0.954532	0.962691	0.958655	0.957822	0.958735	0.961885	0.961404	0.958782	0.959175	0.959383
10740	-1557.779	-1625.22	67.44141	0.962015	0.962932	0.958895	0.958415	0.966607	0.967004	0.966164	0.966374	0.969549	0.966905
10750	-1559.422	-1626.863	67.44141	0.994162	0.99457	0.994785	0.994288	0.991577	0.992521	0.995782	0.991607	0.990746	0.999215
10760	-1557.86	-1625.301	67.44141	0.978422	0.974321	0.982648	0.983584	0.98273	0.982239	0.985466	0.985871	0.983182	0.983395
10770	-1557.84	-1625.282	67.44141	0.97804	0.978442	0.977953	0.978165	0.979097	0.976427	0.972333	0.975528	0.983866	0.983011
10780	-1559.318	-1626.759	67.44141	0.944492	0.944696	0.945084	0.942507	0.942036	0.945131	0.946031	0.945209	0.941247	0.949292
10790	-1558.573	-1626.015	67.44141	0.987447	0.98659	0.995023	0.998292	0.994107	0.991396	0.99234	0.992555	0.992059	0.992466
10800	-1557.697	-1625.138	67.44141	0.97439	0.97479	0.975002	0.974514	0.971857	0.972782	0.975978	0.971887	0.971043	0.979343
10810	-1557.97	-1625.411	67.44141	0.958303	0.957471	0.960616	0.968827	0.966185	0.962134	0.962343	0.96326	0.963655	0.963173
10820	-1557.926	-1625.368	67.44141	0.979617	0.982835	0.980155	0.979304	0.979516	0.987889	0.988294	0.984151	0.983659	0.984596
10830	-1558.97	-1626.411	67.44141	0.947253	0.94643	0.94954	0.957656	0.955044	0.95104	0.951247	0.952153	0.952544	0.952067
10840	-1557.631	-1625.073	67.44141	0.970831	0.97402	0.971364	0.970521	0.970731	0.979028	0.97943	0.975324	0.974836	0.975765
10850	-1558.199	-1625.64	67.44141	0.983467	0.984404	0.980277	0.979786	0.988161	0.988567	0.987708	0.987922	0.991168	0.988465
10860	-1558.862	-1626.303	67.44141	0.989985	0.990928	0.986774	0.986281	0.994711	0.995119	0.994255	0.994471	0.997738	0.995017
10870	-1557.634	-1625.076	67.44141	0.971135	0.97206	0.967985	0.967501	0.97577	0.976171	0.975323	0.975535	0.97874	0.976071
10880	-1557.807	-1625.248	67.44141	0.961367	0.969584	0.96552	0.964681	0.9656	0.968773	0.968288	0.965648	0.966044	0.966253
10890	-1557.678	-1625.119	67.44141	0.973674	0.974074	0.974285	0.973798	0.971142	0.972067	0.975261	0.971173	0.970329	0.978623
10900	-1559.446	-1626.888	67.44141	0.994326	0.993463	0.996727	1.00525	1.0025	0.998302	0.998518	0.999469	0.99988	0.99938
10910	-1559.573	-1627.014	67.44141	0.995168	0.995576	0.995078	0.995294	0.996242	0.993525	0.98936	0.992611	1.00109	1.00023
10920	-1560.106	-1627.548	67.44141	0.939095	0.935158	0.943151	0.944049	0.94323	0.942758	0.945855	0.946244	0.943663	0.943868
10930	-1557.945	-1625.386	67.44141	0.958711	0.954691	0.955601	0.963769	0.963287	0.96245	0.962845	0.966009	0.966218	0.963583
10940	-1557.911	-1625.353	67.44141	0.979357	0.982575	0.981721	0.979044	0.987412	0.987627	0.983486	0.98389	0.984827	0.984335
10950	-1557.937	-1625.378	67.44141	0.979792	0.980726	0.976614	0.976126	0.984469	0.984873	0.984018	0.984231	0.987465	0.984772
10960	-1559.765	-1627.207	67.44141	0.941312	0.942209	0.941737	0.937789	0.938174	0.946193	0.946398	0.945576	0.942998	0.946096
10970	-1557.812	-1625.254	67.44141	0.97746	0.976971	0.977902	0.978303	0.974202	0.974413	0.982742	0.980062	0.979211	0.982428
10980	-1557.627	-1625.069	67.44141	0.970178	0.971102	0.970617	0.966548	0.966944	0.975209	0.975421	0.974573	0.971916	0.975109
10990	-1559.489	-1626.93	67.44141	0.943233	0.939279	0.940174	0.94821	0.947736	0.946913	0.947301	0.950414	0.95062	0.948027
11000	-1557.738	-1625.179	67.44141	0.975648	0.971558	0.972483	0.980795	0.980305	0.979454	0.979856	0.983075	0.983288	0.980607
11010	-1558.351	-1625.793	67.44141	0.953213	0.952737	0.953128	0.954036	0.954243	0.950242	0.947651	0.955751	0.958891	0.958058
11020	-1558.801	-1626.243	67.44141	0.948717	0.951835	0.951008	0.948414	0.956521	0.956728	0.952717	0.953108	0.954016	0.953539
11030	-1557.926	-1625.367	67.44141	0.959038	0.955018	0.96318	0.964098	0.963261	0.962779	0.965942	0.966339	0.963704	0.963913
11040	-1557.641	-1625.082	67.44141	0.971687	0.970843	0.974033	0.982359	0.97968	0.975572	0.975784	0.976714	0.977114	0.976626
11050	-1557.945	-1625.386	67.44141	0.979922	0.983141	0.982287	0.979609	0.987982	0.988196	0.984053	0.984457	0.985395	0.984902
11060	-1559.457	-1626.898	67.44141	0.994396	0.990227	0.99117	0.999642	0.999142	0.998275	0.998684	1.00197	1.00218	0.99945
11070	-1557.824	-1625.265	67.44141	0.977704	0.973605	0.974532	0.982862	0.982371	0.981517	0.98192	0.985146	0.98536	0.982673
11080	-1558.403	-1625.844	67.44141	0.952641	0.952848	0.95025	0.95064	0.953763	0.953286	0.952458	0.953366	0.961514	0.957483
11090	-1557.764	-1625.206	67.44141	0.976349	0.972256	0.973182	0.9815	0.981009	0.980157	0.980559	0.983781	0.983994	0.981311
11100	-1557.797	-1625.239	67.44141	0.961586	0.961795	0.959172	0.959566	0.962718	0.962237	0.961401	0.962317	0.970542	0.966474
11110	-1557.626	-1625.068	67.44141	0.968991	0.966348	0.969523	0.969734	0.968892	0.969289	0.977574	0.977085	0.972989	0.973916
11120	-1557.848	-1625.289	67.44141	0.960504	0.968713	0.964652	0.963814	0.964733	0.967902	0.967418	0.96478	0.965176	0.965385
11130	-1558.032	-1625.474	67.44141	0.981269	0.982203	0.978086	0.977597	0.985952	0.986357	0.9855	0.985714	0.988953	0.986256
11140	-1557.772	-1625.214	67.44141	0.96218	0.962575	0.962784	0.962302	0.959678	0.960592	0.963748	0.959708	0.958874	0.96707
11150	-1557.818	-1625.259	67.44141	0.961123	0.958502	0.95871	0.96186	0.962254	0.961419	0.960938	0.969151	0.970075	0.966008
11160	-1557.916	-1625.357	67.44141	0.979437	0.978586	0.981801	0.990193	0.987493	0.983353	0.983566	0.984503	0.984907	0.984415
11170	-1558.507	-1625.949	67.44141	0.986814	0.986321	0.986725	0.987665	0.98788	0.983738	0.981055	0.989441	0.992692	0.991829
11180	-1558.423	-1625.865	67.44141	0.98597	0.98921	0.988351	0.985655	0.99408	0.994296	0.990127	0.990534	0.991477	0.990981
11190	-1558.519	-1625.961	67.44141	0.951409	0.94742	0.948323	0.956428	0.95595	0.95512	0.955512	0.958651	0.958859	0.956244
11200	-1557.664	-1625.105	67.44141	0.965723	0.965933	0.966329	0.963694	0.963212	0.966377	0.967298	0.966457	0.962406	0.970632
11210	-1557.744	-1625.186	67.44141	0.975828	0.974981	0.978184	0.986545	0.983855	0.97973	0.979942	0.980876	0.981279	0.980788
11220	-1557.84	-1625.281	67.44141	0.978027	0.973926	0.974854	0.983187	0.982695	0.981842	0.982245	0.985472	0.985685	0.982997
11230	-1558.163	-1625.604	67.44141	0.9555	0.955022	0.955414	0.956324	0.956532	0.952522	0.949924	0.958043	0.961191	0.960356
11240	-1557.763	-1625.204	67.44141	0.976307	0.972214	0.97314	0.981458	0.980967	0.980115	0.980518	0.983739	0.983953	0.981269
11250	-1558.252	-1625.693	67.44141	0.984097	0.98733	0.984637	0.983782	0.983996	0.992406	0.992814	0.988651	0.988157	0.989098
11260	-1557.832	-1625.273	67.44141	0.977873	0.978085	0.978487	0.975818	0.975331	0.978535	0.979467	0.978617	0.974514	0.982843
11270	-1557.762	-1625.203	67.44141	0.976282	0.979489	0.978639	0.97597	0.984312	0.984525	0.980398	0.9808	0.981735	0.981244
11280	-1557.626	-1625.067	67.44141	0.969544	0.969754	0.970153	0.967507	0.967023	0.9702	0.971125	0.970281	0.966213	0.974472
11290	-1557.956	-1625.397	67.44141	0.9801	0.97961	0.980012	0.980946	0.981159	0.977045	0.974381	0.982709	0.985938	0.985082
11300	-1558.116	-1625.557	67.44141	0.982422	0.978303	0.979235	0.987605	0.987111	0.986254	0.986659	0.989901	0.990115	0.987415
11310	-1557.709	-1625.151	67.44141	0.974802	0.973956	0.98228	0.985508	0.981376	0.9787	0.979632	0.979845	0.979355	0.979757
11320	-1557.895	-1625.336	67.44141	0.979072	0.974967	0.975896	0.984237	0.983745	0.982891	0.983294	0.986525	0.986739	0.984048
11330	-1558.639	-1626.08	67.44141	0.988057	0.987199	0.995637	0.998908	0.99472	0.992007	0.992952	0.993168	0.992671	0.993079
11340	-1557.632	-1625.073	67.44141	0.967901	0.971081	0.970237	0.967591	0.975862	0.976073	0.971981	0.97238	0.973307	0.97282
11350	-1557.7	-1625.141	67.44141	0.964277	0.972519	0.968442	0.9676	0.968522	0.971704	0.971219	0.96857	0.968967	0.969178
11360	-1558.173	-1625.614	67.44141	0.955371	0.951366	0.959498	0.960412	0.959578	0.959098	0.962249	0.962644	0.960019	0.960227
11370	-1557.923	-1625.364	67.44141	0.959097	0.958264	0.961412	0.96963	0.966986	0.962932	0.96314	0.964058	0.964454	0.963971
11380	-1557.642	-1625.083	67.44141	0.967004	0.96295	0.971181	0.972106	0.971262	0.970776	0.973966	0.974365	0.971708	0.971919
11390	-1557.71	-1625.152	67.44141	0.974833	0.975233	0.974745	0.974957	0.975886	0.973224	0.969144	0.972328	0.980639	0.979788
11400	-1557.629	-1625.071	67.44141	0.968272	0.968669	0.968185	0.968395	0.969317	0.966674	0.962621	0.965784	0.974039	0.973193
11410	-1558.845	-1626.286	67.44141	0.989845	0.98935	0.989756	0.990699	0.990914	0.98676	0.984069	0.99248	0.995741	0.994876
11420	-1557.626	-1625.067	67.44141	0.969082	0.972266	0.971421	0.968772	0.977053	0.977265	0.973168	0.973567	0.974494	0.974007
11430	-1557.842	-1625.283	67.44141	0.978074	0.975406	0.978611	0.978823	0.977973	0.978375	0.986737	0.986244	0.982109	0.983045
11440	-1557.714	-1625.156	67.44141	0.963791	0.964186	0.964396	0.963913	0.961285	0.9622	0.965362	0.961315	0.96048	0.968689
11450	-1557.792	-1625.234	67.44141	0.977018	0.980228	0.977555	0.976706	0.976918	0.985268	0.985673	0.98154	0.98105	0.981984
11460	-1557.687	-1625.128	67.44141	0.974032	0.974431	0.974643	0.974155	0.971499	0.972424	0.975619	0.971529	0.970685	0.978982
11470	-1558.645	-1626.087	67.44141	0.988113	0.989055	0.984908	0.984416	0.99283	0.993237	0.992375	0.99259	0.995851	0.993136
11480	-1558.224	-1625.666	67.44141	0.954717	0.952113	0.95232	0.955449	0.955841	0.955011	0.954533	0.962692	0.963609	0.959569
11490	-1557.655	-1625.096	67.44141	0.972609	0.97282	0.973219	0.970565	0.97008	0.973267	0.974194	0.973348	0.969268	0.977552
11500	-1558.371	-1625.813	67.44141	0.985429	0.986367	0.982232	0.981741	0.990132	0.990539	0.989678	0.989893	0.993145	0.990437
11510	-1559.014	-1626.456	67.44141	0.991204	0.990343	0.993597	1.00209	0.999357	0.995167	0.995383	0.996331	0.99674	0.996242
11520	-1561.781	-1629.222	67.44141	0.929843	0.932898	0.932088	0.929546	0.937491	0.937695	0.933764	0.934147	0.935037	0.934569
11530	-1557.682	-1625.124	67.44141	0.964926	0.965322	0.96484	0.965049	0.965968	0.963334	0.959295	0.962447	0.970673	0.96983
11540	-1557.626	-1625.067	67.44141	0.969205	0.966562	0.966772	0.969948	0.970346	0.969504	0.969019	0.977301	0.978232	0.974131
11550	-1557.636	-1625.077	67.44141	0.967482	0.968403	0.967919	0.963861	0.964257	0.972499	0.97271	0.971865	0.969215	0.972399
11560	-1557.814	-1625.256	67.44141	0.977501	0.977713	0.978115	0.975447	0.97496	0.978163	0.979095	0.978244	0.974143	0.98247
11570	-1557.728	-1625.169	67.44141	0.975364	0.978568	0.977718	0.975052	0.983386	0.983599	0.979476	0.979878	0.980811	0.980321
11580	-1558.816	-1626.258	67.44141	0.989605	0.986907	0.987121	0.990364	0.990771	0.98991	0.989415	0.997872	0.998823	0.994635
11590	-1557.636	-1625.077	67.44141	0.96751	0.963454	0.964372	0.972614	0.972128	0.971284	0.971682	0.974875	0.975086	0.972427
11600	-1557.642	-1625.083	67.44141	0.971763	0.972688	0.968611	0.968126	0.976401	0.976802	0.975954	0.976165	0.979373	0.976702
11610	-1557.686	-1625.128	67.44141	0.973999	0.974399	0.973911	0.974123	0.975051	0.972392	0.968315	0.971496	0.9798	0.978949
11620	-1559.241	-1626.683	67.44141	0.992898	0.992402	0.992809	0.993755	0.99397	0.989803	0.987104	0.995541	0.998812	0.997944
11630	-1557.961	-1625.402	67.44141	0.958449	0.966641	0.965801	0.961752	0.964912	0.965831	0.963198	0.962716	0.962925	0.96332
11640	-1557.775	-1625.216	67.44141	0.976605	0.973942	0.977142	0.977354	0.976505	0.976906	0.985256	0.984763	0.980635	0.981569
11650	-1557.995	-1625.436	67.44141	0.980714	0.981648	0.981157	0.977044	0.977445	0.9858	0.986013	0.985157	0.982471	0.985698
11660	-1558.865	-1626.307	67.44141	0.948149	0.944174	0.952244	0.953152	0.952324	0.951848	0.954975	0.955367	0.952762	0.952968
11670	-1557.819	-1625.26	67.44141	0.977593	0.973495	0.974422	0.982751	0.98226	0.981407	0.981809	0.985035	0.985249	0.982562
11680	-1557.635	-1625.077	67.44141	0.967552	0.967949	0.968159	0.967675	0.965036	0.965956	0.969129	0.965066	0.964228	0.97247
11690	-1557.786	-1625.228	67.44141	0.976883	0.977095	0.974431	0.974831	0.978033	0.977544	0.976695	0.977626	0.985982	0.981848
11700	-1558.155	-1625.596	67.44141	0.982921	0.991322	0.987166	0.986309	0.987248	0.990492	0.989997	0.987297	0.987702	0.987916
11710	-1558.868	-1626.309	67.44141	0.990034	0.987334	0.987548	0.990793	0.9912	0.990339	0.989844	0.998304	0.999255	0.995066
11720	-1559.572	-1627.013	67.44141	0.995163	0.995571	0.995073	0.995289	0.996237	0.99352	0.989355	0.992606	1.00109	1.00022
11730	-1557.793	-1625.234	67.44141	0.977029	0.97618	0.979387	0.987759	0.985065	0.980935	0.981148	0.982083	0.982486	0.981994
11740	-1557.64	-1625.081	67.44141	0.967146	0.967543	0.96706	0.967269	0.968191	0.965551	0.961503	0.964662	0.972907	0.972062
11750	-1558.711	-1626.152	67.44141	0.988701	0.986005	0.989244	0.989459	0.988599	0.989005	0.997459	0.99696	0.99278	0.993726
11760	-1558.089	-1625.531	67.44141	0.982064	0.985291	0.984435	0.98175	0.990142	0.990357	0.986205	0.986609	0.987549	0.987056
11770	-1557.862	-1625.303	67.44141	0.978461	0.978863	0.979075	0.978586	0.975917	0.976847	0.980056	0.975948	0.9751	0.983434
11780	-1558.937	-1626.378	67.44141	0.947535	0.950648	0.948055	0.947232	0.947438	0.955536	0.955928	0.95192	0.951444	0.952351
11790	-1558.058	-1625.499	67.44141	0.956947	0.957859	0.95738	0.953366	0.953757	0.961909	0.962118	0.961282	0.958661	0.961811
11800	-1557.862	-1625.303	67.44141	0.96022	0.956194	0.957105	0.965286	0.964803	0.963965	0.964361	0.967529	0.967739	0.9651
11810	-1557.643	-1625.084	67.44141	0.966957	0.96432	0.964529	0.967698	0.968096	0.967255	0.966771	0.975035	0.975963	0.971872
11820	-1557.648	-1625.089	67.44141	0.972194	0.971708	0.972634	0.973033	0.968954	0.969164	0.977448	0.974782	0.973936	0.977136
11830	-1558.009	-1625.451	67.44141	0.98093	0.980078	0.988455	0.991703	0.987545	0.984852	0.98579	0.986004	0.985511	0.985915
11840	-1558.97	-1626.412	67.44141	0.947251	0.946429	0.949538	0.957654	0.955043	0.951039	0.951245	0.952151	0.952542	0.952066
11850	-1557.629	-1625.07	67.44141	0.968342	0.968739	0.968255	0.968465	0.969388	0.966744	0.962691	0.965854	0.97411	0.973264
11860	-1557.756	-1625.198	67.44141	0.976146	0.976358	0.976758	0.974095	0.973608	0.976806	0.977737	0.976888	0.972792	0.981107
11870	-1558.148	-1625.589	67.44141	0.982832	0.991232	0.987077	0.98622	0.987159	0.990402	0.989907	0.987208	0.987613	0.987827
11880	-1557.965	-1625.406	67.44141	0.958384	0.954366	0.955275	0.96344	0.962959	0.962122	0.962517	0.96568	0.965889	0.963255
11890	-1557.796	-1625.237	67.44141	0.977098	0.974433	0.974645	0.977847	0.978248	0.977399	0.97691	0.98526	0.986199	0.982064
11900	-1558.769	-1626.211	67.44141	0.949003	0.949907	0.949432	0.945452	0.94584	0.953924	0.954131	0.953303	0.950703	0.953827
11910	-1558.806	-1626.248	67.44141	0.948672	0.949061	0.949267	0.948793	0.946205	0.947107	0.950218	0.946235	0.945413	0.953494
11920	-1558.139	-1625.58	67.44141	0.982717	0.98293	0.983333	0.980652	0.980161	0.983382	0.984319	0.983464	0.979341	0.987711
11930	-1557.718	-1625.159	67.44141	0.963685	0.966851	0.966011	0.963377	0.971611	0.971822	0.967748	0.968145	0.969067	0.968583
11940	-1558.851	-1626.292	67.44141	0.948278	0.944303	0.945202	0.953281	0.952805	0.951977	0.952368	0.955497	0.955704	0.953098
11950	-1557.755	-1625.197	67.44141	0.976129	0.979336	0.978485	0.975817	0.984158	0.984371	0.980244	0.980647	0.981581	0.98109
11960	-1559.987	-1627.428	67.44141	0.997744	0.998695	0.998195	0.99401	0.994418	1.00292	1.00314	1.00226	0.999531	1.00282
11970	-1557.649	-1625.091	67.44141	0.97228	0.969629	0.972814	0.973025	0.97218	0.972579	0.980892	0.980402	0.976292	0.977222
11980	-1560.378	-1627.82	67.44141	0.937427	0.937812	0.938015	0.937547	0.93499	0.93588	0.938955	0.935019	0.934207	0.942192
11990	-1558.287	-1625.728	67.44141	0.984497	0.981812	0.982025	0.985252	0.985656	0.9848	0.984308	0.992721	0.993667	0.989501
12000	-1558.219	-1625.66	67.44141	0.983707	0.982853	0.991253	0.99451	0.990341	0.98764	0.988581	0.988795	0.988301	0.988707
12010	-1557.84	-1625.281	67.44141	0.978029	0.97754	0.977941	0.978872	0.979085	0.97498	0.972321	0.980632	0.983854	0.982999
12020	-1557.701	-1625.142	67.44141	0.964237	0.965156	0.964673	0.960629	0.961023	0.969238	0.969448	0.968606	0.965964	0.969138
12030	-1557.867	-1625.309	67.44141	0.960114	0.959281	0.962432	0.970659	0.968012	0.963953	0.964162	0.965081	0.965477	0.964994
12040	-1557.674	-1625.116	67.44141	0.965248	0.96441	0.972653	0.975849	0.971757	0.969107	0.970031	0.970241	0.969756	0.970154
12050	-1557.689	-1625.13	67.44141	0.974096	0.971439	0.97165	0.974843	0.975243	0.974396	0.973909	0.982233	0.983169	0.979047
12060	-1557.847	-1625.289	67.44141	0.978181	0.978394	0.978795	0.976126	0.975638	0.978843	0.979776	0.978925	0.974821	0.983153
12070	-1557.851	-1625.292	67.44141	0.978245	0.979177	0.975072	0.974584	0.982914	0.983318	0.982464	0.982677	0.985905	0.983217
12080	-1557.757	-1625.199	67.44141	0.962562	0.962081	0.962476	0.963393	0.963602	0.959562	0.956945	0.965124	0.968295	0.967454
12090	-1557.718	-1625.159	67.44141	0.97508	0.974592	0.975521	0.975921	0.97183	0.97204	0.980349	0.977675	0.976826	0.980035
12100	-1561.862	-1629.303	67.44141	0.929443	0.937388	0.936574	0.932647	0.935711	0.936603	0.934049	0.933582	0.933784	0.934167
12110	-1558.121	-1625.562	67.44141	0.956059	0.955581	0.956491	0.956884	0.952872	0.953079	0.961225	0.958604	0.957771	0.960918
12120	-1557.637	-1625.078	67.44141	0.971398	0.967325	0.968247	0.976523	0.976034	0.975187	0.975587	0.978792	0.979005	0.976335
12130	-1558.104	-1625.545	67.44141	0.982258	0.981767	0.982702	0.983106	0.978984	0.979196	0.987566	0.984873	0.984017	0.98725
12140	-1557.925	-1625.367	67.44141	0.979599	0.979811	0.977139	0.97754	0.980752	0.980262	0.97941	0.980344	0.988723	0.984578
12150	-1558.333	-1625.775	67.44141	0.985016	0.98542	0.985634	0.985141	0.982455	0.983391	0.986622	0.982485	0.981632	0.990022
12160	-1560.282	-1627.723	67.44141	0.999441	0.996715	0.99999	1.00021	0.999338	0.999748	1.00829	1.00779	1.00356	1.00452
12170	-1557.723	-1625.164	67.44141	0.963536	0.966702	0.964065	0.963228	0.963437	0.971672	0.972071	0.967995	0.967511	0.968433
12180	-1559.195	-1626.637	67.44141	0.945431	0.946331	0.945858	0.941893	0.942279	0.950333	0.95054	0.949714	0.947124	0.950236
12190	-1557.758	-1625.2	67.44141	0.962527	0.963444	0.962962	0.958925	0.959319	0.967518	0.967728	0.966888	0.964251	0.967419
12200	-1557.65	-1625.092	67.44141	0.966457	0.967378	0.963322	0.96284	0.97107	0.971469	0.970625	0.970836	0.974025	0.971369
12210	-1557.952	-1625.393	67.44141	0.980034	0.988411	0.987552	0.983412	0.986643	0.987583	0.98489	0.984397	0.984611	0.985015
12220	-1557.888	-1625.329	67.44141	0.978945	0.978095	0.981309	0.989696	0.986997	0.982859	0.983073	0.984009	0.984413	0.983921
12230	-1557.903	-1625.345	67.44141	0.959442	0.958609	0.961758	0.969979	0.967334	0.963278	0.963487	0.964405	0.964801	0.964319
12240	-1558.222	-1625.663	67.44141	0.983743	0.983251	0.984188	0.984592	0.980464	0.980676	0.989059	0.986361	0.985505	0.988743
12250	-1558.638	-1626.08	67.44141	0.988052	0.983909	0.992319	0.993264	0.992402	0.991906	0.995165	0.995573	0.992858	0.993073
12260	-1557.677	-1625.118	67.44141	0.973625	0.969543	0.970466	0.978761	0.978272	0.977422	0.977823	0.981036	0.981249	0.978573
12270	-1558.53	-1625.972	67.44141	0.951295	0.952201	0.951725	0.947735	0.948124	0.956228	0.956435	0.955604	0.952998	0.956129
12280	-1558.586	-1626.027	67.44141	0.95074	0.949914	0.958034	0.961181	0.957152	0.954541	0.955451	0.955658	0.95518	0.955572
12290	-1558.479	-1625.921	67.44141	0.986536	0.983846	0.987078	0.987292	0.986435	0.98684	0.995275	0.994777	0.990607	0.99155
12300	-1557.77	-1625.211	67.44141	0.976486	0.972393	0.980704	0.981638	0.980786	0.980295	0.983516	0.98392	0.981237	0.981449
12310	-1557.649	-1625.09	67.44141	0.966524	0.962472	0.970698	0.971623	0.970779	0.970294	0.973482	0.973881	0.971225	0.971436
12320	-1558.254	-1625.695	67.44141	0.984123	0.98144	0.981652	0.984878	0.985282	0.984426	0.983934	0.992344	0.993289	0.989125
12330	-1559.031	-1626.473	67.44141	0.991334	0.991741	0.991956	0.99146	0.988756	0.989698	0.99295	0.988787	0.987928	0.996372
12340	-1558.66	-1626.101	67.44141	0.988243	0.9841	0.992511	0.993457	0.992594	0.992098	0.995357	0.995766	0.99305	0.993266
12350	-1557.636	-1625.077	67.44141	0.971298	0.967226	0.975493	0.976423	0.975575	0.975087	0.978291	0.978692	0.976023	0.976235
12360	-1558.418	-1625.859	67.44141	0.952476	0.960617	0.959783	0.955759	0.958899	0.959813	0.957195	0.956717	0.956924	0.957317
12370	-1560.231	-1627.672	67.44141	0.938321	0.935762	0.938836	0.93904	0.938225	0.93861	0.946632	0.946159	0.942192	0.94309
12380	-1557.91	-1625.351	67.44141	0.959321	0.956704	0.956912	0.960056	0.96045	0.959616	0.959136	0.967334	0.968256	0.964196
12390	-1557.786	-1625.228	67.44141	0.976883	0.972788	0.973714	0.982037	0.981546	0.980694	0.981096	0.984319	0.984533	0.981848
12400	-1559.044	-1626.486	67.44141	0.946636	0.946163	0.946552	0.947453	0.947659	0.943686	0.941112	0.949156	0.952275	0.951448
12410	-1559.838	-1627.279	67.44141	0.940828	0.941214	0.940744	0.940948	0.941844	0.939276	0.935338	0.938411	0.946432	0.94561
12420	-1557.775	-1625.216	67.44141	0.962115	0.970338	0.96627	0.965431	0.966351	0.969526	0.969041	0.966398	0.966795	0.967005
12430	-1557.811	-1625.253	67.44141	0.961267	0.969484	0.965419	0.964581	0.9655	0.968672	0.968188	0.965547	0.965944	0.966153
12440	-1558.449	-1625.891	67.44141	0.952138	0.952344	0.949747	0.950137	0.953259	0.952782	0.951955	0.952861	0.961006	0.956977
12450	-1557.822	-1625.264	67.44141	0.977671	0.975005	0.978209	0.978421	0.977571	0.977972	0.986331	0.985838	0.981705	0.98264
12460	-1557.821	-1625.262	67.44141	0.961065	0.961273	0.958652	0.959045	0.962196	0.961715	0.96088	0.961795	0.970016	0.96595
12470	-1557.67	-1625.111	67.44141	0.965443	0.96584	0.965357	0.965566	0.966486	0.96385	0.959809	0.962963	0.971194	0.97035
12480	-1558.435	-1625.876	67.44141	0.952291	0.949694	0.952814	0.953021	0.952193	0.952584	0.960726	0.960245	0.95622	0.957131
12490	-1557.742	-1625.184	67.44141	0.97578	0.975991	0.97333	0.973729	0.976928	0.97644	0.975592	0.976521	0.984868	0.980739
12500	-1557.733	-1625.174	67.44141	0.975515	0.974668	0.97787	0.986229	0.983539	0.979416	0.979628	0.980561	0.980964	0.980473
12510	-1558.411	-1625.853	67.44141	0.952547	0.960688	0.956661	0.95583	0.95674	0.959884	0.959404	0.956788	0.95718	0.957388
12520	-1559.683	-1627.125	67.44141	0.995879	0.996828	0.992649	0.992153	1.00063	1.00104	1.00017	1.00039	1.00368	1.00094
12530	-1558.034	-1625.475	67.44141	0.957304	0.957697	0.957218	0.957426	0.958338	0.955724	0.951718	0.954845	0.963006	0.96217
12540	-1557.955	-1625.396	67.44141	0.958549	0.958942	0.958463	0.958671	0.959584	0.956967	0.952955	0.956086	0.964258	0.96342
12550	-1557.877	-1625.318	67.44141	0.959934	0.960849	0.956821	0.956342	0.964516	0.964912	0.964074	0.964283	0.967451	0.964813
12560	-1557.637	-1625.078	67.44141	0.97139	0.979692	0.975585	0.974738	0.975666	0.978872	0.978383	0.975715	0.976115	0.976327
12570	-1557.931	-1625.373	67.44141	0.958945	0.958112	0.966301	0.969476	0.965412	0.962779	0.963696	0.963905	0.963423	0.963819
12580	-1557.704	-1625.146	67.44141	0.974644	0.977846	0.976997	0.974332	0.98266	0.982874	0.978753	0.979155	0.980087	0.979597
12590	-1557.936	-1625.377	67.44141	0.958864	0.958031	0.961179	0.969394	0.966751	0.962698	0.962907	0.963824	0.964219	0.963737
12600	-1558.069	-1625.51	67.44141	0.981785	0.990177	0.989317	0.985169	0.988406	0.989348	0.98665	0.986156	0.98637	0.986775
12610	-1559.831	-1627.272	67.44141	0.940873	0.940403	0.941299	0.941685	0.937737	0.937941	0.945957	0.943378	0.942558	0.945655
12620	-1557.642	-1625.083	67.44141	0.971766	0.971281	0.971679	0.972605	0.972816	0.968737	0.966096	0.974353	0.977554	0.976705
12630	-1558.217	-1625.659	67.44141	0.983689	0.982835	0.986064	0.994493	0.99178	0.987623	0.987837	0.988778	0.989184	0.988689
12640	-1557.856	-1625.297	67.44141	0.960338	0.963493	0.960866	0.960031	0.96024	0.968447	0.968845	0.964783	0.964301	0.965219
12650	-1557.626	-1625.068	67.44141	0.96891	0.969308	0.968823	0.969034	0.969957	0.967312	0.963256	0.966421	0.974681	0.973835
12660	-1557.679	-1625.12	67.44141	0.973721	0.973234	0.974161	0.974561	0.970475	0.970686	0.978983	0.976313	0.975465	0.97867
12670	-1557.628	-1625.069	67.44141	0.970281	0.966213	0.974471	0.9754	0.974553	0.974065	0.977266	0.977667	0.975001	0.975212
12680	-1557.655	-1625.096	67.44141	0.966176	0.966572	0.966782	0.966299	0.963663	0.964581	0.967751	0.963693	0.962856	0.971086
12690	-1558.628	-1626.07	67.44141	0.950326	0.958449	0.957616	0.953602	0.956735	0.957646	0.955035	0.954557	0.954764	0.955156
12700	-1557.852	-1625.294	67.44141	0.978274	0.977425	0.980636	0.989018	0.986321	0.982186	0.982399	0.983334	0.983738	0.983246
12710	-1557.788	-1625.229	67.44141	0.976916	0.977317	0.976828	0.97704	0.977971	0.975304	0.971215	0.974406	0.982734	0.981881
12720	-1558.559	-1626	67.44141	0.987309	0.987523	0.987928	0.985234	0.984742	0.987977	0.988918	0.988059	0.983917	0.992327
12730	-1558.182	-1625.623	67.44141	0.95525	0.95616	0.952151	0.951675	0.95981	0.960204	0.95937	0.959578	0.96273	0.960105
12740	-1557.633	-1625.074	67.44141	0.967783	0.968705	0.968221	0.964161	0.964557	0.972802	0.973013	0.972168	0.969516	0.972702
12750	-1557.948	-1625.39	67.44141	0.958654	0.954635	0.962795	0.963712	0.962875	0.962393	0.965555	0.965952	0.963317	0.963526
12760	-1557.926	-1625.368	67.44141	0.959034	0.959242	0.956626	0.957019	0.960163	0.959683	0.95885	0.959763	0.967966	0.963908
12770	-1557.953	-1625.394	67.44141	0.980052	0.980265	0.977592	0.977993	0.981206	0.980715	0.979864	0.980797	0.98918	0.985033
12780	-1557.968	-1625.41	67.44141	0.980298	0.977624	0.977836	0.981049	0.981452	0.980599	0.980109	0.988487	0.989428	0.98528
12790	-1558.011	-1625.452	67.44141	0.957654	0.96584	0.961791	0.960955	0.961871	0.965031	0.964549	0.961918	0.962313	0.962522
12800	-1557.648	-1625.089	67.44141	0.972185	0.972396	0.972795	0.970142	0.969657	0.972843	0.97377	0.972924	0.968845	0.977126
12810	-1558.002	-1625.443	67.44141	0.98082	0.979968	0.988344	0.991592	0.987434	0.984742	0.98568	0.985893	0.985401	0.985805
12820	-1557.79	-1625.231	67.44141	0.976955	0.976466	0.976867	0.977798	0.97801	0.97391	0.971254	0.979555	0.982774	0.98192
12830	-1558.132	-1625.574	67.44141	0.982634	0.983037	0.98325	0.982758	0.980078	0.981012	0.984235	0.980109	0.979258	0.987628
12840	-1558.062	-1625.504	67.44141	0.981694	0.977578	0.97851	0.986873	0.98638	0.985523	0.985928	0.989167	0.989382	0.986684
12850	-1558.519	-1625.961	67.44141	0.986929	0.987334	0.987548	0.987055	0.984363	0.985301	0.988538	0.984394	0.983539	0.991945
12860	-1557.648	-1625.09	67.44141	0.972213	0.972424	0.972823	0.97017	0.969685	0.972871	0.973798	0.972952	0.968873	0.977154
12870	-1557.69	-1625.131	67.44141	0.974132	0.973645	0.974573	0.974973	0.970885	0.971096	0.979396	0.976725	0.975877	0.979083
12880	-1558.036	-1625.477	67.44141	0.957268	0.960413	0.957794	0.956962	0.95717	0.965351	0.965747	0.961698	0.961217	0.962133
12890	-1558.312	-1625.753	67.44141	0.984782	0.988017	0.987159	0.984467	0.992882	0.993097	0.988934	0.98934	0.990282	0.989787
12900	-1557.994	-1625.436	67.44141	0.980703	0.978028	0.981242	0.981455	0.980602	0.981005	0.98939	0.988895	0.984749	0.985687
12910	-1557.628	-1625.07	67.44141	0.968421	0.96578	0.968954	0.969164	0.968322	0.968719	0.976999	0.976511	0.972417	0.973343
12920	-1557.733	-1625.174	67.44141	0.975519	0.975031	0.975431	0.97636	0.976572	0.972478	0.969826	0.978115	0.981329	0.980477
12930	-1560.625	-1628.066	67.44141	0.935984	0.936876	0.932948	0.932482	0.940452	0.940838	0.940021	0.940225	0.943314	0.940741
12940	-1557.846	-1625.287	67.44141	0.978144	0.975476	0.975688	0.978894	0.979295	0.978445	0.977956	0.986315	0.987254	0.983115
12950	-1561.788	-1629.229	67.44141	0.929808	0.929343	0.929725	0.93061	0.930812	0.92691	0.924382	0.932283	0.935346	0.934534
12960	-1558.431	-1625.872	67.44141	0.952335	0.952542	0.952933	0.950334	0.949859	0.95298	0.953888	0.953059	0.949064	0.957176
12970	-1557.637	-1625.078	67.44141	0.971378	0.971777	0.971988	0.971502	0.968852	0.969775	0.972962	0.968883	0.968041	0.976315
12980	-1557.74	-1625.182	67.44141	0.975719	0.97612	0.975632	0.975843	0.976773	0.974109	0.970025	0.973212	0.981531	0.980678
12990	-1557.636	-1625.078	67.44141	0.967472	0.966632	0.974894	0.978097	0.973996	0.97134	0.972266	0.972476	0.97199	0.972389
13000	-1557.684	-1625.126	67.44141	0.96484	0.96801	0.96717	0.964532	0.972776	0.972987	0.968908	0.969306	0.970229	0.969744
13010	-1557.628	-1625.07	67.44141	0.970363	0.96952	0.977807	0.98102	0.976907	0.974243	0.975171	0.975382	0.974895	0.975295
13020	-1557.682	-1625.123	67.44141	0.964947	0.965866	0.961817	0.961336	0.969553	0.969951	0.969108	0.969319	0.972503	0.969851
13030	-1557.867	-1625.309	67.44141	0.960115	0.96103	0.960549	0.956522	0.956915	0.965094	0.965303	0.964465	0.961835	0.964995
13040	-1559.153	-1626.594	67.44141	0.992253	0.991391	0.999865	1.00315	0.998944	0.99622	0.997169	0.997385	0.996887	0.997296
13050	-1558.194	-1625.635	67.44141	0.983406	0.984343	0.980216	0.979726	0.9881	0.988505	0.987647	0.987861	0.991107	0.988404
13060	-1557.715	-1625.157	67.44141	0.97499	0.975201	0.975601	0.972941	0.972454	0.975649	0.976579	0.975731	0.97164	0.979945
13070	-1558.233	-1625.675	67.44141	0.954606	0.952003	0.955131	0.955338	0.954508	0.9549	0.963062	0.96258	0.958545	0.959458
13080	-1558.101	-1625.543	67.44141	0.982226	0.978108	0.986469	0.987408	0.986551	0.986058	0.989297	0.989703	0.987004	0.987218
13090	-1558.695	-1626.137	67.44141	0.988563	0.989505	0.985356	0.984864	0.993282	0.993689	0.992826	0.993042	0.996304	0.993587
13100	-1559.296	-1626.738	67.44141	0.944654	0.945553	0.945081	0.941119	0.941505	0.949552	0.949758	0.948933	0.946345	0.949455
13110	-1558.329	-1625.77	67.44141	0.984968	0.985372	0.985586	0.985093	0.982407	0.983343	0.986574	0.982438	0.981584	0.989974
13120	-1557.906	-1625.348	67.44141	0.979271	0.979673	0.979183	0.979396	0.980329	0.977655	0.973557	0.976755	0.985104	0.984248
13130	-1557.633	-1625.075	67.44141	0.97106	0.97127	0.968621	0.969019	0.972203	0.971717	0.970873	0.971798	0.980104	0.975995
13140	-1557.935	-1625.376	67.44141	0.979761	0.980163	0.979673	0.979886	0.980819	0.978144	0.974044	0.977244	0.985597	0.984741
13150	-1558.432	-1625.874	67.44141	0.986065	0.985572	0.986511	0.986916	0.982778	0.982992	0.991394	0.98869	0.987831	0.991077
13160	-1559.252	-1626.694	67.44141	0.992977	0.993923	0.989756	0.989261	0.997716	0.998126	0.997259	0.997475	1.00075	0.998024
13170	-1558.537	-1625.978	67.44141	0.987101	0.988041	0.987547	0.983407	0.983811	0.99222	0.992435	0.991573	0.988869	0.992118
13180	-1558.86	-1626.302	67.44141	0.948194	0.945608	0.948715	0.948921	0.948097	0.948486	0.956593	0.956115	0.952106	0.953013
13190	-1557.627	-1625.069	67.44141	0.968654	0.964593	0.972837	0.973764	0.972918	0.972432	0.975627	0.976027	0.973366	0.973577
13200	-1557.67	-1625.112	67.44141	0.973361	0.974288	0.970204	0.969719	0.978007	0.978408	0.977559	0.977771	0.980983	0.978308
13210	-1558.054	-1625.495	67.44141	0.98157	0.982505	0.982013	0.977896	0.978298	0.98666	0.986874	0.986017	0.983328	0.986558
13220	-1557.77	-1625.212	67.44141	0.962229	0.961393	0.964552	0.972796	0.970143	0.966076	0.966285	0.967206	0.967603	0.967119
13230	-1558.27	-1625.711	67.44141	0.954158	0.953681	0.95459	0.954982	0.950978	0.951184	0.959314	0.956698	0.955867	0.959008
13240	-1558.206	-1625.648	67.44141	0.95494	0.955147	0.955539	0.952933	0.952457	0.955586	0.956496	0.955666	0.951659	0.959793
13250	-1557.738	-1625.179	67.44141	0.963087	0.971319	0.970475	0.966406	0.969582	0.970505	0.967859	0.967375	0.967585	0.967982
13260	-1557.742	-1625.183	67.44141	0.962968	0.960342	0.960551	0.963707	0.964102	0.963265	0.962783	0.971012	0.971937	0.967863
13270	-1557.745	-1625.187	67.44141	0.962876	0.96025	0.960458	0.963614	0.964009	0.963172	0.96269	0.970919	0.971844	0.967769
13280	-1558.756	-1626.197	67.44141	0.949128	0.950032	0.94605	0.945577	0.953659	0.95405	0.953222	0.953428	0.956561	0.953952
13290	-1558.387	-1625.828	67.44141	0.952814	0.953722	0.953245	0.949249	0.949638	0.957755	0.957963	0.957131	0.954521	0.957657
13300	-1557.699	-1625.141	67.44141	0.964289	0.967457	0.964819	0.963981	0.96419	0.972431	0.97283	0.968752	0.968268	0.96919
13310	-1558.801	-1626.243	67.44141	0.948717	0.947893	0.955995	0.959136	0.955115	0.95251	0.953418	0.953624	0.953148	0.953539
13320	-1558.46	-1625.902	67.44141	0.986348	0.985854	0.986259	0.987199	0.987413	0.983273	0.980592	0.988973	0.992222	0.991361
13330	-1557.671	-1625.113	67.44141	0.965383	0.973635	0.972789	0.968711	0.971893	0.972819	0.970166	0.969681	0.969892	0.97029
13340	-1557.87	-1625.311	67.44141	0.960062	0.957444	0.96059	0.960798	0.959964	0.960358	0.968566	0.968082	0.964023	0.964942
13350	-1557.662	-1625.103	67.44141	0.965825	0.963191	0.966356	0.966565	0.965726	0.966122	0.97438	0.973893	0.96981	0.970734
13360	-1557.637	-1625.079	67.44141	0.971433	0.974624	0.973778	0.971122	0.979423	0.979635	0.975528	0.975929	0.976858	0.97637
13370	-1557.755	-1625.196	67.44141	0.976108	0.973446	0.976644	0.976856	0.976008	0.976408	0.984754	0.984262	0.980135	0.981069
13380	-1559.18	-1626.621	67.44141	0.945553	0.946453	0.942485	0.942014	0.950066	0.950456	0.94963	0.949836	0.952957	0.950358
13390	-1557.688	-1625.129	67.44141	0.964705	0.963867	0.972106	0.9753	0.971211	0.968562	0.969485	0.969695	0.969211	0.969608
13400	-1558.503	-1625.945	67.44141	0.951573	0.948978	0.952096	0.952302	0.951475	0.951866	0.960001	0.959522	0.955499	0.956409
13410	-1557.641	-1625.082	67.44141	0.967068	0.967989	0.963931	0.963449	0.971684	0.972083	0.971238	0.971449	0.974641	0.971983
13420	-1558.538	-1625.979	67.44141	0.98711	0.98805	0.987556	0.983416	0.98382	0.992229	0.992444	0.991582	0.988878	0.992127
13430	-1558.284	-1625.726	67.44141	0.953989	0.954381	0.954588	0.954111	0.951509	0.952415	0.955544	0.951538	0.950712	0.958838
13440	-1557.966	-1625.407	67.44141	0.980261	0.977588	0.9808	0.981013	0.980161	0.980563	0.988944	0.98845	0.984306	0.985243
13450	-1558.646	-1626.087	67.44141	0.988117	0.985422	0.98866	0.988874	0.988015	0.988421	0.996869	0.996371	0.992194	0.993139
13460	-1557.696	-1625.137	67.44141	0.964423	0.964819	0.965028	0.964545	0.961915	0.962831	0.965995	0.961945	0.96111	0.969324
13470	-1558.107	-1625.549	67.44141	0.982306	0.982709	0.982218	0.982431	0.983367	0.980685	0.976573	0.979782	0.988156	0.987298
13480	-1559.273	-1626.714	67.44141	0.944833	0.94436	0.94526	0.945648	0.941683	0.941888	0.949938	0.947348	0.946525	0.949635
13490	-1557.666	-1625.107	67.44141	0.965636	0.97389	0.973044	0.968965	0.972148	0.973074	0.970421	0.969936	0.970146	0.970544
13500	-1557.927	-1625.368	67.44141	0.959018	0.959932	0.955907	0.955429	0.963596	0.963991	0.963154	0.963363	0.966528	0.963892
13510	-1557.637	-1625.078	67.44141	0.967403	0.96692	0.967317	0.968238	0.968448	0.964388	0.961758	0.969978	0.973165	0.97232
13520	-1559.024	-1626.465	67.44141	0.991278	0.992222	0.988063	0.987569	0.99601	0.996419	0.995553	0.995769	0.999041	0.996316
13530	-1558.4	-1625.842	67.44141	0.952666	0.955796	0.954966	0.952362	0.960502	0.96071	0.956683	0.957075	0.957987	0.957508
13540	-1557.632	-1625.073	67.44141	0.970867	0.971792	0.971306	0.967234	0.967631	0.975901	0.976113	0.975265	0.972606	0.975801
13550	-1557.632	-1625.073	67.44141	0.970872	0.971082	0.971481	0.968832	0.968347	0.971529	0.972454	0.97161	0.967536	0.975806
13560	-1557.825	-1625.266	67.44141	0.977719	0.978121	0.977632	0.977844	0.978775	0.976106	0.972014	0.975207	0.983543	0.982689
13570	-1557.79	-1625.231	67.44141	0.961757	0.969978	0.965911	0.965072	0.965992	0.969165	0.968681	0.966039	0.966436	0.966645
13580	-1558.036	-1625.478	67.44141	0.957266	0.958178	0.954161	0.953684	0.961836	0.96223	0.961395	0.961603	0.964763	0.962132
13590	-1557.654	-1625.096	67.44141	0.966211	0.965372	0.973623	0.976822	0.972727	0.970074	0.970998	0.971209	0.970723	0.971122
13600	-1557.725	-1625.166	67.44141	0.963459	0.963668	0.964063	0.961434	0.960953	0.964111	0.965029	0.964191	0.960149	0.968355
13610	-1557.823	-1625.265	67.44141	0.977695	0.975029	0.975241	0.978445	0.978846	0.977996	0.977507	0.985862	0.986801	0.982664
13620	-1557.7	-1625.142	67.44141	0.96425	0.964645	0.964855	0.964372	0.961742	0.962659	0.965821	0.961772	0.960937	0.96915
13630	-1558.195	-1625.637	67.44141	0.955083	0.955475	0.954997	0.955204	0.956114	0.953507	0.94951	0.952629	0.960772	0.959937
13640	-1557.69	-1625.131	67.44141	0.974135	0.982461	0.981608	0.977493	0.980704	0.981639	0.978962	0.978472	0.978684	0.979086
13650	-1559.048	-1626.49	67.44141	0.946605	0.954696	0.950693	0.949868	0.950773	0.953896	0.953419	0.950819	0.95121	0.951416
13660	-1557.738	-1625.179	67.44141	0.96308	0.962244	0.965406	0.973657	0.971002	0.966931	0.967141	0.968062	0.96846	0.967975
13670	-1557.637	-1625.078	67.44141	0.967397	0.967794	0.968004	0.96752	0.964881	0.9658	0.968974	0.964911	0.964073	0.972313
13680	-1557.653	-1625.094	67.44141	0.966288	0.966498	0.966895	0.964258	0.963776	0.966942	0.967863	0.967023	0.962969	0.971199
13690	-1558.071	-1625.512	67.44141	0.956757	0.957668	0.953653	0.953177	0.961324	0.961718	0.960883	0.961091	0.964249	0.961619
13700	-1557.678	-1625.119	67.44141	0.965113	0.965323	0.96269	0.963085	0.96625	0.965767	0.964928	0.965847	0.974102	0.970019
13710	-1557.687	-1625.129	67.44141	0.964732	0.960688	0.968899	0.969822	0.96898	0.968495	0.971677	0.972076	0.969425	0.969635
13720	-1557.637	-1625.078	67.44141	0.967408	0.966568	0.97483	0.978033	0.973932	0.971276	0.972202	0.972413	0.971926	0.972325
13730	-1558.77	-1626.212	67.44141	0.948996	0.952114	0.951287	0.948693	0.956801	0.957009	0.952997	0.953388	0.954296	0.953819
13740	-1557.951	-1625.393	67.44141	0.958607	0.955993	0.959134	0.959342	0.958509	0.958902	0.967098	0.966614	0.962562	0.963479
13750	-1557.637	-1625.078	67.44141	0.971395	0.967323	0.968244	0.97652	0.976032	0.975184	0.975585	0.97879	0.979002	0.976332
13760	-1559.26	-1626.701	67.44141	0.944932	0.940971	0.949013	0.949917	0.949092	0.948618	0.951735	0.952125	0.949529	0.949735
13770	-1557.646	-1625.088	67.44141	0.966712	0.964076	0.967243	0.967453	0.966613	0.967009	0.975275	0.974787	0.9707	0.971625
13780	-1558.737	-1626.178	67.44141	0.9493	0.94532	0.9534	0.954309	0.95348	0.953003	0.956134	0.956527	0.953918	0.954125
13790	-1558.923	-1626.364	67.44141	0.947653	0.94683	0.954923	0.958061	0.954044	0.951442	0.952349	0.952555	0.952079	0.95247
13800	-1557.655	-1625.096	67.44141	0.966205	0.96357	0.966736	0.966946	0.966106	0.966502	0.974763	0.974276	0.970192	0.971116
13810	-1558.141	-1625.582	67.44141	0.982742	0.985971	0.983282	0.982428	0.982641	0.99104	0.991447	0.98729	0.986797	0.987737
13820	-1557.817	-1625.259	67.44141	0.977568	0.976719	0.985068	0.988304	0.984161	0.981477	0.982412	0.982625	0.982134	0.982537
13830	-1557.819	-1625.261	67.44141	0.96109	0.95706	0.965241	0.96616	0.965321	0.964839	0.968009	0.968406	0.965765	0.965974
13840	-1557.852	-1625.294	67.44141	0.960406	0.968615	0.967774	0.963716	0.966883	0.967804	0.965164	0.964682	0.964891	0.965287
13850	-1558.671	-1626.113	67.44141	0.988349	0.996797	0.995931	0.991756	0.995014	0.995962	0.993246	0.992749	0.992965	0.993372
13860	-1558.119	-1625.56	67.44141	0.956091	0.955261	0.958399	0.966591	0.963955	0.959914	0.960122	0.961037	0.961431	0.96095
13870	-1557.924	-1625.366	67.44141	0.979581	0.9828	0.980119	0.979268	0.979481	0.987852	0.988258	0.984115	0.983623	0.98456
13880	-1557.938	-1625.379	67.44141	0.958833	0.961984	0.961148	0.958527	0.96672	0.96693	0.962876	0.963271	0.964189	0.963707
13890	-1557.944	-1625.385	67.44141	0.979902	0.980114	0.977441	0.977842	0.981055	0.980565	0.979713	0.980646	0.989028	0.984882
13900	-1557.63	-1625.072	67.44141	0.970678	0.969835	0.978125	0.981339	0.977225	0.97456	0.975488	0.9757	0.975212	0.975612
13910	-1558.819	-1626.26	67.44141	0.94856	0.944584	0.945484	0.953565	0.953088	0.95226	0.952651	0.955781	0.955989	0.953381
13920	-1557.778	-1625.219	67.44141	0.976677	0.977608	0.977119	0.973022	0.973422	0.981742	0.981955	0.981102	0.978427	0.981641
13930	-1557.759	-1625.2	67.44141	0.97621	0.97661	0.976122	0.976334	0.977264	0.974599	0.970513	0.973701	0.982024	0.981171
13940	-1557.762	-1625.203	67.44141	0.976283	0.97219	0.9805	0.981434	0.980582	0.980091	0.983311	0.983715	0.981032	0.981245
13950	-1558.117	-1625.559	67.44141	0.98244	0.983376	0.982884	0.978764	0.979166	0.987535	0.987749	0.986891	0.9842	0.987433
13960	-1557.626	-1625.067	67.44141	0.969595	0.969806	0.967161	0.967558	0.970737	0.970251	0.969409	0.970332	0.978626	0.974523
13970	-1559.009	-1626.45	67.44141	0.991158	0.988455	0.991703	0.991918	0.991057	0.991463	0.999938	0.999438	0.995248	0.996196
13980	-1558.147	-1625.588	67.44141	0.95571	0.955918	0.95631	0.953702	0.953225	0.956357	0.957268	0.956437	0.952427	0.960568
13990	-1557.742	-1625.183	67.44141	0.975773	0.975285	0.975685	0.976615	0.976827	0.972731	0.970079	0.97837	0.981585	0.980732
14000	-1557.961	-1625.402	67.44141	0.958451	0.955838	0.956045	0.959186	0.95958	0.958746	0.958267	0.966458	0.967378	0.963323
14010	-1559.117	-1626.559	67.44141	0.946047	0.946436	0.946641	0.946168	0.943587	0.944486	0.947589	0.943617	0.942797	0.950856
14020	-1557.95	-1625.391	67.44141	0.980001	0.980213	0.980616	0.977941	0.977452	0.980664	0.981598	0.980746	0.976634	0.984982
14030	-1557.735	-1625.176	67.44141	0.975579	0.975791	0.97313	0.973529	0.976728	0.97624	0.975392	0.976321	0.984666	0.980538
14040	-1557.983	-1625.425	67.44141	0.95808	0.958287	0.958681	0.956066	0.955588	0.958728	0.959641	0.958808	0.954788	0.962949
14050	-1559.052	-1626.493	67.44141	0.946578	0.946104	0.946493	0.947394	0.9476	0.943627	0.941054	0.949097	0.952216	0.951389
14060	-1557.896	-1625.337	67.44141	0.979089	0.978599	0.979001	0.979933	0.980146	0.976037	0.973375	0.981695	0.98492	0.984065
14070	-1557.759	-1625.2	67.44141	0.96252	0.962729	0.960103	0.960497	0.963653	0.963171	0.962335	0.963251	0.971485	0.967412
14080	-1557.762	-1625.203	67.44141	0.976284	0.975796	0.976725	0.977126	0.97303	0.973241	0.981559	0.978882	0.978032	0.981246
14090	-1557.626	-1625.068	67.44141	0.968972	0.969369	0.96958	0.969095	0.966452	0.967373	0.970551	0.966482	0.965643	0.973896
14100	-1557.634	-1625.076	67.44141	0.97114	0.971351	0.968702	0.969099	0.972283	0.971797	0.970953	0.971878	0.980185	0.976076
14110	-1557.674	-1625.116	67.44141	0.965245	0.973495	0.969414	0.968572	0.969495	0.97268	0.972194	0.969542	0.96994	0.970151
14120	-1558.292	-1625.734	67.44141	0.953895	0.953418	0.953809	0.954718	0.954925	0.950922	0.948328	0.956434	0.959576	0.958743
14130	-1557.627	-1625.068	67.44141	0.970053	0.970977	0.966906	0.966423	0.974683	0.975083	0.974236	0.974447	0.977649	0.974983
14140	-1557.89	-1625.331	67.44141	0.959687	0.96789	0.963832	0.962995	0.963912	0.967079	0.966596	0.96396	0.964356	0.964565
14150	-1557.684	-1625.126	67.44141	0.964848	0.962217	0.962425	0.965587	0.965984	0.965145	0.964662	0.972908	0.973834	0.969752
14160	-1557.792	-1625.233	67.44141	0.961705	0.961224	0.96214	0.962535	0.958499	0.958707	0.966902	0.964265	0.963427	0.966593
14170	-1558.223	-1625.664	67.44141	0.983759	0.983972	0.981289	0.981692	0.984917	0.984425	0.98357	0.984507	0.992922	0.988759
14180	-1557.664	-1625.105	67.44141	0.973043	0.973442	0.973653	0.973167	0.970513	0.971437	0.974629	0.970543	0.9697	0.977988
14190	-1557.626	-1625.067	67.44141	0.969718	0.972904	0.970251	0.969408	0.969619	0.977906	0.978308	0.974206	0.973719	0.974647
14200	-1557.626	-1625.067	67.44141	0.969347	0.969557	0.966913	0.96731	0.970488	0.970003	0.969161	0.970084	0.978376	0.974274
14210	-1557.649	-1625.09	67.44141	0.966531	0.966741	0.967137	0.9645	0.964018	0.967185	0.968106	0.967266	0.963211	0.971443
14220	-1558.153	-1625.595	67.44141	0.982903	0.982049	0.990443	0.993697	0.989531	0.986833	0.987773	0.987987	0.987493	0.987898
14230	-1557.901	-1625.342	67.44141	0.959486	0.959694	0.960088	0.95747	0.956991	0.960135	0.96105	0.960215	0.95619	0.964363
14240	-1558.219	-1625.661	67.44141	0.954779	0.950776	0.951682	0.959816	0.959336	0.958503	0.958896	0.962047	0.962256	0.959632
14250	-1558.461	-1625.903	67.44141	0.952012	0.95514	0.95431	0.951708	0.959842	0.96005	0.956025	0.956418	0.957329	0.95685
14260	-1558.084	-1625.526	67.44141	0.981996	0.981505	0.98244	0.982843	0.978723	0.978935	0.987302	0.98461	0.983755	0.986987
14270	-1558.116	-1625.557	67.44141	0.956133	0.955302	0.963467	0.966633	0.962581	0.959955	0.96087	0.961078	0.960598	0.960992
14280	-1557.653	-1625.094	67.44141	0.966289	0.962238	0.970463	0.971387	0.970543	0.970058	0.973245	0.973645	0.97099	0.9712
14290	-1558.576	-1626.017	67.44141	0.987469	0.995909	0.995044	0.990872	0.994128	0.995075	0.992361	0.991865	0.99208	0.992487
14300	-1557.772	-1625.213	67.44141	0.962196	0.961361	0.964519	0.972763	0.97011	0.966043	0.966253	0.967173	0.96757	0.967087
14310	-1559.191	-1626.632	67.44141	0.99253	0.991668	0.994927	1.00343	1.00069	0.996499	0.996715	0.997665	0.998074	0.997575
14320	-1558.674	-1626.115	67.44141	0.988372	0.987514	0.990758	0.999227	0.996502	0.992324	0.992539	0.993485	0.993893	0.993396
14330	-1557.883	-1625.324	67.44141	0.959819	0.958986	0.962137	0.97036	0.967714	0.963657	0.963866	0.964784	0.96518	0.964698
14340	-1558.312	-1625.754	67.44141	0.984784	0.985722	0.985229	0.981099	0.981501	0.989891	0.990105	0.989245	0.986548	0.989789
14350	-1558.434	-1625.876	67.44141	0.986083	0.98559	0.986529	0.986934	0.982796	0.983009	0.991412	0.988708	0.987849	0.991095
14360	-1559.082	-1626.523	67.44141	0.946333	0.943752	0.946853	0.947058	0.946235	0.946624	0.954715	0.954238	0.950237	0.951142
14370	-1558.388	-1625.829	67.44141	0.952806	0.951979	0.955106	0.96327	0.960643	0.956616	0.956823	0.957735	0.958128	0.957649
14380	-1557.812	-1625.253	67.44141	0.961259	0.969475	0.968633	0.964572	0.967741	0.968663	0.966022	0.965539	0.965748	0.966145
14390	-1557.638	-1625.079	67.44141	0.971491	0.979795	0.975687	0.97484	0.975769	0.978975	0.978485	0.975817	0.976217	0.976429
14400	-1558.631	-1626.073	67.44141	0.950295	0.94947	0.952589	0.960731	0.958111	0.954095	0.954301	0.955211	0.955603	0.955125
14410	-1558.016	-1625.457	67.44141	0.957575	0.956743	0.959887	0.968091	0.965451	0.961403	0.961612	0.962528	0.962923	0.962442
14420	-1557.634	-1625.076	67.44141	0.967663	0.96806	0.967576	0.967786	0.968708	0.966066	0.962016	0.965177	0.973427	0.972581
14430	-1558.317	-1625.758	67.44141	0.953608	0.953815	0.954206	0.951604	0.951128	0.954253	0.955162	0.954333	0.950332	0.958455
14440	-1557.861	-1625.302	67.44141	0.978436	0.977947	0.978878	0.97928	0.975175	0.975386	0.983723	0.98104	0.980188	0.983409
14450	-1557.649	-1625.09	67.44141	0.972254	0.969603	0.972789	0.973	0.972154	0.972553	0.980866	0.980376	0.976266	0.977196
14460	-1557.703	-1625.144	67.44141	0.974583	0.977785	0.976936	0.974272	0.982599	0.982813	0.978692	0.979094	0.980027	0.979537
14470	-1557.637	-1625.078	67.44141	0.967396	0.968318	0.967834	0.963776	0.964172	0.972413	0.972624	0.971779	0.969129	0.972313
14480	-1557.841	-1625.282	67.44141	0.978046	0.98126	0.980408	0.977734	0.986091	0.986305	0.98217	0.982573	0.983509	0.983017
14490	-1559.212	-1626.653	67.44141	0.992685	0.995947	0.993231	0.992368	0.992583	1.00107	1.00148	0.99728	0.996781	0.997731
14500	-1557.635	-1625.076	67.44141	0.971203	0.970718	0.971642	0.972041	0.967966	0.968176	0.976451	0.973788	0.972943	0.976139
14510	-1557.752	-1625.193	67.44141	0.976037	0.975189	0.983524	0.986756	0.982619	0.979939	0.980873	0.981086	0.980595	0.980998
14520	-1557.672	-1625.113	67.44141	0.96535	0.965746	0.965263	0.965472	0.966392	0.963757	0.959716	0.962869	0.971099	0.970256
14530	-1557.878	-1625.319	67.44141	0.959907	0.968111	0.964052	0.963215	0.964133	0.9673	0.966817	0.96418	0.964576	0.964785
14540	-1558.458	-1625.899	67.44141	0.95205	0.952256	0.949659	0.950049	0.953171	0.952694	0.951867	0.952773	0.960917	0.956889
14550	-1557.992	-1625.434	67.44141	0.980675	0.989057	0.98491	0.984055	0.984992	0.988228	0.987734	0.985041	0.985445	0.985659
14560	-1557.686	-1625.128	67.44141	0.964766	0.965162	0.96468	0.964889	0.965808	0.963174	0.959136	0.962288	0.970513	0.96967
14570	-1558.516	-1625.958	67.44141	0.951438	0.954564	0.953735	0.951134	0.959264	0.959472	0.955449	0.955841	0.956752	0.956274
14580	-1557.66	-1625.101	67.44141	0.972848	0.972362	0.972761	0.973687	0.973899	0.969816	0.967171	0.975438	0.978642	0.977792
14590	-1558.04	-1625.482	67.44141	0.981384	0.97727	0.978201	0.986562	0.986068	0.985212	0.985616	0.988855	0.989069	0.986372
14600	-1557.751	-1625.193	67.44141	0.976024	0.971933	0.98024	0.981174	0.980322	0.979832	0.983051	0.983454	0.980772	0.980985
14610	-1558.405	-1625.847	67.44141	0.952615	0.960757	0.956729	0.955898	0.956809	0.959952	0.959472	0.956856	0.957249	0.957456
14620	-1558.15	-1625.591	67.44141	0.95567	0.951663	0.95257	0.960712	0.960232	0.959398	0.959791	0.962945	0.963154	0.960527
14630	-1557.82	-1625.262	67.44141	0.977628	0.98084	0.979988	0.977316	0.985669	0.985883	0.98175	0.982153	0.983088	0.982597
14640	-1557.643	-1625.084	67.44141	0.971844	0.97277	0.968691	0.968207	0.976483	0.976883	0.976035	0.976247	0.979454	0.976783
14650	-1557.694	-1625.135	67.44141	0.964494	0.960451	0.96866	0.969583	0.968741	0.968256	0.971438	0.971836	0.969186	0.969396
14660	-1557.685	-1625.126	67.44141	0.973959	0.982283	0.978165	0.977316	0.978247	0.981461	0.98097	0.978295	0.978696	0.978909
14670	-1557.631	-1625.072	67.44141	0.970758	0.971682	0.971197	0.967125	0.967522	0.975792	0.976003	0.975156	0.972496	0.975692
14680	-1558.038	-1625.48	67.44141	0.98135	0.977236	0.978167	0.986528	0.986035	0.985178	0.985583	0.988821	0.989035	0.986338
14690	-1557.636	-1625.077	67.44141	0.967496	0.96344	0.971675	0.9726	0.971756	0.97127	0.974461	0.974861	0.972203	0.972413
14700	-1557.628	-1625.069	67.44141	0.970262	0.970472	0.967826	0.968223	0.971404	0.970918	0.970075	0.970999	0.979299	0.975193
14710	-1558.155	-1625.597	67.44141	0.98293	0.983867	0.979742	0.979252	0.987622	0.988027	0.987169	0.987383	0.990628	0.987926
14720	-1557.721	-1625.163	67.44141	0.975182	0.972522	0.975718	0.975929	0.975082	0.975482	0.98382	0.983328	0.979205	0.980138
14730	-1558.357	-1625.799	67.44141	0.953144	0.949148	0.95726	0.958172	0.95734	0.956861	0.960005	0.960399	0.95778	0.957988
14740	-1558.535	-1625.976	67.44141	0.987078	0.987483	0.987698	0.987204	0.984512	0.98545	0.988687	0.984542	0.983687	0.992095
14750	-1557.63	-1625.071	67.44141	0.968158	0.96908	0.968596	0.964535	0.964931	0.973179	0.97339	0.972544	0.969892	0.973079
14760	-1557.734	-1625.176	67.44141	0.975556	0.975068	0.975469	0.976398	0.97661	0.972515	0.969863	0.978153	0.981367	0.980514
14770	-1559.732	-1627.173	67.44141	0.941538	0.941743	0.942129	0.93956	0.93909	0.942175	0.943073	0.942254	0.938304	0.946324
14780	-1557.754	-1625.196	67.44141	0.962634	0.963029	0.963238	0.962756	0.960131	0.961045	0.964203	0.96016	0.959327	0.967526
14790	-1559.574	-1627.015	67.44141	0.995175	0.996123	0.991947	0.991451	0.999925	1.00034	0.999466	0.999683	1.00297	1.00023
14800	-1558.847	-1626.288	67.44141	0.948309	0.948698	0.948904	0.94843	0.945843	0.946744	0.949855	0.945873	0.945051	0.953129
14810	-1557.858	-1625.299	67.44141	0.978384	0.974283	0.975211	0.983546	0.983054	0.982201	0.982604	0.985832	0.986046	0.983357
14820	-1557.626	-1625.067	67.44141	0.969736	0.97066	0.970175	0.966107	0.966504	0.974765	0.974976	0.974129	0.971473	0.974665
14830	-1558.109	-1625.551	67.44141	0.956216	0.959357	0.956741	0.95591	0.956117	0.96429	0.964685	0.960641	0.960161	0.961076
14840	-1557.988	-1625.429	67.44141	0.958014	0.958407	0.958615	0.958135	0.955523	0.956433	0.959575	0.955552	0.954722	0.962883
14850	-1557.645	-1625.086	67.44141	0.966783	0.964147	0.967314	0.967524	0.966684	0.967081	0.975347	0.974859	0.970772	0.971697
14860	-1557.704	-1625.145	67.44141	0.974622	0.97555	0.975062	0.970975	0.971373	0.979676	0.979888	0.979037	0.976367	0.979575
14870	-1560.508	-1627.95	67.44141	0.936659	0.939736	0.937173	0.936359	0.936562	0.944568	0.944955	0.940994	0.940523	0.941419
14880	-1557.823	-1625.264	67.44141	0.977678	0.97719	0.977591	0.978522	0.978734	0.974631	0.971973	0.980281	0.983502	0.982647
14890	-1557.756	-1625.197	67.44141	0.962598	0.963515	0.963033	0.958996	0.959389	0.96759	0.9678	0.966959	0.964322	0.96749
14900	-1559.416	-1626.858	67.44141	0.994124	0.995071	0.990899	0.990404	0.998869	0.999279	0.998411	0.998628	1.00191	0.999176
14910	-1558.129	-1625.571	67.44141	0.955948	0.964118	0.960077	0.959243	0.960157	0.963311	0.96283	0.960204	0.960598	0.960806
14920	-1557.639	-1625.08	67.44141	0.967247	0.967644	0.967854	0.96737	0.964732	0.965651	0.968824	0.964762	0.963924	0.972163
14930	-1557.721	-1625.162	67.44141	0.975156	0.983491	0.979368	0.978518	0.97945	0.982668	0.982176	0.979498	0.9799	0.980113
14940	-1557.65	-1625.091	67.44141	0.966464	0.965981	0.966377	0.967298	0.967508	0.963451	0.960824	0.969036	0.97222	0.971376
14950	-1559.926	-1627.367	67.44141	0.940248	0.939778	0.940674	0.94106	0.937114	0.937318	0.945329	0.942751	0.941932	0.945027
14960	-1557.642	-1625.083	67.44141	0.967003	0.9674	0.96761	0.967126	0.964488	0.965407	0.968579	0.964518	0.963681	0.971918
14970	-1557.644	-1625.085	67.44141	0.971917	0.980224	0.979373	0.975267	0.978471	0.979403	0.976732	0.976244	0.976456	0.976856
14980	-1558.869	-1626.31	67.44141	0.948121	0.947298	0.955395	0.958534	0.954515	0.951912	0.952819	0.953026	0.952549	0.95294
14990	-1557.662	-1625.104	67.44141	0.965791	0.963157	0.966322	0.966532	0.965692	0.966089	0.974346	0.973859	0.969776	0.9707
15000	-1560.152	-1627.594	67.44141	0.998706	0.999658	0.995467	0.994969	1.00347	1.00389	1.00301	1.00323	1.00653	1.00378
15010	-1557.878	-1625.32	67.44141	0.959902	0.957284	0.960429	0.960637	0.959803	0.960197	0.968404	0.96792	0.963862	0.96478
15020	-1558.279	-1625.721	67.44141	0.954047	0.954254	0.954646	0.952042	0.951566	0.954693	0.955602	0.954772	0.95077	0.958896
15030	-1557.787	-1625.228	67.44141	0.976891	0.974227	0.974439	0.97764	0.978041	0.977192	0.976704	0.985052	0.98599	0.981856
15040	-1558.243	-1625.684	67.44141	0.983996	0.983504	0.983907	0.984845	0.985058	0.980929	0.978253	0.986615	0.989857	0.988997
15050	-1558.23	-1625.672	67.44141	0.95464	0.95555	0.951544	0.951068	0.959197	0.959591	0.958757	0.958965	0.962116	0.959492
15060	-1557.64	-1625.081	67.44141	0.971647	0.971162	0.97156	0.972486	0.972697	0.968619	0.965977	0.974234	0.977435	0.976586
15070	-1557.649	-1625.09	67.44141	0.972267	0.980578	0.976467	0.975619	0.976548	0.979757	0.979267	0.976596	0.976997	0.977209
15080	-1558.183	-1625.625	67.44141	0.955235	0.958373	0.957541	0.95493	0.963092	0.963301	0.959262	0.959656	0.96057	0.96009
15090	-1559.26	-1626.701	67.44141	0.993031	0.992168	1.00065	1.00394	0.999728	0.997001	0.997951	0.998167	0.997668	0.998078
15100	-1558.937	-1626.378	67.44141	0.947535	0.946712	0.949822	0.957941	0.955328	0.951323	0.95153	0.952436	0.952827	0.952351
15110	-1557.819	-1625.26	67.44141	0.961109	0.958488	0.958696	0.961845	0.96224	0.961405	0.960924	0.969137	0.97006	0.965994
15120	-1557.773	-1625.215	67.44141	0.976573	0.972478	0.973405	0.981725	0.981234	0.980382	0.980784	0.984007	0.98422	0.981536
15130	-1557.894	-1625.336	67.44141	0.959601	0.959121	0.959515	0.960429	0.960637	0.95661	0.954001	0.962155	0.965316	0.964478
15140	-1557.626	-1625.068	67.44141	0.969886	0.967241	0.970419	0.97063	0.969787	0.970185	0.978477	0.977988	0.973888	0.974816
15150	-1557.85	-1625.292	67.44141	0.960446	0.95642	0.964595	0.965513	0.964675	0.964193	0.967361	0.967758	0.965118	0.965328
15160	-1557.685	-1625.127	67.44141	0.9648	0.965719	0.96167	0.961189	0.969405	0.969803	0.96896	0.969171	0.972355	0.969703
15170	-1559.686	-1627.127	67.44141	0.941852	0.937903	0.94592	0.946821	0.945999	0.945526	0.948632	0.949022	0.946434	0.946639
15180	-1557.723	-1625.165	67.44141	0.963511	0.964429	0.963947	0.959906	0.9603	0.968508	0.968718	0.967876	0.965237	0.968408
15190	-1558.369	-1625.811	67.44141	0.953009	0.953917	0.949918	0.949443	0.957558	0.957951	0.957119	0.957326	0.960472	0.957853
15200	-1558.071	-1625.512	67.44141	0.981812	0.981321	0.982256	0.982659	0.978539	0.978752	0.987117	0.984425	0.98357	0.986802
15210	-1558.676	-1626.118	67.44141	0.949865	0.94904	0.957151	0.960296	0.95627	0.953662	0.954571	0.954778	0.954301	0.954692
15220	-1557.8	-1625.242	67.44141	0.977194	0.976345	0.98469	0.987926	0.983784	0.981101	0.982036	0.982249	0.981757	0.98216
15230	-1557.677	-1625.118	67.44141	0.965141	0.964302	0.972545	0.97574	0.971649	0.969	0.969923	0.970133	0.969648	0.970046
15240	-1558.106	-1625.547	67.44141	0.982283	0.982496	0.979817	0.980219	0.98344	0.982948	0.982094	0.98303	0.991432	0.987276
15250	-1558.038	-1625.479	67.44141	0.981348	0.982282	0.978164	0.977675	0.986032	0.986436	0.98558	0.985793	0.989032	0.986335
15260	-1557.852	-1625.294	67.44141	0.960411	0.96862	0.967779	0.963721	0.966888	0.967809	0.965169	0.964687	0.964896	0.965292
15270	-1558.126	-1625.567	67.44141	0.982549	0.97843	0.986792	0.987733	0.986875	0.986381	0.989622	0.990028	0.987328	0.987543
15280	-1557.628	-1625.069	67.44141	0.97028	0.978573	0.977723	0.973624	0.976823	0.977753	0.975087	0.974599	0.974811	0.975211
15290	-1557.702	-1625.143	67.44141	0.974559	0.982889	0.982035	0.977918	0.981131	0.982066	0.979388	0.978898	0.97911	0.979512
15300	-1557.67	-1625.111	67.44141	0.973345	0.976543	0.975695	0.973034	0.981351	0.981563	0.977448	0.97785	0.978781	0.978292
15310	-1557.648	-1625.09	67.44141	0.972229	0.973155	0.972668	0.968591	0.968988	0.97727	0.977482	0.976633	0.97397	0.97717
15320	-1558.159	-1625.6	67.44141	0.955549	0.955071	0.955981	0.956374	0.952364	0.952571	0.960713	0.958093	0.957261	0.960406
15330	-1557.932	-1625.373	67.44141	0.958934	0.956319	0.956527	0.95967	0.960063	0.95923	0.95875	0.966945	0.967866	0.963808
15340	-1558.687	-1626.128	67.44141	0.988485	0.985789	0.989028	0.989242	0.988383	0.988789	0.997241	0.996742	0.992563	0.993509
15350	-1557.853	-1625.294	67.44141	0.978283	0.979215	0.978726	0.974622	0.975022	0.983356	0.98357	0.982715	0.980035	0.983255
15360	-1559.649	-1627.091	67.44141	0.995662	0.991488	0.999963	1.00092	1.00005	0.999546	1.00283	1.00324	1.00051	1.00072
15370	-1557.659	-1625.1	67.44141	0.972801	0.972315	0.972714	0.97364	0.973852	0.969769	0.967124	0.975391	0.978595	0.977745
15380	-1557.798	-1625.24	67.44141	0.961559	0.960724	0.968936	0.972119	0.968044	0.965404	0.966323	0.966533	0.96605	0.966446
15390	-1557.628	-1625.07	67.44141	0.970398	0.967751	0.967961	0.971142	0.97154	0.970696	0.970211	0.978504	0.979436	0.97533
15400	-1559.626	-1627.067	67.44141	0.995511	0.998782	0.996058	0.995193	0.995409	1.00392	1.00433	1.00012	0.999618	1.00057
15410	-1557.719	-1625.161	67.44141	0.975113	0.971025	0.97195	0.980258	0.979768	0.978917	0.979319	0.982536	0.982749	0.980069
15420	-1558.191	-1625.632	67.44141	0.955138	0.95553	0.955738	0.95526	0.952655	0.953562	0.956695	0.952684	0.951857	0.959993
15430	-1557.962	-1625.404	67.44141	0.980207	0.98042	0.980822	0.978147	0.977658	0.98087	0.981805	0.980952	0.97684	0.985189
15440	-1559.69	-1627.131	67.44141	0.995921	0.99633	0.996546	0.996048	0.993332	0.994278	0.997545	0.993363	0.9925	1.00098
15450	-1559.341	-1626.782	67.44141	0.944317	0.94742	0.946597	0.944016	0.952084	0.952291	0.948299	0.948688	0.949591	0.949117
15460	-1557.704	-1625.146	67.44141	0.974644	0.973797	0.982121	0.985347	0.981216	0.978541	0.979473	0.979685	0.979195	0.979597
15470	-1557.753	-1625.195	67.44141	0.962667	0.961831	0.964991	0.973239	0.970585	0.966516	0.966726	0.967647	0.968044	0.96756
15480	-1557.626	-1625.067	67.44141	0.969614	0.965549	0.966469	0.974729	0.974242	0.973396	0.973795	0.976995	0.977207	0.974542
15490	-1557.693	-1625.134	67.44141	0.964526	0.964736	0.965132	0.9625	0.962018	0.965179	0.966099	0.96526	0.961213	0.969429
15500	-1557.67	-1625.111	67.44141	0.973328	0.973727	0.97324	0.973451	0.974379	0.971721	0.967648	0.970827	0.979125	0.978274
15510	-1557.626	-1625.067	67.44141	0.969475	0.966831	0.967041	0.970218	0.970616	0.969773	0.969288	0.977573	0.978504	0.974402
15520	-1557.678	-1625.12	67.44141	0.973697	0.973211	0.97361	0.974537	0.974749	0.970662	0.968015	0.976289	0.979497	0.978646
15530	-1558.331	-1625.773	67.44141	0.953443	0.961592	0.957561	0.956729	0.95764	0.960787	0.960306	0.957688	0.958081	0.958289
15540	-1558.945	-1626.386	67.44141	0.990655	0.99391	0.9912	0.990339	0.990554	0.99902	0.99943	0.99524	0.994743	0.99569
15550	-1557.936	-1625.378	67.44141	0.958856	0.958023	0.961171	0.969386	0.966742	0.962689	0.962898	0.963815	0.964211	0.963729
15560	-1558.046	-1625.488	67.44141	0.981465	0.98469	0.982005	0.981152	0.981365	0.989753	0.990159	0.986008	0.985515	0.986454
15570	-1557.744	-1625.186	67.44141	0.975837	0.979043	0.978193	0.975525	0.983863	0.984077	0.979951	0.980353	0.981287	0.980796
15580	-1557.635	-1625.077	67.44141	0.971234	0.971445	0.971843	0.969193	0.968708	0.971891	0.972817	0.971972	0.967897	0.97617
15590	-1557.626	-1625.067	67.44141	0.969088	0.969486	0.969001	0.969211	0.970134	0.967489	0.963433	0.966598	0.97486	0.974013
15600	-1557.725	-1625.167	67.44141	0.963453	0.962616	0.965779	0.974033	0.971377	0.967305	0.967515	0.968436	0.968834	0.968349
15610	-1558.976	-1626.417	67.44141	0.990899	0.999369	0.995179	0.994315	0.995262	0.998532	0.998033	0.995311	0.99572	0.995936
15620	-1557.661	-1625.103	67.44141	0.96585	0.965011	0.97326	0.976457	0.972364	0.969712	0.970636	0.970846	0.970361	0.970759
15630	-1557.756	-1625.197	67.44141	0.962602	0.961766	0.964926	0.973173	0.970519	0.96645	0.96666	0.967581	0.967978	0.967494
15640	-1557.839	-1625.281	67.44141	0.960674	0.961069	0.961277	0.960796	0.958176	0.959089	0.96224	0.958206	0.957374	0.965557
15650	-1558.573	-1626.015	67.44141	0.987446	0.988387	0.987893	0.983751	0.984155	0.992567	0.992782	0.99192	0.989215	0.992465
15660	-1558.99	-1626.432	67.44141	0.991016	0.991961	0.987802	0.987308	0.995747	0.996155	0.99529	0.995506	0.998777	0.996053
15670	-1557.932	-1625.373	67.44141	0.958935	0.962085	0.96125	0.958628	0.966822	0.967032	0.962977	0.963373	0.96429	0.963808
15680	-1557.636	-1625.078	67.44141	0.971342	0.979644	0.975537	0.97469	0.975618	0.978824	0.978334	0.975666	0.976067	0.976279
15690	-1557.653	-1625.094	67.44141	0.966308	0.965469	0.968641	0.97692	0.974256	0.970172	0.970382	0.971307	0.971705	0.971219
15700	-1558.541	-1625.983	67.44141	0.987143	0.986285	0.994716	0.997984	0.9938	0.99109	0.992034	0.992249	0.991753	0.99216
15710	-1558.903	-1626.344	67.44141	0.990319	0.990725	0.99094	0.990445	0.987744	0.988685	0.991933	0.987775	0.986917	0.995352
15720	-1558.865	-1626.306	67.44141	0.948155	0.949058	0.94508	0.944607	0.952681	0.953072	0.952244	0.952451	0.95558	0.952974
15730	-1557.684	-1625.125	67.44141	0.964871	0.973118	0.972273	0.968196	0.971377	0.972303	0.969651	0.969166	0.969377	0.969775
15740	-1557.735	-1625.176	67.44141	0.975565	0.972904	0.976101	0.976313	0.975465	0.975865	0.984206	0.983714	0.97959	0.980523
15750	-1557.642	-1625.084	67.44141	0.966972	0.966489	0.96741	0.967807	0.963749	0.963958	0.972198	0.969546	0.968704	0.971887
15760	-1557.637	-1625.079	67.44141	0.971424	0.974615	0.973769	0.971113	0.979414	0.979626	0.975519	0.97592	0.976849	0.976361
15770	-1559.638	-1627.079	67.44141	0.995589	0.994725	0.997993	1.00652	1.00378	0.99957	0.999787	1.00074	1.00115	1.00065
15780	-1558.034	-1625.476	67.44141	0.981294	0.984518	0.981833	0.980981	0.981194	0.98958	0.989986	0.985836	0.985343	0.986282
15790	-1557.634	-1625.076	67.44141	0.967651	0.975921	0.975074	0.970986	0.974176	0.975104	0.972445	0.971959	0.97217	0.972569
15800	-1557.771	-1625.212	67.44141	0.976508	0.973845	0.974056	0.977256	0.977657	0.976808	0.97632	0.984665	0.985603	0.981471
15810	-1558.479	-1625.92	67.44141	0.98653	0.986935	0.986441	0.986655	0.987595	0.984902	0.980773	0.983995	0.992406	0.991544
15820	-1559.919	-1627.361	67.44141	0.997341	0.997557	0.994837	0.995245	0.998515	0.998016	0.997149	0.998099	1.00663	1.00241
15830	-1558.117	-1625.558	67.44141	0.956119	0.95703	0.956551	0.952541	0.952932	0.961077	0.961286	0.960451	0.957831	0.960978
15840	-1557.91	-1625.351	67.44141	0.959324	0.967524	0.966684	0.962631	0.965794	0.966714	0.964077	0.963595	0.963804	0.9642
15850	-1559.11	-1626.552	67.44141	0.991935	0.991439	0.991846	0.992791	0.993006	0.988843	0.986146	0.994575	0.997843	0.996976
15860	-1557.627	-1625.068	67.44141	0.968796	0.968312	0.969234	0.969632	0.965567	0.965776	0.974031	0.971375	0.970531	0.97372
15870	-1557.773	-1625.215	67.44141	0.962152	0.970376	0.966308	0.965469	0.966388	0.969563	0.969079	0.966436	0.966833	0.967042
15880	-1557.626	-1625.067	67.44141	0.969391	0.968549	0.976827	0.980037	0.975928	0.973267	0.974194	0.974405	0.973918	0.974318
15890	-1559.316	-1626.757	67.44141	0.993428	0.993643	0.990934	0.99134	0.994597	0.9941	0.993237	0.994183	1.00268	0.998477
15900	-1557.667	-1625.108	67.44141	0.965573	0.966492	0.966009	0.961959	0.962354	0.97058	0.97079	0.969947	0.967302	0.97048
15910	-1557.784	-1625.225	67.44141	0.961899	0.957866	0.966053	0.966973	0.966134	0.965651	0.968823	0.969221	0.966578	0.966787
15920	-1558.256	-1625.697	67.44141	0.954331	0.95033	0.951235	0.959365	0.958886	0.958053	0.958446	0.961595	0.961804	0.959181
15930	-1558.288	-1625.73	67.44141	0.984519	0.984732	0.982047	0.98245	0.985678	0.985185	0.98433	0.985267	0.993689	0.989523
15940	-1558.952	-1626.393	67.44141	0.947407	0.946584	0.954675	0.957812	0.953796	0.951195	0.952101	0.952308	0.951832	0.952222
15950	-1562.007	-1629.449	67.44141	0.928738	0.926205	0.929248	0.92945	0.928643	0.929024	0.936964	0.936496	0.93257	0.933458
15960	-1557.804	-1625.245	67.44141	0.961438	0.960957	0.961352	0.962267	0.962476	0.958441	0.955827	0.963997	0.967164	0.966324
15970	-1557.994	-1625.436	67.44141	0.957907	0.958115	0.958508	0.955894	0.955416	0.958555	0.959468	0.958635	0.954616	0.962775
15980	-1558.384	-1625.826	67.44141	0.985564	0.985778	0.98309	0.983493	0.986725	0.986231	0.985375	0.986314	0.994744	0.990574
15990	-1558.449	-1625.89	67.44141	0.952142	0.955271	0.952666	0.951838	0.952045	0.960182	0.960576	0.956549	0.956071	0.956982
16000	-1557.65	-1625.092	67.44141	0.972347	0.969695	0.969906	0.973092	0.973492	0.972646	0.97216	0.980469	0.981403	0.977289
16010	-1557.661	-1625.103	67.44141	0.965847	0.961798	0.970018	0.970942	0.970099	0.969614	0.9728	0.973199	0.970545	0.970756
16020	-1557.83	-1625.271	67.44141	0.96087	0.961078	0.961473	0.958851	0.958371	0.96152	0.962436	0.9616	0.957569	0.965753
16030	-1557.687	-1625.128	67.44141	0.96474	0.96791	0.96527	0.964432	0.964641	0.972886	0.973285	0.969205	0.96872	0.969643
16040	-1557.81	-1625.251	67.44141	0.9613	0.958678	0.958886	0.962036	0.962431	0.961595	0.961115	0.96933	0.970253	0.966185
16050	-1558.464	-1625.905	67.44141	0.986382	0.994813	0.990642	0.989782	0.990725	0.99398	0.993483	0.990774	0.99118	0.991395
16060	-1558.012	-1625.453	67.44141	0.957638	0.957159	0.957552	0.958464	0.958672	0.954653	0.95205	0.960187	0.963342	0.962505
16070	-1557.631	-1625.073	67.44141	0.970838	0.966767	0.967688	0.97596	0.975472	0.974624	0.975024	0.978228	0.97844	0.975772
16080	-1557.626	-1625.067	67.44141	0.969053	0.968568	0.968966	0.969889	0.970099	0.966032	0.963398	0.971632	0.974824	0.973978
16090	-1558.4	-1625.842	67.44141	0.952666	0.95219	0.952581	0.953488	0.953695	0.949697	0.947107	0.955202	0.95834	0.957508
16100	-1558.119	-1625.56	67.44141	0.956085	0.956996	0.952984	0.952508	0.960649	0.961043	0.960209	0.960417	0.963572	0.960945
16110	-1558.066	-1625.508	67.44141	0.956821	0.957733	0.957254	0.953241	0.953632	0.961783	0.961992	0.961156	0.958535	0.961684
16120	-1557.677	-1625.119	67.44141	0.96512	0.968291	0.96565	0.964812	0.965021	0.973269	0.973669	0.969587	0.969102	0.970025
16130	-1558.071	-1625.513	67.44141	0.956753	0.957146	0.956667	0.956875	0.957786	0.955174	0.95117	0.954295	0.962452	0.961616
16140	-1557.899	-1625.341	67.44141	0.959511	0.958677	0.961827	0.970048	0.967403	0.963347	0.963556	0.964474	0.96487	0.964387
16150	-1557.628	-1625.069	67.44141	0.970242	0.97343	0.970775	0.969932	0.970142	0.978434	0.978836	0.974732	0.974245	0.975173
16160	-1558.301	-1625.742	67.44141	0.953792	0.949794	0.950698	0.958824	0.958345	0.957513	0.957906	0.961053	0.961261	0.95864
16170	-1557.633	-1625.074	67.44141	0.970985	0.974176	0.971519	0.970675	0.970886	0.979184	0.979586	0.975479	0.974992	0.97592
16180	-1559.573	-1627.015	67.44141	0.942632	0.941814	0.944908	0.952985	0.950386	0.946401	0.946607	0.947508	0.947897	0.947423
16190	-1557.884	-1625.325	67.44141	0.97887	0.982086	0.979408	0.978557	0.978769	0.987135	0.98754	0.9834	0.982908	0.983845
16200	-1558.811	-1626.252	67.44141	0.989559	0.98541	0.993833	0.99478	0.993916	0.993419	0.996683	0.997092	0.994373	0.994588
16210	-1557.887	-1625.328	67.44141	0.978926	0.979328	0.978838	0.979051	0.979983	0.977311	0.973213	0.976411	0.984757	0.983901
16220	-1558.012	-1625.453	67.44141	0.980963	0.984186	0.981502	0.98065	0.980862	0.989246	0.989652	0.985503	0.98501	0.985949
16230	-1558.055	-1625.496	67.44141	0.98159	0.977475	0.978406	0.986768	0.986275	0.985419	0.985823	0.989062	0.989276	0.986579
16240	-1558.323	-1625.764	67.44141	0.953535	0.952707	0.955837	0.964007	0.961378	0.957348	0.957555	0.958467	0.958861	0.958381
16250	-1558.634	-1626.076	67.44141	0.950269	0.949794	0.950699	0.951089	0.947101	0.947307	0.955404	0.952798	0.951971	0.955099
16260	-1557.679	-1625.121	67.44141	0.973733	0.969651	0.970574	0.97887	0.978381	0.977531	0.977932	0.981145	0.981358	0.978682
16270	-1557.784	-1625.226	67.44141	0.976838	0.980047	0.977374	0.976526	0.976737	0.985086	0.98549	0.981359	0.980868	0.981802
16280	-1557.803	-1625.244	67.44141	0.961454	0.961662	0.962057	0.959433	0.958954	0.962104	0.963021	0.962184	0.958151	0.96634
16290	-1557.732	-1625.174	67.44141	0.963244	0.962762	0.963679	0.964075	0.960033	0.960241	0.968449	0.965808	0.964969	0.968139
16300	-1557.674	-1625.115	67.44141	0.973495	0.97265	0.980963	0.984186	0.98006	0.977388	0.978319	0.978531	0.978042	0.978443
16310	-1558.739	-1626.18	67.44141	0.949283	0.945303	0.953383	0.954291	0.953462	0.952985	0.956116	0.956509	0.9539	0.954107
16320	-1557.979	-1625.42	67.44141	0.980461	0.979609	0.987982	0.991228	0.987073	0.984381	0.985319	0.985532	0.98504	0.985444
16330	-1557.892	-1625.334	67.44141	0.979024	0.987392	0.986534	0.982398	0.985626	0.986565	0.983875	0.983383	0.983596	0.984
16340	-1557.673	-1625.114	67.44141	0.965323	0.966243	0.96576	0.961711	0.962106	0.970329	0.97054	0.969697	0.967052	0.97023
16350	-1557.878	-1625.319	67.44141	0.959911	0.959077	0.962228	0.970453	0.967806	0.963749	0.963958	0.964876	0.965272	0.96479
16360	-1557.917	-1625.358	67.44141	0.959197	0.958364	0.966555	0.969731	0.965666	0.963032	0.96395	0.964159	0.963677	0.964072
16370	-1557.725	-1625.166	67.44141	0.975275	0.983611	0.979487	0.978637	0.979569	0.982788	0.982296	0.979617	0.980019	0.980232
16380	-1558.006	-1625.447	67.44141	0.957727	0.960874	0.958253	0.957421	0.957629	0.965814	0.96621	0.962159	0.961678	0.962595
16390	-1558.15	-1625.592	67.44141	0.982867	0.982013	0.990407	0.993661	0.989495	0.986797	0.987737	0.987951	0.987457	0.987862
16400	-1557.703	-1625.144	67.44141	0.964172	0.972413	0.968336	0.967495	0.968417	0.971599	0.971113	0.968465	0.968862	0.969072
16410	-1558.063	-1625.505	67.44141	0.981709	0.977594	0.985949	0.986889	0.986031	0.985538	0.988777	0.989182	0.986485	0.986699
16420	-1558.552	-1625.993	67.44141	0.987246	0.98746	0.987865	0.985171	0.984679	0.987914	0.988855	0.987996	0.983854	0.992264
16430	-1558.501	-1625.943	67.44141	0.986755	0.989997	0.987297	0.986439	0.986653	0.995087	0.995495	0.991322	0.990826	0.99177
16440	-1557.626	-1625.068	67.44141	0.96992	0.970844	0.970359	0.96629	0.966687	0.97495	0.975161	0.974314	0.971657	0.97485
16450	-1557.848	-1625.29	67.44141	0.978197	0.986558	0.982422	0.981569	0.982504	0.985732	0.985239	0.982552	0.982956	0.983169
16460	-1558.475	-1625.916	67.44141	0.986494	0.994925	0.990754	0.989894	0.990837	0.994092	0.993595	0.990886	0.991292	0.991507
16470	-1557.632	-1625.073	67.44141	0.967908	0.971088	0.970245	0.967599	0.975869	0.976081	0.971989	0.972388	0.973314	0.972828
16480	-1557.88	-1625.321	67.44141	0.959878	0.960793	0.956765	0.956287	0.96446	0.964856	0.964018	0.964227	0.967395	0.964757
16490	-1557.637	-1625.079	67.44141	0.967359	0.963303	0.971537	0.972462	0.971618	0.971132	0.974323	0.974722	0.972064	0.972275
16500	-1560.323	-1627.764	67.44141	0.937762	0.933831	0.941812	0.94271	0.941891	0.94142	0.944513	0.944901	0.942324	0.942528
16510	-1557.85	-1625.291	67.44141	0.978231	0.977742	0.978673	0.979075	0.97497	0.975182	0.983517	0.980835	0.979983	0.983203
16520	-1557.643	-1625.084	67.44141	0.971855	0.980162	0.97931	0.975205	0.978409	0.979341	0.97667	0.976182	0.976393	0.976794
16530	-1557.722	-1625.163	67.44141	0.9752	0.976129	0.972037	0.971551	0.979855	0.980257	0.979406	0.979618	0.982837	0.980156
16540	-1557.89	-1625.332	67.44141	0.959679	0.967882	0.967041	0.962987	0.966151	0.967071	0.964434	0.963952	0.964161	0.964557
16550	-1557.68	-1625.121	67.44141	0.965017	0.964535	0.965453	0.96585	0.9618	0.962009	0.970232	0.967586	0.966745	0.969922
16560	-1558.373	-1625.815	67.44141	0.952967	0.956098	0.953491	0.952663	0.952869	0.961014	0.961408	0.957378	0.956899	0.95781
16570	-1557.659	-1625.1	67.44141	0.965967	0.969141	0.968299	0.965659	0.973912	0.974124	0.97004	0.970438	0.971362	0.970877
16580	-1557.766	-1625.207	67.44141	0.962346	0.963263	0.962782	0.958745	0.959139	0.967337	0.967547	0.966706	0.96407	0.967238
16590	-1557.791	-1625.232	67.44141	0.961727	0.964886	0.962255	0.961419	0.961628	0.969847	0.970245	0.966178	0.965695	0.966615
16600	-1557.677	-1625.119	67.44141	0.965122	0.968293	0.965653	0.964814	0.965023	0.973271	0.973671	0.969589	0.969104	0.970027
16610	-1557.638	-1625.079	67.44141	0.971448	0.970604	0.9789	0.982116	0.977999	0.975332	0.976261	0.976473	0.975985	0.976385
16620	-1557.878	-1625.319	67.44141	0.978761	0.978271	0.979203	0.979605	0.975498	0.97571	0.984049	0.981366	0.980514	0.983735
16630	-1557.984	-1625.426	67.44141	0.958064	0.958977	0.958497	0.954479	0.954871	0.963032	0.963241	0.962405	0.95978	0.962934
16640	-1558.291	-1625.732	67.44141	0.984542	0.981857	0.98207	0.985297	0.985701	0.984845	0.984353	0.992766	0.993712	0.989546
16650	-1557.701	-1625.142	67.44141	0.97453	0.982859	0.978739	0.977889	0.97882	0.982036	0.981545	0.978868	0.97927	0.979483
16660	-1557.68	-1625.121	67.44141	0.965021	0.965417	0.965627	0.965144	0.962512	0.963429	0.966594	0.962542	0.961706	0.969926
16670	-1557.693	-1625.135	67.44141	0.964498	0.96366	0.971897	0.97509	0.971002	0.968354	0.969277	0.969487	0.969002	0.9694
16680	-1557.924	-1625.365	67.44141	0.959074	0.967271	0.963216	0.962379	0.963296	0.966461	0.965978	0.963344	0.963739	0.963948
16690	-1557.721	-1625.163	67.44141	0.975177	0.974689	0.97509	0.976018	0.97623	0.972137	0.969486	0.977773	0.980985	0.980133
16700	-1557.681	-1625.122	67.44141	0.9738	0.976999	0.974335	0.973489	0.9737	0.982022	0.982425	0.978307	0.977817	0.978749
16710	-1557.677	-1625.119	67.44141	0.965131	0.964649	0.965568	0.965964	0.961914	0.962123	0.970346	0.9677	0.96686	0.970036
16720	-1558.086	-1625.528	67.44141	0.956537	0.964713	0.963875	0.959834	0.962988	0.963905	0.961276	0.960796	0.961004	0.961399
16730	-1557.629	-1625.07	67.44141	0.970408	0.967762	0.970942	0.971152	0.970309	0.970707	0.979004	0.978515	0.974412	0.975341
16740	-1557.705	-1625.146	67.44141	0.97465	0.982981	0.97886	0.97801	0.978942	0.982158	0.981667	0.97899	0.979392	0.979604
16750	-1557.626	-1625.067	67.44141	0.969051	0.969449	0.969659	0.969174	0.966531	0.967452	0.970631	0.966561	0.965722	0.973976
16760	-1558.207	-1625.649	67.44141	0.954926	0.954449	0.954841	0.95575	0.955958	0.95195	0.949354	0.957468	0.960614	0.95978
16770	-1557.714	-1625.156	67.44141	0.97497	0.978174	0.975506	0.974659	0.97487	0.983203	0.983606	0.979483	0.978993	0.979926
16780	-1557.904	-1625.345	67.44141	0.979231	0.979444	0.979846	0.977173	0.976685	0.979894	0.980827	0.979975	0.975867	0.984208
16790	-1558.498	-1625.939	67.44141	0.986722	0.985865	0.989104	0.997559	0.994838	0.990667	0.990882	0.991826	0.992233	0.991737
16800	-1557.784	-1625.226	67.44141	0.961885	0.957852	0.958765	0.96696	0.966476	0.965637	0.966033	0.969207	0.969417	0.966774
16810	-1557.824	-1625.265	67.44141	0.96099	0.961906	0.957873	0.957394	0.965577	0.965973	0.965135	0.965344	0.968516	0.965874
16820	-1557.65	-1625.092	67.44141	0.96646	0.969636	0.968793	0.966151	0.974409	0.974621	0.970535	0.970933	0.971858	0.971372
16830	-1559.361	-1626.803	67.44141	0.993745	0.994152	0.993655	0.993871	0.994818	0.992105	0.987945	0.991191	0.999663	0.998795
16840	-1557.926	-1625.368	67.44141	0.959029	0.958197	0.966387	0.969562	0.965497	0.962864	0.963781	0.96399	0.963508	0.963904
16850	-1558.432	-1625.873	67.44141	0.986061	0.986274	0.983585	0.983989	0.987221	0.986728	0.985871	0.98681	0.995245	0.991072
16860	-1557.775	-1625.216	67.44141	0.962114	0.95808	0.966269	0.96719	0.96635	0.965867	0.96904	0.969438	0.966794	0.967004
16870	-1558.025	-1625.467	67.44141	0.957432	0.965616	0.964777	0.960732	0.963889	0.964807	0.962176	0.961695	0.961904	0.962298
16880	-1557.796	-1625.238	67.44141	0.977113	0.978044	0.973943	0.973456	0.981777	0.98218	0.981327	0.98154	0.984765	0.982079
16890	-1558.137	-1625.578	67.44141	0.98269	0.97857	0.986934	0.987874	0.987016	0.986523	0.989764	0.99017	0.98747	0.987684
16900	-1557.634	-1625.076	67.44141	0.971128	0.970285	0.978578	0.981793	0.977677	0.975011	0.97594	0.976152	0.975664	0.976064
16910	-1557.635	-1625.076	67.44141	0.967592	0.967108	0.968029	0.968427	0.964367	0.964576	0.97282	0.970167	0.969325	0.972509
16920	-1557.705	-1625.147	67.44141	0.974676	0.977878	0.977029	0.974364	0.982692	0.982906	0.978785	0.979187	0.980119	0.979629
16930	-1558.259	-1625.7	67.44141	0.98418	0.983325	0.99173	0.994989	0.990817	0.988115	0.989056	0.989271	0.988776	0.989182
16940	-1557.727	-1625.168	67.44141	0.975343	0.974496	0.977698	0.986054	0.983365	0.979243	0.979455	0.980388	0.98079	0.9803
16950	-1557.872	-1625.313	67.44141	0.960023	0.957405	0.957613	0.960759	0.961153	0.960319	0.959838	0.968042	0.968965	0.964902
16960	-1558.013	-1625.454	67.44141	0.95762	0.958532	0.954513	0.954036	0.96219	0.962585	0.961749	0.961958	0.965119	0.962487
16970	-1557.636	-1625.077	67.44141	0.97129	0.974481	0.973635	0.97098	0.979279	0.979491	0.975385	0.975785	0.976715	0.976227
16980	-1557.627	-1625.068	67.44141	0.968797	0.966155	0.969329	0.96954	0.968698	0.969095	0.977378	0.97689	0.972794	0.973721
16990	-1558.305	-1625.747	67.44141	0.953741	0.954133	0.953656	0.953863	0.954771	0.952168	0.948176	0.951291	0.959422	0.958589
17000	-1557.635	-1625.077	67.44141	0.971245	0.970401	0.978696	0.981911	0.977795	0.975128	0.976057	0.976269	0.975781	0.976181
17010	-1558.106	-1625.548	67.44141	0.956261	0.955431	0.95857	0.966763	0.964127	0.960085	0.960293	0.961208	0.961602	0.961122
17020	-1558.672	-1626.114	67.44141	0.949902	0.94592	0.946821	0.954913	0.954436	0.953607	0.953998	0.957133	0.95734	0.95473
17030	-1557.769	-1625.211	67.44141	0.962255	0.963172	0.96269	0.958654	0.959048	0.967245	0.967455	0.966615	0.963979	0.967146
17040	-1557.725	-1625.167	67.44141	0.963457	0.971692	0.970848	0.966778	0.969955	0.970879	0.968231	0.967747	0.967957	0.968354
17050	-1557.732	-1625.174	67.44141	0.963243	0.964161	0.963679	0.959639	0.960033	0.968238	0.968448	0.967607	0.964969	0.968139
17060	-1558.001	-1625.442	67.44141	0.957806	0.958199	0.95772	0.957928	0.958841	0.956226	0.952217	0.955346	0.963511	0.962674
17070	-1558.082	-1625.523	67.44141	0.956605	0.952594	0.960736	0.961651	0.960816	0.960336	0.963491	0.963887	0.961258	0.961466
17080	-1557.858	-1625.299	67.44141	0.978384	0.978785	0.978296	0.978508	0.97944	0.976769	0.972674	0.97587	0.984211	0.983356
17090	-1558.979	-1626.421	67.44141	0.99093	0.999399	0.998531	0.994345	0.997612	0.998563	0.995839	0.995341	0.995557	0.995966
17100	-1558.663	-1626.104	67.44141	0.949992	0.947401	0.950514	0.95072	0.949894	0.950284	0.958407	0.957927	0.953911	0.95482
17110	-1558.243	-1625.684	67.44141	0.983994	0.987227	0.984534	0.983679	0.983893	0.992302	0.99271	0.988548	0.988054	0.988995
17120	-1557.688	-1625.13	67.44141	0.974082	0.982407	0.981554	0.977439	0.980651	0.981585	0.978908	0.978418	0.978631	0.979032
17130	-1557.68	-1625.122	67.44141	0.965007	0.964169	0.967337	0.975605	0.972945	0.968866	0.969076	0.969999	0.970397	0.969912
17140	-1557.643	-1625.085	67.44141	0.966892	0.967102	0.967498	0.96486	0.964378	0.967546	0.968468	0.967627	0.96357	0.971806
17150	-1560.528	-1627.969	67.44141	0.936543	0.936927	0.936459	0.936662	0.937554	0.934998	0.931078	0.934137	0.942121	0.941303
17160	-1557.773	-1625.215	67.44141	0.97657	0.984917	0.980788	0.979936	0.98087	0.984093	0.983601	0.980918	0.981321	0.981534
17170	-1557.638	-1625.079	67.44141	0.97148	0.974672	0.973826	0.97117	0.979471	0.979683	0.975576	0.975977	0.976906	0.976418
17180	-1557.824	-1625.265	67.44141	0.960998	0.960518	0.961433	0.961827	0.957795	0.958003	0.966191	0.963556	0.962719	0.965882
17190	-1558.058	-1625.499	67.44141	0.981632	0.981141	0.982076	0.982479	0.97836	0.978572	0.986936	0.984245	0.98339	0.986621
17200	-1557.893	-1625.334	67.44141	0.979033	0.978183	0.981397	0.989785	0.987086	0.982948	0.983161	0.984097	0.984501	0.984009
17210	-1557.7	-1625.142	67.44141	0.964249	0.963411	0.971646	0.974838	0.970751	0.968104	0.969026	0.969236	0.968752	0.969149
17220	-1558.593	-1626.034	67.44141	0.95067	0.950194	0.9511	0.95149	0.947501	0.947706	0.955807	0.9532	0.952372	0.955501
17230	-1557.626	-1625.067	67.44141	0.969179	0.968337	0.976614	0.979822	0.975715	0.973054	0.973981	0.974192	0.973705	0.974104
17240	-1557.888	-1625.33	67.44141	0.959714	0.958881	0.967076	0.970254	0.966186	0.963551	0.964469	0.964678	0.964196	0.964592
17250	-1557.79	-1625.232	67.44141	0.961743	0.95912	0.962271	0.96248	0.961644	0.962039	0.970262	0.969777	0.965711	0.966631
17260	-1557.805	-1625.246	67.44141	0.961414	0.96233	0.958295	0.957816	0.966003	0.966399	0.96556	0.96577	0.968943	0.9663
17270	-1557.708	-1625.15	67.44141	0.963982	0.961353	0.964512	0.964721	0.963883	0.964279	0.972521	0.972034	0.967959	0.968881
17280	-1557.679	-1625.121	67.44141	0.965036	0.962404	0.962613	0.965775	0.966172	0.965333	0.96485	0.973097	0.974024	0.96994
17290	-1557.653	-1625.094	67.44141	0.972474	0.971988	0.972387	0.973313	0.973524	0.969443	0.966799	0.975063	0.978266	0.977417
17300	-1558.081	-1625.522	67.44141	0.956614	0.955784	0.958924	0.96712	0.964483	0.960439	0.960648	0.961563	0.961957	0.961476
17310	-1559.102	-1626.544	67.44141	0.946168	0.945346	0.948452	0.956559	0.95395	0.949951	0.950157	0.951062	0.951452	0.950977
17320	-1557.645	-1625.086	67.44141	0.971992	0.969341	0.972526	0.972737	0.971892	0.972291	0.980601	0.980111	0.976002	0.976932
17330	-1558.577	-1626.019	67.44141	0.950824	0.95103	0.95142	0.948826	0.948351	0.951467	0.952374	0.951547	0.947557	0.955656
17340	-1557.653	-1625.094	67.44141	0.966303	0.969478	0.966834	0.965995	0.966204	0.974463	0.974863	0.970776	0.97029	0.971215
17350	-1558.089	-1625.53	67.44141	0.98206	0.985286	0.982599	0.981746	0.981959	0.990352	0.990759	0.986605	0.986112	0.987051
17360	-1557.933	-1625.374	67.44141	0.979728	0.975621	0.983959	0.984897	0.984041	0.983549	0.986781	0.987186	0.984494	0.984707
17370	-1557.924	-1625.365	67.44141	0.979568	0.976897	0.977109	0.980319	0.980722	0.97987	0.97938	0.987751	0.988692	0.984547
17380	-1558.469	-1625.91	67.44141	0.951934	0.952325	0.952532	0.952055	0.949459	0.950363	0.953486	0.949489	0.948664	0.956772
17390	-1557.867	-1625.308	67.44141	0.960124	0.959644	0.960038	0.960952	0.961161	0.957131	0.954521	0.96268	0.965843	0.965004
17400	-1557.76	-1625.202	67.44141	0.962481	0.958446	0.966638	0.967559	0.966719	0.966235	0.96941	0.969808	0.967163	0.967373
17410	-1557.682	-1625.124	67.44141	0.97386	0.971204	0.974395	0.974606	0.97376	0.97416	0.982486	0.981995	0.977878	0.97881
17420	-1558.616	-1626.058	67.44141	0.987847	0.987353	0.987759	0.9887	0.988914	0.984768	0.982083	0.990477	0.993731	0.992868
17430	-1557.653	-1625.094	67.44141	0.966311	0.965472	0.968644	0.976923	0.974259	0.970175	0.970385	0.97131	0.971708	0.971222
17440	-1558.206	-1625.647	67.44141	0.983552	0.983766	0.981083	0.981485	0.98471	0.984218	0.983363	0.9843	0.992713	0.988551
17450	-1557.715	-1625.156	67.44141	0.96378	0.961151	0.964309	0.964518	0.963681	0.964076	0.972317	0.97183	0.967756	0.968678
17460	-1558.103	-1625.544	67.44141	0.982248	0.981395	0.989784	0.993036	0.988872	0.986176	0.987115	0.987329	0.986836	0.987241
17470	-1557.708	-1625.15	67.44141	0.963982	0.972221	0.968145	0.967304	0.968226	0.971407	0.970921	0.968274	0.968671	0.968881
17480	-1557.636	-1625.078	67.44141	0.971331	0.979633	0.975526	0.974679	0.975607	0.978813	0.978323	0.975655	0.976056	0.976268
17490	-1557.629	-1625.07	67.44141	0.970443	0.970653	0.971052	0.968404	0.96792	0.9711	0.972025	0.971181	0.967109	0.975375
17500	-1557.641	-1625.082	67.44141	0.971692	0.967619	0.975889	0.976819	0.97597	0.975483	0.978688	0.979089	0.976419	0.976631
17510	-1563.711	-1631.153	67.44141	0.921136	0.924163	0.921643	0.920842	0.921042	0.928914	0.929296	0.9254	0.924937	0.925818
17520	-1558.697	-1626.138	67.44141	0.988577	0.988083	0.988488	0.98943	0.989645	0.985496	0.982808	0.991209	0.994465	0.993602
17530	-1557.823	-1625.265	67.44141	0.977691	0.980903	0.978228	0.977378	0.97759	0.985946	0.986351	0.982216	0.981725	0.98266
17540	-1558.483	-1625.924	67.44141	0.986573	0.983883	0.987115	0.987329	0.986472	0.986877	0.995312	0.994814	0.990644	0.991587
17550	-1558.535	-1625.976	67.44141	0.987082	0.98439	0.984604	0.987839	0.988244	0.987386	0.986892	0.995327	0.996276	0.992099
17560	-1557.94	-1625.382	67.44141	0.979849	0.988224	0.984081	0.983227	0.984163	0.987397	0.986903	0.984212	0.984616	0.984829
17570	-1557.68	-1625.121	67.44141	0.965029	0.965948	0.965465	0.961417	0.961812	0.970033	0.970243	0.969401	0.966757	0.969933
17580	-1558.684	-1626.125	67.44141	0.988461	0.987966	0.988372	0.989313	0.989528	0.98538	0.982692	0.991092	0.994348	0.993484
17590	-1558.974	-1626.416	67.44141	0.947218	0.947424	0.947813	0.945228	0.944755	0.947859	0.948762	0.947938	0.943964	0.952033
17600	-1557.638	-1625.08	67.44141	0.971508	0.972433	0.968356	0.967872	0.976145	0.976546	0.975697	0.975909	0.979115	0.976445
17610	-1557.677	-1625.118	67.44141	0.965144	0.968315	0.965674	0.964836	0.965045	0.973294	0.973693	0.969611	0.969126	0.970049
17620	-1558.432	-1625.874	67.44141	0.952321	0.952712	0.952919	0.952442	0.949845	0.95075	0.953874	0.949875	0.94905	0.957161
17630	-1557.895	-1625.337	67.44141	0.959588	0.96274	0.960115	0.959281	0.959489	0.96769	0.968087	0.964029	0.963547	0.964465
17640	-1557.658	-1625.1	67.44141	0.965994	0.96336	0.966525	0.966735	0.965895	0.966292	0.974551	0.974063	0.96998	0.970904
17650	-1557.64	-1625.081	67.44141	0.96717	0.970348	0.969505	0.966861	0.975125	0.975336	0.971247	0.971646	0.972572	0.972085
17660	-1560.619	-1628.06	67.44141	0.936018	0.933466	0.933668	0.936736	0.93712	0.936306	0.935838	0.943837	0.944736	0.940776
17670	-1557.709	-1625.15	67.44141	0.97479	0.972132	0.972342	0.975537	0.975938	0.97509	0.974602	0.982933	0.983869	0.979744
17680	-1558.064	-1625.505	67.44141	0.981713	0.981926	0.982329	0.97965	0.97916	0.982377	0.983313	0.982459	0.97834	0.986702
17690	-1557.946	-1625.388	67.44141	0.979947	0.979096	0.982313	0.990709	0.988007	0.983865	0.984079	0.985016	0.985421	0.984928
17700	-1558.065	-1625.507	67.44141	0.956837	0.957749	0.953733	0.953257	0.961404	0.961799	0.960964	0.961172	0.96433	0.9617
17710	-1557.632	-1625.074	67.44141	0.970918	0.974108	0.973262	0.970608	0.978904	0.979116	0.975011	0.975411	0.976341	0.975853
17720	-1557.648	-1625.089	67.44141	0.966584	0.96698	0.96719	0.966707	0.96407	0.964989	0.968159	0.9641	0.963263	0.971496
17730	-1557.941	-1625.382	67.44141	0.979858	0.980791	0.980301	0.976191	0.976591	0.984939	0.985152	0.984297	0.981613	0.984838
17740	-1557.802	-1625.244	67.44141	0.961471	0.96463	0.962	0.961164	0.961373	0.96959	0.969988	0.965921	0.965438	0.966358
17750	-1557.74	-1625.182	67.44141	0.975719	0.975931	0.973269	0.973669	0.976868	0.976379	0.975531	0.976461	0.984807	0.980678
17760	-1557.682	-1625.123	67.44141	0.973832	0.973346	0.973745	0.974673	0.974884	0.970797	0.96815	0.976425	0.979633	0.978782
17770	-1558.079	-1625.52	67.44141	0.98192	0.981429	0.981832	0.982767	0.98298	0.978859	0.97619	0.984533	0.987768	0.98691
17780	-1557.932	-1625.373	67.44141	0.979707	0.980641	0.976529	0.976041	0.984384	0.984788	0.983932	0.984146	0.987379	0.984687
17790	-1557.818	-1625.259	67.44141	0.977579	0.973481	0.981801	0.982737	0.981883	0.981392	0.984617	0.985021	0.982334	0.982547
17800	-1557.941	-1625.383	67.44141	0.979865	0.979014	0.987382	0.990626	0.986473	0.983783	0.98472	0.984933	0.984441	0.984845
17810	-1557.655	-1625.096	67.44141	0.966199	0.966596	0.966113	0.966322	0.967243	0.964605	0.960561	0.963717	0.971954	0.97111
17820	-1558.264	-1625.705	67.44141	0.954231	0.954622	0.954145	0.954352	0.955261	0.952656	0.948662	0.951779	0.959914	0.959081
17830	-1557.798	-1625.24	67.44141	0.977151	0.973054	0.981371	0.982306	0.981453	0.980962	0.984185	0.984589	0.981904	0.982117
17840	-1558.392	-1625.833	67.44141	0.985642	0.985855	0.983167	0.98357	0.986802	0.986309	0.985452	0.986391	0.994822	0.990651
17850	-1557.645	-1625.086	67.44141	0.972012	0.969361	0.972546	0.972757	0.971912	0.972311	0.980621	0.980131	0.976022	0.976952
17860	-1557.752	-1625.194	67.44141	0.962691	0.965854	0.96322	0.962383	0.962592	0.970819	0.971218	0.967146	0.966663	0.967583
17870	-1557.707	-1625.148	67.44141	0.974729	0.975129	0.974641	0.974853	0.975781	0.97312	0.969041	0.972224	0.980534	0.979683
17880	-1558.002	-1625.443	67.44141	0.980819	0.981032	0.981434	0.978758	0.978269	0.981483	0.982418	0.981565	0.977449	0.985804
17890	-1558.006	-1625.448	67.44141	0.980886	0.981099	0.981501	0.978825	0.978335	0.98155	0.982485	0.981631	0.977516	0.985871
17900	-1557.86	-1625.301	67.44141	0.978424	0.981638	0.978961	0.978111	0.978323	0.986685	0.98709	0.982952	0.982461	0.983396
17910	-1557.644	-1625.085	67.44141	0.971944	0.972343	0.971857	0.972068	0.972994	0.97034	0.966272	0.969447	0.977733	0.976884
17920	-1557.8	-1625.242	67.44141	0.961511	0.95748	0.965664	0.966584	0.965745	0.965262	0.968433	0.968831	0.966189	0.966398
17930	-1557.916	-1625.357	67.44141	0.97944	0.979653	0.976981	0.977382	0.980593	0.980103	0.979252	0.980185	0.988563	0.984418
17940	-1557.639	-1625.08	67.44141	0.967266	0.966783	0.96718	0.968101	0.968311	0.964251	0.961622	0.969841	0.973028	0.972182
17950	-1557.664	-1625.105	67.44141	0.965727	0.965936	0.966332	0.963697	0.963215	0.96638	0.967301	0.966461	0.962409	0.970635
17960	-1557.659	-1625.1	67.44141	0.972809	0.970157	0.970367	0.973555	0.973955	0.973109	0.972622	0.980936	0.98187	0.977754
17970	-1557.632	-1625.073	67.44141	0.970855	0.968208	0.968418	0.9716	0.971998	0.971154	0.970669	0.978965	0.979898	0.97579
17980	-1558.91	-1626.351	67.44141	0.990377	0.987676	0.987891	0.991136	0.991543	0.990682	0.990187	0.99865	0.999602	0.995411
17990	-1558.434	-1625.875	67.44141	0.952303	0.95321	0.949214	0.94874	0.956849	0.957242	0.95641	0.956618	0.959761	0.957143
18000	-1557.72	-1625.162	67.44141	0.975153	0.974666	0.975594	0.975995	0.971903	0.972114	0.980423	0.977749	0.9769	0.980109
18010	-1559.951	-1627.392	67.44141	0.997529	0.998479	0.994293	0.993796	1.00229	1.0027	1.00183	1.00205	1.00534	1.0026
18020	-1557.665	-1625.107	67.44141	0.965659	0.973913	0.96983	0.968987	0.969911	0.973097	0.972611	0.969958	0.970356	0.970567
18030	-1559.5	-1626.941	67.44141	0.994687	0.997955	0.995233	0.994369	0.994585	1.00309	1.0035	0.99929	0.998791	0.999742
18040	-1557.742	-1625.184	67.44141	0.975774	0.976703	0.976215	0.972122	0.972521	0.980834	0.981047	0.980195	0.977522	0.980733
18050	-1558.639	-1626.08	67.44141	0.988054	0.996499	0.995634	0.99146	0.994717	0.995665	0.992949	0.992453	0.992668	0.993076
18060	-1557.676	-1625.118	67.44141	0.973605	0.981927	0.981074	0.976961	0.980171	0.981105	0.978429	0.97794	0.978152	0.978554
18070	-1558.001	-1625.442	67.44141	0.980799	0.981202	0.981415	0.980924	0.978249	0.979181	0.982398	0.978279	0.97743	0.985784
18080	-1557.67	-1625.112	67.44141	0.973361	0.970707	0.973896	0.974107	0.973262	0.973661	0.981983	0.981492	0.977377	0.978308
18090	-1560.541	-1627.983	67.44141	0.936465	0.939542	0.93698	0.936166	0.936369	0.944373	0.94476	0.940799	0.940329	0.941225
18100	-1557.639	-1625.08	67.44141	0.967233	0.96763	0.96784	0.967356	0.964718	0.965637	0.968809	0.964748	0.96391	0.972149
18110	-1557.626	-1625.067	67.44141	0.969272	0.969482	0.966839	0.967235	0.970413	0.969928	0.969086	0.970009	0.9783	0.974198
18120	-1557.676	-1625.117	67.44141	0.965191	0.964709	0.965628	0.966024	0.961974	0.962183	0.970407	0.96776	0.96692	0.970097
18130	-1557.65	-1625.091	67.44141	0.972301	0.971457	0.974649	0.982979	0.980299	0.976189	0.976401	0.977331	0.977732	0.977243
18140	-1557.91	-1625.351	67.44141	0.979331	0.982548	0.979869	0.979018	0.97923	0.9876	0.988005	0.983863	0.983371	0.984308
18150	-1559.213	-1626.655	67.44141	0.992696	1.00118	0.996984	0.996118	0.997067	1.00034	0.999843	0.997116	0.997525	0.997742
18160	-1559.915	-1627.356	67.44141	0.94032	0.943409	0.940836	0.940019	0.940223	0.948259	0.948649	0.944672	0.944199	0.945099
18170	-1557.626	-1625.067	67.44141	0.969084	0.966441	0.966651	0.969827	0.970225	0.969383	0.968898	0.977179	0.97811	0.97401
18180	-1559.988	-1627.429	67.44141	0.939846	0.940232	0.940436	0.939966	0.937403	0.938296	0.941378	0.937432	0.936618	0.944623
18190	-1558.475	-1625.917	67.44141	0.986496	0.98564	0.988878	0.99733	0.994611	0.990441	0.990656	0.991599	0.992006	0.99151
18200	-1557.664	-1625.106	67.44141	0.973071	0.976268	0.97542	0.97276	0.981074	0.981287	0.977173	0.977574	0.978505	0.978016
18210	-1557.63	-1625.071	67.44141	0.970608	0.971006	0.970521	0.970731	0.971656	0.969006	0.964944	0.968114	0.976389	0.975541
18220	-1559.183	-1626.624	67.44141	0.945528	0.941564	0.942461	0.950516	0.950041	0.949216	0.949606	0.952726	0.952932	0.950333
18230	-1559.127	-1626.569	67.44141	0.945967	0.945145	0.94825	0.956355	0.953747	0.949749	0.949955	0.95086	0.95125	0.950774
18240	-1557.63	-1625.071	67.44141	0.970609	0.969766	0.972952	0.981269	0.978593	0.97449	0.974701	0.97563	0.97603	0.975542
18250	-1557.706	-1625.147	67.44141	0.964072	0.964281	0.961652	0.962046	0.965207	0.964725	0.963887	0.964805	0.973051	0.968972
18260	-1557.979	-1625.421	67.44141	0.980468	0.98369	0.981007	0.980155	0.980368	0.988747	0.989153	0.985006	0.984514	0.985452
18270	-1558.359	-1625.8	67.44141	0.953127	0.953333	0.950733	0.951124	0.954249	0.953772	0.952943	0.953851	0.962004	0.957971
18280	-1557.72	-1625.161	67.44141	0.963618	0.964536	0.960492	0.960012	0.968217	0.968615	0.967773	0.967983	0.971164	0.968515
18290	-1557.631	-1625.072	67.44141	0.968018	0.971198	0.96855	0.967709	0.967919	0.976192	0.976592	0.972498	0.972012	0.972938
18300	-1557.697	-1625.138	67.44141	0.964368	0.961738	0.961947	0.965107	0.965504	0.964665	0.964183	0.972424	0.97335	0.96927
18310	-1557.628	-1625.07	67.44141	0.970335	0.978629	0.977779	0.97368	0.976879	0.977809	0.975143	0.974655	0.974866	0.975267
18320	-1557.638	-1625.08	67.44141	0.971523	0.970679	0.973868	0.982192	0.979514	0.975407	0.975619	0.976548	0.976949	0.976461
18330	-1558.698	-1626.139	67.44141	0.949663	0.945682	0.946582	0.954673	0.954196	0.953367	0.953758	0.956892	0.9571	0.95449
18340	-1557.687	-1625.128	67.44141	0.974027	0.973181	0.981499	0.984724	0.980595	0.977921	0.978853	0.979065	0.978575	0.978977
18350	-1557.676	-1625.118	67.44141	0.965157	0.966077	0.965594	0.961545	0.96194	0.970162	0.970373	0.96953	0.966886	0.970063
18360	-1557.684	-1625.126	67.44141	0.964838	0.965234	0.964752	0.964961	0.96588	0.963246	0.959208	0.962359	0.970585	0.969742
18370	-1557.652	-1625.093	67.44141	0.966347	0.962296	0.963212	0.971445	0.97096	0.970116	0.970514	0.973703	0.973914	0.971258
18380	-1557.628	-1625.069	67.44141	0.970291	0.967645	0.970824	0.971034	0.970191	0.970589	0.978885	0.978396	0.974294	0.975222
18390	-1557.749	-1625.191	67.44141	0.962775	0.971005	0.966934	0.966094	0.967014	0.970192	0.969706	0.967062	0.967459	0.967669
18400	-1557.761	-1625.202	67.44141	0.962473	0.962869	0.962387	0.962596	0.963513	0.960885	0.956857	0.960001	0.968206	0.967365
18410	-1557.662	-1625.103	67.44141	0.965816	0.964977	0.973225	0.976423	0.972329	0.969678	0.970602	0.970812	0.970327	0.970725
18420	-1557.734	-1625.175	67.44141	0.963206	0.971439	0.970596	0.966527	0.969702	0.970626	0.967979	0.967495	0.967705	0.968102
18430	-1557.753	-1625.194	67.44141	0.962673	0.961837	0.964997	0.973246	0.970591	0.966522	0.966732	0.967653	0.96805	0.967566
18440	-1558.283	-1625.724	67.44141	0.954007	0.953178	0.961325	0.964484	0.96044	0.957821	0.958734	0.958942	0.958462	0.958856
18450	-1558.085	-1625.527	67.44141	0.982009	0.981156	0.989543	0.992794	0.988632	0.985936	0.986875	0.987089	0.986595	0.987
18460	-1557.879	-1625.32	67.44141	0.959892	0.959412	0.960326	0.96072	0.956692	0.9569	0.965079	0.962447	0.961611	0.96477
18470	-1557.951	-1625.392	67.44141	0.958616	0.957784	0.96597	0.969144	0.965081	0.962449	0.963366	0.963575	0.963093	0.963489
18480	-1557.985	-1625.426	67.44141	0.980559	0.983781	0.981098	0.980246	0.980458	0.988839	0.989244	0.985097	0.984605	0.985543
18490	-1559.048	-1626.489	67.44141	0.946609	0.9547	0.950698	0.949872	0.950777	0.953901	0.953424	0.950824	0.951214	0.951421
18500	-1557.641	-1625.082	67.44141	0.967093	0.975359	0.974512	0.970426	0.973614	0.974542	0.971884	0.971398	0.971609	0.972008
18510	-1557.872	-1625.313	67.44141	0.960022	0.968228	0.967387	0.963331	0.966496	0.967417	0.964779	0.964296	0.964505	0.964901
18520	-1557.705	-1625.146	67.44141	0.974657	0.974868	0.97221	0.972609	0.975804	0.975316	0.974469	0.975398	0.983735	0.97961
18530	-1558.125	-1625.567	67.44141	0.982541	0.979862	0.983081	0.983294	0.98244	0.982844	0.991244	0.990749	0.986595	0.987535
18540	-1559.441	-1626.883	67.44141	0.994293	0.991582	0.994839	0.995055	0.994191	0.994599	1.0031	1.0026	0.998395	0.999347
18550	-1557.67	-1625.112	67.44141	0.965427	0.964589	0.967758	0.97603	0.973368	0.969287	0.969498	0.970421	0.970819	0.970334
18560	-1557.66	-1625.102	67.44141	0.972895	0.972409	0.973335	0.973735	0.969652	0.969863	0.978152	0.975485	0.974638	0.97784
18570	-1557.756	-1625.197	67.44141	0.97614	0.973478	0.973689	0.976889	0.97729	0.976441	0.975953	0.984294	0.985232	0.981102
18580	-1557.928	-1625.37	67.44141	0.97965	0.978799	0.987166	0.990409	0.986257	0.983567	0.984504	0.984718	0.984225	0.984629
18590	-1557.889	-1625.331	67.44141	0.978972	0.982188	0.981335	0.978659	0.987024	0.987238	0.983099	0.983502	0.984439	0.983947
18600	-1557.677	-1625.119	67.44141	0.965128	0.965337	0.965734	0.9631	0.962618	0.965781	0.966701	0.965862	0.961812	0.970033
18610	-1557.748	-1625.19	67.44141	0.975936	0.976866	0.976377	0.972284	0.972683	0.980997	0.98121	0.980358	0.977684	0.980896
18620	-1557.768	-1625.21	67.44141	0.962273	0.963189	0.962708	0.958672	0.959065	0.967263	0.967472	0.966632	0.963996	0.967163
18630	-1557.629	-1625.07	67.44141	0.968317	0.969239	0.965176	0.964693	0.972939	0.973338	0.972493	0.972704	0.9759	0.973238
18640	-1558.913	-1626.355	67.44141	0.947736	0.946913	0.950024	0.958144	0.955531	0.951525	0.951731	0.952638	0.953029	0.952553
18650	-1557.92	-1625.361	67.44141	0.959149	0.967347	0.963291	0.962455	0.963372	0.966537	0.966054	0.963419	0.963814	0.964024
18660	-1557.758	-1625.199	67.44141	0.976193	0.977123	0.973027	0.97254	0.980853	0.981256	0.980403	0.980616	0.983838	0.981155
18670	-1557.627	-1625.069	67.44141	0.968656	0.976936	0.976087	0.971995	0.975189	0.976118	0.973456	0.972969	0.97318	0.973579
18680	-1557.769	-1625.21	67.44141	0.97647	0.975622	0.978827	0.987193	0.984501	0.980374	0.980586	0.981521	0.981923	0.981433
18690	-1557.694	-1625.135	67.44141	0.964494	0.961864	0.965024	0.965233	0.964395	0.964791	0.973037	0.972551	0.968473	0.969396
18700	-1557.65	-1625.091	67.44141	0.972308	0.971822	0.972748	0.973147	0.969067	0.969277	0.977562	0.974896	0.97405	0.97725
18710	-1557.663	-1625.104	67.44141	0.965784	0.965301	0.96622	0.966617	0.962565	0.962773	0.971002	0.968354	0.967513	0.970692
18720	-1557.632	-1625.073	67.44141	0.967908	0.967424	0.968346	0.968743	0.964682	0.964891	0.973138	0.970484	0.969642	0.972827
18730	-1557.626	-1625.068	67.44141	0.968882	0.96624	0.966449	0.969625	0.970022	0.96918	0.968695	0.976975	0.977906	0.973806
18740	-1557.674	-1625.115	67.44141	0.973505	0.974432	0.973945	0.969862	0.97026	0.978553	0.978765	0.977915	0.975248	0.978453
18750	-1557.932	-1625.373	67.44141	0.958932	0.958453	0.958846	0.95976	0.959968	0.955943	0.953336	0.961485	0.964644	0.963806
18760	-1557.627	-1625.069	67.44141	0.968603	0.964543	0.972787	0.973714	0.972868	0.972382	0.975576	0.975977	0.973315	0.973526
18770	-1557.653	-1625.094	67.44141	0.972475	0.972686	0.973086	0.970432	0.969947	0.973134	0.974061	0.973215	0.969135	0.977418
18780	-1557.755	-1625.196	67.44141	0.962623	0.961786	0.964946	0.973194	0.97054	0.966471	0.966681	0.967602	0.967999	0.967515
18790	-1558.457	-1625.899	67.44141	0.986316	0.982181	0.990576	0.991519	0.990658	0.990163	0.993416	0.993824	0.991114	0.991328
18800	-1557.638	-1625.079	67.44141	0.967342	0.964704	0.967873	0.968083	0.967243	0.967639	0.97591	0.975422	0.971333	0.972258
18810	-1557.989	-1625.431	67.44141	0.980624	0.981026	0.980536	0.980749	0.981683	0.979006	0.974901	0.978104	0.986465	0.985608
18820	-1557.7	-1625.142	67.44141	0.964251	0.961622	0.964781	0.96499	0.964152	0.964548	0.972792	0.972306	0.96823	0.969152
18830	-1558.075	-1625.516	67.44141	0.981866	0.985092	0.984236	0.981552	0.989942	0.990157	0.986005	0.98641	0.98735	0.986856
18840	-1558.59	-1626.031	67.44141	0.950703	0.949877	0.952998	0.961144	0.958522	0.954504	0.954711	0.95562	0.956013	0.955535
18850	-1557.909	-1625.351	67.44141	0.959334	0.956718	0.959861	0.96007	0.959236	0.959629	0.967832	0.967348	0.963292	0.96421
18860	-1557.643	-1625.084	67.44141	0.96695	0.964313	0.967481	0.967691	0.966851	0.967247	0.975515	0.975027	0.970939	0.971864
18870	-1557.626	-1625.067	67.44141	0.969714	0.969229	0.970152	0.970551	0.966482	0.966691	0.974954	0.972295	0.971451	0.974643
18880	-1557.629	-1625.07	67.44141	0.968344	0.969267	0.968782	0.964721	0.965117	0.973366	0.973577	0.972731	0.970079	0.973266
18890	-1557.626	-1625.067	67.44141	0.969424	0.968939	0.969862	0.97026	0.966193	0.966402	0.974663	0.972005	0.97116	0.974351
18900	-1557.965	-1625.406	67.44141	0.958379	0.955765	0.955973	0.959113	0.959507	0.958674	0.958195	0.966385	0.967305	0.96325
18910	-1558.662	-1626.103	67.44141	0.988263	0.985568	0.985781	0.98902	0.989426	0.988567	0.988073	0.996518	0.997467	0.993286
18920	-1557.647	-1625.088	67.44141	0.972115	0.980424	0.976314	0.975466	0.976395	0.979603	0.979113	0.976443	0.976844	0.977056
18930	-1558.497	-1625.938	67.44141	0.951639	0.949043	0.952161	0.952368	0.951541	0.951931	0.960068	0.959588	0.955565	0.956475
18940	-1557.66	-1625.101	67.44141	0.972867	0.973078	0.973478	0.970823	0.970338	0.973526	0.974453	0.973607	0.969525	0.977812
18950	-1558.337	-1625.778	67.44141	0.953375	0.952547	0.960689	0.963845	0.959805	0.957187	0.958099	0.958307	0.957828	0.958221
18960	-1558.026	-1625.467	67.44141	0.957425	0.953412	0.95432	0.962477	0.961995	0.96116	0.961554	0.964714	0.964923	0.962292
18970	-1558.773	-1626.215	67.44141	0.989243	0.985095	0.986034	0.994462	0.993964	0.993101	0.993509	0.996773	0.996989	0.99427
18980	-1557.626	-1625.067	67.44141	0.969658	0.977946	0.973846	0.973	0.973927	0.977127	0.976638	0.973975	0.974375	0.974586
18990	-1558.538	-1625.98	67.44141	0.951216	0.951422	0.948827	0.949217	0.952336	0.951859	0.951033	0.951939	0.960075	0.95605
19000	-1557.82	-1625.262	67.44141	0.977629	0.977841	0.975175	0.975575	0.97878	0.978291	0.977441	0.978372	0.986735	0.982598
19010	-1557.746	-1625.187	67.44141	0.975874	0.976803	0.976315	0.972222	0.972621	0.980934	0.981147	0.980295	0.977622	0.980834
19020	-1557.684	-1625.125	67.44141	0.964866	0.973113	0.972268	0.968192	0.971373	0.972299	0.969647	0.969162	0.969372	0.96977
19030	-1558.388	-1625.83	67.44141	0.9528	0.953191	0.953398	0.952921	0.950323	0.951228	0.954353	0.950352	0.949527	0.957643
19040	-1558.157	-1625.598	67.44141	0.982946	0.982454	0.98339	0.983794	0.979669	0.979882	0.988257	0.985562	0.984706	0.987942
19050	-1559.073	-1626.514	67.44141	0.946405	0.94661	0.946999	0.944416	0.943944	0.947045	0.947947	0.947124	0.943153	0.951215
19060	-1557.626	-1625.067	67.44141	0.96917	0.969381	0.966737	0.967134	0.970311	0.969826	0.968984	0.969907	0.978197	0.974096
19070	-1557.815	-1625.257	67.44141	0.961182	0.96434	0.96171	0.960874	0.961083	0.969298	0.969695	0.96563	0.965147	0.966067
19080	-1557.737	-1625.179	67.44141	0.963105	0.962624	0.963541	0.963936	0.959895	0.960103	0.968309	0.965669	0.96483	0.968
19090	-1557.915	-1625.356	67.44141	0.979414	0.978924	0.979326	0.980259	0.980472	0.976361	0.973699	0.982021	0.985248	0.984392
19100	-1559.863	-1627.304	67.44141	0.940661	0.948701	0.947877	0.943903	0.947004	0.947906	0.945321	0.944849	0.945054	0.945442
19110	-1557.628	-1625.069	67.44141	0.968528	0.968738	0.966096	0.966493	0.969668	0.969184	0.968342	0.969264	0.977549	0.973451
19120	-1557.789	-1625.23	67.44141	0.961776	0.962171	0.96238	0.961899	0.959276	0.960189	0.963344	0.959305	0.958472	0.966665
19130	-1557.642	-1625.083	67.44141	0.966991	0.975256	0.971167	0.970324	0.971248	0.974439	0.973952	0.971296	0.971695	0.971905
19140	-1558.462	-1625.903	67.44141	0.952006	0.960143	0.956118	0.955288	0.956198	0.959339	0.95886	0.956245	0.956637	0.956845
19150	-1558.579	-1626.021	67.44141	0.950804	0.951011	0.948417	0.948806	0.951924	0.951448	0.950621	0.951527	0.95966	0.955637
19160	-1557.64	-1625.081	67.44141	0.971645	0.972571	0.972085	0.968009	0.968406	0.976684	0.976896	0.976047	0.973385	0.976584
19170	-1557.76	-1625.201	67.44141	0.976239	0.975751	0.976152	0.977081	0.977293	0.973196	0.970542	0.978838	0.982054	0.981201
19180	-1558.753	-1626.194	67.44141	0.989064	0.990007	0.989512	0.985363	0.985768	0.994193	0.994409	0.993545	0.990836	0.994091
19190	-1557.688	-1625.13	67.44141	0.974077	0.97359	0.97399	0.974918	0.975129	0.971041	0.968393	0.97667	0.979879	0.979028
19200	-1557.738	-1625.179	67.44141	0.963085	0.964003	0.963521	0.959481	0.959875	0.968079	0.968289	0.967448	0.96481	0.96798
19210	-1558.529	-1625.97	67.44141	0.95131	0.948716	0.948922	0.95204	0.95243	0.951603	0.951127	0.959257	0.960171	0.956145
19220	-1557.646	-1625.087	67.44141	0.97207	0.971584	0.97251	0.972909	0.96883	0.96904	0.977323	0.974658	0.973811	0.977011
19230	-1558.213	-1625.655	67.44141	0.983645	0.979521	0.980454	0.988835	0.98834	0.987482	0.987887	0.991133	0.991348	0.988644
19240	-1558.079	-1625.52	67.44141	0.981924	0.982137	0.979459	0.979861	0.98308	0.982589	0.981735	0.982671	0.99107	0.986915
19250	-1557.776	-1625.217	67.44141	0.976634	0.973971	0.977171	0.977383	0.976534	0.976935	0.985285	0.984792	0.980663	0.981598
19260	-1557.762	-1625.203	67.44141	0.976289	0.979497	0.978646	0.975977	0.984319	0.984533	0.980405	0.980808	0.981742	0.981251
19270	-1558.88	-1626.321	67.44141	0.990132	0.985981	0.994408	0.995355	0.994491	0.993994	0.997259	0.997669	0.994948	0.995164
19280	-1557.628	-1625.069	67.44141	0.970322	0.971246	0.967175	0.966691	0.974954	0.975354	0.974507	0.974718	0.977921	0.975254
19290	-1557.627	-1625.068	67.44141	0.968729	0.977009	0.97616	0.972068	0.975262	0.976191	0.973528	0.973042	0.973253	0.973652
19300	-1557.783	-1625.224	67.44141	0.961917	0.962126	0.962521	0.959896	0.959416	0.962568	0.963485	0.962648	0.958612	0.966806
19310	-1557.725	-1625.166	67.44141	0.975292	0.974445	0.982774	0.986003	0.981869	0.979191	0.980124	0.980337	0.979847	0.980249
19320	-1557.83	-1625.271	67.44141	0.960865	0.958245	0.961393	0.961602	0.960767	0.961161	0.969376	0.968892	0.96483	0.965749
19330	-1557.971	-1625.412	67.44141	0.980338	0.979487	0.982705	0.991104	0.988401	0.984258	0.984471	0.985409	0.985813	0.985321
19340	-1558.455	-1625.897	67.44141	0.952074	0.952981	0.952504	0.948511	0.9489	0.957011	0.957218	0.956387	0.953779	0.956913
19350	-1557.669	-1625.111	67.44141	0.973314	0.972827	0.973227	0.974154	0.974365	0.97028	0.967634	0.975905	0.979111	0.978261
19360	-1558.019	-1625.461	67.44141	0.957523	0.954911	0.955119	0.958257	0.95865	0.957817	0.957339	0.965521	0.966441	0.962389
19370	-1557.715	-1625.156	67.44141	0.974989	0.97233	0.972541	0.975737	0.976137	0.975289	0.974802	0.983134	0.98407	0.979945
19380	-1557.631	-1625.072	67.44141	0.970744	0.968097	0.968307	0.971488	0.971887	0.971043	0.970557	0.978853	0.979785	0.975678
19390	-1557.678	-1625.119	67.44141	0.965106	0.966025	0.965542	0.961494	0.961889	0.970111	0.970321	0.969478	0.966835	0.970011
19400	-1558.101	-1625.543	67.44141	0.982226	0.981373	0.984597	0.993013	0.990305	0.986153	0.986367	0.987306	0.987712	0.987218
19410	-1557.628	-1625.069	67.44141	0.970221	0.966154	0.967074	0.97534	0.974852	0.974006	0.974405	0.977607	0.977819	0.975152
19420	-1558.857	-1626.298	67.44141	0.948224	0.9474	0.950513	0.958637	0.956023	0.952015	0.952222	0.953129	0.95352	0.953043
19430	-1557.665	-1625.107	67.44141	0.965648	0.966568	0.962515	0.962034	0.970257	0.970655	0.969812	0.970023	0.97321	0.970556
19440	-1557.634	-1625.075	67.44141	0.967711	0.965072	0.965282	0.968453	0.968851	0.968009	0.967525	0.975795	0.976725	0.97263
19450	-1557.626	-1625.067	67.44141	0.969199	0.968357	0.971539	0.979843	0.977171	0.973074	0.973285	0.974212	0.974612	0.974125
19460	-1558.495	-1625.936	67.44141	0.986691	0.987096	0.986602	0.986816	0.987756	0.985063	0.980933	0.984156	0.992568	0.991706
19470	-1558.596	-1626.038	67.44141	0.950637	0.958762	0.95793	0.953913	0.957048	0.957959	0.955347	0.954869	0.955076	0.955468
19480	-1557.958	-1625.399	67.44141	0.980129	0.97602	0.984363	0.9853	0.984445	0.983953	0.987185	0.98759	0.984897	0.985111
19490	-1557.74	-1625.181	67.44141	0.963028	0.963237	0.963633	0.961005	0.960524	0.96368	0.964598	0.96376	0.95972	0.967923
19500	-1557.997	-1625.438	67.44141	0.980741	0.983963	0.983108	0.980427	0.988807	0.989022	0.984875	0.98528	0.986218	0.985725
19510	-1557.74	-1625.182	67.44141	0.975722	0.978928	0.978077	0.97541	0.983747	0.983961	0.979836	0.980238	0.981172	0.980681
19520	-1557.844	-1625.285	67.44141	0.960576	0.960095	0.96101	0.961404	0.957374	0.957582	0.965766	0.963133	0.962296	0.965458
19530	-1557.645	-1625.087	67.44141	0.966763	0.964126	0.964335	0.967504	0.967901	0.96706	0.966577	0.974838	0.975767	0.971676
19540	-1557.769	-1625.211	67.44141	0.962256	0.958221	0.959134	0.967332	0.966849	0.966009	0.966405	0.969581	0.969791	0.967146
19550	-1557.64	-1625.081	67.44141	0.971649	0.968999	0.96921	0.972394	0.972793	0.971948	0.971462	0.979766	0.980699	0.976588
19560	-1557.626	-1625.068	67.44141	0.969859	0.970257	0.969772	0.969983	0.970907	0.968259	0.9642	0.967368	0.975636	0.974789
19570	-1557.698	-1625.139	67.44141	0.974426	0.977628	0.974961	0.974115	0.974326	0.982654	0.983057	0.978936	0.978446	0.979379
19580	-1557.626	-1625.067	67.44141	0.969238	0.966595	0.96977	0.969981	0.969138	0.969536	0.977823	0.977334	0.973237	0.974164
19590	-1557.627	-1625.069	67.44141	0.970175	0.969332	0.977617	0.980829	0.976717	0.974054	0.974982	0.975193	0.974706	0.975106
19600	-1557.869	-1625.31	67.44141	0.960081	0.960996	0.956967	0.956489	0.964664	0.96506	0.964222	0.964431	0.9676	0.964961
19610	-1558.666	-1626.107	67.44141	0.988296	0.991544	0.98884	0.987981	0.988195	0.996642	0.997051	0.992871	0.992374	0.99332
19620	-1557.702	-1625.143	67.44141	0.974563	0.973717	0.976916	0.985266	0.982579	0.97846	0.978672	0.979604	0.980006	0.979516
19630	-1557.992	-1625.434	67.44141	0.957942	0.958854	0.954834	0.954357	0.962514	0.962909	0.962073	0.962282	0.965443	0.96281
19640	-1558.183	-1625.624	67.44141	0.983269	0.982415	0.990812	0.994067	0.9899	0.9872	0.988141	0.988355	0.987861	0.988266
19650	-1558.33	-1625.771	67.44141	0.953457	0.953663	0.954055	0.951453	0.950977	0.954102	0.955011	0.954181	0.950181	0.958302
19660	-1557.747	-1625.188	67.44141	0.962836	0.958799	0.959713	0.967916	0.967432	0.966591	0.966988	0.970165	0.970376	0.967729
19670	-1557.797	-1625.238	67.44141	0.977119	0.973022	0.973949	0.982274	0.981783	0.98093	0.981333	0.984557	0.98477	0.982085
19680	-1557.7	-1625.141	67.44141	0.9745	0.977702	0.976853	0.974189	0.982515	0.982728	0.978608	0.97901	0.979943	0.979453
19690	-1558.054	-1625.496	67.44141	0.957001	0.954391	0.954598	0.957735	0.958128	0.957296	0.956817	0.964995	0.965915	0.961865
19700	-1557.805	-1625.246	67.44141	0.977299	0.9777	0.977912	0.977423	0.974758	0.975686	0.978892	0.974788	0.973941	0.982266
19710	-1558.754	-1626.195	67.44141	0.949148	0.95726	0.953247	0.952419	0.953327	0.956459	0.955981	0.953374	0.953765	0.953972
19720	-1557.691	-1625.132	67.44141	0.964584	0.964794	0.96519	0.962557	0.962076	0.965237	0.966157	0.965318	0.961271	0.969487
19730	-1557.886	-1625.328	67.44141	0.978917	0.978067	0.986427	0.989668	0.985519	0.982831	0.983767	0.983981	0.983489	0.983892
19740	-1557.887	-1625.328	67.44141	0.959744	0.955721	0.956631	0.964808	0.964325	0.963488	0.963883	0.96705	0.96726	0.964622
19750	-1557.715	-1625.157	67.44141	0.963754	0.963963	0.961334	0.961729	0.964889	0.964406	0.963569	0.964487	0.972731	0.968653
19760	-1557.633	-1625.074	67.44141	0.970993	0.966923	0.967844	0.976116	0.975628	0.974781	0.975181	0.978385	0.978597	0.975928
19770	-1558.579	-1626.02	67.44141	0.987497	0.984804	0.98804	0.988254	0.987396	0.987801	0.996244	0.995746	0.991571	0.992516
19780	-1557.924	-1625.365	67.44141	0.979573	0.976901	0.980111	0.980324	0.979472	0.979874	0.98825	0.987755	0.983614	0.984551
19790	-1558.115	-1625.557	67.44141	0.982414	0.982627	0.98303	0.980349	0.979859	0.983078	0.984015	0.98316	0.979039	0.987407
19800	-1559.704	-1627.145	67.44141	0.941726	0.940908	0.944	0.952068	0.949472	0.945491	0.945697	0.946597	0.946986	0.946512
19810	-1557.895	-1625.336	67.44141	0.979064	0.978214	0.981428	0.989816	0.987117	0.982979	0.983192	0.984128	0.984532	0.98404
19820	-1557.981	-1625.422	67.44141	0.958124	0.955511	0.955719	0.958859	0.959252	0.958419	0.95794	0.966128	0.967048	0.962994
19830	-1557.632	-1625.074	67.44141	0.967857	0.971037	0.968389	0.967548	0.967758	0.97603	0.97643	0.972337	0.971851	0.972776
19840	-1558.149	-1625.591	67.44141	0.955679	0.954849	0.96301	0.966174	0.962124	0.9595	0.960414	0.960622	0.960142	0.960536
19850	-1559.452	-1626.894	67.44141	0.994366	1.00287	0.998661	0.997794	0.998744	1.00203	1.00152	0.998793	0.999203	0.99942
19860	-1557.681	-1625.122	67.44141	0.964982	0.960936	0.961852	0.970073	0.969588	0.968746	0.969143	0.972327	0.972538	0.969886
19870	-1559.722	-1627.163	67.44141	0.941605	0.941992	0.941521	0.941725	0.942622	0.940051	0.93611	0.939186	0.947214	0.946391
19880	-1557.688	-1625.13	67.44141	0.964691	0.965087	0.964605	0.964814	0.965733	0.963099	0.959062	0.962213	0.970437	0.969594
19890	-1557.635	-1625.077	67.44141	0.971252	0.970766	0.971691	0.97209	0.968014	0.968224	0.9765	0.973837	0.972991	0.976188
19900	-1558.94	-1626.382	67.44141	0.99062	0.986467	0.994899	0.995847	0.994982	0.994484	0.997752	0.998161	0.995439	0.995655
19910	-1558.578	-1626.02	67.44141	0.950814	0.949988	0.953109	0.961256	0.958634	0.954615	0.954822	0.955732	0.956124	0.955646
19920	-1558.012	-1625.453	67.44141	0.95764	0.953625	0.954533	0.962692	0.962211	0.961375	0.96177	0.96493	0.965139	0.962507
19930	-1557.665	-1625.107	67.44141	0.973132	0.973343	0.970689	0.971087	0.974277	0.97379	0.972945	0.973871	0.982195	0.978078
19940	-1557.782	-1625.224	67.44141	0.961929	0.962845	0.962364	0.958329	0.958723	0.966917	0.967127	0.966287	0.963652	0.966818
19950	-1557.647	-1625.088	67.44141	0.966678	0.974941	0.974094	0.97001	0.973197	0.974124	0.971468	0.970982	0.971193	0.971591
19960	-1557.63	-1625.071	67.44141	0.968182	0.967698	0.96862	0.969017	0.964955	0.965164	0.973414	0.970759	0.969916	0.973103
19970	-1558.35	-1625.791	67.44141	0.953229	0.95362	0.953143	0.95335	0.954258	0.951656	0.947666	0.95078	0.958907	0.958074
19980	-1558.116	-1625.558	67.44141	0.982427	0.98283	0.983043	0.982552	0.979872	0.980806	0.984028	0.979903	0.979052	0.98742
19990	-1557.83	-1625.271	67.44141	0.960874	0.960393	0.960788	0.961703	0.961911	0.957879	0.955267	0.963432	0.966597	0.965757
20000	-1558.161	-1625.603	67.44141	0.955521	0.956431	0.952422	0.951946	0.960082	0.960476	0.959642	0.95985	0.963004	0.960378
20010	-1558.79	-1626.232	67.44141	0.948813	0.949717	0.945735	0.945262	0.953342	0.953733	0.952905	0.953111	0.956243	0.953635
20020	-1558.427	-1625.868	67.44141	0.952378	0.955507	0.954677	0.952073	0.960211	0.960419	0.956393	0.956785	0.957697	0.957218
20030	-1557.883	-1625.325	67.44141	0.978863	0.976194	0.979401	0.979613	0.978763	0.979164	0.987534	0.98704	0.982902	0.983838
20040	-1558.485	-1625.927	67.44141	0.986595	0.982459	0.990857	0.991801	0.990939	0.990444	0.993698	0.994106	0.991395	0.99161
20050	-1558.017	-1625.458	67.44141	0.981039	0.981442	0.980951	0.981164	0.982099	0.97942	0.975314	0.978519	0.986882	0.986025
20060	-1557.854	-1625.295	67.44141	0.960378	0.968587	0.964526	0.963688	0.964606	0.967776	0.967292	0.964654	0.96505	0.965259
20070	-1557.627	-1625.068	67.44141	0.968724	0.964663	0.972908	0.973835	0.972989	0.972503	0.975698	0.976098	0.973437	0.973648
20080	-1557.856	-1625.297	67.44141	0.960338	0.959504	0.967705	0.970885	0.966814	0.964178	0.965096	0.965306	0.964823	0.965219
20090	-1557.939	-1625.38	67.44141	0.979825	0.9882	0.984057	0.983203	0.984139	0.987373	0.986879	0.984188	0.984592	0.984805
20100	-1557.65	-1625.091	67.44141	0.96648	0.974741	0.973895	0.969812	0.972998	0.973925	0.971269	0.970783	0.970994	0.971392
20110	-1557.857	-1625.299	67.44141	0.978373	0.977884	0.978815	0.979217	0.975112	0.975323	0.98366	0.980977	0.980125	0.983345
20120	-1558.017	-1625.459	67.44141	0.981046	0.981449	0.980958	0.981171	0.982105	0.979427	0.975321	0.978525	0.986889	0.986032
20130	-1559.266	-1626.707	67.44141	0.944887	0.945092	0.94548	0.942902	0.94243	0.945527	0.946427	0.945605	0.941641	0.94969
20140	-1559.528	-1626.97	67.44141	0.942951	0.943155	0.943542	0.940969	0.940499	0.943589	0.944488	0.943667	0.939711	0.947743
20150	-1557.676	-1625.117	67.44141	0.965176	0.968347	0.967506	0.964867	0.973114	0.973326	0.969245	0.969643	0.970566	0.970081
20160	-1558.162	-1625.604	67.44141	0.955505	0.956416	0.952406	0.95193	0.960066	0.96046	0.959626	0.959834	0.962988	0.960362
20170	-1558.227	-1625.669	67.44141	0.954677	0.950674	0.9588	0.959713	0.95888	0.9584	0.961549	0.961944	0.959321	0.959529
20180	-1557.823	-1625.264	67.44141	0.961019	0.95699	0.96517	0.966089	0.96525	0.964768	0.967937	0.968335	0.965694	0.965903
20190	-1557.983	-1625.424	67.44141	0.98053	0.981464	0.980973	0.97686	0.977261	0.985614	0.985828	0.984972	0.982286	0.985513
20200	-1557.638	-1625.08	67.44141	0.967282	0.97555	0.97146	0.970616	0.971541	0.974733	0.974246	0.971589	0.971988	0.972198
20210	-1557.638	-1625.08	67.44141	0.967289	0.963234	0.971467	0.972392	0.971548	0.971062	0.974253	0.974653	0.971995	0.972205
20220	-1557.967	-1625.408	67.44141	0.980275	0.980677	0.980187	0.9804	0.981334	0.978657	0.974555	0.977756	0.986114	0.985257
20230	-1558.816	-1626.258	67.44141	0.948583	0.951699	0.949104	0.94828	0.948485	0.956592	0.956985	0.952973	0.952496	0.953404
20240	-1557.911	-1625.352	67.44141	0.979345	0.978495	0.98171	0.990101	0.987401	0.983261	0.983474	0.984411	0.984815	0.984323
20250	-1557.732	-1625.174	67.44141	0.963245	0.96364	0.963849	0.963367	0.96074	0.961655	0.964815	0.96077	0.959936	0.968141
20260	-1560.546	-1627.988	67.44141	0.936437	0.939514	0.938698	0.936138	0.94414	0.944344	0.940385	0.940771	0.941668	0.941197
20270	-1557.783	-1625.225	67.44141	0.976811	0.977023	0.977424	0.974759	0.974271	0.977472	0.978403	0.977554	0.973455	0.981776
20280	-1558.396	-1625.838	67.44141	0.985691	0.98663	0.986136	0.982002	0.982405	0.990802	0.991017	0.990156	0.987456	0.9907
20290	-1557.626	-1625.067	67.44141	0.969155	0.969365	0.966722	0.967118	0.970296	0.969811	0.968968	0.969892	0.978182	0.974081
20300	-1558.556	-1625.997	67.44141	0.951039	0.951429	0.951636	0.95116	0.948566	0.94947	0.952589	0.948595	0.947772	0.955873
20310	-1557.808	-1625.25	67.44141	0.96133	0.9573	0.958212	0.966402	0.965919	0.96508	0.965476	0.968648	0.968859	0.966216
20320	-1564.976	-1632.417	67.44141	0.916108	0.923938	0.923135	0.919265	0.922286	0.923164	0.920647	0.920186	0.920386	0.920764
20330	-1557.754	-1625.195	67.44141	0.962655	0.970883	0.966813	0.965973	0.966893	0.97007	0.969585	0.966941	0.967338	0.967548
20340	-1560.011	-1627.453	67.44141	0.939697	0.939901	0.940286	0.937722	0.937253	0.940333	0.941229	0.940411	0.936469	0.944473
20350	-1557.626	-1625.067	67.44141	0.969186	0.968345	0.971526	0.97983	0.977158	0.973061	0.973272	0.9742	0.974599	0.974112
20360	-1557.814	-1625.256	67.44141	0.977506	0.977907	0.978119	0.97763	0.974964	0.975893	0.979099	0.974994	0.974148	0.982474
20370	-1557.94	-1625.381	67.44141	0.9588	0.959008	0.956393	0.956785	0.959929	0.959449	0.958615	0.959529	0.96773	0.963673
20380	-1557.687	-1625.128	67.44141	0.974026	0.982351	0.981498	0.977383	0.980594	0.981529	0.978852	0.978363	0.978575	0.978976
20390	-1557.736	-1625.177	67.44141	0.975599	0.975111	0.97604	0.976441	0.972347	0.972558	0.980871	0.978196	0.977346	0.980557
20400	-1557.701	-1625.143	67.44141	0.96422	0.963738	0.964656	0.965052	0.961006	0.961214	0.96943	0.966787	0.965947	0.969121
20410	-1559.584	-1627.025	67.44141	0.995239	0.991066	0.992011	1.00049	0.999989	0.999121	0.999531	1.00281	1.00303	1.0003
20420	-1558.13	-1625.572	67.44141	0.982607	0.985836	0.983147	0.982294	0.982507	0.990904	0.991311	0.987155	0.986662	0.987602
20430	-1557.686	-1625.128	67.44141	0.974007	0.977207	0.976358	0.973695	0.982018	0.982231	0.978113	0.978515	0.979447	0.978957
20440	-1558.238	-1625.679	67.44141	0.983936	0.984874	0.980745	0.980254	0.988633	0.989039	0.98818	0.988394	0.991642	0.988937
20450	-1559.403	-1626.844	67.44141	0.994031	1.00253	0.998324	0.997457	0.998407	1.00169	1.00119	0.998456	0.998866	0.999083
20460	-1557.718	-1625.159	67.44141	0.963683	0.964601	0.964119	0.960077	0.960471	0.968681	0.968891	0.968049	0.965409	0.968581
20470	-1558.111	-1625.552	67.44141	0.982353	0.98558	0.984724	0.982039	0.990433	0.990648	0.986495	0.986899	0.98784	0.987346
20480	-1557.963	-1625.405	67.44141	0.958403	0.957571	0.965756	0.968929	0.964867	0.962235	0.963152	0.963361	0.962879	0.963274
20490	-1557.626	-1625.067	67.44141	0.969258	0.968773	0.969696	0.970094	0.966027	0.966237	0.974495	0.971838	0.970994	0.974184
20500	-1558.256	-1625.697	67.44141	0.984146	0.98436	0.984764	0.982078	0.981587	0.984812	0.98575	0.984894	0.980765	0.989148
20510	-1557.655	-1625.096	67.44141	0.972595	0.980908	0.976796	0.975947	0.976877	0.980087	0.979597	0.976925	0.977326	0.977538
20520	-1557.631	-1625.072	67.44141	0.968085	0.965445	0.965654	0.968827	0.969225	0.968383	0.967899	0.976172	0.977102	0.973005
20530	-1557.629	-1625.07	67.44141	0.968377	0.964318	0.965236	0.973486	0.973	0.972155	0.972554	0.975749	0.975961	0.973299
20540	-1558.25	-1625.691	67.44141	0.954399	0.962557	0.958522	0.957689	0.958601	0.961751	0.96127	0.958649	0.959042	0.95925
20550	-1557.888	-1625.329	67.44141	0.978938	0.987306	0.983166	0.982313	0.983248	0.986479	0.985986	0.983297	0.9837	0.983914
20560	-1557.633	-1625.074	67.44141	0.970964	0.974154	0.971498	0.970654	0.970865	0.979163	0.979565	0.975458	0.97497	0.975899
20570	-1557.73	-1625.171	67.44141	0.975426	0.974938	0.975338	0.976267	0.976479	0.972385	0.969734	0.978022	0.981236	0.980383
20580	-1557.794	-1625.236	67.44141	0.96165	0.962045	0.961564	0.961772	0.962688	0.960063	0.956038	0.959179	0.967378	0.966538
20590	-1559.265	-1626.706	67.44141	0.993066	0.996329	0.995464	0.992749	1.00123	1.00145	0.997253	0.997662	0.998613	0.998113
20600	-1560.613	-1628.055	67.44141	0.936049	0.935236	0.94323	0.946329	0.942361	0.939792	0.940687	0.940891	0.94042	0.940806
20610	-1557.767	-1625.209	67.44141	0.962297	0.958262	0.966453	0.967374	0.966533	0.96605	0.969224	0.969622	0.966978	0.967188
20620	-1558.049	-1625.49	67.44141	0.957076	0.954466	0.957602	0.957809	0.956978	0.95737	0.965553	0.96507	0.961025	0.96194
20630	-1557.833	-1625.275	67.44141	0.977903	0.978304	0.977815	0.978027	0.978959	0.976289	0.972196	0.97539	0.983727	0.982873
20640	-1557.661	-1625.102	67.44141	0.965862	0.966258	0.966468	0.965985	0.96335	0.964268	0.967436	0.96338	0.962544	0.970771
20650	-1557.683	-1625.124	67.44141	0.964893	0.960848	0.969061	0.969984	0.969141	0.968657	0.971839	0.972238	0.969587	0.969797
20660	-1557.978	-1625.42	67.44141	0.980457	0.979967	0.980369	0.981303	0.981516	0.977401	0.974736	0.983067	0.986297	0.985441
20670	-1558.258	-1625.7	67.44141	0.9543	0.954507	0.954899	0.952294	0.951818	0.954946	0.955855	0.955025	0.951021	0.95915
20680	-1558.054	-1625.495	67.44141	0.957005	0.957917	0.953901	0.953424	0.961573	0.961968	0.961132	0.961341	0.964499	0.961869
20690	-1557.96	-1625.402	67.44141	0.958459	0.95798	0.958892	0.959286	0.955264	0.955471	0.963638	0.96101	0.960176	0.96333
20700	-1557.701	-1625.143	67.44141	0.964225	0.963388	0.966553	0.974815	0.972156	0.968081	0.968291	0.969213	0.969611	0.969126
20710	-1557.852	-1625.293	67.44141	0.978265	0.977776	0.978707	0.979109	0.975004	0.975216	0.983551	0.980869	0.980017	0.983237
20720	-1557.837	-1625.279	67.44141	0.97798	0.977491	0.977892	0.978824	0.979036	0.974932	0.972273	0.980583	0.983805	0.982951
20730	-1557.635	-1625.077	67.44141	0.967571	0.963515	0.97175	0.972676	0.971831	0.971345	0.974537	0.974937	0.972278	0.972489
20740	-1559.102	-1626.543	67.44141	0.991872	0.989167	0.989382	0.992633	0.99304	0.992178	0.991682	1.00016	1.00111	0.996914
20750	-1557.651	-1625.092	67.44141	0.97237	0.972581	0.97298	0.970326	0.969841	0.973028	0.973955	0.973109	0.969029	0.977312
20760	-1557.752	-1625.194	67.44141	0.976043	0.976255	0.976656	0.973992	0.973505	0.976704	0.977634	0.976785	0.97269	0.981004
20770	-1557.652	-1625.093	67.44141	0.972435	0.972646	0.969993	0.970392	0.97358	0.973093	0.972248	0.973174	0.981492	0.977377
20780	-1559.013	-1626.454	67.44141	0.946897	0.950008	0.947417	0.946595	0.9468	0.954892	0.955284	0.951279	0.950804	0.95171
20790	-1560.127	-1627.568	67.44141	0.99856	0.998061	0.999011	0.999421	0.995232	0.995447	1.00396	1.00122	1.00035	1.00364
20800	-1557.833	-1625.274	67.44141	0.960811	0.96102	0.958399	0.958792	0.961942	0.961461	0.960626	0.961541	0.96976	0.965694
20810	-1558.616	-1626.058	67.44141	0.950441	0.949965	0.95087	0.951261	0.947273	0.947478	0.955576	0.952971	0.952143	0.955271
20820	-1558.215	-1625.656	67.44141	0.983665	0.982811	0.991211	0.994468	0.990298	0.987598	0.988539	0.988753	0.988259	0.988664
20830	-1557.728	-1625.17	67.44141	0.963366	0.964284	0.960241	0.959761	0.967964	0.968362	0.967521	0.967731	0.97091	0.968262
20840	-1558.883	-1626.325	67.44141	0.947992	0.956095	0.955264	0.951259	0.954385	0.955294	0.952689	0.952213	0.952419	0.95281
20850	-1559.688	-1627.129	67.44141	0.99591	0.996859	0.996361	0.992183	0.992591	1.00107	1.00129	1.00042	0.997694	1.00097
20860	-1557.688	-1625.129	67.44141	0.964701	0.963863	0.96703	0.975295	0.972636	0.968558	0.968768	0.969691	0.970089	0.969604
20870	-1558.275	-1625.717	67.44141	0.954097	0.951495	0.954621	0.954828	0.953999	0.95439	0.962548	0.962066	0.958033	0.958946
20880	-1559.058	-1626.5	67.44141	0.991541	1.00002	0.999147	0.994959	0.998227	0.999178	0.996454	0.995955	0.996171	0.99658
20890	-1557.637	-1625.079	67.44141	0.96737	0.96653	0.974791	0.977994	0.973893	0.971238	0.972163	0.972374	0.971888	0.972286
20900	-1559.786	-1627.228	67.44141	0.941171	0.942067	0.938118	0.937649	0.945663	0.946051	0.94523	0.945435	0.948541	0.945954
20910	-1557.748	-1625.189	67.44141	0.962812	0.96233	0.963247	0.963642	0.959602	0.959811	0.968014	0.965374	0.964536	0.967705
20920	-1558.486	-1625.927	67.44141	0.986602	0.985746	0.994171	0.997437	0.993256	0.990547	0.991491	0.991706	0.99121	0.991617
20930	-1557.846	-1625.287	67.44141	0.97815	0.974049	0.974977	0.98331	0.982819	0.981965	0.982368	0.985596	0.985809	0.983121
20940	-1557.644	-1625.085	67.44141	0.966863	0.962809	0.963726	0.971964	0.971478	0.970634	0.971032	0.974223	0.974434	0.971777
20950	-1557.674	-1625.115	67.44141	0.973495	0.97084	0.971051	0.974241	0.974641	0.973794	0.973308	0.981627	0.982562	0.978443
20960	-1557.764	-1625.206	67.44141	0.962373	0.962582	0.962977	0.960351	0.95987	0.963024	0.963942	0.963104	0.959067	0.967264
20970	-1558.224	-1625.665	67.44141	0.954722	0.954245	0.954637	0.955546	0.955753	0.951746	0.949151	0.957264	0.960409	0.959575
20980	-1558.779	-1626.221	67.44141	0.989294	0.9897	0.989205	0.98942	0.990362	0.987662	0.983521	0.986752	0.995186	0.994322
20990	-1557.63	-1625.071	67.44141	0.970576	0.967929	0.968139	0.97132	0.971718	0.970874	0.970389	0.978683	0.979615	0.975509
21000	-1558.017	-1625.459	67.44141	0.981046	0.980556	0.980958	0.981893	0.982106	0.977988	0.975321	0.983658	0.986889	0.986032
21010	-1557.631	-1625.073	67.44141	0.970827	0.969984	0.973171	0.981489	0.978812	0.974708	0.97492	0.975849	0.976249	0.975761
21020	-1558.311	-1625.753	67.44141	0.984777	0.985181	0.984688	0.984902	0.98584	0.983152	0.97903	0.982247	0.990642	0.989782
21030	-1557.64	-1625.081	67.44141	0.96716	0.968081	0.964022	0.96354	0.971776	0.972175	0.971331	0.971541	0.974733	0.972075
21040	-1558.026	-1625.467	67.44141	0.957423	0.957816	0.958024	0.957545	0.954933	0.955843	0.958984	0.954963	0.954134	0.962289
21050	-1558.122	-1625.563	67.44141	0.956047	0.952039	0.960176	0.961091	0.960256	0.959776	0.96293	0.963325	0.960698	0.960906
21060	-1557.646	-1625.087	67.44141	0.972071	0.98038	0.97627	0.975422	0.976351	0.979559	0.979069	0.976399	0.9768	0.977012
21070	-1559.157	-1626.599	67.44141	0.945727	0.948835	0.948011	0.945425	0.953506	0.953713	0.949715	0.950104	0.95101	0.950534
21080	-1558.074	-1625.515	67.44141	0.98185	0.979172	0.982389	0.982602	0.981749	0.982152	0.990547	0.990052	0.985901	0.98684
21090	-1557.839	-1625.281	67.44141	0.978016	0.986375	0.98224	0.981387	0.982322	0.985549	0.985056	0.98237	0.982773	0.982987
21100	-1557.691	-1625.132	67.44141	0.974164	0.974564	0.974775	0.974288	0.971631	0.972557	0.975752	0.971661	0.970817	0.979115
21110	-1560.049	-1627.49	67.44141	0.998109	1.00664	1.00577	1.00155	1.00484	1.0058	1.00305	1.00255	1.00277	1.00318
21120	-1557.786	-1625.228	67.44141	0.976878	0.97709	0.974426	0.974826	0.978029	0.97754	0.976691	0.977621	0.985977	0.981843
21130	-1557.799	-1625.241	67.44141	0.961532	0.964691	0.96206	0.961224	0.961433	0.969651	0.970049	0.965982	0.965499	0.966419
21140	-1559.124	-1626.565	67.44141	0.992036	1.00051	0.999646	0.995455	0.998726	0.999677	0.996951	0.996452	0.996668	0.997078
21150	-1557.675	-1625.116	67.44141	0.965241	0.968412	0.967571	0.964932	0.97318	0.973391	0.96931	0.969708	0.970632	0.970146
21160	-1557.626	-1625.067	67.44141	0.969742	0.965676	0.966596	0.974858	0.974371	0.973525	0.973924	0.977124	0.977336	0.974671
21170	-1558.303	-1625.744	67.44141	0.984683	0.981998	0.985224	0.985438	0.984582	0.984986	0.993405	0.992909	0.988746	0.989688
21180	-1558.35	-1625.792	67.44141	0.953226	0.952398	0.955527	0.963695	0.961066	0.957037	0.957245	0.958157	0.95855	0.958071
21190	-1557.806	-1625.247	67.44141	0.961386	0.969603	0.968761	0.964699	0.967869	0.968791	0.966149	0.965666	0.965875	0.966272
21200	-1557.81	-1625.252	67.44141	0.961285	0.964444	0.961814	0.960978	0.961187	0.969402	0.9698	0.965734	0.965252	0.966171
21210	-1558.208	-1625.649	67.44141	0.983577	0.983981	0.984194	0.983702	0.981019	0.981954	0.98518	0.98105	0.980198	0.988576
21220	-1557.798	-1625.239	67.44141	0.961569	0.961964	0.962172	0.961691	0.959069	0.959982	0.963136	0.959098	0.958266	0.966456
21230	-1558.253	-1625.694	67.44141	0.98411	0.983618	0.984555	0.984959	0.98083	0.981043	0.989428	0.98673	0.985873	0.989112
21240	-1558.37	-1625.812	67.44141	0.953001	0.952525	0.953432	0.953824	0.949825	0.950031	0.958151	0.955538	0.954708	0.957845
21250	-1559.069	-1626.51	67.44141	0.991623	0.992567	0.992071	0.987912	0.988318	0.996765	0.996981	0.996115	0.993399	0.996663
21260	-1557.845	-1625.286	67.44141	0.978134	0.986494	0.982359	0.981505	0.98244	0.985668	0.985175	0.982489	0.982892	0.983105
21270	-1557.87	-1625.311	67.44141	0.960059	0.960268	0.960662	0.958042	0.957563	0.960709	0.961624	0.960789	0.956761	0.964939
21280	-1557.638	-1625.08	67.44141	0.967289	0.970467	0.96782	0.96698	0.967189	0.975456	0.975857	0.971765	0.971279	0.972205
21290	-1557.658	-1625.1	67.44141	0.972777	0.972988	0.973387	0.970733	0.970248	0.973435	0.974363	0.973516	0.969435	0.977721
21300	-1558.003	-1625.444	67.44141	0.957776	0.957297	0.95769	0.958602	0.95881	0.95479	0.952186	0.960325	0.96348	0.962644
21310	-1557.848	-1625.289	67.44141	0.978185	0.975517	0.978722	0.978935	0.978084	0.978486	0.986849	0.986356	0.982221	0.983156
21320	-1557.695	-1625.137	67.44141	0.97434	0.971683	0.974875	0.975087	0.97424	0.97464	0.98297	0.982479	0.97836	0.979292
21330	-1558.059	-1625.501	67.44141	0.981651	0.981864	0.979186	0.979588	0.982806	0.982315	0.981462	0.982397	0.990794	0.98664
21340	-1557.63	-1625.071	67.44141	0.970611	0.969768	0.978057	0.981271	0.977157	0.974492	0.97542	0.975632	0.975144	0.975544
21350	-1558.834	-1626.275	67.44141	0.948428	0.949331	0.945351	0.944878	0.952955	0.953346	0.952518	0.952724	0.955855	0.953248
21360	-1557.813	-1625.254	67.44141	0.977473	0.976624	0.984971	0.988208	0.984065	0.981381	0.982316	0.982529	0.982038	0.982441
21370	-1557.724	-1625.166	67.44141	0.963481	0.960854	0.961062	0.96422	0.964615	0.963778	0.963296	0.971529	0.972455	0.968378
21380	-1559.79	-1627.232	67.44141	0.941142	0.940672	0.941568	0.941954	0.938005	0.938209	0.946228	0.943648	0.942828	0.945926
21390	-1558.772	-1626.213	67.44141	0.948982	0.949886	0.949411	0.945431	0.945819	0.953903	0.95411	0.953281	0.950682	0.953805
21400	-1557.757	-1625.199	67.44141	0.97618	0.984524	0.983669	0.979545	0.982763	0.983699	0.981017	0.980526	0.980739	0.981141
21410	-1557.843	-1625.285	67.44141	0.978103	0.981316	0.97864	0.97779	0.978002	0.986362	0.986766	0.982629	0.982138	0.983074
21420	-1557.658	-1625.1	67.44141	0.965993	0.969166	0.968325	0.965684	0.973938	0.974149	0.970065	0.970463	0.971388	0.970902
21430	-1557.76	-1625.201	67.44141	0.962487	0.958452	0.966644	0.967565	0.966725	0.966242	0.969416	0.969814	0.967169	0.967379
21440	-1559.487	-1626.929	67.44141	0.943245	0.943633	0.943837	0.943365	0.940793	0.941689	0.944783	0.940822	0.940005	0.948039
21450	-1560.332	-1627.773	67.44141	0.937707	0.93791	0.935352	0.935736	0.938811	0.938341	0.937526	0.938419	0.94644	0.942473
21460	-1557.698	-1625.139	67.44141	0.964337	0.964546	0.961915	0.96231	0.965472	0.964989	0.964151	0.96507	0.973318	0.969238
21470	-1557.632	-1625.073	67.44141	0.970889	0.979187	0.975082	0.974235	0.975163	0.978367	0.977878	0.975211	0.975612	0.975823
21480	-1558.449	-1625.89	67.44141	0.986231	0.985375	0.993797	0.997062	0.992882	0.990175	0.991118	0.991333	0.990837	0.991244
21490	-1557.673	-1625.115	67.44141	0.973491	0.981812	0.980959	0.976847	0.980056	0.98099	0.978315	0.977825	0.978038	0.978439
21500	-1558.082	-1625.524	67.44141	0.956596	0.953987	0.954194	0.957329	0.957722	0.956891	0.956412	0.964587	0.965506	0.961458
21510	-1557.663	-1625.105	67.44141	0.965752	0.964913	0.973161	0.976358	0.972265	0.969613	0.970537	0.970748	0.970262	0.97066
21520	-1558.216	-1625.658	67.44141	0.954814	0.955724	0.951717	0.951241	0.959372	0.959765	0.958932	0.95914	0.962291	0.959667
21530	-1557.693	-1625.134	67.44141	0.974254	0.970169	0.978462	0.979394	0.978543	0.978054	0.981267	0.98167	0.978993	0.979205
21540	-1558.136	-1625.577	67.44141	0.982677	0.981823	0.990215	0.993469	0.989304	0.986606	0.987546	0.98776	0.987266	0.987671
21550	-1557.668	-1625.11	67.44141	0.965506	0.966426	0.962374	0.961893	0.970114	0.970513	0.96967	0.96988	0.973067	0.970413
21560	-1558.569	-1626.01	67.44141	0.950906	0.94692	0.955013	0.955923	0.955093	0.954615	0.957752	0.958145	0.955532	0.955739
21570	-1557.75	-1625.191	67.44141	0.962754	0.965918	0.965079	0.962447	0.970673	0.970884	0.966814	0.96721	0.968132	0.967648
21580	-1557.628	-1625.069	67.44141	0.970287	0.969444	0.97773	0.980943	0.97683	0.974166	0.975094	0.975306	0.974818	0.975218
21590	-1557.699	-1625.141	67.44141	0.964292	0.961662	0.961871	0.965031	0.965427	0.964589	0.964107	0.972347	0.973273	0.969193
21600	-1557.643	-1625.084	67.44141	0.971849	0.972775	0.972289	0.968213	0.96861	0.976889	0.977101	0.976252	0.97359	0.976789
21610	-1558.021	-1625.462	67.44141	0.957498	0.960644	0.958025	0.957193	0.9574	0.965583	0.96598	0.96193	0.961449	0.962365
21620	-1557.653	-1625.095	67.44141	0.966266	0.963631	0.966797	0.967007	0.966167	0.966563	0.974825	0.974338	0.970253	0.971177
21630	-1558.08	-1625.522	67.44141	0.956627	0.95977	0.958936	0.956321	0.964495	0.964704	0.96066	0.961054	0.96197	0.961489
21640	-1558.401	-1625.842	67.44141	0.985738	0.985952	0.983263	0.983667	0.986898	0.986405	0.985548	0.986487	0.994919	0.990748
21650	-1557.626	-1625.067	67.44141	0.969782	0.978071	0.977221	0.973125	0.976322	0.977252	0.974587	0.9741	0.974311	0.974711
21660	-1557.631	-1625.072	67.44141	0.970728	0.971653	0.971167	0.967096	0.967493	0.975762	0.975974	0.975126	0.972467	0.975662
21670	-1557.909	-1625.351	67.44141	0.979324	0.980256	0.976147	0.975659	0.983998	0.984402	0.983547	0.98376	0.986993	0.984301
21680	-1557.843	-1625.284	67.44141	0.978092	0.973991	0.974919	0.983252	0.982761	0.981907	0.98231	0.985537	0.985751	0.983063
21690	-1557.83	-1625.271	67.44141	0.96087	0.964027	0.96319	0.960563	0.968774	0.968984	0.964921	0.965317	0.966237	0.965754
21700	-1557.626	-1625.067	67.44141	0.96933	0.970254	0.969768	0.965703	0.966099	0.974357	0.974568	0.973722	0.971066	0.974257
21710	-1558.409	-1625.85	67.44141	0.985823	0.986762	0.982625	0.982134	0.990528	0.990935	0.990074	0.990289	0.993543	0.990833
21720	-1557.65	-1625.091	67.44141	0.972328	0.969677	0.972863	0.973074	0.972229	0.972628	0.980941	0.980451	0.97634	0.97727
21730	-1557.721	-1625.162	67.44141	0.975155	0.978359	0.975691	0.974844	0.975055	0.983389	0.983793	0.979669	0.979179	0.980112
21740	-1557.803	-1625.244	67.44141	0.961459	0.961853	0.962062	0.961581	0.958959	0.959872	0.963026	0.958989	0.958156	0.966345
21750	-1557.712	-1625.154	67.44141	0.963849	0.964767	0.964284	0.960242	0.960636	0.968847	0.969057	0.968215	0.965575	0.968747
21760	-1557.976	-1625.417	67.44141	0.958201	0.958594	0.958802	0.958323	0.955709	0.95662	0.959763	0.955739	0.954909	0.963071
21770	-1557.627	-1625.068	67.44141	0.968804	0.96832	0.969242	0.96964	0.965575	0.965784	0.974039	0.971383	0.970539	0.973728
21780	-1558.665	-1626.107	67.44141	0.949969	0.949494	0.950399	0.950789	0.946803	0.947008	0.955102	0.952498	0.951671	0.954797
21790	-1558.014	-1625.455	67.44141	0.957605	0.96579	0.964951	0.960906	0.964063	0.964981	0.96235	0.961868	0.962077	0.962472
21800	-1557.796	-1625.237	67.44141	0.977102	0.976254	0.979461	0.987833	0.985139	0.981009	0.981222	0.982157	0.98256	0.982068
21810	-1557.766	-1625.207	67.44141	0.976388	0.97554	0.983878	0.987111	0.982972	0.980292	0.981226	0.981438	0.980948	0.98135
21820	-1557.837	-1625.278	67.44141	0.977966	0.975299	0.97551	0.978715	0.979117	0.978267	0.977778	0.986135	0.987074	0.982936
21830	-1557.754	-1625.196	67.44141	0.976103	0.977033	0.972937	0.97245	0.980762	0.981165	0.980313	0.980525	0.983747	0.981064
21840	-1558.529	-1625.97	67.44141	0.987023	0.987963	0.987469	0.983329	0.983733	0.992141	0.992356	0.991495	0.988791	0.992039
21850	-1558.62	-1626.062	67.44141	0.950402	0.946418	0.954507	0.955416	0.954586	0.954109	0.957244	0.957637	0.955025	0.955232
21860	-1558.198	-1625.639	67.44141	0.983453	0.98439	0.983898	0.979773	0.980175	0.988553	0.988768	0.987909	0.985215	0.988452
21870	-1557.91	-1625.352	67.44141	0.979342	0.980275	0.979785	0.975677	0.976077	0.98442	0.984634	0.983779	0.981096	0.984319
21880	-1557.644	-1625.086	67.44141	0.966825	0.970002	0.967357	0.966517	0.966726	0.974989	0.975389	0.9713	0.970814	0.971739
21890	-1557.932	-1625.374	67.44141	0.95893	0.959324	0.958844	0.959052	0.959966	0.957348	0.953334	0.956467	0.964642	0.963804
21900	-1557.626	-1625.067	67.44141	0.969166	0.965103	0.966022	0.974279	0.973792	0.972946	0.973345	0.976543	0.976755	0.974091
21910	-1557.969	-1625.411	67.44141	0.980315	0.980717	0.98093	0.98044	0.977766	0.978697	0.981913	0.977796	0.976947	0.985297
21920	-1558.302	-1625.743	67.44141	0.953779	0.961931	0.957899	0.957067	0.957978	0.961126	0.960645	0.958026	0.958419	0.958627
21930	-1559.099	-1626.541	67.44141	0.946189	0.946394	0.946783	0.944201	0.943729	0.946829	0.947731	0.946908	0.942938	0.950998
21940	-1558.021	-1625.463	67.44141	0.981108	0.976994	0.977925	0.986284	0.985791	0.984935	0.985339	0.988576	0.988791	0.986094
21950	-1557.638	-1625.079	67.44141	0.967349	0.975617	0.971527	0.970684	0.971608	0.974801	0.974313	0.971656	0.972055	0.972266
21960	-1558.05	-1625.492	67.44141	0.981526	0.984751	0.983896	0.981213	0.989599	0.989814	0.985664	0.986069	0.987008	0.986515
21970	-1557.887	-1625.329	67.44141	0.978934	0.987301	0.983162	0.982308	0.983244	0.986474	0.985981	0.983292	0.983696	0.983909
21980	-1557.632	-1625.073	67.44141	0.970876	0.971086	0.971485	0.968836	0.968351	0.971533	0.972458	0.971614	0.96754	0.97581
21990	-1557.873	-1625.314	67.44141	0.978663	0.987028	0.986171	0.982036	0.985263	0.986201	0.983512	0.98302	0.983233	0.983637
22000	-1557.682	-1625.123	67.44141	0.973839	0.97405	0.97445	0.971792	0.971307	0.974498	0.975426	0.974579	0.970493	0.978788
22010	-1557.68	-1625.121	67.44141	0.973746	0.982069	0.981216	0.977102	0.980313	0.981246	0.97857	0.978081	0.978293	0.978695
22020	-1559.552	-1626.993	67.44141	0.995028	0.995976	0.995478	0.991305	0.991712	1.00019	1.00041	0.999536	0.996811	1.00009
22030	-1559.001	-1626.442	67.44141	0.991098	0.991313	0.98861	0.989015	0.992265	0.991769	0.990907	0.991851	1.00033	0.996135
22040	-1558.29	-1625.732	67.44141	0.953916	0.953088	0.956219	0.964392	0.961762	0.95773	0.957938	0.95885	0.959244	0.958764
22050	-1557.74	-1625.182	67.44141	0.975721	0.97306	0.973271	0.976469	0.97687	0.976022	0.975534	0.983872	0.984809	0.98068
22060	-1557.709	-1625.151	67.44141	0.974802	0.970716	0.97164	0.979945	0.979455	0.978605	0.979006	0.982223	0.982436	0.979757
22070	-1557.628	-1625.069	67.44141	0.970253	0.978546	0.977696	0.973597	0.976796	0.977727	0.97506	0.974573	0.974784	0.975184
22080	-1558.478	-1625.919	67.44141	0.951837	0.947847	0.955948	0.956859	0.956028	0.95555	0.958689	0.959083	0.956467	0.956675
22090	-1558.235	-1625.677	67.44141	0.983907	0.983415	0.983819	0.984756	0.984969	0.98084	0.978165	0.986526	0.989767	0.988908
22100	-1558.308	-1625.749	67.44141	0.984735	0.984949	0.985353	0.982666	0.982174	0.985401	0.98634	0.985483	0.981352	0.98974
22110	-1558.29	-1625.732	67.44141	0.984539	0.992955	0.992092	0.987933	0.991179	0.992123	0.989417	0.988923	0.989137	0.989543
22120	-1557.63	-1625.071	67.44141	0.968231	0.967747	0.968669	0.969067	0.965004	0.965213	0.973463	0.970809	0.969965	0.973152
22130	-1557.637	-1625.078	67.44141	0.971362	0.968713	0.968923	0.972106	0.972505	0.971661	0.971175	0.979476	0.980409	0.976299
22140	-1557.635	-1625.077	67.44141	0.971261	0.972186	0.9717	0.967626	0.968024	0.976298	0.976509	0.975661	0.973001	0.976197
22150	-1557.755	-1625.197	67.44141	0.976128	0.972036	0.972962	0.981278	0.980788	0.979936	0.980338	0.983559	0.983772	0.98109
22160	-1557.921	-1625.362	67.44141	0.979517	0.987889	0.987032	0.982894	0.986123	0.987062	0.98437	0.983878	0.984092	0.984496
22170	-1557.634	-1625.076	67.44141	0.96765	0.96786	0.968258	0.965617	0.965134	0.968305	0.969228	0.968386	0.964326	0.972568
22180	-1557.628	-1625.069	67.44141	0.968521	0.968918	0.968434	0.968644	0.969567	0.966923	0.962869	0.966033	0.97429	0.973443
22190	-1557.737	-1625.179	67.44141	0.975639	0.983978	0.979853	0.979002	0.979934	0.983154	0.982662	0.979983	0.980385	0.980597
22200	-1557.868	-1625.309	67.44141	0.978568	0.97878	0.976111	0.976512	0.97972	0.97923	0.97838	0.979312	0.987682	0.983542
22210	-1557.986	-1625.427	67.44141	0.958046	0.95403	0.954939	0.963101	0.962619	0.961783	0.962178	0.965339	0.965549	0.962916
22220	-1557.721	-1625.163	67.44141	0.963568	0.963777	0.964172	0.961543	0.961062	0.96422	0.965138	0.9643	0.960257	0.968465
22230	-1559.826	-1627.267	67.44141	0.99677	0.996986	0.994268	0.994676	0.997944	0.997445	0.996579	0.997528	1.00605	1.00184
22240	-1557.687	-1625.128	67.44141	0.974031	0.971375	0.974566	0.974778	0.973931	0.974331	0.982659	0.982168	0.97805	0.978982
22250	-1558.761	-1626.203	67.44141	0.989139	0.98828	0.991527	1	0.997275	0.993094	0.99331	0.994256	0.994664	0.994167
22260	-1557.792	-1625.234	67.44141	0.961698	0.962614	0.962132	0.958099	0.958492	0.966685	0.966894	0.966055	0.96342	0.966585
22270	-1557.698	-1625.14	67.44141	0.974446	0.971789	0.974981	0.975193	0.974346	0.974746	0.983077	0.982586	0.978466	0.979399
22280	-1557.653	-1625.095	67.44141	0.966278	0.969453	0.966809	0.965969	0.966179	0.974437	0.974837	0.97075	0.970265	0.971189
22290	-1558.388	-1625.83	67.44141	0.985605	0.988844	0.987985	0.985291	0.993712	0.993928	0.989761	0.990167	0.99111	0.990615
22300	-1557.627	-1625.069	67.44141	0.970157	0.970555	0.970766	0.97028	0.967634	0.968556	0.971738	0.967664	0.966824	0.975088
22310	-1557.982	-1625.423	67.44141	0.958103	0.958311	0.955698	0.95609	0.959231	0.958752	0.957919	0.958832	0.967027	0.962973
22320	-1558.032	-1625.473	67.44141	0.981259	0.980407	0.983628	0.992035	0.98933	0.985182	0.985396	0.986335	0.986739	0.986246
22330	-1557.978	-1625.419	67.44141	0.958169	0.961317	0.958695	0.957863	0.95807	0.966259	0.966656	0.962603	0.962122	0.963039
22340	-1558.348	-1625.789	67.44141	0.985176	0.982489	0.982702	0.985931	0.986335	0.985479	0.984986	0.993405	0.994351	0.990183
22350	-1557.731	-1625.173	67.44141	0.963279	0.962442	0.965605	0.973858	0.971202	0.96713	0.96734	0.968262	0.968659	0.968175
22360	-1557.698	-1625.139	67.44141	0.964348	0.96351	0.971746	0.974938	0.970851	0.968204	0.969126	0.969336	0.968852	0.969249
22370	-1558.115	-1625.557	67.44141	0.956134	0.956526	0.956734	0.956255	0.953647	0.954556	0.957692	0.953677	0.952849	0.960993
22380	-1557.783	-1625.225	67.44141	0.976809	0.985158	0.981028	0.980176	0.981109	0.984333	0.983841	0.981158	0.98156	0.981773
22390	-1557.924	-1625.366	67.44141	0.959063	0.959977	0.959497	0.955474	0.955866	0.964036	0.964245	0.963408	0.960781	0.963937
22400	-1557.715	-1625.157	67.44141	0.963765	0.96416	0.963678	0.963887	0.964805	0.962174	0.95814	0.961288	0.969505	0.968663
22410	-1558.809	-1626.251	67.44141	0.948646	0.949549	0.949075	0.945096	0.945484	0.953565	0.953772	0.952943	0.950345	0.953467
22420	-1557.642	-1625.083	67.44141	0.971772	0.972698	0.96862	0.968136	0.976411	0.976812	0.975963	0.976175	0.979382	0.976711
22430	-1557.641	-1625.082	67.44141	0.971705	0.971219	0.972144	0.972543	0.968466	0.968676	0.976955	0.974291	0.973445	0.976643
22440	-1559.311	-1626.752	67.44141	0.944542	0.947646	0.946823	0.944241	0.952311	0.952518	0.948525	0.948914	0.949818	0.949343
22450	-1557.899	-1625.34	67.44141	0.979143	0.979355	0.976684	0.977085	0.980295	0.979805	0.978954	0.979887	0.988262	0.984119
22460	-1558.244	-1625.686	67.44141	0.984012	0.984416	0.984629	0.984137	0.981453	0.982388	0.985616	0.981484	0.980631	0.989013
22470	-1558.26	-1625.702	67.44141	0.984196	0.98743	0.984737	0.983882	0.984095	0.992507	0.992914	0.988751	0.988257	0.989198
22480	-1557.73	-1625.172	67.44141	0.96331	0.960683	0.960891	0.964048	0.964444	0.963606	0.963124	0.971356	0.972282	0.968206
22490	-1557.633	-1625.075	67.44141	0.967736	0.970916	0.968268	0.967427	0.967637	0.975907	0.976308	0.972215	0.971729	0.972655
22500	-1558.523	-1625.964	67.44141	0.986965	0.990208	0.987508	0.98665	0.986864	0.995299	0.995707	0.991533	0.991037	0.991981
22510	-1557.667	-1625.109	67.44141	0.973217	0.973428	0.973827	0.971172	0.970686	0.973875	0.974803	0.973956	0.969873	0.978163
22520	-1558.271	-1625.713	67.44141	0.984326	0.98756	0.984867	0.984011	0.984225	0.992637	0.993045	0.988881	0.988387	0.989329
22530	-1557.631	-1625.072	67.44141	0.968066	0.968463	0.967979	0.968189	0.969111	0.966468	0.962416	0.965579	0.973832	0.972986
22540	-1557.955	-1625.397	67.44141	0.958539	0.958747	0.956132	0.956525	0.959667	0.959188	0.958355	0.959268	0.967467	0.963411
22550	-1557.816	-1625.258	67.44141	0.977546	0.973447	0.981768	0.982703	0.98185	0.981359	0.984583	0.984987	0.982301	0.982514
22560	-1557.787	-1625.228	67.44141	0.961826	0.957793	0.958706	0.9669	0.966417	0.965577	0.965974	0.969147	0.969358	0.966714
22570	-1558.12	-1625.561	67.44141	0.982473	0.99087	0.986716	0.985859	0.986798	0.99004	0.989545	0.986847	0.987252	0.987466
22580	-1559.04	-1626.482	67.44141	0.991403	0.99466	0.993796	0.991086	0.999557	0.999774	0.995583	0.995991	0.99694	0.996442
22590	-1559.725	-1627.167	67.44141	0.996145	0.997094	0.992913	0.992417	1.0009	1.00131	1.00044	1.00066	1.00395	1.00121
22600	-1557.901	-1625.342	67.44141	0.959489	0.955466	0.963633	0.964551	0.963713	0.963231	0.966396	0.966793	0.964156	0.964365
22610	-1559.199	-1626.64	67.44141	0.945401	0.946302	0.942334	0.941863	0.949914	0.950303	0.949478	0.949684	0.952804	0.950206
22620	-1558.971	-1626.412	67.44141	0.947245	0.946772	0.947673	0.948062	0.944088	0.944293	0.952364	0.949767	0.948942	0.952059
22630	-1558.663	-1626.104	67.44141	0.949995	0.950201	0.94761	0.947999	0.951114	0.950638	0.949812	0.950717	0.958843	0.954824
22640	-1557.626	-1625.068	67.44141	0.968937	0.969147	0.969545	0.966901	0.966418	0.969593	0.970517	0.969674	0.965609	0.973862
22650	-1558.115	-1625.556	67.44141	0.982405	0.983341	0.979219	0.978729	0.987095	0.9875	0.986642	0.986856	0.990099	0.987398
22660	-1558.276	-1625.718	67.44141	0.954083	0.95429	0.951687	0.952078	0.955206	0.954729	0.953899	0.954808	0.962969	0.958932
22670	-1557.793	-1625.234	67.44141	0.961687	0.964847	0.962216	0.96138	0.961589	0.969808	0.970206	0.966138	0.965655	0.966575
22680	-1557.841	-1625.282	67.44141	0.978044	0.981257	0.978582	0.977732	0.977944	0.986303	0.986707	0.982571	0.982079	0.983015
22690	-1558.584	-1626.025	67.44141	0.987548	0.988489	0.984344	0.983852	0.992262	0.992669	0.991807	0.992022	0.995281	0.992567
22700	-1557.8	-1625.241	67.44141	0.961525	0.962441	0.958406	0.957926	0.966114	0.966511	0.965671	0.965881	0.969054	0.966412
22710	-1557.627	-1625.069	67.44141	0.970193	0.969351	0.977636	0.980848	0.976736	0.974072	0.975	0.975212	0.974724	0.975124
22720	-1557.788	-1625.229	67.44141	0.976912	0.977843	0.977354	0.973257	0.973656	0.981978	0.982191	0.981338	0.978662	0.981878
22730	-1559.304	-1626.745	67.44141	0.993341	0.993748	0.993964	0.993467	0.990758	0.991701	0.99496	0.990788	0.989928	0.998389
22740	-1557.666	-1625.107	67.44141	0.965637	0.963004	0.966168	0.966378	0.965538	0.965935	0.974191	0.973704	0.969622	0.970545
22750	-1558.068	-1625.509	67.44141	0.956803	0.952791	0.960935	0.961851	0.961015	0.960535	0.963691	0.964086	0.961457	0.961666
22760	-1557.715	-1625.156	67.44141	0.963767	0.964162	0.964371	0.963889	0.96126	0.962176	0.965337	0.96129	0.960456	0.968665
22770	-1559.639	-1627.081	67.44141	0.995598	0.995814	0.996223	0.993506	0.993009	0.996272	0.997221	0.996355	0.992178	1.00066
22780	-1557.638	-1625.08	67.44141	0.967287	0.963232	0.971465	0.97239	0.971546	0.97106	0.97425	0.97465	0.971992	0.972203
22790	-1558.179	-1625.621	67.44141	0.983229	0.991633	0.987476	0.986618	0.987558	0.990803	0.990307	0.987607	0.988012	0.988226
22800	-1557.666	-1625.107	67.44141	0.973146	0.976344	0.973681	0.972835	0.973046	0.981363	0.981766	0.97765	0.977161	0.978092
22810	-1557.723	-1625.164	67.44141	0.975222	0.975622	0.975834	0.975346	0.972686	0.973613	0.976811	0.972716	0.971871	0.980178
22820	-1557.69	-1625.131	67.44141	0.96463	0.964147	0.965066	0.965462	0.961414	0.961623	0.969842	0.967197	0.966357	0.969532
22830	-1558.736	-1626.178	67.44141	0.949306	0.945326	0.946227	0.954314	0.953837	0.953009	0.9534	0.956533	0.95674	0.954131
22840	-1557.648	-1625.089	67.44141	0.972201	0.9726	0.972811	0.972324	0.969673	0.970596	0.973785	0.969703	0.968861	0.977142
22850	-1557.639	-1625.081	67.44141	0.967205	0.967415	0.967812	0.965173	0.96469	0.967859	0.968782	0.96794	0.963882	0.972121
22860	-1557.684	-1625.125	67.44141	0.973918	0.971262	0.971472	0.974664	0.975064	0.974217	0.97373	0.982053	0.982989	0.978868
22870	-1557.82	-1625.262	67.44141	0.96107	0.960235	0.968442	0.971624	0.967551	0.964912	0.965831	0.966041	0.965558	0.965954
22880	-1557.992	-1625.433	67.44141	0.957947	0.958859	0.95838	0.954362	0.954754	0.962914	0.963123	0.962287	0.959662	0.962815
22890	-1557.626	-1625.067	67.44141	0.969424	0.970347	0.969862	0.965796	0.966193	0.974451	0.974662	0.973816	0.97116	0.974351
22900	-1557.626	-1625.068	67.44141	0.968875	0.968034	0.976308	0.979516	0.975409	0.972749	0.973676	0.973887	0.9734	0.9738
22910	-1557.824	-1625.265	67.44141	0.961001	0.95838	0.961529	0.961738	0.960902	0.961297	0.969513	0.969029	0.964966	0.965885
22920	-1557.678	-1625.119	67.44141	0.965106	0.962474	0.965636	0.965845	0.965007	0.965403	0.973654	0.973167	0.969088	0.970011
22930	-1561.464	-1628.906	67.44141	0.931435	0.930969	0.931856	0.932239	0.92833	0.928532	0.936468	0.933914	0.933103	0.936169
22940	-1558.203	-1625.644	67.44141	0.954989	0.963151	0.959113	0.95828	0.959193	0.962345	0.961864	0.959241	0.959634	0.959842
22950	-1558.053	-1625.495	67.44141	0.95701	0.957403	0.956924	0.957132	0.958044	0.955431	0.951426	0.954552	0.96271	0.961874
22960	-1557.819	-1625.261	67.44141	0.977608	0.97782	0.978221	0.975554	0.975066	0.97827	0.979202	0.978351	0.97425	0.982577
22970	-1558.322	-1625.764	67.44141	0.984895	0.985109	0.985513	0.982826	0.982334	0.985562	0.986501	0.985644	0.981512	0.989901
22980	-1558.273	-1625.715	67.44141	0.984348	0.992762	0.9919	0.987741	0.990987	0.991931	0.989226	0.988731	0.988945	0.989351
22990	-1557.778	-1625.22	67.44141	0.962029	0.962945	0.962464	0.958429	0.958822	0.967018	0.967227	0.966387	0.963752	0.966918
23000	-1560.38	-1627.821	67.44141	0.999982	0.997255	0.997471	1.00075	1.00116	1.00029	0.999789	1.00833	1.0093	1.00506
23010	-1558.122	-1625.563	67.44141	0.956046	0.956957	0.952945	0.952468	0.960609	0.961004	0.960169	0.960377	0.963533	0.960905
23020	-1557.635	-1625.077	67.44141	0.967554	0.970733	0.96989	0.967245	0.975512	0.975724	0.971633	0.972032	0.972958	0.972472
23030	-1557.865	-1625.306	67.44141	0.978519	0.977669	0.980882	0.989265	0.986568	0.982432	0.982645	0.983581	0.983984	0.983493
23040	-1557.678	-1625.12	67.44141	0.973688	0.974088	0.973601	0.973812	0.974739	0.972081	0.968006	0.971186	0.979487	0.978637
23050	-1557.779	-1625.22	67.44141	0.976711	0.977112	0.976623	0.976835	0.977766	0.975099	0.971011	0.974202	0.982528	0.981675
23060	-1558.028	-1625.469	67.44141	0.957393	0.956561	0.959704	0.967907	0.965267	0.961221	0.961429	0.962345	0.96274	0.962259
23070	-1557.661	-1625.102	67.44141	0.972916	0.981232	0.977118	0.976269	0.977199	0.98041	0.97992	0.977248	0.977649	0.977861
23080	-1558.082	-1625.524	67.44141	0.981967	0.98218	0.979502	0.979904	0.983123	0.982632	0.981778	0.982713	0.991113	0.986958
23090	-1557.702	-1625.144	67.44141	0.96419	0.965108	0.961062	0.960581	0.968792	0.969189	0.968348	0.968558	0.97174	0.96909
23100	-1557.631	-1625.072	67.44141	0.970776	0.970291	0.971215	0.971614	0.96754	0.96775	0.976022	0.97336	0.972515	0.97571
23110	-1559.284	-1626.725	67.44141	0.993201	1.00169	0.997491	0.996624	0.997574	1.00085	1.00035	0.997623	0.998032	0.998249
23120	-1558.179	-1625.62	67.44141	0.955291	0.954462	0.96262	0.965783	0.961734	0.959111	0.960025	0.960233	0.959753	0.960147
23130	-1558.658	-1626.1	67.44141	0.98823	0.984087	0.992498	0.993443	0.992581	0.992084	0.995344	0.995752	0.993037	0.993252
23140	-1558.061	-1625.502	67.44141	0.956903	0.960047	0.959213	0.956597	0.964773	0.964983	0.960937	0.961331	0.962247	0.961766
23150	-1557.629	-1625.071	67.44141	0.970545	0.966476	0.974736	0.975665	0.974818	0.97433	0.977531	0.977933	0.975266	0.975477
23160	-1563.893	-1631.334	67.44141	0.920387	0.923411	0.922609	0.920093	0.927957	0.928158	0.924267	0.924646	0.925527	0.925064
23170	-1557.774	-1625.215	67.44141	0.976581	0.97979	0.978939	0.976269	0.984614	0.984827	0.980698	0.981101	0.982035	0.981544
23180	-1558.044	-1625.486	67.44141	0.957148	0.960293	0.959459	0.956842	0.965021	0.96523	0.961184	0.961578	0.962494	0.962013
23190	-1557.907	-1625.348	67.44141	0.959375	0.958542	0.966735	0.969912	0.965845	0.963211	0.964129	0.964338	0.963856	0.964251
23200	-1557.626	-1625.068	67.44141	0.968852	0.969062	0.96946	0.966816	0.966333	0.969508	0.970431	0.969588	0.965523	0.973776
23210	-1558.366	-1625.807	67.44141	0.985367	0.985581	0.985985	0.983296	0.982805	0.986034	0.986973	0.986116	0.981982	0.990375
23220	-1558.48	-1625.921	67.44141	0.986544	0.982408	0.983344	0.991749	0.991253	0.990393	0.990799	0.994054	0.99427	0.991559
23230	-1557.978	-1625.419	67.44141	0.980451	0.980853	0.980363	0.980575	0.98151	0.978833	0.974729	0.977932	0.98629	0.985434
23240	-1558.555	-1625.996	67.44141	0.951047	0.954171	0.951569	0.950743	0.950949	0.959077	0.959471	0.955448	0.95497	0.95588
23250	-1557.651	-1625.093	67.44141	0.966396	0.974656	0.97057	0.969727	0.970651	0.97384	0.973353	0.970699	0.971097	0.971308
23260	-1557.638	-1625.08	67.44141	0.97152	0.972446	0.97196	0.967885	0.968282	0.976558	0.97677	0.975922	0.973261	0.976458
23270	-1560.132	-1627.573	67.44141	0.998589	1.00712	1.0029	1.00203	1.00299	1.00628	1.00578	1.00304	1.00345	1.00366
23280	-1557.868	-1625.309	67.44141	0.960106	0.959626	0.96002	0.960935	0.961143	0.957114	0.954503	0.962662	0.965825	0.964986
23290	-1557.657	-1625.098	67.44141	0.9727	0.971855	0.980162	0.983382	0.97926	0.976589	0.977519	0.977732	0.977243	0.977644
23300	-1557.63	-1625.071	67.44141	0.970609	0.978905	0.978055	0.973955	0.977155	0.978085	0.975418	0.97493	0.975142	0.975542
23310	-1557.882	-1625.324	67.44141	0.95983	0.958996	0.962147	0.970371	0.967724	0.963667	0.963876	0.964795	0.965191	0.964708
23320	-1557.631	-1625.072	67.44141	0.96805	0.96826	0.968658	0.966016	0.965533	0.968706	0.969628	0.968786	0.964725	0.972971
23330	-1558.206	-1625.648	67.44141	0.98356	0.980878	0.981091	0.984314	0.984718	0.983863	0.983371	0.991776	0.992721	0.988559
23340	-1557.976	-1625.418	67.44141	0.958197	0.957365	0.96051	0.96872	0.966078	0.962028	0.962237	0.963153	0.963549	0.963067
23350	-1558.019	-1625.461	67.44141	0.957521	0.95491	0.958047	0.958255	0.957423	0.957816	0.966003	0.96552	0.961472	0.962388
23360	-1557.911	-1625.353	67.44141	0.959293	0.959501	0.959895	0.957277	0.956798	0.959942	0.960856	0.960022	0.955997	0.964168
23370	-1557.771	-1625.213	67.44141	0.976529	0.977459	0.97697	0.972875	0.973274	0.981593	0.981806	0.980953	0.978278	0.981492
23380	-1558.264	-1625.705	67.44141	0.95423	0.955139	0.951134	0.950659	0.958784	0.959178	0.958345	0.958553	0.961702	0.95908
23390	-1558.007	-1625.448	67.44141	0.980893	0.981106	0.97843	0.978832	0.982048	0.981557	0.980704	0.981639	0.990029	0.985878
23400	-1559.911	-1627.352	67.44141	0.940346	0.93953	0.94756	0.950673	0.946688	0.944106	0.945005	0.94521	0.944738	0.945125
23410	-1558.268	-1625.709	67.44141	0.954185	0.953357	0.961505	0.964664	0.96062	0.958001	0.958913	0.959121	0.958642	0.959035
23420	-1557.645	-1625.086	67.44141	0.96681	0.96597	0.969144	0.977428	0.974762	0.970676	0.970886	0.971811	0.97221	0.971724
23430	-1557.757	-1625.199	67.44141	0.962563	0.959938	0.960146	0.9633	0.963696	0.962859	0.962377	0.970603	0.971528	0.967455
23440	-1557.626	-1625.067	67.44141	0.969562	0.966918	0.970095	0.970305	0.969463	0.969861	0.97815	0.977661	0.973563	0.97449
23450	-1559.475	-1626.917	67.44141	0.943332	0.942513	0.950569	0.953692	0.949694	0.947104	0.948006	0.948212	0.947738	0.948127
23460	-1557.818	-1625.259	67.44141	0.97758	0.985936	0.98508	0.98095	0.984173	0.98511	0.982424	0.981933	0.982146	0.982549
23470	-1557.626	-1625.067	67.44141	0.969477	0.966833	0.967043	0.97022	0.970618	0.969775	0.96929	0.977575	0.978506	0.974404
23480	-1558.13	-1625.571	67.44141	0.9826	0.97992	0.980133	0.983353	0.983757	0.982902	0.982411	0.990808	0.991752	0.987594
23490	-1557.648	-1625.089	67.44141	0.966618	0.966135	0.966532	0.967452	0.967662	0.963605	0.960978	0.969191	0.972376	0.971531
23500	-1557.629	-1625.07	67.44141	0.968345	0.967861	0.968783	0.969181	0.965117	0.965327	0.973578	0.970923	0.970079	0.973267
23510	-1557.734	-1625.175	67.44141	0.97555	0.975062	0.975991	0.976392	0.972298	0.972509	0.980821	0.978147	0.977297	0.980508
23520	-1557.647	-1625.088	67.44141	0.97214	0.972539	0.97275	0.972264	0.969613	0.970536	0.973725	0.969643	0.968801	0.977081
23530	-1558.11	-1625.551	67.44141	0.982338	0.981485	0.98471	0.993127	0.990418	0.986266	0.98648	0.98742	0.987825	0.987331
23540	-1557.642	-1625.083	67.44141	0.971778	0.972177	0.971691	0.971902	0.972828	0.970175	0.966107	0.969281	0.977566	0.976717
23550	-1558.983	-1626.424	67.44141	0.990954	0.990459	0.991402	0.991809	0.987651	0.987866	0.996309	0.993592	0.992729	0.995991
23560	-1557.665	-1625.107	67.44141	0.965652	0.973905	0.973059	0.96898	0.972164	0.97309	0.970436	0.969951	0.970161	0.970559
23570	-1557.856	-1625.297	67.44141	0.978347	0.978559	0.978961	0.976291	0.975803	0.979009	0.979942	0.979091	0.974986	0.98332
23580	-1558.457	-1625.899	67.44141	0.952052	0.951576	0.952482	0.952873	0.948878	0.949084	0.957196	0.954586	0.953757	0.956891
23590	-1558.596	-1626.037	67.44141	0.987658	0.988599	0.984454	0.983962	0.992372	0.992779	0.991917	0.992132	0.995392	0.992678
23600	-1558.179	-1625.62	67.44141	0.955295	0.958434	0.957601	0.95499	0.963153	0.963362	0.959323	0.959716	0.960631	0.96015
23610	-1557.671	-1625.113	67.44141	0.965377	0.964538	0.967707	0.975979	0.973317	0.969236	0.969447	0.97037	0.970768	0.970283
23620	-1557.934	-1625.376	67.44141	0.979751	0.977079	0.977291	0.980502	0.980905	0.980053	0.979563	0.987936	0.988877	0.984731
23630	-1557.697	-1625.138	67.44141	0.974378	0.970293	0.978587	0.979519	0.978668	0.978179	0.981393	0.981796	0.979118	0.979331
23640	-1558.79	-1626.231	67.44141	0.948818	0.949207	0.948733	0.948938	0.949842	0.947252	0.943281	0.94638	0.954469	0.95364
23650	-1557.817	-1625.259	67.44141	0.977563	0.973465	0.974392	0.982721	0.982229	0.981376	0.981779	0.985005	0.985218	0.982532
23660	-1557.661	-1625.102	67.44141	0.965875	0.966272	0.966481	0.965998	0.963364	0.964281	0.96745	0.963394	0.962557	0.970784
23670	-1557.791	-1625.233	67.44141	0.976992	0.972896	0.973823	0.982147	0.981656	0.980803	0.981206	0.984429	0.984643	0.981958
23680	-1557.665	-1625.106	67.44141	0.965685	0.961637	0.969856	0.97078	0.969937	0.969452	0.972637	0.973037	0.970383	0.970594
23690	-1557.678	-1625.119	67.44141	0.973678	0.974078	0.973591	0.973802	0.974729	0.972071	0.967996	0.971176	0.979477	0.978627
23700	-1557.885	-1625.327	67.44141	0.978899	0.976229	0.976441	0.979649	0.980051	0.9792	0.978711	0.987076	0.988016	0.983874
23710	-1557.869	-1625.31	67.44141	0.960078	0.963233	0.960606	0.959772	0.95998	0.968185	0.968583	0.964522	0.96404	0.964958
23720	-1558.56	-1626.001	67.44141	0.950997	0.954122	0.95152	0.950693	0.9509	0.959027	0.959421	0.955399	0.954921	0.955831
23730	-1557.626	-1625.067	67.44141	0.969101	0.968259	0.976535	0.979744	0.975636	0.972976	0.973903	0.974114	0.973627	0.974027
23740	-1558.273	-1625.715	67.44141	0.984348	0.992761	0.988599	0.987741	0.988681	0.99193	0.991434	0.98873	0.989136	0.989351
23750	-1557.798	-1625.239	67.44141	0.961575	0.960739	0.963896	0.972135	0.969484	0.965419	0.965629	0.966549	0.966945	0.966462
23760	-1557.976	-1625.417	67.44141	0.980419	0.981353	0.977238	0.97675	0.985098	0.985503	0.984647	0.98486	0.988096	0.985402
23770	-1558.087	-1625.529	67.44141	0.956527	0.956048	0.956959	0.957352	0.953338	0.953545	0.961695	0.959073	0.95824	0.961388
23780	-1557.631	-1625.073	67.44141	0.970836	0.971761	0.967687	0.967203	0.97547	0.97587	0.975023	0.975234	0.978438	0.97577
23790	-1557.709	-1625.15	67.44141	0.963978	0.961349	0.964508	0.964717	0.963879	0.964275	0.972517	0.97203	0.967955	0.968877
23800	-1557.831	-1625.272	67.44141	0.977844	0.978057	0.978458	0.97579	0.975302	0.978506	0.979438	0.978588	0.974485	0.982814
23810	-1558.465	-1625.906	67.44141	0.951972	0.949376	0.949582	0.952702	0.953093	0.952265	0.951789	0.959924	0.960839	0.956811
23820	-1559.137	-1626.578	67.44141	0.992134	0.987974	0.996419	0.997368	0.996502	0.996004	0.999276	0.999686	0.99696	0.997176
23830	-1557.631	-1625.073	67.44141	0.970822	0.966752	0.967673	0.975944	0.975456	0.974609	0.975009	0.978212	0.978425	0.975756
23840	-1557.805	-1625.247	67.44141	0.961397	0.960562	0.968772	0.971955	0.96788	0.965241	0.96616	0.96637	0.965887	0.966283
23850	-1558.025	-1625.467	67.44141	0.981162	0.981565	0.981778	0.981287	0.978611	0.979543	0.982761	0.978641	0.977791	0.986149
23860	-1557.722	-1625.163	67.44141	0.963558	0.963076	0.963993	0.964389	0.960346	0.960554	0.968764	0.966123	0.965284	0.968455
23870	-1557.71	-1625.151	67.44141	0.963927	0.96309	0.971322	0.974513	0.970428	0.967781	0.968703	0.968913	0.968429	0.968826
23880	-1557.839	-1625.28	67.44141	0.978008	0.97822	0.978621	0.975953	0.975465	0.97867	0.979602	0.978751	0.974648	0.982978
23890	-1557.632	-1625.074	67.44141	0.967856	0.971036	0.970193	0.967547	0.975817	0.976029	0.971937	0.972336	0.973262	0.972776
23900	-1557.629	-1625.071	67.44141	0.968286	0.969209	0.965145	0.964663	0.972908	0.973307	0.972462	0.972673	0.975869	0.973208
23910	-1559.396	-1626.837	67.44141	0.943912	0.944811	0.94085	0.94038	0.948418	0.948807	0.947983	0.948188	0.951304	0.948709
23920	-1559.984	-1627.425	67.44141	0.997724	0.993541	0.994488	1.00299	1.00249	1.00162	1.00203	1.00532	1.00554	1.0028
23930	-1559.08	-1626.521	67.44141	0.946349	0.942382	0.94328	0.951342	0.950866	0.950041	0.95043	0.953553	0.95376	0.951159
23940	-1557.791	-1625.233	67.44141	0.976998	0.972902	0.973829	0.982153	0.981662	0.980809	0.981212	0.984435	0.984649	0.981964
23950	-1557.626	-1625.067	67.44141	0.969583	0.96874	0.971923	0.980231	0.977557	0.973459	0.97367	0.974598	0.974998	0.97451
23960	-1558.031	-1625.472	67.44141	0.981246	0.989633	0.985484	0.984628	0.985566	0.988804	0.98831	0.985615	0.986019	0.986233
23970	-1558.45	-1625.892	67.44141	0.986245	0.983556	0.983769	0.987001	0.987406	0.986549	0.986056	0.994484	0.995431	0.991258
23980	-1557.627	-1625.068	67.44141	0.970049	0.965982	0.974239	0.975167	0.97432	0.973833	0.977033	0.977434	0.974768	0.97498
23990	-1557.713	-1625.155	67.44141	0.974928	0.97084	0.979138	0.980071	0.97922	0.97873	0.981946	0.982349	0.97967	0.979883
24000	-1558.454	-1625.896	67.44141	0.952085	0.952476	0.952	0.952207	0.953114	0.950514	0.946529	0.949639	0.957756	0.956924
24010	-1557.706	-1625.147	67.44141	0.9747	0.974911	0.972252	0.972651	0.975847	0.975359	0.974512	0.97544	0.983778	0.979653
24020	-1557.775	-1625.217	67.44141	0.976624	0.977025	0.977237	0.976748	0.974085	0.975013	0.978216	0.974115	0.973269	0.981588
24030	-1558.224	-1625.665	67.44141	0.983766	0.98398	0.981296	0.981699	0.984924	0.984432	0.983577	0.984514	0.992929	0.988766
24040	-1557.791	-1625.233	67.44141	0.976995	0.977926	0.973826	0.973339	0.981658	0.982061	0.981208	0.981421	0.984646	0.98196
24050	-1557.904	-1625.345	67.44141	0.979224	0.987594	0.983453	0.982599	0.983535	0.986767	0.986273	0.983584	0.983987	0.984201
24060	-1557.646	-1625.087	67.44141	0.966713	0.974975	0.970888	0.970045	0.970969	0.974159	0.973672	0.971017	0.971415	0.971626
24070	-1558.387	-1625.828	67.44141	0.952818	0.950219	0.953341	0.953548	0.95272	0.953111	0.961258	0.960777	0.956749	0.95766
24080	-1558.483	-1625.924	67.44141	0.951784	0.954911	0.954081	0.951479	0.959612	0.95982	0.955796	0.956189	0.957099	0.956621
24090	-1557.814	-1625.255	67.44141	0.961211	0.95859	0.958798	0.961948	0.962343	0.961507	0.961027	0.969241	0.970164	0.966097
24100	-1558.207	-1625.648	67.44141	0.954937	0.95446	0.955369	0.955761	0.951754	0.95196	0.960097	0.957479	0.956647	0.95979
24110	-1557.732	-1625.173	67.44141	0.963264	0.962428	0.96559	0.973843	0.971187	0.967116	0.967326	0.968247	0.968644	0.96816
24120	-1557.682	-1625.124	67.44141	0.973845	0.977045	0.976196	0.973534	0.981855	0.982068	0.977951	0.978352	0.979284	0.978795
24130	-1557.725	-1625.167	67.44141	0.963453	0.964371	0.960328	0.959848	0.968052	0.968449	0.967608	0.967818	0.970998	0.96835
24140	-1558.14	-1625.581	67.44141	0.955808	0.9518	0.952707	0.96085	0.96037	0.959536	0.95993	0.963084	0.963292	0.960665
24150	-1557.739	-1625.18	67.44141	0.963062	0.96327	0.963666	0.961038	0.960557	0.963713	0.964631	0.963794	0.959753	0.967956
24160	-1557.641	-1625.083	67.44141	0.971757	0.971968	0.972367	0.969715	0.969231	0.972415	0.973341	0.972496	0.968419	0.976696
24170	-1558.648	-1626.089	67.44141	0.988134	0.988349	0.985653	0.986058	0.989298	0.988803	0.987944	0.988885	0.997338	0.993156
24180	-1557.643	-1625.084	67.44141	0.966953	0.962899	0.963817	0.972055	0.971569	0.970725	0.971123	0.974314	0.974525	0.971868
24190	-1557.643	-1625.084	67.44141	0.971858	0.972784	0.972298	0.968221	0.968619	0.976898	0.97711	0.976261	0.973599	0.976798
24200	-1557.627	-1625.069	67.44141	0.96866	0.967819	0.970998	0.979298	0.976627	0.972533	0.972744	0.97367	0.97407	0.973583
24210	-1557.855	-1625.296	67.44141	0.978326	0.974224	0.982551	0.983487	0.982633	0.982142	0.985369	0.985773	0.983085	0.983298
24220	-1559.968	-1627.41	67.44141	0.939973	0.940868	0.936924	0.936455	0.944459	0.944847	0.944026	0.944231	0.947333	0.94475
24230	-1557.64	-1625.081	67.44141	0.971625	0.972551	0.972065	0.967989	0.968387	0.976664	0.976876	0.976027	0.973366	0.976564
24240	-1557.635	-1625.076	67.44141	0.971184	0.967112	0.968034	0.976308	0.97582	0.974972	0.975372	0.978577	0.978789	0.97612
24250	-1558.2	-1625.642	67.44141	0.955018	0.95454	0.954932	0.955842	0.956049	0.952041	0.949445	0.95756	0.960706	0.959872
24260	-1557.675	-1625.116	67.44141	0.965223	0.968394	0.965753	0.964914	0.965124	0.973373	0.973772	0.96969	0.969205	0.970128
24270	-1558.573	-1626.014	67.44141	0.987444	0.988385	0.987891	0.983749	0.984153	0.992565	0.99278	0.991918	0.989213	0.992463
24280	-1557.626	-1625.068	67.44141	0.968956	0.968114	0.976389	0.979597	0.97549	0.97283	0.973757	0.973968	0.973481	0.97388
24290	-1558.219	-1625.661	67.44141	0.954778	0.953948	0.957083	0.965263	0.962631	0.958595	0.958803	0.959716	0.96011	0.95963
24300	-1558.922	-1626.363	67.44141	0.947659	0.945075	0.94818	0.948385	0.947562	0.947951	0.956053	0.955575	0.951569	0.952475
24310	-1558.286	-1625.727	67.44141	0.953968	0.957102	0.954492	0.953663	0.95387	0.962023	0.962418	0.958383	0.957904	0.958817
24320	-1557.867	-1625.308	67.44141	0.978554	0.975885	0.979092	0.979304	0.978453	0.978855	0.987222	0.986728	0.982591	0.983527
24330	-1557.64	-1625.082	67.44141	0.967131	0.964494	0.967663	0.967873	0.967032	0.967429	0.975698	0.97521	0.971122	0.972047
24340	-1557.669	-1625.11	67.44141	0.965493	0.965011	0.965407	0.966326	0.966536	0.962484	0.959859	0.968063	0.971244	0.9704
24350	-1557.686	-1625.127	67.44141	0.97398	0.973493	0.973892	0.97482	0.975032	0.970944	0.968296	0.976572	0.979781	0.97893
24360	-1557.924	-1625.365	67.44141	0.959079	0.958599	0.958993	0.959906	0.960114	0.956089	0.953482	0.961632	0.964791	0.963953
24370	-1557.952	-1625.393	67.44141	0.980038	0.979187	0.987557	0.990801	0.986647	0.983957	0.984894	0.985108	0.984615	0.985019
24380	-1557.686	-1625.128	67.44141	0.973999	0.977199	0.974534	0.973688	0.973899	0.982223	0.982626	0.978507	0.978017	0.978949
24390	-1558.145	-1625.587	67.44141	0.955731	0.955253	0.955645	0.956556	0.956763	0.952752	0.950154	0.958275	0.961424	0.960589
24400	-1557.663	-1625.105	67.44141	0.965749	0.965958	0.963324	0.963719	0.966886	0.966402	0.965563	0.966483	0.974744	0.970657
24410	-1558.097	-1625.538	67.44141	0.982168	0.97805	0.978982	0.98735	0.986856	0.985999	0.986404	0.989644	0.989859	0.98716
24420	-1557.941	-1625.382	67.44141	0.979853	0.977181	0.977393	0.980604	0.981006	0.980154	0.979664	0.988038	0.988979	0.984833
24430	-1557.674	-1625.115	67.44141	0.965281	0.973532	0.972686	0.968608	0.971791	0.972716	0.970064	0.969579	0.969789	0.970187
24440	-1557.891	-1625.332	67.44141	0.978994	0.979927	0.979437	0.975331	0.975731	0.984071	0.984284	0.98343	0.980748	0.98397
24450	-1559.151	-1626.593	67.44141	0.945777	0.944955	0.94806	0.956163	0.953556	0.949558	0.949764	0.950669	0.951059	0.950583
24460	-1557.737	-1625.178	67.44141	0.975634	0.97884	0.97617	0.975323	0.975534	0.983872	0.984276	0.98015	0.97966	0.980593
24470	-1558.619	-1626.06	67.44141	0.95042	0.946435	0.954525	0.955434	0.954604	0.954127	0.957262	0.957655	0.955043	0.95525
24480	-1558.156	-1625.598	67.44141	0.982942	0.983346	0.982854	0.983067	0.984004	0.98132	0.977206	0.980417	0.988797	0.987938
24490	-1557.633	-1625.074	67.44141	0.970961	0.97926	0.975154	0.974308	0.975236	0.97844	0.977951	0.975284	0.975684	0.975896
24500	-1557.686	-1625.127	67.44141	0.973997	0.982322	0.981469	0.977354	0.980565	0.981499	0.978823	0.978333	0.978545	0.978947
24510	-1557.653	-1625.095	67.44141	0.972518	0.968441	0.976719	0.977649	0.9768	0.976312	0.979519	0.979921	0.977249	0.977461
24520	-1557.897	-1625.339	67.44141	0.979115	0.978625	0.979557	0.979959	0.975851	0.976063	0.984405	0.981721	0.980868	0.984091
24530	-1557.65	-1625.092	67.44141	0.966445	0.96381	0.966976	0.967186	0.966346	0.966743	0.975006	0.974518	0.970433	0.971357
24540	-1558.037	-1625.478	67.44141	0.957257	0.953244	0.954152	0.962307	0.961826	0.960991	0.961385	0.964544	0.964753	0.962122
24550	-1557.716	-1625.158	67.44141	0.963731	0.961103	0.964261	0.96447	0.963632	0.964028	0.972268	0.971782	0.967707	0.968629
24560	-1559.226	-1626.667	67.44141	0.945193	0.944372	0.952444	0.955573	0.951567	0.948972	0.949876	0.950082	0.949607	0.949997
24570	-1557.655	-1625.097	67.44141	0.96617	0.96638	0.966777	0.96414	0.963658	0.966824	0.967745	0.966905	0.962851	0.971081
24580	-1557.646	-1625.087	67.44141	0.966717	0.96408	0.96429	0.967458	0.967855	0.967014	0.966531	0.974792	0.975721	0.97163
24590	-1558.344	-1625.785	67.44141	0.985132	0.981002	0.989387	0.990329	0.989469	0.988974	0.992224	0.992631	0.989924	0.990139
24600	-1557.719	-1625.161	67.44141	0.963629	0.959589	0.967791	0.968713	0.967872	0.967388	0.970566	0.970964	0.968317	0.968527
24610	-1557.627	-1625.068	67.44141	0.968834	0.969044	0.969442	0.966798	0.966315	0.96949	0.970413	0.96957	0.965506	0.973758
24620	-1557.753	-1625.195	67.44141	0.962665	0.958629	0.959543	0.967744	0.96726	0.96642	0.966817	0.969993	0.970204	0.967558
24630	-1557.63	-1625.072	67.44141	0.96814	0.976415	0.975567	0.971477	0.974669	0.975598	0.972937	0.972451	0.972662	0.973061
24640	-1558.648	-1626.09	67.44141	0.98814	0.983997	0.992407	0.993353	0.99249	0.991994	0.995253	0.995662	0.992946	0.993162
24650	-1557.847	-1625.288	67.44141	0.960519	0.968729	0.964668	0.96383	0.964748	0.967918	0.967434	0.964796	0.965192	0.965401
24660	-1557.741	-1625.182	67.44141	0.975743	0.984083	0.983229	0.979107	0.982324	0.983259	0.980578	0.980088	0.9803	0.980703
24670	-1557.628	-1625.069	67.44141	0.968569	0.976848	0.972752	0.971908	0.972833	0.97603	0.975542	0.972881	0.973281	0.973492
24680	-1559.475	-1626.916	67.44141	0.994518	0.994926	0.995142	0.994644	0.991932	0.992877	0.996139	0.991963	0.991101	0.999573
24690	-1558.361	-1625.803	67.44141	0.953102	0.953309	0.9537	0.951099	0.950624	0.953747	0.954656	0.953827	0.949828	0.957946
24700	-1557.641	-1625.082	67.44141	0.967108	0.966625	0.967022	0.967943	0.968153	0.964094	0.961465	0.969683	0.972869	0.972024
24710	-1557.803	-1625.244	67.44141	0.961452	0.96967	0.965604	0.964766	0.965685	0.968858	0.968373	0.965732	0.966129	0.966338
24720	-1559.878	-1627.319	67.44141	0.997089	0.992908	0.993854	1.00235	1.00185	1.00098	1.00139	1.00468	1.0049	1.00216
24730	-1558.548	-1625.989	67.44141	0.987206	0.986712	0.987652	0.988058	0.983915	0.984129	0.99254	0.989834	0.988974	0.992223
24740	-1558.294	-1625.736	67.44141	0.984585	0.980457	0.988838	0.98978	0.98892	0.988426	0.991673	0.99208	0.989375	0.989589
24750	-1558.189	-1625.631	67.44141	0.955159	0.951155	0.959285	0.960199	0.959365	0.958885	0.962036	0.962431	0.959806	0.960014
24760	-1557.627	-1625.068	67.44141	0.968691	0.96605	0.966259	0.969434	0.969832	0.968989	0.968505	0.976783	0.977714	0.973615
24770	-1558.217	-1625.659	67.44141	0.954803	0.952199	0.952405	0.955535	0.955927	0.955097	0.954619	0.962778	0.963696	0.959655
24780	-1558.05	-1625.491	67.44141	0.981516	0.981025	0.981428	0.982363	0.982576	0.978457	0.975788	0.984129	0.987362	0.986505
24790	-1557.746	-1625.187	67.44141	0.962871	0.963266	0.963475	0.962993	0.960367	0.961282	0.96444	0.960397	0.959563	0.967764
24800	-1559.567	-1627.009	67.44141	0.942674	0.940103	0.943192	0.943397	0.942577	0.942964	0.951024	0.950548	0.946563	0.947465
24810	-1560.548	-1627.99	67.44141	0.936426	0.93681	0.937013	0.936545	0.933991	0.93488	0.937952	0.93402	0.933209	0.941185
24820	-1557.68	-1625.122	67.44141	0.973772	0.974172	0.974383	0.973896	0.97124	0.972165	0.975359	0.97127	0.970427	0.978721
24830	-1558.719	-1626.161	67.44141	0.988773	0.984628	0.985566	0.99399	0.993493	0.99263	0.993038	0.9963	0.996516	0.993799
24840	-1558.494	-1625.935	67.44141	0.951672	0.959807	0.955783	0.954953	0.955862	0.959003	0.958523	0.955909	0.956302	0.956509
24850	-1558.018	-1625.46	67.44141	0.98106	0.981462	0.980972	0.981185	0.982119	0.979441	0.975335	0.978539	0.986903	0.986046
24860	-1558.184	-1625.625	67.44141	0.983288	0.983691	0.983905	0.983413	0.980731	0.981665	0.98489	0.980761	0.97991	0.988285
24870	-1557.691	-1625.133	67.44141	0.964582	0.960538	0.961453	0.969671	0.969186	0.968344	0.968742	0.971925	0.972135	0.969484
24880	-1558.102	-1625.543	67.44141	0.982234	0.981743	0.982146	0.983082	0.983295	0.979173	0.976502	0.984849	0.988085	0.987226
24890	-1557.693	-1625.134	67.44141	0.974244	0.973756	0.974684	0.975084	0.970996	0.971207	0.979508	0.976837	0.975988	0.979195
24900	-1557.991	-1625.433	67.44141	0.980653	0.980866	0.978191	0.978593	0.981808	0.981317	0.980465	0.981399	0.989787	0.985638
24910	-1558.985	-1626.427	67.44141	0.990977	0.986823	0.987763	0.996205	0.995707	0.994843	0.995251	0.998521	0.998738	0.996014
24920	-1557.636	-1625.078	67.44141	0.967472	0.963416	0.964333	0.972576	0.972089	0.971245	0.971644	0.974836	0.975048	0.972389
24930	-1558.433	-1625.875	67.44141	0.986074	0.985581	0.985986	0.986925	0.987139	0.983001	0.98032	0.988699	0.991947	0.991086
24940	-1558.372	-1625.814	67.44141	0.952977	0.953184	0.950585	0.950975	0.954099	0.953622	0.952794	0.953702	0.961853	0.957821
24950	-1558.105	-1625.546	67.44141	0.95628	0.959422	0.958589	0.955975	0.964146	0.964355	0.960312	0.960706	0.961621	0.961141
24960	-1557.656	-1625.097	67.44141	0.966124	0.969298	0.968456	0.965815	0.97407	0.974282	0.970197	0.970595	0.97152	0.971034
24970	-1557.766	-1625.207	67.44141	0.962342	0.962737	0.962255	0.962464	0.963381	0.960754	0.956726	0.959869	0.968074	0.967233
24980	-1557.716	-1625.157	67.44141	0.963747	0.966913	0.966074	0.963439	0.971674	0.971885	0.96781	0.968207	0.96913	0.968645
24990	-1557.987	-1625.428	67.44141	0.980586	0.980989	0.981201	0.980711	0.978036	0.978968	0.982184	0.978067	0.977217	0.98557
25000	-1559.645	-1627.087	67.44141	0.995637	0.996046	0.996262	0.995764	0.993048	0.993994	0.99726	0.993079	0.992217	1.0007
25010	-1558.344	-1625.785	67.44141	0.985132	0.985536	0.985043	0.985257	0.986196	0.983506	0.979383	0.982601	0.990999	0.990139
25020	-1557.655	-1625.096	67.44141	0.972596	0.972807	0.970154	0.970552	0.973741	0.973254	0.972409	0.973336	0.981655	0.977539
25030	-1557.665	-1625.106	67.44141	0.965687	0.963053	0.966218	0.966427	0.965588	0.965984	0.974241	0.973754	0.969671	0.970595
25040	-1559.293	-1626.735	67.44141	0.993269	0.996532	0.995667	0.992952	1.00144	1.00166	0.997457	0.997866	0.998817	0.998317
25050	-1558.294	-1625.736	67.44141	0.953868	0.954075	0.951473	0.951864	0.954991	0.954514	0.953685	0.954593	0.962752	0.958716
25060	-1557.628	-1625.07	67.44141	0.968397	0.965756	0.968929	0.969139	0.968298	0.968695	0.976975	0.976486	0.972392	0.973319
25070	-1557.692	-1625.133	67.44141	0.974205	0.974416	0.971759	0.972158	0.975352	0.974864	0.974018	0.974946	0.983279	0.979156
25080	-1557.825	-1625.267	67.44141	0.960962	0.964119	0.963282	0.960655	0.968866	0.969076	0.965013	0.96541	0.966329	0.965846
25090	-1558.662	-1626.103	67.44141	0.950004	0.949179	0.952298	0.960437	0.957818	0.953803	0.95401	0.954918	0.95531	0.954833
25100	-1557.675	-1625.117	67.44141	0.973566	0.974494	0.974007	0.969923	0.970321	0.978615	0.978827	0.977977	0.97531	0.978515
25110	-1557.696	-1625.137	67.44141	0.964409	0.964805	0.964322	0.964531	0.96545	0.962817	0.958781	0.961931	0.970153	0.96931
25120	-1557.731	-1625.173	67.44141	0.96328	0.962798	0.963715	0.964111	0.960069	0.960277	0.968485	0.965844	0.965005	0.968176
25130	-1557.727	-1625.169	67.44141	0.963395	0.959356	0.967556	0.968478	0.967637	0.967153	0.97033	0.970729	0.968081	0.968291
25140	-1557.636	-1625.078	67.44141	0.967474	0.964836	0.965045	0.968216	0.968613	0.967772	0.967288	0.975556	0.976485	0.972391
25150	-1557.84	-1625.281	67.44141	0.978027	0.978428	0.97864	0.978151	0.975483	0.976413	0.979621	0.975514	0.974667	0.982997
25160	-1557.89	-1625.332	67.44141	0.978988	0.974883	0.975812	0.984153	0.98366	0.982806	0.98321	0.98644	0.986654	0.983963
25170	-1558.252	-1625.693	67.44141	0.95438	0.95529	0.951285	0.950809	0.958936	0.95933	0.958496	0.958704	0.961854	0.959231
25180	-1557.931	-1625.373	67.44141	0.979696	0.978845	0.987211	0.990455	0.986302	0.983613	0.98455	0.984763	0.984271	0.984675
25190	-1557.707	-1625.148	67.44141	0.964026	0.972266	0.96819	0.967349	0.96827	0.971452	0.970966	0.968318	0.968715	0.968926
25200	-1557.714	-1625.156	67.44141	0.963789	0.963998	0.961369	0.961764	0.964924	0.964441	0.963604	0.964522	0.972766	0.968688
25210	-1557.81	-1625.252	67.44141	0.961288	0.957258	0.95817	0.966359	0.965876	0.965037	0.965434	0.968606	0.968816	0.966174
25220	-1557.927	-1625.369	67.44141	0.959015	0.962166	0.959542	0.958709	0.958917	0.967113	0.96751	0.963454	0.962972	0.96389
25230	-1557.686	-1625.128	67.44141	0.973999	0.982324	0.978206	0.977356	0.978287	0.981501	0.981011	0.978335	0.978737	0.978949
25240	-1557.639	-1625.08	67.44141	0.967252	0.966412	0.969587	0.977875	0.975208	0.971119	0.97133	0.972255	0.972654	0.972168
25250	-1557.668	-1625.11	67.44141	0.965523	0.96289	0.963099	0.966263	0.96666	0.96582	0.965337	0.973588	0.974516	0.97043
25260	-1557.634	-1625.075	67.44141	0.971114	0.971512	0.971027	0.971237	0.972163	0.969511	0.965447	0.968619	0.976898	0.97605
25270	-1557.665	-1625.106	67.44141	0.965691	0.963057	0.966221	0.966431	0.965591	0.965988	0.974244	0.973757	0.969675	0.970599
25280	-1557.998	-1625.439	67.44141	0.957854	0.957022	0.960166	0.968373	0.965732	0.961684	0.961892	0.962808	0.963204	0.962722
25290	-1557.737	-1625.179	67.44141	0.963106	0.964023	0.959982	0.959502	0.967703	0.9681	0.967259	0.967469	0.970648	0.968001
25300	-1558.152	-1625.594	67.44141	0.955641	0.954811	0.957948	0.966136	0.963501	0.959462	0.95967	0.960584	0.960978	0.960498
25310	-1558.495	-1625.936	67.44141	0.951663	0.949068	0.952186	0.952393	0.951566	0.951956	0.960093	0.959613	0.95559	0.9565
25320	-1558.222	-1625.663	67.44141	0.954747	0.950745	0.95165	0.959784	0.959305	0.958471	0.958865	0.962015	0.962224	0.9596
25330	-1559.306	-1626.748	67.44141	0.944579	0.944784	0.942208	0.942594	0.945691	0.945218	0.944398	0.945297	0.953377	0.94938
25340	-1558.121	-1625.563	67.44141	0.956054	0.956965	0.952953	0.952476	0.960617	0.961012	0.960177	0.960385	0.963541	0.960913
25350	-1557.636	-1625.077	67.44141	0.971302	0.970458	0.973647	0.981969	0.979291	0.975185	0.975397	0.976326	0.976727	0.976239
25360	-1558.207	-1625.648	67.44141	0.983563	0.98088	0.981093	0.984316	0.98472	0.983865	0.983373	0.991779	0.992723	0.988561
25370	-1560.145	-1627.586	67.44141	0.938855	0.934919	0.935809	0.943808	0.943336	0.942517	0.942904	0.946002	0.946207	0.943627
25380	-1558.34	-1625.781	67.44141	0.953342	0.95425	0.953773	0.949775	0.950165	0.958286	0.958494	0.957661	0.95505	0.958188
25390	-1557.645	-1625.087	67.44141	0.972016	0.972942	0.968863	0.968378	0.976655	0.977056	0.976208	0.97642	0.979628	0.976956
25400	-1557.628	-1625.069	67.44141	0.970304	0.969461	0.972646	0.98096	0.978285	0.974183	0.974395	0.975323	0.975723	0.975235
25410	-1557.686	-1625.127	67.44141	0.973986	0.974386	0.973898	0.97411	0.975038	0.972379	0.968302	0.971483	0.979787	0.978936
25420	-1558.235	-1625.676	67.44141	0.9839	0.984113	0.984517	0.981832	0.981341	0.984566	0.985504	0.984648	0.98052	0.9889
25430	-1558.505	-1625.946	67.44141	0.986787	0.987001	0.984309	0.984713	0.987949	0.987455	0.986597	0.987537	0.995978	0.991802
25440	-1557.734	-1625.175	67.44141	0.963205	0.963601	0.96381	0.963328	0.960701	0.961616	0.964775	0.960731	0.959896	0.968101
25450	-1557.675	-1625.117	67.44141	0.973576	0.970921	0.971131	0.974322	0.974722	0.973875	0.973389	0.981708	0.982644	0.978524
25460	-1560.124	-1627.566	67.44141	0.938981	0.939366	0.938897	0.9391	0.939995	0.937432	0.933501	0.936569	0.944574	0.943753
25470	-1557.633	-1625.075	67.44141	0.967749	0.967958	0.965319	0.965715	0.968888	0.968403	0.967562	0.968484	0.976762	0.972667
25480	-1557.647	-1625.088	67.44141	0.972108	0.975302	0.974455	0.971797	0.980103	0.980316	0.976206	0.976607	0.977537	0.977048
25490	-1557.978	-1625.42	67.44141	0.958164	0.958372	0.958765	0.95615	0.955672	0.958812	0.959726	0.958892	0.954872	0.963034
25500	-1558.201	-1625.642	67.44141	0.983493	0.980811	0.984034	0.984247	0.983392	0.983796	0.992205	0.991709	0.987551	0.988492
25510	-1557.767	-1625.208	67.44141	0.976411	0.979619	0.976948	0.976099	0.976311	0.984656	0.98506	0.98093	0.98044	0.981374
25520	-1557.68	-1625.122	67.44141	0.965008	0.960963	0.969176	0.9701	0.969257	0.968773	0.971955	0.972354	0.969703	0.969913
25530	-1560.766	-1628.208	67.44141	0.935177	0.943171	0.942351	0.938401	0.941484	0.942381	0.939811	0.939341	0.939545	0.93993
25540	-1558.037	-1625.478	67.44141	0.957256	0.957649	0.95717	0.957378	0.95829	0.955676	0.95167	0.954797	0.962957	0.962121
25550	-1559.243	-1626.685	67.44141	0.992912	0.990204	0.993457	0.993673	0.99281	0.993217	1.00171	1.00121	0.997008	0.997958
25560	-1557.889	-1625.331	67.44141	0.959697	0.960611	0.956584	0.956106	0.964278	0.964674	0.963836	0.964045	0.967212	0.964575
25570	-1557.786	-1625.227	67.44141	0.961848	0.962764	0.958728	0.958249	0.966439	0.966836	0.965996	0.966206	0.96938	0.966737
25580	-1557.926	-1625.368	67.44141	0.979617	0.979829	0.980232	0.977558	0.97707	0.98028	0.981214	0.980362	0.976252	0.984596
25590	-1558.398	-1625.839	67.44141	0.98571	0.981577	0.989967	0.99091	0.99005	0.989555	0.992806	0.993213	0.990505	0.99072
25600	-1557.632	-1625.073	67.44141	0.970868	0.970025	0.973212	0.98153	0.978854	0.97475	0.974961	0.97589	0.976291	0.975802
25610	-1557.628	-1625.069	67.44141	0.970328	0.973516	0.970861	0.970018	0.970228	0.978521	0.978923	0.974819	0.974331	0.975259
25620	-1558.523	-1625.965	67.44141	0.98697	0.984279	0.984492	0.987727	0.988132	0.987274	0.986781	0.995215	0.996163	0.991987
25630	-1558.014	-1625.455	67.44141	0.957609	0.958521	0.958042	0.954025	0.954417	0.962575	0.962783	0.961947	0.959324	0.962476
25640	-1557.744	-1625.185	67.44141	0.962916	0.96208	0.970303	0.973491	0.96941	0.966767	0.967687	0.967897	0.967413	0.967811
25650	-1557.868	-1625.309	67.44141	0.960106	0.96102	0.956991	0.956513	0.964688	0.965084	0.964246	0.964455	0.967624	0.964985
25660	-1557.916	-1625.357	67.44141	0.959216	0.958383	0.966574	0.96975	0.965684	0.963051	0.963968	0.964177	0.963695	0.964091
25670	-1558.773	-1626.214	67.44141	0.948974	0.9485	0.948889	0.949793	0.949999	0.946016	0.943436	0.9515	0.954627	0.953797
25680	-1557.909	-1625.35	67.44141	0.959344	0.967544	0.963487	0.962651	0.963568	0.966734	0.96625	0.963615	0.964011	0.96422
25690	-1557.798	-1625.239	67.44141	0.977143	0.977545	0.977056	0.977268	0.978199	0.975531	0.971441	0.974633	0.982963	0.98211
25700	-1557.744	-1625.186	67.44141	0.962907	0.971137	0.970294	0.966226	0.9694	0.970324	0.967678	0.967194	0.967404	0.967801
25710	-1557.645	-1625.087	67.44141	0.972029	0.980337	0.976227	0.975379	0.976309	0.979516	0.979027	0.976357	0.976757	0.976969
25720	-1557.689	-1625.131	67.44141	0.964645	0.964854	0.962223	0.962617	0.96578	0.965297	0.964459	0.965378	0.973629	0.969547
25730	-1557.652	-1625.094	67.44141	0.966329	0.966725	0.966935	0.966451	0.963816	0.964734	0.967904	0.963846	0.963009	0.97124
25740	-1558.548	-1625.989	67.44141	0.987204	0.995642	0.994777	0.990607	0.993862	0.994808	0.992096	0.9916	0.991815	0.992222
25750	-1558.292	-1625.733	67.44141	0.953896	0.953068	0.956199	0.964372	0.961742	0.95771	0.957918	0.958831	0.959224	0.958744
25760	-1557.891	-1625.332	67.44141	0.978999	0.974895	0.975823	0.984164	0.983672	0.982818	0.983221	0.986452	0.986666	0.983975
25770	-1557.709	-1625.151	67.44141	0.963957	0.96312	0.966284	0.974543	0.971886	0.967811	0.968021	0.968943	0.969341	0.968856
25780	-1557.904	-1625.346	67.44141	0.979238	0.978388	0.98675	0.989992	0.985842	0.983154	0.98409	0.984304	0.983811	0.984215
25790	-1557.861	-1625.302	67.44141	0.960234	0.963389	0.962552	0.959927	0.968132	0.968342	0.964282	0.964678	0.965597	0.965114
25800	-1557.648	-1625.089	67.44141	0.966602	0.963966	0.967133	0.967343	0.966503	0.9669	0.975164	0.974676	0.97059	0.971515
25810	-1557.688	-1625.129	67.44141	0.974056	0.982382	0.978263	0.977414	0.978345	0.981559	0.981068	0.978393	0.978795	0.979007
25820	-1559.367	-1626.809	67.44141	0.993785	0.993288	0.994235	0.994643	0.990473	0.990688	0.999155	0.996431	0.995565	0.998836
25830	-1558.314	-1625.755	67.44141	0.953643	0.954034	0.954241	0.953764	0.951163	0.952069	0.955197	0.951193	0.950367	0.95849
25840	-1558.3	-1625.741	67.44141	0.953808	0.956942	0.954333	0.953504	0.953711	0.961862	0.962257	0.958223	0.957744	0.958656
25850	-1557.769	-1625.211	67.44141	0.962256	0.963173	0.959135	0.958655	0.966849	0.967246	0.966406	0.966615	0.969791	0.967147
25860	-1557.628	-1625.07	67.44141	0.970371	0.971295	0.967223	0.96674	0.975003	0.975403	0.974556	0.974767	0.97797	0.975303
25870	-1558.775	-1626.216	67.44141	0.989255	0.992505	0.989798	0.988939	0.989153	0.997608	0.998017	0.993833	0.993336	0.994283
25880	-1557.635	-1625.076	67.44141	0.971199	0.967127	0.968048	0.976323	0.975834	0.974987	0.975387	0.978592	0.978804	0.976135
25890	-1558.237	-1625.679	67.44141	0.954557	0.950556	0.951461	0.959594	0.959114	0.958281	0.958674	0.961824	0.962033	0.959409
25900	-1558.614	-1626.055	67.44141	0.950467	0.949642	0.957758	0.960905	0.956877	0.954267	0.955176	0.955384	0.954906	0.955298
25910	-1557.628	-1625.069	67.44141	0.97025	0.973438	0.970783	0.96994	0.970151	0.978443	0.978844	0.974741	0.974253	0.975181
25920	-1557.649	-1625.091	67.44141	0.972276	0.973202	0.969122	0.968637	0.976916	0.977317	0.976469	0.97668	0.979889	0.977217
25930	-1557.94	-1625.382	67.44141	0.979845	0.975737	0.976667	0.985015	0.984522	0.983667	0.984071	0.987304	0.987518	0.984825
25940	-1557.629	-1625.071	67.44141	0.970512	0.967865	0.971045	0.971256	0.970412	0.97081	0.979108	0.978619	0.974516	0.975444
25950	-1559.19	-1626.631	67.44141	0.992523	0.989816	0.993068	0.993283	0.992421	0.992828	1.00131	1.00081	0.996618	0.997567
25960	-1557.674	-1625.116	67.44141	0.965246	0.964408	0.967577	0.975847	0.973185	0.969106	0.969316	0.970239	0.970637	0.970152
25970	-1558.027	-1625.468	67.44141	0.957408	0.95693	0.957841	0.958234	0.954217	0.954424	0.962582	0.959957	0.959123	0.962274
25980	-1557.897	-1625.339	67.44141	0.95955	0.959758	0.957141	0.957534	0.96068	0.960199	0.959365	0.960279	0.968487	0.964427
25990	-1558.068	-1625.509	67.44141	0.956799	0.95419	0.954397	0.957533	0.957926	0.957094	0.956615	0.964792	0.965711	0.961662
26000	-1557.784	-1625.226	67.44141	0.961886	0.965046	0.964208	0.961579	0.969798	0.970008	0.965941	0.966338	0.967258	0.966775
26010	-1557.643	-1625.084	67.44141	0.966938	0.966098	0.974356	0.977557	0.973459	0.970804	0.971729	0.97194	0.971454	0.971853
26020	-1558.059	-1625.5	67.44141	0.956931	0.954321	0.954528	0.957664	0.958057	0.957225	0.956747	0.964924	0.965843	0.961794
26030	-1559.578	-1627.019	67.44141	0.995199	0.994701	0.995109	0.996057	0.996273	0.992097	0.989391	0.997848	1.00113	1.00026
26040	-1557.628	-1625.069	67.44141	0.968526	0.968736	0.969133	0.96649	0.966007	0.969181	0.970104	0.969262	0.965198	0.973448
26050	-1558.37	-1625.812	67.44141	0.985415	0.988653	0.985956	0.9851	0.985314	0.993736	0.994144	0.989976	0.989481	0.990423
26060	-1557.631	-1625.072	67.44141	0.96802	0.963961	0.972201	0.973127	0.972282	0.971796	0.974988	0.975389	0.972729	0.97294
26070	-1557.851	-1625.292	67.44141	0.960434	0.9596	0.967802	0.970982	0.966911	0.964274	0.965193	0.965402	0.964919	0.965315
26080	-1558.275	-1625.716	67.44141	0.954101	0.953272	0.96142	0.964579	0.960535	0.957916	0.958828	0.959036	0.958557	0.95895
26090	-1558.005	-1625.447	67.44141	0.980866	0.984088	0.981405	0.980552	0.980765	0.989148	0.989554	0.985405	0.984913	0.985851
26100	-1557.76	-1625.201	67.44141	0.976244	0.976456	0.976857	0.974193	0.973706	0.976905	0.977835	0.976986	0.97289	0.981206
26110	-1557.659	-1625.101	67.44141	0.965944	0.966154	0.96655	0.963914	0.963432	0.966598	0.967519	0.966678	0.962626	0.970853
26120	-1557.838	-1625.279	67.44141	0.97799	0.977141	0.985493	0.988731	0.984586	0.981901	0.982836	0.983049	0.982558	0.982961
26130	-1558.016	-1625.458	67.44141	0.957565	0.960711	0.959877	0.957259	0.965441	0.96565	0.961602	0.961997	0.962913	0.962432
26140	-1557.714	-1625.155	67.44141	0.974942	0.974095	0.982421	0.985649	0.981517	0.97884	0.979773	0.979985	0.979495	0.979897
26150	-1558.128	-1625.569	67.44141	0.982572	0.983508	0.983016	0.978895	0.979297	0.987667	0.987882	0.987024	0.984332	0.987566
26160	-1557.768	-1625.209	67.44141	0.962285	0.959661	0.959869	0.963023	0.963418	0.962581	0.9621	0.970324	0.971248	0.967176
26170	-1557.626	-1625.067	67.44141	0.969006	0.969929	0.965863	0.96538	0.973631	0.974031	0.973185	0.973396	0.976594	0.973931
26180	-1557.626	-1625.068	67.44141	0.96989	0.969405	0.969803	0.970727	0.970937	0.966867	0.96423	0.972472	0.975667	0.974819
26190	-1557.676	-1625.117	67.44141	0.965184	0.964346	0.967514	0.975784	0.973123	0.969043	0.969253	0.970176	0.970575	0.970089
26200	-1558.371	-1625.813	67.44141	0.952989	0.952162	0.9603	0.963455	0.959416	0.9568	0.957711	0.957919	0.95744	0.957833
26210	-1558.444	-1625.885	67.44141	0.952195	0.948203	0.949107	0.957219	0.95674	0.955909	0.956302	0.959444	0.959652	0.957035
26220	-1558.085	-1625.527	67.44141	0.956552	0.956074	0.956984	0.957377	0.953364	0.95357	0.961721	0.959098	0.958265	0.961414
26230	-1557.631	-1625.072	67.44141	0.970778	0.968131	0.971311	0.971522	0.970678	0.971077	0.979377	0.978887	0.974783	0.975712
26240	-1557.8	-1625.241	67.44141	0.977185	0.976696	0.977097	0.978028	0.97824	0.974139	0.971482	0.979786	0.983005	0.982151
26250	-1557.696	-1625.137	67.44141	0.964421	0.96463	0.961999	0.962394	0.965556	0.965073	0.964235	0.965154	0.973403	0.969322
26260	-1558.372	-1625.814	67.44141	0.985439	0.984583	0.992998	0.996261	0.992084	0.989379	0.990321	0.990536	0.990041	0.990447
26270	-1557.664	-1625.105	67.44141	0.973065	0.970411	0.973599	0.973811	0.972965	0.973364	0.981684	0.981193	0.977079	0.97801
26280	-1557.663	-1625.105	67.44141	0.973036	0.973247	0.970593	0.970992	0.974182	0.973695	0.972849	0.973776	0.982099	0.977982
26290	-1557.677	-1625.119	67.44141	0.973653	0.97458	0.974093	0.970009	0.970408	0.978702	0.978914	0.978064	0.975397	0.978601
26300	-1557.747	-1625.188	67.44141	0.975893	0.9791	0.978249	0.975582	0.98392	0.984134	0.980008	0.98041	0.981344	0.980853
26310	-1558.193	-1625.635	67.44141	0.9834	0.979278	0.980211	0.988589	0.988094	0.987236	0.987641	0.990886	0.991101	0.988399
26320	-1558.015	-1625.457	67.44141	0.957584	0.957105	0.958017	0.95841	0.954392	0.954599	0.962758	0.960133	0.959299	0.962451
26330	-1557.637	-1625.078	67.44141	0.967399	0.970577	0.969734	0.96709	0.975356	0.975567	0.971478	0.971876	0.972802	0.972316
26340	-1557.895	-1625.336	67.44141	0.959592	0.962745	0.960119	0.959286	0.959494	0.967695	0.968092	0.964033	0.963551	0.964469
26350	-1557.881	-1625.323	67.44141	0.978821	0.979222	0.979435	0.978945	0.976275	0.977205	0.980416	0.976306	0.975458	0.983795
26360	-1559.414	-1626.855	67.44141	0.994104	0.993607	0.994553	0.994961	0.99079	0.991005	0.999475	0.99675	0.995884	0.999156
26370	-1557.676	-1625.117	67.44141	0.965184	0.962551	0.96276	0.965923	0.96632	0.965481	0.964998	0.973246	0.974173	0.970089
26380	-1557.627	-1625.068	67.44141	0.970034	0.970245	0.970643	0.967996	0.967512	0.970691	0.971615	0.970772	0.966702	0.974964
26390	-1557.707	-1625.148	67.44141	0.964036	0.972276	0.971431	0.967359	0.970537	0.971462	0.968812	0.968328	0.968538	0.968936
26400	-1557.801	-1625.242	67.44141	0.977205	0.973108	0.981426	0.982361	0.981507	0.981017	0.98424	0.984644	0.981959	0.982172
26410	-1557.74	-1625.181	67.44141	0.97571	0.984049	0.979924	0.979073	0.980005	0.983225	0.982734	0.980054	0.980456	0.980669
26420	-1557.631	-1625.073	67.44141	0.970821	0.971219	0.97143	0.970944	0.968296	0.969219	0.972403	0.968326	0.967485	0.975755
26430	-1557.814	-1625.256	67.44141	0.977502	0.976653	0.979862	0.988237	0.985542	0.98141	0.981623	0.982558	0.982961	0.98247
26440	-1557.664	-1625.105	67.44141	0.973067	0.968988	0.97727	0.978201	0.977351	0.976863	0.980072	0.980474	0.977801	0.978013
26450	-1558.067	-1625.509	67.44141	0.956812	0.96499	0.960944	0.96011	0.961025	0.964182	0.9637	0.961072	0.961466	0.961675
26460	-1557.628	-1625.07	67.44141	0.968448	0.965807	0.966016	0.96919	0.969588	0.968746	0.968261	0.976537	0.977468	0.97337
26470	-1558.122	-1625.564	67.44141	0.95604	0.956951	0.956473	0.952463	0.952854	0.960998	0.961206	0.960372	0.957753	0.960899
26480	-1557.912	-1625.353	67.44141	0.959288	0.959682	0.95989	0.95941	0.956794	0.957705	0.960852	0.956824	0.955993	0.964164
26490	-1558.855	-1626.296	67.44141	0.948242	0.951358	0.950532	0.947939	0.956042	0.956249	0.95224	0.952631	0.953539	0.953062
26500	-1557.65	-1625.091	67.44141	0.972305	0.980616	0.976505	0.975656	0.976586	0.979795	0.979305	0.976634	0.977035	0.977247
26510	-1558.438	-1625.879	67.44141	0.986119	0.985626	0.986564	0.986969	0.982832	0.983045	0.991447	0.988743	0.987885	0.991131
26520	-1558.424	-1625.866	67.44141	0.985983	0.986922	0.986429	0.982293	0.982697	0.991096	0.991311	0.99045	0.987749	0.990994
26530	-1557.766	-1625.207	67.44141	0.96234	0.959716	0.962869	0.963078	0.962241	0.962636	0.970864	0.970379	0.966311	0.967231
26540	-1557.724	-1625.165	67.44141	0.975253	0.976182	0.975694	0.971604	0.972003	0.980311	0.980523	0.979672	0.977	0.98021
26550	-1557.655	-1625.097	67.44141	0.972621	0.971776	0.974969	0.983302	0.980621	0.97651	0.976721	0.977652	0.978053	0.977564
26560	-1557.944	-1625.386	67.44141	0.979911	0.988287	0.984144	0.983289	0.984226	0.98746	0.986966	0.984274	0.984678	0.984892
26570	-1557.772	-1625.213	67.44141	0.97653	0.973867	0.974079	0.977279	0.97768	0.976831	0.976343	0.984688	0.985626	0.981494
26580	-1559.341	-1626.782	67.44141	0.993602	0.996866	0.994148	0.993284	0.9935	1.00199	1.0024	0.9982	0.997701	0.998652
26590	-1558.139	-1625.581	67.44141	0.95581	0.955332	0.955724	0.956635	0.956842	0.952831	0.950232	0.958354	0.961503	0.960668
26600	-1557.781	-1625.223	67.44141	0.97676	0.974097	0.977297	0.977509	0.97666	0.977061	0.985412	0.98492	0.98079	0.981725
26610	-1557.854	-1625.295	67.44141	0.960378	0.968587	0.964526	0.963689	0.964607	0.967776	0.967292	0.964654	0.96505	0.96526
26620	-1557.957	-1625.398	67.44141	0.980119	0.980522	0.980734	0.980244	0.977571	0.978502	0.981717	0.977601	0.976752	0.985101
26630	-1557.629	-1625.07	67.44141	0.970423	0.978718	0.974615	0.973768	0.974696	0.977898	0.977409	0.974744	0.975144	0.975356
26640	-1558.286	-1625.727	67.44141	0.98449	0.983635	0.992042	0.995302	0.991129	0.988426	0.989368	0.989582	0.989088	0.989494
26650	-1557.626	-1625.067	67.44141	0.969419	0.977705	0.976856	0.97276	0.975956	0.976886	0.974222	0.973735	0.973946	0.974346
26660	-1558.108	-1625.55	67.44141	0.982319	0.982532	0.982935	0.980254	0.979764	0.982983	0.98392	0.983065	0.978944	0.987311
26670	-1557.802	-1625.243	67.44141	0.961484	0.964643	0.962013	0.961177	0.961386	0.969603	0.970001	0.965934	0.965451	0.966371
26680	-1557.787	-1625.229	67.44141	0.976905	0.972809	0.973736	0.982059	0.981568	0.980715	0.981118	0.984341	0.984555	0.98187
26690	-1557.628	-1625.069	67.44141	0.96847	0.968868	0.968384	0.968594	0.969516	0.966872	0.962819	0.965982	0.974239	0.973393
26700	-1558.015	-1625.457	67.44141	0.981017	0.980165	0.988543	0.991791	0.987633	0.98494	0.985878	0.986092	0.985599	0.986003
26710	-1557.896	-1625.337	67.44141	0.959575	0.956958	0.960102	0.96031	0.959476	0.95987	0.968074	0.96759	0.963534	0.964452
26720	-1558.788	-1626.229	67.44141	0.948838	0.956948	0.952936	0.952109	0.953016	0.956147	0.955669	0.953063	0.953454	0.953661
26730	-1558.417	-1625.858	67.44141	0.95249	0.948497	0.9494	0.957515	0.957036	0.956205	0.956598	0.959741	0.959949	0.957331
26740	-1558.17	-1625.611	67.44141	0.955408	0.95493	0.95584	0.956232	0.952224	0.95243	0.960571	0.957951	0.957119	0.960264
26750	-1557.744	-1625.185	67.44141	0.962926	0.9603	0.960508	0.963664	0.964059	0.963222	0.96274	0.970969	0.971894	0.96782
26760	-1558.462	-1625.904	67.44141	0.952001	0.955129	0.9543	0.951697	0.959832	0.96004	0.956015	0.956408	0.957319	0.95684
26770	-1557.632	-1625.074	67.44141	0.970952	0.970109	0.973296	0.981616	0.978939	0.974834	0.975046	0.975975	0.976375	0.975887
26780	-1558.976	-1626.418	67.44141	0.9472	0.947589	0.947115	0.947321	0.948223	0.945637	0.941673	0.944767	0.952842	0.952014
26790	-1557.967	-1625.408	67.44141	0.980277	0.979426	0.982644	0.991043	0.98834	0.984197	0.98441	0.985348	0.985752	0.98526
26800	-1558.376	-1625.817	67.44141	0.952939	0.95607	0.953462	0.952634	0.952841	0.960985	0.96138	0.957349	0.95687	0.957782
26810	-1557.926	-1625.368	67.44141	0.959033	0.956418	0.956626	0.959769	0.960163	0.959329	0.958849	0.967045	0.967966	0.963908
26820	-1559.475	-1626.916	67.44141	0.994519	0.991807	0.995066	0.995281	0.994417	0.994825	1.00333	1.00283	0.998622	0.999574
26830	-1558.483	-1625.924	67.44141	0.98657	0.98751	0.987016	0.982878	0.983282	0.991686	0.991901	0.99104	0.988337	0.991584
26840	-1557.628	-1625.069	67.44141	0.970304	0.966237	0.967157	0.975424	0.974936	0.974089	0.974489	0.977691	0.977903	0.975236
26850	-1557.633	-1625.074	67.44141	0.967836	0.971016	0.970173	0.967527	0.975797	0.976009	0.971917	0.972316	0.973242	0.972755
26860	-1557.666	-1625.107	67.44141	0.965627	0.961579	0.969798	0.970722	0.969879	0.969394	0.972579	0.972978	0.970325	0.970535
26870	-1557.95	-1625.391	67.44141	0.980003	0.975894	0.976824	0.985173	0.984681	0.983825	0.984229	0.987463	0.987677	0.984984
26880	-1558.071	-1625.512	67.44141	0.956762	0.956283	0.957194	0.957587	0.953573	0.953779	0.961932	0.959308	0.958475	0.961624
26890	-1557.635	-1625.076	67.44141	0.971171	0.971382	0.968733	0.96913	0.972315	0.971828	0.970984	0.971909	0.980217	0.976107
26900	-1558.402	-1625.843	67.44141	0.985747	0.986151	0.986365	0.985872	0.983184	0.98412	0.987354	0.983214	0.98236	0.990757
26910	-1558.224	-1625.665	67.44141	0.954724	0.954246	0.954638	0.955548	0.955755	0.951748	0.949152	0.957265	0.96041	0.959576
26920	-1558.012	-1625.453	67.44141	0.957637	0.953623	0.961773	0.96269	0.961854	0.961373	0.964531	0.964927	0.962296	0.962504
26930	-1558.405	-1625.847	67.44141	0.952611	0.948617	0.956726	0.957637	0.956805	0.956327	0.959469	0.959863	0.957245	0.957453
26940	-1557.644	-1625.085	67.44141	0.966861	0.962808	0.971037	0.971962	0.971118	0.970632	0.973821	0.974221	0.971564	0.971775
26950	-1557.81	-1625.251	67.44141	0.977401	0.976912	0.977843	0.978244	0.974143	0.974354	0.982682	0.980002	0.979151	0.982368
26960	-1557.629	-1625.07	67.44141	0.970494	0.967848	0.971028	0.971238	0.970395	0.970793	0.979091	0.978601	0.974499	0.975427
26970	-1559.685	-1627.127	67.44141	0.941855	0.937906	0.945923	0.946824	0.946001	0.945528	0.948635	0.949024	0.946436	0.946642
26980	-1560.253	-1627.695	67.44141	0.99928	0.995091	1.0036	1.00455	1.00368	1.00318	1.00647	1.00689	1.00414	1.00436
26990	-1560.291	-1627.733	67.44141	0.999493	0.995303	0.996251	1.00477	1.00426	1.00339	1.0038	1.0071	1.00732	1.00457
27000	-1557.631	-1625.072	67.44141	0.96805	0.96541	0.965619	0.968792	0.96919	0.968348	0.967864	0.976136	0.977066	0.97297
27010	-1557.665	-1625.107	67.44141	0.973118	0.969038	0.977321	0.978252	0.977402	0.976913	0.980123	0.980525	0.977851	0.978064
27020	-1557.743	-1625.185	67.44141	0.962932	0.958895	0.967091	0.968012	0.967171	0.966688	0.969864	0.970262	0.967616	0.967826
27030	-1558.116	-1625.558	67.44141	0.95612	0.95529	0.963455	0.96662	0.962568	0.959943	0.960857	0.961066	0.960585	0.960979
27040	-1557.707	-1625.148	67.44141	0.964041	0.96	0.968205	0.969127	0.968286	0.967802	0.970981	0.97138	0.968731	0.968941
27050	-1557.836	-1625.278	67.44141	0.960736	0.960944	0.958324	0.958717	0.961867	0.961386	0.960551	0.961466	0.969684	0.965619
27060	-1557.668	-1625.109	67.44141	0.965525	0.965043	0.965962	0.966359	0.962307	0.962516	0.970743	0.968096	0.967255	0.970433
27070	-1557.626	-1625.068	67.44141	0.969912	0.967267	0.970445	0.970655	0.969812	0.97021	0.978503	0.978014	0.973913	0.974841
27080	-1558.396	-1625.837	67.44141	0.952717	0.953624	0.949626	0.949152	0.957264	0.957657	0.956825	0.957033	0.960177	0.957559
27090	-1557.697	-1625.139	67.44141	0.974405	0.973918	0.974317	0.975246	0.975457	0.971368	0.968719	0.976999	0.980209	0.979357
27100	-1557.738	-1625.179	67.44141	0.963092	0.96401	0.963528	0.959488	0.959882	0.968086	0.968296	0.967455	0.964817	0.967987
27110	-1557.73	-1625.171	67.44141	0.975425	0.974938	0.975867	0.976267	0.972174	0.972385	0.980696	0.978022	0.977172	0.980383
27120	-1558.101	-1625.542	67.44141	0.956339	0.955509	0.958648	0.966842	0.964205	0.960163	0.960371	0.961286	0.961681	0.9612
27130	-1557.644	-1625.085	67.44141	0.966878	0.967274	0.967484	0.967001	0.964363	0.965282	0.968454	0.964394	0.963556	0.971792
27140	-1557.77	-1625.212	67.44141	0.962225	0.96262	0.962138	0.962347	0.963264	0.960637	0.956609	0.959752	0.967956	0.967115
27150	-1557.941	-1625.383	67.44141	0.979867	0.980079	0.980482	0.977808	0.977319	0.98053	0.981464	0.980612	0.9765	0.984847
27160	-1557.757	-1625.198	67.44141	0.962577	0.963494	0.963013	0.958975	0.959369	0.967569	0.967779	0.966938	0.964302	0.96747
27170	-1559.176	-1626.618	67.44141	0.945579	0.945784	0.946172	0.943592	0.94312	0.946219	0.94712	0.946298	0.942331	0.950385
27180	-1557.671	-1625.113	67.44141	0.97339	0.973601	0.970946	0.971345	0.974536	0.974049	0.973203	0.97413	0.982456	0.978338
27190	-1558.348	-1625.789	67.44141	0.985173	0.985387	0.9827	0.983103	0.986333	0.98584	0.984984	0.985922	0.994349	0.99018
27200	-1557.845	-1625.287	67.44141	0.960547	0.963702	0.961074	0.96024	0.960448	0.968657	0.969055	0.964992	0.96451	0.965429
27210	-1557.638	-1625.08	67.44141	0.967272	0.964635	0.967804	0.968014	0.967173	0.96757	0.97584	0.975352	0.971263	0.972188
27220	-1557.826	-1625.267	67.44141	0.97774	0.980953	0.980101	0.977428	0.985782	0.985996	0.981862	0.982265	0.983201	0.98271
27230	-1557.857	-1625.298	67.44141	0.978361	0.986723	0.982587	0.981733	0.982669	0.985897	0.985404	0.982717	0.98312	0.983334
27240	-1557.643	-1625.085	67.44141	0.971886	0.980193	0.979342	0.975236	0.97844	0.979373	0.976702	0.976213	0.976425	0.976826
27250	-1557.773	-1625.215	67.44141	0.962157	0.961676	0.962592	0.962987	0.95895	0.959158	0.967356	0.964718	0.96388	0.967047
27260	-1557.844	-1625.285	67.44141	0.978113	0.975446	0.978651	0.978863	0.978013	0.978414	0.986777	0.986284	0.982149	0.983084
27270	-1557.882	-1625.324	67.44141	0.959823	0.960217	0.960425	0.959945	0.957327	0.958239	0.961387	0.957357	0.956525	0.964701
27280	-1557.973	-1625.415	67.44141	0.980377	0.980779	0.980992	0.980502	0.977828	0.978759	0.981975	0.977858	0.977009	0.98536
27290	-1557.768	-1625.21	67.44141	0.97645	0.972356	0.980667	0.981601	0.980749	0.980258	0.983479	0.983883	0.9812	0.981412
27300	-1557.769	-1625.211	67.44141	0.962253	0.970478	0.969635	0.96557	0.968743	0.969665	0.967021	0.966538	0.966747	0.967144
27310	-1558.189	-1625.63	67.44141	0.955163	0.963327	0.96249	0.958455	0.961604	0.96252	0.959896	0.959416	0.959624	0.960018
27320	-1557.647	-1625.088	67.44141	0.972112	0.972511	0.972722	0.972236	0.969585	0.970508	0.973697	0.969615	0.968773	0.977053
27330	-1558.167	-1625.608	67.44141	0.955445	0.955653	0.956045	0.953438	0.952961	0.956092	0.957003	0.956172	0.952163	0.960301
27340	-1557.861	-1625.303	67.44141	0.96023	0.961144	0.957115	0.956636	0.964813	0.965209	0.964371	0.96458	0.967749	0.96511
27350	-1558.852	-1626.293	67.44141	0.948268	0.944292	0.945192	0.953271	0.952794	0.951967	0.952357	0.955486	0.955694	0.953087
27360	-1557.67	-1625.112	67.44141	0.973354	0.981673	0.977558	0.976709	0.977639	0.980851	0.980361	0.977687	0.978089	0.978301
27370	-1558.324	-1625.766	67.44141	0.984918	0.984062	0.987295	0.995734	0.993019	0.988856	0.98907	0.990012	0.990419	0.989923
27380	-1557.627	-1625.069	67.44141	0.970197	0.971121	0.970636	0.966566	0.966963	0.975228	0.975439	0.974592	0.971935	0.975128
27390	-1558.444	-1625.886	67.44141	0.952193	0.960332	0.959498	0.955475	0.958615	0.959528	0.956911	0.956433	0.95664	0.957033
27400	-1557.888	-1625.329	67.44141	0.959728	0.962881	0.960255	0.959421	0.95963	0.967832	0.968229	0.96417	0.963688	0.964606
27410	-1557.627	-1625.068	67.44141	0.968801	0.969724	0.965658	0.965175	0.973425	0.973825	0.972979	0.97319	0.976387	0.973725
27420	-1557.626	-1625.068	67.44141	0.968909	0.968068	0.971248	0.97955	0.976879	0.972783	0.972994	0.973921	0.974321	0.973834
27430	-1558.035	-1625.476	67.44141	0.981301	0.978625	0.978837	0.982054	0.982457	0.981603	0.981113	0.989498	0.990441	0.986289
27440	-1558.049	-1625.491	67.44141	0.957069	0.957277	0.954666	0.955058	0.958196	0.957717	0.956885	0.957797	0.965983	0.961934
27450	-1557.734	-1625.175	67.44141	0.963195	0.959157	0.967355	0.968277	0.967436	0.966952	0.970129	0.970527	0.967881	0.968091
27460	-1557.72	-1625.162	67.44141	0.975153	0.972494	0.975689	0.9759	0.975053	0.975453	0.983791	0.983299	0.979176	0.980109
27470	-1558.31	-1625.751	67.44141	0.953689	0.954597	0.950595	0.95012	0.958241	0.958634	0.957802	0.958009	0.961157	0.958536
27480	-1557.809	-1625.25	67.44141	0.96132	0.961715	0.961234	0.961442	0.962358	0.959734	0.95571	0.95885	0.967046	0.966206
27490	-1557.649	-1625.09	67.44141	0.96654	0.96675	0.967147	0.964509	0.964027	0.967194	0.968116	0.967275	0.96322	0.971453
27500	-1557.714	-1625.156	67.44141	0.963791	0.964187	0.964396	0.963913	0.961285	0.962201	0.965362	0.961315	0.96048	0.968689
27510	-1557.768	-1625.209	67.44141	0.976442	0.977372	0.973275	0.972788	0.981103	0.981505	0.980653	0.980866	0.984088	0.981405
27520	-1557.631	-1625.072	67.44141	0.970725	0.969882	0.973069	0.981386	0.97871	0.974607	0.974818	0.975747	0.976147	0.975659
27530	-1558	-1625.441	67.44141	0.980786	0.979934	0.98831	0.991557	0.9874	0.984707	0.985646	0.985859	0.985366	0.985771
27540	-1557.628	-1625.07	67.44141	0.968399	0.968797	0.969007	0.968523	0.965881	0.966801	0.969978	0.965911	0.965073	0.973321
27550	-1558.598	-1626.04	67.44141	0.987682	0.984989	0.985202	0.988439	0.988845	0.987986	0.987492	0.995933	0.996881	0.992702
27560	-1558.211	-1625.653	67.44141	0.954878	0.952274	0.955403	0.95561	0.95478	0.955172	0.963336	0.962854	0.958818	0.959731
27570	-1557.626	-1625.067	67.44141	0.969314	0.969525	0.966881	0.967278	0.970456	0.96997	0.969128	0.970051	0.978343	0.974241
27580	-1558.029	-1625.471	67.44141	0.957372	0.958284	0.957805	0.95379	0.954181	0.962337	0.962546	0.96171	0.959087	0.962238
27590	-1557.838	-1625.279	67.44141	0.960703	0.960911	0.961306	0.958684	0.958205	0.961353	0.962269	0.961433	0.957402	0.965585
27600	-1557.661	-1625.103	67.44141	0.965854	0.965015	0.973263	0.976461	0.972367	0.969715	0.970639	0.97085	0.970364	0.970762
27610	-1558.842	-1626.283	67.44141	0.948358	0.948747	0.948273	0.948479	0.949382	0.946793	0.942824	0.945922	0.954007	0.953178
27620	-1559.591	-1627.033	67.44141	0.995289	0.992574	0.995836	0.996052	0.995187	0.995595	1.0041	1.0036	0.999395	1.00035
27630	-1559.128	-1626.569	67.44141	0.992065	0.995324	0.99261	0.991748	0.991963	1.00044	1.00085	0.996656	0.996158	0.997107
27640	-1558.123	-1625.564	67.44141	0.956035	0.956428	0.955949	0.956157	0.957068	0.954458	0.950456	0.953579	0.961729	0.960894
27650	-1558.147	-1625.588	67.44141	0.955714	0.963882	0.963045	0.959008	0.962159	0.963075	0.960449	0.959969	0.960177	0.960571
27660	-1557.657	-1625.099	67.44141	0.972728	0.971884	0.975077	0.983411	0.980729	0.976618	0.97683	0.97776	0.978161	0.977672
27670	-1557.901	-1625.342	67.44141	0.959482	0.967683	0.966842	0.962789	0.965952	0.966872	0.964236	0.963754	0.963963	0.964358
27680	-1558.46	-1625.901	67.44141	0.95203	0.960167	0.956142	0.955311	0.956221	0.959363	0.958883	0.956268	0.956661	0.956868
27690	-1557.704	-1625.146	67.44141	0.964115	0.967283	0.964645	0.963807	0.964016	0.972256	0.972655	0.968577	0.968093	0.969015
27700	-1559.218	-1626.659	67.44141	0.945253	0.953333	0.949336	0.948512	0.949415	0.952534	0.952058	0.949462	0.949852	0.950058
27710	-1558.545	-1625.987	67.44141	0.987182	0.98449	0.984704	0.987939	0.988345	0.987486	0.986993	0.995429	0.996377	0.9922
27720	-1557.703	-1625.145	67.44141	0.974609	0.97482	0.97522	0.972561	0.972075	0.975268	0.976197	0.97535	0.971261	0.979562
27730	-1557.842	-1625.283	67.44141	0.960624	0.960144	0.960538	0.961453	0.961662	0.95763	0.955018	0.963181	0.966346	0.965507
27740	-1557.991	-1625.433	67.44141	0.980654	0.981588	0.981098	0.976984	0.977385	0.985739	0.985953	0.985097	0.982411	0.985638
27750	-1558.287	-1625.728	67.44141	0.984502	0.983647	0.992055	0.995314	0.991141	0.988438	0.98938	0.989595	0.9891	0.989506
27760	-1560.273	-1627.715	67.44141	0.938061	0.935502	0.935705	0.93878	0.939165	0.938349	0.93788	0.945897	0.946798	0.942828
27770	-1557.626	-1625.067	67.44141	0.969526	0.97045	0.969964	0.965898	0.966294	0.974554	0.974765	0.973919	0.971263	0.974454
27780	-1557.843	-1625.285	67.44141	0.978102	0.977613	0.978544	0.978946	0.974842	0.975053	0.983387	0.980706	0.979854	0.983073
27790	-1557.627	-1625.069	67.44141	0.968635	0.969558	0.965493	0.96501	0.973258	0.973658	0.972812	0.973023	0.97622	0.973558
27800	-1557.675	-1625.116	67.44141	0.965217	0.968389	0.965748	0.964909	0.965118	0.973368	0.973767	0.969685	0.9692	0.970123
27810	-1557.901	-1625.342	67.44141	0.95948	0.956863	0.957071	0.960216	0.96061	0.959775	0.959296	0.967495	0.968417	0.964357
27820	-1557.647	-1625.088	67.44141	0.972113	0.971627	0.972553	0.972952	0.968873	0.969083	0.977366	0.974701	0.973855	0.977054
27830	-1557.746	-1625.187	67.44141	0.962859	0.971088	0.967017	0.966177	0.967098	0.970275	0.96979	0.967146	0.967542	0.967752
27840	-1558.389	-1625.83	67.44141	0.952795	0.950197	0.953319	0.953525	0.952697	0.953088	0.961235	0.960754	0.956726	0.957638
27850	-1558.012	-1625.453	67.44141	0.980965	0.976853	0.977783	0.986141	0.985648	0.984792	0.985196	0.988433	0.988647	0.985951
27860	-1557.91	-1625.352	67.44141	0.959317	0.958484	0.966676	0.969852	0.965786	0.963153	0.96407	0.964279	0.963797	0.964193
27870	-1558.025	-1625.466	67.44141	0.981153	0.97704	0.985391	0.98633	0.985473	0.98498	0.988217	0.988622	0.985926	0.98614
27880	-1559.536	-1626.977	67.44141	0.942897	0.950956	0.946969	0.946147	0.947048	0.95016	0.949685	0.947095	0.947483	0.947689
27890	-1558.39	-1625.832	67.44141	0.952775	0.960919	0.960084	0.956059	0.959201	0.960114	0.957496	0.957017	0.957225	0.957618
27900	-1557.626	-1625.068	67.44141	0.968905	0.964843	0.97309	0.974016	0.973171	0.972684	0.97588	0.97628	0.973618	0.973829
27910	-1558.033	-1625.475	67.44141	0.957307	0.96549	0.964651	0.960607	0.963763	0.964681	0.96205	0.961569	0.961778	0.962173
27920	-1558.755	-1626.196	67.44141	0.989084	0.984937	0.985876	0.994302	0.993805	0.992942	0.99335	0.996613	0.99683	0.994111
27930	-1557.659	-1625.1	67.44141	0.965976	0.966897	0.962843	0.962362	0.970587	0.970985	0.970142	0.970353	0.973541	0.970886
27940	-1558.148	-1625.589	67.44141	0.982835	0.983771	0.98328	0.979157	0.979559	0.987932	0.988146	0.987288	0.984596	0.98783
27950	-1559.005	-1626.446	67.44141	0.991127	0.991534	0.991038	0.991253	0.992197	0.989491	0.985343	0.988581	0.99703	0.996164
27960	-1557.647	-1625.088	67.44141	0.966678	0.969854	0.969011	0.966369	0.974629	0.97484	0.970753	0.971152	0.972077	0.971591
27970	-1557.745	-1625.186	67.44141	0.962887	0.962406	0.963323	0.963718	0.959678	0.959886	0.96809	0.96545	0.964612	0.967781
27980	-1557.752	-1625.194	67.44141	0.962686	0.963081	0.96329	0.962808	0.960182	0.961097	0.964255	0.960212	0.959378	0.967578
27990	-1557.652	-1625.093	67.44141	0.972418	0.972629	0.969976	0.970374	0.973562	0.973076	0.972231	0.973157	0.981475	0.97736
28000	-1557.661	-1625.102	67.44141	0.965878	0.96504	0.973288	0.976486	0.972392	0.96974	0.970664	0.970875	0.970389	0.970788
28010	-1558.631	-1626.073	67.44141	0.987986	0.988927	0.988433	0.984289	0.984693	0.993109	0.993325	0.992462	0.989756	0.993007
28020	-1557.629	-1625.07	67.44141	0.968315	0.971497	0.970653	0.968006	0.97628	0.976492	0.972398	0.972797	0.973724	0.973237
28030	-1557.961	-1625.403	67.44141	0.958436	0.959349	0.955327	0.95485	0.963011	0.963406	0.96257	0.962778	0.965942	0.963307
28040	-1558.602	-1626.044	67.44141	0.950578	0.953701	0.952872	0.950274	0.958396	0.958604	0.954585	0.954977	0.955887	0.955409
28050	-1558.111	-1625.552	67.44141	0.956196	0.953589	0.953796	0.956929	0.957322	0.956491	0.956012	0.964184	0.965102	0.961056
28060	-1559.395	-1626.836	67.44141	0.943919	0.941345	0.944438	0.944643	0.943823	0.94421	0.95228	0.951804	0.947814	0.948717
28070	-1557.817	-1625.258	67.44141	0.977552	0.974886	0.975097	0.978301	0.978702	0.977852	0.977363	0.985717	0.986656	0.98252
28080	-1557.807	-1625.248	67.44141	0.977341	0.977553	0.974887	0.975287	0.978492	0.978002	0.977153	0.978084	0.986444	0.982308
28090	-1558.681	-1626.123	67.44141	0.949819	0.950209	0.949734	0.94994	0.950844	0.948251	0.944276	0.947379	0.955476	0.954646
28100	-1557.648	-1625.09	67.44141	0.966564	0.974825	0.973979	0.969895	0.973082	0.974009	0.971353	0.970867	0.971078	0.971476
28110	-1558.994	-1626.435	67.44141	0.991042	0.991987	0.991491	0.987334	0.987739	0.996182	0.996398	0.995532	0.992817	0.996079
28120	-1557.695	-1625.137	67.44141	0.974334	0.977535	0.976686	0.974023	0.982348	0.982561	0.978442	0.978843	0.979776	0.979286
28130	-1558.57	-1626.012	67.44141	0.950896	0.95402	0.953191	0.950592	0.958717	0.958925	0.954905	0.955297	0.956207	0.955729
28140	-1559.22	-1626.661	67.44141	0.945238	0.945626	0.945153	0.945358	0.946259	0.943678	0.939722	0.94281	0.950868	0.950042
28150	-1557.706	-1625.148	67.44141	0.974713	0.975641	0.971551	0.971065	0.979365	0.979767	0.978916	0.979129	0.982346	0.979667
28160	-1557.676	-1625.117	67.44141	0.965192	0.964354	0.972597	0.975792	0.971701	0.969051	0.969975	0.970185	0.9697	0.970098
28170	-1558.053	-1625.495	67.44141	0.981569	0.978892	0.982108	0.982321	0.981468	0.981871	0.990264	0.989768	0.985619	0.986558
28180	-1558.228	-1625.67	67.44141	0.954665	0.955574	0.955096	0.951092	0.951483	0.959615	0.959823	0.95899	0.956375	0.959517
28190	-1558.04	-1625.482	67.44141	0.957203	0.95319	0.954098	0.962253	0.961772	0.960937	0.961331	0.96449	0.964699	0.962068
28200	-1557.635	-1625.077	67.44141	0.971234	0.967162	0.975429	0.976358	0.97551	0.975022	0.978226	0.978627	0.975958	0.97617
28210	-1557.645	-1625.087	67.44141	0.966779	0.9677	0.967216	0.963161	0.963556	0.971792	0.972003	0.971159	0.96851	0.971692
28220	-1557.964	-1625.405	67.44141	0.958402	0.95861	0.955996	0.956388	0.95953	0.959051	0.958218	0.959131	0.967329	0.963273
28230	-1557.682	-1625.124	67.44141	0.964924	0.964086	0.972326	0.975521	0.971431	0.968782	0.969705	0.969915	0.96943	0.969828
28240	-1557.628	-1625.07	67.44141	0.970361	0.970571	0.97097	0.968322	0.967838	0.971018	0.971943	0.971098	0.967027	0.975293
28250	-1557.881	-1625.322	67.44141	0.978812	0.978323	0.979255	0.979656	0.975549	0.975761	0.984101	0.981417	0.980565	0.983787
28260	-1557.737	-1625.179	67.44141	0.975645	0.972984	0.976181	0.976393	0.975545	0.975945	0.984287	0.983795	0.979671	0.980604
28270	-1558.145	-1625.586	67.44141	0.982797	0.983734	0.979609	0.97912	0.987489	0.987894	0.987036	0.98725	0.990494	0.987792
28280	-1557.86	-1625.301	67.44141	0.960257	0.960465	0.957846	0.958239	0.961388	0.960907	0.960073	0.960987	0.969201	0.965138
28290	-1558.376	-1625.817	67.44141	0.985472	0.981341	0.989729	0.990671	0.989811	0.989316	0.992567	0.992974	0.990266	0.990481
28300	-1558.134	-1625.575	67.44141	0.955883	0.95609	0.956482	0.953874	0.953397	0.95653	0.957441	0.956609	0.952599	0.960741
28310	-1558.384	-1625.826	67.44141	0.985567	0.981435	0.989824	0.990766	0.989906	0.989411	0.992662	0.993069	0.990361	0.990576
28320	-1557.676	-1625.117	67.44141	0.973582	0.9695	0.977787	0.978719	0.977869	0.97738	0.980591	0.980993	0.978318	0.97853
28330	-1558.047	-1625.489	67.44141	0.98148	0.977365	0.978296	0.986658	0.986165	0.985308	0.985713	0.988951	0.989166	0.986468
28340	-1558.201	-1625.643	67.44141	0.955002	0.950998	0.951904	0.96004	0.95956	0.958727	0.95912	0.962272	0.96248	0.959856
28350	-1558.074	-1625.515	67.44141	0.956713	0.952702	0.960845	0.96176	0.960925	0.960444	0.9636	0.963996	0.961367	0.961575
28360	-1557.771	-1625.212	67.44141	0.962217	0.961382	0.96454	0.972784	0.970132	0.966064	0.966274	0.967194	0.967591	0.967108
28370	-1558.675	-1626.117	67.44141	0.949876	0.950781	0.950305	0.946321	0.94671	0.954802	0.955009	0.954179	0.951577	0.954704
28380	-1559.424	-1626.865	67.44141	0.994175	0.991463	0.994721	0.994937	0.994073	0.994481	1.00298	1.00248	0.998277	0.999228
28390	-1557.693	-1625.134	67.44141	0.974244	0.977445	0.976596	0.973933	0.982257	0.98247	0.978351	0.978753	0.979685	0.979195
28400	-1558.573	-1626.015	67.44141	0.950863	0.950038	0.958158	0.961306	0.957276	0.954665	0.955575	0.955782	0.955304	0.955696
28410	-1558.159	-1625.6	67.44141	0.982972	0.982118	0.990512	0.993767	0.9896	0.986902	0.987842	0.988056	0.987562	0.987967
28420	-1558.231	-1625.672	67.44141	0.954637	0.954844	0.955236	0.952631	0.952155	0.955283	0.956193	0.955363	0.951357	0.959489
28430	-1560.084	-1627.526	67.44141	0.939234	0.938764	0.939659	0.940044	0.936103	0.936306	0.944309	0.941734	0.940916	0.944008
28440	-1559.095	-1626.537	67.44141	0.946224	0.946612	0.946818	0.946344	0.943763	0.944662	0.947766	0.943793	0.942973	0.951033
28450	-1558.15	-1625.591	67.44141	0.955673	0.955195	0.955587	0.956498	0.956705	0.952694	0.950096	0.958217	0.961365	0.96053
28460	-1557.751	-1625.193	67.44141	0.962721	0.96293	0.960304	0.960698	0.963855	0.963373	0.962536	0.963453	0.971688	0.967614
28470	-1557.629	-1625.071	67.44141	0.970544	0.971469	0.970983	0.966912	0.967309	0.975577	0.975789	0.974941	0.972282	0.975477
28480	-1558.474	-1625.915	67.44141	0.98648	0.989722	0.987022	0.986165	0.986379	0.99481	0.995218	0.991046	0.990551	0.991494
28490	-1558.793	-1626.234	67.44141	0.94879	0.951907	0.95108	0.948487	0.956594	0.956801	0.95279	0.953181	0.954089	0.953612
28500	-1557.762	-1625.204	67.44141	0.976298	0.977228	0.973131	0.972645	0.980958	0.981361	0.980509	0.980721	0.983944	0.98126
28510	-1557.75	-1625.192	67.44141	0.962743	0.958707	0.95962	0.967822	0.967338	0.966498	0.966895	0.970071	0.970282	0.967636
28520	-1557.665	-1625.106	67.44141	0.973116	0.97227	0.980581	0.983802	0.979678	0.977006	0.977937	0.978149	0.97766	0.978061
28530	-1557.737	-1625.179	67.44141	0.963101	0.959064	0.959977	0.968182	0.967698	0.966858	0.967255	0.970433	0.970643	0.967996
28540	-1557.761	-1625.203	67.44141	0.976274	0.975427	0.983764	0.986996	0.982858	0.980178	0.981112	0.981324	0.980834	0.981236
28550	-1558.814	-1626.255	67.44141	0.989586	0.998044	0.99386	0.992997	0.993943	0.997209	0.99671	0.993992	0.9944	0.994616
28560	-1557.724	-1625.166	67.44141	0.963479	0.95944	0.967641	0.968562	0.967721	0.967237	0.970415	0.970813	0.968166	0.968376
28570	-1558.391	-1625.832	67.44141	0.952774	0.953165	0.952689	0.952895	0.953803	0.951202	0.947214	0.950326	0.958449	0.957617
28580	-1557.969	-1625.41	67.44141	0.958318	0.957839	0.958232	0.959145	0.959353	0.955331	0.952726	0.960869	0.964026	0.963189
28590	-1558.045	-1625.487	67.44141	0.957129	0.95665	0.957043	0.957955	0.958163	0.954146	0.951544	0.959677	0.96283	0.961994
28600	-1559.299	-1626.74	67.44141	0.993306	0.993522	0.990812	0.991219	0.994476	0.993978	0.993115	0.994061	1.00256	0.998355
28610	-1557.68	-1625.121	67.44141	0.973761	0.976961	0.976112	0.97345	0.981771	0.981984	0.977867	0.978268	0.9792	0.97871
28620	-1558.224	-1625.666	67.44141	0.954718	0.954241	0.954633	0.955542	0.955749	0.951742	0.949147	0.95726	0.960405	0.959571
28630	-1557.838	-1625.28	67.44141	0.977997	0.978928	0.974824	0.974337	0.982665	0.983068	0.982214	0.982427	0.985655	0.982967
28640	-1558.764	-1626.205	67.44141	0.949054	0.957166	0.953153	0.952325	0.953232	0.956364	0.955886	0.953279	0.953671	0.953877
28650	-1557.658	-1625.1	67.44141	0.972788	0.973715	0.973228	0.969148	0.969546	0.977833	0.978045	0.977195	0.974531	0.977732
28660	-1558.343	-1625.784	67.44141	0.985121	0.982435	0.985663	0.985876	0.98502	0.985424	0.993847	0.99335	0.989186	0.990128
28670	-1558.249	-1625.69	67.44141	0.954414	0.95755	0.956719	0.95411	0.962265	0.962473	0.958438	0.958832	0.959745	0.959265
28680	-1557.747	-1625.189	67.44141	0.962829	0.962347	0.963264	0.96366	0.95962	0.959828	0.968032	0.965392	0.964553	0.967722
28690	-1557.743	-1625.185	67.44141	0.975803	0.973142	0.973353	0.976551	0.976952	0.976104	0.975616	0.983955	0.984892	0.980763
28700	-1557.716	-1625.158	67.44141	0.975031	0.974184	0.98251	0.985739	0.981606	0.978929	0.979862	0.980074	0.979584	0.979986
28710	-1557.842	-1625.284	67.44141	0.960607	0.95658	0.957491	0.965675	0.965192	0.964354	0.96475	0.96792	0.96813	0.965489
28720	-1557.937	-1625.378	67.44141	0.958849	0.95837	0.959283	0.959676	0.955653	0.95586	0.96403	0.961401	0.960567	0.963723
28730	-1557.736	-1625.178	67.44141	0.975619	0.971529	0.972455	0.980767	0.980276	0.979425	0.979827	0.983046	0.983259	0.980578
28740	-1557.743	-1625.184	67.44141	0.975798	0.971707	0.972633	0.980946	0.980455	0.979604	0.980006	0.983226	0.983439	0.980757
28750	-1557.677	-1625.118	67.44141	0.965134	0.966053	0.96557	0.961522	0.961917	0.970138	0.970349	0.969506	0.966862	0.970039
28760	-1558.428	-1625.87	67.44141	0.986024	0.989264	0.986566	0.985709	0.985923	0.99435	0.994758	0.990588	0.990092	0.991036
28770	-1557.768	-1625.209	67.44141	0.962292	0.961456	0.964615	0.97286	0.970207	0.96614	0.966349	0.96727	0.967667	0.967183
28780	-1558.374	-1625.815	67.44141	0.985457	0.984601	0.987836	0.996279	0.993562	0.989397	0.989612	0.990554	0.990961	0.990465
28790	-1558.027	-1625.469	67.44141	0.957398	0.957791	0.957312	0.95752	0.958432	0.955818	0.951811	0.954939	0.963101	0.962264
28800	-1557.652	-1625.093	67.44141	0.972421	0.972632	0.969979	0.970377	0.973566	0.973079	0.972234	0.97316	0.981478	0.977363
28810	-1557.626	-1625.068	67.44141	0.968912	0.96807	0.971251	0.979553	0.976881	0.972786	0.972997	0.973924	0.974323	0.973836
28820	-1557.652	-1625.094	67.44141	0.966328	0.962277	0.970502	0.971427	0.970583	0.970098	0.973285	0.973684	0.971029	0.97124
28830	-1560.477	-1627.918	67.44141	0.936843	0.936029	0.939105	0.947131	0.944549	0.940589	0.940793	0.941689	0.942075	0.941604
28840	-1558.783	-1626.225	67.44141	0.989326	0.990268	0.986117	0.985624	0.994048	0.994456	0.993592	0.993808	0.997073	0.994354
28850	-1557.685	-1625.127	67.44141	0.964806	0.973052	0.968973	0.968131	0.969054	0.972238	0.971751	0.969101	0.969499	0.969709
28860	-1557.635	-1625.077	67.44141	0.967556	0.967072	0.967993	0.968391	0.964331	0.96454	0.972784	0.970131	0.969289	0.972473
28870	-1558.435	-1625.877	67.44141	0.986093	0.986307	0.983617	0.984021	0.987254	0.98676	0.985903	0.986843	0.995277	0.991105
28880	-1558.135	-1625.576	67.44141	0.982664	0.978544	0.979477	0.987848	0.987355	0.986497	0.986902	0.990144	0.990359	0.987658
28890	-1557.649	-1625.091	67.44141	0.97229	0.968214	0.969136	0.97742	0.976931	0.976082	0.976483	0.979691	0.979904	0.977232
28900	-1559.617	-1627.059	67.44141	0.995456	0.991283	0.992227	1.00071	1.00021	0.999339	0.999749	1.00303	1.00325	1.00052
28910	-1558.461	-1625.902	67.44141	0.986351	0.985858	0.986797	0.987202	0.983063	0.983277	0.991681	0.988977	0.988118	0.991364
28920	-1558.461	-1625.902	67.44141	0.986353	0.983663	0.986895	0.987109	0.986251	0.986656	0.995089	0.994592	0.990422	0.991366
28930	-1557.764	-1625.206	67.44141	0.962378	0.962587	0.959962	0.960356	0.963511	0.963029	0.962193	0.96311	0.971342	0.967269
28940	-1558.464	-1625.905	67.44141	0.98638	0.989621	0.988762	0.986065	0.994493	0.994709	0.990539	0.990945	0.991889	0.991393
28950	-1559.422	-1626.864	67.44141	0.994162	0.991451	0.991666	0.994924	0.995333	0.994468	0.993971	1.00247	1.00342	0.999215
28960	-1557.863	-1625.305	67.44141	0.978488	0.981703	0.980851	0.978176	0.986537	0.986751	0.982614	0.983017	0.983954	0.983462
28970	-1558.479	-1625.92	67.44141	0.951825	0.952032	0.949435	0.949825	0.952946	0.952469	0.951642	0.952549	0.960691	0.956663
28980	-1557.649	-1625.091	67.44141	0.97228	0.972679	0.972193	0.972404	0.97333	0.970676	0.966606	0.969782	0.978071	0.977222
28990	-1557.649	-1625.09	67.44141	0.972248	0.971404	0.979707	0.982926	0.978805	0.976136	0.977066	0.977278	0.976789	0.97719
29000	-1558.69	-1626.131	67.44141	0.949737	0.949262	0.950167	0.950557	0.946572	0.946777	0.954869	0.952265	0.951438	0.954564
29010	-1557.995	-1625.436	67.44141	0.9579	0.958813	0.954793	0.954316	0.962473	0.962868	0.962031	0.96224	0.965401	0.962769
29020	-1557.632	-1625.073	67.44141	0.967954	0.968351	0.968561	0.968077	0.965437	0.966356	0.969531	0.965467	0.964628	0.972873
29030	-1558.843	-1626.285	67.44141	0.948342	0.956448	0.952438	0.951611	0.952518	0.955647	0.955169	0.952565	0.952956	0.953162
29040	-1557.871	-1625.313	67.44141	0.978642	0.981858	0.981005	0.97833	0.986692	0.986906	0.982768	0.983172	0.984108	0.983616
29050	-1557.85	-1625.291	67.44141	0.978232	0.975565	0.975776	0.978982	0.979384	0.978533	0.978044	0.986404	0.987344	0.983204
29060	-1557.626	-1625.067	67.44141	0.96972	0.978008	0.977159	0.973062	0.976259	0.977189	0.974525	0.974037	0.974249	0.974649
29070	-1558.129	-1625.571	67.44141	0.982595	0.979916	0.983135	0.983349	0.982494	0.982898	0.991299	0.990803	0.986649	0.987589
29080	-1557.909	-1625.35	67.44141	0.959343	0.959551	0.959945	0.957327	0.956848	0.959992	0.960906	0.960072	0.956047	0.964219
29090	-1557.76	-1625.201	67.44141	0.962489	0.962698	0.960073	0.960467	0.963622	0.963141	0.962304	0.963221	0.971454	0.967381
29100	-1558.008	-1625.45	67.44141	0.957688	0.958081	0.958288	0.957809	0.955197	0.956107	0.959249	0.955227	0.954397	0.962555
29110	-1558.223	-1625.664	67.44141	0.983755	0.992163	0.991302	0.987146	0.990389	0.991332	0.988629	0.988135	0.988349	0.988755
29120	-1557.759	-1625.201	67.44141	0.962504	0.959879	0.963033	0.963242	0.962405	0.9628	0.97103	0.970544	0.966475	0.967396
29130	-1557.663	-1625.104	67.44141	0.965777	0.966697	0.966214	0.962163	0.962558	0.970786	0.970996	0.970153	0.967507	0.970686
29140	-1557.775	-1625.217	67.44141	0.976618	0.97613	0.97653	0.977461	0.977673	0.973574	0.970919	0.979218	0.982435	0.981582
29150	-1558.362	-1625.803	67.44141	0.985323	0.993745	0.992882	0.98872	0.991968	0.992913	0.990205	0.98971	0.989925	0.990331
29160	-1557.746	-1625.188	67.44141	0.962848	0.966012	0.963377	0.962541	0.962749	0.970978	0.971377	0.967305	0.966821	0.967742
29170	-1557.747	-1625.188	67.44141	0.962837	0.958801	0.959714	0.967917	0.967433	0.966593	0.96699	0.970167	0.970377	0.967731
29180	-1557.724	-1625.165	67.44141	0.975248	0.975649	0.975161	0.975372	0.976301	0.973639	0.969557	0.972743	0.981057	0.980205
29190	-1557.704	-1625.146	67.44141	0.964121	0.964516	0.964726	0.964243	0.961614	0.96253	0.965692	0.961644	0.960809	0.969021
29200	-1558.958	-1626.399	67.44141	0.990759	0.991165	0.99067	0.990885	0.991828	0.989124	0.984977	0.988213	0.99666	0.995794
29210	-1558.71	-1626.152	67.44141	0.988696	0.986	0.989239	0.989454	0.988594	0.989	0.997453	0.996955	0.992775	0.993721
29220	-1558.232	-1625.674	67.44141	0.954619	0.954826	0.952222	0.952613	0.955743	0.955265	0.954436	0.955345	0.963511	0.959471
29230	-1557.645	-1625.086	67.44141	0.971985	0.980293	0.976183	0.975335	0.976264	0.979472	0.978982	0.976312	0.976713	0.976925
29240	-1558.043	-1625.484	67.44141	0.957164	0.953151	0.954059	0.962214	0.961733	0.960897	0.961292	0.96445	0.964659	0.962029
29250	-1558.781	-1626.222	67.44141	0.948901	0.949106	0.949496	0.946907	0.946433	0.949543	0.950447	0.949622	0.945641	0.953723
29260	-1557.658	-1625.099	67.44141	0.966027	0.966424	0.966634	0.96615	0.963516	0.964433	0.967602	0.963546	0.962709	0.970937
29270	-1557.641	-1625.083	67.44141	0.967045	0.967442	0.967652	0.967168	0.96453	0.965449	0.968621	0.964561	0.963723	0.97196
29280	-1557.677	-1625.119	67.44141	0.973659	0.969577	0.970501	0.978796	0.978306	0.977457	0.977858	0.981071	0.981284	0.978608
29290	-1557.682	-1625.123	67.44141	0.964951	0.973198	0.969118	0.968277	0.969199	0.972383	0.971897	0.969247	0.969645	0.969855
29300	-1557.752	-1625.194	67.44141	0.962687	0.96585	0.963216	0.96238	0.962588	0.970816	0.971214	0.967143	0.966659	0.96758
29310	-1557.76	-1625.202	67.44141	0.962478	0.970705	0.966635	0.965796	0.966716	0.969892	0.969407	0.966763	0.96716	0.96737
29320	-1557.626	-1625.067	67.44141	0.969509	0.966865	0.970042	0.970252	0.96941	0.969808	0.978097	0.977608	0.973509	0.974437
29330	-1558.525	-1625.967	67.44141	0.986988	0.987928	0.987434	0.983295	0.983698	0.992106	0.992322	0.99146	0.988756	0.992005
29340	-1557.819	-1625.26	67.44141	0.977602	0.980814	0.978139	0.97729	0.977502	0.985857	0.986261	0.982126	0.981635	0.982571
29350	-1557.629	-1625.07	67.44141	0.970441	0.978736	0.977886	0.973786	0.976986	0.977917	0.97525	0.974762	0.974973	0.975374
29360	-1558.052	-1625.493	67.44141	0.981546	0.981949	0.982162	0.981671	0.978994	0.979926	0.983146	0.979024	0.978174	0.986535
29370	-1557.905	-1625.346	67.44141	0.959414	0.956797	0.957005	0.960149	0.960543	0.959709	0.959229	0.967428	0.968349	0.96429
29380	-1557.708	-1625.149	67.44141	0.974765	0.977967	0.977118	0.974453	0.982782	0.982996	0.978874	0.979276	0.980209	0.979719
29390	-1559.031	-1626.472	67.44141	0.94675	0.946277	0.946665	0.947567	0.947772	0.943799	0.941225	0.94927	0.952389	0.951562
29400	-1558.589	-1626.031	67.44141	0.987597	0.988537	0.988043	0.983901	0.984305	0.992718	0.992933	0.992071	0.989365	0.992616
29410	-1558.497	-1625.938	67.44141	0.951637	0.947648	0.94855	0.956658	0.95618	0.955349	0.955741	0.958881	0.959089	0.956474
29420	-1557.853	-1625.294	67.44141	0.960402	0.961317	0.957286	0.956808	0.964986	0.965382	0.964544	0.964753	0.967923	0.965283
29430	-1557.632	-1625.074	67.44141	0.970918	0.971129	0.96848	0.968878	0.972061	0.971575	0.970731	0.971656	0.979961	0.975853
29440	-1558.998	-1626.44	67.44141	0.991077	0.991484	0.990988	0.991203	0.992147	0.989442	0.985293	0.988531	0.99698	0.996114
29450	-1557.775	-1625.217	67.44141	0.976619	0.972525	0.980837	0.981772	0.980919	0.980429	0.98365	0.984054	0.98137	0.981583
29460	-1557.765	-1625.206	67.44141	0.976364	0.973702	0.976901	0.977113	0.976264	0.976665	0.985013	0.98452	0.980393	0.981327
29470	-1558.376	-1625.818	67.44141	0.952933	0.953139	0.95054	0.95093	0.954054	0.953577	0.952749	0.953657	0.961808	0.957776
29480	-1557.649	-1625.09	67.44141	0.97226	0.969608	0.969818	0.973005	0.973404	0.972559	0.972073	0.980381	0.981315	0.977201
29490	-1558.037	-1625.479	67.44141	0.981337	0.984562	0.983706	0.981024	0.989409	0.989624	0.985475	0.985879	0.986818	0.986325
29500	-1558.67	-1626.112	67.44141	0.949921	0.953042	0.952214	0.949618	0.957734	0.957942	0.953926	0.954317	0.955227	0.954749
29510	-1558.369	-1625.81	67.44141	0.953017	0.950418	0.953541	0.953748	0.95292	0.953311	0.961459	0.960978	0.956949	0.957861
29520	-1557.725	-1625.166	67.44141	0.975285	0.974798	0.975726	0.976127	0.972034	0.972245	0.980555	0.977881	0.977032	0.980242
29530	-1558.122	-1625.564	67.44141	0.982502	0.9909	0.990039	0.985889	0.989128	0.99007	0.98737	0.986877	0.987091	0.987496
29540	-1558.388	-1625.829	67.44141	0.952804	0.960948	0.960114	0.956088	0.95923	0.960143	0.957525	0.957046	0.957254	0.957647
29550	-1558.988	-1626.429	67.44141	0.990996	0.990135	0.993388	1.00188	0.999147	0.994958	0.995174	0.996122	0.996531	0.996033
29560	-1558.687	-1626.128	67.44141	0.949764	0.945783	0.946684	0.954775	0.954298	0.953469	0.95386	0.956994	0.957202	0.954592
29570	-1559.072	-1626.513	67.44141	0.991643	1.00012	0.995926	0.995062	0.996009	0.999282	0.998782	0.996059	0.996467	0.996683
29580	-1558.378	-1625.82	67.44141	0.985502	0.985906	0.985413	0.985627	0.986566	0.983875	0.979751	0.98297	0.991371	0.99051
29590	-1558.155	-1625.596	67.44141	0.955608	0.951602	0.959735	0.96065	0.959815	0.959335	0.962487	0.962882	0.960256	0.960465
29600	-1557.627	-1625.068	67.44141	0.96869	0.967848	0.976121	0.979328	0.975222	0.972563	0.973489	0.9737	0.973214	0.973613
29610	-1558.763	-1626.204	67.44141	0.949066	0.949272	0.949661	0.947071	0.946598	0.949708	0.950613	0.949787	0.945805	0.953889
29620	-1557.643	-1625.084	67.44141	0.971865	0.972264	0.972475	0.971989	0.969338	0.970262	0.973449	0.969368	0.968527	0.976805
29630	-1557.798	-1625.24	67.44141	0.961562	0.96177	0.962165	0.959541	0.959061	0.962212	0.963129	0.962293	0.958258	0.966449
29640	-1558.544	-1625.986	67.44141	0.951154	0.950327	0.95345	0.961599	0.958977	0.954956	0.955164	0.956074	0.956466	0.955988
29650	-1557.627	-1625.069	67.44141	0.970172	0.978465	0.974363	0.973517	0.974444	0.977646	0.977157	0.974492	0.974892	0.975103
29660	-1557.727	-1625.168	67.44141	0.975334	0.976263	0.975775	0.971684	0.972083	0.980392	0.980604	0.979753	0.977081	0.980291
29670	-1557.764	-1625.205	67.44141	0.962392	0.965554	0.962921	0.962085	0.962293	0.970518	0.970917	0.966846	0.966363	0.967283
29680	-1557.648	-1625.09	67.44141	0.972228	0.971384	0.974576	0.982906	0.980225	0.976116	0.976327	0.977258	0.977659	0.97717
29690	-1557.632	-1625.074	67.44141	0.970912	0.966841	0.975105	0.976034	0.975187	0.974699	0.977901	0.978303	0.975635	0.975847
29700	-1557.66	-1625.101	67.44141	0.972874	0.973801	0.969718	0.969234	0.977518	0.977919	0.97707	0.977282	0.980493	0.977819
29710	-1557.728	-1625.17	67.44141	0.975384	0.974896	0.975825	0.976226	0.972133	0.972344	0.980655	0.97798	0.977131	0.980342
29720	-1557.726	-1625.167	67.44141	0.975312	0.975524	0.972864	0.973263	0.976461	0.975972	0.975125	0.976054	0.984396	0.980269
29730	-1558.248	-1625.689	67.44141	0.984055	0.97993	0.988305	0.989247	0.988388	0.987894	0.991139	0.991546	0.988842	0.989057
29740	-1559.106	-1626.547	67.44141	0.991902	0.991406	0.991813	0.992758	0.992973	0.98881	0.986114	0.994542	0.99781	0.996943
29750	-1557.636	-1625.077	67.44141	0.967491	0.964852	0.968022	0.968232	0.967392	0.967789	0.976061	0.975573	0.971483	0.972408
29760	-1558.711	-1626.152	67.44141	0.949541	0.949747	0.947157	0.947546	0.950659	0.950184	0.949359	0.950263	0.958385	0.954367
29770	-1558.216	-1625.657	67.44141	0.983675	0.98282	0.986049	0.994477	0.991765	0.987608	0.987822	0.988763	0.989169	0.988674
29780	-1557.803	-1625.245	67.44141	0.977268	0.97748	0.974815	0.975215	0.978419	0.97793	0.97708	0.978011	0.98637	0.982235
29790	-1557.639	-1625.081	67.44141	0.97158	0.967506	0.975776	0.976705	0.975857	0.975369	0.978574	0.978976	0.976306	0.976518
29800	-1557.78	-1625.221	67.44141	0.976725	0.976937	0.974273	0.974673	0.977875	0.977386	0.976537	0.977468	0.985822	0.98169
29810	-1557.64	-1625.082	67.44141	0.967126	0.970304	0.969461	0.966817	0.975081	0.975293	0.971204	0.971602	0.972528	0.972042
29820	-1557.691	-1625.133	67.44141	0.964583	0.972827	0.968749	0.967908	0.96883	0.972013	0.971527	0.968877	0.969275	0.969485
29830	-1557.748	-1625.189	67.44141	0.962807	0.963724	0.959684	0.959204	0.967402	0.967799	0.966959	0.967169	0.970346	0.9677
29840	-1557.665	-1625.106	67.44141	0.973103	0.973314	0.97066	0.971058	0.974249	0.973762	0.972916	0.973843	0.982166	0.978049
29850	-1563.421	-1630.862	67.44141	0.922357	0.921896	0.922274	0.923153	0.923353	0.919482	0.916974	0.924812	0.927851	0.927045
29860	-1557.901	-1625.342	67.44141	0.959486	0.95687	0.960014	0.960222	0.959388	0.959782	0.967985	0.967501	0.963445	0.964363
29870	-1557.688	-1625.13	67.44141	0.964694	0.964904	0.962272	0.962667	0.96583	0.965347	0.964509	0.965428	0.97368	0.969598
29880	-1557.629	-1625.07	67.44141	0.97042	0.97063	0.971029	0.968381	0.967897	0.971077	0.972002	0.971158	0.967086	0.975352
29890	-1557.904	-1625.346	67.44141	0.979234	0.976563	0.976775	0.979984	0.980387	0.979535	0.979046	0.987414	0.988354	0.984211
29900	-1558.955	-1626.396	67.44141	0.947382	0.950494	0.947902	0.947079	0.947285	0.955381	0.955773	0.951766	0.951291	0.952197
29910	-1557.902	-1625.343	67.44141	0.97919	0.982407	0.981554	0.978877	0.987244	0.987458	0.983318	0.983722	0.984659	0.984167
29920	-1557.645	-1625.087	67.44141	0.966778	0.966988	0.964351	0.964747	0.967916	0.967432	0.966592	0.967513	0.975783	0.971692
29930	-1557.709	-1625.15	67.44141	0.963971	0.97221	0.971366	0.967293	0.970471	0.971396	0.968747	0.968262	0.968472	0.96887
29940	-1557.675	-1625.116	67.44141	0.965235	0.961189	0.969404	0.970328	0.969485	0.969	0.972184	0.972583	0.969931	0.970141
29950	-1557.747	-1625.188	67.44141	0.962834	0.965998	0.965159	0.962527	0.970754	0.970964	0.966894	0.96729	0.968212	0.967728
29960	-1558.168	-1625.609	67.44141	0.955435	0.951429	0.952335	0.960475	0.959995	0.959161	0.959555	0.962708	0.962916	0.960291
29970	-1557.754	-1625.196	67.44141	0.976102	0.976502	0.976014	0.976226	0.977156	0.974491	0.970405	0.973594	0.981915	0.981063
29980	-1558.114	-1625.555	67.44141	0.956153	0.964325	0.963488	0.959448	0.962601	0.963518	0.96089	0.96041	0.960618	0.961012
29990	-1558.868	-1626.309	67.44141	0.990031	0.98588	0.994307	0.995254	0.99439	0.993893	0.997158	0.997567	0.994847	0.995063
30000	-1557.639	-1625.08	67.44141	0.967229	0.975496	0.971406	0.970562	0.971487	0.974679	0.974192	0.971535	0.971934	0.972145
30010	-1557.636	-1625.077	67.44141	0.971265	0.970422	0.97361	0.981932	0.979254	0.975148	0.97536	0.976289	0.97669	0.976201
30020	-1557.69	-1625.132	67.44141	0.96461	0.972855	0.968777	0.967935	0.968857	0.972041	0.971555	0.968905	0.969303	0.969513
30030	-1561.165	-1628.606	67.44141	0.933	0.932534	0.932917	0.933805	0.934008	0.930092	0.927556	0.935484	0.938557	0.937742
30040	-1557.637	-1625.078	67.44141	0.967437	0.963381	0.964299	0.972541	0.972054	0.97121	0.971609	0.974801	0.975013	0.972354
30050	-1557.69	-1625.131	67.44141	0.974127	0.982453	0.978334	0.977484	0.978416	0.98163	0.98114	0.978464	0.978865	0.979078
30060	-1557.703	-1625.144	67.44141	0.964171	0.960129	0.961043	0.969258	0.968773	0.967932	0.968329	0.97151	0.971721	0.969071
30070	-1557.662	-1625.104	67.44141	0.965795	0.97405	0.973204	0.969124	0.972308	0.973234	0.97058	0.970095	0.970305	0.970704
30080	-1558.081	-1625.522	67.44141	0.956618	0.956825	0.954216	0.954607	0.957744	0.957265	0.956434	0.957345	0.965527	0.96148
30090	-1558.057	-1625.499	67.44141	0.981623	0.982026	0.981535	0.981748	0.982683	0.980003	0.975895	0.979101	0.98747	0.986612
30100	-1557.635	-1625.076	67.44141	0.967628	0.964989	0.965198	0.968369	0.968767	0.967926	0.967442	0.975711	0.97664	0.972546
30110	-1557.673	-1625.114	67.44141	0.973468	0.973679	0.971024	0.971422	0.974614	0.974127	0.973281	0.974208	0.982535	0.978416
30120	-1558.548	-1625.989	67.44141	0.987205	0.986348	0.989589	0.998047	0.995325	0.991153	0.991368	0.992312	0.992719	0.992223
30130	-1557.653	-1625.095	67.44141	0.97251	0.980822	0.97997	0.975862	0.979068	0.980001	0.977328	0.97684	0.977052	0.977453
30140	-1558.048	-1625.49	67.44141	0.957086	0.953074	0.96122	0.962136	0.9613	0.960819	0.963976	0.964372	0.961742	0.961951
30150	-1557.926	-1625.368	67.44141	0.959032	0.958199	0.966389	0.969564	0.965499	0.962866	0.963784	0.963993	0.963511	0.963906
30160	-1557.638	-1625.079	67.44141	0.96734	0.966856	0.967777	0.968175	0.964116	0.964325	0.972567	0.969915	0.969073	0.972257
30170	-1557.626	-1625.067	67.44141	0.969586	0.968744	0.971927	0.980235	0.977561	0.973463	0.973674	0.974602	0.975002	0.974514
30180	-1557.978	-1625.42	67.44141	0.958162	0.958556	0.958764	0.958284	0.955671	0.956581	0.959724	0.955701	0.954871	0.963032
30190	-1558.148	-1625.59	67.44141	0.982838	0.980158	0.980371	0.983592	0.983995	0.983141	0.982649	0.991048	0.991992	0.987834
30200	-1557.714	-1625.155	67.44141	0.963809	0.964018	0.961389	0.961783	0.964943	0.964461	0.963623	0.964541	0.972785	0.968707
30210	-1558.09	-1625.532	67.44141	0.95648	0.956873	0.956395	0.956602	0.957513	0.954902	0.950899	0.954023	0.962177	0.961342
30220	-1557.657	-1625.098	67.44141	0.966068	0.965229	0.973479	0.976677	0.972583	0.969931	0.970855	0.971065	0.97058	0.970978
30230	-1558.44	-1625.881	67.44141	0.952239	0.948247	0.956352	0.957263	0.956432	0.955954	0.959095	0.959488	0.956872	0.957079
30240	-1559.181	-1626.623	67.44141	0.94554	0.953622	0.952794	0.9488	0.951917	0.952824	0.950225	0.94975	0.949956	0.950346
30250	-1558.143	-1625.584	67.44141	0.982769	0.985998	0.983309	0.982455	0.982668	0.991067	0.991474	0.987317	0.986824	0.987764
30260	-1557.766	-1625.208	67.44141	0.962323	0.962532	0.962927	0.960301	0.959821	0.962974	0.963892	0.963055	0.959017	0.967214
30270	-1557.649	-1625.09	67.44141	0.966532	0.966929	0.967138	0.966655	0.964019	0.964937	0.968107	0.964049	0.963211	0.971444
30280	-1557.626	-1625.068	67.44141	0.968954	0.968469	0.969392	0.96979	0.965724	0.965934	0.97419	0.971533	0.970689	0.973878
30290	-1558.051	-1625.492	67.44141	0.981531	0.984756	0.983901	0.981217	0.989604	0.989819	0.985669	0.986074	0.987013	0.98652
30300	-1557.751	-1625.193	67.44141	0.976024	0.976235	0.976636	0.973973	0.973486	0.976684	0.977615	0.976766	0.972671	0.980984
30310	-1558.345	-1625.786	67.44141	0.953289	0.952461	0.960602	0.963759	0.959718	0.957101	0.958013	0.95822	0.957741	0.958134
30320	-1558.375	-1625.816	67.44141	0.95295	0.948955	0.957066	0.957978	0.957146	0.956667	0.95981	0.960204	0.957586	0.957794
30330	-1557.626	-1625.068	67.44141	0.96886	0.964798	0.973045	0.973972	0.973126	0.972639	0.975835	0.976236	0.973573	0.973785
30340	-1557.68	-1625.121	67.44141	0.965013	0.962382	0.962591	0.965753	0.96615	0.96531	0.964828	0.973074	0.974001	0.969918
30350	-1557.66	-1625.101	67.44141	0.965915	0.966125	0.966521	0.963886	0.963404	0.966569	0.96749	0.96665	0.962597	0.970825
30360	-1558.593	-1626.035	67.44141	0.950668	0.949842	0.952963	0.961109	0.958487	0.954469	0.954676	0.955586	0.955978	0.9555
30370	-1557.634	-1625.076	67.44141	0.967662	0.966821	0.975085	0.978289	0.974187	0.971531	0.972456	0.972667	0.972181	0.97258
30380	-1557.675	-1625.117	67.44141	0.973575	0.973786	0.974186	0.971529	0.971043	0.974234	0.975162	0.974315	0.97023	0.978523
30390	-1557.664	-1625.105	67.44141	0.965727	0.965245	0.966164	0.966561	0.962508	0.962717	0.970946	0.968298	0.967457	0.970636
30400	-1558.691	-1626.133	67.44141	0.988527	0.989469	0.985321	0.984828	0.993246	0.993654	0.992791	0.993006	0.996269	0.993552
30410	-1558.178	-1625.62	67.44141	0.955296	0.958435	0.955821	0.954991	0.955198	0.963363	0.963758	0.959717	0.959238	0.960151
30420	-1558.859	-1626.3	67.44141	0.948206	0.947732	0.948121	0.949024	0.94923	0.945251	0.942673	0.95073	0.953854	0.953025
30430	-1557.651	-1625.093	67.44141	0.972409	0.972808	0.972322	0.972532	0.973459	0.970804	0.966734	0.96991	0.978201	0.977351
30440	-1557.673	-1625.114	67.44141	0.965315	0.966234	0.965751	0.961702	0.962097	0.97032	0.970531	0.969688	0.967044	0.970221
30450	-1557.707	-1625.149	67.44141	0.974746	0.977948	0.975281	0.974434	0.974646	0.982976	0.98338	0.979257	0.978767	0.9797
30460	-1557.74	-1625.181	67.44141	0.963036	0.96041	0.963565	0.963774	0.962937	0.963333	0.971567	0.971081	0.96701	0.967931
30470	-1557.655	-1625.096	67.44141	0.972612	0.969959	0.97017	0.973357	0.973757	0.972911	0.972425	0.980736	0.981671	0.977555
30480	-1557.856	-1625.298	67.44141	0.978357	0.975689	0.975901	0.979107	0.979509	0.978658	0.978169	0.98653	0.98747	0.98333
30490	-1557.938	-1625.379	67.44141	0.958832	0.954813	0.955722	0.963891	0.963409	0.962572	0.962967	0.966131	0.966341	0.963706
30500	-1557.773	-1625.214	67.44141	0.962161	0.96237	0.959745	0.960139	0.963294	0.962812	0.961976	0.962892	0.971122	0.967051
30510	-1557.695	-1625.137	67.44141	0.964434	0.961804	0.962013	0.965173	0.965569	0.964731	0.964249	0.97249	0.973417	0.969336
30520	-1557.861	-1625.303	67.44141	0.978452	0.97435	0.982678	0.983614	0.98276	0.982269	0.985496	0.985901	0.983212	0.983425
30530	-1557.655	-1625.096	67.44141	0.972609	0.975805	0.974957	0.972298	0.980609	0.980822	0.97671	0.97711	0.978041	0.977552
30540	-1558.616	-1626.058	67.44141	0.987847	0.996291	0.995426	0.991252	0.994509	0.995457	0.992742	0.992246	0.992461	0.992868
30550	-1558.456	-1625.898	67.44141	0.986306	0.98671	0.986924	0.986431	0.983741	0.984678	0.987913	0.983772	0.982917	0.991319
30560	-1557.699	-1625.14	67.44141	0.964309	0.961679	0.961888	0.965048	0.965444	0.964606	0.964123	0.972364	0.97329	0.96921
30570	-1559.301	-1626.742	67.44141	0.944621	0.945521	0.945048	0.941086	0.941472	0.949519	0.949725	0.9489	0.946313	0.949422
30580	-1558.284	-1625.725	67.44141	0.984467	0.984871	0.985084	0.984592	0.981907	0.982842	0.986071	0.981937	0.981084	0.98947
30590	-1561.1	-1628.542	67.44141	0.933344	0.934233	0.933766	0.929851	0.930233	0.938184	0.938388	0.937573	0.935016	0.938088
30600	-1557.751	-1625.193	67.44141	0.976017	0.976229	0.976629	0.973966	0.973479	0.976678	0.977608	0.976759	0.972664	0.980978
30610	-1559.25	-1626.691	67.44141	0.945009	0.941047	0.941944	0.949995	0.94952	0.948695	0.949084	0.952203	0.952409	0.949812
30620	-1558.35	-1625.791	67.44141	0.985198	0.984705	0.985109	0.986048	0.986262	0.982127	0.979449	0.98782	0.991066	0.990205
30630	-1557.641	-1625.083	67.44141	0.96704	0.970217	0.969375	0.966731	0.974994	0.975206	0.971117	0.971516	0.972441	0.971955
30640	-1557.768	-1625.21	67.44141	0.962273	0.961437	0.964596	0.972841	0.970188	0.96612	0.96633	0.96725	0.967647	0.967163
30650	-1557.659	-1625.101	67.44141	0.972834	0.973233	0.972746	0.972957	0.973884	0.971228	0.967157	0.970334	0.978628	0.977778
30660	-1559.229	-1626.67	67.44141	0.992809	0.988647	0.989588	0.998047	0.997548	0.996681	0.99709	1.00037	1.00058	0.997855
30670	-1558.141	-1625.582	67.44141	0.955789	0.956699	0.952689	0.952212	0.960351	0.960745	0.959911	0.960119	0.963274	0.960647
30680	-1558.068	-1625.509	67.44141	0.98177	0.981983	0.979305	0.979707	0.982926	0.982435	0.981581	0.982516	0.990914	0.98676
30690	-1558.235	-1625.676	67.44141	0.954586	0.955496	0.95149	0.951014	0.959143	0.959536	0.958703	0.958911	0.962061	0.959438
30700	-1559.671	-1627.112	67.44141	0.941954	0.939385	0.939589	0.942676	0.943063	0.942244	0.941773	0.949822	0.950727	0.946741
30710	-1558.756	-1626.197	67.44141	0.98909	0.986393	0.986606	0.989848	0.990254	0.989394	0.9889	0.997352	0.998302	0.994117
30720	-1558.057	-1625.498	67.44141	0.956961	0.960105	0.959271	0.956655	0.964832	0.965041	0.960995	0.96139	0.962306	0.961825
30730	-1557.636	-1625.077	67.44141	0.971296	0.97081	0.971209	0.972134	0.972345	0.968268	0.965628	0.973881	0.977081	0.976232
30740	-1557.635	-1625.077	67.44141	0.971257	0.971468	0.968818	0.969216	0.9724	0.971914	0.97107	0.971995	0.980303	0.976193
30750	-1557.851	-1625.292	67.44141	0.978244	0.974142	0.982469	0.983405	0.982551	0.982059	0.985286	0.98569	0.983002	0.983215
30760	-1557.634	-1625.075	67.44141	0.967713	0.967923	0.96832	0.96568	0.965197	0.968368	0.969291	0.968449	0.964389	0.972632
30770	-1558.973	-1626.414	67.44141	0.99088	0.991824	0.987666	0.987172	0.99561	0.996019	0.995154	0.995369	0.99864	0.995916
30780	-1559.262	-1626.703	67.44141	0.944916	0.94802	0.947197	0.944614	0.952688	0.952894	0.9489	0.949289	0.950193	0.949718
30790	-1557.685	-1625.127	67.44141	0.964796	0.967966	0.967125	0.964488	0.972732	0.972943	0.968864	0.969261	0.970185	0.9697
30800	-1557.636	-1625.078	67.44141	0.971321	0.968672	0.971855	0.972066	0.971221	0.97162	0.979925	0.979435	0.975329	0.976258
30810	-1558.335	-1625.777	67.44141	0.953396	0.953603	0.953995	0.951393	0.950917	0.954042	0.95495	0.954121	0.950121	0.958242
30820	-1557.881	-1625.323	67.44141	0.978825	0.982041	0.979363	0.978512	0.978725	0.98709	0.987495	0.983355	0.982864	0.9838
30830	-1560.25	-1627.691	67.44141	0.99926	0.99967	0.999887	0.999387	0.996661	0.997611	1.00089	0.996692	0.995827	1.00434
30840	-1557.897	-1625.338	67.44141	0.959558	0.959952	0.959472	0.95968	0.960595	0.957975	0.953959	0.957093	0.965274	0.964435
30850	-1557.647	-1625.088	67.44141	0.966675	0.965836	0.969009	0.977292	0.974626	0.97054	0.970751	0.971676	0.972075	0.971589
30860	-1557.803	-1625.245	67.44141	0.977267	0.977479	0.97788	0.975214	0.974726	0.977929	0.97886	0.97801	0.97391	0.982234
30870	-1560.352	-1627.793	67.44141	0.999828	1.00005	1.00046	0.997727	0.997229	1.0005	1.00146	1.00059	0.996394	1.00491
30880	-1559.507	-1626.949	67.44141	0.994735	0.995143	0.995359	0.994861	0.992148	0.993093	0.996356	0.992179	0.991317	0.999791
30890	-1558.758	-1626.199	67.44141	0.989106	0.989321	0.989727	0.987028	0.986534	0.989776	0.990719	0.989858	0.985708	0.994133
30900	-1557.651	-1625.092	67.44141	0.966418	0.963783	0.963992	0.967159	0.967556	0.966715	0.966232	0.974491	0.975419	0.97133
30910	-1557.891	-1625.332	67.44141	0.959671	0.967873	0.967033	0.962979	0.966143	0.967063	0.964426	0.963943	0.964153	0.964548
30920	-1558.787	-1626.228	67.44141	0.948846	0.949051	0.946463	0.946852	0.949963	0.949488	0.948663	0.949567	0.957683	0.953668
30930	-1557.701	-1625.142	67.44141	0.96423	0.9616	0.961809	0.964969	0.965365	0.964527	0.964044	0.972284	0.973211	0.969131
30940	-1557.68	-1625.122	67.44141	0.965004	0.965924	0.965441	0.961393	0.961788	0.970008	0.970219	0.969376	0.966733	0.969909
30950	-1557.628	-1625.069	67.44141	0.968546	0.964486	0.965404	0.973656	0.973169	0.972324	0.972723	0.975919	0.976131	0.973469
30960	-1557.724	-1625.166	67.44141	0.963485	0.966651	0.965811	0.963177	0.97141	0.97162	0.967547	0.967944	0.968866	0.968382
30970	-1557.676	-1625.118	67.44141	0.965163	0.968335	0.965694	0.964855	0.965064	0.973313	0.973713	0.96963	0.969146	0.970069
30980	-1557.71	-1625.151	67.44141	0.974823	0.975034	0.975435	0.972775	0.972288	0.975483	0.976412	0.975564	0.971474	0.979778
30990	-1557.665	-1625.107	67.44141	0.965646	0.965855	0.963221	0.963617	0.966783	0.966299	0.96546	0.96638	0.97464	0.970554
31000	-1558.167	-1625.608	67.44141	0.955447	0.954617	0.957754	0.96594	0.963306	0.959267	0.959475	0.960389	0.960784	0.960303
31010	-1557.774	-1625.215	67.44141	0.976581	0.972487	0.973414	0.981734	0.981243	0.980391	0.980793	0.984015	0.984229	0.981545
31020	-1557.665	-1625.107	67.44141	0.965663	0.963029	0.963238	0.966403	0.966799	0.96596	0.965477	0.973729	0.974657	0.970571
31030	-1557.626	-1625.067	67.44141	0.969437	0.969647	0.970045	0.9674	0.966916	0.970093	0.971017	0.970174	0.966106	0.974364
31040	-1557.891	-1625.333	67.44141	0.979002	0.976333	0.97954	0.979753	0.978902	0.979304	0.987674	0.98718	0.983042	0.983978
31050	-1557.633	-1625.075	67.44141	0.967747	0.970926	0.970083	0.967438	0.975707	0.975918	0.971827	0.972226	0.973152	0.972665
31060	-1557.868	-1625.309	67.44141	0.978577	0.978789	0.979191	0.97652	0.976032	0.979239	0.980172	0.979321	0.975215	0.98355
31070	-1557.91	-1625.351	67.44141	0.979336	0.978486	0.986849	0.990091	0.985941	0.983252	0.984188	0.984402	0.98391	0.984314
31080	-1557.628	-1625.069	67.44141	0.970226	0.969741	0.970664	0.971063	0.966992	0.967201	0.975468	0.972808	0.971963	0.975157
31090	-1557.634	-1625.076	67.44141	0.967652	0.967168	0.96809	0.968487	0.964427	0.964636	0.972881	0.970228	0.969385	0.97257
31100	-1558.596	-1626.037	67.44141	0.987659	0.988599	0.988105	0.983963	0.984367	0.99278	0.992996	0.992133	0.989428	0.992678
31110	-1557.732	-1625.173	67.44141	0.97549	0.974643	0.977845	0.986203	0.983514	0.979391	0.979603	0.980536	0.980939	0.980448
31120	-1557.848	-1625.29	67.44141	0.960485	0.960694	0.961088	0.958467	0.957988	0.961135	0.962051	0.961215	0.957186	0.965367
31130	-1557.627	-1625.069	67.44141	0.968603	0.976882	0.972786	0.971942	0.972867	0.976064	0.975576	0.972915	0.973315	0.973526
31140	-1557.711	-1625.152	67.44141	0.96391	0.963428	0.964346	0.964742	0.960697	0.960906	0.969119	0.966476	0.965637	0.968809
31150	-1557.627	-1625.069	67.44141	0.968681	0.968891	0.969289	0.966645	0.966162	0.969337	0.97026	0.969417	0.965353	0.973604
31160	-1557.885	-1625.327	67.44141	0.959769	0.960683	0.956655	0.956177	0.96435	0.964746	0.963908	0.964117	0.967285	0.964647
31170	-1557.628	-1625.07	67.44141	0.970383	0.96954	0.977827	0.98104	0.976927	0.974263	0.975191	0.975403	0.974915	0.975315
31180	-1557.757	-1625.198	67.44141	0.962568	0.970796	0.966726	0.965886	0.966806	0.969983	0.969498	0.966854	0.967251	0.967461
31190	-1559.866	-1627.307	67.44141	0.997015	0.997424	0.99764	0.997142	0.994422	0.99537	0.99864	0.994453	0.99359	1.00208
31200	-1558.353	-1625.795	67.44141	0.985235	0.988472	0.987614	0.98492	0.993339	0.993554	0.989389	0.989795	0.990738	0.990242
31210	-1558.957	-1626.398	67.44141	0.990751	0.991695	0.987537	0.987044	0.99548	0.995889	0.995024	0.99524	0.99851	0.995787
31220	-1557.898	-1625.339	67.44141	0.979121	0.980054	0.975945	0.975457	0.983795	0.984199	0.983344	0.983557	0.986789	0.984098
31230	-1558.402	-1625.844	67.44141	0.952645	0.948651	0.949554	0.957671	0.957192	0.95636	0.956753	0.959896	0.960105	0.957486
31240	-1557.96	-1625.401	67.44141	0.958465	0.958858	0.959066	0.958587	0.955972	0.956883	0.960027	0.956002	0.955172	0.963336
31250	-1557.846	-1625.288	67.44141	0.978162	0.975495	0.975707	0.978912	0.979314	0.978464	0.977974	0.986333	0.987273	0.983134
31260	-1557.757	-1625.198	67.44141	0.962577	0.958542	0.966735	0.967656	0.966815	0.966332	0.969507	0.969905	0.96726	0.967469
31270	-1557.902	-1625.344	67.44141	0.959455	0.958621	0.961771	0.969991	0.967346	0.963291	0.9635	0.964418	0.964813	0.964331
31280	-1558.742	-1626.183	67.44141	0.988972	0.992222	0.989516	0.988656	0.988871	0.997323	0.997732	0.993549	0.993053	0.993999
31290	-1557.819	-1625.26	67.44141	0.961102	0.957072	0.965253	0.966172	0.965333	0.964851	0.968021	0.968418	0.965777	0.965986
31300	-1558.087	-1625.528	67.44141	0.982034	0.982247	0.98265	0.97997	0.97948	0.982699	0.983635	0.98278	0.97866	0.987025
31310	-1557.711	-1625.153	67.44141	0.974874	0.975275	0.975486	0.974998	0.97234	0.973266	0.976464	0.97237	0.971525	0.979829
31320	-1559.677	-1627.118	67.44141	0.995838	0.993122	0.996385	0.996601	0.995736	0.996144	1.00466	1.00416	0.999947	1.0009
31330	-1558.066	-1625.508	67.44141	0.981747	0.980895	0.984117	0.992529	0.989822	0.985673	0.985886	0.986826	0.987231	0.986737
31340	-1557.626	-1625.067	67.44141	0.969329	0.969727	0.969242	0.969452	0.970376	0.96773	0.963672	0.966839	0.975103	0.974256
31350	-1558.4	-1625.841	67.44141	0.952672	0.952878	0.95028	0.95067	0.953793	0.953316	0.952488	0.953396	0.961545	0.957513
31360	-1557.706	-1625.147	67.44141	0.9747	0.977902	0.977053	0.974388	0.982717	0.98293	0.978809	0.979211	0.980144	0.979654
31370	-1557.664	-1625.105	67.44141	0.973069	0.972224	0.980534	0.983756	0.979631	0.97696	0.977891	0.978103	0.977614	0.978015
31380	-1557.638	-1625.08	67.44141	0.971501	0.967428	0.96835	0.976627	0.976138	0.975291	0.975691	0.978897	0.979109	0.976439
31390	-1557.843	-1625.285	67.44141	0.960589	0.957969	0.958177	0.961325	0.96172	0.960885	0.960404	0.968613	0.969536	0.965471
31400	-1558.077	-1625.518	67.44141	0.981897	0.981406	0.981809	0.982744	0.982958	0.978837	0.976167	0.984511	0.987746	0.986888
31410	-1560.064	-1627.505	67.44141	0.939364	0.947393	0.94657	0.942602	0.945699	0.9466	0.944018	0.943546	0.943751	0.944138
31420	-1557.652	-1625.093	67.44141	0.966375	0.96374	0.966906	0.967116	0.966276	0.966673	0.974935	0.974448	0.970362	0.971287
31430	-1557.646	-1625.087	67.44141	0.966726	0.966936	0.964299	0.964695	0.967864	0.96738	0.96654	0.967461	0.97573	0.971639
31440	-1557.63	-1625.072	67.44141	0.970674	0.966604	0.967525	0.975795	0.975307	0.97446	0.97486	0.978063	0.978275	0.975607
31450	-1557.651	-1625.092	67.44141	0.966419	0.966816	0.967025	0.966542	0.963906	0.964824	0.967994	0.963936	0.963099	0.971331
31460	-1558.018	-1625.459	67.44141	0.95754	0.956708	0.964885	0.968055	0.963997	0.961368	0.962284	0.962493	0.962011	0.962406
31470	-1560.045	-1627.486	67.44141	0.998086	1.00137	1.0005	0.997767	1.0063	1.00651	1.00229	1.00271	1.00366	1.00316
31480	-1557.634	-1625.075	67.44141	0.971067	0.971992	0.967917	0.967433	0.975702	0.976103	0.975255	0.975467	0.978671	0.976003
31490	-1558.353	-1625.795	67.44141	0.985234	0.981103	0.989489	0.990432	0.989572	0.989077	0.992326	0.992734	0.990026	0.990241
31500	-1557.8	-1625.242	67.44141	0.961511	0.960676	0.963832	0.97207	0.969419	0.965355	0.965564	0.966484	0.966881	0.966397
31510	-1558.19	-1625.631	67.44141	0.983357	0.986588	0.983897	0.983043	0.983256	0.99166	0.992067	0.987908	0.987414	0.988355
31520	-1559.148	-1626.589	67.44141	0.992216	0.993161	0.992665	0.988503	0.988909	0.997361	0.997578	0.996711	0.993993	0.997259
31530	-1557.695	-1625.137	67.44141	0.974332	0.974732	0.974244	0.974456	0.975384	0.972724	0.968646	0.971828	0.980135	0.979284
31540	-1557.706	-1625.148	67.44141	0.964056	0.960014	0.960929	0.969142	0.968657	0.967816	0.968213	0.971394	0.971605	0.968956
31550	-1557.699	-1625.14	67.44141	0.964314	0.961685	0.961893	0.965054	0.96545	0.964611	0.964129	0.97237	0.973296	0.969215
31560	-1557.917	-1625.358	67.44141	0.959195	0.95658	0.959723	0.959931	0.959097	0.959491	0.967692	0.967208	0.963153	0.964071
31570	-1557.827	-1625.269	67.44141	0.960923	0.961318	0.960837	0.961046	0.961961	0.959338	0.955316	0.958455	0.966647	0.965807
31580	-1557.642	-1625.083	67.44141	0.9718	0.971314	0.971712	0.972638	0.972849	0.96877	0.966129	0.974386	0.977588	0.976739
31590	-1558.797	-1626.239	67.44141	0.989447	0.990389	0.986237	0.985744	0.99417	0.994578	0.993714	0.993929	0.997195	0.994476
31600	-1558.05	-1625.491	67.44141	0.957065	0.956586	0.957497	0.95789	0.953875	0.954081	0.962236	0.959612	0.958779	0.961929
31610	-1559.969	-1627.41	67.44141	0.93997	0.936029	0.936921	0.944929	0.944457	0.943637	0.944024	0.947126	0.947331	0.944748
31620	-1557.705	-1625.147	67.44141	0.964078	0.963596	0.963992	0.96491	0.96512	0.961073	0.958452	0.966645	0.969821	0.968978
31630	-1558.568	-1626.009	67.44141	0.987394	0.987799	0.988013	0.98752	0.984826	0.985765	0.989003	0.984857	0.984002	0.992412
31640	-1557.659	-1625.101	67.44141	0.96596	0.974216	0.970132	0.96929	0.970213	0.973401	0.972914	0.970261	0.970659	0.970869
31650	-1557.645	-1625.086	67.44141	0.971985	0.971141	0.974332	0.98266	0.97998	0.975872	0.976083	0.977013	0.977414	0.976925
31660	-1558.147	-1625.588	67.44141	0.95571	0.955232	0.956142	0.956534	0.952524	0.952731	0.960874	0.958254	0.957421	0.960567
31670	-1557.626	-1625.068	67.44141	0.968886	0.968402	0.969324	0.969722	0.965657	0.965866	0.974122	0.971465	0.970622	0.973811
31680	-1557.728	-1625.169	67.44141	0.963374	0.962537	0.965699	0.973954	0.971297	0.967225	0.967435	0.968357	0.968754	0.96827
31690	-1557.863	-1625.305	67.44141	0.960188	0.960582	0.960791	0.96031	0.957691	0.958604	0.961753	0.957721	0.956889	0.965068
31700	-1557.627	-1625.069	67.44141	0.970125	0.970335	0.967689	0.968086	0.971267	0.970782	0.969938	0.970862	0.979161	0.975056
31710	-1559.333	-1626.775	67.44141	0.993549	0.993765	0.994172	0.991461	0.990966	0.994221	0.995169	0.994304	0.990136	0.998599
31720	-1557.635	-1625.076	67.44141	0.971204	0.972129	0.971643	0.967569	0.967966	0.97624	0.976452	0.975604	0.972943	0.97614
31730	-1557.681	-1625.123	67.44141	0.964965	0.964483	0.964879	0.965798	0.966007	0.961958	0.959334	0.967534	0.970713	0.96987
31740	-1558.057	-1625.498	67.44141	0.956962	0.956484	0.956876	0.957788	0.957996	0.953979	0.951378	0.95951	0.962662	0.961826
31750	-1558.035	-1625.476	67.44141	0.957285	0.96043	0.957811	0.956979	0.957187	0.965368	0.965764	0.961716	0.961235	0.96215
31760	-1557.658	-1625.1	67.44141	0.966011	0.966931	0.962877	0.962396	0.970622	0.97102	0.970177	0.970387	0.973576	0.970921
31770	-1557.858	-1625.299	67.44141	0.960302	0.959468	0.967669	0.970848	0.966778	0.964141	0.96506	0.965269	0.964786	0.965182
31780	-1557.666	-1625.108	67.44141	0.965602	0.973855	0.969772	0.96893	0.969853	0.97304	0.972553	0.969901	0.970299	0.97051
31790	-1557.666	-1625.107	67.44141	0.965644	0.964805	0.973052	0.976249	0.972156	0.969505	0.970428	0.970639	0.970154	0.970552
31800	-1557.82	-1625.262	67.44141	0.961074	0.961283	0.958661	0.959054	0.962206	0.961724	0.960889	0.961805	0.970025	0.965959
31810	-1557.755	-1625.197	67.44141	0.976126	0.976526	0.976038	0.97625	0.97718	0.974515	0.97043	0.973618	0.98194	0.981087
31820	-1558.928	-1626.369	67.44141	0.947611	0.946788	0.95488	0.958017	0.954001	0.951399	0.952306	0.952512	0.952036	0.952427
31830	-1557.627	-1625.069	67.44141	0.970204	0.967558	0.970737	0.970948	0.970105	0.970503	0.978798	0.978309	0.974207	0.975135
31840	-1557.952	-1625.393	67.44141	0.980039	0.980252	0.980654	0.97798	0.977491	0.980702	0.981637	0.980784	0.976672	0.98502
31850	-1557.79	-1625.231	67.44141	0.976966	0.977367	0.976878	0.97709	0.978021	0.975354	0.971265	0.974456	0.982785	0.981931
31860	-1557.653	-1625.095	67.44141	0.966271	0.963636	0.963845	0.967012	0.967409	0.966569	0.966085	0.974343	0.975271	0.971182
31870	-1557.749	-1625.19	67.44141	0.962786	0.965949	0.96511	0.962478	0.970705	0.970915	0.966845	0.967242	0.968163	0.967679
31880	-1557.773	-1625.215	67.44141	0.976573	0.979781	0.97893	0.976261	0.984605	0.984819	0.98069	0.981092	0.982027	0.981536
31890	-1558.645	-1626.086	67.44141	0.950165	0.94934	0.952459	0.9606	0.957981	0.953964	0.954171	0.95508	0.955472	0.954995
31900	-1557.796	-1625.237	67.44141	0.977096	0.980306	0.977633	0.976784	0.976996	0.985347	0.985751	0.981618	0.981128	0.982062
31910	-1557.931	-1625.373	67.44141	0.958947	0.95986	0.955836	0.955358	0.963524	0.96392	0.963082	0.963291	0.966456	0.963821
31920	-1557.671	-1625.113	67.44141	0.9734	0.974327	0.970242	0.969757	0.978046	0.978447	0.977598	0.97781	0.981022	0.978347
31930	-1557.658	-1625.1	67.44141	0.966001	0.965162	0.968333	0.976609	0.973946	0.969863	0.970073	0.970997	0.971396	0.97091
31940	-1557.891	-1625.332	67.44141	0.978994	0.979926	0.975818	0.97533	0.983667	0.98407	0.983216	0.983429	0.98666	0.98397
31950	-1559.421	-1626.862	67.44141	0.943726	0.93977	0.947802	0.948705	0.947881	0.947407	0.95052	0.95091	0.948317	0.948523
31960	-1557.718	-1625.159	67.44141	0.963672	0.961044	0.961253	0.964411	0.964807	0.963969	0.963487	0.971722	0.972648	0.96857
31970	-1558.253	-1625.694	67.44141	0.984107	0.983615	0.984552	0.984956	0.980827	0.98104	0.989425	0.986727	0.98587	0.989109
31980	-1557.826	-1625.268	67.44141	0.960939	0.969152	0.965089	0.964251	0.96517	0.968341	0.967857	0.965217	0.965613	0.965823
31990	-1557.646	-1625.088	67.44141	0.966686	0.967607	0.967123	0.963069	0.963464	0.971699	0.97191	0.971066	0.968417	0.971599
32000	-1557.653	-1625.095	67.44141	0.972505	0.972019	0.972945	0.973344	0.969264	0.969474	0.97776	0.975094	0.974247	0.977448
32010	-1559.062	-1626.503	67.44141	0.946496	0.954586	0.950584	0.949758	0.950663	0.953786	0.953309	0.95071	0.9511	0.951306
32020	-1557.665	-1625.106	67.44141	0.965685	0.973939	0.969856	0.969013	0.969936	0.973123	0.972637	0.969984	0.970382	0.970593
32030	-1558.081	-1625.522	67.44141	0.981945	0.985172	0.982485	0.981632	0.981845	0.990237	0.990643	0.98649	0.985997	0.986936
32040	-1558.526	-1625.967	67.44141	0.986992	0.986499	0.987438	0.987844	0.983702	0.983916	0.992325	0.989619	0.98876	0.992008
32050	-1558.092	-1625.534	67.44141	0.956454	0.956662	0.954053	0.954444	0.95758	0.957102	0.95627	0.957181	0.965363	0.961315
32060	-1558.707	-1626.149	67.44141	0.949576	0.948752	0.951869	0.960005	0.957387	0.953373	0.95358	0.954488	0.95488	0.954403
32070	-1557.967	-1625.408	67.44141	0.958347	0.966539	0.962486	0.961651	0.962567	0.965729	0.965246	0.962614	0.963009	0.963218
32080	-1557.86	-1625.301	67.44141	0.960259	0.963414	0.960787	0.959952	0.960161	0.968367	0.968765	0.964703	0.964221	0.96514
32090	-1557.985	-1625.426	67.44141	0.958063	0.958456	0.958664	0.958185	0.955572	0.956482	0.959624	0.955601	0.954771	0.962932
32100	-1558.123	-1625.564	67.44141	0.982511	0.983447	0.982955	0.978834	0.979236	0.987606	0.98782	0.986962	0.98427	0.987504
32110	-1557.673	-1625.115	67.44141	0.965289	0.965685	0.965202	0.965412	0.966332	0.963696	0.959656	0.962809	0.971039	0.970195
32120	-1557.739	-1625.18	67.44141	0.975691	0.9716	0.979905	0.980838	0.979986	0.979497	0.982715	0.983118	0.980437	0.98065
32130	-1557.936	-1625.377	67.44141	0.958863	0.958031	0.966219	0.969394	0.96533	0.962697	0.963614	0.963823	0.963341	0.963737
32140	-1557.632	-1625.073	67.44141	0.97088	0.971805	0.967731	0.967247	0.975515	0.975915	0.975067	0.975279	0.978483	0.975815
32150	-1558.049	-1625.491	67.44141	0.98151	0.981019	0.981954	0.982357	0.978239	0.978451	0.986814	0.984123	0.983268	0.986499
32160	-1558.308	-1625.75	67.44141	0.953706	0.961858	0.961022	0.956993	0.960138	0.961052	0.958432	0.957952	0.95816	0.958553
32170	-1558.211	-1625.652	67.44141	0.954888	0.950884	0.95179	0.959925	0.959446	0.958612	0.959006	0.962157	0.962365	0.959741
32180	-1557.626	-1625.067	67.44141	0.969776	0.968934	0.972118	0.980427	0.977753	0.973654	0.973865	0.974793	0.975193	0.974705
32190	-1558.307	-1625.748	67.44141	0.984723	0.980595	0.981529	0.989919	0.989424	0.988564	0.98897	0.992219	0.992435	0.989728
32200	-1558.909	-1626.351	67.44141	0.947769	0.95587	0.95504	0.951036	0.954161	0.95507	0.952465	0.951989	0.952196	0.952586
32210	-1557.627	-1625.068	67.44141	0.968791	0.964729	0.965648	0.973902	0.973415	0.97257	0.972969	0.976166	0.976377	0.973715
32220	-1557.629	-1625.07	67.44141	0.970445	0.966376	0.974636	0.975565	0.974717	0.97423	0.977431	0.977832	0.975165	0.975377
32230	-1558.153	-1625.594	67.44141	0.982893	0.991294	0.990434	0.986281	0.989522	0.990464	0.987763	0.987269	0.987484	0.987889
32240	-1558.733	-1626.174	67.44141	0.988892	0.997344	0.996478	0.9923	0.995561	0.996509	0.993791	0.993295	0.99351	0.993918
32250	-1558.218	-1625.66	67.44141	0.954791	0.954313	0.954705	0.955615	0.955822	0.951815	0.949219	0.957332	0.960478	0.959643
32260	-1559.575	-1627.017	67.44141	0.995183	1.00369	0.999482	0.998614	0.999565	1.00285	1.00235	0.999614	1.00002	1.00024
32270	-1557.633	-1625.074	67.44141	0.967821	0.976094	0.975246	0.971157	0.974348	0.975276	0.972617	0.97213	0.972341	0.97274
32280	-1557.628	-1625.069	67.44141	0.970302	0.97349	0.970835	0.969992	0.970203	0.978495	0.978897	0.974793	0.974305	0.975234
32290	-1557.627	-1625.069	67.44141	0.970136	0.969293	0.977578	0.98079	0.976678	0.974015	0.974943	0.975154	0.974666	0.975066
32300	-1558.701	-1626.142	67.44141	0.949635	0.952755	0.950157	0.949332	0.949538	0.957654	0.958047	0.95403	0.953553	0.954462
32310	-1557.699	-1625.141	67.44141	0.964292	0.961663	0.961871	0.965032	0.965428	0.964589	0.964107	0.972347	0.973274	0.969193
32320	-1558.559	-1626.001	67.44141	0.987315	0.984623	0.984836	0.988072	0.988477	0.987619	0.987125	0.995562	0.996511	0.992333
32330	-1557.669	-1625.111	67.44141	0.965475	0.965871	0.965388	0.965597	0.966517	0.963881	0.95984	0.962994	0.971225	0.970382
32340	-1557.813	-1625.254	67.44141	0.977471	0.985826	0.981693	0.980841	0.981775	0.985001	0.984508	0.981823	0.982226	0.982439
32350	-1557.627	-1625.069	67.44141	0.970155	0.966088	0.967008	0.975274	0.974786	0.973939	0.974339	0.97754	0.977752	0.975086
32360	-1557.629	-1625.07	67.44141	0.970482	0.967836	0.968046	0.971226	0.971625	0.970781	0.970296	0.978589	0.979521	0.975415
32370	-1557.932	-1625.373	67.44141	0.979704	0.980106	0.980318	0.979828	0.977156	0.978087	0.981301	0.977187	0.976338	0.984683
32380	-1557.648	-1625.089	67.44141	0.96659	0.966987	0.966503	0.966713	0.967634	0.964995	0.960949	0.964106	0.972347	0.971502
32390	-1557.742	-1625.183	67.44141	0.975765	0.976695	0.9726	0.972114	0.980423	0.980825	0.979973	0.980186	0.983406	0.980724
32400	-1558.241	-1625.682	67.44141	0.95451	0.957646	0.955035	0.954205	0.954412	0.96257	0.962965	0.958928	0.958449	0.959362
32410	-1559.072	-1626.514	67.44141	0.991649	0.991153	0.99156	0.992504	0.992719	0.988558	0.985862	0.994288	0.997555	0.996689
32420	-1557.723	-1625.164	67.44141	0.963531	0.963926	0.963444	0.963653	0.964571	0.961941	0.957908	0.961055	0.969269	0.968428
32430	-1557.681	-1625.123	67.44141	0.973814	0.974213	0.974425	0.973937	0.971281	0.972207	0.975401	0.971312	0.970468	0.978763
32440	-1557.847	-1625.289	67.44141	0.960508	0.960028	0.960942	0.961337	0.957306	0.957514	0.965698	0.963065	0.962228	0.96539
32450	-1557.889	-1625.33	67.44141	0.959709	0.957092	0.9573	0.960445	0.960839	0.960005	0.959525	0.967726	0.968648	0.964587
32460	-1557.655	-1625.097	67.44141	0.966172	0.974431	0.973584	0.969503	0.972688	0.973615	0.97096	0.970474	0.970685	0.971083
32470	-1557.634	-1625.076	67.44141	0.967658	0.965019	0.965229	0.9684	0.968797	0.967956	0.967472	0.975741	0.976671	0.972576
32480	-1558.242	-1625.684	67.44141	0.954496	0.962655	0.961819	0.957786	0.960933	0.961848	0.959225	0.958746	0.958954	0.959347
32490	-1558.072	-1625.513	67.44141	0.981825	0.980973	0.984196	0.992608	0.989901	0.985751	0.985965	0.986904	0.987309	0.986816
32500	-1558.811	-1626.252	67.44141	0.989561	0.988702	0.997152	1.00043	0.996234	0.993518	0.994464	0.99468	0.994183	0.994591
32510	-1557.655	-1625.097	67.44141	0.966156	0.965673	0.966593	0.966989	0.962935	0.963144	0.971377	0.968727	0.967886	0.971066
32520	-1558.157	-1625.599	67.44141	0.982954	0.983167	0.983571	0.980889	0.980398	0.983619	0.984556	0.983701	0.979577	0.98795
32530	-1557.66	-1625.101	67.44141	0.972861	0.970208	0.970419	0.973607	0.974007	0.973161	0.972674	0.980988	0.981922	0.977806
32540	-1558.165	-1625.607	67.44141	0.955469	0.955861	0.956068	0.95559	0.952984	0.953892	0.957026	0.953014	0.952186	0.960325
32550	-1557.672	-1625.113	67.44141	0.973411	0.972924	0.973324	0.974251	0.974462	0.970377	0.96773	0.976002	0.979209	0.978358
32560	-1557.632	-1625.073	67.44141	0.967914	0.967073	0.975339	0.978544	0.974441	0.971784	0.97271	0.972921	0.972434	0.972833
32570	-1558.015	-1625.457	67.44141	0.981017	0.976904	0.977835	0.986192	0.985699	0.984843	0.985247	0.988485	0.988699	0.986003
32580	-1558.042	-1625.484	67.44141	0.957174	0.960319	0.9577	0.956868	0.957076	0.965256	0.965652	0.961604	0.961123	0.962039
32590	-1557.699	-1625.141	67.44141	0.96429	0.96166	0.961869	0.965029	0.965425	0.964587	0.964104	0.972345	0.973271	0.969191
32600	-1557.965	-1625.407	67.44141	0.958376	0.955762	0.955969	0.95911	0.959504	0.958671	0.958191	0.966381	0.967302	0.963247
32610	-1558.188	-1625.63	67.44141	0.983341	0.984278	0.983786	0.979662	0.980064	0.988441	0.988655	0.987796	0.985103	0.988339
32620	-1557.724	-1625.165	67.44141	0.975248	0.976177	0.972084	0.971598	0.979903	0.980305	0.979453	0.979666	0.982885	0.980204
32630	-1557.65	-1625.092	67.44141	0.972351	0.969699	0.972885	0.973096	0.972251	0.97265	0.980964	0.980473	0.976363	0.977293
32640	-1557.722	-1625.164	67.44141	0.975206	0.983542	0.979418	0.978568	0.9795	0.982718	0.982227	0.979548	0.97995	0.980163
32650	-1558.386	-1625.827	67.44141	0.952829	0.95322	0.952744	0.952951	0.953858	0.951257	0.947269	0.950381	0.958505	0.957672
32660	-1558.573	-1626.015	67.44141	0.987446	0.987852	0.988066	0.987572	0.984879	0.985817	0.989056	0.984909	0.984054	0.992465
32670	-1557.759	-1625.201	67.44141	0.976224	0.973562	0.976761	0.976972	0.976124	0.976525	0.984871	0.984379	0.980252	0.981186
32680	-1557.632	-1625.074	67.44141	0.96788	0.97106	0.970217	0.967571	0.975841	0.976053	0.971961	0.97236	0.973286	0.972799
32690	-1557.931	-1625.372	67.44141	0.958958	0.967155	0.9631	0.962263	0.96318	0.966345	0.965862	0.963228	0.963623	0.963832
32700	-1557.781	-1625.222	67.44141	0.976758	0.979967	0.979116	0.976446	0.984792	0.985006	0.980876	0.981279	0.982214	0.981722
32710	-1557.85	-1625.291	67.44141	0.978226	0.974125	0.982451	0.983387	0.982533	0.982042	0.985269	0.985673	0.982985	0.983198
32720	-1558.818	-1626.26	67.44141	0.989624	0.992875	0.990168	0.989308	0.989522	0.99798	0.99839	0.994204	0.993707	0.994654
32730	-1557.71	-1625.151	67.44141	0.963927	0.972166	0.96809	0.96725	0.968171	0.971352	0.970866	0.968219	0.968616	0.968826
32740	-1557.626	-1625.067	67.44141	0.969425	0.969635	0.970033	0.967388	0.966904	0.970081	0.971005	0.970162	0.966094	0.974352
32750	-1557.778	-1625.219	67.44141	0.962046	0.962962	0.962481	0.958446	0.958839	0.967034	0.967244	0.966404	0.963769	0.966935
32760	-1560.713	-1628.154	67.44141	0.93548	0.943476	0.942657	0.938705	0.941789	0.942686	0.940115	0.939645	0.939849	0.940235
32770	-1557.681	-1625.122	67.44141	0.973799	0.974011	0.97441	0.971753	0.971267	0.974458	0.975387	0.97454	0.970454	0.978749
32780	-1557.889	-1625.331	67.44141	0.959693	0.957076	0.960221	0.960429	0.959595	0.959989	0.968194	0.96771	0.963653	0.964571
32790	-1557.669	-1625.111	67.44141	0.973309	0.981629	0.980776	0.976664	0.979873	0.980807	0.978132	0.977643	0.977855	0.978256
32800	-1558.632	-1626.073	67.44141	0.987989	0.987495	0.988435	0.988841	0.984696	0.984909	0.993327	0.990619	0.989758	0.99301
32810	-1558.252	-1625.694	67.44141	0.984104	0.985041	0.980911	0.980421	0.988801	0.989207	0.988348	0.988562	0.99181	0.989105
32820	-1557.84	-1625.282	67.44141	0.960651	0.958032	0.958239	0.961388	0.961782	0.960947	0.960467	0.968676	0.969599	0.965534
32830	-1559.181	-1626.623	67.44141	0.945539	0.948646	0.946059	0.945237	0.945442	0.953523	0.953915	0.949916	0.949441	0.950345
32840	-1561.409	-1628.851	67.44141	0.931717	0.932605	0.928695	0.928231	0.936165	0.936549	0.935736	0.935939	0.939014	0.936453
32850	-1557.632	-1625.074	67.44141	0.967869	0.967028	0.975294	0.978498	0.974396	0.971738	0.972664	0.972875	0.972389	0.972788
32860	-1557.747	-1625.189	67.44141	0.962826	0.961989	0.96515	0.973399	0.970745	0.966675	0.966885	0.967806	0.968203	0.967719
32870	-1558.553	-1625.994	67.44141	0.951067	0.951273	0.951663	0.949068	0.948594	0.95171	0.952617	0.95179	0.947799	0.9559
32880	-1557.626	-1625.067	67.44141	0.96967	0.969881	0.967236	0.967633	0.970812	0.970327	0.969484	0.970407	0.978702	0.974599
32890	-1558.165	-1625.607	67.44141	0.955468	0.956378	0.952368	0.951892	0.960028	0.960422	0.959588	0.959796	0.96295	0.960324
32900	-1557.813	-1625.254	67.44141	0.977465	0.980676	0.978002	0.977153	0.977364	0.985718	0.986123	0.981989	0.981498	0.982433
32910	-1558.446	-1625.887	67.44141	0.952173	0.951346	0.959478	0.96263	0.958595	0.95598	0.956891	0.957099	0.95662	0.957013
32920	-1557.67	-1625.111	67.44141	0.973327	0.969246	0.977531	0.978462	0.977612	0.977123	0.980334	0.980736	0.978061	0.978274
32930	-1558.084	-1625.525	67.44141	0.981989	0.982392	0.981901	0.982114	0.98305	0.980369	0.976259	0.979466	0.987838	0.98698
32940	-1557.769	-1625.211	67.44141	0.962251	0.962646	0.962855	0.962374	0.959749	0.960664	0.96382	0.959779	0.958946	0.967142
32950	-1557.801	-1625.242	67.44141	0.961502	0.964661	0.96203	0.961194	0.961403	0.96962	0.970018	0.965952	0.965469	0.966388
32960	-1559.752	-1627.193	67.44141	0.996312	0.995446	0.998717	1.00725	1.00451	1.0003	1.00051	1.00147	1.00188	1.00138
32970	-1557.685	-1625.127	67.44141	0.964807	0.965016	0.965412	0.962779	0.962298	0.96546	0.96638	0.96554	0.961492	0.969711
32980	-1557.626	-1625.068	67.44141	0.9699	0.97819	0.97734	0.973243	0.97644	0.97737	0.974705	0.974218	0.974429	0.974829
32990	-1557.782	-1625.223	67.44141	0.961943	0.965104	0.964266	0.961636	0.969856	0.970066	0.965999	0.966396	0.967316	0.966833
33000	-1557.627	-1625.069	67.44141	0.968597	0.969519	0.965455	0.964972	0.97322	0.973619	0.972774	0.972985	0.976182	0.97352
33010	-1557.642	-1625.084	67.44141	0.966978	0.967188	0.967585	0.964946	0.964464	0.967633	0.968554	0.967713	0.963656	0.971893
33020	-1557.627	-1625.068	67.44141	0.96883	0.968346	0.969269	0.969666	0.965601	0.965811	0.974066	0.971409	0.970566	0.973755
33030	-1557.721	-1625.162	67.44141	0.963584	0.962747	0.96591	0.974166	0.97151	0.967437	0.967647	0.968568	0.968966	0.968481
33040	-1558.111	-1625.552	67.44141	0.956197	0.955367	0.963532	0.966698	0.962645	0.96002	0.960935	0.961143	0.960663	0.961057
33050	-1557.629	-1625.07	67.44141	0.970413	0.973602	0.972756	0.970103	0.978395	0.978607	0.974505	0.974905	0.975833	0.975346
33060	-1558.577	-1626.018	67.44141	0.950831	0.951221	0.951427	0.950952	0.948358	0.949262	0.952381	0.948388	0.947564	0.955663
33070	-1557.653	-1625.095	67.44141	0.966279	0.965439	0.973691	0.97689	0.972795	0.970142	0.971066	0.971277	0.970791	0.97119
33080	-1558.653	-1626.095	67.44141	0.950083	0.958203	0.954186	0.953358	0.954266	0.957401	0.956922	0.954313	0.954704	0.954911
33090	-1557.633	-1625.074	67.44141	0.971007	0.971217	0.971616	0.968966	0.968482	0.971664	0.972589	0.971745	0.967671	0.975942
33100	-1557.627	-1625.069	67.44141	0.970175	0.967529	0.967739	0.970919	0.971317	0.970474	0.969988	0.978279	0.979211	0.975106
33110	-1558.09	-1625.531	67.44141	0.956487	0.95963	0.958796	0.956181	0.964354	0.964563	0.96052	0.960914	0.961829	0.961348
33120	-1557.639	-1625.08	67.44141	0.967253	0.968174	0.96769	0.963633	0.964029	0.972268	0.972479	0.971635	0.968985	0.972169
33130	-1557.631	-1625.072	67.44141	0.968019	0.967535	0.967932	0.968854	0.969065	0.965002	0.96237	0.970596	0.973785	0.972939
33140	-1557.797	-1625.239	67.44141	0.961583	0.969802	0.965736	0.964897	0.965816	0.96899	0.968505	0.965864	0.96626	0.96647
33150	-1557.627	-1625.069	67.44141	0.970204	0.966137	0.974394	0.975323	0.974476	0.973988	0.977188	0.97759	0.974924	0.975135
33160	-1559.26	-1626.702	67.44141	0.944929	0.940968	0.941864	0.949914	0.94944	0.948615	0.949004	0.952122	0.952329	0.949732
33170	-1557.903	-1625.345	67.44141	0.979219	0.980152	0.979662	0.975555	0.975955	0.984297	0.98451	0.983655	0.980973	0.984196
33180	-1557.736	-1625.178	67.44141	0.963134	0.962652	0.963569	0.963965	0.959924	0.960132	0.968338	0.965698	0.964859	0.968029
33190	-1557.634	-1625.076	67.44141	0.971135	0.967063	0.975329	0.976258	0.97541	0.974923	0.978126	0.978527	0.975859	0.976071
33200	-1558.415	-1625.856	67.44141	0.985884	0.983195	0.983408	0.986639	0.987044	0.986187	0.985694	0.994119	0.995066	0.990894
33210	-1558.047	-1625.488	67.44141	0.981476	0.978799	0.979012	0.982228	0.982631	0.981778	0.981287	0.989675	0.990617	0.986464
33220	-1558.482	-1625.923	67.44141	0.98656	0.989802	0.988942	0.986245	0.994675	0.994891	0.99072	0.991126	0.99207	0.991574
33230	-1557.66	-1625.101	67.44141	0.972875	0.968796	0.969719	0.978007	0.977518	0.976669	0.97707	0.98028	0.980493	0.977819
33240	-1557.733	-1625.174	67.44141	0.963238	0.963447	0.963842	0.961214	0.960733	0.96389	0.964808	0.96397	0.959929	0.968134
33250	-1557.859	-1625.3	67.44141	0.960279	0.959445	0.962597	0.970825	0.968178	0.964119	0.964328	0.965246	0.965643	0.96516
33260	-1557.851	-1625.292	67.44141	0.978246	0.975578	0.978784	0.978996	0.978146	0.978547	0.986911	0.986418	0.982282	0.983218
33270	-1557.803	-1625.244	67.44141	0.961459	0.957428	0.95834	0.966531	0.966048	0.965209	0.965605	0.968778	0.968988	0.966345
33280	-1558.181	-1625.623	67.44141	0.983256	0.980574	0.983796	0.984009	0.983155	0.983558	0.991965	0.991469	0.987313	0.988253
33290	-1557.739	-1625.18	67.44141	0.963061	0.959024	0.959938	0.968142	0.967658	0.966818	0.967215	0.970393	0.970603	0.967956
33300	-1557.705	-1625.147	67.44141	0.974681	0.975609	0.971519	0.971033	0.979333	0.979735	0.978884	0.979096	0.982313	0.979634
33310	-1558.022	-1625.463	67.44141	0.957482	0.958394	0.957915	0.953899	0.954291	0.962447	0.962656	0.96182	0.959197	0.962349
33320	-1557.633	-1625.074	67.44141	0.967826	0.971006	0.968358	0.967517	0.967727	0.975998	0.976399	0.972305	0.971819	0.972745
33330	-1557.874	-1625.315	67.44141	0.959991	0.963145	0.962309	0.959685	0.967887	0.968097	0.964039	0.964434	0.965353	0.964871
33340	-1558.416	-1625.857	67.44141	0.952499	0.948506	0.94941	0.957525	0.957046	0.956215	0.956607	0.95975	0.959958	0.95734
33350	-1558.776	-1626.218	67.44141	0.948942	0.949332	0.948857	0.949063	0.949967	0.947376	0.943405	0.946504	0.954594	0.953765
33360	-1558.807	-1626.248	67.44141	0.948668	0.948874	0.946286	0.946674	0.949785	0.94931	0.948485	0.949389	0.957504	0.95349
33370	-1557.925	-1625.366	67.44141	0.979584	0.978733	0.981949	0.990342	0.987641	0.983501	0.983714	0.984651	0.985055	0.984563
33380	-1557.645	-1625.087	67.44141	0.972028	0.972954	0.968875	0.96839	0.976667	0.977068	0.97622	0.976431	0.97964	0.976968
33390	-1557.652	-1625.093	67.44141	0.966368	0.974628	0.973782	0.969699	0.972885	0.973812	0.971156	0.970671	0.970881	0.97128
33400	-1557.643	-1625.085	67.44141	0.971881	0.971395	0.97232	0.972719	0.968641	0.968851	0.977132	0.974468	0.973621	0.97682
33410	-1557.716	-1625.157	67.44141	0.963739	0.971977	0.967902	0.967061	0.967983	0.971163	0.970677	0.96803	0.968428	0.968638
33420	-1558.145	-1625.586	67.44141	0.95574	0.956132	0.955654	0.955862	0.956772	0.954163	0.950163	0.953285	0.961433	0.960598
33430	-1558.039	-1625.48	67.44141	0.981357	0.982292	0.978174	0.977685	0.986041	0.986446	0.985589	0.985803	0.989042	0.986345
33440	-1558.162	-1625.603	67.44141	0.955512	0.951507	0.952413	0.960554	0.960073	0.95924	0.959633	0.962786	0.962995	0.960369
33450	-1557.632	-1625.073	67.44141	0.967931	0.976204	0.975356	0.971267	0.974458	0.975387	0.972727	0.97224	0.972451	0.97285
33460	-1558.167	-1625.609	67.44141	0.955439	0.954609	0.962768	0.965932	0.961882	0.959259	0.960173	0.960381	0.959901	0.960295
33470	-1557.626	-1625.067	67.44141	0.96912	0.96933	0.966686	0.967083	0.970261	0.969776	0.968933	0.969856	0.978146	0.974045
33480	-1558.104	-1625.546	67.44141	0.982266	0.983202	0.97908	0.978591	0.986955	0.98736	0.986502	0.986716	0.989958	0.987259
33490	-1559.398	-1626.84	67.44141	0.993999	0.997265	0.996399	0.993682	1.00218	1.00239	0.99819	0.9986	0.999551	0.999051
33500	-1557.627	-1625.068	67.44141	0.968786	0.968302	0.968699	0.969622	0.969833	0.965767	0.963133	0.971365	0.974557	0.97371
33510	-1558.476	-1625.918	67.44141	0.951853	0.951026	0.959155	0.962307	0.958272	0.955659	0.956569	0.956777	0.956298	0.956691
33520	-1558.587	-1626.029	67.44141	0.950726	0.950932	0.948339	0.948728	0.951845	0.951369	0.950543	0.951448	0.959581	0.955558
33530	-1558.368	-1625.809	67.44141	0.985387	0.981256	0.982191	0.990586	0.990091	0.989231	0.989637	0.992888	0.993104	0.990396
33540	-1557.714	-1625.156	67.44141	0.963796	0.964192	0.963709	0.963919	0.964837	0.962206	0.958172	0.96132	0.969536	0.968694
33550	-1559.138	-1626.579	67.44141	0.992143	1.00062	0.996428	0.995563	0.996511	0.999785	0.999285	0.99656	0.996969	0.997185
33560	-1557.957	-1625.398	67.44141	0.980117	0.98052	0.980732	0.980242	0.977569	0.9785	0.981715	0.977599	0.97675	0.985099
33570	-1559.066	-1626.507	67.44141	0.9916	0.987442	0.995882	0.996831	0.995965	0.995467	0.998738	0.999148	0.996423	0.996639
33580	-1557.971	-1625.412	67.44141	0.980334	0.980737	0.980246	0.980459	0.981393	0.978717	0.974613	0.977816	0.986173	0.985317
33590	-1560.487	-1627.929	67.44141	0.936783	0.932855	0.933744	0.941725	0.941254	0.940437	0.940823	0.943914	0.944119	0.941544
33600	-1558.33	-1625.771	67.44141	0.953458	0.954367	0.950366	0.94989	0.958009	0.958403	0.95757	0.957778	0.960925	0.958304
33610	-1557.671	-1625.113	67.44141	0.965372	0.961324	0.969541	0.970465	0.969622	0.969137	0.972321	0.97272	0.970068	0.970278
33620	-1558.896	-1626.338	67.44141	0.990266	0.990672	0.990887	0.990392	0.987691	0.988632	0.99188	0.987722	0.986864	0.995299
33630	-1557.667	-1625.108	67.44141	0.973191	0.970537	0.970747	0.973937	0.974336	0.97349	0.973003	0.98132	0.982255	0.978137
33640	-1558.325	-1625.766	67.44141	0.953517	0.95304	0.953948	0.954339	0.950338	0.950544	0.958669	0.956055	0.955224	0.958363
33650	-1557.65	-1625.091	67.44141	0.96648	0.963845	0.964054	0.967221	0.967618	0.966778	0.966295	0.974554	0.975482	0.971393
33660	-1557.65	-1625.091	67.44141	0.966469	0.962418	0.970644	0.971568	0.970725	0.970239	0.973427	0.973827	0.971171	0.971381
33670	-1557.638	-1625.079	67.44141	0.967348	0.967745	0.967955	0.967471	0.964832	0.965751	0.968925	0.964862	0.964024	0.972264
33680	-1558.427	-1625.869	67.44141	0.986013	0.983324	0.986554	0.986768	0.985911	0.986316	0.994746	0.994249	0.990081	0.991024
33690	-1557.81	-1625.251	67.44141	0.97741	0.974745	0.974956	0.978159	0.978561	0.977711	0.977222	0.985575	0.986514	0.982378
33700	-1557.811	-1625.252	67.44141	0.961276	0.962192	0.961711	0.957679	0.958072	0.966261	0.966471	0.965631	0.962998	0.966162
33710	-1557.669	-1625.111	67.44141	0.973319	0.97353	0.970875	0.971273	0.974465	0.973977	0.973131	0.974058	0.982384	0.978266
33720	-1558.588	-1626.03	67.44141	0.950717	0.950241	0.951147	0.951537	0.947548	0.947753	0.955854	0.953247	0.952419	0.955549
33730	-1557.793	-1625.235	67.44141	0.961671	0.957639	0.958552	0.966745	0.966261	0.965422	0.965818	0.968992	0.969202	0.966559
33740	-1558.671	-1626.113	67.44141	0.949914	0.945932	0.946833	0.954926	0.954448	0.95362	0.954011	0.957145	0.957353	0.954742
33750	-1559.505	-1626.947	67.44141	0.943117	0.942298	0.950352	0.953474	0.949477	0.946888	0.94779	0.947995	0.947521	0.94791
33760	-1558.009	-1625.451	67.44141	0.957676	0.956845	0.965023	0.968194	0.964135	0.961505	0.962421	0.96263	0.962149	0.962544
33770	-1557.627	-1625.069	67.44141	0.968632	0.96903	0.968545	0.968755	0.969678	0.967034	0.96298	0.966143	0.974401	0.973555
33780	-1560.103	-1627.544	67.44141	0.998421	0.999372	0.995182	0.994685	1.00319	1.0036	1.00273	1.00294	1.00624	1.0035
33790	-1557.649	-1625.091	67.44141	0.972276	0.980587	0.976476	0.975628	0.976557	0.979766	0.979276	0.976605	0.977006	0.977218
33800	-1558.78	-1626.221	67.44141	0.948909	0.948085	0.9512	0.95933	0.956714	0.952703	0.95291	0.953818	0.954209	0.953732
33810	-1558.395	-1625.836	67.44141	0.952727	0.9519	0.955027	0.96319	0.960564	0.956537	0.956744	0.957655	0.958048	0.957569
33820	-1557.633	-1625.074	67.44141	0.970988	0.971387	0.971598	0.971112	0.968464	0.969386	0.972571	0.968494	0.967653	0.975923
33830	-1557.823	-1625.265	67.44141	0.961007	0.964164	0.961535	0.9607	0.960908	0.969121	0.969519	0.965454	0.964972	0.965891
33840	-1559.002	-1626.443	67.44141	0.946988	0.943018	0.951078	0.951984	0.951157	0.950682	0.953805	0.954197	0.951595	0.951801
33850	-1559.661	-1627.103	67.44141	0.94202	0.942407	0.941936	0.94214	0.943038	0.940466	0.936523	0.9396	0.947631	0.946808
33860	-1557.809	-1625.251	67.44141	0.961314	0.964472	0.963635	0.961007	0.969221	0.969431	0.965367	0.965763	0.966683	0.9662
33870	-1557.673	-1625.115	67.44141	0.965286	0.964803	0.965199	0.966119	0.966328	0.962277	0.959653	0.967855	0.971035	0.970192
33880	-1559.765	-1627.206	67.44141	0.996394	0.996803	0.996305	0.996521	0.99747	0.99475	0.99058	0.993834	1.00233	1.00146
33890	-1557.643	-1625.085	67.44141	0.971892	0.980199	0.979348	0.975242	0.978447	0.979379	0.976708	0.976219	0.976431	0.976832
33900	-1557.757	-1625.198	67.44141	0.976168	0.972075	0.973001	0.981318	0.980827	0.979975	0.980378	0.983599	0.983812	0.981129
33910	-1557.895	-1625.336	67.44141	0.959595	0.960509	0.960029	0.956004	0.956396	0.964571	0.96478	0.963942	0.961314	0.964472
33920	-1558.88	-1626.321	67.44141	0.990133	0.987433	0.990677	0.990892	0.990031	0.990437	0.998903	0.998404	0.994218	0.995165
33930	-1557.91	-1625.351	67.44141	0.959327	0.962479	0.959854	0.95902	0.959228	0.967427	0.967824	0.963767	0.963285	0.964203
33940	-1557.921	-1625.363	67.44141	0.959121	0.956505	0.956713	0.959856	0.96025	0.959416	0.958936	0.967133	0.968054	0.963996
33950	-1557.63	-1625.072	67.44141	0.970657	0.973846	0.973	0.970347	0.978641	0.978853	0.974749	0.975149	0.976078	0.97559
33960	-1557.757	-1625.198	67.44141	0.97617	0.984513	0.980386	0.979534	0.980467	0.983689	0.983197	0.980516	0.980918	0.981131
33970	-1559.783	-1627.225	67.44141	0.941191	0.942088	0.941617	0.937669	0.938054	0.946072	0.946277	0.945455	0.942877	0.945975
33980	-1557.63	-1625.071	67.44141	0.968191	0.967707	0.968104	0.969027	0.969237	0.965173	0.962541	0.970768	0.973958	0.973112
33990	-1558.831	-1626.272	67.44141	0.94845	0.948656	0.949046	0.946457	0.945984	0.949092	0.949996	0.949171	0.945192	0.953271
34000	-1557.629	-1625.07	67.44141	0.968345	0.967861	0.968783	0.96918	0.965117	0.965326	0.973577	0.970922	0.970079	0.973266
34010	-1557.852	-1625.293	67.44141	0.960419	0.961334	0.957304	0.956825	0.965003	0.965399	0.964561	0.96477	0.96794	0.9653
34020	-1557.865	-1625.306	67.44141	0.960161	0.960369	0.960763	0.958143	0.957664	0.960811	0.961726	0.960891	0.956862	0.965041
34030	-1557.906	-1625.347	67.44141	0.979264	0.982481	0.979802	0.978951	0.979163	0.987532	0.987938	0.983796	0.983304	0.984241
34040	-1557.729	-1625.17	67.44141	0.975405	0.972745	0.975941	0.976152	0.975305	0.975705	0.984045	0.983553	0.979429	0.980362
34050	-1557.757	-1625.199	67.44141	0.976174	0.975326	0.983663	0.986894	0.982757	0.980077	0.981011	0.981223	0.980733	0.981135
34060	-1557.626	-1625.067	67.44141	0.969249	0.977533	0.976684	0.97259	0.975785	0.976715	0.974051	0.973564	0.973775	0.974175
34070	-1557.697	-1625.138	67.44141	0.964374	0.963536	0.971772	0.974965	0.970877	0.96823	0.969152	0.969362	0.968878	0.969275
34080	-1557.855	-1625.297	67.44141	0.96035	0.95987	0.960785	0.961179	0.957149	0.957357	0.96554	0.962907	0.962071	0.965231
34090	-1558.081	-1625.522	67.44141	0.981948	0.985174	0.982488	0.981634	0.981847	0.99024	0.990646	0.986493	0.986	0.986939
34100	-1557.682	-1625.124	67.44141	0.964927	0.964444	0.96484	0.965759	0.965969	0.961919	0.959296	0.967495	0.970674	0.969831
34110	-1557.688	-1625.13	67.44141	0.974075	0.974287	0.974686	0.972028	0.971542	0.974734	0.975663	0.974816	0.970729	0.979026
34120	-1557.67	-1625.111	67.44141	0.973338	0.972852	0.973779	0.974178	0.970094	0.970305	0.978598	0.975929	0.975082	0.978285
34130	-1557.631	-1625.072	67.44141	0.968081	0.976356	0.972262	0.971418	0.972343	0.975538	0.97505	0.972391	0.97279	0.973001
34140	-1557.831	-1625.272	67.44141	0.960842	0.969055	0.968213	0.964154	0.967322	0.968244	0.965603	0.96512	0.96533	0.965726
34150	-1557.694	-1625.136	67.44141	0.974297	0.975226	0.974738	0.970652	0.97105	0.97935	0.979562	0.978711	0.976042	0.979249
34160	-1558.218	-1625.66	67.44141	0.983704	0.984108	0.984321	0.983829	0.981146	0.982081	0.985308	0.981177	0.980325	0.988704
34170	-1558.368	-1625.81	67.44141	0.953021	0.961167	0.960332	0.956306	0.959448	0.960362	0.957743	0.957264	0.957472	0.957865
34180	-1557.664	-1625.105	67.44141	0.965718	0.966638	0.966155	0.962105	0.962499	0.970726	0.970937	0.970094	0.967448	0.970627
34190	-1557.759	-1625.2	67.44141	0.962527	0.962922	0.96244	0.962649	0.963566	0.960939	0.95691	0.960054	0.96826	0.967419
34200	-1557.626	-1625.067	67.44141	0.969044	0.969254	0.969652	0.967007	0.966524	0.9697	0.970623	0.96978	0.965715	0.973969
34210	-1558.115	-1625.556	67.44141	0.982405	0.982618	0.983021	0.98034	0.97985	0.98307	0.984006	0.983152	0.97903	0.987398
34220	-1558.395	-1625.836	67.44141	0.985674	0.985888	0.986293	0.983603	0.983111	0.986341	0.987281	0.986424	0.982288	0.990684
34230	-1557.626	-1625.068	67.44141	0.969933	0.973119	0.970466	0.969623	0.969833	0.978123	0.978524	0.974422	0.973934	0.974862
34240	-1558.207	-1625.648	67.44141	0.954937	0.958075	0.955462	0.954632	0.954839	0.963001	0.963396	0.959357	0.958877	0.959791
34250	-1558.447	-1625.888	67.44141	0.952163	0.949567	0.949773	0.952893	0.953284	0.952457	0.95198	0.960117	0.961032	0.957003
34260	-1557.8	-1625.241	67.44141	0.961518	0.962434	0.958399	0.95792	0.966108	0.966504	0.965665	0.965874	0.969048	0.966405
34270	-1557.7	-1625.142	67.44141	0.974506	0.974018	0.974418	0.975346	0.975558	0.971468	0.968819	0.9771	0.98031	0.979459
34280	-1557.654	-1625.096	67.44141	0.966226	0.967146	0.963092	0.96261	0.970838	0.971236	0.970393	0.970603	0.973792	0.971137
34290	-1558.533	-1625.975	67.44141	0.951264	0.950788	0.951694	0.952085	0.948093	0.948299	0.956404	0.953796	0.952968	0.956099
34300	-1558.052	-1625.494	67.44141	0.957028	0.956196	0.959338	0.967538	0.964899	0.960854	0.961063	0.961978	0.962373	0.961892
34310	-1558.44	-1625.881	67.44141	0.98614	0.982006	0.982942	0.991343	0.990848	0.989987	0.990393	0.993647	0.993863	0.991152
34320	-1557.88	-1625.321	67.44141	0.959868	0.955844	0.964014	0.964933	0.964094	0.963612	0.966778	0.967175	0.964538	0.964747
34330	-1557.633	-1625.074	67.44141	0.967827	0.968749	0.968265	0.964206	0.964601	0.972846	0.973057	0.972212	0.969561	0.972746
34340	-1557.707	-1625.148	67.44141	0.964037	0.9632	0.971433	0.974625	0.970539	0.967892	0.968814	0.969024	0.96854	0.968937
34350	-1557.89	-1625.331	67.44141	0.959685	0.959205	0.960119	0.960513	0.956486	0.956694	0.964871	0.96224	0.961404	0.964563
34360	-1557.63	-1625.071	67.44141	0.968206	0.968416	0.965775	0.966171	0.969346	0.968861	0.96802	0.968942	0.977224	0.973127
34370	-1559.32	-1626.762	67.44141	0.993458	0.993673	0.994081	0.99137	0.990874	0.99413	0.995077	0.994213	0.990045	0.998507
34380	-1557.628	-1625.07	67.44141	0.970373	0.969887	0.970811	0.97121	0.967138	0.967348	0.975616	0.972955	0.97211	0.975304
34390	-1557.774	-1625.215	67.44141	0.962141	0.961305	0.969522	0.972707	0.968629	0.965987	0.966908	0.967117	0.966634	0.967031
34400	-1558.336	-1625.777	67.44141	0.985045	0.985259	0.982572	0.982975	0.986205	0.985712	0.984856	0.985794	0.99422	0.990052
34410	-1558.447	-1625.888	67.44141	0.986211	0.983521	0.983734	0.986966	0.987372	0.986514	0.986021	0.994449	0.995396	0.991223
34420	-1558.498	-1625.939	67.44141	0.986719	0.987124	0.987338	0.986845	0.984153	0.985091	0.988328	0.984184	0.983329	0.991734
34430	-1557.851	-1625.293	67.44141	0.960424	0.96358	0.962743	0.960118	0.968324	0.968534	0.964474	0.964869	0.965789	0.965306
34440	-1557.628	-1625.069	67.44141	0.970279	0.971204	0.967132	0.966648	0.974911	0.975311	0.974464	0.974675	0.977877	0.975211
34450	-1557.685	-1625.127	67.44141	0.97397	0.974898	0.97081	0.970325	0.978619	0.97902	0.97817	0.978382	0.981597	0.97892
34460	-1558.259	-1625.701	67.44141	0.954289	0.957424	0.956592	0.953984	0.962138	0.962346	0.958312	0.958705	0.959619	0.959139
34470	-1557.72	-1625.161	67.44141	0.963623	0.971859	0.967785	0.966945	0.967866	0.971046	0.97056	0.967913	0.968311	0.968521
34480	-1558.235	-1625.676	67.44141	0.954583	0.95479	0.952186	0.952577	0.955706	0.955229	0.954399	0.955308	0.963474	0.959434
34490	-1557.629	-1625.07	67.44141	0.968354	0.971535	0.968886	0.968045	0.968255	0.976531	0.976931	0.972836	0.972349	0.973276
34500	-1557.98	-1625.422	67.44141	0.980485	0.980888	0.9811	0.98061	0.977936	0.978867	0.982083	0.977966	0.977117	0.985469
34510	-1558.895	-1626.336	67.44141	0.947896	0.947073	0.955167	0.958306	0.954288	0.951686	0.952592	0.952799	0.952323	0.952713
34520	-1558.479	-1625.92	67.44141	0.951824	0.952215	0.952422	0.951945	0.949349	0.950254	0.953376	0.949379	0.948554	0.956662
34530	-1557.71	-1625.152	67.44141	0.963918	0.964314	0.964523	0.964041	0.961412	0.962328	0.965489	0.961442	0.960607	0.968817
34540	-1557.935	-1625.377	67.44141	0.979765	0.980167	0.980379	0.979889	0.977217	0.978148	0.981362	0.977247	0.976399	0.984744
34550	-1558.118	-1625.559	67.44141	0.982444	0.982657	0.979977	0.98038	0.983601	0.983109	0.982255	0.983191	0.991594	0.987437
34560	-1559.671	-1627.112	67.44141	0.995799	0.991624	1.0001	1.00105	1.00018	0.999683	1.00297	1.00338	1.00064	1.00086
34570	-1557.708	-1625.15	67.44141	0.974776	0.975705	0.971614	0.971129	0.979429	0.979831	0.97898	0.979193	0.98241	0.979731
34580	-1557.72	-1625.161	67.44141	0.975143	0.983477	0.979354	0.978504	0.979436	0.982654	0.982163	0.979484	0.979886	0.980099
34590	-1559.801	-1627.243	67.44141	0.941068	0.940598	0.941494	0.94188	0.937932	0.938135	0.946154	0.943573	0.942754	0.945851
34600	-1557.925	-1625.367	67.44141	0.9796	0.978749	0.981965	0.990358	0.987657	0.983517	0.98373	0.984667	0.985071	0.984579
34610	-1558.978	-1626.42	67.44141	0.990921	0.990426	0.990832	0.991776	0.991991	0.987832	0.985139	0.993559	0.996823	0.995958
34620	-1558.436	-1625.878	67.44141	0.986105	0.983416	0.986647	0.986861	0.986004	0.986409	0.99484	0.994342	0.990174	0.991117
34630	-1558.462	-1625.904	67.44141	0.986369	0.985512	0.98875	0.997201	0.994482	0.990313	0.990527	0.991471	0.991878	0.991382
34640	-1557.902	-1625.344	67.44141	0.979198	0.979599	0.97911	0.979322	0.980255	0.977582	0.973483	0.976682	0.98503	0.984174
34650	-1558.135	-1625.577	67.44141	0.98267	0.97855	0.979482	0.987854	0.98736	0.986503	0.986908	0.99015	0.990365	0.987664
34660	-1558.234	-1625.676	67.44141	0.954591	0.957727	0.955115	0.954286	0.954493	0.962651	0.963046	0.959009	0.958529	0.959443
34670	-1557.63	-1625.071	67.44141	0.968187	0.968397	0.968795	0.966153	0.96567	0.968843	0.969766	0.968923	0.964861	0.973108
34680	-1557.875	-1625.317	67.44141	0.978713	0.977863	0.986221	0.989461	0.985313	0.982626	0.983562	0.983775	0.983284	0.983687
34690	-1558.487	-1625.929	67.44141	0.951737	0.951943	0.952334	0.949737	0.949262	0.952381	0.953288	0.95246	0.948467	0.956574
34700	-1557.641	-1625.082	67.44141	0.9671	0.967497	0.967013	0.967223	0.968144	0.965504	0.961456	0.964615	0.97286	0.972015
34710	-1557.686	-1625.127	67.44141	0.964776	0.960731	0.968942	0.969866	0.969023	0.968539	0.971721	0.97212	0.969469	0.969679
34720	-1559.385	-1626.826	67.44141	0.993907	0.98974	0.998199	0.99915	0.998283	0.997783	1.00106	1.00147	0.998741	0.998958
34730	-1558.18	-1625.621	67.44141	0.983236	0.986466	0.983776	0.982922	0.983135	0.991538	0.991945	0.987786	0.987292	0.988233
34740	-1558.029	-1625.471	67.44141	0.95737	0.965553	0.964714	0.96067	0.963826	0.964744	0.962113	0.961632	0.961841	0.962236
34750	-1557.632	-1625.073	67.44141	0.967908	0.968118	0.968516	0.965874	0.965391	0.968563	0.969486	0.968644	0.964583	0.972828
34760	-1557.659	-1625.101	67.44141	0.965956	0.96913	0.968288	0.965648	0.973901	0.974112	0.970029	0.970427	0.971351	0.970866
34770	-1557.663	-1625.104	67.44141	0.972999	0.972154	0.975348	0.983685	0.981002	0.976889	0.977101	0.978032	0.978433	0.977944
34780	-1558.204	-1625.645	67.44141	0.954972	0.955179	0.955571	0.952965	0.952489	0.955618	0.956529	0.955698	0.951691	0.959826
34790	-1557.765	-1625.207	67.44141	0.962349	0.96551	0.962877	0.962041	0.96225	0.970474	0.970873	0.966802	0.966319	0.96724
34800	-1558.047	-1625.488	67.44141	0.981472	0.98062	0.989002	0.992251	0.988091	0.985397	0.986335	0.986549	0.986056	0.986461
34810	-1557.695	-1625.137	67.44141	0.974334	0.970249	0.971173	0.979474	0.978985	0.978134	0.978536	0.981751	0.981964	0.979286
34820	-1557.802	-1625.243	67.44141	0.961482	0.961877	0.962085	0.961604	0.958982	0.959896	0.963049	0.959012	0.958179	0.966369
34830	-1557.663	-1625.104	67.44141	0.973004	0.970351	0.973539	0.97375	0.972905	0.973304	0.981623	0.981132	0.977019	0.97795
34840	-1557.653	-1625.095	67.44141	0.966284	0.96668	0.96689	0.966406	0.963771	0.964689	0.967859	0.963801	0.962964	0.971195
34850	-1557.725	-1625.166	67.44141	0.963463	0.962982	0.963899	0.964295	0.960252	0.96046	0.96867	0.966028	0.965189	0.96836
34860	-1557.639	-1625.08	67.44141	0.967264	0.963208	0.971441	0.972367	0.971522	0.971037	0.974227	0.974627	0.971969	0.97218
34870	-1557.864	-1625.305	67.44141	0.960175	0.960569	0.960777	0.960297	0.957678	0.95859	0.96174	0.957708	0.956876	0.965055
34880	-1557.638	-1625.079	67.44141	0.967313	0.96771	0.967227	0.967436	0.968358	0.965717	0.961669	0.964828	0.973075	0.97223
34890	-1557.632	-1625.073	67.44141	0.96792	0.976193	0.9721	0.971256	0.972181	0.975375	0.974888	0.972229	0.972628	0.972839
34900	-1557.659	-1625.101	67.44141	0.972837	0.971992	0.975186	0.983521	0.980839	0.976727	0.976939	0.97787	0.978271	0.977782
34910	-1557.793	-1625.235	67.44141	0.977039	0.976191	0.979398	0.987769	0.985075	0.980946	0.981158	0.982093	0.982496	0.982005
34920	-1558.976	-1626.418	67.44141	0.990905	0.990409	0.991353	0.991759	0.987602	0.987816	0.996259	0.993542	0.992679	0.995941
34930	-1557.827	-1625.268	67.44141	0.97776	0.977271	0.977672	0.978603	0.978816	0.974712	0.972054	0.980362	0.983584	0.982729
34940	-1557.736	-1625.178	67.44141	0.975618	0.975829	0.97623	0.973568	0.973081	0.976278	0.977208	0.976359	0.972266	0.980576
34950	-1557.909	-1625.351	67.44141	0.979323	0.979535	0.979937	0.977265	0.976776	0.979986	0.980919	0.980067	0.975958	0.9843
34960	-1558.378	-1625.82	67.44141	0.952911	0.948916	0.94982	0.957938	0.957459	0.956628	0.95702	0.960165	0.960373	0.957754
34970	-1558.48	-1625.921	67.44141	0.951817	0.950991	0.959119	0.96227	0.958236	0.955623	0.956533	0.956741	0.956262	0.956655
34980	-1559.756	-1627.197	67.44141	0.941373	0.938806	0.941891	0.942095	0.941277	0.941663	0.949712	0.949237	0.945257	0.946158
34990	-1557.836	-1625.278	67.44141	0.977955	0.978357	0.978569	0.97808	0.975412	0.976341	0.979549	0.975443	0.974596	0.982926
35000	-1558.404	-1625.845	67.44141	0.985768	0.994194	0.99333	0.989166	0.992416	0.993361	0.990652	0.990157	0.990372	0.990778
35010	-1557.626	-1625.068	67.44141	0.968934	0.964872	0.973119	0.974046	0.9732	0.972713	0.975909	0.97631	0.973647	0.973858
35020	-1558.848	-1626.289	67.44141	0.948303	0.956408	0.952399	0.951572	0.952478	0.955608	0.95513	0.952525	0.952916	0.953123
35030	-1558.885	-1626.327	67.44141	0.947976	0.948879	0.944901	0.944428	0.952501	0.952892	0.952064	0.952271	0.955399	0.952794
35040	-1558.918	-1626.359	67.44141	0.947698	0.947903	0.945318	0.945706	0.948813	0.948339	0.947515	0.948418	0.956525	0.952514
35050	-1557.635	-1625.077	67.44141	0.971254	0.972179	0.971693	0.967619	0.968016	0.97629	0.976502	0.975654	0.972993	0.97619
35060	-1557.692	-1625.133	67.44141	0.9742	0.971544	0.974736	0.974947	0.9741	0.9745	0.98283	0.982338	0.97822	0.979152
35070	-1557.973	-1625.414	67.44141	0.980375	0.980587	0.977913	0.978315	0.981529	0.981038	0.980186	0.98112	0.989506	0.985357
35080	-1558.216	-1625.657	67.44141	0.95482	0.95399	0.957125	0.965306	0.962673	0.958637	0.958845	0.959759	0.960153	0.959673
35090	-1560.217	-1627.659	67.44141	0.938404	0.941487	0.938919	0.938104	0.938307	0.946327	0.946716	0.942747	0.942275	0.943173
35100	-1558.462	-1625.903	67.44141	0.986363	0.989604	0.986905	0.986048	0.986262	0.994691	0.9951	0.990928	0.990432	0.991376
35110	-1559.325	-1626.766	67.44141	0.993491	0.990782	0.990997	0.994253	0.994661	0.993797	0.9933	1.00179	1.00274	0.998541
35120	-1557.774	-1625.215	67.44141	0.976583	0.975735	0.97894	0.987308	0.984615	0.980487	0.9807	0.981634	0.982037	0.981546
35130	-1557.7	-1625.142	67.44141	0.964256	0.965175	0.964692	0.960648	0.961042	0.969256	0.969467	0.968625	0.965983	0.969157
35140	-1558.137	-1625.578	67.44141	0.98269	0.982903	0.983307	0.980625	0.980135	0.983355	0.984292	0.983437	0.979314	0.987685
35150	-1557.705	-1625.146	67.44141	0.964109	0.961479	0.964638	0.964848	0.96401	0.964405	0.972648	0.972162	0.968087	0.969009
35160	-1557.735	-1625.177	67.44141	0.963157	0.964074	0.960032	0.959552	0.967754	0.968151	0.96731	0.96752	0.970699	0.968052
35170	-1558.451	-1625.893	67.44141	0.952117	0.94952	0.949726	0.952846	0.953238	0.95241	0.951934	0.96007	0.960985	0.956956
35180	-1557.649	-1625.09	67.44141	0.966543	0.974804	0.970717	0.969874	0.970798	0.973988	0.973501	0.970846	0.971244	0.971455
35190	-1557.666	-1625.107	67.44141	0.973158	0.976355	0.973693	0.972847	0.973058	0.981375	0.981778	0.977662	0.977173	0.978104
35200	-1557.65	-1625.091	67.44141	0.972313	0.971827	0.972226	0.973152	0.973363	0.969282	0.966639	0.974901	0.978104	0.977255
35210	-1557.666	-1625.107	67.44141	0.965641	0.961593	0.962509	0.970736	0.970251	0.969408	0.969806	0.972992	0.973203	0.970549
35220	-1557.877	-1625.318	67.44141	0.978743	0.979145	0.979358	0.978868	0.976198	0.977128	0.980339	0.976229	0.975381	0.983718
35230	-1557.673	-1625.114	67.44141	0.973469	0.97368	0.971025	0.971423	0.974615	0.974127	0.973281	0.974209	0.982535	0.978416
35240	-1558.653	-1626.094	67.44141	0.988181	0.988395	0.9857	0.986104	0.989344	0.98885	0.987991	0.988932	0.997385	0.993203
35250	-1558.186	-1625.627	67.44141	0.955202	0.954372	0.957508	0.965692	0.963058	0.959021	0.959229	0.960143	0.960537	0.960056
35260	-1557.632	-1625.073	67.44141	0.970857	0.979155	0.97505	0.974203	0.975131	0.978335	0.977846	0.975179	0.97558	0.975791
35270	-1557.744	-1625.186	67.44141	0.962907	0.960281	0.963436	0.963645	0.962808	0.963203	0.971436	0.97095	0.96688	0.967801
35280	-1557.626	-1625.067	67.44141	0.969621	0.965556	0.966476	0.974736	0.974249	0.973403	0.973802	0.977002	0.977214	0.974549
35290	-1557.629	-1625.07	67.44141	0.97043	0.966362	0.974621	0.97555	0.974703	0.974215	0.977416	0.977817	0.975151	0.975362
35300	-1558.772	-1626.213	67.44141	0.98923	0.992481	0.991619	0.988914	0.997367	0.997583	0.993401	0.993809	0.994755	0.994258
35310	-1558.044	-1625.485	67.44141	0.957155	0.956324	0.959466	0.967667	0.965028	0.960982	0.961191	0.962107	0.962501	0.96202
35320	-1558.218	-1625.66	67.44141	0.983701	0.986933	0.984242	0.983387	0.9836	0.992008	0.992415	0.988254	0.98776	0.988701
35330	-1557.772	-1625.213	67.44141	0.976536	0.976748	0.974084	0.974484	0.977686	0.977197	0.976348	0.977278	0.985631	0.981499
35340	-1558.243	-1625.684	67.44141	0.954489	0.950488	0.958612	0.959525	0.958692	0.958212	0.96136	0.961755	0.959132	0.95934
35350	-1557.744	-1625.185	67.44141	0.975826	0.975339	0.976268	0.976668	0.972574	0.972785	0.981099	0.978424	0.977574	0.980786
35360	-1560.368	-1627.81	67.44141	0.937487	0.937018	0.937911	0.938296	0.934362	0.934565	0.942553	0.939983	0.939166	0.942252
35370	-1557.927	-1625.368	67.44141	0.959019	0.958186	0.961334	0.969551	0.966907	0.962853	0.963062	0.96398	0.964375	0.963893
35380	-1558.427	-1625.868	67.44141	0.986008	0.983319	0.983532	0.986764	0.987169	0.986312	0.985818	0.994244	0.995192	0.991019
35390	-1557.703	-1625.144	67.44141	0.964174	0.963336	0.97157	0.974762	0.970676	0.968029	0.968951	0.969161	0.968676	0.969074
35400	-1557.686	-1625.127	67.44141	0.964789	0.963951	0.967118	0.975385	0.972725	0.968647	0.968857	0.96978	0.970178	0.969693
35410	-1557.715	-1625.156	67.44141	0.974974	0.975185	0.972526	0.972925	0.976122	0.975634	0.974786	0.975715	0.984055	0.979929
35420	-1557.789	-1625.23	67.44141	0.961777	0.959154	0.959362	0.962514	0.962909	0.962073	0.961592	0.969811	0.970735	0.966665
35430	-1557.63	-1625.071	67.44141	0.968215	0.965574	0.965784	0.968957	0.969355	0.968513	0.968029	0.976303	0.977233	0.973136
35440	-1558.234	-1625.676	67.44141	0.983895	0.983403	0.983807	0.984744	0.984958	0.980828	0.978153	0.986514	0.989755	0.988896
35450	-1557.995	-1625.437	67.44141	0.957889	0.958802	0.958323	0.954305	0.954697	0.962857	0.963066	0.962229	0.959605	0.962758
35460	-1557.764	-1625.205	67.44141	0.962394	0.962602	0.962997	0.960371	0.959891	0.963045	0.963962	0.963125	0.959087	0.967285
35470	-1557.921	-1625.363	67.44141	0.959122	0.958643	0.959036	0.95995	0.960158	0.956133	0.953525	0.961675	0.964835	0.963997
35480	-1558.536	-1625.977	67.44141	0.951238	0.959369	0.955347	0.954517	0.955427	0.958566	0.958086	0.955474	0.955866	0.956073
35490	-1557.67	-1625.111	67.44141	0.965456	0.968628	0.967787	0.965148	0.973397	0.973608	0.969527	0.969925	0.970849	0.970363
35500	-1557.639	-1625.08	67.44141	0.971545	0.974737	0.972079	0.971234	0.971445	0.979748	0.98015	0.976041	0.975553	0.976483
35510	-1557.65	-1625.091	67.44141	0.966487	0.967408	0.963352	0.962871	0.9711	0.971499	0.970655	0.970866	0.974056	0.971399
35520	-1557.669	-1625.11	67.44141	0.965489	0.973742	0.972896	0.968817	0.972	0.972926	0.970273	0.969788	0.969998	0.970396
35530	-1557.74	-1625.181	67.44141	0.975713	0.976643	0.972548	0.972062	0.98037	0.980773	0.979921	0.980134	0.983354	0.980672
35540	-1558.163	-1625.604	67.44141	0.955498	0.958637	0.956023	0.955192	0.9554	0.963566	0.963961	0.95992	0.95944	0.960354
35550	-1557.686	-1625.128	67.44141	0.964766	0.965685	0.965202	0.961156	0.96155	0.969769	0.969979	0.969137	0.966494	0.969669
35560	-1557.766	-1625.208	67.44141	0.976397	0.972304	0.980615	0.981549	0.980696	0.980206	0.983426	0.98383	0.981147	0.98136
35570	-1559.067	-1626.508	67.44141	0.991608	0.992553	0.988392	0.987898	0.996342	0.996751	0.995885	0.996101	0.999374	0.996648
35580	-1557.945	-1625.387	67.44141	0.958705	0.959619	0.955595	0.955118	0.963281	0.963677	0.96284	0.963049	0.966213	0.963578
35590	-1557.627	-1625.068	67.44141	0.970039	0.967393	0.967603	0.970782	0.971181	0.970337	0.969852	0.978142	0.979073	0.974969
35600	-1558.957	-1626.399	67.44141	0.990756	0.994011	0.9913	0.990439	0.990654	0.999122	0.999532	0.995341	0.994844	0.995791
35610	-1557.636	-1625.077	67.44141	0.967522	0.975792	0.974945	0.970857	0.974047	0.974975	0.972316	0.97183	0.972041	0.97244
35620	-1558.527	-1625.968	67.44141	0.987004	0.995441	0.994576	0.990406	0.99366	0.994607	0.991895	0.991399	0.991614	0.992021
35630	-1559.616	-1627.058	67.44141	0.99545	1.00396	0.99975	0.998881	0.999833	1.00312	1.00262	0.999882	1.00029	1.00051
35640	-1557.638	-1625.079	67.44141	0.967348	0.963292	0.96421	0.972451	0.971965	0.971121	0.971519	0.974711	0.974923	0.972264
35650	-1557.944	-1625.385	67.44141	0.958734	0.958942	0.956326	0.956719	0.959862	0.959382	0.958549	0.959462	0.967663	0.963606
35660	-1557.644	-1625.085	67.44141	0.971943	0.971099	0.979399	0.982617	0.978497	0.975829	0.976758	0.97697	0.976482	0.976883
35670	-1557.79	-1625.231	67.44141	0.976959	0.97789	0.977401	0.973304	0.973703	0.982026	0.982239	0.981385	0.978709	0.981925
35680	-1557.873	-1625.314	67.44141	0.960006	0.968211	0.964152	0.963315	0.964232	0.9674	0.966917	0.96428	0.964676	0.964885
35690	-1557.721	-1625.162	67.44141	0.975166	0.975377	0.972717	0.973116	0.976314	0.975826	0.974978	0.975907	0.984248	0.980122
35700	-1557.664	-1625.105	67.44141	0.973042	0.981359	0.980507	0.976396	0.979604	0.980538	0.977864	0.977375	0.977587	0.977988
35710	-1558.436	-1625.878	67.44141	0.986106	0.987046	0.986552	0.982416	0.982819	0.99122	0.991435	0.990574	0.987873	0.991118
35720	-1558.02	-1625.461	67.44141	0.957512	0.958424	0.957945	0.953929	0.95432	0.962477	0.962686	0.96185	0.959227	0.962378
35730	-1557.664	-1625.106	67.44141	0.973078	0.981396	0.980543	0.976432	0.97964	0.980574	0.9779	0.977411	0.977623	0.978024
35740	-1557.67	-1625.112	67.44141	0.965432	0.9628	0.963008	0.966172	0.966569	0.96573	0.965247	0.973497	0.974424	0.970339
35750	-1557.724	-1625.165	67.44141	0.975259	0.975471	0.975871	0.97321	0.972723	0.975919	0.976849	0.976001	0.971909	0.980216
35760	-1558.819	-1626.26	67.44141	0.948558	0.945972	0.946177	0.949285	0.949675	0.94885	0.948376	0.956482	0.957393	0.953379
35770	-1558.211	-1625.652	67.44141	0.954888	0.954059	0.962213	0.965375	0.961328	0.958706	0.959619	0.959827	0.959348	0.959741
35780	-1558.416	-1625.857	67.44141	0.952498	0.9499	0.953021	0.953228	0.9524	0.952791	0.960935	0.960454	0.956428	0.957339
35790	-1558.462	-1625.904	67.44141	0.986368	0.982232	0.983168	0.991572	0.991076	0.990215	0.990621	0.993876	0.994092	0.991381
35800	-1557.69	-1625.132	67.44141	0.964608	0.961977	0.962186	0.965347	0.965744	0.964905	0.964423	0.972666	0.973592	0.969511
35810	-1557.977	-1625.419	67.44141	0.980438	0.981372	0.977257	0.976769	0.985117	0.985522	0.984666	0.984879	0.988115	0.985421
35820	-1557.714	-1625.155	67.44141	0.974951	0.970863	0.971788	0.980094	0.979604	0.978754	0.979155	0.982372	0.982585	0.979906
35830	-1558.012	-1625.454	67.44141	0.980975	0.980484	0.981418	0.981821	0.977705	0.977917	0.986276	0.983586	0.982732	0.985961
35840	-1557.63	-1625.071	67.44141	0.970631	0.970146	0.970544	0.971469	0.971679	0.967606	0.964967	0.973215	0.976412	0.975564
35850	-1557.911	-1625.352	67.44141	0.979348	0.978859	0.979791	0.980193	0.976084	0.976296	0.98464	0.981955	0.981102	0.984326
35860	-1557.634	-1625.075	67.44141	0.967697	0.967213	0.96761	0.968532	0.968742	0.964681	0.96205	0.970273	0.973461	0.972615
35870	-1558.969	-1626.41	67.44141	0.990848	0.986694	0.995128	0.996076	0.995211	0.994713	0.997981	0.998391	0.995668	0.995884
35880	-1557.705	-1625.146	67.44141	0.964107	0.961478	0.964637	0.964846	0.964008	0.964404	0.972647	0.97216	0.968085	0.969007
35890	-1557.854	-1625.295	67.44141	0.960375	0.968584	0.967743	0.963686	0.966852	0.967773	0.965134	0.964651	0.96486	0.965256
35900	-1557.793	-1625.234	67.44141	0.961685	0.964844	0.962213	0.961378	0.961586	0.969805	0.970203	0.966136	0.965653	0.966572
35910	-1559.507	-1626.948	67.44141	0.943104	0.940532	0.940736	0.943827	0.944214	0.943394	0.942923	0.950982	0.951888	0.947897
35920	-1558.846	-1626.287	67.44141	0.948318	0.945732	0.945937	0.949045	0.949435	0.94861	0.948136	0.95624	0.957151	0.953138
35930	-1557.9	-1625.342	67.44141	0.979167	0.978677	0.979079	0.980012	0.980224	0.976115	0.973453	0.981773	0.984999	0.984143
35940	-1558.726	-1626.167	67.44141	0.949401	0.948927	0.949316	0.950221	0.950427	0.946442	0.943861	0.951929	0.955056	0.954227
35950	-1557.706	-1625.147	67.44141	0.964071	0.972311	0.968235	0.967394	0.968316	0.971497	0.971012	0.968364	0.968761	0.968971
35960	-1557.999	-1625.44	67.44141	0.980769	0.979917	0.988293	0.99154	0.987383	0.98469	0.985629	0.985842	0.985349	0.985754
35970	-1559.048	-1626.489	67.44141	0.991462	0.988758	0.988973	0.992222	0.992629	0.991767	0.991271	0.999744	1.0007	0.996501
35980	-1557.766	-1625.208	67.44141	0.976405	0.976806	0.976318	0.97653	0.97746	0.974794	0.970708	0.973897	0.982221	0.981368
35990	-1557.669	-1625.11	67.44141	0.965484	0.973736	0.969654	0.968812	0.969735	0.972921	0.972434	0.969783	0.970181	0.970391
36000	-1557.912	-1625.354	67.44141	0.959281	0.960195	0.959715	0.955691	0.956084	0.964255	0.964465	0.963627	0.960999	0.964157
36010	-1558.099	-1625.54	67.44141	0.956367	0.956759	0.956967	0.956488	0.95388	0.954789	0.957926	0.95391	0.953081	0.961228
36020	-1557.684	-1625.126	67.44141	0.964839	0.968009	0.965369	0.964531	0.96474	0.972986	0.973386	0.969305	0.96882	0.969743
36030	-1557.904	-1625.345	67.44141	0.979227	0.978737	0.979139	0.980072	0.980285	0.976175	0.973513	0.981834	0.985059	0.984204
36040	-1557.809	-1625.251	67.44141	0.977399	0.976911	0.977312	0.978243	0.978455	0.974353	0.971696	0.980001	0.983221	0.982367
36050	-1559.054	-1626.496	67.44141	0.946557	0.947458	0.943486	0.943015	0.951075	0.951465	0.950639	0.950845	0.953969	0.951368
36060	-1557.729	-1625.17	67.44141	0.963345	0.962508	0.970735	0.973924	0.969841	0.967196	0.968118	0.968328	0.967843	0.968241
36070	-1557.893	-1625.335	67.44141	0.95962	0.955597	0.956508	0.964683	0.964201	0.963363	0.963759	0.966925	0.967135	0.964498
36080	-1558.388	-1625.829	67.44141	0.952807	0.951979	0.955107	0.963271	0.960644	0.956616	0.956824	0.957735	0.958128	0.957649
36090	-1557.639	-1625.08	67.44141	0.967254	0.970432	0.96959	0.966945	0.97521	0.975422	0.971332	0.971731	0.972657	0.97217
36100	-1559.425	-1626.867	67.44141	0.943695	0.944594	0.944122	0.940164	0.94055	0.948589	0.948795	0.947971	0.945386	0.948492
36110	-1558.231	-1625.673	67.44141	0.983856	0.983001	0.991403	0.994661	0.990491	0.98779	0.988731	0.988945	0.988451	0.988856
36120	-1558.647	-1626.088	67.44141	0.950149	0.949323	0.957437	0.960583	0.956556	0.953947	0.954856	0.955063	0.954586	0.954978
36130	-1558.027	-1625.469	67.44141	0.957399	0.954788	0.954995	0.958133	0.958526	0.957693	0.957215	0.965396	0.966316	0.962265
36140	-1557.751	-1625.192	67.44141	0.976011	0.984353	0.980226	0.979375	0.980308	0.983529	0.983037	0.980356	0.980759	0.980971
36150	-1557.764	-1625.205	67.44141	0.962385	0.961904	0.962298	0.963215	0.963424	0.959385	0.956769	0.964947	0.968117	0.967276
36160	-1557.628	-1625.07	67.44141	0.968416	0.967575	0.975845	0.979051	0.974947	0.972288	0.973214	0.973425	0.972938	0.973338
36170	-1557.809	-1625.251	67.44141	0.977394	0.977796	0.978008	0.977519	0.974853	0.975782	0.978988	0.974883	0.974037	0.982362
36180	-1557.782	-1625.224	67.44141	0.976784	0.972689	0.973616	0.981938	0.981447	0.980595	0.980997	0.98422	0.984434	0.981749
36190	-1557.63	-1625.072	67.44141	0.968121	0.967637	0.968034	0.968957	0.969167	0.965104	0.962472	0.970698	0.973888	0.973042
36200	-1557.662	-1625.104	67.44141	0.972975	0.973901	0.973414	0.969334	0.969731	0.97802	0.978232	0.977383	0.974717	0.97792
36210	-1558.397	-1625.839	67.44141	0.952699	0.955829	0.953223	0.952395	0.952602	0.960744	0.961138	0.957109	0.95663	0.957541
36220	-1558.188	-1625.63	67.44141	0.955167	0.954338	0.957473	0.965657	0.963024	0.958986	0.959195	0.960108	0.960502	0.960022
36230	-1557.627	-1625.069	67.44141	0.970174	0.971099	0.970613	0.966544	0.966941	0.975205	0.975417	0.97457	0.971912	0.975105
36240	-1558.145	-1625.586	67.44141	0.955734	0.956126	0.955648	0.955855	0.956766	0.954157	0.950157	0.953278	0.961426	0.960591
36250	-1560.558	-1627.999	67.44141	0.936371	0.936755	0.936287	0.93649	0.937382	0.934826	0.930907	0.933965	0.941948	0.94113
36260	-1558.087	-1625.529	67.44141	0.982039	0.979361	0.979574	0.982792	0.983195	0.982341	0.98185	0.990242	0.991186	0.98703
36270	-1557.693	-1625.135	67.44141	0.974264	0.970179	0.978472	0.979404	0.978553	0.978064	0.981278	0.98168	0.979003	0.979216
36280	-1559.516	-1626.957	67.44141	0.94304	0.943427	0.943632	0.94316	0.940588	0.941484	0.944577	0.940617	0.9398	0.947833
36290	-1558.274	-1625.715	67.44141	0.954116	0.953288	0.961436	0.964595	0.960551	0.957931	0.958844	0.959052	0.958572	0.958966
36300	-1558.136	-1625.578	67.44141	0.982685	0.983621	0.98313	0.979008	0.97941	0.987781	0.987995	0.987137	0.984445	0.98768
36310	-1557.629	-1625.07	67.44141	0.968335	0.967851	0.968248	0.969171	0.969381	0.965317	0.962685	0.970913	0.974103	0.973257
36320	-1557.813	-1625.254	67.44141	0.961231	0.958609	0.961759	0.961968	0.961132	0.961527	0.969745	0.96926	0.965197	0.966116
36330	-1558.664	-1626.106	67.44141	0.988284	0.988689	0.988904	0.988409	0.985714	0.986653	0.989895	0.985745	0.984889	0.993307
36340	-1557.845	-1625.287	67.44141	0.978137	0.981351	0.980499	0.977825	0.986183	0.986396	0.982261	0.982664	0.9836	0.983109
36350	-1558.948	-1626.389	67.44141	0.990682	0.990897	0.991303	0.9886	0.988106	0.991352	0.992297	0.991435	0.987278	0.995717
36360	-1557.915	-1625.357	67.44141	0.959228	0.958748	0.959661	0.960055	0.95603	0.956238	0.964411	0.961781	0.960946	0.964103
36370	-1558.801	-1626.242	67.44141	0.989476	0.990419	0.989923	0.985773	0.986178	0.994607	0.994823	0.993959	0.991248	0.994505
36380	-1558.351	-1625.792	67.44141	0.95322	0.952392	0.960533	0.963689	0.959649	0.957032	0.957943	0.958151	0.957672	0.958065
36390	-1560.024	-1627.466	67.44141	0.939615	0.94051	0.94004	0.936099	0.936483	0.944487	0.944692	0.943872	0.941298	0.94439
36400	-1557.666	-1625.108	67.44141	0.973177	0.974104	0.97002	0.969535	0.977822	0.978223	0.977374	0.977586	0.980797	0.978123
36410	-1560.372	-1627.813	67.44141	0.99994	0.995748	1.00426	1.00522	1.00434	1.00384	1.00714	1.00755	1.0048	1.00502
36420	-1557.666	-1625.107	67.44141	0.973138	0.974065	0.969982	0.969497	0.977783	0.978185	0.977335	0.977547	0.980759	0.978084
36430	-1557.917	-1625.358	67.44141	0.959201	0.956585	0.959728	0.959936	0.959103	0.959496	0.967698	0.967214	0.963159	0.964076
36440	-1558.042	-1625.484	67.44141	0.957176	0.957384	0.957777	0.955165	0.954687	0.957824	0.958736	0.957904	0.953888	0.962041
36450	-1558.984	-1626.425	67.44141	0.947135	0.94734	0.947729	0.945145	0.944672	0.947776	0.948679	0.947855	0.943881	0.951949
36460	-1557.627	-1625.068	67.44141	0.969959	0.969474	0.969872	0.970796	0.971006	0.966935	0.964298	0.972541	0.975736	0.974889
36470	-1557.889	-1625.33	67.44141	0.978965	0.976296	0.976507	0.979716	0.980118	0.979267	0.978777	0.987143	0.988083	0.983941
36480	-1557.709	-1625.151	67.44141	0.963946	0.967113	0.964476	0.963638	0.963847	0.972086	0.972485	0.968408	0.967924	0.968846
36490	-1557.685	-1625.127	67.44141	0.973975	0.974186	0.971529	0.971928	0.975121	0.974634	0.973787	0.974715	0.983046	0.978925
36500	-1557.64	-1625.081	67.44141	0.967158	0.970336	0.969493	0.966849	0.975113	0.975325	0.971236	0.971634	0.97256	0.972074
36510	-1557.932	-1625.374	67.44141	0.958927	0.959321	0.958841	0.959049	0.959963	0.957345	0.953331	0.956464	0.964639	0.963801
36520	-1557.698	-1625.14	67.44141	0.974442	0.977643	0.974977	0.97413	0.974342	0.98267	0.983073	0.978951	0.978462	0.979394
36530	-1557.692	-1625.133	67.44141	0.964566	0.97281	0.968732	0.967891	0.968813	0.971996	0.97151	0.96886	0.969258	0.969468
36540	-1557.758	-1625.2	67.44141	0.962534	0.963451	0.959412	0.958932	0.967128	0.967525	0.966685	0.966895	0.970072	0.967426
36550	-1557.702	-1625.144	67.44141	0.964186	0.960143	0.96835	0.969273	0.968431	0.967947	0.971127	0.971525	0.968876	0.969086
36560	-1558.12	-1625.562	67.44141	0.982478	0.979799	0.983018	0.983231	0.982377	0.98278	0.99118	0.990685	0.986532	0.987471
36570	-1557.889	-1625.33	67.44141	0.959708	0.967911	0.967071	0.963016	0.96618	0.967101	0.964464	0.963981	0.96419	0.964586
36580	-1558.121	-1625.562	67.44141	0.956057	0.955579	0.955972	0.956882	0.95709	0.953077	0.950478	0.958602	0.961752	0.960917
36590	-1557.939	-1625.38	67.44141	0.958812	0.954792	0.955702	0.963871	0.963389	0.962552	0.962947	0.966111	0.96632	0.963685
36600	-1557.895	-1625.336	67.44141	0.979071	0.980004	0.979514	0.975407	0.975808	0.984148	0.984362	0.983507	0.980825	0.984047
36610	-1557.626	-1625.067	67.44141	0.969238	0.972423	0.969771	0.968929	0.969139	0.977422	0.977823	0.973724	0.973237	0.974164
36620	-1557.67	-1625.111	67.44141	0.965459	0.968632	0.96779	0.965151	0.9734	0.973612	0.96953	0.969928	0.970852	0.970366
36630	-1557.715	-1625.157	67.44141	0.974991	0.975391	0.975603	0.975115	0.972456	0.973382	0.97658	0.972486	0.971641	0.979946
36640	-1557.792	-1625.234	67.44141	0.977018	0.97653	0.97746	0.977861	0.973762	0.973973	0.982298	0.979619	0.978768	0.981984
36650	-1558.54	-1625.981	67.44141	0.987131	0.987345	0.984653	0.985057	0.988293	0.987799	0.986941	0.987881	0.996325	0.992148
36660	-1558.177	-1625.619	67.44141	0.983206	0.984143	0.983651	0.979527	0.979929	0.988305	0.988519	0.987661	0.984967	0.988204
36670	-1560.099	-1627.541	67.44141	0.998401	0.997902	0.998853	0.999263	0.995073	0.995289	1.0038	1.00106	1.00019	1.00348
36680	-1557.632	-1625.073	67.44141	0.967957	0.968354	0.96787	0.96808	0.969002	0.96636	0.962309	0.96547	0.973722	0.972877
36690	-1559.819	-1627.26	67.44141	0.940951	0.941337	0.941541	0.941071	0.938504	0.939398	0.942485	0.938533	0.937718	0.945733
36700	-1557.747	-1625.188	67.44141	0.975908	0.97612	0.973458	0.973857	0.977057	0.976568	0.97572	0.97665	0.984998	0.980868
36710	-1558.201	-1625.642	67.44141	0.955009	0.955216	0.955608	0.953002	0.952526	0.955656	0.956566	0.955735	0.951728	0.959863
36720	-1557.634	-1625.076	67.44141	0.971166	0.971565	0.971079	0.97129	0.972215	0.969564	0.965499	0.968671	0.976951	0.976102
36730	-1557.775	-1625.217	67.44141	0.962103	0.958069	0.958982	0.967179	0.966695	0.965855	0.966252	0.969427	0.969637	0.966993
36740	-1557.701	-1625.142	67.44141	0.964235	0.961605	0.964764	0.964974	0.964136	0.964531	0.972776	0.972289	0.968213	0.969135
36750	-1558.11	-1625.552	67.44141	0.956205	0.956412	0.956805	0.954195	0.953718	0.956852	0.957763	0.956931	0.95292	0.961065
36760	-1558.098	-1625.54	67.44141	0.982187	0.985414	0.982726	0.981873	0.982086	0.99048	0.990887	0.986732	0.986239	0.987179
36770	-1557.917	-1625.358	67.44141	0.959202	0.962354	0.961518	0.958896	0.967092	0.967301	0.963246	0.963641	0.964559	0.964077
36780	-1558.292	-1625.734	67.44141	0.953892	0.957026	0.954416	0.953587	0.953794	0.961946	0.962341	0.958306	0.957827	0.95874
36790	-1557.892	-1625.334	67.44141	0.95964	0.955617	0.963785	0.964703	0.963865	0.963383	0.966549	0.966945	0.964308	0.964517
36800	-1557.741	-1625.183	67.44141	0.962991	0.962154	0.970378	0.973566	0.969485	0.966841	0.967762	0.967972	0.967488	0.967885
36810	-1557.645	-1625.086	67.44141	0.966805	0.966321	0.966718	0.967639	0.967849	0.963791	0.961163	0.969378	0.972563	0.971718
36820	-1560.237	-1627.679	67.44141	0.999191	0.998324	1.0016	1.01016	1.00741	1.00319	1.0034	1.00436	1.00477	1.00427
36830	-1559.266	-1626.708	67.44141	0.993077	0.990369	0.993623	0.993838	0.992975	0.993383	1.00187	1.00137	0.997174	0.998124
36840	-1557.944	-1625.386	67.44141	0.979915	0.977243	0.980453	0.980666	0.979814	0.980216	0.988595	0.9881	0.983958	0.984895
36850	-1558.842	-1626.284	67.44141	0.94835	0.945764	0.945969	0.949077	0.949466	0.948642	0.948167	0.956272	0.957183	0.95317
36860	-1557.769	-1625.211	67.44141	0.97648	0.972387	0.973313	0.981632	0.981141	0.980289	0.980692	0.983914	0.984127	0.981443
36870	-1558.199	-1625.64	67.44141	0.955037	0.9632	0.959162	0.958329	0.959242	0.962393	0.961912	0.959289	0.959683	0.959891
36880	-1558.116	-1625.557	67.44141	0.95613	0.959271	0.956655	0.955824	0.956032	0.964203	0.964599	0.960555	0.960075	0.960989
36890	-1558.03	-1625.471	67.44141	0.957364	0.954753	0.95496	0.958098	0.958491	0.957659	0.95718	0.965361	0.966281	0.96223
36900	-1558.498	-1625.939	67.44141	0.986723	0.987663	0.987169	0.98303	0.983434	0.991839	0.992055	0.991193	0.98849	0.991738
36910	-1557.694	-1625.136	67.44141	0.974297	0.982625	0.981771	0.977655	0.980868	0.981802	0.979125	0.978635	0.978847	0.979249
36920	-1557.871	-1625.312	67.44141	0.96005	0.956025	0.964196	0.965115	0.964277	0.963795	0.966961	0.967358	0.96472	0.964929
36930	-1557.65	-1625.091	67.44141	0.97232	0.973246	0.97276	0.968682	0.969079	0.977362	0.977574	0.976725	0.974062	0.977262
36940	-1558.3	-1625.742	67.44141	0.9538	0.952972	0.956103	0.964275	0.961645	0.957613	0.957821	0.958734	0.959127	0.958648
36950	-1557.632	-1625.074	67.44141	0.970926	0.970082	0.97327	0.981588	0.978912	0.974808	0.975019	0.975948	0.976348	0.97586
36960	-1557.672	-1625.114	67.44141	0.973448	0.981768	0.977652	0.976803	0.977733	0.980946	0.980455	0.977782	0.978183	0.978395
36970	-1559.301	-1626.742	67.44141	0.94462	0.942044	0.945139	0.945344	0.944523	0.944911	0.952987	0.952511	0.948517	0.949421
36980	-1557.796	-1625.237	67.44141	0.977097	0.974432	0.974644	0.977846	0.978247	0.977398	0.976909	0.985259	0.986198	0.982063
36990	-1557.765	-1625.206	67.44141	0.976361	0.976761	0.976273	0.976485	0.977415	0.974749	0.970663	0.973852	0.982176	0.981323
37000	-1557.645	-1625.087	67.44141	0.972026	0.971181	0.979482	0.982701	0.978581	0.975912	0.976842	0.977054	0.976565	0.976966
37010	-1557.635	-1625.076	67.44141	0.971191	0.970348	0.973536	0.981857	0.979179	0.975074	0.975286	0.976215	0.976616	0.976127
37020	-1558.189	-1625.63	67.44141	0.955161	0.9583	0.957467	0.954856	0.963018	0.963227	0.959188	0.959582	0.960496	0.960016
37030	-1557.64	-1625.082	67.44141	0.971676	0.971887	0.969237	0.969634	0.97282	0.972334	0.971489	0.972415	0.980726	0.976615
37040	-1557.626	-1625.067	67.44141	0.969521	0.969919	0.97013	0.969644	0.967	0.967921	0.971102	0.96703	0.96619	0.974449
37050	-1558.279	-1625.72	67.44141	0.954054	0.957189	0.956357	0.953749	0.961901	0.96211	0.958076	0.95847	0.959383	0.958903
37060	-1557.945	-1625.386	67.44141	0.958717	0.95963	0.95915	0.955129	0.955521	0.963688	0.963897	0.96306	0.960434	0.963589
37070	-1557.768	-1625.21	67.44141	0.962277	0.963194	0.962712	0.958676	0.95907	0.967267	0.967477	0.966637	0.964001	0.967168
37080	-1557.729	-1625.17	67.44141	0.963354	0.963563	0.963959	0.96133	0.960849	0.964006	0.964924	0.964086	0.960045	0.96825
37090	-1559.014	-1626.455	67.44141	0.9912	0.991415	0.991821	0.989117	0.988622	0.99187	0.992815	0.991953	0.987794	0.996237
37100	-1558.788	-1626.23	67.44141	0.948831	0.948357	0.94926	0.94965	0.945669	0.945874	0.953958	0.951357	0.950531	0.953654
37110	-1557.731	-1625.173	67.44141	0.975468	0.97498	0.975909	0.976309	0.972216	0.972427	0.980739	0.978064	0.977215	0.980426
37120	-1559.059	-1626.501	67.44141	0.99155	0.991957	0.991461	0.991676	0.99262	0.989913	0.985763	0.989002	0.997455	0.996589
37130	-1559.54	-1626.981	67.44141	0.994951	0.99536	0.994862	0.995078	0.996026	0.99331	0.989145	0.992395	1.00088	1.00001
37140	-1557.697	-1625.139	67.44141	0.964362	0.960319	0.968527	0.96945	0.968608	0.968124	0.971305	0.971703	0.969053	0.969263
37150	-1557.633	-1625.074	67.44141	0.970997	0.971922	0.967847	0.967363	0.975632	0.976032	0.975184	0.975396	0.978601	0.975932
37160	-1557.681	-1625.122	67.44141	0.964978	0.960932	0.961848	0.970069	0.969584	0.968742	0.969139	0.972324	0.972534	0.969882
37170	-1557.807	-1625.248	67.44141	0.961365	0.964524	0.963686	0.961058	0.969273	0.969483	0.965419	0.965815	0.966735	0.966251
37180	-1557.686	-1625.128	67.44141	0.974012	0.97494	0.974453	0.970368	0.970766	0.979063	0.979276	0.978425	0.975757	0.978963
37190	-1558.227	-1625.669	67.44141	0.98381	0.987043	0.986185	0.983496	0.991902	0.992117	0.987958	0.988364	0.989305	0.988811
37200	-1558.51	-1625.952	67.44141	0.986842	0.987247	0.986753	0.986967	0.987907	0.985213	0.981083	0.984306	0.992719	0.991857
37210	-1558.364	-1625.805	67.44141	0.985344	0.986283	0.98579	0.981657	0.98206	0.990454	0.990669	0.989808	0.987109	0.990352
37220	-1557.915	-1625.357	67.44141	0.959222	0.958389	0.966581	0.969757	0.965691	0.963058	0.963975	0.964184	0.963702	0.964098
37230	-1557.626	-1625.067	67.44141	0.969338	0.968854	0.969777	0.970175	0.966107	0.966317	0.974576	0.971919	0.971074	0.974265
37240	-1557.775	-1625.217	67.44141	0.976623	0.976835	0.977236	0.974571	0.974084	0.977284	0.978215	0.977366	0.973268	0.981587
37250	-1557.656	-1625.097	67.44141	0.966147	0.974405	0.973559	0.969478	0.972663	0.973589	0.970934	0.970449	0.970659	0.971058
37260	-1558.003	-1625.444	67.44141	0.957771	0.955159	0.955366	0.958505	0.958898	0.958066	0.957586	0.965771	0.966691	0.962639
37270	-1557.854	-1625.296	67.44141	0.960369	0.968577	0.964517	0.963679	0.964597	0.967766	0.967283	0.964645	0.965041	0.96525
37280	-1557.736	-1625.178	67.44141	0.963136	0.9623	0.965461	0.973714	0.971058	0.966987	0.967197	0.968118	0.968516	0.968031
37290	-1558.131	-1625.572	67.44141	0.955927	0.964098	0.960056	0.959222	0.960136	0.96329	0.962809	0.960183	0.960577	0.960786
37300	-1558.606	-1626.047	67.44141	0.987753	0.988159	0.987665	0.987879	0.98882	0.986123	0.981989	0.985216	0.993637	0.992774
37310	-1559.44	-1626.881	67.44141	0.943589	0.951654	0.950827	0.946841	0.949952	0.950857	0.948264	0.94779	0.947995	0.948384
37320	-1557.641	-1625.082	67.44141	0.971702	0.971913	0.969262	0.96966	0.972846	0.97236	0.971515	0.972441	0.980752	0.976641
37330	-1558.837	-1626.279	67.44141	0.98978	0.989285	0.989691	0.990634	0.990849	0.986695	0.984004	0.992415	0.995675	0.99481
37340	-1559.085	-1626.527	67.44141	0.946305	0.942337	0.943235	0.951297	0.950822	0.949996	0.950386	0.953508	0.953715	0.951114
37350	-1557.713	-1625.154	67.44141	0.963844	0.963362	0.963758	0.964676	0.964885	0.96084	0.95822	0.96641	0.969585	0.968743
37360	-1557.639	-1625.081	67.44141	0.967211	0.970389	0.967742	0.966902	0.967112	0.975378	0.975778	0.971687	0.971201	0.972127
37370	-1558.786	-1626.228	67.44141	0.989353	0.985205	0.986143	0.994572	0.994075	0.993212	0.993619	0.996884	0.9971	0.994381
37380	-1557.666	-1625.107	67.44141	0.973145	0.973356	0.973755	0.9711	0.970614	0.973803	0.974731	0.973884	0.969801	0.978091
37390	-1557.749	-1625.19	67.44141	0.975956	0.975468	0.975868	0.976798	0.97701	0.972914	0.97026	0.978553	0.981769	0.980916
37400	-1558.277	-1625.718	67.44141	0.984388	0.992802	0.99194	0.987781	0.991027	0.991971	0.989266	0.988771	0.988985	0.989391
37410	-1557.627	-1625.068	67.44141	0.968767	0.968977	0.969374	0.966731	0.966248	0.969422	0.970346	0.969503	0.965438	0.97369
37420	-1557.773	-1625.214	67.44141	0.962168	0.962563	0.962082	0.962291	0.963207	0.960581	0.956554	0.959696	0.967899	0.967059
37430	-1557.63	-1625.071	67.44141	0.96821	0.964151	0.972392	0.973319	0.972473	0.971987	0.975181	0.975581	0.97292	0.973131
37440	-1557.658	-1625.099	67.44141	0.966019	0.96694	0.966456	0.962404	0.962799	0.971029	0.971239	0.970396	0.96775	0.970929
37450	-1557.651	-1625.093	67.44141	0.966397	0.966794	0.96631	0.96652	0.967441	0.964802	0.960758	0.963914	0.972153	0.971309
37460	-1557.785	-1625.227	67.44141	0.961859	0.962254	0.961773	0.961981	0.962898	0.960272	0.956246	0.959388	0.967588	0.966748
37470	-1557.714	-1625.156	67.44141	0.963797	0.964715	0.964233	0.96019	0.960584	0.968795	0.969005	0.968163	0.965523	0.968695
37480	-1558.673	-1626.114	67.44141	0.949901	0.950291	0.949815	0.950022	0.950927	0.948333	0.944358	0.94746	0.955558	0.954729
37490	-1557.7	-1625.141	67.44141	0.974486	0.977688	0.976839	0.974175	0.982502	0.982715	0.978595	0.978996	0.979929	0.979439
37500	-1557.642	-1625.083	67.44141	0.967008	0.964371	0.967539	0.967749	0.966909	0.967306	0.975574	0.975086	0.970998	0.971923
37510	-1558.035	-1625.477	67.44141	0.981309	0.989696	0.988837	0.984691	0.987926	0.988867	0.986171	0.985678	0.985891	0.986296
37520	-1557.814	-1625.255	67.44141	0.961207	0.961602	0.961121	0.961329	0.962245	0.959621	0.955598	0.958738	0.966932	0.966093
37530	-1557.744	-1625.185	67.44141	0.962927	0.95889	0.967086	0.968007	0.967167	0.966683	0.969859	0.970257	0.967611	0.967821
37540	-1557.796	-1625.237	67.44141	0.977095	0.985447	0.981316	0.980463	0.981397	0.984622	0.98413	0.981446	0.981849	0.982062
37550	-1557.674	-1625.115	67.44141	0.965264	0.968435	0.967594	0.964955	0.973203	0.973414	0.969333	0.969731	0.970655	0.97017
37560	-1559.201	-1626.642	67.44141	0.945387	0.942809	0.945907	0.946112	0.94529	0.945678	0.953761	0.953284	0.949288	0.950192
37570	-1557.876	-1625.318	67.44141	0.978731	0.987096	0.986239	0.982105	0.985331	0.98627	0.98358	0.983089	0.983302	0.983705
37580	-1558.782	-1626.223	67.44141	0.948889	0.946301	0.94941	0.949616	0.948792	0.949181	0.957294	0.956815	0.952804	0.953712
37590	-1557.694	-1625.136	67.44141	0.974295	0.975223	0.971135	0.970649	0.978946	0.979347	0.978497	0.978709	0.981925	0.979247
37600	-1558.714	-1626.155	67.44141	0.988726	0.989132	0.989346	0.988851	0.986155	0.987094	0.990337	0.986185	0.985329	0.993751
37610	-1557.686	-1625.128	67.44141	0.974009	0.974409	0.97462	0.974133	0.971476	0.972402	0.975597	0.971506	0.970663	0.978959
37620	-1558.953	-1626.394	67.44141	0.947399	0.947605	0.94502	0.945408	0.948515	0.94804	0.947217	0.948119	0.956223	0.952214
37630	-1558.061	-1625.502	67.44141	0.956901	0.957109	0.954499	0.954891	0.958028	0.957549	0.956717	0.957629	0.965814	0.961765
37640	-1557.989	-1625.43	67.44141	0.980622	0.980835	0.981237	0.978561	0.978072	0.981285	0.98222	0.981367	0.977253	0.985606
37650	-1558.22	-1625.661	67.44141	0.954773	0.95498	0.955372	0.952766	0.95229	0.955419	0.956329	0.955498	0.951493	0.959625
37660	-1557.778	-1625.219	67.44141	0.976675	0.977076	0.976587	0.976799	0.97773	0.975063	0.970975	0.974166	0.982492	0.981639
37670	-1559.598	-1627.039	67.44141	0.99533	0.995546	0.995954	0.993238	0.992742	0.996003	0.996952	0.996086	0.991911	1.00039
37680	-1557.68	-1625.121	67.44141	0.965022	0.965231	0.965627	0.962994	0.962512	0.965675	0.966595	0.965755	0.961706	0.969926
37690	-1557.783	-1625.225	67.44141	0.976806	0.977736	0.973637	0.973151	0.981468	0.981871	0.981019	0.981231	0.984455	0.981771
37700	-1557.638	-1625.08	67.44141	0.9673	0.963245	0.964162	0.972403	0.971917	0.971073	0.971471	0.974663	0.974875	0.972216
37710	-1560.045	-1627.487	67.44141	0.998087	1.00137	0.998635	0.997768	0.997984	1.00651	1.00693	1.00271	1.0022	1.00316
37720	-1557.638	-1625.08	67.44141	0.967299	0.966816	0.967212	0.968134	0.968344	0.964284	0.961654	0.969874	0.973061	0.972216
37730	-1558.023	-1625.464	67.44141	0.957466	0.957859	0.958067	0.957588	0.954976	0.955886	0.959027	0.955006	0.954177	0.962332
37740	-1557.631	-1625.072	67.44141	0.968063	0.967222	0.97549	0.978695	0.974591	0.971934	0.97286	0.973071	0.972584	0.972983
37750	-1557.844	-1625.286	67.44141	0.960569	0.960777	0.961172	0.95855	0.958071	0.961219	0.962135	0.961299	0.957269	0.965451
37760	-1557.759	-1625.201	67.44141	0.976221	0.976622	0.976833	0.976345	0.973683	0.97461	0.977812	0.973713	0.972867	0.981183
37770	-1557.717	-1625.159	67.44141	0.975062	0.978266	0.977416	0.974751	0.983082	0.983295	0.979173	0.979575	0.980508	0.980018
37780	-1557.949	-1625.39	67.44141	0.958651	0.959044	0.958565	0.958773	0.959686	0.957069	0.953057	0.956188	0.964361	0.963523
37790	-1558.033	-1625.474	67.44141	0.98127	0.989657	0.988798	0.984652	0.987887	0.988829	0.986132	0.985639	0.985853	0.986257
37800	-1558.155	-1625.596	67.44141	0.982919	0.986148	0.985292	0.982605	0.991003	0.991218	0.987063	0.987468	0.988408	0.987914
37810	-1557.848	-1625.289	67.44141	0.978185	0.979117	0.978628	0.974525	0.974925	0.983258	0.983471	0.982617	0.979937	0.983157
37820	-1557.7	-1625.142	67.44141	0.96426	0.963423	0.966588	0.97485	0.972191	0.968115	0.968325	0.969248	0.969646	0.969161
37830	-1557.632	-1625.074	67.44141	0.970917	0.974107	0.973261	0.970607	0.978903	0.979116	0.975011	0.975411	0.97634	0.975852
37840	-1558.84	-1626.282	67.44141	0.948371	0.944395	0.952467	0.953374	0.952546	0.95207	0.955198	0.95559	0.952984	0.953191
37850	-1557.965	-1625.406	67.44141	0.980248	0.988626	0.984482	0.983627	0.984564	0.987798	0.987305	0.984612	0.985016	0.98523
37860	-1558.651	-1626.093	67.44141	0.950103	0.94612	0.947021	0.955116	0.954638	0.953809	0.954201	0.957336	0.957543	0.954932
37870	-1558.457	-1625.899	67.44141	0.952052	0.951226	0.959356	0.962508	0.958473	0.955859	0.95677	0.956977	0.956499	0.956891
37880	-1559.875	-1627.316	67.44141	0.940584	0.94097	0.9405	0.940704	0.9416	0.939032	0.935095	0.938167	0.946186	0.945364
37890	-1559.192	-1626.634	67.44141	0.945453	0.942875	0.945972	0.946178	0.945356	0.945744	0.953827	0.953351	0.949354	0.950258
37900	-1557.635	-1625.077	67.44141	0.971242	0.970756	0.971155	0.97208	0.972291	0.968214	0.965574	0.973827	0.977027	0.976178
37910	-1558.604	-1626.045	67.44141	0.950562	0.953685	0.952857	0.950258	0.95838	0.958588	0.954569	0.954961	0.955871	0.955393
37920	-1558.532	-1625.974	67.44141	0.987055	0.990298	0.987597	0.986739	0.986953	0.995389	0.995798	0.991623	0.991127	0.992071
37930	-1557.947	-1625.388	67.44141	0.958683	0.95785	0.960997	0.969211	0.966568	0.962516	0.962725	0.963642	0.964037	0.963555
37940	-1558.166	-1625.607	67.44141	0.955464	0.951458	0.959591	0.960505	0.959671	0.959191	0.962342	0.962737	0.960112	0.96032
37950	-1558.694	-1626.136	67.44141	0.949695	0.94887	0.95698	0.960125	0.956099	0.953492	0.9544	0.954607	0.95413	0.954522
37960	-1557.901	-1625.342	67.44141	0.959484	0.962637	0.960012	0.959178	0.959386	0.967586	0.967983	0.963925	0.963443	0.964361
37970	-1558.174	-1625.615	67.44141	0.983157	0.980476	0.980689	0.983911	0.984315	0.98346	0.982968	0.99137	0.992314	0.988154
37980	-1557.766	-1625.208	67.44141	0.976404	0.972311	0.980622	0.981556	0.980703	0.980213	0.983434	0.983837	0.981154	0.981367
37990	-1557.668	-1625.11	67.44141	0.965515	0.966435	0.962383	0.961902	0.970124	0.970522	0.969679	0.969889	0.973076	0.970422
38000	-1557.874	-1625.315	67.44141	0.959988	0.960196	0.960591	0.957971	0.957492	0.960638	0.961553	0.960718	0.95669	0.964867
38010	-1557.695	-1625.137	67.44141	0.974332	0.973845	0.974773	0.975173	0.971084	0.971295	0.979597	0.976926	0.976077	0.979284
38020	-1557.711	-1625.152	67.44141	0.974848	0.975248	0.974761	0.974972	0.975901	0.973239	0.969159	0.972344	0.980654	0.979803
38030	-1557.722	-1625.163	67.44141	0.963556	0.966722	0.965883	0.963249	0.971482	0.971692	0.967619	0.968016	0.968938	0.968454
38040	-1557.69	-1625.132	67.44141	0.964606	0.964124	0.96452	0.965438	0.965648	0.9616	0.958977	0.967174	0.970352	0.969509
38050	-1560.093	-1627.535	67.44141	0.939177	0.938361	0.941444	0.949491	0.946902	0.942932	0.943137	0.944035	0.944422	0.94395
38060	-1559.234	-1626.676	67.44141	0.945128	0.945516	0.945043	0.945248	0.946149	0.943568	0.939613	0.9427	0.950757	0.949931
38070	-1557.947	-1625.388	67.44141	0.979955	0.988331	0.987473	0.983333	0.986564	0.987504	0.984811	0.984319	0.984532	0.984936
38080	-1557.638	-1625.08	67.44141	0.97151	0.967438	0.975707	0.976636	0.975788	0.9753	0.978504	0.978906	0.976236	0.976448
38090	-1557.668	-1625.11	67.44141	0.965523	0.965732	0.963099	0.963494	0.96666	0.966176	0.965337	0.966257	0.974516	0.97043
38100	-1557.906	-1625.348	67.44141	0.959388	0.958555	0.966748	0.969925	0.965858	0.963224	0.964142	0.964351	0.963869	0.964264
38110	-1557.91	-1625.352	67.44141	0.979338	0.982555	0.981702	0.979025	0.987393	0.987607	0.983467	0.98387	0.984808	0.984315
38120	-1558.43	-1625.872	67.44141	0.952341	0.952731	0.952255	0.952462	0.953369	0.950769	0.946783	0.949894	0.958013	0.957181
38130	-1557.669	-1625.11	67.44141	0.965497	0.962864	0.963073	0.966237	0.966633	0.965794	0.965311	0.973562	0.974489	0.970404
38140	-1558.786	-1626.228	67.44141	0.94885	0.944872	0.952948	0.953856	0.953027	0.952551	0.955681	0.956073	0.953466	0.953672
38150	-1557.727	-1625.168	67.44141	0.975336	0.971247	0.979549	0.980482	0.979631	0.979141	0.982358	0.982761	0.980081	0.980293
38160	-1558.103	-1625.545	67.44141	0.982251	0.982654	0.982867	0.982376	0.979697	0.98063	0.983852	0.979727	0.978876	0.987243
38170	-1557.662	-1625.104	67.44141	0.965808	0.966017	0.966414	0.963778	0.963296	0.966461	0.967382	0.966542	0.96249	0.970716
38180	-1557.674	-1625.116	67.44141	0.965249	0.965646	0.965855	0.965372	0.96274	0.963657	0.966823	0.96277	0.961933	0.970155
38190	-1557.806	-1625.247	67.44141	0.977324	0.977725	0.977937	0.977448	0.974782	0.975711	0.978917	0.974813	0.973966	0.982291
38200	-1558.934	-1626.375	67.44141	0.947557	0.950671	0.949845	0.947255	0.955351	0.955559	0.951552	0.951943	0.95285	0.952373
38210	-1557.724	-1625.165	67.44141	0.975253	0.972593	0.975789	0.976	0.975153	0.975553	0.983891	0.983399	0.979277	0.980209
38220	-1558.001	-1625.442	67.44141	0.95781	0.957331	0.957724	0.958636	0.958844	0.954824	0.95222	0.960359	0.963514	0.962678
38230	-1557.814	-1625.256	67.44141	0.9775	0.985855	0.984999	0.98087	0.984092	0.98503	0.982344	0.981853	0.982066	0.982469
38240	-1557.626	-1625.067	67.44141	0.969724	0.969934	0.970332	0.967686	0.967202	0.97038	0.971304	0.970461	0.966392	0.974652
38250	-1557.633	-1625.074	67.44141	0.96784	0.976112	0.97202	0.971176	0.972101	0.975295	0.974807	0.972149	0.972548	0.972759
38260	-1557.87	-1625.312	67.44141	0.960056	0.963211	0.962374	0.95975	0.967953	0.968163	0.964104	0.9645	0.965419	0.964936
38270	-1557.676	-1625.117	67.44141	0.97359	0.973801	0.974201	0.971544	0.971058	0.974249	0.975177	0.97433	0.970245	0.978538
38280	-1557.817	-1625.259	67.44141	0.977569	0.97708	0.978011	0.978413	0.974311	0.974522	0.982852	0.980171	0.97932	0.982538
38290	-1558.737	-1626.178	67.44141	0.988926	0.98478	0.985718	0.994143	0.993646	0.992783	0.99319	0.996454	0.99667	0.993952
38300	-1557.82	-1625.262	67.44141	0.961069	0.961464	0.960983	0.961191	0.962107	0.959483	0.955461	0.9586	0.966794	0.965954
38310	-1558.495	-1625.936	67.44141	0.951662	0.951186	0.951576	0.952483	0.952689	0.948695	0.946108	0.954195	0.95733	0.956498
38320	-1558.532	-1625.973	67.44141	0.95128	0.951486	0.948891	0.949281	0.9524	0.951924	0.951097	0.952003	0.96014	0.956115
38330	-1558.033	-1625.474	67.44141	0.95732	0.953307	0.961455	0.962371	0.961535	0.961055	0.964212	0.964608	0.961977	0.962186
38340	-1558.17	-1625.611	67.44141	0.983113	0.991516	0.987359	0.986502	0.987442	0.990686	0.990191	0.98749	0.987896	0.98811
38350	-1557.912	-1625.354	67.44141	0.979378	0.987749	0.983608	0.982754	0.98369	0.986922	0.986429	0.983739	0.984143	0.984356
38360	-1557.789	-1625.231	67.44141	0.976946	0.985297	0.984441	0.980314	0.983535	0.984472	0.981787	0.981296	0.981509	0.981912
38370	-1557.83	-1625.271	67.44141	0.977826	0.973726	0.974654	0.982984	0.982493	0.98164	0.982043	0.985269	0.985483	0.982795
38380	-1558.407	-1625.848	67.44141	0.952598	0.952805	0.953196	0.950596	0.950121	0.953243	0.954151	0.953322	0.949325	0.95744
38390	-1557.904	-1625.345	67.44141	0.979229	0.979442	0.979844	0.977172	0.976683	0.979892	0.980825	0.979974	0.975865	0.984206
38400	-1557.775	-1625.217	67.44141	0.962106	0.962501	0.96202	0.962229	0.963145	0.960519	0.956492	0.959634	0.967837	0.966996
38410	-1557.649	-1625.091	67.44141	0.966507	0.965668	0.968841	0.977122	0.974457	0.970372	0.970582	0.971507	0.971906	0.97142
38420	-1557.721	-1625.162	67.44141	0.975158	0.983493	0.982638	0.978519	0.981734	0.982669	0.979989	0.979499	0.979712	0.980114
38430	-1557.756	-1625.197	67.44141	0.976131	0.984474	0.983619	0.979495	0.982713	0.98365	0.980967	0.980477	0.980689	0.981092
38440	-1557.707	-1625.148	67.44141	0.974717	0.97063	0.971555	0.979859	0.979369	0.978519	0.97892	0.982137	0.98235	0.979671
38450	-1557.805	-1625.247	67.44141	0.977307	0.977519	0.977921	0.975254	0.974766	0.977969	0.9789	0.97805	0.97395	0.982275
38460	-1557.653	-1625.094	67.44141	0.96629	0.966499	0.966896	0.964259	0.963777	0.966944	0.967865	0.967024	0.96297	0.971201
38470	-1558.12	-1625.561	67.44141	0.956075	0.956986	0.956508	0.952498	0.952889	0.961033	0.961242	0.960407	0.957788	0.960935
38480	-1557.677	-1625.119	67.44141	0.973647	0.970992	0.974182	0.974393	0.973547	0.973946	0.982271	0.98178	0.977664	0.978595
38490	-1557.666	-1625.108	67.44141	0.97317	0.973569	0.973082	0.973293	0.974221	0.971564	0.967491	0.970669	0.978966	0.978116
38500	-1557.63	-1625.071	67.44141	0.968179	0.976454	0.975606	0.971516	0.974708	0.975637	0.972976	0.972489	0.9727	0.9731
38510	-1557.69	-1625.131	67.44141	0.964639	0.964848	0.962217	0.962612	0.965774	0.965292	0.964453	0.965372	0.973623	0.969542
38520	-1558.872	-1626.314	67.44141	0.99007	0.990476	0.989981	0.990196	0.991139	0.988436	0.984292	0.987526	0.995967	0.995102
38530	-1557.676	-1625.118	67.44141	0.965166	0.965375	0.962742	0.963138	0.966302	0.965819	0.96498	0.965899	0.974155	0.970071
38540	-1558.069	-1625.511	67.44141	0.981792	0.98094	0.989324	0.992574	0.988413	0.985718	0.986657	0.986871	0.986377	0.986782
38550	-1558.348	-1625.789	67.44141	0.953255	0.953462	0.953853	0.951252	0.950776	0.9539	0.954809	0.95398	0.94998	0.9581
38560	-1557.807	-1625.248	67.44141	0.977347	0.974682	0.977884	0.978096	0.977247	0.977648	0.986004	0.985511	0.981379	0.982314
38570	-1558.268	-1625.709	67.44141	0.954183	0.955092	0.951088	0.950613	0.958738	0.959131	0.958298	0.958506	0.961655	0.959033
38580	-1558.131	-1625.573	67.44141	0.955918	0.95631	0.956517	0.956039	0.953432	0.95434	0.957476	0.953462	0.952634	0.960776
38590	-1557.888	-1625.329	67.44141	0.978944	0.98216	0.979482	0.978631	0.978843	0.98721	0.987615	0.983475	0.982983	0.983919
38600	-1557.83	-1625.271	67.44141	0.977826	0.978228	0.97844	0.977951	0.975284	0.976213	0.97942	0.975314	0.974467	0.982796
38610	-1558.36	-1625.801	67.44141	0.953114	0.956245	0.953638	0.952809	0.953016	0.961162	0.961556	0.957525	0.957046	0.957958
38620	-1557.97	-1625.411	67.44141	0.958304	0.959217	0.958737	0.954718	0.95511	0.963273	0.963482	0.962646	0.96002	0.963175
38630	-1557.63	-1625.071	67.44141	0.968178	0.964119	0.965038	0.973286	0.9728	0.971955	0.972354	0.975548	0.97576	0.973099
38640	-1557.815	-1625.256	67.44141	0.961192	0.969407	0.965343	0.964505	0.965424	0.968595	0.968111	0.965471	0.965867	0.966077
38650	-1557.703	-1625.144	67.44141	0.974599	0.974999	0.975211	0.974723	0.972065	0.972991	0.976188	0.972095	0.971251	0.979553
38660	-1557.906	-1625.348	67.44141	0.979269	0.987639	0.986781	0.982644	0.985873	0.986812	0.984121	0.983629	0.983842	0.984246
38670	-1557.851	-1625.293	67.44141	0.960427	0.961342	0.957311	0.956833	0.965011	0.965407	0.964569	0.964778	0.967948	0.965308
38680	-1557.713	-1625.154	67.44141	0.963846	0.961218	0.964376	0.964585	0.963747	0.964143	0.972384	0.971898	0.967823	0.968745
38690	-1558.528	-1625.969	67.44141	0.987012	0.986518	0.986923	0.987863	0.988078	0.983935	0.981252	0.989639	0.99289	0.992028
38700	-1558.628	-1626.07	67.44141	0.950324	0.953446	0.950846	0.95002	0.950226	0.958348	0.958741	0.954722	0.954245	0.955154
38710	-1558.786	-1626.227	67.44141	0.98935	0.986652	0.986866	0.990109	0.990515	0.989655	0.98916	0.997615	0.998565	0.994378
38720	-1558.265	-1625.707	67.44141	0.984254	0.992667	0.991805	0.987647	0.990892	0.991836	0.989131	0.988636	0.988851	0.989257
38730	-1557.659	-1625.101	67.44141	0.972836	0.970183	0.973371	0.973582	0.972736	0.973136	0.981453	0.980963	0.97685	0.977781
38740	-1557.63	-1625.072	67.44141	0.968139	0.97132	0.970477	0.96783	0.976102	0.976314	0.972221	0.97262	0.973547	0.97306
38750	-1557.683	-1625.124	67.44141	0.964903	0.968073	0.967233	0.964595	0.97284	0.973051	0.968971	0.969369	0.970292	0.969807
38760	-1558.047	-1625.489	67.44141	0.98148	0.977365	0.985719	0.986658	0.985801	0.985308	0.988545	0.988951	0.986254	0.986468
38770	-1557.631	-1625.072	67.44141	0.968055	0.963996	0.964915	0.973162	0.972676	0.971831	0.97223	0.975424	0.975636	0.972975
38780	-1557.633	-1625.074	67.44141	0.971005	0.979305	0.978454	0.974352	0.977554	0.978485	0.975816	0.975329	0.97554	0.97594
38790	-1557.627	-1625.068	67.44141	0.970108	0.970506	0.970021	0.970232	0.971156	0.968507	0.964447	0.967616	0.975886	0.975039
38800	-1560.007	-1627.448	67.44141	0.939725	0.94011	0.940314	0.939844	0.937281	0.938174	0.941256	0.93731	0.936496	0.944501
38810	-1557.937	-1625.379	67.44141	0.979797	0.980199	0.979709	0.979922	0.980855	0.97818	0.97408	0.97728	0.985633	0.984777
38820	-1557.626	-1625.067	67.44141	0.969722	0.970646	0.97016	0.966093	0.96649	0.974751	0.974962	0.974115	0.971459	0.974651
38830	-1557.626	-1625.067	67.44141	0.969305	0.965241	0.966161	0.974419	0.973931	0.973086	0.973485	0.976683	0.976895	0.974231
38840	-1558.164	-1625.605	67.44141	0.955486	0.963652	0.959612	0.958779	0.959692	0.962846	0.962364	0.95974	0.960134	0.960342
38850	-1557.889	-1625.331	67.44141	0.978971	0.978481	0.979414	0.979816	0.975708	0.975919	0.984261	0.981577	0.980724	0.983947
38860	-1557.714	-1625.156	67.44141	0.96379	0.964186	0.963704	0.963913	0.964831	0.9622	0.958166	0.961314	0.969531	0.968689
38870	-1557.627	-1625.068	67.44141	0.970053	0.96921	0.977494	0.980706	0.976594	0.973931	0.974859	0.97507	0.974583	0.974983
38880	-1558.18	-1625.621	67.44141	0.955276	0.952671	0.955801	0.956008	0.955178	0.95557	0.963738	0.963256	0.959218	0.960131
38890	-1558.441	-1625.883	67.44141	0.952224	0.955353	0.954523	0.95192	0.960056	0.960265	0.956239	0.956631	0.957543	0.957064
38900	-1558.358	-1625.799	67.44141	0.985286	0.98569	0.985197	0.985411	0.98635	0.98366	0.979536	0.982754	0.991154	0.990294
38910	-1557.833	-1625.275	67.44141	0.977899	0.978111	0.975444	0.975844	0.979051	0.978561	0.977711	0.978643	0.987007	0.982869
38920	-1558.631	-1626.072	67.44141	0.950298	0.950688	0.950213	0.950419	0.951324	0.94873	0.944753	0.947857	0.955958	0.955128
38930	-1557.652	-1625.094	67.44141	0.966331	0.965492	0.968664	0.976944	0.97428	0.970195	0.970406	0.97133	0.971729	0.971243
38940	-1558.901	-1626.342	67.44141	0.990302	0.98615	0.987089	0.995526	0.995028	0.994164	0.994572	0.99784	0.998056	0.995335
38950	-1558.37	-1625.811	67.44141	0.953005	0.956137	0.955306	0.952701	0.960844	0.961052	0.957023	0.957416	0.958328	0.957849
38960	-1557.744	-1625.186	67.44141	0.962905	0.963114	0.96351	0.960882	0.960402	0.963557	0.964475	0.963637	0.959597	0.967799
38970	-1557.688	-1625.129	67.44141	0.964707	0.972953	0.968874	0.968032	0.968955	0.972138	0.971652	0.969002	0.9694	0.96961
38980	-1557.855	-1625.297	67.44141	0.960344	0.960552	0.957933	0.958326	0.961474	0.960994	0.960159	0.961074	0.969288	0.965225
38990	-1557.681	-1625.122	67.44141	0.973804	0.971148	0.971359	0.97455	0.97495	0.974103	0.973616	0.981938	0.982874	0.978753
39000	-1557.65	-1625.092	67.44141	0.972334	0.971489	0.979793	0.983012	0.978891	0.976221	0.977151	0.977363	0.976875	0.977276
39010	-1558.181	-1625.622	67.44141	0.983249	0.991653	0.987495	0.986638	0.987578	0.990822	0.990327	0.987626	0.988032	0.988246
39020	-1557.629	-1625.07	67.44141	0.970412	0.969927	0.970325	0.97125	0.97146	0.967388	0.964749	0.972995	0.976192	0.975344
39030	-1557.627	-1625.068	67.44141	0.968749	0.964688	0.972933	0.97386	0.973014	0.972528	0.975723	0.976124	0.973462	0.973673
39040	-1558.873	-1626.314	67.44141	0.990073	0.989578	0.990521	0.990928	0.986773	0.986987	0.995423	0.992709	0.991847	0.995106
39050	-1558.359	-1625.801	67.44141	0.953124	0.954032	0.953555	0.949557	0.949947	0.958067	0.958274	0.957442	0.954831	0.957968
39060	-1557.668	-1625.11	67.44141	0.973272	0.973671	0.973185	0.973396	0.974323	0.971666	0.967592	0.970771	0.979069	0.978219
39070	-1558.368	-1625.809	67.44141	0.953024	0.952548	0.953455	0.953846	0.949847	0.950053	0.958174	0.955561	0.954731	0.957868
39080	-1558.232	-1625.673	67.44141	0.983863	0.992273	0.988113	0.987255	0.988195	0.991442	0.990946	0.988244	0.988649	0.988864
39090	-1557.65	-1625.092	67.44141	0.972346	0.97554	0.974693	0.972035	0.980343	0.980556	0.976445	0.976846	0.977776	0.977288
39100	-1557.709	-1625.15	67.44141	0.963971	0.964889	0.960844	0.960363	0.968572	0.968969	0.968128	0.968338	0.971519	0.96887
39110	-1557.654	-1625.096	67.44141	0.972573	0.96992	0.970131	0.973318	0.973718	0.972872	0.972386	0.980697	0.981631	0.977516
39120	-1557.627	-1625.068	67.44141	0.968843	0.969241	0.969451	0.968966	0.966324	0.967244	0.970422	0.966354	0.965515	0.973767
39130	-1558.223	-1625.664	67.44141	0.954734	0.954941	0.952337	0.952727	0.955858	0.95538	0.95455	0.955459	0.963626	0.959586
39140	-1557.628	-1625.069	67.44141	0.968508	0.965867	0.966076	0.969251	0.969648	0.968806	0.968322	0.976598	0.977529	0.973431
39150	-1557.992	-1625.434	67.44141	0.957942	0.957463	0.958376	0.958769	0.954749	0.954957	0.963119	0.960492	0.959658	0.962811
39160	-1558.221	-1625.662	67.44141	0.983737	0.979613	0.987986	0.988927	0.988068	0.987574	0.990819	0.991225	0.988522	0.988737
39170	-1557.77	-1625.211	67.44141	0.962233	0.96315	0.959112	0.958632	0.966826	0.967223	0.966383	0.966592	0.969768	0.967123
39180	-1558.285	-1625.726	67.44141	0.953985	0.951383	0.951589	0.954716	0.955108	0.954278	0.953801	0.961954	0.96287	0.958833
39190	-1557.676	-1625.118	67.44141	0.973604	0.974003	0.974215	0.973727	0.971072	0.971997	0.975191	0.971102	0.970259	0.978552
39200	-1557.922	-1625.364	67.44141	0.979544	0.976873	0.977085	0.980295	0.980697	0.979845	0.979356	0.987726	0.988667	0.984523
39210	-1560.203	-1627.644	67.44141	0.938494	0.938025	0.93841	0.939304	0.939507	0.935569	0.933017	0.940992	0.944084	0.943264
39220	-1557.632	-1625.073	67.44141	0.967916	0.968838	0.968354	0.964294	0.96469	0.972935	0.973146	0.972301	0.96965	0.972836
39230	-1557.867	-1625.309	67.44141	0.97856	0.978773	0.976103	0.976504	0.979712	0.979223	0.978372	0.979304	0.987675	0.983534
39240	-1561.114	-1628.555	67.44141	0.933273	0.932806	0.933189	0.934078	0.93428	0.930363	0.927826	0.935757	0.938831	0.938016
39250	-1558.285	-1625.727	67.44141	0.984484	0.980357	0.988736	0.989678	0.988819	0.988324	0.991571	0.991978	0.989273	0.989488
39260	-1558.129	-1625.57	67.44141	0.955952	0.955474	0.956384	0.956777	0.952765	0.952972	0.961117	0.958496	0.957664	0.96081
39270	-1559.68	-1627.121	67.44141	0.941892	0.949943	0.949118	0.945139	0.948244	0.949148	0.946559	0.946086	0.946291	0.946679
39280	-1559.313	-1626.754	67.44141	0.944531	0.94371	0.951777	0.954904	0.9509	0.948307	0.949211	0.949416	0.948942	0.949331
39290	-1557.748	-1625.19	67.44141	0.975945	0.973283	0.973494	0.976693	0.977093	0.976245	0.975757	0.984097	0.985034	0.980905
39300	-1557.626	-1625.068	67.44141	0.968897	0.964835	0.965754	0.974008	0.973521	0.972676	0.973075	0.976272	0.976484	0.973821
39310	-1557.747	-1625.189	67.44141	0.962825	0.961989	0.965149	0.973399	0.970744	0.966674	0.966884	0.967805	0.968202	0.967718
39320	-1558.037	-1625.479	67.44141	0.95725	0.958162	0.957683	0.953668	0.95406	0.962214	0.962423	0.961587	0.958965	0.962116
39330	-1558.223	-1625.664	67.44141	0.983757	0.98397	0.984374	0.98169	0.981199	0.984422	0.98536	0.984505	0.980377	0.988757
39340	-1557.814	-1625.256	67.44141	0.961202	0.969418	0.968576	0.964515	0.967684	0.968606	0.965964	0.965482	0.965691	0.966087
39350	-1557.662	-1625.103	67.44141	0.972955	0.97211	0.975304	0.98364	0.980958	0.976845	0.977057	0.977988	0.97839	0.9779
39360	-1557.926	-1625.367	67.44141	0.959038	0.959952	0.959472	0.955449	0.955842	0.964011	0.964221	0.963383	0.960756	0.963913
39370	-1557.632	-1625.073	67.44141	0.967955	0.968877	0.964815	0.964333	0.972575	0.972975	0.97213	0.972341	0.975535	0.972875
39380	-1557.64	-1625.082	67.44141	0.971673	0.970829	0.974018	0.982344	0.979665	0.975558	0.975769	0.976699	0.9771	0.976611
39390	-1559.351	-1626.793	67.44141	0.993674	0.992811	1.0013	1.00459	1.00037	0.997647	0.998597	0.998814	0.998314	0.998724
39400	-1558.801	-1626.243	67.44141	0.989478	0.992729	0.991867	0.989162	0.997617	0.997833	0.99365	0.994058	0.995005	0.994507
39410	-1557.711	-1625.152	67.44141	0.97486	0.974013	0.977213	0.985566	0.982878	0.978757	0.97897	0.979902	0.980305	0.979814
39420	-1557.686	-1625.128	67.44141	0.964758	0.965677	0.961628	0.961148	0.969363	0.969761	0.968918	0.969129	0.972313	0.969661
39430	-1557.645	-1625.087	67.44141	0.972027	0.980336	0.976226	0.975378	0.976307	0.979515	0.979025	0.976355	0.976756	0.976968
39440	-1558.446	-1625.887	67.44141	0.952174	0.955303	0.954473	0.95187	0.960006	0.960214	0.956189	0.956581	0.957492	0.957014
39450	-1557.978	-1625.419	67.44141	0.980451	0.977777	0.977989	0.981203	0.981605	0.980753	0.980262	0.988641	0.989583	0.985434
39460	-1557.822	-1625.264	67.44141	0.977673	0.98603	0.985173	0.981043	0.984266	0.985204	0.982517	0.982026	0.982239	0.982642
39470	-1557.688	-1625.13	67.44141	0.974075	0.974474	0.973987	0.974198	0.975126	0.972467	0.96839	0.971572	0.979876	0.979025
39480	-1557.654	-1625.096	67.44141	0.966226	0.967146	0.966663	0.96261	0.963005	0.971236	0.971447	0.970603	0.967956	0.971137
39490	-1557.874	-1625.316	67.44141	0.978691	0.987056	0.986199	0.982064	0.985291	0.986229	0.98354	0.983048	0.983261	0.983665
39500	-1558.253	-1625.694	67.44141	0.954369	0.95354	0.961691	0.96485	0.960805	0.958185	0.959098	0.959306	0.958826	0.95922
39510	-1557.756	-1625.198	67.44141	0.96258	0.962099	0.963015	0.96341	0.959371	0.95958	0.967781	0.965142	0.964304	0.967472
39520	-1558.748	-1626.19	67.44141	0.949195	0.948371	0.956477	0.959619	0.955596	0.95299	0.953898	0.954105	0.953628	0.954019
39530	-1558.014	-1625.455	67.44141	0.980991	0.978316	0.978528	0.981743	0.982146	0.981293	0.980802	0.989186	0.990128	0.985977
39540	-1557.745	-1625.187	67.44141	0.975865	0.971773	0.972699	0.981013	0.980523	0.979671	0.980073	0.983293	0.983506	0.980824
39550	-1558.103	-1625.544	67.44141	0.95631	0.953702	0.956835	0.957043	0.956211	0.956604	0.96478	0.964298	0.960255	0.96117
39560	-1557.628	-1625.07	67.44141	0.9684	0.967916	0.968313	0.969235	0.969445	0.965381	0.962749	0.970977	0.974168	0.973322
39570	-1557.862	-1625.304	67.44141	0.96021	0.959729	0.960123	0.961038	0.961246	0.957217	0.954606	0.962765	0.965929	0.96509
39580	-1558.253	-1625.694	67.44141	0.954368	0.95476	0.954967	0.954489	0.951886	0.952793	0.955924	0.951916	0.951089	0.959218
39590	-1557.822	-1625.264	67.44141	0.977671	0.976822	0.980031	0.988408	0.985712	0.98158	0.981793	0.982728	0.983131	0.98264
39600	-1557.672	-1625.113	67.44141	0.973423	0.972578	0.980891	0.984113	0.979988	0.977315	0.978246	0.978458	0.977969	0.978371
39610	-1559.026	-1626.468	67.44141	0.946786	0.942817	0.943715	0.951781	0.951305	0.950479	0.950869	0.953993	0.9542	0.951598
39620	-1558.028	-1625.469	67.44141	0.9812	0.982135	0.981644	0.977528	0.977929	0.986288	0.986502	0.985645	0.982957	0.986187
39630	-1559.802	-1627.243	67.44141	0.941065	0.949108	0.948284	0.944309	0.947411	0.948314	0.945728	0.945255	0.94546	0.945848
39640	-1557.887	-1625.328	67.44141	0.978928	0.978439	0.979371	0.979773	0.975665	0.975877	0.984218	0.981534	0.980682	0.983904
39650	-1557.651	-1625.092	67.44141	0.966418	0.963782	0.966949	0.967159	0.966319	0.966715	0.974978	0.974491	0.970405	0.97133
39660	-1558.583	-1626.025	67.44141	0.987543	0.988483	0.987989	0.983847	0.984251	0.992664	0.992879	0.992017	0.989311	0.992562
39670	-1557.759	-1625.2	67.44141	0.962524	0.962733	0.960108	0.960502	0.963657	0.963176	0.962339	0.963256	0.971489	0.967416
39680	-1557.64	-1625.082	67.44141	0.971683	0.971894	0.972293	0.969641	0.969157	0.972341	0.973267	0.972422	0.968345	0.976622
39690	-1558.044	-1625.486	67.44141	0.981436	0.982371	0.98188	0.977764	0.978165	0.986526	0.98674	0.985883	0.983194	0.986424
39700	-1558.212	-1625.653	67.44141	0.983624	0.992031	0.987872	0.987014	0.987954	0.9912	0.990705	0.988003	0.988408	0.988623
39710	-1557.67	-1625.112	67.44141	0.965421	0.962788	0.962997	0.966161	0.966557	0.965718	0.965235	0.973485	0.974412	0.970327
39720	-1557.938	-1625.379	67.44141	0.979806	0.980208	0.980421	0.979931	0.977259	0.978189	0.981403	0.977289	0.97644	0.984786
39730	-1557.986	-1625.428	67.44141	0.958037	0.957558	0.95847	0.958864	0.954844	0.955051	0.963214	0.960587	0.959753	0.962906
39740	-1557.82	-1625.261	67.44141	0.961078	0.961993	0.961512	0.957481	0.957874	0.966061	0.966271	0.965432	0.962799	0.965962
39750	-1557.702	-1625.143	67.44141	0.964206	0.964602	0.96412	0.964329	0.965247	0.962615	0.958579	0.961729	0.969949	0.969107
39760	-1558.026	-1625.467	67.44141	0.981167	0.98138	0.978704	0.979106	0.982323	0.981831	0.980979	0.981913	0.990306	0.986154
39770	-1557.846	-1625.288	67.44141	0.97816	0.981374	0.978698	0.977848	0.97806	0.98642	0.986824	0.982687	0.982196	0.983132
39780	-1559.521	-1626.962	67.44141	0.994826	0.995774	0.991599	0.991103	0.999575	0.999985	0.999116	0.999333	1.00262	0.999882
39790	-1557.658	-1625.1	67.44141	0.966008	0.974264	0.973418	0.969337	0.972522	0.973449	0.970794	0.970309	0.970519	0.970917
39800	-1558.663	-1626.104	67.44141	0.949992	0.94601	0.954095	0.955004	0.954175	0.953698	0.956831	0.957224	0.954614	0.954821
39810	-1557.749	-1625.19	67.44141	0.975947	0.976877	0.972781	0.972295	0.980606	0.981008	0.980156	0.980369	0.98359	0.980907
39820	-1558.508	-1625.949	67.44141	0.986818	0.995252	0.994388	0.990219	0.993473	0.994419	0.991707	0.991211	0.991426	0.991833
39830	-1557.772	-1625.213	67.44141	0.962191	0.963107	0.962626	0.95859	0.958984	0.96718	0.96739	0.96655	0.963914	0.967081
39840	-1557.647	-1625.088	67.44141	0.966666	0.966183	0.967104	0.967501	0.963444	0.963653	0.97189	0.96924	0.968398	0.97158
39850	-1557.626	-1625.068	67.44141	0.968906	0.969304	0.969514	0.96903	0.966387	0.967308	0.970486	0.966417	0.965578	0.973831
39860	-1558.539	-1625.98	67.44141	0.98712	0.987525	0.987739	0.987245	0.984553	0.985491	0.988729	0.984583	0.983728	0.992137
39870	-1559.282	-1626.723	67.44141	0.944766	0.940805	0.948846	0.94975	0.948925	0.948451	0.951567	0.951958	0.949362	0.949568
39880	-1558.137	-1625.578	67.44141	0.982695	0.980015	0.983235	0.983448	0.982594	0.982997	0.991399	0.990904	0.986749	0.987689
39890	-1557.631	-1625.072	67.44141	0.970733	0.970943	0.968296	0.968693	0.971876	0.97139	0.970546	0.971471	0.979774	0.975667
39900	-1557.951	-1625.393	67.44141	0.980025	0.975916	0.976846	0.985195	0.984703	0.983848	0.984251	0.987485	0.987699	0.985006
39910	-1558.93	-1626.372	67.44141	0.947588	0.947114	0.948016	0.948406	0.944429	0.944634	0.952708	0.95011	0.949285	0.952404
39920	-1558.774	-1626.215	67.44141	0.948963	0.949353	0.948878	0.949084	0.949988	0.947398	0.943426	0.946525	0.954616	0.953787
39930	-1558.033	-1625.474	67.44141	0.957317	0.954706	0.954913	0.958051	0.958444	0.957612	0.957133	0.965314	0.966233	0.962183
39940	-1558.021	-1625.462	67.44141	0.981101	0.980611	0.981013	0.981948	0.982161	0.978043	0.975376	0.983713	0.986945	0.986088
39950	-1557.63	-1625.071	67.44141	0.96823	0.976505	0.975657	0.971567	0.974759	0.975688	0.973027	0.972541	0.972752	0.973151
39960	-1557.777	-1625.219	67.44141	0.962051	0.96157	0.961965	0.962881	0.96309	0.959052	0.956437	0.964612	0.967781	0.966941
39970	-1557.984	-1625.425	67.44141	0.95807	0.957238	0.960383	0.968592	0.96595	0.961901	0.962109	0.963026	0.963421	0.962939
39980	-1557.645	-1625.087	67.44141	0.966778	0.964142	0.964351	0.967519	0.967916	0.967076	0.966592	0.974854	0.975783	0.971692
39990	-1561.426	-1628.867	67.44141	0.931633	0.930824	0.93878	0.941864	0.937915	0.935358	0.936249	0.936452	0.935984	0.936368
40000	-1557.634	-1625.076	67.44141	0.971149	0.974339	0.973493	0.970838	0.979136	0.979349	0.975243	0.975643	0.976573	0.976084
40010	-1559.95	-1627.391	67.44141	0.997521	0.994801	0.998069	0.998286	0.997419	0.997828	1.00636	1.00585	1.00164	1.00259
40020	-1557.708	-1625.15	67.44141	0.974773	0.970686	0.971611	0.979915	0.979425	0.978575	0.978977	0.982193	0.982406	0.979727
40030	-1557.75	-1625.191	67.44141	0.975983	0.984325	0.980198	0.979347	0.98028	0.983501	0.983009	0.980328	0.980731	0.980943
40040	-1557.959	-1625.4	67.44141	0.980145	0.988522	0.987664	0.983523	0.986754	0.987695	0.985001	0.984509	0.984722	0.985126
40050	-1558.031	-1625.472	67.44141	0.957343	0.965526	0.961478	0.960643	0.961558	0.964718	0.964235	0.961606	0.962	0.962209
40060	-1557.867	-1625.309	67.44141	0.960115	0.968321	0.964262	0.963424	0.964342	0.96751	0.967027	0.964389	0.964785	0.964995
40070	-1558.477	-1625.918	67.44141	0.986511	0.982375	0.990771	0.991715	0.990854	0.990359	0.993612	0.99402	0.991309	0.991525
40080	-1557.678	-1625.12	67.44141	0.973691	0.971035	0.974226	0.974437	0.973591	0.97399	0.982315	0.981824	0.977708	0.978639
40090	-1557.653	-1625.095	67.44141	0.966269	0.967189	0.963134	0.962653	0.970881	0.971279	0.970436	0.970646	0.973835	0.97118
40100	-1558.54	-1625.982	67.44141	0.987134	0.987348	0.984655	0.985059	0.988296	0.987802	0.986944	0.987884	0.996328	0.992151
40110	-1557.796	-1625.237	67.44141	0.977098	0.978029	0.97754	0.973442	0.973841	0.982165	0.982378	0.981525	0.978848	0.982064
40120	-1557.685	-1625.126	67.44141	0.97394	0.97714	0.976292	0.973629	0.981951	0.982164	0.978046	0.978448	0.97938	0.97889
40130	-1559.008	-1626.449	67.44141	0.946936	0.950048	0.949223	0.946634	0.954725	0.954932	0.950929	0.951319	0.952225	0.951749
40140	-1557.733	-1625.175	67.44141	0.963221	0.96343	0.963825	0.961197	0.960716	0.963873	0.964791	0.963953	0.959912	0.968117
40150	-1557.638	-1625.08	67.44141	0.967286	0.968207	0.964148	0.963666	0.971903	0.972302	0.971457	0.971668	0.974861	0.972202
40160	-1559.097	-1626.539	67.44141	0.946208	0.949317	0.948493	0.945906	0.953991	0.954198	0.950197	0.950587	0.951493	0.951017
40170	-1558.162	-1625.603	67.44141	0.955517	0.956427	0.955949	0.951941	0.952332	0.960472	0.96068	0.959846	0.957228	0.960373
40180	-1558.578	-1626.019	67.44141	0.950822	0.953946	0.951345	0.950518	0.950725	0.958851	0.959244	0.955223	0.954745	0.955655
40190	-1557.656	-1625.097	67.44141	0.966139	0.969313	0.968471	0.96583	0.974085	0.974297	0.970212	0.97061	0.971535	0.971049
40200	-1558.051	-1625.493	67.44141	0.981536	0.989925	0.985775	0.984919	0.985857	0.989097	0.988602	0.985906	0.986311	0.986525
40210	-1557.634	-1625.075	67.44141	0.971106	0.971504	0.971019	0.971229	0.972154	0.969503	0.965439	0.968611	0.97689	0.976041
40220	-1557.703	-1625.144	67.44141	0.974596	0.975525	0.975037	0.970949	0.971348	0.97965	0.979863	0.979012	0.976342	0.97955
40230	-1557.935	-1625.377	67.44141	0.958875	0.958395	0.958789	0.959702	0.95991	0.955886	0.953279	0.961427	0.964586	0.963748
40240	-1557.691	-1625.132	67.44141	0.97418	0.977381	0.974715	0.973869	0.97408	0.982406	0.982809	0.978689	0.978199	0.979131
40250	-1558.257	-1625.698	67.44141	0.95432	0.955229	0.954752	0.950749	0.951139	0.959269	0.959477	0.958644	0.956029	0.95917
40260	-1557.646	-1625.088	67.44141	0.972105	0.969454	0.969664	0.97285	0.97325	0.972404	0.971918	0.980225	0.981159	0.977046
40270	-1557.626	-1625.068	67.44141	0.969878	0.969393	0.970316	0.970714	0.966645	0.966855	0.975119	0.972459	0.971615	0.974807
40280	-1558.146	-1625.588	67.44141	0.982816	0.983029	0.980348	0.980751	0.983973	0.983481	0.982627	0.983563	0.99197	0.987811
40290	-1557.787	-1625.228	67.44141	0.961826	0.959203	0.959411	0.962564	0.962959	0.962122	0.961641	0.969861	0.970785	0.966715
40300	-1557.675	-1625.117	67.44141	0.973574	0.973087	0.973487	0.974414	0.974625	0.970539	0.967893	0.976165	0.979373	0.978522
40310	-1560.451	-1627.892	67.44141	0.936997	0.936529	0.936913	0.937805	0.938009	0.934076	0.931529	0.939491	0.942578	0.941759
40320	-1559.678	-1627.12	67.44141	0.941903	0.941432	0.941819	0.942716	0.94292	0.938967	0.936407	0.94441	0.947513	0.94669
40330	-1557.864	-1625.305	67.44141	0.978492	0.97439	0.975318	0.983654	0.983163	0.982309	0.982712	0.985941	0.986154	0.983465
40340	-1558.948	-1626.39	67.44141	0.947436	0.948338	0.947864	0.94389	0.944278	0.952349	0.952555	0.951728	0.949132	0.952251
40350	-1558.067	-1625.508	67.44141	0.956816	0.95996	0.959126	0.95651	0.964686	0.964895	0.96085	0.961244	0.96216	0.961679
40360	-1557.627	-1625.068	67.44141	0.970011	0.973198	0.970544	0.969701	0.969911	0.978201	0.978603	0.9745	0.974013	0.974941
40370	-1557.908	-1625.35	67.44141	0.95935	0.962502	0.959877	0.959044	0.959252	0.967451	0.967848	0.96379	0.963308	0.964226
40380	-1557.767	-1625.208	67.44141	0.976409	0.976621	0.973958	0.974358	0.977559	0.97707	0.976222	0.977152	0.985504	0.981372
40390	-1559.261	-1626.702	67.44141	0.944924	0.944452	0.944839	0.945739	0.945944	0.941979	0.93941	0.947439	0.950552	0.949727
40400	-1557.679	-1625.121	67.44141	0.965044	0.964562	0.965481	0.965877	0.961828	0.962036	0.970259	0.967613	0.966773	0.969949
40410	-1558.898	-1626.339	67.44141	0.947866	0.947043	0.955138	0.958276	0.954259	0.951656	0.952563	0.952769	0.952293	0.952684
40420	-1557.814	-1625.255	67.44141	0.961206	0.957177	0.958088	0.966278	0.965794	0.964956	0.965352	0.968523	0.968733	0.966092
40430	-1557.752	-1625.194	67.44141	0.976047	0.975559	0.975959	0.976889	0.977101	0.973005	0.970351	0.978645	0.981861	0.981008
40440	-1557.955	-1625.396	67.44141	0.958544	0.95593	0.956137	0.959279	0.959673	0.958839	0.95836	0.966551	0.967472	0.963416
40450	-1558.468	-1625.91	67.44141	0.951938	0.949342	0.949548	0.952667	0.953058	0.952231	0.951755	0.95989	0.960804	0.956776
40460	-1557.627	-1625.069	67.44141	0.968648	0.976927	0.972832	0.971987	0.972913	0.976109	0.975621	0.97296	0.97336	0.973571
40470	-1557.811	-1625.252	67.44141	0.96128	0.969497	0.965432	0.964594	0.965513	0.968685	0.968201	0.96556	0.965957	0.966166
40480	-1557.629	-1625.07	67.44141	0.970429	0.96636	0.967281	0.975549	0.975061	0.974214	0.974614	0.977816	0.978028	0.975361
40490	-1558.187	-1625.629	67.44141	0.983328	0.983541	0.980859	0.981262	0.984486	0.983993	0.983139	0.984075	0.992487	0.988326
40500	-1557.626	-1625.068	67.44141	0.96989	0.967245	0.967455	0.970634	0.971032	0.970189	0.969704	0.977992	0.978924	0.97482
40510	-1557.65	-1625.091	67.44141	0.966482	0.965643	0.973896	0.977096	0.973	0.970346	0.971271	0.971481	0.970996	0.971394
40520	-1557.827	-1625.269	67.44141	0.960926	0.960091	0.968297	0.971479	0.967406	0.964768	0.965687	0.965896	0.965413	0.965809
40530	-1557.748	-1625.189	67.44141	0.962817	0.96598	0.965141	0.962509	0.970736	0.970946	0.966876	0.967273	0.968194	0.96771
40540	-1558.577	-1626.018	67.44141	0.950827	0.951034	0.951424	0.948829	0.948355	0.951471	0.952377	0.95155	0.947561	0.95566
40550	-1557.67	-1625.111	67.44141	0.973335	0.973546	0.970891	0.97129	0.974481	0.973994	0.973148	0.974075	0.9824	0.978282
40560	-1557.768	-1625.21	67.44141	0.962277	0.961796	0.962712	0.963107	0.959069	0.959277	0.967476	0.964838	0.964	0.967167
40570	-1557.627	-1625.069	67.44141	0.968637	0.971819	0.969169	0.968328	0.968538	0.976816	0.977217	0.97312	0.972633	0.97356
40580	-1557.626	-1625.067	67.44141	0.96919	0.966547	0.969723	0.969933	0.969091	0.969489	0.977775	0.977286	0.973189	0.974116
40590	-1558.38	-1625.822	67.44141	0.952889	0.953797	0.949798	0.949323	0.957437	0.95783	0.956998	0.957206	0.960351	0.957732
40600	-1557.701	-1625.143	67.44141	0.974546	0.97046	0.971384	0.979687	0.979197	0.978347	0.978748	0.981964	0.982177	0.979499
40610	-1557.673	-1625.114	67.44141	0.973468	0.970813	0.974003	0.974214	0.973368	0.973767	0.982091	0.9816	0.977484	0.978415
40620	-1558.81	-1626.252	67.44141	0.948635	0.946048	0.946253	0.949362	0.949752	0.948927	0.948452	0.956559	0.95747	0.953456
40630	-1557.834	-1625.275	67.44141	0.960785	0.963941	0.963104	0.960478	0.968687	0.968897	0.964835	0.965231	0.966151	0.965668
40640	-1558.086	-1625.527	67.44141	0.956547	0.953939	0.954146	0.957281	0.957673	0.956842	0.956363	0.964538	0.965456	0.961409
40650	-1557.667	-1625.109	67.44141	0.973212	0.976409	0.973746	0.972901	0.973112	0.981429	0.981832	0.977716	0.977227	0.978158
40660	-1559.573	-1627.014	67.44141	0.942636	0.950693	0.946708	0.945885	0.946786	0.949897	0.949422	0.946833	0.947222	0.947427
40670	-1557.659	-1625.101	67.44141	0.96595	0.961901	0.962817	0.971046	0.970561	0.969718	0.970116	0.973303	0.973514	0.97086
40680	-1557.854	-1625.295	67.44141	0.97831	0.979242	0.978752	0.974649	0.975049	0.983383	0.983596	0.982742	0.980062	0.983282
40690	-1558.042	-1625.484	67.44141	0.981413	0.980922	0.981856	0.982259	0.978141	0.978353	0.986716	0.984025	0.98317	0.986401
40700	-1557.657	-1625.098	67.44141	0.966085	0.969259	0.966616	0.965777	0.965986	0.974243	0.974642	0.970556	0.970071	0.970995
40710	-1558.884	-1626.325	67.44141	0.990166	0.990381	0.990787	0.988085	0.987591	0.990836	0.99178	0.990919	0.986764	0.995198
40720	-1558.697	-1626.138	67.44141	0.988577	0.988083	0.989024	0.98943	0.985282	0.985496	0.993919	0.991208	0.990348	0.993601
40730	-1558.784	-1626.226	67.44141	0.989335	0.989742	0.989956	0.989461	0.986763	0.987703	0.990948	0.986794	0.985937	0.994364
40740	-1557.688	-1625.129	67.44141	0.964703	0.964912	0.962281	0.962676	0.965839	0.965356	0.964517	0.965436	0.973688	0.969606
40750	-1557.669	-1625.11	67.44141	0.973277	0.976475	0.973812	0.972966	0.973177	0.981495	0.981898	0.977781	0.977293	0.978224
40760	-1558.002	-1625.443	67.44141	0.95779	0.957998	0.958391	0.955777	0.955299	0.958438	0.959351	0.958518	0.9545	0.962658
40770	-1557.631	-1625.072	67.44141	0.970732	0.971657	0.971171	0.9671	0.967497	0.975766	0.975978	0.97513	0.972471	0.975666
40780	-1558.219	-1625.661	67.44141	0.954778	0.962938	0.958901	0.958069	0.958981	0.962132	0.961651	0.959028	0.959422	0.95963
40790	-1557.752	-1625.194	67.44141	0.976047	0.979254	0.976584	0.975736	0.975947	0.984289	0.984693	0.980565	0.980075	0.981008
40800	-1557.626	-1625.067	67.44141	0.96957	0.972756	0.970103	0.96926	0.969471	0.977757	0.978158	0.974058	0.973571	0.974498
40810	-1558.282	-1625.724	67.44141	0.984451	0.985389	0.984896	0.980767	0.981169	0.989556	0.98977	0.988911	0.986214	0.989454
40820	-1557.832	-1625.273	67.44141	0.960831	0.959996	0.968202	0.971383	0.96731	0.964672	0.965591	0.965801	0.965318	0.965714
40830	-1557.789	-1625.231	67.44141	0.976947	0.977159	0.974494	0.974894	0.978097	0.977608	0.976759	0.97769	0.986046	0.981912
40840	-1557.659	-1625.101	67.44141	0.972831	0.968752	0.969675	0.977963	0.977474	0.976625	0.977026	0.980236	0.980449	0.977775
40850	-1557.695	-1625.136	67.44141	0.964457	0.964853	0.96437	0.96458	0.965499	0.962866	0.958829	0.961979	0.970201	0.969359
40860	-1557.96	-1625.401	67.44141	0.958468	0.966661	0.962608	0.961772	0.962688	0.965851	0.965368	0.962736	0.963131	0.96334
40870	-1557.683	-1625.125	67.44141	0.973892	0.974103	0.971446	0.971845	0.975038	0.974551	0.973704	0.974632	0.982962	0.978841
40880	-1557.961	-1625.403	67.44141	0.980189	0.976079	0.984422	0.98536	0.984504	0.984012	0.987245	0.98765	0.984957	0.98517
40890	-1558.624	-1626.065	67.44141	0.950367	0.947775	0.94798	0.951095	0.951485	0.950659	0.950184	0.958305	0.959218	0.955197
40900	-1557.963	-1625.404	67.44141	0.980208	0.979357	0.987728	0.990973	0.986818	0.984127	0.985065	0.985278	0.984786	0.98519
40910	-1557.715	-1625.156	67.44141	0.974986	0.975198	0.972538	0.972938	0.976134	0.975646	0.974799	0.975728	0.984067	0.979942
40920	-1560.455	-1627.896	67.44141	0.936973	0.940051	0.937488	0.936673	0.936876	0.944884	0.945272	0.941309	0.940839	0.941735
40930	-1557.914	-1625.355	67.44141	0.959251	0.960165	0.95614	0.955662	0.96383	0.964226	0.963388	0.963597	0.966763	0.964127
40940	-1559.636	-1627.078	67.44141	0.942192	0.942396	0.939826	0.940212	0.943301	0.94283	0.942011	0.942908	0.950967	0.946981
40950	-1557.629	-1625.071	67.44141	0.96828	0.967439	0.975708	0.978914	0.97481	0.972152	0.973078	0.973289	0.972802	0.973202
40960	-1557.665	-1625.107	67.44141	0.973118	0.981436	0.980584	0.976473	0.979681	0.980614	0.97794	0.977451	0.977663	0.978064
40970	-1558.212	-1625.654	67.44141	0.983633	0.98457	0.980442	0.979952	0.988328	0.988733	0.987875	0.988089	0.991335	0.988632
40980	-1557.975	-1625.417	67.44141	0.98041	0.981344	0.97723	0.976741	0.985089	0.985494	0.984638	0.984851	0.988087	0.985393
40990	-1557.905	-1625.346	67.44141	0.959408	0.96256	0.961724	0.959101	0.967299	0.967509	0.963452	0.963848	0.964766	0.964284
41000	-1557.703	-1625.145	67.44141	0.974611	0.975539	0.975051	0.970964	0.971362	0.979665	0.979877	0.979026	0.976356	0.979564
41010	-1557.931	-1625.373	67.44141	0.979698	0.97991	0.977238	0.977639	0.980851	0.980361	0.979509	0.980442	0.988822	0.984677
41020	-1557.716	-1625.158	67.44141	0.963729	0.966896	0.966056	0.963422	0.971656	0.971867	0.967793	0.96819	0.969112	0.968628
41030	-1557.626	-1625.067	67.44141	0.969719	0.970117	0.969632	0.969843	0.970766	0.968119	0.96406	0.967228	0.975495	0.974648
41040	-1558.296	-1625.737	67.44141	0.9846	0.993016	0.992154	0.987994	0.99124	0.992185	0.989479	0.988984	0.989199	0.989605
41050	-1557.721	-1625.162	67.44141	0.975164	0.975564	0.975776	0.975288	0.972628	0.973555	0.976753	0.972658	0.971814	0.98012
41060	-1557.656	-1625.097	67.44141	0.966122	0.965283	0.968454	0.976732	0.974068	0.969984	0.970195	0.971119	0.971518	0.971032
41070	-1558.101	-1625.543	67.44141	0.982224	0.982437	0.98284	0.98016	0.97967	0.982889	0.983825	0.98297	0.978849	0.987216
41080	-1558.78	-1626.221	67.44141	0.989296	0.990238	0.986087	0.985594	0.994018	0.994426	0.993562	0.993778	0.997043	0.994324
41090	-1557.653	-1625.095	67.44141	0.96628	0.963645	0.963854	0.967021	0.967418	0.966578	0.966094	0.974352	0.97528	0.971191
41100	-1557.882	-1625.324	67.44141	0.97884	0.97799	0.981203	0.98959	0.986891	0.982754	0.982967	0.983903	0.984307	0.983815
41110	-1560.861	-1628.303	67.44141	0.934648	0.933836	0.936904	0.944912	0.942336	0.938385	0.938588	0.939483	0.939868	0.939398
41120	-1557.738	-1625.18	67.44141	0.975674	0.984014	0.983159	0.979037	0.982254	0.98319	0.980508	0.980018	0.980231	0.980633
41130	-1557.651	-1625.093	67.44141	0.966398	0.967319	0.963264	0.962782	0.971011	0.97141	0.970566	0.970777	0.973966	0.97131
41140	-1557.665	-1625.107	67.44141	0.973125	0.974052	0.973565	0.969483	0.969881	0.978171	0.978383	0.977534	0.974868	0.978071
41150	-1558.124	-1625.566	67.44141	0.956012	0.956219	0.953612	0.954003	0.957137	0.956659	0.955828	0.956739	0.964916	0.960871
41160	-1557.709	-1625.151	67.44141	0.963953	0.96712	0.96628	0.963645	0.971881	0.972092	0.968017	0.968414	0.969337	0.968852
41170	-1557.845	-1625.286	67.44141	0.978135	0.974034	0.982359	0.983295	0.982441	0.98195	0.985176	0.98558	0.982893	0.983106
41180	-1558.19	-1625.631	67.44141	0.983361	0.980679	0.980892	0.984115	0.984519	0.983664	0.983172	0.991575	0.99252	0.988359
41190	-1557.631	-1625.072	67.44141	0.968088	0.967247	0.975514	0.978719	0.974616	0.971958	0.972884	0.973095	0.972609	0.973008
41200	-1558.099	-1625.54	67.44141	0.95636	0.95553	0.963697	0.966863	0.96281	0.960184	0.961099	0.961307	0.960827	0.961221
41210	-1558.018	-1625.459	67.44141	0.957542	0.957935	0.957456	0.957664	0.958576	0.955962	0.951954	0.955082	0.963246	0.962409
41220	-1557.957	-1625.399	67.44141	0.958502	0.95871	0.959104	0.956488	0.95601	0.959151	0.960065	0.959231	0.955209	0.963374
41230	-1558.427	-1625.868	67.44141	0.952379	0.951552	0.959686	0.962839	0.958802	0.956187	0.957098	0.957306	0.956827	0.95722
41240	-1558.011	-1625.452	67.44141	0.957653	0.953638	0.961789	0.962705	0.961869	0.961388	0.964547	0.964943	0.962311	0.96252
41250	-1557.979	-1625.42	67.44141	0.980463	0.979973	0.980375	0.981309	0.981522	0.977407	0.974741	0.983073	0.986303	0.985446
41260	-1559.24	-1626.681	67.44141	0.945085	0.944265	0.947367	0.955465	0.952859	0.948864	0.94907	0.949974	0.950364	0.949889
41270	-1557.637	-1625.078	67.44141	0.971397	0.974588	0.97193	0.971086	0.971297	0.979599	0.980001	0.975892	0.975404	0.976334
41280	-1557.963	-1625.404	67.44141	0.958411	0.955797	0.958938	0.959146	0.958313	0.958706	0.9669	0.966417	0.962365	0.963282
41290	-1558.399	-1625.84	67.44141	0.985717	0.985224	0.986162	0.986567	0.982431	0.982644	0.991043	0.98834	0.987482	0.990726
41300	-1557.904	-1625.345	67.44141	0.959427	0.955405	0.956315	0.964489	0.964006	0.963169	0.963564	0.96673	0.96694	0.964303
41310	-1557.694	-1625.136	67.44141	0.964471	0.963633	0.97187	0.975063	0.970975	0.968327	0.96925	0.96946	0.968975	0.969373
41320	-1558.199	-1625.641	67.44141	0.955031	0.955941	0.951934	0.951458	0.95959	0.959984	0.95915	0.959358	0.96251	0.959885
41330	-1557.626	-1625.067	67.44141	0.969067	0.969277	0.969675	0.967031	0.966547	0.969723	0.970647	0.969804	0.965738	0.973992
41340	-1557.684	-1625.125	67.44141	0.964864	0.962232	0.965394	0.965603	0.964765	0.965161	0.97341	0.972923	0.968845	0.969768
41350	-1558.109	-1625.55	67.44141	0.982326	0.98254	0.982943	0.980262	0.979772	0.982991	0.983928	0.983073	0.978952	0.987319
41360	-1559.643	-1627.085	67.44141	0.995626	0.991452	0.999926	1.00088	1.00001	0.999509	1.00279	1.0032	1.00047	1.00069
41370	-1557.829	-1625.27	67.44141	0.977811	0.976961	0.985312	0.988549	0.984405	0.98172	0.982655	0.982868	0.982377	0.98278
41380	-1558.006	-1625.448	67.44141	0.957723	0.957931	0.958324	0.955711	0.955233	0.958371	0.959284	0.958451	0.954433	0.962591
41390	-1557.644	-1625.085	67.44141	0.97192	0.969269	0.972454	0.972665	0.97182	0.972219	0.980529	0.980039	0.97593	0.97686
41400	-1557.909	-1625.35	67.44141	0.97931	0.978459	0.981674	0.990065	0.987365	0.983225	0.983438	0.984375	0.984779	0.984287
41410	-1558.352	-1625.794	67.44141	0.953202	0.952374	0.955503	0.96367	0.961042	0.957013	0.95722	0.958132	0.958525	0.958046
41420	-1557.859	-1625.3	67.44141	0.978406	0.978618	0.975949	0.97635	0.979558	0.979068	0.978218	0.979149	0.987519	0.983379
41430	-1558.524	-1625.966	67.44141	0.986981	0.990223	0.989363	0.986665	0.995099	0.995315	0.991142	0.991549	0.992493	0.991997
41440	-1559.606	-1627.047	67.44141	0.942405	0.942609	0.942996	0.940424	0.939954	0.943042	0.943941	0.943121	0.939167	0.947194
41450	-1557.745	-1625.186	67.44141	0.962889	0.962408	0.963324	0.96372	0.95968	0.959888	0.968092	0.965452	0.964614	0.967783
41460	-1557.703	-1625.145	67.44141	0.964151	0.963669	0.964065	0.964983	0.965192	0.961146	0.958525	0.966718	0.969894	0.969051
41470	-1557.864	-1625.306	67.44141	0.960173	0.956147	0.957058	0.965239	0.964756	0.963918	0.964314	0.967482	0.967692	0.965053
41480	-1557.689	-1625.13	67.44141	0.964674	0.967843	0.965204	0.964366	0.964575	0.972819	0.973218	0.969138	0.968654	0.969577
41490	-1557.628	-1625.069	67.44141	0.968496	0.967655	0.970834	0.979132	0.976462	0.972369	0.972579	0.973506	0.973906	0.973419
41500	-1557.802	-1625.244	67.44141	0.96147	0.964629	0.961998	0.961163	0.961371	0.969588	0.969986	0.96592	0.965437	0.966356
41510	-1557.626	-1625.067	67.44141	0.969272	0.970196	0.966128	0.965645	0.973899	0.974299	0.973453	0.973664	0.976863	0.974199
41520	-1558.588	-1626.029	67.44141	0.987582	0.986724	0.995158	0.998428	0.994242	0.991531	0.992475	0.992691	0.992194	0.992602
41530	-1557.693	-1625.134	67.44141	0.964512	0.972756	0.971911	0.967837	0.971017	0.971942	0.969291	0.968806	0.969017	0.969414
41540	-1558.133	-1625.574	67.44141	0.955897	0.964067	0.96323	0.959192	0.962343	0.96326	0.960633	0.960153	0.960361	0.960755
41550	-1558.036	-1625.478	67.44141	0.957267	0.956436	0.959578	0.96778	0.965141	0.961095	0.961303	0.962219	0.962614	0.962133
41560	-1557.829	-1625.27	67.44141	0.960885	0.964042	0.961413	0.960578	0.960786	0.968998	0.969396	0.965332	0.964849	0.965769
41570	-1557.642	-1625.083	67.44141	0.96701	0.96617	0.969344	0.97763	0.974964	0.970876	0.971087	0.972012	0.972411	0.971925
41580	-1557.842	-1625.283	67.44141	0.960616	0.960824	0.958204	0.958597	0.961746	0.961266	0.960431	0.961346	0.969563	0.965498
41590	-1557.626	-1625.067	67.44141	0.969348	0.977634	0.973535	0.97269	0.973616	0.976815	0.976327	0.973664	0.974064	0.974275
41600	-1559.644	-1627.085	67.44141	0.995629	0.992914	0.996176	0.996392	0.995527	0.995935	1.00445	1.00395	0.999737	1.00069
41610	-1557.717	-1625.159	67.44141	0.975053	0.975265	0.975665	0.973004	0.972518	0.975713	0.976643	0.975795	0.971704	0.980009
41620	-1557.698	-1625.14	67.44141	0.964328	0.967497	0.966656	0.96402	0.97226	0.972471	0.968394	0.968792	0.969714	0.96923
41630	-1557.865	-1625.307	67.44141	0.978529	0.977679	0.986035	0.989275	0.985128	0.982441	0.983377	0.98359	0.983099	0.983502
41640	-1557.694	-1625.135	67.44141	0.974279	0.97449	0.971833	0.972232	0.975426	0.974938	0.974091	0.975019	0.983353	0.979231
41650	-1557.845	-1625.286	67.44141	0.960564	0.957945	0.961092	0.9613	0.960466	0.96086	0.969072	0.968588	0.964527	0.965446
41660	-1558.088	-1625.529	67.44141	0.956516	0.959659	0.957042	0.956211	0.956418	0.964593	0.964989	0.960943	0.960463	0.961378
41670	-1557.789	-1625.231	67.44141	0.961772	0.962167	0.962375	0.961894	0.959271	0.960185	0.963339	0.959301	0.958468	0.96666
41680	-1557.639	-1625.08	67.44141	0.967226	0.968148	0.967664	0.963607	0.964002	0.972242	0.972453	0.971608	0.968959	0.972142
41690	-1557.71	-1625.152	67.44141	0.963913	0.959872	0.968076	0.968999	0.968157	0.967673	0.970852	0.971251	0.968602	0.968812
41700	-1557.749	-1625.19	67.44141	0.962786	0.961949	0.970172	0.973359	0.969278	0.966635	0.967556	0.967766	0.967282	0.967679
41710	-1557.866	-1625.307	67.44141	0.978539	0.977689	0.980901	0.989285	0.986587	0.982451	0.982664	0.9836	0.984004	0.983512
41720	-1557.706	-1625.147	67.44141	0.964065	0.972305	0.97146	0.967388	0.970566	0.971491	0.968841	0.968357	0.968567	0.968964
41730	-1557.65	-1625.092	67.44141	0.966451	0.963816	0.964025	0.967192	0.967589	0.966749	0.966265	0.974524	0.975453	0.971363
41740	-1558.54	-1625.981	67.44141	0.951199	0.951589	0.951795	0.95132	0.948725	0.949629	0.952749	0.948755	0.947931	0.956033
41750	-1557.626	-1625.067	67.44141	0.96948	0.96969	0.967046	0.967442	0.970621	0.970136	0.969293	0.970217	0.978509	0.974407
41760	-1557.695	-1625.136	67.44141	0.974326	0.971669	0.974862	0.975073	0.974226	0.974626	0.982957	0.982465	0.978346	0.979278
41770	-1557.646	-1625.088	67.44141	0.972089	0.972299	0.972699	0.970046	0.969561	0.972746	0.973673	0.972827	0.968749	0.977029
41780	-1557.741	-1625.182	67.44141	0.96301	0.971241	0.967169	0.96633	0.96725	0.970428	0.969943	0.967298	0.967695	0.967905
41790	-1558.307	-1625.748	67.44141	0.984725	0.98513	0.985343	0.984851	0.982165	0.983101	0.986331	0.982195	0.981342	0.98973
41800	-1559.661	-1627.102	67.44141	0.942021	0.94155	0.942447	0.942834	0.938881	0.939085	0.947112	0.944529	0.943709	0.946809
41810	-1557.955	-1625.396	67.44141	0.958545	0.966737	0.962685	0.961848	0.962765	0.965928	0.965445	0.962812	0.963207	0.963416
41820	-1557.639	-1625.081	67.44141	0.967195	0.970373	0.967727	0.966886	0.967096	0.975362	0.975762	0.971672	0.971186	0.972111
41830	-1557.959	-1625.401	67.44141	0.958473	0.959386	0.958906	0.954886	0.955278	0.963443	0.963652	0.962815	0.960189	0.963344
41840	-1557.774	-1625.216	67.44141	0.976599	0.977	0.977212	0.976724	0.97406	0.974988	0.978191	0.97409	0.973244	0.981563
41850	-1558.4	-1625.841	67.44141	0.985731	0.985238	0.986177	0.986581	0.982445	0.982658	0.991057	0.988355	0.987496	0.990741
41860	-1559.933	-1627.375	67.44141	0.997424	0.994704	0.994919	0.998188	0.998598	0.997731	0.997232	1.00576	1.00671	1.00249
41870	-1557.768	-1625.209	67.44141	0.962292	0.959668	0.959876	0.96303	0.963425	0.962589	0.962107	0.970331	0.971255	0.967183
41880	-1557.715	-1625.156	67.44141	0.963771	0.966938	0.966098	0.963463	0.971698	0.971909	0.967835	0.968232	0.969154	0.96867
41890	-1557.63	-1625.071	67.44141	0.970632	0.97103	0.971241	0.970755	0.968108	0.96903	0.972214	0.968138	0.967297	0.975565
41900	-1557.665	-1625.107	67.44141	0.973134	0.981452	0.977337	0.976489	0.977419	0.98063	0.98014	0.977467	0.977868	0.97808
41910	-1558.176	-1625.617	67.44141	0.983183	0.983396	0.980714	0.981117	0.98434	0.983848	0.982994	0.98393	0.99234	0.98818
41920	-1557.704	-1625.145	67.44141	0.974622	0.982952	0.982098	0.977981	0.981194	0.982129	0.97945	0.978961	0.979173	0.979575
41930	-1559.105	-1626.547	67.44141	0.946142	0.943562	0.943767	0.946867	0.947256	0.946433	0.94596	0.954046	0.954954	0.950951
41940	-1558.473	-1625.915	67.44141	0.986478	0.982342	0.990739	0.991682	0.990821	0.990326	0.993579	0.993987	0.991277	0.991492
41950	-1557.744	-1625.185	67.44141	0.962916	0.962435	0.963352	0.963747	0.959707	0.959915	0.96812	0.965479	0.964641	0.96781
41960	-1557.626	-1625.067	67.44141	0.969237	0.968753	0.96915	0.970074	0.970284	0.966216	0.963581	0.971817	0.97501	0.974163
41970	-1558.9	-1626.341	67.44141	0.947848	0.948751	0.944773	0.944301	0.952372	0.952763	0.951936	0.952142	0.95527	0.952665
41980	-1557.86	-1625.301	67.44141	0.960259	0.960468	0.960862	0.958241	0.957762	0.960909	0.961824	0.960989	0.95696	0.96514
41990	-1558.194	-1625.635	67.44141	0.983409	0.983622	0.984026	0.981343	0.980852	0.984075	0.985012	0.984157	0.980031	0.988407
42000	-1559.043	-1626.484	67.44141	0.991422	0.991637	0.988932	0.989338	0.992589	0.992093	0.991231	0.992175	1.00066	0.996461
42010	-1559.36	-1626.801	67.44141	0.944177	0.944382	0.941806	0.942193	0.945289	0.944816	0.943995	0.944895	0.952971	0.948976
42020	-1557.662	-1625.103	67.44141	0.972973	0.972128	0.975322	0.983658	0.980976	0.976863	0.977075	0.978006	0.978407	0.977918
42030	-1557.631	-1625.072	67.44141	0.968059	0.965419	0.968591	0.968801	0.96796	0.968357	0.976634	0.976146	0.972053	0.972979
42040	-1558.529	-1625.97	67.44141	0.951309	0.948714	0.94892	0.952038	0.952429	0.951601	0.951126	0.959255	0.960169	0.956144
42050	-1559.257	-1626.698	67.44141	0.944954	0.942377	0.945473	0.945678	0.944857	0.945245	0.953324	0.952847	0.948852	0.949756
42060	-1558.28	-1625.721	67.44141	0.984418	0.983926	0.984329	0.985267	0.985481	0.981349	0.978673	0.987038	0.990281	0.989421
42070	-1557.627	-1625.069	67.44141	0.97016	0.966093	0.967013	0.975279	0.974791	0.973944	0.974344	0.977545	0.977757	0.975091
42080	-1558.732	-1626.173	67.44141	0.988882	0.989288	0.988793	0.989008	0.98995	0.98725	0.983111	0.986341	0.994772	0.993908
42090	-1557.626	-1625.067	67.44141	0.969299	0.969509	0.966865	0.967262	0.97044	0.969955	0.969112	0.970036	0.978327	0.974225
42100	-1561.008	-1628.449	67.44141	0.933844	0.934227	0.93376	0.933962	0.934852	0.932303	0.928394	0.931444	0.939406	0.93859
42110	-1557.644	-1625.086	67.44141	0.966826	0.965986	0.96916	0.977444	0.974778	0.970692	0.970902	0.971827	0.972226	0.97174
42120	-1557.626	-1625.067	67.44141	0.969543	0.969058	0.969981	0.970379	0.966311	0.966521	0.974782	0.972124	0.971279	0.974471
42130	-1560.31	-1627.751	67.44141	0.937841	0.938226	0.93843	0.937961	0.935403	0.936294	0.93937	0.935432	0.934619	0.942608
42140	-1558.121	-1625.563	67.44141	0.956052	0.955574	0.956484	0.956877	0.952865	0.953072	0.961218	0.958597	0.957764	0.960911
42150	-1558.228	-1625.67	67.44141	0.983822	0.992231	0.988072	0.987214	0.988154	0.991401	0.990905	0.988203	0.988608	0.988823
42160	-1557.695	-1625.137	67.44141	0.974333	0.973487	0.981807	0.985033	0.980903	0.978228	0.97916	0.979373	0.978883	0.979285
42170	-1557.944	-1625.386	67.44141	0.958722	0.961872	0.961037	0.958416	0.966608	0.966818	0.962764	0.963159	0.964077	0.963595
42180	-1557.842	-1625.284	67.44141	0.960608	0.963764	0.962927	0.960301	0.968509	0.968719	0.964658	0.965054	0.965973	0.96549
42190	-1557.9	-1625.341	67.44141	0.979158	0.982375	0.979696	0.978845	0.979057	0.987425	0.987831	0.983689	0.983198	0.984134
42200	-1558.345	-1625.787	67.44141	0.985147	0.984654	0.985592	0.985997	0.981863	0.982076	0.99047	0.987769	0.986911	0.990154
42210	-1557.626	-1625.067	67.44141	0.969165	0.970088	0.969603	0.965539	0.965935	0.974191	0.974402	0.973556	0.970901	0.974091
42220	-1557.709	-1625.15	67.44141	0.963971	0.959929	0.968134	0.969056	0.968215	0.967731	0.97091	0.971309	0.96866	0.96887
42230	-1557.688	-1625.13	67.44141	0.964688	0.96385	0.972089	0.975282	0.971194	0.968545	0.969468	0.969678	0.969193	0.969591
42240	-1558.168	-1625.609	67.44141	0.983088	0.982597	0.983533	0.983936	0.979811	0.980024	0.988401	0.985705	0.984849	0.988085
42250	-1559.412	-1626.854	67.44141	0.943789	0.951856	0.947866	0.947042	0.947945	0.951059	0.950584	0.947991	0.94838	0.948586
42260	-1557.626	-1625.068	67.44141	0.96899	0.969914	0.965847	0.965364	0.973616	0.974015	0.973169	0.97338	0.976579	0.973915
42270	-1558.751	-1626.192	67.44141	0.949171	0.946583	0.946788	0.949899	0.950289	0.949463	0.948989	0.9571	0.958012	0.953995
42280	-1557.881	-1625.322	67.44141	0.959854	0.960062	0.960456	0.957837	0.957358	0.960504	0.961419	0.960584	0.956557	0.964733
42290	-1557.629	-1625.07	67.44141	0.970481	0.969996	0.970394	0.971318	0.971529	0.967456	0.964818	0.973064	0.976261	0.975413
42300	-1557.648	-1625.09	67.44141	0.966578	0.966788	0.964151	0.964547	0.967716	0.967232	0.966392	0.967313	0.975581	0.971491
42310	-1558.704	-1626.145	67.44141	0.988638	0.985942	0.986156	0.989396	0.989802	0.988943	0.988448	0.996897	0.997846	0.993663
42320	-1557.707	-1625.148	67.44141	0.974722	0.975122	0.974634	0.974846	0.975774	0.973113	0.969034	0.972218	0.980527	0.979676
42330	-1557.661	-1625.102	67.44141	0.972924	0.97385	0.973363	0.969283	0.969681	0.977969	0.978181	0.977331	0.974666	0.977868
42340	-1558.694	-1626.135	67.44141	0.949701	0.950606	0.95013	0.946147	0.946535	0.954626	0.954833	0.954003	0.951402	0.954528
42350	-1557.633	-1625.075	67.44141	0.967756	0.967966	0.965326	0.965722	0.968895	0.968411	0.967569	0.968491	0.976769	0.972674
42360	-1557.687	-1625.129	67.44141	0.964732	0.965651	0.965168	0.961122	0.961516	0.969735	0.969945	0.969102	0.96646	0.969635
42370	-1557.703	-1625.144	67.44141	0.964176	0.963339	0.966504	0.974765	0.972106	0.968031	0.968241	0.969163	0.969561	0.969076
42380	-1557.814	-1625.255	67.44141	0.977489	0.974824	0.975035	0.978239	0.97864	0.97779	0.977301	0.985655	0.986594	0.982458
42390	-1558.026	-1625.467	67.44141	0.957425	0.954814	0.957951	0.958159	0.957327	0.95772	0.965905	0.965423	0.961375	0.962291
42400	-1558.437	-1625.879	67.44141	0.952266	0.952657	0.952181	0.952387	0.953295	0.950695	0.946709	0.94982	0.957938	0.957106
42410	-1557.626	-1625.068	67.44141	0.969891	0.967246	0.970424	0.970635	0.969792	0.97019	0.978482	0.977993	0.973893	0.974821
42420	-1557.819	-1625.26	67.44141	0.977603	0.978004	0.978216	0.977727	0.975061	0.97599	0.979197	0.975091	0.974245	0.982572
42430	-1557.663	-1625.104	67.44141	0.973002	0.973402	0.973613	0.973126	0.970472	0.971397	0.974588	0.970503	0.96966	0.977948
42440	-1557.674	-1625.115	67.44141	0.973501	0.973014	0.973413	0.974341	0.974552	0.970466	0.96782	0.976092	0.979299	0.978448
42450	-1557.633	-1625.074	67.44141	0.967798	0.966958	0.975223	0.978427	0.974325	0.971668	0.972593	0.972804	0.972318	0.972717
42460	-1559.09	-1626.531	67.44141	0.946268	0.946656	0.946862	0.946388	0.943807	0.944706	0.94781	0.943837	0.943017	0.951077
42470	-1558.052	-1625.494	67.44141	0.981553	0.978876	0.979088	0.982305	0.982708	0.981855	0.981364	0.989752	0.990695	0.986541
42480	-1559.221	-1626.662	67.44141	0.992751	0.990044	0.993297	0.993512	0.992649	0.993057	1.00154	1.00104	0.996847	0.997797
42490	-1557.812	-1625.253	67.44141	0.977453	0.977854	0.978066	0.977577	0.974911	0.97584	0.979046	0.974942	0.974095	0.982421
42500	-1558.15	-1625.592	67.44141	0.955665	0.955188	0.95558	0.95649	0.956698	0.952687	0.950089	0.958209	0.961358	0.960523
42510	-1558.367	-1625.808	67.44141	0.953041	0.952565	0.953472	0.953863	0.949864	0.950071	0.958191	0.955578	0.954748	0.957885
42520	-1558.109	-1625.55	67.44141	0.956227	0.956619	0.956141	0.956348	0.957259	0.954649	0.950647	0.95377	0.961922	0.961087
42530	-1559.902	-1627.343	67.44141	0.997233	0.993053	1.00154	1.00249	1.00162	1.00112	1.00441	1.00482	1.00208	1.0023
42540	-1557.647	-1625.089	67.44141	0.966629	0.963993	0.964202	0.96737	0.967767	0.966926	0.966443	0.974704	0.975632	0.971542
42550	-1557.695	-1625.137	67.44141	0.964431	0.960388	0.968597	0.969519	0.968677	0.968193	0.971374	0.971773	0.969123	0.969333
42560	-1557.771	-1625.212	67.44141	0.976513	0.98486	0.984004	0.979879	0.983099	0.984035	0.981352	0.980861	0.981074	0.981476
42570	-1557.637	-1625.078	67.44141	0.967441	0.968362	0.964303	0.963821	0.972059	0.972458	0.971613	0.971824	0.975017	0.972358
42580	-1557.638	-1625.079	67.44141	0.967309	0.975577	0.974729	0.970643	0.973832	0.97476	0.972101	0.971615	0.971826	0.972225
42590	-1558.523	-1625.965	67.44141	0.951367	0.951758	0.951282	0.951488	0.952394	0.949797	0.945815	0.948923	0.957034	0.956202
42600	-1559.162	-1626.603	67.44141	0.945693	0.953776	0.952948	0.948953	0.952071	0.952978	0.950379	0.949904	0.95011	0.9505
42610	-1557.748	-1625.189	67.44141	0.962807	0.963202	0.962721	0.96293	0.963847	0.961219	0.957189	0.960334	0.968542	0.967701
42620	-1557.626	-1625.067	67.44141	0.969327	0.977613	0.976764	0.972669	0.975864	0.976794	0.97413	0.973643	0.973854	0.974254
42630	-1559.11	-1626.552	67.44141	0.991936	1.00041	0.99622	0.995355	0.996303	0.999577	0.999077	0.996353	0.996761	0.996978
42640	-1559.886	-1627.327	67.44141	0.940509	0.943599	0.942779	0.940208	0.948244	0.94845	0.944474	0.944862	0.945762	0.945289
42650	-1559.052	-1626.494	67.44141	0.991495	0.991902	0.991406	0.991622	0.992566	0.989859	0.98571	0.988948	0.997401	0.996535
42660	-1557.626	-1625.067	67.44141	0.969416	0.966772	0.966982	0.970159	0.970557	0.969714	0.96923	0.977514	0.978445	0.974343
42670	-1558.477	-1625.918	67.44141	0.951848	0.954975	0.952371	0.951544	0.95175	0.959885	0.960279	0.956253	0.955775	0.956685
42680	-1557.915	-1625.356	67.44141	0.979421	0.978571	0.986935	0.990177	0.986026	0.983337	0.984274	0.984487	0.983995	0.984399
42690	-1559.374	-1626.815	67.44141	0.944072	0.952142	0.951315	0.947326	0.950439	0.951344	0.94875	0.948276	0.948481	0.94887
42700	-1559.597	-1627.038	67.44141	0.942469	0.938518	0.939412	0.947442	0.946968	0.946145	0.946534	0.949644	0.94985	0.947259
42710	-1557.626	-1625.067	67.44141	0.969037	0.969435	0.969645	0.969161	0.966518	0.967438	0.970617	0.966548	0.965708	0.973962
42720	-1558.764	-1626.205	67.44141	0.98916	0.99241	0.991548	0.988844	0.997296	0.997512	0.99333	0.993738	0.994685	0.994188
42730	-1558.117	-1625.559	67.44141	0.982439	0.983375	0.979252	0.978762	0.987128	0.987533	0.986676	0.98689	0.990132	0.987432
42740	-1557.666	-1625.108	67.44141	0.973167	0.972681	0.973607	0.974007	0.969923	0.970134	0.978426	0.975758	0.97491	0.978113
42750	-1557.676	-1625.117	67.44141	0.973579	0.981901	0.981048	0.976935	0.980145	0.981078	0.978403	0.977914	0.978126	0.978527
42760	-1557.666	-1625.108	67.44141	0.973165	0.969085	0.977368	0.978299	0.97745	0.976961	0.980171	0.980573	0.977899	0.978111
42770	-1557.906	-1625.348	67.44141	0.979269	0.978418	0.986781	0.990023	0.985872	0.983184	0.984121	0.984334	0.983842	0.984246
42780	-1557.898	-1625.34	67.44141	0.979131	0.982348	0.981495	0.978818	0.987184	0.987399	0.983259	0.983663	0.9846	0.984107
42790	-1559.614	-1627.055	67.44141	0.995433	0.994935	0.995343	0.996291	0.996508	0.99233	0.989624	0.998082	1.00136	1.00049
42800	-1557.626	-1625.067	67.44141	0.969016	0.966373	0.966583	0.969759	0.970157	0.969314	0.96883	0.977111	0.978041	0.973941
42810	-1557.644	-1625.085	67.44141	0.966874	0.964237	0.964447	0.967615	0.968012	0.967172	0.966688	0.974951	0.97588	0.971788
42820	-1557.775	-1625.217	67.44141	0.976624	0.976136	0.976536	0.977467	0.977679	0.97358	0.970925	0.979224	0.982441	0.981588
42830	-1557.646	-1625.087	67.44141	0.96672	0.966237	0.966633	0.967554	0.967764	0.963707	0.961079	0.969293	0.972478	0.971633
42840	-1559.2	-1626.642	67.44141	0.945391	0.945779	0.945984	0.945511	0.942933	0.943831	0.946932	0.942962	0.942143	0.950196
42850	-1558.594	-1626.035	67.44141	0.950662	0.950869	0.948275	0.948665	0.951782	0.951306	0.950479	0.951385	0.959517	0.955494
42860	-1559.184	-1626.626	67.44141	0.945517	0.946417	0.94245	0.941978	0.95003	0.95042	0.949594	0.9498	0.952921	0.950322
42870	-1557.627	-1625.068	67.44141	0.968685	0.966043	0.966253	0.969427	0.969825	0.968983	0.968498	0.976776	0.977707	0.973608
42880	-1557.683	-1625.125	67.44141	0.973895	0.971239	0.971449	0.974641	0.975041	0.974194	0.973707	0.98203	0.982965	0.978844
42890	-1558.117	-1625.559	67.44141	0.982437	0.98284	0.982349	0.982562	0.983498	0.980816	0.976704	0.979913	0.988288	0.98743
42900	-1557.632	-1625.074	67.44141	0.970935	0.971334	0.970848	0.971059	0.971984	0.969333	0.96527	0.968441	0.976719	0.97587
42910	-1558.291	-1625.733	67.44141	0.953907	0.951305	0.954431	0.954638	0.953809	0.9542	0.962356	0.961875	0.957842	0.958755
42920	-1557.72	-1625.161	67.44141	0.963625	0.962788	0.971017	0.974208	0.970123	0.967478	0.968399	0.968609	0.968125	0.968522
42930	-1557.831	-1625.272	67.44141	0.977851	0.973751	0.974679	0.98301	0.982518	0.981665	0.982068	0.985294	0.985508	0.982821
42940	-1557.637	-1625.079	67.44141	0.967382	0.964743	0.967913	0.968123	0.967282	0.967679	0.97595	0.975462	0.971373	0.972298
42950	-1557.873	-1625.315	67.44141	0.96	0.960915	0.960434	0.956408	0.9568	0.964978	0.965188	0.964349	0.96172	0.964879
42960	-1557.846	-1625.288	67.44141	0.978159	0.97767	0.978071	0.979003	0.979215	0.97511	0.97245	0.980762	0.983985	0.98313
42970	-1557.63	-1625.071	67.44141	0.96816	0.967319	0.970497	0.978792	0.976123	0.972031	0.972241	0.973168	0.973567	0.97308
42980	-1557.632	-1625.073	67.44141	0.970866	0.979164	0.975059	0.974212	0.97514	0.978344	0.977855	0.975188	0.975588	0.9758
42990	-1558.436	-1625.878	67.44141	0.952279	0.960419	0.959585	0.955562	0.958701	0.959615	0.956998	0.956519	0.956727	0.957119
43000	-1562.011	-1629.452	67.44141	0.92872	0.929605	0.92914	0.925245	0.925625	0.933536	0.933739	0.932928	0.930384	0.933441
43010	-1558.629	-1626.071	67.44141	0.950317	0.95844	0.954422	0.953593	0.954501	0.957637	0.957158	0.954548	0.95494	0.955147
43020	-1558.096	-1625.537	67.44141	0.956408	0.95593	0.95684	0.957233	0.95322	0.953427	0.961576	0.958954	0.958121	0.961269
43030	-1559.049	-1626.49	67.44141	0.946599	0.945776	0.948884	0.956994	0.954384	0.950383	0.950589	0.951495	0.951886	0.95141
43040	-1559.564	-1627.005	67.44141	0.942699	0.940128	0.943217	0.943421	0.942602	0.942989	0.951049	0.950573	0.946588	0.94749
43050	-1557.905	-1625.346	67.44141	0.979248	0.97946	0.976789	0.97719	0.980401	0.979911	0.97906	0.979992	0.988369	0.984225
43060	-1557.649	-1625.091	67.44141	0.966498	0.969673	0.968831	0.966189	0.974447	0.974659	0.970573	0.970971	0.971896	0.97141
43070	-1557.848	-1625.29	67.44141	0.978196	0.98141	0.978734	0.977884	0.978096	0.986456	0.986861	0.982724	0.982232	0.983168
43080	-1558.715	-1626.156	67.44141	0.988732	0.984587	0.993002	0.993948	0.993085	0.992589	0.99585	0.996258	0.993542	0.993757
43090	-1557.698	-1625.139	67.44141	0.964344	0.96474	0.964949	0.964466	0.961836	0.962752	0.965916	0.961866	0.961031	0.969245
43100	-1557.666	-1625.107	67.44141	0.973158	0.972313	0.975507	0.983845	0.981162	0.977049	0.977261	0.978192	0.978593	0.978104
43110	-1559.266	-1626.707	67.44141	0.944885	0.947989	0.945404	0.944583	0.944788	0.952863	0.953255	0.949258	0.948784	0.949687
43120	-1557.699	-1625.14	67.44141	0.974448	0.973601	0.981923	0.985149	0.981019	0.978344	0.979276	0.979488	0.978998	0.9794
43130	-1557.913	-1625.355	67.44141	0.979393	0.979795	0.980007	0.979517	0.976846	0.977777	0.980989	0.976876	0.976028	0.98437
43140	-1557.986	-1625.427	67.44141	0.958045	0.954029	0.962183	0.9631	0.962263	0.961782	0.964942	0.965338	0.962706	0.962915
43150	-1558.203	-1625.644	67.44141	0.983516	0.986748	0.984057	0.983202	0.983416	0.991821	0.992228	0.988068	0.987574	0.988515
43160	-1558.937	-1626.378	67.44141	0.947536	0.955635	0.951628	0.950802	0.951708	0.954835	0.954357	0.951755	0.952145	0.952352
43170	-1557.895	-1625.336	67.44141	0.979063	0.979275	0.979677	0.977005	0.976517	0.979725	0.980659	0.979807	0.975699	0.984039
43180	-1557.678	-1625.12	67.44141	0.96508	0.968251	0.96561	0.964772	0.964981	0.973229	0.973629	0.969547	0.969062	0.969985
43190	-1557.629	-1625.07	67.44141	0.968304	0.965663	0.968836	0.969046	0.968204	0.968602	0.976881	0.976392	0.972299	0.973225
43200	-1558.158	-1625.6	67.44141	0.955559	0.952953	0.956084	0.956292	0.955461	0.955853	0.964023	0.963541	0.959502	0.960416
43210	-1557.785	-1625.226	67.44141	0.97685	0.972755	0.981069	0.982004	0.981151	0.98066	0.983882	0.984286	0.981602	0.981815
43220	-1561.778	-1629.22	67.44141	0.929854	0.932909	0.930365	0.929557	0.929759	0.937706	0.938091	0.934158	0.933691	0.93458
43230	-1557.677	-1625.118	67.44141	0.965143	0.968314	0.965674	0.964835	0.965044	0.973293	0.973692	0.96961	0.969125	0.970049
43240	-1559.439	-1626.881	67.44141	0.994278	0.993415	1.00191	1.0052	1.00098	0.998254	0.999205	0.999421	0.998922	0.999332
43250	-1558.783	-1626.224	67.44141	0.989325	0.989731	0.989236	0.98945	0.990393	0.987692	0.983551	0.986783	0.995217	0.994353
43260	-1557.626	-1625.068	67.44141	0.969872	0.965806	0.966726	0.974989	0.974502	0.973655	0.974055	0.977255	0.977467	0.974802
43270	-1557.853	-1625.295	67.44141	0.960386	0.968595	0.967754	0.963696	0.966863	0.967784	0.965145	0.964662	0.964871	0.965267
43280	-1557.631	-1625.073	67.44141	0.968004	0.965364	0.965574	0.968746	0.969144	0.968302	0.967818	0.97609	0.97702	0.972924
43290	-1557.67	-1625.111	67.44141	0.973324	0.976522	0.973859	0.973013	0.973224	0.981543	0.981946	0.977829	0.97734	0.978271
43300	-1558.196	-1625.637	67.44141	0.983431	0.984368	0.983876	0.979751	0.980153	0.988531	0.988745	0.987887	0.985193	0.988429
43310	-1558.073	-1625.514	67.44141	0.981842	0.981351	0.982286	0.982689	0.97857	0.978782	0.987148	0.984456	0.983601	0.986833
43320	-1557.648	-1625.089	67.44141	0.96659	0.966799	0.964163	0.964558	0.967728	0.967244	0.966404	0.967324	0.975592	0.971502
43330	-1557.66	-1625.101	67.44141	0.965927	0.966848	0.962794	0.962313	0.970538	0.970936	0.970093	0.970303	0.973491	0.970837
43340	-1558.57	-1626.012	67.44141	0.950895	0.951101	0.951492	0.948897	0.948422	0.951539	0.952445	0.951618	0.947628	0.955728
43350	-1558.101	-1625.543	67.44141	0.956328	0.95947	0.956853	0.956022	0.956229	0.964403	0.964798	0.960754	0.960273	0.961188
43360	-1557.628	-1625.07	67.44141	0.968434	0.967592	0.975863	0.979069	0.974964	0.972306	0.973232	0.973443	0.972956	0.973356
43370	-1558.86	-1626.302	67.44141	0.98997	0.993223	0.99236	0.989654	0.998113	0.998329	0.994144	0.994552	0.995499	0.995001
43380	-1557.724	-1625.166	67.44141	0.963477	0.971712	0.967639	0.966798	0.967719	0.970899	0.970413	0.967767	0.968164	0.968374
43390	-1558.576	-1626.017	67.44141	0.950842	0.953966	0.953138	0.950538	0.958663	0.958871	0.954851	0.955243	0.956153	0.955675
43400	-1557.843	-1625.285	67.44141	0.978101	0.981315	0.978639	0.977789	0.978001	0.98636	0.986765	0.982628	0.982137	0.983072
43410	-1557.65	-1625.091	67.44141	0.966494	0.96967	0.968827	0.966185	0.974444	0.974655	0.970569	0.970967	0.971892	0.971406
43420	-1557.89	-1625.332	67.44141	0.959677	0.960591	0.960111	0.956086	0.956478	0.964653	0.964862	0.964025	0.961396	0.964554
43430	-1557.664	-1625.105	67.44141	0.973049	0.973448	0.972962	0.973173	0.9741	0.971443	0.967371	0.970549	0.978845	0.977994
43440	-1557.637	-1625.078	67.44141	0.967439	0.970618	0.969775	0.96713	0.975397	0.975608	0.971518	0.971917	0.972843	0.972356
43450	-1558.526	-1625.968	67.44141	0.987	0.987405	0.987619	0.987125	0.984433	0.985371	0.988608	0.984464	0.983609	0.992016
43460	-1561.412	-1628.853	67.44141	0.931706	0.939669	0.938853	0.934917	0.937989	0.938883	0.936322	0.935854	0.936057	0.936441
43470	-1558.463	-1625.905	67.44141	0.986377	0.98552	0.993944	0.99721	0.993029	0.990321	0.991264	0.991479	0.990983	0.99139
43480	-1558.328	-1625.769	67.44141	0.953479	0.95265	0.95578	0.96395	0.961321	0.957291	0.957498	0.958411	0.958804	0.958325
43490	-1557.644	-1625.086	67.44141	0.966843	0.97002	0.967375	0.966535	0.966744	0.975007	0.975408	0.971318	0.970833	0.971757
43500	-1557.993	-1625.435	67.44141	0.980686	0.981088	0.980598	0.98081	0.981745	0.979067	0.974963	0.978166	0.986527	0.98567
43510	-1557.634	-1625.075	67.44141	0.97108	0.971479	0.970993	0.971204	0.972129	0.969478	0.965414	0.968586	0.976864	0.976016
43520	-1558.003	-1625.445	67.44141	0.957767	0.957974	0.955362	0.955754	0.958894	0.958415	0.957582	0.958495	0.966687	0.962634
43530	-1560.297	-1627.738	67.44141	0.93792	0.933988	0.934877	0.942868	0.942397	0.941578	0.941965	0.94506	0.945265	0.942687
43540	-1557.685	-1625.127	67.44141	0.964807	0.965726	0.965243	0.961196	0.961591	0.96981	0.97002	0.969178	0.966535	0.96971
43550	-1557.828	-1625.269	67.44141	0.96091	0.956881	0.96506	0.965979	0.96514	0.964658	0.967827	0.968224	0.965584	0.965793
43560	-1557.74	-1625.182	67.44141	0.963019	0.958982	0.967179	0.9681	0.967259	0.966776	0.969952	0.97035	0.967704	0.967914
43570	-1558.844	-1626.285	67.44141	0.948339	0.947865	0.948254	0.949158	0.949364	0.945383	0.942805	0.950864	0.953988	0.953159
43580	-1557.638	-1625.079	67.44141	0.971459	0.970974	0.971372	0.972298	0.972508	0.968431	0.96579	0.974045	0.977245	0.976397
43590	-1557.63	-1625.072	67.44141	0.970655	0.969812	0.972998	0.981315	0.978638	0.974536	0.974747	0.975676	0.976076	0.975588
43600	-1557.684	-1625.126	67.44141	0.973937	0.974148	0.974548	0.97189	0.971404	0.974596	0.975524	0.974677	0.970591	0.978887
43610	-1558.171	-1625.613	67.44141	0.955388	0.963554	0.962717	0.958681	0.961831	0.962747	0.960121	0.959641	0.959849	0.960243
43620	-1557.627	-1625.068	67.44141	0.970026	0.973213	0.972368	0.969716	0.978004	0.978217	0.974115	0.974515	0.975444	0.974956
43630	-1557.629	-1625.07	67.44141	0.96831	0.967469	0.970647	0.978944	0.976274	0.972181	0.972392	0.973319	0.973718	0.973231
43640	-1557.784	-1625.226	67.44141	0.97683	0.97776	0.977272	0.973174	0.973574	0.981895	0.982108	0.981255	0.978579	0.981795
43650	-1558.21	-1625.652	67.44141	0.95489	0.952286	0.952493	0.955622	0.956014	0.955184	0.954707	0.962867	0.963784	0.959743
43660	-1557.857	-1625.299	67.44141	0.960311	0.95983	0.960745	0.961139	0.95711	0.957317	0.9655	0.962867	0.96203	0.965191
43670	-1558.025	-1625.467	67.44141	0.981163	0.981376	0.981778	0.979101	0.978611	0.981827	0.982762	0.981908	0.977792	0.986149
43680	-1557.626	-1625.067	67.44141	0.96946	0.96967	0.967026	0.967423	0.970601	0.970116	0.969273	0.970197	0.978489	0.974387
43690	-1557.954	-1625.395	67.44141	0.958562	0.955948	0.956155	0.959297	0.95969	0.958857	0.958377	0.966569	0.96749	0.963434
43700	-1558.195	-1625.637	67.44141	0.983424	0.982933	0.983336	0.984273	0.984486	0.980359	0.977686	0.986042	0.989282	0.988423
43710	-1558.143	-1625.584	67.44141	0.955766	0.95316	0.956292	0.956499	0.955668	0.956061	0.964232	0.96375	0.95971	0.960624
43720	-1557.907	-1625.348	67.44141	0.979284	0.979496	0.979898	0.977226	0.976737	0.979946	0.98088	0.980028	0.975919	0.984261
43730	-1557.643	-1625.084	67.44141	0.971835	0.972234	0.972445	0.971959	0.969308	0.970232	0.973419	0.969338	0.968497	0.976775
43740	-1557.759	-1625.2	67.44141	0.97622	0.97715	0.976662	0.972567	0.972966	0.981283	0.981495	0.980643	0.977969	0.981182
43750	-1558.644	-1626.086	67.44141	0.950171	0.958292	0.954275	0.953446	0.954354	0.95749	0.957011	0.954401	0.954793	0.955
43760	-1558.885	-1626.326	67.44141	0.990173	0.998636	0.994449	0.993586	0.994532	0.9978	0.997301	0.994581	0.994989	0.995205
43770	-1557.63	-1625.072	67.44141	0.970658	0.968011	0.971191	0.971402	0.970558	0.970956	0.979256	0.978766	0.974663	0.975591
43780	-1557.69	-1625.132	67.44141	0.964611	0.961981	0.96219	0.965351	0.965747	0.964908	0.964426	0.972669	0.973596	0.969514
43790	-1558.736	-1626.178	67.44141	0.988923	0.989138	0.989544	0.986845	0.986352	0.989592	0.990535	0.989675	0.985526	0.993949
43800	-1557.628	-1625.07	67.44141	0.968417	0.965776	0.968949	0.969159	0.968317	0.968715	0.976995	0.976506	0.972412	0.973338
43810	-1558.412	-1625.853	67.44141	0.985854	0.99428	0.990112	0.989252	0.990194	0.993447	0.992951	0.990243	0.990649	0.990864
43820	-1557.965	-1625.406	67.44141	0.958385	0.966577	0.962525	0.961689	0.962605	0.965767	0.965285	0.962652	0.963047	0.963256
43830	-1557.628	-1625.069	67.44141	0.96853	0.969452	0.965388	0.964905	0.973153	0.973552	0.972707	0.972918	0.976114	0.973452
43840	-1557.995	-1625.436	67.44141	0.980711	0.9766	0.97753	0.985886	0.985393	0.984537	0.984941	0.988177	0.988391	0.985696
43850	-1558.072	-1625.514	67.44141	0.956736	0.956258	0.957169	0.957561	0.953547	0.953754	0.961906	0.959283	0.95845	0.961599
43860	-1557.81	-1625.252	67.44141	0.977412	0.980624	0.979772	0.9771	0.985452	0.985666	0.981533	0.981936	0.982872	0.98238
43870	-1557.727	-1625.169	67.44141	0.963392	0.962911	0.963306	0.964224	0.964433	0.960389	0.95777	0.965957	0.96913	0.968289
43880	-1557.741	-1625.182	67.44141	0.963003	0.962522	0.962917	0.963834	0.964043	0.960002	0.957384	0.965567	0.968739	0.967898
43890	-1557.723	-1625.164	67.44141	0.975221	0.97615	0.972057	0.971571	0.979876	0.980278	0.979426	0.979639	0.982857	0.980177
43900	-1558.26	-1625.701	67.44141	0.954282	0.953453	0.961603	0.964762	0.960718	0.958098	0.95901	0.959218	0.958739	0.959132
43910	-1557.656	-1625.097	67.44141	0.972639	0.972153	0.972552	0.973478	0.973689	0.969607	0.966963	0.975228	0.978432	0.977582
43920	-1557.807	-1625.248	67.44141	0.977341	0.977553	0.977954	0.975287	0.9748	0.978002	0.978934	0.978084	0.973983	0.982308
43930	-1557.648	-1625.089	67.44141	0.966604	0.96978	0.968937	0.966295	0.974554	0.974766	0.970679	0.971078	0.972003	0.971517
43940	-1557.674	-1625.115	67.44141	0.973515	0.97086	0.971071	0.974261	0.974661	0.973815	0.973328	0.981647	0.982582	0.978463
43950	-1557.626	-1625.068	67.44141	0.969872	0.969387	0.969785	0.970709	0.970919	0.966849	0.964212	0.972454	0.975649	0.974801
43960	-1557.903	-1625.344	67.44141	0.959446	0.958967	0.95988	0.960274	0.956248	0.956456	0.964631	0.962	0.961165	0.964323
43970	-1557.863	-1625.305	67.44141	0.960193	0.961107	0.960627	0.956599	0.956992	0.965172	0.965381	0.964543	0.961912	0.965073
43980	-1558.829	-1626.27	67.44141	0.94847	0.94886	0.949065	0.948591	0.946004	0.946905	0.950016	0.946034	0.945212	0.953291
43990	-1557.649	-1625.09	67.44141	0.966551	0.96676	0.967157	0.96452	0.964037	0.967205	0.968126	0.967285	0.96323	0.971463
44000	-1557.629	-1625.071	67.44141	0.970544	0.970059	0.970457	0.971382	0.971592	0.967519	0.964881	0.973128	0.976325	0.975477
44010	-1557.709	-1625.15	67.44141	0.963975	0.961346	0.964505	0.964714	0.963876	0.964272	0.972514	0.972027	0.967952	0.968874
44020	-1557.785	-1625.226	67.44141	0.976846	0.976358	0.977288	0.977689	0.97359	0.973801	0.982125	0.979446	0.978596	0.981811
44030	-1557.63	-1625.071	67.44141	0.970641	0.970156	0.970554	0.971479	0.97169	0.967616	0.964977	0.973225	0.976423	0.975575
44040	-1557.955	-1625.397	67.44141	0.958538	0.958932	0.95914	0.95866	0.956046	0.956957	0.960101	0.956076	0.955245	0.96341
44050	-1557.626	-1625.067	67.44141	0.969152	0.969362	0.96976	0.967116	0.966632	0.969808	0.970732	0.969889	0.965823	0.974078
44060	-1557.947	-1625.388	67.44141	0.979955	0.983174	0.98232	0.979642	0.988015	0.988229	0.984086	0.98449	0.985428	0.984935
44070	-1557.779	-1625.22	67.44141	0.976707	0.985055	0.9842	0.980074	0.983294	0.98423	0.981546	0.981056	0.981268	0.981671
44080	-1557.75	-1625.191	67.44141	0.975981	0.975133	0.978337	0.986699	0.984008	0.979883	0.980095	0.981029	0.981432	0.980941
44090	-1557.808	-1625.25	67.44141	0.977377	0.977778	0.97799	0.977502	0.974836	0.975764	0.97897	0.974866	0.97402	0.982345
44100	-1559.485	-1626.927	67.44141	0.943259	0.942439	0.950495	0.953618	0.94962	0.94703	0.947932	0.948138	0.947664	0.948053
44110	-1559.823	-1627.264	67.44141	0.996752	0.994034	0.994249	0.997516	0.997925	0.997059	0.99656	1.00508	1.00604	1.00182
44120	-1557.731	-1625.172	67.44141	0.975466	0.974978	0.975907	0.976308	0.972214	0.972425	0.980737	0.978062	0.977213	0.980424
44130	-1557.869	-1625.311	67.44141	0.96007	0.960984	0.956956	0.956477	0.964652	0.965048	0.96421	0.964419	0.967588	0.964949
44140	-1557.744	-1625.186	67.44141	0.962906	0.963115	0.96351	0.960883	0.960402	0.963558	0.964476	0.963638	0.959598	0.9678
44150	-1558.368	-1625.81	67.44141	0.985397	0.984541	0.987776	0.996219	0.993502	0.989337	0.989552	0.990494	0.990901	0.990405
44160	-1557.632	-1625.073	67.44141	0.970847	0.9682	0.971381	0.971592	0.970748	0.971146	0.979447	0.978957	0.974853	0.975782
44170	-1557.764	-1625.205	67.44141	0.96239	0.962785	0.962303	0.962512	0.963429	0.960802	0.956773	0.959917	0.968122	0.967281
44180	-1557.662	-1625.103	67.44141	0.972966	0.968887	0.977168	0.978099	0.97725	0.976761	0.97997	0.980373	0.977699	0.977911
44190	-1558.155	-1625.597	67.44141	0.982928	0.983331	0.983544	0.983053	0.980372	0.981306	0.98453	0.980402	0.979551	0.987923
44200	-1557.653	-1625.095	67.44141	0.972512	0.975707	0.973046	0.972201	0.972412	0.980723	0.981126	0.977013	0.976524	0.977454
44210	-1557.856	-1625.297	67.44141	0.978348	0.97928	0.975175	0.974687	0.983018	0.983421	0.982567	0.982781	0.986009	0.983321
44220	-1557.942	-1625.383	67.44141	0.958763	0.95793	0.966118	0.969292	0.965229	0.962596	0.963513	0.963722	0.96324	0.963636
44230	-1557.641	-1625.082	67.44141	0.967066	0.975332	0.971243	0.9704	0.971324	0.974515	0.974028	0.971372	0.971771	0.971981
44240	-1557.72	-1625.161	67.44141	0.975132	0.972472	0.975668	0.975879	0.975032	0.975432	0.983769	0.983277	0.979155	0.980088
44250	-1557.626	-1625.067	67.44141	0.969217	0.969428	0.969826	0.967181	0.966697	0.969873	0.970797	0.969954	0.965888	0.974143
44260	-1557.934	-1625.376	67.44141	0.95889	0.95487	0.95578	0.963949	0.963467	0.962631	0.963026	0.96619	0.966399	0.963764
44270	-1557.669	-1625.11	67.44141	0.96548	0.973732	0.972887	0.968808	0.971991	0.972917	0.970264	0.969779	0.969989	0.970387
44280	-1557.893	-1625.334	67.44141	0.959628	0.959836	0.957219	0.957611	0.960758	0.960277	0.959443	0.960357	0.968566	0.964505
44290	-1557.845	-1625.286	67.44141	0.960563	0.960082	0.960997	0.961391	0.957361	0.957568	0.965753	0.963119	0.962283	0.965445
44300	-1557.905	-1625.346	67.44141	0.959413	0.958934	0.959327	0.960241	0.960449	0.956423	0.953814	0.961967	0.965128	0.964289
44310	-1557.654	-1625.095	67.44141	0.972546	0.97206	0.972986	0.973385	0.969304	0.969514	0.977801	0.975135	0.974288	0.977489
44320	-1557.646	-1625.087	67.44141	0.972053	0.975246	0.974399	0.971742	0.980048	0.980261	0.976151	0.976552	0.977482	0.976993
44330	-1557.858	-1625.3	67.44141	0.97839	0.97754	0.980752	0.989135	0.986438	0.982302	0.982515	0.983451	0.983855	0.983363
44340	-1559.187	-1626.629	67.44141	0.945491	0.945879	0.946084	0.945611	0.943033	0.943931	0.947032	0.943062	0.942243	0.950297
44350	-1557.809	-1625.251	67.44141	0.961315	0.960834	0.961228	0.962144	0.962353	0.958318	0.955705	0.963873	0.96704	0.9662
44360	-1558.141	-1625.583	67.44141	0.982748	0.982257	0.983192	0.983596	0.979472	0.979685	0.988058	0.985364	0.984508	0.987743
44370	-1557.714	-1625.156	67.44141	0.974968	0.975897	0.975409	0.971319	0.971718	0.980024	0.980236	0.979385	0.976714	0.979923
44380	-1558.463	-1625.905	67.44141	0.986379	0.989619	0.98876	0.986063	0.994492	0.994707	0.990537	0.990944	0.991888	0.991392
44390	-1561.262	-1628.704	67.44141	0.932483	0.931674	0.939637	0.942724	0.938772	0.936212	0.937104	0.937307	0.936838	0.937223
44400	-1558.062	-1625.504	67.44141	0.956882	0.954273	0.957408	0.957616	0.956784	0.957177	0.965358	0.964876	0.96083	0.961746
44410	-1557.631	-1625.072	67.44141	0.968078	0.964019	0.964938	0.973185	0.972699	0.971854	0.972253	0.975447	0.975659	0.972998
44420	-1557.791	-1625.232	67.44141	0.976979	0.985329	0.984474	0.980346	0.983567	0.984504	0.98182	0.981329	0.981542	0.981944
44430	-1557.688	-1625.13	67.44141	0.964681	0.96205	0.962259	0.96542	0.965817	0.964978	0.964495	0.972739	0.973666	0.969584
44440	-1558.368	-1625.809	67.44141	0.985391	0.985605	0.98601	0.983321	0.982829	0.986058	0.986997	0.98614	0.982006	0.990399
44450	-1558.035	-1625.476	67.44141	0.981306	0.980816	0.981218	0.982153	0.982366	0.978248	0.97558	0.983919	0.987151	0.986294
44460	-1557.7	-1625.141	67.44141	0.96427	0.963787	0.964706	0.965102	0.961055	0.961264	0.96948	0.966836	0.965997	0.96917
44470	-1557.626	-1625.067	67.44141	0.969487	0.969697	0.970095	0.96745	0.966966	0.970143	0.971067	0.970224	0.966156	0.974414
44480	-1557.752	-1625.193	67.44141	0.962707	0.963624	0.959584	0.959105	0.967302	0.967699	0.966859	0.967069	0.970246	0.9676
44490	-1558.271	-1625.712	67.44141	0.984316	0.985253	0.981123	0.980632	0.989014	0.98942	0.988561	0.988775	0.992024	0.989319
44500	-1557.674	-1625.115	67.44141	0.96528	0.964442	0.967611	0.975881	0.97322	0.96914	0.96935	0.970274	0.970672	0.970187
44510	-1557.641	-1625.083	67.44141	0.967055	0.970233	0.96939	0.966746	0.975009	0.975221	0.971132	0.971531	0.972456	0.97197
44520	-1558.521	-1625.962	67.44141	0.951396	0.947407	0.94831	0.956415	0.955937	0.955107	0.955499	0.958638	0.958846	0.956231
44530	-1557.639	-1625.081	67.44141	0.967209	0.970387	0.967741	0.9669	0.96711	0.975376	0.975777	0.971686	0.9712	0.972125
44540	-1557.633	-1625.074	67.44141	0.971001	0.974191	0.971534	0.970691	0.970901	0.9792	0.979602	0.975495	0.975007	0.975936
44550	-1557.783	-1625.224	67.44141	0.961919	0.97014	0.966073	0.965234	0.966154	0.969328	0.968843	0.966201	0.966598	0.966807
44560	-1559.331	-1626.772	67.44141	0.944396	0.944783	0.944311	0.944516	0.945416	0.942837	0.938885	0.941969	0.950021	0.949196
44570	-1557.95	-1625.391	67.44141	0.958634	0.966827	0.965988	0.961938	0.965098	0.966018	0.963383	0.962902	0.963111	0.963506
44580	-1558.239	-1625.68	67.44141	0.983946	0.979821	0.980755	0.989137	0.988643	0.987784	0.98819	0.991436	0.991651	0.988947
44590	-1557.748	-1625.189	67.44141	0.975934	0.976145	0.976546	0.973883	0.973396	0.976594	0.977525	0.976676	0.972581	0.980894
44600	-1557.949	-1625.391	67.44141	0.958635	0.954616	0.962776	0.963693	0.962856	0.962374	0.965536	0.965933	0.963298	0.963507
44610	-1557.672	-1625.114	67.44141	0.965333	0.964495	0.972739	0.975935	0.971843	0.969193	0.970116	0.970327	0.969842	0.97024
44620	-1558.003	-1625.445	67.44141	0.980837	0.98406	0.983205	0.980524	0.988905	0.989119	0.984972	0.985377	0.986315	0.985822
44630	-1558.114	-1625.555	67.44141	0.956157	0.955679	0.956071	0.956982	0.957189	0.953176	0.950577	0.958702	0.961852	0.961016
44640	-1557.727	-1625.169	67.44141	0.963391	0.971626	0.967552	0.966712	0.967633	0.970812	0.970327	0.967681	0.968078	0.968288
44650	-1558.02	-1625.461	67.44141	0.95751	0.953496	0.961645	0.962561	0.961725	0.961245	0.964403	0.964799	0.962168	0.962376
44660	-1557.848	-1625.29	67.44141	0.960489	0.957869	0.961016	0.961225	0.96039	0.960784	0.968996	0.968512	0.964451	0.96537
44670	-1558.148	-1625.59	67.44141	0.982837	0.98305	0.983453	0.980771	0.980281	0.983502	0.984439	0.983584	0.97946	0.987832
44680	-1557.95	-1625.392	67.44141	0.958619	0.959012	0.95922	0.958741	0.956126	0.957037	0.960181	0.956156	0.955325	0.963491
44690	-1558.727	-1626.169	67.44141	0.988844	0.984699	0.993115	0.994061	0.993198	0.992702	0.995963	0.996372	0.993655	0.99387
44700	-1557.978	-1625.42	67.44141	0.958163	0.95555	0.95869	0.958897	0.958065	0.958458	0.96665	0.966167	0.962116	0.963033
44710	-1558.438	-1625.88	67.44141	0.986123	0.985267	0.988504	0.996953	0.994234	0.990066	0.990281	0.991224	0.991631	0.991135
44720	-1558.415	-1625.856	67.44141	0.985883	0.994309	0.990141	0.989281	0.990223	0.993477	0.99298	0.990272	0.990679	0.990894
44730	-1557.974	-1625.415	67.44141	0.958237	0.966428	0.962376	0.96154	0.962456	0.965618	0.965135	0.962503	0.962899	0.963107
44740	-1557.762	-1625.203	67.44141	0.962447	0.962842	0.963051	0.96257	0.959945	0.960859	0.964016	0.959975	0.959141	0.967339
44750	-1558.123	-1625.564	67.44141	0.98251	0.982018	0.982954	0.983357	0.979235	0.979447	0.987819	0.985125	0.984269	0.987503
44760	-1557.629	-1625.071	67.44141	0.968263	0.964203	0.965122	0.973371	0.972884	0.972039	0.972438	0.975633	0.975845	0.973184
44770	-1557.669	-1625.11	67.44141	0.965495	0.965013	0.965932	0.966328	0.962277	0.962486	0.970713	0.968065	0.967225	0.970403
44780	-1558.321	-1625.762	67.44141	0.953563	0.950962	0.954087	0.954294	0.953465	0.953856	0.962009	0.961528	0.957497	0.958409
44790	-1558.799	-1626.24	67.44141	0.948736	0.948262	0.948651	0.949555	0.949761	0.945779	0.9432	0.951261	0.954387	0.953558
44800	-1557.648	-1625.089	67.44141	0.966608	0.967529	0.963473	0.962991	0.971222	0.971621	0.970777	0.970987	0.974178	0.971521
44810	-1557.644	-1625.086	67.44141	0.971962	0.967887	0.968809	0.977089	0.976601	0.975753	0.976153	0.97936	0.979573	0.976902
44820	-1557.777	-1625.218	67.44141	0.962072	0.961591	0.961985	0.962902	0.963111	0.959073	0.956458	0.964633	0.967802	0.966962
44830	-1557.633	-1625.075	67.44141	0.971021	0.96695	0.967872	0.976144	0.975656	0.974809	0.975209	0.978413	0.978625	0.975957
44840	-1558.218	-1625.659	67.44141	0.954798	0.954321	0.954713	0.955622	0.955829	0.951822	0.949226	0.95734	0.960485	0.959651
44850	-1557.632	-1625.074	67.44141	0.970954	0.971353	0.970867	0.971078	0.972003	0.969352	0.965288	0.96846	0.976738	0.975889
44860	-1558.391	-1625.832	67.44141	0.95277	0.952294	0.953201	0.953593	0.949595	0.949801	0.957919	0.955307	0.954477	0.957613
44870	-1557.639	-1625.08	67.44141	0.971539	0.96889	0.972073	0.972284	0.97144	0.971838	0.980145	0.979655	0.975548	0.976477
44880	-1557.899	-1625.34	67.44141	0.979138	0.987507	0.983367	0.982513	0.983449	0.98668	0.986187	0.983497	0.983901	0.984114
44890	-1557.761	-1625.202	67.44141	0.976257	0.984602	0.983747	0.979623	0.982841	0.983777	0.981095	0.980604	0.980817	0.981219
44900	-1560.303	-1627.745	67.44141	0.99956	1.00284	1.00011	0.999241	0.999458	1.008	1.00841	1.00419	1.00368	1.00464
44910	-1557.845	-1625.286	67.44141	0.978129	0.974028	0.982354	0.98329	0.982436	0.981944	0.985171	0.985575	0.982887	0.9831
44920	-1557.633	-1625.074	67.44141	0.971014	0.970528	0.970927	0.971852	0.972062	0.967987	0.965347	0.973598	0.976797	0.975949
44930	-1557.626	-1625.068	67.44141	0.968912	0.96627	0.966479	0.969655	0.970053	0.96921	0.968726	0.977006	0.977936	0.973837
44940	-1558.454	-1625.896	67.44141	0.952085	0.951258	0.959388	0.96254	0.958505	0.955891	0.956802	0.957009	0.956531	0.956923
44950	-1557.775	-1625.216	67.44141	0.962114	0.961633	0.962027	0.962944	0.963153	0.959115	0.956499	0.964675	0.967844	0.967004
44960	-1557.65	-1625.091	67.44141	0.966475	0.967395	0.96334	0.962858	0.971088	0.971486	0.970643	0.970853	0.974043	0.971387
44970	-1557.634	-1625.075	67.44141	0.967676	0.967886	0.965246	0.965643	0.968815	0.968331	0.96749	0.968412	0.976689	0.972594
44980	-1558.272	-1625.713	67.44141	0.984332	0.984736	0.984244	0.984457	0.985395	0.982708	0.978588	0.981803	0.990195	0.989335
44990	-1557.778	-1625.22	67.44141	0.976695	0.976907	0.977308	0.974643	0.974155	0.977356	0.978287	0.977437	0.97334	0.981659
45000	-1557.628	-1625.07	67.44141	0.968417	0.968627	0.965986	0.966382	0.969557	0.969073	0.968231	0.969153	0.977437	0.973339
45010	-1557.811	-1625.253	67.44141	0.961268	0.962183	0.961702	0.95767	0.958064	0.966252	0.966462	0.965623	0.962989	0.966153
45020	-1557.7	-1625.142	67.44141	0.974511	0.982841	0.97872	0.97787	0.978802	0.982018	0.981527	0.97885	0.979252	0.979464
45030	-1557.872	-1625.313	67.44141	0.978652	0.978163	0.978564	0.979496	0.979709	0.975601	0.972941	0.981257	0.984481	0.983626
45040	-1557.87	-1625.311	67.44141	0.960062	0.956037	0.956948	0.965127	0.964644	0.963807	0.964202	0.96737	0.96758	0.964941
45050	-1557.628	-1625.069	67.44141	0.970255	0.978548	0.974446	0.9736	0.974527	0.977729	0.97724	0.974575	0.974975	0.975186
45060	-1557.628	-1625.07	67.44141	0.970394	0.967747	0.967957	0.971138	0.971536	0.970693	0.970207	0.9785	0.979432	0.975326
45070	-1558.208	-1625.649	67.44141	0.983577	0.984514	0.980386	0.979896	0.988272	0.988677	0.987818	0.988033	0.991279	0.988576
45080	-1557.655	-1625.096	67.44141	0.966204	0.965721	0.966118	0.967038	0.967248	0.963193	0.960566	0.968776	0.971959	0.971115
45090	-1558.102	-1625.544	67.44141	0.982241	0.981388	0.984613	0.993029	0.990321	0.986169	0.986383	0.987322	0.987728	0.987234
45100	-1557.635	-1625.077	67.44141	0.967564	0.968486	0.968001	0.963943	0.964339	0.972581	0.972792	0.971948	0.969297	0.972482
45110	-1557.681	-1625.123	67.44141	0.964967	0.965886	0.965403	0.961356	0.96175	0.96997	0.970181	0.969338	0.966695	0.969871
45120	-1557.86	-1625.301	67.44141	0.960255	0.960649	0.960857	0.960377	0.957758	0.95867	0.96182	0.957788	0.956956	0.965135
45130	-1558.285	-1625.726	67.44141	0.953985	0.949985	0.95089	0.959018	0.958538	0.957706	0.958099	0.961247	0.961455	0.958834
45140	-1557.956	-1625.397	67.44141	0.958526	0.966718	0.965879	0.961829	0.96499	0.965909	0.963275	0.962793	0.963002	0.963397
45150	-1557.849	-1625.29	67.44141	0.978202	0.979134	0.975029	0.974542	0.982872	0.983275	0.982421	0.982634	0.985863	0.983174
45160	-1557.676	-1625.117	67.44141	0.973593	0.981915	0.981062	0.976949	0.980159	0.981092	0.978417	0.977928	0.97814	0.978541
45170	-1558.201	-1625.642	67.44141	0.95501	0.952406	0.952613	0.955742	0.956135	0.955304	0.954827	0.962988	0.963905	0.959864
45180	-1557.626	-1625.067	67.44141	0.969803	0.970727	0.966658	0.966174	0.974432	0.974832	0.973986	0.974197	0.977398	0.974732
45190	-1558.48	-1625.921	67.44141	0.986541	0.989782	0.988923	0.986226	0.994656	0.994871	0.9907	0.991107	0.992051	0.991555
45200	-1557.735	-1625.176	67.44141	0.975565	0.972905	0.976101	0.976313	0.975465	0.975866	0.984207	0.983715	0.979591	0.980524
45210	-1559.703	-1627.145	67.44141	0.996006	0.996415	0.995917	0.996133	0.997082	0.994363	0.990194	0.993447	1.00194	1.00107
45220	-1557.628	-1625.07	67.44141	0.970389	0.969904	0.970302	0.971226	0.971437	0.967364	0.964726	0.972972	0.976169	0.975321
45230	-1559.529	-1626.97	67.44141	0.94295	0.940378	0.943468	0.943673	0.942853	0.94324	0.951302	0.950827	0.94684	0.947742
45240	-1557.627	-1625.068	67.44141	0.968698	0.966056	0.966265	0.96944	0.969838	0.968996	0.968511	0.976789	0.97772	0.973621
45250	-1558.651	-1626.093	67.44141	0.950105	0.95101	0.950535	0.94655	0.946938	0.955032	0.955239	0.95441	0.951807	0.954934
45260	-1557.707	-1625.148	67.44141	0.964026	0.963189	0.971422	0.974613	0.970527	0.967881	0.968803	0.969013	0.968528	0.968926
45270	-1558.184	-1625.625	67.44141	0.983284	0.979161	0.98753	0.988471	0.987613	0.987119	0.990362	0.990769	0.988067	0.988281
45280	-1559.905	-1627.346	67.44141	0.940384	0.94128	0.94081	0.936865	0.93725	0.945261	0.945466	0.944645	0.942069	0.945164
45290	-1557.734	-1625.175	67.44141	0.975537	0.978742	0.977892	0.975225	0.98356	0.983774	0.979649	0.980052	0.980985	0.980495
45300	-1557.725	-1625.166	67.44141	0.963463	0.962626	0.965789	0.974044	0.971387	0.967315	0.967525	0.968446	0.968844	0.968359
45310	-1557.818	-1625.26	67.44141	0.961114	0.957085	0.965265	0.966185	0.965346	0.964863	0.968033	0.96843	0.965789	0.965999
45320	-1557.685	-1625.126	67.44141	0.973959	0.982284	0.978166	0.977316	0.978247	0.981462	0.980971	0.978296	0.978697	0.978909
45330	-1557.824	-1625.265	67.44141	0.960993	0.961387	0.961596	0.961115	0.958494	0.959407	0.962559	0.958524	0.957691	0.965877
45340	-1557.644	-1625.086	67.44141	0.971954	0.97288	0.968801	0.968317	0.976593	0.976994	0.976146	0.976357	0.979565	0.976894
45350	-1557.672	-1625.114	67.44141	0.96533	0.96625	0.962199	0.961718	0.969938	0.970336	0.969493	0.969703	0.972889	0.970236
45360	-1557.866	-1625.307	67.44141	0.960136	0.96053	0.96005	0.960258	0.961173	0.958552	0.954533	0.957669	0.965855	0.965016
45370	-1558.638	-1626.079	67.44141	0.988043	0.996488	0.995623	0.991449	0.994706	0.995654	0.992939	0.992442	0.992657	0.993065
45380	-1559.187	-1626.628	67.44141	0.945498	0.944677	0.952751	0.955881	0.951874	0.949278	0.950182	0.950388	0.949913	0.950303
45390	-1558.687	-1626.128	67.44141	0.949767	0.949292	0.950197	0.950586	0.946601	0.946807	0.954899	0.952295	0.951468	0.954594
45400	-1557.915	-1625.357	67.44141	0.959228	0.958748	0.959142	0.960055	0.960264	0.956238	0.95363	0.961781	0.964941	0.964103
45410	-1557.629	-1625.071	67.44141	0.96828	0.976556	0.975708	0.971618	0.97481	0.975739	0.973078	0.972591	0.972802	0.973201
45420	-1558.483	-1625.924	67.44141	0.986572	0.986786	0.984095	0.984499	0.987734	0.98724	0.986383	0.987322	0.995761	0.991587
45430	-1558.04	-1625.481	67.44141	0.981371	0.978695	0.981911	0.982124	0.981271	0.981673	0.990064	0.989569	0.98542	0.986359
45440	-1557.907	-1625.348	67.44141	0.979279	0.987649	0.983508	0.982654	0.98359	0.986822	0.986329	0.983639	0.984043	0.984256
45450	-1558.321	-1625.763	67.44141	0.953558	0.961708	0.957676	0.956844	0.957756	0.960903	0.960422	0.957803	0.958196	0.958404
45460	-1557.667	-1625.109	67.44141	0.973222	0.969142	0.977425	0.978356	0.977507	0.977018	0.980228	0.98063	0.977956	0.978168
45470	-1557.628	-1625.07	67.44141	0.970347	0.967701	0.97088	0.971091	0.970248	0.970646	0.978942	0.978453	0.974351	0.975279
45480	-1557.704	-1625.146	67.44141	0.974647	0.977849	0.975182	0.974335	0.974547	0.982877	0.98328	0.979158	0.978668	0.9796
45490	-1559.384	-1626.826	67.44141	0.993902	0.991192	0.991407	0.994664	0.995072	0.994208	0.993711	1.0022	1.00316	0.998954
45500	-1557.767	-1625.208	67.44141	0.962311	0.970536	0.969693	0.965628	0.9688	0.969723	0.967079	0.966595	0.966805	0.967202
45510	-1557.768	-1625.209	67.44141	0.962288	0.962683	0.962202	0.962411	0.963328	0.960701	0.956673	0.959816	0.96802	0.967179
45520	-1557.644	-1625.086	67.44141	0.96682	0.975084	0.970996	0.970153	0.971077	0.974267	0.97378	0.971125	0.971523	0.971734
45530	-1557.626	-1625.068	67.44141	0.969832	0.978121	0.97402	0.973174	0.974101	0.977302	0.976813	0.974149	0.974549	0.974761
45540	-1557.811	-1625.252	67.44141	0.961283	0.962198	0.961717	0.957685	0.958079	0.966268	0.966477	0.965638	0.963004	0.966168
45550	-1559.276	-1626.718	67.44141	0.944805	0.943984	0.952053	0.955181	0.951176	0.948582	0.949486	0.949692	0.949217	0.949607
45560	-1558.233	-1625.674	67.44141	0.954609	0.957745	0.956914	0.954304	0.962461	0.96267	0.958634	0.959027	0.959941	0.959461
45570	-1558.099	-1625.54	67.44141	0.982196	0.978078	0.986438	0.987378	0.98652	0.986027	0.989266	0.989672	0.986974	0.987188
45580	-1558.395	-1625.837	67.44141	0.985683	0.98155	0.98994	0.990883	0.990022	0.989527	0.992779	0.993186	0.990478	0.990692
45590	-1557.76	-1625.201	67.44141	0.962491	0.962009	0.962404	0.963321	0.96353	0.959491	0.956874	0.965053	0.968223	0.967383
45600	-1557.74	-1625.182	67.44141	0.975729	0.971639	0.979943	0.980877	0.980025	0.979535	0.982753	0.983157	0.980476	0.980688
45610	-1557.926	-1625.367	67.44141	0.979609	0.976937	0.980147	0.98036	0.979508	0.97991	0.988286	0.987792	0.983651	0.984588
45620	-1557.738	-1625.179	67.44141	0.963092	0.96401	0.959968	0.959488	0.96769	0.968087	0.967246	0.967456	0.970634	0.967987
45630	-1557.656	-1625.098	67.44141	0.966108	0.974365	0.97028	0.969438	0.970361	0.973549	0.973063	0.970409	0.970807	0.971018
45640	-1557.718	-1625.159	67.44141	0.963682	0.9632	0.963595	0.964513	0.964722	0.960678	0.958058	0.966247	0.969422	0.96858
45650	-1557.681	-1625.122	67.44141	0.964989	0.960944	0.961859	0.970081	0.969596	0.968754	0.969151	0.972335	0.972546	0.969894
45660	-1558.159	-1625.6	67.44141	0.982973	0.983186	0.983589	0.980907	0.980417	0.983638	0.984575	0.98372	0.979596	0.987969
45670	-1558.671	-1626.112	67.44141	0.949915	0.950305	0.950511	0.950036	0.947445	0.948348	0.951464	0.947475	0.946652	0.954743
45680	-1557.941	-1625.383	67.44141	0.958772	0.958293	0.958686	0.959599	0.959807	0.955783	0.953177	0.961324	0.964482	0.963645
45690	-1558.063	-1625.504	67.44141	0.956871	0.957079	0.954469	0.954861	0.957998	0.957519	0.956687	0.957599	0.965784	0.961735
45700	-1557.641	-1625.083	67.44141	0.967047	0.962993	0.96391	0.972149	0.971663	0.970819	0.971217	0.974408	0.97462	0.971962
45710	-1558.083	-1625.524	67.44141	0.956585	0.952575	0.953482	0.961632	0.961151	0.960316	0.96071	0.963867	0.964076	0.961447
45720	-1557.977	-1625.418	67.44141	0.958188	0.958582	0.958789	0.95831	0.955697	0.956607	0.95975	0.955727	0.954896	0.963058
45730	-1558.365	-1625.806	67.44141	0.985358	0.99378	0.992917	0.988755	0.992003	0.992948	0.99024	0.989745	0.98996	0.990366
45740	-1557.662	-1625.103	67.44141	0.965825	0.963191	0.9634	0.966566	0.966962	0.966122	0.965639	0.973893	0.974821	0.970734
45750	-1558.412	-1625.854	67.44141	0.952536	0.960678	0.959843	0.955819	0.95896	0.959873	0.957255	0.956777	0.956984	0.957377
45760	-1557.728	-1625.169	67.44141	0.975369	0.976298	0.97581	0.971719	0.972118	0.980427	0.98064	0.979788	0.977116	0.980327
45770	-1557.702	-1625.143	67.44141	0.974555	0.971897	0.975091	0.975302	0.974455	0.974855	0.983188	0.982696	0.978576	0.979508
45780	-1557.773	-1625.215	67.44141	0.962154	0.95953	0.962682	0.962891	0.962055	0.96245	0.970676	0.970191	0.966123	0.967044
45790	-1557.755	-1625.196	67.44141	0.962625	0.958589	0.959502	0.967703	0.96722	0.96638	0.966776	0.969953	0.970163	0.967517
45800	-1557.631	-1625.072	67.44141	0.970711	0.968064	0.968274	0.971455	0.971854	0.97101	0.970524	0.97882	0.979752	0.975645
45810	-1557.631	-1625.073	67.44141	0.970815	0.969972	0.978263	0.981477	0.977362	0.974697	0.975625	0.975837	0.975349	0.975749
45820	-1558.955	-1626.396	67.44141	0.990735	0.999203	0.995014	0.99415	0.995097	0.998367	0.997867	0.995146	0.995555	0.99577
45830	-1557.627	-1625.068	67.44141	0.968824	0.967982	0.976256	0.979464	0.975357	0.972698	0.973624	0.973835	0.973348	0.973748
45840	-1558.1	-1625.541	67.44141	0.956346	0.959488	0.956872	0.956041	0.956248	0.964421	0.964817	0.960772	0.960292	0.961207
45850	-1559.519	-1626.96	67.44141	0.994813	1.00332	0.99911	0.998242	0.999193	1.00248	1.00197	0.999242	0.999652	0.999869
45860	-1561.041	-1628.483	67.44141	0.933661	0.93285	0.935915	0.943915	0.941341	0.937394	0.937598	0.938491	0.938876	0.938406
45870	-1557.923	-1625.365	67.44141	0.959082	0.95929	0.956674	0.957066	0.960211	0.959731	0.958897	0.959811	0.968015	0.963956
45880	-1557.746	-1625.188	67.44141	0.962854	0.960228	0.963383	0.963592	0.962755	0.963151	0.971383	0.970897	0.966827	0.967748
45890	-1557.819	-1625.261	67.44141	0.977607	0.978539	0.974436	0.973949	0.982274	0.982677	0.981824	0.982036	0.985263	0.982576
45900	-1557.651	-1625.092	67.44141	0.96641	0.965571	0.973824	0.977024	0.972928	0.970274	0.971199	0.971409	0.970924	0.971322
45910	-1559.482	-1626.923	67.44141	0.943284	0.943671	0.943876	0.943404	0.940831	0.941728	0.944822	0.940861	0.940044	0.948078
45920	-1557.676	-1625.118	67.44141	0.973605	0.974533	0.970447	0.969962	0.978253	0.978654	0.977804	0.978016	0.98123	0.978554
45930	-1557.708	-1625.149	67.44141	0.974749	0.974961	0.972302	0.972701	0.975897	0.975409	0.974562	0.97549	0.983828	0.979703
45940	-1558.258	-1625.7	67.44141	0.954298	0.957433	0.954822	0.953993	0.9542	0.962356	0.962751	0.958715	0.958235	0.959148
45950	-1557.628	-1625.069	67.44141	0.970236	0.969393	0.972578	0.980891	0.978216	0.974115	0.974327	0.975255	0.975655	0.975167
45960	-1558.054	-1625.496	67.44141	0.957	0.957393	0.956914	0.957122	0.958034	0.955421	0.951416	0.954541	0.9627	0.961864
45970	-1557.867	-1625.308	67.44141	0.960119	0.959639	0.960553	0.960948	0.956919	0.957126	0.965307	0.962675	0.961839	0.964999
45980	-1557.653	-1625.095	67.44141	0.96627	0.96222	0.970444	0.971368	0.970525	0.97004	0.973227	0.973626	0.970971	0.971182
45990	-1557.787	-1625.228	67.44141	0.961831	0.962747	0.962266	0.958232	0.958625	0.966819	0.967029	0.966189	0.963554	0.96672
46000	-1558.102	-1625.543	67.44141	0.956323	0.952313	0.953221	0.961368	0.960887	0.960053	0.960447	0.963603	0.963812	0.961183
46010	-1557.81	-1625.252	67.44141	0.961291	0.961685	0.961894	0.961413	0.958791	0.959705	0.962858	0.958821	0.957988	0.966177
46020	-1557.627	-1625.068	67.44141	0.968691	0.969614	0.965549	0.965066	0.973315	0.973714	0.972869	0.97308	0.976277	0.973614
46030	-1557.663	-1625.104	67.44141	0.965783	0.968956	0.968115	0.965475	0.973727	0.973938	0.969855	0.970253	0.971177	0.970692
46040	-1559.558	-1627	67.44141	0.995071	0.998341	0.995618	0.994753	0.994969	1.00347	1.00389	0.999677	0.999177	1.00013
46050	-1557.792	-1625.234	67.44141	0.961697	0.962092	0.961611	0.96182	0.962736	0.96011	0.956085	0.959226	0.967425	0.966585
46060	-1557.981	-1625.422	67.44141	0.980494	0.976383	0.984729	0.985667	0.984811	0.984318	0.987552	0.987958	0.985264	0.985477
46070	-1557.626	-1625.067	67.44141	0.969185	0.969395	0.966751	0.967148	0.970326	0.96984	0.968998	0.969921	0.978212	0.97411
46080	-1557.874	-1625.315	67.44141	0.978687	0.979619	0.97913	0.975025	0.975425	0.983762	0.983976	0.983121	0.98044	0.983661
46090	-1557.725	-1625.166	67.44141	0.963466	0.971701	0.970857	0.966787	0.969963	0.970887	0.96824	0.967756	0.967966	0.968363
46100	-1558.202	-1625.644	67.44141	0.983513	0.983021	0.983958	0.984362	0.980235	0.980447	0.988828	0.986131	0.985275	0.988512
46110	-1557.638	-1625.079	67.44141	0.971461	0.972386	0.9719	0.967825	0.968223	0.976498	0.97671	0.975862	0.973201	0.976398
46120	-1558.057	-1625.498	67.44141	0.95696	0.956129	0.964301	0.967469	0.963413	0.960786	0.961701	0.96191	0.961429	0.961823
46130	-1557.689	-1625.131	67.44141	0.974112	0.971455	0.974647	0.974859	0.974012	0.974412	0.98274	0.982249	0.978131	0.979063
46140	-1557.629	-1625.07	67.44141	0.97045	0.971375	0.970889	0.966819	0.967216	0.975483	0.975694	0.974847	0.972189	0.975383
46150	-1557.974	-1625.415	67.44141	0.980383	0.981317	0.980827	0.976715	0.977116	0.985467	0.985681	0.984825	0.982139	0.985366
46160	-1559.849	-1627.29	67.44141	0.99691	1.00543	1.00122	1.00035	1.0013	1.00459	1.00409	1.00135	1.00176	1.00198
46170	-1557.717	-1625.159	67.44141	0.963692	0.963901	0.961272	0.961667	0.964826	0.964344	0.963507	0.964424	0.972668	0.96859
46180	-1558.146	-1625.587	67.44141	0.95572	0.963889	0.959848	0.959015	0.959928	0.963082	0.962601	0.959976	0.96037	0.960578
46190	-1558.852	-1626.294	67.44141	0.948265	0.945679	0.948786	0.948992	0.948168	0.948557	0.956665	0.956186	0.952178	0.953085
46200	-1558.945	-1626.386	67.44141	0.990658	0.987956	0.991202	0.991417	0.990556	0.990963	0.999433	0.998933	0.994745	0.995693
46210	-1557.628	-1625.069	67.44141	0.970331	0.978625	0.977775	0.973676	0.976875	0.977806	0.975139	0.974652	0.974863	0.975263
46220	-1557.923	-1625.364	67.44141	0.959097	0.955076	0.96324	0.964157	0.96332	0.962838	0.966002	0.966398	0.963763	0.963972
46230	-1558.572	-1626.013	67.44141	0.987433	0.983293	0.98423	0.992642	0.992146	0.991284	0.991691	0.994949	0.995165	0.992451
46240	-1558.435	-1625.877	67.44141	0.952287	0.953194	0.952718	0.948724	0.949113	0.957225	0.957433	0.956602	0.953993	0.957127
46250	-1557.626	-1625.067	67.44141	0.969071	0.965008	0.965928	0.974184	0.973697	0.972851	0.97325	0.976448	0.97666	0.973997
46260	-1559.377	-1626.818	67.44141	0.944053	0.940096	0.940991	0.949034	0.94856	0.947736	0.948125	0.95124	0.951446	0.948851
46270	-1557.724	-1625.165	67.44141	0.975251	0.978455	0.977605	0.974939	0.983272	0.983486	0.979363	0.979765	0.980698	0.980208
46280	-1557.768	-1625.209	67.44141	0.962293	0.961457	0.964616	0.972861	0.970208	0.96614	0.96635	0.967271	0.967667	0.967184
46290	-1560.334	-1627.775	67.44141	0.999731	1.00302	1.00028	0.999411	0.999628	1.00817	1.00859	1.00436	1.00386	1.00481
46300	-1558.076	-1625.518	67.44141	0.981885	0.981032	0.989418	0.992668	0.988507	0.985811	0.98675	0.986964	0.986471	0.986876
46310	-1557.666	-1625.107	67.44141	0.973138	0.972652	0.973051	0.973978	0.974189	0.970105	0.967459	0.975729	0.978934	0.978084
46320	-1557.729	-1625.17	67.44141	0.975397	0.975608	0.976009	0.973347	0.97286	0.976057	0.976987	0.976138	0.972046	0.980354
46330	-1558.472	-1625.913	67.44141	0.9519	0.951424	0.951814	0.952721	0.952928	0.948933	0.946345	0.954434	0.957569	0.956738
46340	-1557.629	-1625.071	67.44141	0.968276	0.967435	0.970613	0.97891	0.97624	0.972147	0.972358	0.973284	0.973684	0.973197
46350	-1559.854	-1627.295	67.44141	0.940722	0.940926	0.941312	0.938745	0.938276	0.941358	0.942255	0.941437	0.93749	0.945503
46360	-1557.695	-1625.136	67.44141	0.97431	0.974521	0.974921	0.972262	0.971776	0.974969	0.975898	0.97505	0.970963	0.979262
46370	-1558.543	-1625.984	67.44141	0.98716	0.990403	0.989543	0.986844	0.995279	0.995495	0.991322	0.991728	0.992673	0.992177
46380	-1558.605	-1626.046	67.44141	0.987743	0.988148	0.987654	0.987869	0.98881	0.986113	0.981979	0.985205	0.993626	0.992763
46390	-1559.571	-1627.012	67.44141	0.942648	0.938697	0.94672	0.947622	0.946799	0.946325	0.949435	0.949824	0.947234	0.947439
46400	-1557.892	-1625.333	67.44141	0.979011	0.974906	0.983239	0.984176	0.983321	0.98283	0.986059	0.986463	0.983773	0.983987
46410	-1557.711	-1625.152	67.44141	0.974853	0.975064	0.975465	0.972804	0.972318	0.975513	0.976442	0.975594	0.971504	0.979808
46420	-1557.67	-1625.112	67.44141	0.973347	0.981667	0.977551	0.976702	0.977633	0.980845	0.980354	0.977681	0.978082	0.978294
46430	-1557.634	-1625.075	67.44141	0.971096	0.967024	0.97529	0.976219	0.975371	0.974883	0.978086	0.978488	0.975819	0.976031
46440	-1557.965	-1625.406	67.44141	0.98024	0.97613	0.97706	0.985411	0.984919	0.984063	0.984467	0.987702	0.987916	0.985222
46450	-1557.685	-1625.126	67.44141	0.973952	0.969869	0.970793	0.97909	0.978601	0.977751	0.978152	0.981366	0.981579	0.978902
46460	-1558.195	-1625.636	67.44141	0.955085	0.955995	0.951987	0.951511	0.959644	0.960038	0.959204	0.959412	0.962564	0.959939
46470	-1558.063	-1625.504	67.44141	0.981696	0.982631	0.98214	0.978022	0.978424	0.986787	0.987001	0.986144	0.983454	0.986686
46480	-1557.661	-1625.102	67.44141	0.972904	0.973116	0.973515	0.97086	0.970375	0.973563	0.97449	0.973644	0.969562	0.977849
46490	-1557.635	-1625.076	67.44141	0.967605	0.968002	0.967518	0.967728	0.96865	0.966008	0.961958	0.965119	0.973368	0.972523
46500	-1557.699	-1625.14	67.44141	0.964307	0.964517	0.964913	0.962281	0.9618	0.96496	0.965879	0.96504	0.960995	0.969209
46510	-1557.646	-1625.087	67.44141	0.966737	0.975	0.974153	0.970069	0.973256	0.974183	0.971527	0.971041	0.971252	0.97165
46520	-1557.626	-1625.068	67.44141	0.969851	0.97814	0.977291	0.973194	0.976391	0.977321	0.974656	0.974169	0.97438	0.97478
46530	-1558.157	-1625.598	67.44141	0.982949	0.99135	0.987194	0.986337	0.987276	0.99052	0.990025	0.987325	0.98773	0.987944
46540	-1557.786	-1625.227	67.44141	0.976873	0.977804	0.977315	0.973218	0.973617	0.981939	0.982152	0.981299	0.978623	0.981838
46550	-1558.038	-1625.479	67.44141	0.981349	0.981752	0.981261	0.981474	0.982409	0.97973	0.975622	0.978828	0.987194	0.986337
46560	-1557.683	-1625.124	67.44141	0.973862	0.971206	0.971417	0.974609	0.975009	0.974162	0.973675	0.981997	0.982933	0.978812
46570	-1557.695	-1625.137	67.44141	0.964434	0.967602	0.964964	0.964126	0.964335	0.972577	0.972976	0.968897	0.968413	0.969335
46580	-1560.028	-1627.47	67.44141	0.939588	0.939792	0.940178	0.937614	0.937145	0.940224	0.94112	0.940302	0.93636	0.944364
46590	-1557.813	-1625.255	67.44141	0.977483	0.974817	0.975028	0.978232	0.978633	0.977784	0.977295	0.985648	0.986587	0.982451
46600	-1557.858	-1625.3	67.44141	0.978389	0.981603	0.980751	0.978076	0.986436	0.98665	0.982514	0.982917	0.983853	0.983362
46610	-1558.127	-1625.568	67.44141	0.955978	0.95197	0.960107	0.961021	0.960187	0.959707	0.96286	0.963255	0.960628	0.960836
46620	-1557.649	-1625.091	67.44141	0.966505	0.966022	0.966942	0.967339	0.963283	0.963492	0.971727	0.969077	0.968236	0.971417
46630	-1562.921	-1630.363	67.44141	0.92452	0.925401	0.924938	0.92106	0.921438	0.929314	0.929516	0.928708	0.926176	0.929219
46640	-1557.968	-1625.409	67.44141	0.98029	0.980503	0.980905	0.97823	0.977741	0.980953	0.981888	0.981035	0.976922	0.985272
46650	-1559.362	-1626.803	67.44141	0.944161	0.944549	0.944077	0.944281	0.945181	0.942603	0.938652	0.941736	0.949785	0.94896
46660	-1557.635	-1625.077	67.44141	0.967565	0.975835	0.974988	0.9709	0.97409	0.975018	0.972359	0.971873	0.972084	0.972483
46670	-1558.209	-1625.651	67.44141	0.954901	0.963063	0.962227	0.958193	0.961341	0.962257	0.959633	0.959153	0.959361	0.959755
46680	-1557.968	-1625.41	67.44141	0.980297	0.98051	0.980912	0.978237	0.977748	0.980961	0.981895	0.981042	0.97693	0.98528
46690	-1557.626	-1625.067	67.44141	0.969423	0.96678	0.966989	0.970166	0.970565	0.969722	0.969237	0.977521	0.978452	0.97435
46700	-1557.883	-1625.324	67.44141	0.959812	0.968016	0.967175	0.96312	0.966285	0.967205	0.964568	0.964085	0.964294	0.96469
46710	-1557.895	-1625.336	67.44141	0.959589	0.956972	0.95718	0.960325	0.960719	0.959885	0.959405	0.967605	0.968527	0.964466
46720	-1557.746	-1625.187	67.44141	0.975868	0.976798	0.976309	0.972216	0.972615	0.980929	0.981141	0.980289	0.977616	0.980828
46730	-1557.77	-1625.212	67.44141	0.976498	0.984844	0.983989	0.979864	0.983083	0.98402	0.981336	0.980846	0.981058	0.981461
46740	-1558.197	-1625.639	67.44141	0.983449	0.980767	0.98399	0.984203	0.983348	0.983752	0.99216	0.991664	0.987507	0.988448
46750	-1559.041	-1626.482	67.44141	0.991406	0.990545	0.9938	1.00229	0.999561	0.99537	0.995586	0.996534	0.996943	0.996445
46760	-1557.713	-1625.155	67.44141	0.974933	0.974445	0.975374	0.975774	0.971683	0.971894	0.980201	0.977528	0.976679	0.979888
46770	-1557.662	-1625.104	67.44141	0.972984	0.973383	0.973594	0.973108	0.970454	0.971378	0.97457	0.970484	0.969641	0.977929
46780	-1557.643	-1625.084	67.44141	0.966948	0.970125	0.969283	0.966639	0.974902	0.975113	0.971025	0.971424	0.972349	0.971863
46790	-1557.638	-1625.08	67.44141	0.9715	0.974692	0.972034	0.97119	0.9714	0.979703	0.980105	0.975996	0.975508	0.976438
46800	-1559.131	-1626.572	67.44141	0.945941	0.941975	0.950026	0.950931	0.950106	0.949631	0.952751	0.953142	0.950542	0.950749
46810	-1558.718	-1626.159	67.44141	0.988759	0.984613	0.993029	0.993975	0.993112	0.992615	0.995877	0.996285	0.993568	0.993784
46820	-1558.563	-1626.005	67.44141	0.987352	0.987758	0.987264	0.987478	0.988419	0.985723	0.981591	0.984816	0.993233	0.992371
46830	-1558.034	-1625.475	67.44141	0.957301	0.960446	0.959612	0.956995	0.965175	0.965384	0.961337	0.961731	0.962648	0.962166
46840	-1557.678	-1625.119	67.44141	0.965095	0.968266	0.967425	0.964787	0.973033	0.973244	0.969164	0.969562	0.970486	0.97
46850	-1557.638	-1625.08	67.44141	0.971504	0.971903	0.972114	0.971627	0.968978	0.969901	0.973088	0.969008	0.968166	0.976442
46860	-1558.715	-1626.156	67.44141	0.949508	0.949714	0.947124	0.947512	0.950625	0.95015	0.949325	0.950229	0.958351	0.954333
46870	-1557.972	-1625.413	67.44141	0.980352	0.980564	0.97789	0.978292	0.981506	0.981015	0.980163	0.981097	0.989483	0.985334
46880	-1557.655	-1625.096	67.44141	0.966193	0.965354	0.968526	0.976804	0.97414	0.970057	0.970267	0.971191	0.97159	0.971104
46890	-1557.996	-1625.437	67.44141	0.980727	0.980939	0.981342	0.978666	0.978177	0.98139	0.982325	0.981472	0.977357	0.985711
46900	-1558.824	-1626.265	67.44141	0.948517	0.948042	0.948946	0.949335	0.945355	0.94556	0.953642	0.951042	0.950216	0.953338
46910	-1557.752	-1625.194	67.44141	0.962695	0.965858	0.965019	0.962387	0.970613	0.970824	0.966754	0.96715	0.968072	0.967588
46920	-1558.013	-1625.454	67.44141	0.980978	0.980487	0.98089	0.981824	0.982037	0.97792	0.975253	0.983589	0.986821	0.985964
46930	-1557.737	-1625.178	67.44141	0.975622	0.972962	0.976159	0.97637	0.975522	0.975923	0.984264	0.983772	0.979648	0.980581
46940	-1561.56	-1629.001	67.44141	0.930948	0.93014	0.933196	0.941172	0.938606	0.934671	0.934873	0.935764	0.936148	0.93568
46950	-1558.103	-1625.544	67.44141	0.982249	0.978132	0.986492	0.987432	0.986574	0.986081	0.989321	0.989727	0.987028	0.987242
46960	-1558.676	-1626.118	67.44141	0.949865	0.95077	0.946784	0.94631	0.954399	0.954791	0.953961	0.954168	0.957303	0.954693
46970	-1557.626	-1625.068	67.44141	0.968917	0.968432	0.969355	0.969753	0.965687	0.965896	0.974152	0.971496	0.970652	0.973841
46980	-1557.654	-1625.095	67.44141	0.966244	0.967165	0.966681	0.962629	0.963024	0.971255	0.971466	0.970622	0.967975	0.971155
46990	-1557.873	-1625.314	67.44141	0.978672	0.987037	0.982899	0.982045	0.982981	0.986211	0.985718	0.983029	0.983433	0.983646
47000	-1558.175	-1625.616	67.44141	0.98317	0.984107	0.983615	0.979491	0.979893	0.988269	0.988483	0.987625	0.984931	0.988167
47010	-1557.626	-1625.067	67.44141	0.969498	0.969896	0.969411	0.969621	0.970545	0.967898	0.96384	0.967007	0.975272	0.974425
47020	-1557.676	-1625.117	67.44141	0.973601	0.972755	0.975951	0.984293	0.981609	0.977493	0.977705	0.978637	0.979038	0.978549
47030	-1557.635	-1625.076	67.44141	0.971197	0.979498	0.975392	0.974544	0.975473	0.978678	0.978189	0.975521	0.975921	0.976133
47040	-1557.626	-1625.068	67.44141	0.968962	0.96812	0.976395	0.979603	0.975496	0.972836	0.973763	0.973974	0.973487	0.973887
47050	-1557.781	-1625.223	67.44141	0.976768	0.985116	0.980986	0.980134	0.981068	0.984291	0.983799	0.981116	0.981519	0.981732
47060	-1557.631	-1625.072	67.44141	0.968026	0.967186	0.975452	0.978657	0.974554	0.971897	0.972823	0.973034	0.972547	0.972946
47070	-1557.863	-1625.304	67.44141	0.978481	0.975813	0.979019	0.979231	0.978381	0.978782	0.987148	0.986655	0.982518	0.983454
47080	-1558.878	-1626.32	67.44141	0.948037	0.948243	0.948632	0.946045	0.945572	0.948678	0.949582	0.948758	0.94478	0.952855
47090	-1557.791	-1625.232	67.44141	0.961736	0.961255	0.96217	0.962565	0.95853	0.958738	0.966932	0.964296	0.963458	0.966624
47100	-1558.763	-1626.205	67.44141	0.989156	0.986458	0.989699	0.989914	0.989054	0.98946	0.997918	0.997419	0.993237	0.994183
47110	-1557.905	-1625.347	67.44141	0.979252	0.975146	0.976075	0.984418	0.983926	0.983071	0.983475	0.986706	0.98692	0.984229
47120	-1558.655	-1626.096	67.44141	0.988202	0.984059	0.984997	0.993416	0.992919	0.992057	0.992464	0.995725	0.995941	0.993225
47130	-1557.65	-1625.092	67.44141	0.966441	0.965601	0.973855	0.977054	0.972958	0.970305	0.971229	0.97144	0.970954	0.971353
47140	-1559.637	-1627.078	67.44141	0.942188	0.94137	0.949416	0.952536	0.948542	0.945955	0.946857	0.947062	0.946588	0.946977
47150	-1557.986	-1625.427	67.44141	0.958038	0.958431	0.958639	0.95816	0.955547	0.956457	0.9596	0.955577	0.954747	0.962907
47160	-1558.209	-1625.651	67.44141	0.954903	0.9509	0.951806	0.959941	0.959461	0.958628	0.959021	0.962172	0.962381	0.959757
47170	-1558.126	-1625.567	67.44141	0.982548	0.978429	0.986792	0.987732	0.986874	0.98638	0.989621	0.990027	0.987327	0.987542
47180	-1557.695	-1625.137	67.44141	0.974329	0.975257	0.97477	0.970683	0.971082	0.979382	0.979594	0.978743	0.976074	0.979281
47190	-1557.802	-1625.244	67.44141	0.977244	0.980455	0.977781	0.976932	0.977144	0.985496	0.9859	0.981767	0.981276	0.982211
47200	-1560.019	-1627.46	67.44141	0.997931	0.993747	1.00224	1.0032	1.00232	1.00182	1.00511	1.00553	1.00278	1.003
47210	-1557.655	-1625.097	67.44141	0.972629	0.968551	0.97683	0.97776	0.976911	0.976423	0.979631	0.980033	0.97736	0.977572
47220	-1559.321	-1626.763	67.44141	0.944465	0.94467	0.942094	0.94248	0.945577	0.945104	0.944283	0.945183	0.953262	0.949265
47230	-1557.626	-1625.068	67.44141	0.969827	0.978116	0.974016	0.97317	0.974097	0.977297	0.976809	0.974145	0.974544	0.974756
47240	-1558.007	-1625.448	67.44141	0.98089	0.989273	0.988414	0.984271	0.987504	0.988445	0.98575	0.985257	0.98547	0.985875
47250	-1558.24	-1625.682	67.44141	0.954516	0.954039	0.954948	0.95534	0.951335	0.951541	0.959674	0.957057	0.956226	0.959368
47260	-1557.671	-1625.112	67.44141	0.965398	0.96456	0.967729	0.976001	0.973339	0.969258	0.969469	0.970392	0.97079	0.970305
47270	-1557.727	-1625.168	67.44141	0.963411	0.971646	0.970802	0.966732	0.969908	0.970832	0.968185	0.9677	0.96791	0.968308
47280	-1557.743	-1625.184	67.44141	0.975799	0.976729	0.972634	0.972148	0.980457	0.980859	0.980008	0.98022	0.983441	0.980759
47290	-1558.027	-1625.468	67.44141	0.981184	0.980332	0.988711	0.991959	0.987801	0.985107	0.986045	0.986259	0.985766	0.986171
47300	-1557.715	-1625.156	67.44141	0.963766	0.964162	0.96368	0.963889	0.964807	0.962176	0.958142	0.96129	0.969507	0.968665
47310	-1560.376	-1627.818	67.44141	0.937441	0.945453	0.94149	0.940672	0.941568	0.944662	0.944189	0.941614	0.942001	0.942205
47320	-1558.837	-1626.279	67.44141	0.948394	0.948784	0.948309	0.948515	0.949418	0.946829	0.94286	0.945958	0.954043	0.953215
47330	-1558.885	-1626.327	67.44141	0.990178	0.990392	0.987691	0.988097	0.991343	0.990848	0.989987	0.99093	0.9994	0.99521
47340	-1557.68	-1625.121	67.44141	0.965029	0.965948	0.965465	0.961418	0.961812	0.970033	0.970244	0.969401	0.966757	0.969934
47350	-1559.25	-1626.692	67.44141	0.945006	0.945211	0.945599	0.94302	0.942549	0.945646	0.946546	0.945724	0.941759	0.949809
47360	-1557.637	-1625.078	67.44141	0.967412	0.964774	0.964983	0.968153	0.968551	0.96771	0.967226	0.975493	0.976422	0.972329
47370	-1557.682	-1625.124	67.44141	0.964926	0.960881	0.969094	0.970017	0.969175	0.96869	0.971873	0.972272	0.96962	0.96983
47380	-1557.823	-1625.264	67.44141	0.961019	0.961935	0.961454	0.957423	0.957816	0.966003	0.966212	0.965373	0.96274	0.965903
47390	-1557.677	-1625.118	67.44141	0.973637	0.974565	0.970479	0.969994	0.978285	0.978686	0.977836	0.978049	0.981262	0.978586
47400	-1557.628	-1625.069	67.44141	0.970302	0.978595	0.974493	0.973646	0.974574	0.977776	0.977287	0.974622	0.975022	0.975234
47410	-1558.092	-1625.533	67.44141	0.95646	0.953852	0.956986	0.957193	0.956362	0.956754	0.964932	0.96445	0.960406	0.961321
47420	-1557.648	-1625.09	67.44141	0.972218	0.971374	0.979676	0.982895	0.978774	0.976105	0.977035	0.977247	0.976758	0.977159
47430	-1557.901	-1625.342	67.44141	0.97917	0.976499	0.979708	0.97992	0.979069	0.979471	0.987843	0.987349	0.983209	0.984146
47440	-1558.718	-1626.16	67.44141	0.949471	0.952591	0.949993	0.949168	0.949374	0.957489	0.957882	0.953866	0.953389	0.954297
47450	-1557.751	-1625.192	67.44141	0.976005	0.979212	0.976542	0.975694	0.975905	0.984247	0.984651	0.980522	0.980032	0.980966
47460	-1558.475	-1625.916	67.44141	0.986494	0.987434	0.98694	0.982802	0.983206	0.99161	0.991825	0.990963	0.988261	0.991508
47470	-1557.737	-1625.178	67.44141	0.975625	0.976025	0.975537	0.975749	0.976678	0.974015	0.969931	0.973118	0.981436	0.980583
47480	-1557.682	-1625.124	67.44141	0.973851	0.974251	0.973763	0.973975	0.974903	0.972244	0.968168	0.971349	0.979651	0.9788
47490	-1557.629	-1625.071	67.44141	0.968263	0.976539	0.975691	0.9716	0.974792	0.975721	0.97306	0.972574	0.972785	0.973184
47500	-1557.896	-1625.337	67.44141	0.959576	0.958742	0.966937	0.970114	0.966047	0.963412	0.96433	0.964539	0.964057	0.964453
47510	-1557.664	-1625.106	67.44141	0.965693	0.968866	0.968024	0.965385	0.973636	0.973847	0.969764	0.970162	0.971087	0.970601
47520	-1557.693	-1625.135	67.44141	0.974269	0.974669	0.974181	0.974393	0.975321	0.972661	0.968583	0.971766	0.980072	0.979221
47530	-1557.636	-1625.077	67.44141	0.971269	0.96862	0.96883	0.972013	0.972412	0.971568	0.971082	0.979382	0.980315	0.976205
47540	-1557.953	-1625.394	67.44141	0.958579	0.955965	0.959106	0.959314	0.958481	0.958874	0.96707	0.966586	0.962534	0.963451
47550	-1557.733	-1625.174	67.44141	0.963227	0.963436	0.963832	0.961203	0.960723	0.963879	0.964797	0.96396	0.959918	0.968123
47560	-1558.22	-1625.662	67.44141	0.983728	0.992136	0.991274	0.987119	0.990362	0.991305	0.988602	0.988108	0.988322	0.988728
47570	-1557.626	-1625.068	67.44141	0.969821	0.973007	0.970353	0.969511	0.969721	0.97801	0.978411	0.974309	0.973822	0.97475
47580	-1558.355	-1625.796	67.44141	0.985248	0.985461	0.985866	0.983177	0.982686	0.985914	0.986853	0.985996	0.981863	0.990255
47590	-1557.804	-1625.246	67.44141	0.977283	0.977684	0.977896	0.977408	0.974742	0.975671	0.978876	0.974772	0.973926	0.98225
47600	-1557.633	-1625.074	67.44141	0.970989	0.974179	0.973333	0.970678	0.978975	0.979187	0.975082	0.975482	0.976412	0.975924
47610	-1557.719	-1625.16	67.44141	0.975102	0.974255	0.977456	0.98581	0.983122	0.979	0.979213	0.980145	0.980548	0.980057
47620	-1558.412	-1625.853	67.44141	0.952543	0.951716	0.959851	0.963004	0.958967	0.956352	0.957263	0.95747	0.956992	0.957385
47630	-1558.755	-1626.196	67.44141	0.949138	0.945159	0.946059	0.954145	0.953668	0.95284	0.953231	0.956363	0.95657	0.953962
47640	-1557.629	-1625.071	67.44141	0.970534	0.970932	0.971143	0.970658	0.96801	0.968933	0.972116	0.968041	0.9672	0.975467
47650	-1558.267	-1625.709	67.44141	0.95419	0.962346	0.96151	0.957479	0.960625	0.96154	0.958918	0.958439	0.958647	0.95904
47660	-1557.745	-1625.186	67.44141	0.962891	0.958854	0.959768	0.967971	0.967487	0.966647	0.967044	0.970221	0.970431	0.967785
47670	-1557.814	-1625.256	67.44141	0.9612	0.969416	0.965351	0.964513	0.965432	0.968604	0.968119	0.965479	0.965876	0.966085
47680	-1558.562	-1626.003	67.44141	0.950981	0.946994	0.955088	0.955998	0.955167	0.95469	0.957827	0.95822	0.955607	0.955814
47690	-1557.936	-1625.377	67.44141	0.958868	0.958389	0.959302	0.959695	0.955672	0.955879	0.964049	0.96142	0.960585	0.963741
47700	-1558.021	-1625.462	67.44141	0.981103	0.982037	0.97792	0.977431	0.985786	0.98619	0.985334	0.985548	0.988786	0.986089
47710	-1558.288	-1625.729	67.44141	0.95395	0.953473	0.953864	0.954773	0.95498	0.950976	0.948383	0.956489	0.959631	0.958798
47720	-1557.633	-1625.074	67.44141	0.967781	0.976053	0.975205	0.971117	0.974307	0.975236	0.972576	0.97209	0.972301	0.9727
47730	-1557.884	-1625.325	67.44141	0.978866	0.976197	0.976409	0.979617	0.980019	0.979168	0.978678	0.987043	0.987984	0.983842
47740	-1558.406	-1625.848	67.44141	0.9526	0.960743	0.956715	0.955884	0.956794	0.959938	0.959458	0.956842	0.957234	0.957442
47750	-1557.865	-1625.307	67.44141	0.978522	0.981737	0.980885	0.97821	0.986571	0.986785	0.982648	0.983051	0.983988	0.983496
47760	-1557.84	-1625.281	67.44141	0.960665	0.968876	0.968035	0.963976	0.967144	0.968065	0.965425	0.964942	0.965152	0.965548
47770	-1559.535	-1626.976	67.44141	0.942904	0.943291	0.943496	0.943024	0.940452	0.941348	0.944441	0.940481	0.939665	0.947696
47780	-1557.69	-1625.132	67.44141	0.964616	0.965535	0.961487	0.961007	0.969221	0.969618	0.968776	0.968986	0.97217	0.969519
47790	-1558.667	-1626.108	67.44141	0.988308	0.985613	0.985826	0.989065	0.989471	0.988612	0.988118	0.996563	0.997513	0.993331
47800	-1559.134	-1626.576	67.44141	0.992115	0.992522	0.992737	0.992241	0.989535	0.990478	0.993732	0.989566	0.988706	0.997157
47810	-1557.914	-1625.356	67.44141	0.959245	0.959453	0.956837	0.957229	0.960374	0.959894	0.959061	0.959974	0.968179	0.96412
47820	-1557.636	-1625.077	67.44141	0.967527	0.966687	0.969863	0.978153	0.975485	0.971396	0.971607	0.972532	0.972931	0.972445
47830	-1558.093	-1625.534	67.44141	0.982109	0.979431	0.979644	0.982862	0.983266	0.982412	0.98192	0.990313	0.991257	0.987101
47840	-1557.643	-1625.085	67.44141	0.966909	0.967306	0.967515	0.967032	0.964394	0.965313	0.968485	0.964424	0.963587	0.971823
47850	-1557.903	-1625.344	67.44141	0.959444	0.967645	0.963588	0.962752	0.963669	0.966835	0.966352	0.963716	0.964112	0.964321
47860	-1557.748	-1625.189	67.44141	0.962814	0.963209	0.963418	0.962936	0.96031	0.961225	0.964383	0.96034	0.959506	0.967707
47870	-1558.775	-1626.216	67.44141	0.989252	0.997707	0.993524	0.992661	0.993607	0.996872	0.996373	0.993656	0.994064	0.994279
47880	-1557.85	-1625.291	67.44141	0.978231	0.975563	0.978768	0.978981	0.97813	0.978532	0.986896	0.986402	0.982267	0.983203
47890	-1557.629	-1625.071	67.44141	0.968279	0.969201	0.965138	0.964655	0.9729	0.9733	0.972454	0.972665	0.975861	0.9732
47900	-1558.165	-1625.606	67.44141	0.983048	0.983262	0.98058	0.980983	0.984206	0.983714	0.982859	0.983796	0.992204	0.988045
47910	-1557.723	-1625.164	67.44141	0.975216	0.971127	0.972052	0.980361	0.979871	0.97902	0.979421	0.982639	0.982853	0.980172
47920	-1558.056	-1625.497	67.44141	0.956977	0.965157	0.96111	0.960276	0.96119	0.964349	0.963866	0.961238	0.961632	0.961841
47930	-1558.522	-1625.964	67.44141	0.951378	0.951584	0.948989	0.949379	0.952498	0.952022	0.951195	0.952101	0.960239	0.956213
47940	-1557.886	-1625.328	67.44141	0.959751	0.962905	0.960279	0.959445	0.959653	0.967855	0.968253	0.964193	0.963711	0.964629
47950	-1557.652	-1625.093	67.44141	0.966344	0.965861	0.966781	0.967178	0.963123	0.963332	0.971566	0.968916	0.968075	0.971255
47960	-1557.963	-1625.404	67.44141	0.958417	0.95933	0.95885	0.95483	0.955222	0.963387	0.963596	0.962759	0.960134	0.963288
47970	-1557.682	-1625.123	67.44141	0.973841	0.973354	0.973754	0.974681	0.974893	0.970806	0.968158	0.976433	0.979642	0.978791
47980	-1558.217	-1625.659	67.44141	0.983689	0.981007	0.98423	0.984443	0.983588	0.983992	0.992403	0.991907	0.987748	0.988689
47990	-1558.375	-1625.816	67.44141	0.952949	0.95334	0.953547	0.95307	0.950471	0.951377	0.954503	0.950501	0.949675	0.957793
48000	-1557.865	-1625.306	67.44141	0.960156	0.957537	0.957745	0.960892	0.961286	0.960451	0.959971	0.968176	0.969098	0.965036
48010	-1557.64	-1625.082	67.44141	0.967119	0.964482	0.967651	0.967861	0.96702	0.967417	0.975686	0.975198	0.97111	0.972035
48020	-1557.644	-1625.085	67.44141	0.966857	0.970033	0.967388	0.966548	0.966757	0.975021	0.975421	0.971331	0.970846	0.971771
48030	-1558.503	-1625.945	67.44141	0.951571	0.947582	0.948484	0.956591	0.956113	0.955283	0.955675	0.958815	0.959023	0.956407
48040	-1558.329	-1625.77	67.44141	0.984971	0.982285	0.985513	0.985726	0.98487	0.985274	0.993696	0.993199	0.989035	0.989977
48050	-1558.47	-1625.912	67.44141	0.951918	0.951442	0.952348	0.952739	0.948745	0.948951	0.957061	0.954451	0.953623	0.956756
48060	-1559.357	-1626.798	67.44141	0.993712	0.993215	0.994162	0.99457	0.9904	0.990615	0.999082	0.996357	0.995492	0.998763
48070	-1557.9	-1625.341	67.44141	0.959497	0.967698	0.963642	0.962805	0.963722	0.966888	0.966405	0.963769	0.964165	0.964374
48080	-1560.496	-1627.937	67.44141	0.936731	0.936935	0.937319	0.934763	0.934296	0.937365	0.938258	0.937443	0.933513	0.941492
48090	-1557.991	-1625.432	67.44141	0.957963	0.958356	0.958564	0.958084	0.955472	0.956382	0.959524	0.955501	0.954672	0.962831
48100	-1558.016	-1625.457	67.44141	0.957574	0.96072	0.9581	0.957268	0.957475	0.965659	0.966056	0.962006	0.961525	0.962441
48110	-1557.626	-1625.068	67.44141	0.968848	0.968006	0.97628	0.979488	0.975381	0.972721	0.973648	0.973859	0.973372	0.973772
48120	-1557.628	-1625.069	67.44141	0.970326	0.970536	0.96789	0.968287	0.971468	0.970983	0.970139	0.971063	0.979363	0.975258
48130	-1557.699	-1625.14	67.44141	0.974455	0.975384	0.974896	0.970809	0.971207	0.979508	0.979721	0.97887	0.976201	0.979408
48140	-1557.882	-1625.323	67.44141	0.959833	0.959353	0.959747	0.960661	0.960869	0.956841	0.954231	0.962388	0.96555	0.964711
48150	-1557.638	-1625.079	67.44141	0.967316	0.970494	0.969651	0.967007	0.975272	0.975484	0.971394	0.971793	0.972719	0.972233
48160	-1557.642	-1625.084	67.44141	0.966971	0.970148	0.967502	0.966662	0.966871	0.975135	0.975536	0.971446	0.97096	0.971885
48170	-1560.038	-1627.48	67.44141	0.939524	0.947554	0.946731	0.942762	0.94586	0.946761	0.944179	0.943707	0.943911	0.944299
48180	-1558.772	-1626.213	67.44141	0.94898	0.949186	0.949576	0.946986	0.946513	0.949623	0.950527	0.949702	0.94572	0.953803
48190	-1557.675	-1625.116	67.44141	0.965235	0.961188	0.962104	0.970328	0.969842	0.969	0.969398	0.972583	0.972794	0.970141
48200	-1557.74	-1625.181	67.44141	0.963035	0.960409	0.960617	0.963773	0.964169	0.963331	0.96285	0.97108	0.972005	0.96793
48210	-1557.993	-1625.435	67.44141	0.957925	0.955312	0.95552	0.958659	0.959053	0.95822	0.957741	0.965927	0.966847	0.962793
48220	-1558.752	-1626.193	67.44141	0.949165	0.952284	0.951457	0.948862	0.956972	0.95718	0.953167	0.953558	0.954466	0.953989
48230	-1557.77	-1625.211	67.44141	0.97649	0.976002	0.976403	0.977333	0.977545	0.973447	0.970792	0.97909	0.982307	0.981453
48240	-1558.872	-1626.314	67.44141	0.990069	0.990284	0.987583	0.987989	0.991235	0.990739	0.989879	0.990822	0.999291	0.995101
48250	-1557.632	-1625.073	67.44141	0.9679	0.967059	0.970237	0.978529	0.975861	0.97177	0.971981	0.972906	0.973306	0.972819
48260	-1557.753	-1625.194	67.44141	0.962678	0.970906	0.970063	0.965996	0.96917	0.970093	0.967448	0.966964	0.967174	0.967571
48270	-1559.222	-1626.664	67.44141	0.99276	0.991897	1.00038	1.00366	0.999454	0.996729	0.997678	0.997895	0.997396	0.997805
48280	-1559.35	-1626.792	67.44141	0.944249	0.941674	0.941878	0.944972	0.94536	0.944539	0.944067	0.952136	0.953043	0.949048
48290	-1558.063	-1625.504	67.44141	0.956874	0.957082	0.954472	0.954863	0.958001	0.957522	0.95669	0.957601	0.965786	0.961737
48300	-1557.873	-1625.315	67.44141	0.96	0.960208	0.957589	0.957982	0.96113	0.960649	0.959815	0.960729	0.968941	0.964879
48310	-1557.749	-1625.191	67.44141	0.96277	0.960144	0.960352	0.963508	0.963903	0.963066	0.962584	0.970812	0.971737	0.967663
48320	-1558.036	-1625.478	67.44141	0.981322	0.984546	0.983691	0.981008	0.989393	0.989608	0.985459	0.985864	0.986803	0.986309
48330	-1558.403	-1625.845	67.44141	0.985764	0.985271	0.98621	0.986615	0.982478	0.982692	0.991091	0.988388	0.98753	0.990774
48340	-1557.727	-1625.168	67.44141	0.975339	0.974492	0.977694	0.986051	0.983362	0.979239	0.979451	0.980384	0.980787	0.980296
48350	-1558.91	-1626.352	67.44141	0.94776	0.946937	0.95503	0.958168	0.954151	0.951549	0.952456	0.952662	0.952186	0.952577
48360	-1557.763	-1625.205	67.44141	0.962403	0.958368	0.959281	0.96748	0.966997	0.966157	0.966553	0.969729	0.969939	0.967294
48370	-1558.391	-1625.833	67.44141	0.952767	0.953674	0.953197	0.949201	0.949591	0.957707	0.957915	0.957083	0.954473	0.957609
48380	-1565.154	-1632.596	67.44141	0.91543	0.915629	0.916004	0.913506	0.91305	0.91605	0.916922	0.916126	0.912285	0.920083
48390	-1558.047	-1625.489	67.44141	0.957099	0.958011	0.953995	0.953518	0.961668	0.962062	0.961227	0.961435	0.964594	0.961964
48400	-1557.813	-1625.255	67.44141	0.961223	0.964381	0.961751	0.960916	0.961124	0.969339	0.969737	0.965672	0.965189	0.966108
48410	-1558.264	-1625.705	67.44141	0.954236	0.953407	0.961556	0.964716	0.960671	0.958051	0.958964	0.959172	0.958692	0.959086
48420	-1557.646	-1625.087	67.44141	0.966727	0.966244	0.967165	0.967562	0.963505	0.963714	0.971951	0.969301	0.968459	0.971641
48430	-1559.13	-1626.572	67.44141	0.945944	0.943364	0.943569	0.946669	0.947057	0.946235	0.945762	0.953845	0.954754	0.950751
48440	-1558.841	-1626.282	67.44141	0.989811	0.988951	0.9922	1.00068	0.997952	0.993768	0.993984	0.994931	0.995339	0.994841
48450	-1557.881	-1625.323	67.44141	0.978821	0.982037	0.981184	0.978508	0.986872	0.987086	0.982948	0.983351	0.984288	0.983796
48460	-1557.945	-1625.387	67.44141	0.979929	0.983149	0.980468	0.979616	0.979829	0.988204	0.988609	0.984465	0.983973	0.98491
48470	-1557.641	-1625.082	67.44141	0.971693	0.97085	0.979148	0.982365	0.978246	0.975579	0.976508	0.97672	0.976231	0.976632
48480	-1558.528	-1625.97	67.44141	0.987019	0.987424	0.987638	0.987144	0.984452	0.98539	0.988627	0.984483	0.983628	0.992035
48490	-1557.76	-1625.202	67.44141	0.962483	0.961647	0.969867	0.973054	0.968974	0.966332	0.967252	0.967462	0.966978	0.967375
48500	-1557.974	-1625.415	67.44141	0.980389	0.977716	0.977928	0.981141	0.981544	0.980691	0.980201	0.988579	0.989521	0.985372
48510	-1557.736	-1625.178	67.44141	0.975618	0.976018	0.97553	0.975742	0.976672	0.974008	0.969925	0.973111	0.981429	0.980577
48520	-1558.552	-1625.993	67.44141	0.987246	0.987651	0.987158	0.987372	0.988312	0.985617	0.981485	0.98471	0.993126	0.992264
48530	-1557.663	-1625.105	67.44141	0.973033	0.968954	0.977236	0.978167	0.977317	0.976829	0.980038	0.98044	0.977767	0.977979
48540	-1558.55	-1625.991	67.44141	0.951096	0.948503	0.951619	0.951825	0.950999	0.951389	0.959521	0.959041	0.95502	0.95593
48550	-1558.25	-1625.692	67.44141	0.954396	0.953567	0.961717	0.964877	0.960832	0.958212	0.959124	0.959333	0.958853	0.959246
48560	-1558.367	-1625.808	67.44141	0.985382	0.985596	0.982908	0.983311	0.986542	0.986049	0.985192	0.986131	0.99456	0.99039
48570	-1558.047	-1625.488	67.44141	0.981478	0.978801	0.979013	0.98223	0.982633	0.98178	0.981289	0.989676	0.990619	0.986466
48580	-1557.827	-1625.268	67.44141	0.977769	0.986126	0.981992	0.981139	0.982073	0.9853	0.984807	0.982122	0.982525	0.982738
48590	-1557.838	-1625.28	67.44141	0.978	0.97715	0.985502	0.98874	0.984595	0.98191	0.982845	0.983059	0.982567	0.98297
48600	-1558.398	-1625.839	67.44141	0.952695	0.952901	0.950303	0.950693	0.953816	0.953339	0.952511	0.953419	0.961568	0.957537
48610	-1557.676	-1625.117	67.44141	0.965175	0.964693	0.965612	0.966008	0.961958	0.962167	0.970391	0.967744	0.966904	0.970081
48620	-1557.819	-1625.26	67.44141	0.977592	0.977993	0.977504	0.977716	0.978648	0.975979	0.971887	0.975081	0.983415	0.982561
48630	-1557.718	-1625.16	67.44141	0.975086	0.97424	0.982567	0.985795	0.981662	0.978985	0.979918	0.98013	0.97964	0.980042
48640	-1557.85	-1625.291	67.44141	0.978233	0.974132	0.97506	0.983394	0.982902	0.982049	0.982452	0.98568	0.985894	0.983205
48650	-1557.628	-1625.07	67.44141	0.968434	0.968831	0.969041	0.968557	0.965915	0.966835	0.970012	0.965945	0.965106	0.973356
48660	-1557.819	-1625.26	67.44141	0.961097	0.961305	0.958684	0.959077	0.962228	0.961747	0.960912	0.961828	0.970049	0.965982
48670	-1557.789	-1625.231	67.44141	0.976949	0.980158	0.977486	0.976637	0.976848	0.985198	0.985602	0.98147	0.980979	0.981914
48680	-1558.083	-1625.524	67.44141	0.981978	0.977861	0.986219	0.987158	0.986301	0.985808	0.989047	0.989453	0.986755	0.986969
48690	-1557.683	-1625.124	67.44141	0.964897	0.960852	0.961767	0.969988	0.969503	0.968661	0.969058	0.972242	0.972453	0.969801
48700	-1557.627	-1625.068	67.44141	0.97001	0.967365	0.967575	0.970754	0.971152	0.970309	0.969824	0.978113	0.979045	0.97494
48710	-1557.657	-1625.099	67.44141	0.966044	0.969218	0.968376	0.965735	0.97399	0.974201	0.970117	0.970515	0.971439	0.970954
48720	-1557.675	-1625.117	67.44141	0.965212	0.966131	0.962081	0.9616	0.969819	0.970217	0.969375	0.969585	0.97277	0.970118
48730	-1557.654	-1625.095	67.44141	0.966257	0.962207	0.970431	0.971355	0.970512	0.970026	0.973214	0.973613	0.970958	0.971168
48740	-1558.44	-1625.881	67.44141	0.952241	0.948249	0.949152	0.957265	0.956786	0.955955	0.956348	0.95949	0.959698	0.957081
48750	-1557.71	-1625.152	67.44141	0.963925	0.964321	0.963839	0.964048	0.964966	0.962335	0.9583	0.961449	0.969666	0.968824
48760	-1557.733	-1625.174	67.44141	0.963224	0.964142	0.9601	0.95962	0.967822	0.968219	0.967378	0.967588	0.970767	0.96812
48770	-1560.133	-1627.575	67.44141	0.938924	0.938455	0.939349	0.939735	0.935795	0.935998	0.943998	0.941424	0.940606	0.943696
48780	-1557.844	-1625.285	67.44141	0.960583	0.956556	0.964732	0.965651	0.964812	0.96433	0.967498	0.967895	0.965256	0.965465
48790	-1557.765	-1625.206	67.44141	0.962369	0.965531	0.964692	0.962061	0.970284	0.970495	0.966426	0.966823	0.967744	0.96726
48800	-1558.432	-1625.873	67.44141	0.952323	0.952529	0.949932	0.950321	0.953444	0.952967	0.952139	0.953046	0.961192	0.957163
48810	-1557.805	-1625.246	67.44141	0.977291	0.978222	0.974121	0.973634	0.981956	0.982359	0.981506	0.981719	0.984944	0.982258
48820	-1558.512	-1625.953	67.44141	0.951483	0.95169	0.95208	0.949484	0.949009	0.952127	0.953034	0.952206	0.948214	0.956319
48830	-1558.766	-1626.207	67.44141	0.989175	0.989581	0.989086	0.989301	0.990243	0.987543	0.983403	0.986634	0.995067	0.994203
48840	-1557.663	-1625.104	67.44141	0.973017	0.973944	0.969861	0.969376	0.977661	0.978063	0.977213	0.977425	0.980637	0.977962
48850	-1557.645	-1625.087	67.44141	0.972015	0.971529	0.971928	0.972854	0.973065	0.968985	0.966343	0.974602	0.977804	0.976955
48860	-1558.836	-1626.278	67.44141	0.989772	0.993024	0.992161	0.989456	0.997913	0.998129	0.993945	0.994353	0.9953	0.994802
48870	-1557.686	-1625.127	67.44141	0.964774	0.967944	0.967103	0.964466	0.972709	0.97292	0.968842	0.969239	0.970163	0.969678
48880	-1559.041	-1626.482	67.44141	0.946665	0.942696	0.950754	0.951659	0.950833	0.950358	0.95348	0.953871	0.95127	0.951476
48890	-1558.334	-1625.775	67.44141	0.953409	0.949412	0.957527	0.958439	0.957607	0.957128	0.960273	0.960667	0.958047	0.958255
48900	-1557.675	-1625.116	67.44141	0.965226	0.964744	0.965663	0.966059	0.962009	0.962218	0.970442	0.967796	0.966955	0.970132
48910	-1557.772	-1625.213	67.44141	0.962188	0.958154	0.959067	0.967265	0.966781	0.965941	0.966338	0.969513	0.969723	0.967079
48920	-1557.654	-1625.095	67.44141	0.972537	0.972937	0.97245	0.972661	0.973588	0.970933	0.966862	0.970039	0.97833	0.97748
48930	-1557.831	-1625.272	67.44141	0.960847	0.956819	0.957731	0.965917	0.965434	0.964595	0.964991	0.968162	0.968372	0.965731
48940	-1557.849	-1625.291	67.44141	0.960468	0.959634	0.962787	0.971016	0.968368	0.964309	0.964518	0.965437	0.965833	0.96535
48950	-1557.683	-1625.124	67.44141	0.964905	0.965824	0.961775	0.961294	0.969511	0.969908	0.969066	0.969276	0.972461	0.969809
48960	-1559.22	-1626.662	67.44141	0.945236	0.944415	0.947518	0.955617	0.953011	0.949016	0.949221	0.950126	0.950516	0.95004
48970	-1557.733	-1625.175	67.44141	0.963216	0.960589	0.960798	0.963955	0.96435	0.963513	0.963031	0.971262	0.972187	0.968112
48980	-1557.961	-1625.402	67.44141	0.980181	0.976072	0.977002	0.985353	0.98486	0.984005	0.984409	0.987643	0.987857	0.985163
48990	-1558.242	-1625.683	67.44141	0.983985	0.984922	0.98443	0.980302	0.980705	0.989087	0.989302	0.988443	0.985747	0.988986
49000	-1557.826	-1625.267	67.44141	0.977744	0.977255	0.978186	0.978588	0.974485	0.974697	0.983028	0.980347	0.979495	0.982714
49010	-1557.638	-1625.08	67.44141	0.971493	0.968843	0.969053	0.972237	0.972636	0.971792	0.971306	0.979608	0.980541	0.97643
49020	-1558.446	-1625.887	67.44141	0.952173	0.95308	0.952603	0.94861	0.948999	0.95711	0.957318	0.956487	0.953878	0.957012
49030	-1557.722	-1625.163	67.44141	0.975199	0.975599	0.975112	0.975323	0.976252	0.97359	0.969508	0.972694	0.981007	0.980155
49040	-1558.277	-1625.719	67.44141	0.984391	0.983536	0.986768	0.995202	0.992488	0.988327	0.988541	0.989483	0.989889	0.989394
49050	-1560.354	-1627.796	67.44141	0.937571	0.945585	0.944764	0.940803	0.943894	0.944793	0.942217	0.941745	0.94195	0.942336
49060	-1557.797	-1625.239	67.44141	0.96158	0.961974	0.962183	0.961702	0.959079	0.959993	0.963147	0.959109	0.958276	0.966467
49070	-1557.66	-1625.102	67.44141	0.965903	0.965064	0.968235	0.97651	0.973847	0.969765	0.969975	0.970899	0.971298	0.970812
49080	-1557.706	-1625.148	67.44141	0.964052	0.96357	0.964488	0.964884	0.960838	0.961047	0.969261	0.966618	0.965779	0.968952
49090	-1557.721	-1625.163	67.44141	0.975175	0.975575	0.975787	0.975299	0.972639	0.973566	0.976765	0.97267	0.971825	0.980131
49100	-1558.107	-1625.549	67.44141	0.982304	0.990701	0.98984	0.98569	0.988929	0.989871	0.987172	0.986678	0.986892	0.987297
49110	-1558.18	-1625.621	67.44141	0.955278	0.95567	0.955877	0.955399	0.952794	0.953702	0.956835	0.952824	0.951996	0.960133
49120	-1559.54	-1626.981	67.44141	0.994952	0.994455	0.994863	0.995811	0.996027	0.991851	0.989146	0.997601	1.00088	1.00001
49130	-1557.63	-1625.072	67.44141	0.970672	0.970883	0.971281	0.968632	0.968148	0.971329	0.972254	0.97141	0.967337	0.975605
49140	-1559.416	-1626.858	67.44141	0.943759	0.942939	0.946037	0.954124	0.951522	0.947532	0.947738	0.948641	0.94903	0.948556
49150	-1558.292	-1625.734	67.44141	0.953894	0.954101	0.951499	0.95189	0.955017	0.95454	0.953711	0.954619	0.962779	0.958742
49160	-1557.645	-1625.086	67.44141	0.971981	0.972192	0.969541	0.969939	0.973126	0.972639	0.971794	0.97272	0.981034	0.976921
49170	-1558.728	-1626.169	67.44141	0.949384	0.94959	0.94998	0.947389	0.946915	0.950026	0.950931	0.950106	0.946122	0.954209
49180	-1557.665	-1625.107	67.44141	0.96565	0.96657	0.966086	0.962036	0.962431	0.970657	0.970868	0.970025	0.967379	0.970558
49190	-1557.864	-1625.305	67.44141	0.960175	0.968382	0.967541	0.963484	0.96665	0.967571	0.964932	0.96445	0.964659	0.965055
49200	-1559.308	-1626.749	67.44141	0.944567	0.94767	0.945086	0.944265	0.94447	0.952543	0.952934	0.948938	0.948464	0.949368
49210	-1557.678	-1625.12	67.44141	0.973697	0.972852	0.976048	0.984391	0.981706	0.977591	0.977803	0.978734	0.979136	0.978646
49220	-1557.632	-1625.073	67.44141	0.97084	0.971764	0.971279	0.967207	0.967604	0.975874	0.976086	0.975238	0.972578	0.975774
49230	-1559.375	-1626.817	67.44141	0.993841	0.989674	0.990617	0.999084	0.998584	0.997717	0.998127	1.00141	1.00162	0.998892
49240	-1557.639	-1625.08	67.44141	0.971572	0.974764	0.972106	0.971262	0.971473	0.979776	0.980178	0.976069	0.975581	0.97651
49250	-1557.706	-1625.147	67.44141	0.974689	0.977891	0.977042	0.974377	0.982705	0.982919	0.978798	0.9792	0.980132	0.979642
49260	-1557.75	-1625.191	67.44141	0.975973	0.975126	0.98346	0.986692	0.982555	0.979876	0.980809	0.981022	0.980531	0.980934
49270	-1557.637	-1625.078	67.44141	0.971367	0.970881	0.971806	0.972205	0.968129	0.968339	0.976616	0.973953	0.973107	0.976304
49280	-1557.683	-1625.124	67.44141	0.97388	0.974808	0.970721	0.970236	0.978529	0.97893	0.97808	0.978292	0.981507	0.97883
49290	-1558.391	-1625.833	67.44141	0.98564	0.982952	0.983166	0.986396	0.986801	0.985944	0.985451	0.993874	0.994821	0.99065
49300	-1557.99	-1625.432	67.44141	0.957973	0.95818	0.955567	0.95596	0.9591	0.958621	0.957788	0.958701	0.966895	0.962842
49310	-1558.133	-1625.574	67.44141	0.982644	0.98358	0.983088	0.978967	0.979369	0.98774	0.987954	0.987096	0.984404	0.987638
49320	-1557.629	-1625.07	67.44141	0.970452	0.970663	0.968016	0.968413	0.971595	0.971109	0.970266	0.97119	0.979491	0.975385
49330	-1557.69	-1625.131	67.44141	0.964634	0.967803	0.965164	0.964326	0.964535	0.972779	0.973178	0.969099	0.968614	0.969537
49340	-1557.924	-1625.365	67.44141	0.979576	0.982795	0.981941	0.979263	0.987633	0.987847	0.983706	0.98411	0.985047	0.984555
49350	-1557.626	-1625.067	67.44141	0.969528	0.969044	0.969967	0.970365	0.966297	0.966506	0.974767	0.972109	0.971265	0.974456
49360	-1557.766	-1625.207	67.44141	0.97639	0.976602	0.977003	0.974339	0.973851	0.977051	0.977982	0.977132	0.973036	0.981353
49370	-1557.626	-1625.067	67.44141	0.969733	0.965667	0.966587	0.974849	0.974362	0.973515	0.973915	0.977115	0.977327	0.974661
49380	-1558.4	-1625.841	67.44141	0.952674	0.94868	0.949584	0.9577	0.957222	0.95639	0.956783	0.959926	0.960135	0.957516
49390	-1557.704	-1625.145	67.44141	0.964139	0.961509	0.964668	0.964878	0.96404	0.964435	0.972679	0.972192	0.968117	0.969039
49400	-1557.782	-1625.223	67.44141	0.961945	0.962862	0.958825	0.958346	0.966537	0.966934	0.966094	0.966303	0.969478	0.966834
49410	-1557.776	-1625.217	67.44141	0.962093	0.962302	0.962697	0.960071	0.959591	0.962744	0.963661	0.962824	0.958788	0.966983
49420	-1558.61	-1626.052	67.44141	0.987792	0.983651	0.984588	0.993004	0.992507	0.991645	0.992052	0.995312	0.995527	0.992813
49430	-1559.003	-1626.444	67.44141	0.991112	0.990251	0.998715	1.002	0.997796	0.995075	0.996023	0.996239	0.995741	0.996149
49440	-1557.627	-1625.068	67.44141	0.969973	0.967328	0.970506	0.970717	0.969874	0.970272	0.978565	0.978076	0.973975	0.974903
49450	-1557.626	-1625.067	67.44141	0.969722	0.97012	0.97033	0.969845	0.9672	0.968122	0.971303	0.967231	0.966391	0.974651
49460	-1557.875	-1625.317	67.44141	0.959959	0.957341	0.960486	0.960695	0.95986	0.960254	0.968462	0.967978	0.96392	0.964838
49470	-1557.9	-1625.341	67.44141	0.979153	0.978303	0.981517	0.989907	0.987207	0.983068	0.983281	0.984218	0.984622	0.98413
49480	-1557.706	-1625.147	67.44141	0.964069	0.964278	0.964673	0.962043	0.961562	0.964721	0.96564	0.964801	0.960757	0.968968
49490	-1557.979	-1625.421	67.44141	0.958147	0.958355	0.958748	0.956133	0.955655	0.958795	0.959709	0.958875	0.954855	0.963017
49500	-1558.364	-1625.806	67.44141	0.953065	0.952588	0.952979	0.953887	0.954094	0.950094	0.947503	0.955602	0.958741	0.957909
49510	-1558.025	-1625.466	67.44141	0.981158	0.980668	0.981602	0.982005	0.977888	0.9781	0.98646	0.98377	0.982915	0.986145
49520	-1557.958	-1625.399	67.44141	0.958493	0.958013	0.958926	0.95932	0.955298	0.955505	0.963672	0.961044	0.960209	0.963364
49530	-1557.77	-1625.211	67.44141	0.976485	0.979693	0.977021	0.976173	0.976384	0.98473	0.985134	0.981004	0.980513	0.981447
49540	-1557.711	-1625.152	67.44141	0.97485	0.983183	0.982329	0.978211	0.981425	0.98236	0.979681	0.979191	0.979403	0.979805
49550	-1559.1	-1626.541	67.44141	0.991857	0.991361	0.992305	0.992712	0.988551	0.988765	0.997216	0.994497	0.993633	0.996898
49560	-1557.886	-1625.327	67.44141	0.959756	0.96015	0.960358	0.959878	0.95726	0.958172	0.96132	0.95729	0.956459	0.964634
49570	-1557.734	-1625.175	67.44141	0.975542	0.983881	0.983026	0.978905	0.982121	0.983057	0.980376	0.979886	0.980098	0.9805
49580	-1557.759	-1625.201	67.44141	0.962504	0.962899	0.963107	0.962626	0.960001	0.960915	0.964072	0.960031	0.959197	0.967395
49590	-1557.756	-1625.198	67.44141	0.962588	0.965751	0.964912	0.96228	0.970505	0.970716	0.966646	0.967043	0.967964	0.96748
49600	-1560.926	-1628.368	67.44141	0.934289	0.937358	0.934802	0.93399	0.934193	0.942178	0.942564	0.938613	0.938144	0.939037
49610	-1559.348	-1626.79	67.44141	0.944263	0.944468	0.944856	0.942279	0.941808	0.944902	0.945802	0.944981	0.941019	0.949062
49620	-1557.91	-1625.351	67.44141	0.979334	0.982551	0.981698	0.979021	0.987389	0.987603	0.983463	0.983866	0.984803	0.984311
49630	-1558.206	-1625.647	67.44141	0.983553	0.986785	0.985928	0.983239	0.991643	0.991858	0.9877	0.988105	0.989047	0.988552
49640	-1559.26	-1626.702	67.44141	0.944927	0.945828	0.941862	0.941391	0.949438	0.949827	0.949002	0.949208	0.952327	0.94973
49650	-1558.162	-1625.603	67.44141	0.95551	0.95468	0.957817	0.966004	0.963369	0.95933	0.959538	0.960453	0.960847	0.960366
49660	-1557.63	-1625.071	67.44141	0.968185	0.965544	0.968717	0.968927	0.968085	0.968483	0.976761	0.976272	0.972179	0.973106
49670	-1559.173	-1626.614	67.44141	0.945608	0.945813	0.946202	0.943621	0.943149	0.946248	0.94715	0.946327	0.94236	0.950414
49680	-1557.88	-1625.321	67.44141	0.959872	0.963026	0.960399	0.959565	0.959774	0.967977	0.968374	0.964315	0.963832	0.964751
49690	-1558.721	-1626.162	67.44141	0.949447	0.948623	0.956731	0.959874	0.95585	0.953243	0.954151	0.954358	0.953881	0.954273
49700	-1558.542	-1625.983	67.44141	0.951182	0.950356	0.958479	0.961628	0.957596	0.954985	0.955895	0.956102	0.955624	0.956016
49710	-1562.301	-1629.742	67.44141	0.927344	0.928227	0.924336	0.923873	0.93177	0.932152	0.931343	0.931545	0.934606	0.932057
49720	-1558.514	-1625.955	67.44141	0.98688	0.995315	0.991142	0.990281	0.991225	0.994481	0.993984	0.991273	0.99168	0.991895
49730	-1558.926	-1626.367	67.44141	0.990504	0.990008	0.990951	0.991358	0.987202	0.987416	0.995856	0.99314	0.992278	0.995538
49740	-1557.8	-1625.241	67.44141	0.977186	0.97309	0.981407	0.982342	0.981489	0.980998	0.984221	0.984625	0.98194	0.982153
49750	-1557.744	-1625.185	67.44141	0.962918	0.963835	0.959794	0.959314	0.967514	0.967911	0.96707	0.96728	0.970458	0.967812
49760	-1557.805	-1625.246	67.44141	0.961416	0.962332	0.958297	0.957818	0.966005	0.966401	0.965562	0.965772	0.968945	0.966302
49770	-1559.053	-1626.494	67.44141	0.946565	0.946954	0.94648	0.946686	0.947588	0.945003	0.941042	0.944133	0.952203	0.951376
49780	-1557.632	-1625.074	67.44141	0.970944	0.971343	0.971553	0.971068	0.968419	0.969342	0.972527	0.96845	0.967608	0.975879
49790	-1558.011	-1625.452	67.44141	0.957647	0.957855	0.955243	0.955635	0.958775	0.958295	0.957463	0.958375	0.966567	0.962514
49800	-1558.453	-1625.895	67.44141	0.986276	0.986681	0.986188	0.986402	0.987341	0.984649	0.980521	0.983742	0.992151	0.991289
49810	-1557.631	-1625.073	67.44141	0.970798	0.970312	0.97071	0.971635	0.971846	0.967772	0.965132	0.973382	0.97658	0.975732
49820	-1557.632	-1625.074	67.44141	0.970927	0.970441	0.971366	0.971764	0.96769	0.9679	0.976173	0.973511	0.972666	0.975861
49830	-1558.848	-1626.289	67.44141	0.948303	0.956409	0.952399	0.951572	0.952478	0.955608	0.95513	0.952525	0.952916	0.953123
49840	-1559.349	-1626.791	67.44141	0.944256	0.941681	0.944775	0.94498	0.944159	0.944547	0.95262	0.952144	0.948152	0.949055
49850	-1558.975	-1626.416	67.44141	0.947215	0.944632	0.947735	0.947941	0.947118	0.947506	0.955605	0.955127	0.951123	0.952029
49860	-1558.11	-1625.552	67.44141	0.956202	0.952193	0.960332	0.961247	0.960412	0.959932	0.963086	0.963481	0.960853	0.961062
49870	-1558.163	-1625.604	67.44141	0.955502	0.95571	0.953103	0.953495	0.956627	0.956149	0.955319	0.956229	0.964402	0.960359
49880	-1558.111	-1625.552	67.44141	0.982349	0.983285	0.982793	0.978673	0.979074	0.987443	0.987657	0.986799	0.984108	0.987342
49890	-1558.809	-1626.251	67.44141	0.948646	0.944669	0.945569	0.953651	0.953174	0.952346	0.952737	0.955867	0.956075	0.953467
49900	-1558.093	-1625.534	67.44141	0.98211	0.982323	0.982727	0.980047	0.979557	0.982775	0.983711	0.982857	0.978736	0.987102
49910	-1557.787	-1625.229	67.44141	0.976904	0.976055	0.984398	0.987632	0.983492	0.98081	0.981744	0.981957	0.981466	0.981869
49920	-1557.882	-1625.323	67.44141	0.978828	0.97904	0.979442	0.976771	0.976283	0.97949	0.980423	0.979572	0.975465	0.983803
49930	-1557.676	-1625.118	67.44141	0.973608	0.976807	0.974143	0.973297	0.973509	0.981829	0.982232	0.978114	0.977625	0.978557
49940	-1558.237	-1625.678	67.44141	0.954563	0.95196	0.955088	0.955295	0.954465	0.954857	0.963019	0.962537	0.958502	0.959415
49950	-1557.838	-1625.279	67.44141	0.960699	0.961614	0.957583	0.957104	0.965285	0.965681	0.964842	0.965051	0.968222	0.965582
49960	-1557.668	-1625.11	67.44141	0.973269	0.970614	0.973803	0.974015	0.973169	0.973568	0.98189	0.981399	0.977284	0.978215
49970	-1557.712	-1625.154	67.44141	0.974908	0.983241	0.979119	0.978268	0.9792	0.982417	0.981926	0.979248	0.97965	0.979863
49980	-1557.626	-1625.068	67.44141	0.969895	0.970819	0.966749	0.966265	0.974524	0.974924	0.974078	0.974289	0.97749	0.974824
49990	-1557.754	-1625.196	67.44141	0.96264	0.961804	0.964964	0.973212	0.970558	0.966489	0.966699	0.96762	0.968017	0.967533
50000	-1557.867	-1625.309	67.44141	0.960113	0.960507	0.960027	0.960235	0.96115	0.958529	0.95451	0.957646	0.965832	0.964993
