Iteration	Posterior	Likelihood	Prior	lambda[1]	lambda[2]	lambda[3]	lambda[4]	lambda[5]	lambda[6]	lambda[7]	lambda[8]	lambda[9]	lambda[10]
0	-2024.172	-2091.613	67.44141	1	0.995216	0.993214	0.994916	0.996131	0.997918	0.998856	0.999147	0.996197	0.998604
10	-1558.804	-1626.246	67.44141	1	0.995216	0.993214	0.994916	0.996131	0.997918	0.998856	0.999147	0.996197	0.998604
20	-1558.276	-1625.717	67.44141	1	0.995216	0.993214	0.994916	0.996131	0.997918	0.998856	0.999147	0.996197	0.998604
30	-1558.481	-1625.923	67.44141	1	0.995216	0.993214	0.994916	0.996131	0.997918	0.998856	0.999147	0.996197	0.998604
40	-1557.641	-1625.082	67.44141	1	0.995216	0.993214	0.994916	0.996131	0.997918	0.998856	0.999147	0.996197	0.998604
50	-1557.727	-1625.168	67.44141	1	0.995216	0.993214	0.994916	0.996131	0.997918	0.998856	0.999147	0.996197	0.998604
60	-1557.855	-1625.296	67.44141	1	0.995216	0.993214	0.994916	0.996131	0.997918	0.998856	0.999147	0.996197	0.998604
70	-1557.922	-1625.363	67.44141	1	0.995216	0.993214	0.994916	0.996131	0.997918	0.998856	0.999147	0.996197	0.998604
80	-1558.166	-1625.608	67.44141	1	0.995216	0.993214	0.994916	0.996131	0.997918	0.998856	0.999147	0.996197	0.998604
90	-1558.656	-1626.097	67.44141	1	0.995216	0.993214	0.994916	0.996131	0.997918	0.998856	0.999147	0.996197	0.998604
100	-1557.743	-1625.184	67.44141	1	0.995216	0.993214	0.994916	0.996131	0.997918	0.998856	0.999147	0.996197	0.998604
110	-1557.731	-1625.173	67.44141	1	0.995216	0.993214	0.994916	0.996131	0.997918	0.998856	0.999147	0.996197	0.998604
120	-1557.626	-1625.068	67.44141	1	0.995216	0.993214	0.994916	0.996131	0.997918	0.998856	0.999147	0.996197	0.998604
130	-1557.727	-1625.168	67.44141	1	0.995216	0.993214	0.994916	0.996131	0.997918	0.998856	0.999147	0.996197	0.998604
140	-1557.751	-1625.193	67.44141	1	0.995216	0.993214	0.994916	0.996131	0.997918	0.998856	0.999147	0.996197	0.998604
150	-1558.071	-1625.513	67.44141	1	0.995216	0.993214	0.994916	0.996131	0.997918	0.998856	0.999147	0.996197	0.998604
160	-1559.163	-1626.604	67.44141	1	0.995216	0.993214	0.994916	0.996131	0.997918	0.998856	0.999147	0.996197	0.998604
170	-1557.628	-1625.07	67.44141	1	0.995216	0.993214	0.994916	0.996131	0.997918	0.998856	0.999147	0.996197	0.998604
180	-1558.983	-1626.425	67.44141	1	0.995216	0.993214	0.994916	0.996131	0.997918	0.998856	0.999147	0.996197	0.998604
190	-1557.626	-1625.067	67.44141	1	0.995216	0.993214	0.994916	0.996131	0.997918	0.998856	0.999147	0.996197	0.998604
200	-1557.658	-1625.099	67.44141	1	0.995216	0.993214	0.994916	0.996131	0.997918	0.998856	0.999147	0.996197	0.998604
210	-1557.993	-1625.434	67.44141	1	0.995216	0.993214	0.994916	0.996131	0.997918	0.998856	0.999147	0.996197	0.998604
220	-1558.013	-1625.454	67.44141	1	0.995216	0.993214	0.994916	0.996131	0.997918	0.998856	0.999147	0.996197	0.998604
230	-1557.736	-1625.178	67.44141	1	0.995216	0.993214	0.994916	0.996131	0.997918	0.998856	0.999147	0.996197	0.998604
240	-1557.822	-1625.264	67.44141	1	0.995216	0.993214	0.994916	0.996131	0.997918	0.998856	0.999147	0.996197	0.998604
250	-1557.635	-1625.076	67.44141	1	0.995216	0.993214	0.994916	0.996131	0.997918	0.998856	0.999147	0.996197	0.998604
260	-1557.631	-1625.073	67.44141	1	0.995216	0.993214	0.994916	0.996131	0.997918	0.998856	0.999147	0.996197	0.998604
270	-1557.978	-1625.419	67.44141	1	0.995216	0.993214	0.994916	0.996131	0.997918	0.998856	0.999147	0.996197	0.998604
280	-1557.688	-1625.129	67.44141	1	0.995216	0.993214	0.994916	0.996131	0.997918	0.998856	0.999147	0.996197	0.998604
290	-1558.24	-1625.681	67.44141	1	0.995216	0.993214	0.994916	0.996131	0.997918	0.998856	0.999147	0.996197	0.998604
300	-1558.855	-1626.296	67.44141	1	0.995216	0.993214	0.994916	0.996131	0.997918	0.998856	0.999147	0.996197	0.998604
310	-1558.871	-1626.312	67.44141	1	0.995216	0.993214	0.994916	0.996131	0.997918	0.998856	0.999147	0.996197	0.998604
320	-1557.974	-1625.416	67.44141	1	0.995216	0.993214	0.994916	0.996131	0.997918	0.998856	0.999147	0.996197	0.998604
330	-1557.709	-1625.151	67.44141	1	0.995216	0.993214	0.994916	0.996131	0.997918	0.998856	0.999147	0.996197	0.998604
340	-1557.63	-1625.071	67.44141	1	0.995216	0.993214	0.994916	0.996131	0.997918	0.998856	0.999147	0.996197	0.998604
350	-1557.63	-1625.072	67.44141	1	0.995216	0.993214	0.994916	0.996131	0.997918	0.998856	0.999147	0.996197	0.998604
360	-1557.627	-1625.068	67.44141	1	0.995216	0.993214	0.994916	0.996131	0.997918	0.998856	0.999147	0.996197	0.998604
370	-1558.076	-1625.517	67.44141	1	0.995216	0.993214	0.994916	0.996131	0.997918	0.998856	0.999147	0.996197	0.998604
380	-1557.719	-1625.16	67.44141	1	0.995216	0.993214	0.994916	0.996131	0.997918	0.998856	0.999147	0.996197	0.998604
390	-1558.642	-1626.083	67.44141	1	0.995216	0.993214	0.994916	0.996131	0.997918	0.998856	0.999147	0.996197	0.998604
400	-1559.202	-1626.644	67.44141	1	0.995216	0.993214	0.994916	0.996131	0.997918	0.998856	0.999147	0.996197	0.998604
410	-1557.764	-1625.205	67.44141	1	0.995216	0.993214	0.994916	0.996131	0.997918	0.998856	0.999147	0.996197	0.998604
420	-1559.181	-1626.623	67.44141	1	0.995216	0.993214	0.994916	0.996131	0.997918	0.998856	0.999147	0.996197	0.998604
430	-1557.992	-1625.434	67.44141	1	0.995216	0.993214	0.994916	0.996131	0.997918	0.998856	0.999147	0.996197	0.998604
440	-1557.879	-1625.321	67.44141	1	0.995216	0.993214	0.994916	0.996131	0.997918	0.998856	0.999147	0.996197	0.998604
450	-1558.012	-1625.454	67.44141	1	0.995216	0.993214	0.994916	0.996131	0.997918	0.998856	0.999147	0.996197	0.998604
460	-1557.951	-1625.392	67.44141	1	0.995216	0.993214	0.994916	0.996131	0.997918	0.998856	0.999147	0.996197	0.998604
470	-1558.354	-1625.796	67.44141	1	0.995216	0.993214	0.994916	0.996131	0.997918	0.998856	0.999147	0.996197	0.998604
480	-1558.539	-1625.981	67.44141	1	0.995216	0.993214	0.994916	0.996131	0.997918	0.998856	0.999147	0.996197	0.998604
490	-1557.961	-1625.402	67.44141	1	0.995216	0.993214	0.994916	0.996131	0.997918	0.998856	0.999147	0.996197	0.998604
500	-1558.276	-1625.718	67.44141	1	0.995216	0.993214	0.994916	0.996131	0.997918	0.998856	0.999147	0.996197	0.998604
510	-1557.665	-1625.106	67.44141	1	0.995216	0.993214	0.994916	0.996131	0.997918	0.998856	0.999147	0.996197	0.998604
520	-1558.043	-1625.484	67.44141	1	0.995216	0.993214	0.994916	0.996131	0.997918	0.998856	0.999147	0.996197	0.998604
530	-1557.702	-1625.144	67.44141	1	0.995216	0.993214	0.994916	0.996131	0.997918	0.998856	0.999147	0.996197	0.998604
540	-1557.872	-1625.313	67.44141	1	0.995216	0.993214	0.994916	0.996131	0.997918	0.998856	0.999147	0.996197	0.998604
550	-1558.054	-1625.495	67.44141	1	0.995216	0.993214	0.994916	0.996131	0.997918	0.998856	0.999147	0.996197	0.998604
560	-1557.628	-1625.07	67.44141	1	0.995216	0.993214	0.994916	0.996131	0.997918	0.998856	0.999147	0.996197	0.998604
570	-1557.653	-1625.094	67.44141	1	0.995216	0.993214	0.994916	0.996131	0.997918	0.998856	0.999147	0.996197	0.998604
580	-1558.231	-1625.673	67.44141	1	0.995216	0.993214	0.994916	0.996131	0.997918	0.998856	0.999147	0.996197	0.998604
590	-1557.842	-1625.283	67.44141	1	0.995216	0.993214	0.994916	0.996131	0.997918	0.998856	0.999147	0.996197	0.998604
600	-1558.991	-1626.433	67.44141	1	0.995216	0.993214	0.994916	0.996131	0.997918	0.998856	0.999147	0.996197	0.998604
610	-1557.89	-1625.331	67.44141	1	0.995216	0.993214	0.994916	0.996131	0.997918	0.998856	0.999147	0.996197	0.998604
620	-1557.82	-1625.261	67.44141	1	0.995216	0.993214	0.994916	0.996131	0.997918	0.998856	0.999147	0.996197	0.998604
630	-1559.735	-1627.176	67.44141	1	0.995216	0.993214	0.994916	0.996131	0.997918	0.998856	0.999147	0.996197	0.998604
640	-1557.638	-1625.079	67.44141	1	0.995216	0.993214	0.994916	0.996131	0.997918	0.998856	0.999147	0.996197	0.998604
650	-1557.666	-1625.108	67.44141	1	0.995216	0.993214	0.994916	0.996131	0.997918	0.998856	0.999147	0.996197	0.998604
660	-1557.737	-1625.179	67.44141	1	0.995216	0.993214	0.994916	0.996131	0.997918	0.998856	0.999147	0.996197	0.998604
670	-1558.014	-1625.455	67.44141	1	0.995216	0.993214	0.994916	0.996131	0.997918	0.998856	0.999147	0.996197	0.998604
680	-1560.079	-1627.521	67.44141	1	0.995216	0.993214	0.994916	0.996131	0.997918	0.998856	0.999147	0.996197	0.998604
690	-1558.867	-1626.308	67.44141	1	0.995216	0.993214	0.994916	0.996131	0.997918	0.998856	0.999147	0.996197	0.998604
700	-1557.802	-1625.244	67.44141	1	0.995216	0.993214	0.994916	0.996131	0.997918	0.998856	0.999147	0.996197	0.998604
710	-1557.753	-1625.194	67.44141	1	0.995216	0.993214	0.994916	0.996131	0.997918	0.998856	0.999147	0.996197	0.998604
720	-1558.31	-1625.752	67.44141	1	0.995216	0.993214	0.994916	0.996131	0.997918	0.998856	0.999147	0.996197	0.998604
730	-1557.851	-1625.292	67.44141	1	0.995216	0.993214	0.994916	0.996131	0.997918	0.998856	0.999147	0.996197	0.998604
740	-1557.628	-1625.069	67.44141	1	0.995216	0.993214	0.994916	0.996131	0.997918	0.998856	0.999147	0.996197	0.998604
750	-1557.676	-1625.118	67.44141	1	0.995216	0.993214	0.994916	0.996131	0.997918	0.998856	0.999147	0.996197	0.998604
760	-1558.949	-1626.39	67.44141	1	0.995216	0.993214	0.994916	0.996131	0.997918	0.998856	0.999147	0.996197	0.998604
770	-1557.675	-1625.117	67.44141	1	0.995216	0.993214	0.994916	0.996131	0.997918	0.998856	0.999147	0.996197	0.998604
780	-1558.129	-1625.571	67.44141	1	0.995216	0.993214	0.994916	0.996131	0.997918	0.998856	0.999147	0.996197	0.998604
790	-1558.088	-1625.529	67.44141	1	0.995216	0.993214	0.994916	0.996131	0.997918	0.998856	0.999147	0.996197	0.998604
800	-1557.869	-1625.31	67.44141	1	0.995216	0.993214	0.994916	0.996131	0.997918	0.998856	0.999147	0.996197	0.998604
810	-1557.894	-1625.335	67.44141	1	0.995216	0.993214	0.994916	0.996131	0.997918	0.998856	0.999147	0.996197	0.998604
820	-1558.255	-1625.697	67.44141	1	0.995216	0.993214	0.994916	0.996131	0.997918	0.998856	0.999147	0.996197	0.998604
830	-1558.274	-1625.716	67.44141	1	0.995216	0.993214	0.994916	0.996131	0.997918	0.998856	0.999147	0.996197	0.998604
840	-1557.645	-1625.086	67.44141	1	0.995216	0.993214	0.994916	0.996131	0.997918	0.998856	0.999147	0.996197	0.998604
850	-1558.715	-1626.156	67.44141	1	0.995216	0.993214	0.994916	0.996131	0.997918	0.998856	0.999147	0.996197	0.998604
860	-1557.628	-1625.069	67.44141	1	0.995216	0.993214	0.994916	0.996131	0.997918	0.998856	0.999147	0.996197	0.998604
870	-1557.629	-1625.07	67.44141	1	0.995216	0.993214	0.994916	0.996131	0.997918	0.998856	0.999147	0.996197	0.998604
880	-1557.631	-1625.072	67.44141	1	0.995216	0.993214	0.994916	0.996131	0.997918	0.998856	0.999147	0.996197	0.998604
890	-1557.752	-1625.194	67.44141	1	0.995216	0.993214	0.994916	0.996131	0.997918	0.998856	0.999147	0.996197	0.998604
900	-1558.216	-1625.657	67.44141	1	0.995216	0.993214	0.994916	0.996131	0.997918	0.998856	0.999147	0.996197	0.998604
910	-1557.749	-1625.19	67.44141	1	0.995216	0.993214	0.994916	0.996131	0.997918	0.998856	0.999147	0.996197	0.998604
920	-1557.92	-1625.361	67.44141	1	0.995216	0.993214	0.994916	0.996131	0.997918	0.998856	0.999147	0.996197	0.998604
930	-1557.711	-1625.153	67.44141	1	0.995216	0.993214	0.994916	0.996131	0.997918	0.998856	0.999147	0.996197	0.998604
940	-1557.676	-1625.118	67.44141	1	0.995216	0.993214	0.994916	0.996131	0.997918	0.998856	0.999147	0.996197	0.998604
950	-1557.708	-1625.149	67.44141	1	0.995216	0.993214	0.994916	0.996131	0.997918	0.998856	0.999147	0.996197	0.998604
960	-1557.875	-1625.316	67.44141	1	0.995216	0.993214	0.994916	0.996131	0.997918	0.998856	0.999147	0.996197	0.998604
970	-1557.855	-1625.297	67.44141	1	0.995216	0.993214	0.994916	0.996131	0.997918	0.998856	0.999147	0.996197	0.998604
980	-1557.635	-1625.077	67.44141	1	0.995216	0.993214	0.994916	0.996131	0.997918	0.998856	0.999147	0.996197	0.998604
990	-1557.893	-1625.335	67.44141	1	0.995216	0.993214	0.994916	0.996131	0.997918	0.998856	0.999147	0.996197	0.998604
1000	-1560.125	-1627.567	67.44141	1	0.995216	0.993214	0.994916	0.996131	0.997918	0.998856	0.999147	0.996197	0.998604
1010	-1558.025	-1625.466	67.44141	1	0.995216	0.993214	0.994916	0.996131	0.997918	0.998856	0.999147	0.996197	0.998604
1020	-1559.297	-1626.739	67.44141	1	0.995216	0.993214	0.994916	0.996131	0.997918	0.998856	0.999147	0.996197	0.998604
1030	-1557.815	-1625.256	67.44141	1	0.995216	0.993214	0.994916	0.996131	0.997918	0.998856	0.999147	0.996197	0.998604
1040	-1558.213	-1625.654	67.44141	1	0.995216	0.993214	0.994916	0.996131	0.997918	0.998856	0.999147	0.996197	0.998604
1050	-1558.28	-1625.721	67.44141	1	0.995216	0.993214	0.994916	0.996131	0.997918	0.998856	0.999147	0.996197	0.998604
1060	-1557.701	-1625.142	67.44141	1	0.995216	0.993214	0.994916	0.996131	0.997918	0.998856	0.999147	0.996197	0.998604
1070	-1558.107	-1625.549	67.44141	1	0.995216	0.993214	0.994916	0.996131	0.997918	0.998856	0.999147	0.996197	0.998604
1080	-1557.763	-1625.204	67.44141	1	0.995216	0.993214	0.994916	0.996131	0.997918	0.998856	0.999147	0.996197	0.998604
1090	-1558.177	-1625.618	67.44141	1	0.995216	0.993214	0.994916	0.996131	0.997918	0.998856	0.999147	0.996197	0.998604
1100	-1557.652	-1625.094	67.44141	1	0.995216	0.993214	0.994916	0.996131	0.997918	0.998856	0.999147	0.996197	0.998604
1110	-1558.085	-1625.526	67.44141	1	0.995216	0.993214	0.994916	0.996131	0.997918	0.998856	0.999147	0.996197	0.998604
1120	-1557.678	-1625.119	67.44141	1	0.995216	0.993214	0.994916	0.996131	0.997918	0.998856	0.999147	0.996197	0.998604
1130	-1557.963	-1625.404	67.44141	1	0.995216	0.993214	0.994916	0.996131	0.997918	0.998856	0.999147	0.996197	0.998604
1140	-1557.64	-1625.082	67.44141	1	0.995216	0.993214	0.994916	0.996131	0.997918	0.998856	0.999147	0.996197	0.998604
1150	-1557.806	-1625.247	67.44141	1	0.995216	0.993214	0.994916	0.996131	0.997918	0.998856	0.999147	0.996197	0.998604
1160	-1557.645	-1625.086	67.44141	1	0.995216	0.993214	0.994916	0.996131	0.997918	0.998856	0.999147	0.996197	0.998604
1170	-1557.746	-1625.188	67.44141	1	0.995216	0.993214	0.994916	0.996131	0.997918	0.998856	0.999147	0.996197	0.998604
1180	-1558.124	-1625.565	67.44141	1	0.995216	0.993214	0.994916	0.996131	0.997918	0.998856	0.999147	0.996197	0.998604
1190	-1558.71	-1626.151	67.44141	1	0.995216	0.993214	0.994916	0.996131	0.997918	0.998856	0.999147	0.996197	0.998604
1200	-1557.717	-1625.158	67.44141	1	0.995216	0.993214	0.994916	0.996131	0.997918	0.998856	0.999147	0.996197	0.998604
1210	-1557.671	-1625.112	67.44141	1	0.995216	0.993214	0.994916	0.996131	0.997918	0.998856	0.999147	0.996197	0.998604
1220	-1557.685	-1625.126	67.44141	1	0.995216	0.993214	0.994916	0.996131	0.997918	0.998856	0.999147	0.996197	0.998604
1230	-1557.627	-1625.068	67.44141	1	0.995216	0.993214	0.994916	0.996131	0.997918	0.998856	0.999147	0.996197	0.998604
1240	-1558.425	-1625.866	67.44141	1	0.995216	0.993214	0.994916	0.996131	0.997918	0.998856	0.999147	0.996197	0.998604
1250	-1557.727	-1625.168	67.44141	1	0.995216	0.993214	0.994916	0.996131	0.997918	0.998856	0.999147	0.996197	0.998604
1260	-1557.983	-1625.424	67.44141	1	0.995216	0.993214	0.994916	0.996131	0.997918	0.998856	0.999147	0.996197	0.998604
1270	-1557.659	-1625.101	67.44141	1	0.995216	0.993214	0.994916	0.996131	0.997918	0.998856	0.999147	0.996197	0.998604
1280	-1558.052	-1625.493	67.44141	1	0.995216	0.993214	0.994916	0.996131	0.997918	0.998856	0.999147	0.996197	0.998604
1290	-1558.604	-1626.045	67.44141	1	0.995216	0.993214	0.994916	0.996131	0.997918	0.998856	0.999147	0.996197	0.998604
1300	-1557.653	-1625.094	67.44141	1	0.995216	0.993214	0.994916	0.996131	0.997918	0.998856	0.999147	0.996197	0.998604
1310	-1557.717	-1625.158	67.44141	1	0.995216	0.993214	0.994916	0.996131	0.997918	0.998856	0.999147	0.996197	0.998604
1320	-1558.168	-1625.609	67.44141	1	0.995216	0.993214	0.994916	0.996131	0.997918	0.998856	0.999147	0.996197	0.998604
1330	-1557.972	-1625.414	67.44141	1	0.995216	0.993214	0.994916	0.996131	0.997918	0.998856	0.999147	0.996197	0.998604
1340	-1557.63	-1625.071	67.44141	1	0.995216	0.993214	0.994916	0.996131	0.997918	0.998856	0.999147	0.996197	0.998604
1350	-1557.865	-1625.307	67.44141	1	0.995216	0.993214	0.994916	0.996131	0.997918	0.998856	0.999147	0.996197	0.998604
1360	-1557.697	-1625.139	67.44141	1	0.995216	0.993214	0.994916	0.996131	0.997918	0.998856	0.999147	0.996197	0.998604
1370	-1557.72	-1625.161	67.44141	1	0.995216	0.993214	0.994916	0.996131	0.997918	0.998856	0.999147	0.996197	0.998604
1380	-1557.675	-1625.117	67.44141	1	0.995216	0.993214	0.994916	0.996131	0.997918	0.998856	0.999147	0.996197	0.998604
1390	-1557.995	-1625.437	67.44141	1	0.995216	0.993214	0.994916	0.996131	0.997918	0.998856	0.999147	0.996197	0.998604
1400	-1558.761	-1626.202	67.44141	1	0.995216	0.993214	0.994916	0.996131	0.997918	0.998856	0.999147	0.996197	0.998604
1410	-1558.238	-1625.68	67.44141	1	0.995216	0.993214	0.994916	0.996131	0.997918	0.998856	0.999147	0.996197	0.998604
1420	-1557.707	-1625.148	67.44141	1	0.995216	0.993214	0.994916	0.996131	0.997918	0.998856	0.999147	0.996197	0.998604
1430	-1557.66	-1625.101	67.44141	1	0.995216	0.993214	0.994916	0.996131	0.997918	0.998856	0.999147	0.996197	0.998604
1440	-1557.745	-1625.186	67.44141	1	0.995216	0.993214	0.994916	0.996131	0.997918	0.998856	0.999147	0.996197	0.998604
1450	-1558.67	-1626.112	67.44141	1	0.995216	0.993214	0.994916	0.996131	0.997918	0.998856	0.999147	0.996197	0.998604
1460	-1557.902	-1625.343	67.44141	1	0.995216	0.993214	0.994916	0.996131	0.997918	0.998856	0.999147	0.996197	0.998604
1470	-1557.717	-1625.159	67.44141	1	0.995216	0.993214	0.994916	0.996131	0.997918	0.998856	0.999147	0.996197	0.998604
1480	-1557.782	-1625.224	67.44141	1	0.995216	0.993214	0.994916	0.996131	0.997918	0.998856	0.999147	0.996197	0.998604
1490	-1557.814	-1625.255	67.44141	1	0.995216	0.993214	0.994916	0.996131	0.997918	0.998856	0.999147	0.996197	0.998604
1500	-1559.498	-1626.94	67.44141	1	0.995216	0.993214	0.994916	0.996131	0.997918	0.998856	0.999147	0.996197	0.998604
1510	-1557.829	-1625.271	67.44141	1	0.995216	0.993214	0.994916	0.996131	0.997918	0.998856	0.999147	0.996197	0.998604
1520	-1557.929	-1625.37	67.44141	1	0.995216	0.993214	0.994916	0.996131	0.997918	0.998856	0.999147	0.996197	0.998604
1530	-1557.81	-1625.251	67.44141	1	0.995216	0.993214	0.994916	0.996131	0.997918	0.998856	0.999147	0.996197	0.998604
1540	-1558.392	-1625.834	67.44141	1	0.995216	0.993214	0.994916	0.996131	0.997918	0.998856	0.999147	0.996197	0.998604
1550	-1557.842	-1625.283	67.44141	1	0.995216	0.993214	0.994916	0.996131	0.997918	0.998856	0.999147	0.996197	0.998604
1560	-1557.804	-1625.245	67.44141	1	0.995216	0.993214	0.994916	0.996131	0.997918	0.998856	0.999147	0.996197	0.998604
1570	-1558.144	-1625.586	67.44141	1	0.995216	0.993214	0.994916	0.996131	0.997918	0.998856	0.999147	0.996197	0.998604
1580	-1557.83	-1625.271	67.44141	1	0.995216	0.993214	0.994916	0.996131	0.997918	0.998856	0.999147	0.996197	0.998604
1590	-1557.664	-1625.106	67.44141	1	0.995216	0.993214	0.994916	0.996131	0.997918	0.998856	0.999147	0.996197	0.998604
1600	-1557.916	-1625.358	67.44141	1	0.995216	0.993214	0.994916	0.996131	0.997918	0.998856	0.999147	0.996197	0.998604
1610	-1557.636	-1625.077	67.44141	1	0.995216	0.993214	0.994916	0.996131	0.997918	0.998856	0.999147	0.996197	0.998604
1620	-1557.669	-1625.11	67.44141	1	0.995216	0.993214	0.994916	0.996131	0.997918	0.998856	0.999147	0.996197	0.998604
1630	-1557.738	-1625.18	67.44141	1	0.995216	0.993214	0.994916	0.996131	0.997918	0.998856	0.999147	0.996197	0.998604
1640	-1558.175	-1625.616	67.44141	1	0.995216	0.993214	0.994916	0.996131	0.997918	0.998856	0.999147	0.996197	0.998604
1650	-1557.806	-1625.247	67.44141	1	0.995216	0.993214	0.994916	0.996131	0.997918	0.998856	0.999147	0.996197	0.998604
1660	-1557.628	-1625.069	67.44141	1	0.995216	0.993214	0.994916	0.996131	0.997918	0.998856	0.999147	0.996197	0.998604
1670	-1557.626	-1625.068	67.44141	1	0.995216	0.993214	0.994916	0.996131	0.997918	0.998856	0.999147	0.996197	0.998604
1680	-1557.637	-1625.079	67.44141	1	0.995216	0.993214	0.994916	0.996131	0.997918	0.998856	0.999147	0.996197	0.998604
1690	-1557.697	-1625.138	67.44141	1	0.995216	0.993214	0.994916	0.996131	0.997918	0.998856	0.999147	0.996197	0.998604
1700	-1557.627	-1625.068	67.44141	1	0.995216	0.993214	0.994916	0.996131	0.997918	0.998856	0.999147	0.996197	0.998604
1710	-1558.665	-1626.106	67.44141	1	0.995216	0.993214	0.994916	0.996131	0.997918	0.998856	0.999147	0.996197	0.998604
1720	-1557.777	-1625.218	67.44141	1	0.995216	0.993214	0.994916	0.996131	0.997918	0.998856	0.999147	0.996197	0.998604
1730	-1559.702	-1627.144	67.44141	1	0.995216	0.993214	0.994916	0.996131	0.997918	0.998856	0.999147	0.996197	0.998604
1740	-1557.729	-1625.17	67.44141	1	0.995216	0.993214	0.994916	0.996131	0.997918	0.998856	0.999147	0.996197	0.998604
1750	-1557.864	-1625.306	67.44141	1	0.995216	0.993214	0.994916	0.996131	0.997918	0.998856	0.999147	0.996197	0.998604
1760	-1560.198	-1627.64	67.44141	1	0.995216	0.993214	0.994916	0.996131	0.997918	0.998856	0.999147	0.996197	0.998604
1770	-1557.627	-1625.069	67.44141	1	0.995216	0.993214	0.994916	0.996131	0.997918	0.998856	0.999147	0.996197	0.998604
1780	-1557.644	-1625.085	67.44141	1	0.995216	0.993214	0.994916	0.996131	0.997918	0.998856	0.999147	0.996197	0.998604
1790	-1557.692	-1625.134	67.44141	1	0.995216	0.993214	0.994916	0.996131	0.997918	0.998856	0.999147	0.996197	0.998604
1800	-1557.664	-1625.105	67.44141	1	0.995216	0.993214	0.994916	0.996131	0.997918	0.998856	0.999147	0.996197	0.998604
1810	-1558.957	-1626.398	67.44141	1	0.995216	0.993214	0.994916	0.996131	0.997918	0.998856	0.999147	0.996197	0.998604
1820	-1557.894	-1625.336	67.44141	1	0.995216	0.993214	0.994916	0.996131	0.997918	0.998856	0.999147	0.996197	0.998604
1830	-1557.806	-1625.247	67.44141	1	0.995216	0.993214	0.994916	0.996131	0.997918	0.998856	0.999147	0.996197	0.998604
1840	-1558.04	-1625.481	67.44141	1	0.995216	0.993214	0.994916	0.996131	0.997918	0.998856	0.999147	0.996197	0.998604
1850	-1557.781	-1625.223	67.44141	1	0.995216	0.993214	0.994916	0.996131	0.997918	0.998856	0.999147	0.996197	0.998604
1860	-1558.996	-1626.438	67.44141	1	0.995216	0.993214	0.994916	0.996131	0.997918	0.998856	0.999147	0.996197	0.998604
1870	-1559.229	-1626.67	67.44141	1	0.995216	0.993214	0.994916	0.996131	0.997918	0.998856	0.999147	0.996197	0.998604
1880	-1557.881	-1625.323	67.44141	1	0.995216	0.993214	0.994916	0.996131	0.997918	0.998856	0.999147	0.996197	0.998604
1890	-1557.634	-1625.075	67.44141	1	0.995216	0.993214	0.994916	0.996131	0.997918	0.998856	0.999147	0.996197	0.998604
1900	-1558.027	-1625.469	67.44141	1	0.995216	0.993214	0.994916	0.996131	0.997918	0.998856	0.999147	0.996197	0.998604
1910	-1558.068	-1625.509	67.44141	1	0.995216	0.993214	0.994916	0.996131	0.997918	0.998856	0.999147	0.996197	0.998604
1920	-1557.992	-1625.433	67.44141	1	0.995216	0.993214	0.994916	0.996131	0.997918	0.998856	0.999147	0.996197	0.998604
1930	-1557.676	-1625.117	67.44141	1	0.995216	0.993214	0.994916	0.996131	0.997918	0.998856	0.999147	0.996197	0.998604
1940	-1557.793	-1625.234	67.44141	1	0.995216	0.993214	0.994916	0.996131	0.997918	0.998856	0.999147	0.996197	0.998604
1950	-1558.022	-1625.463	67.44141	1	0.995216	0.993214	0.994916	0.996131	0.997918	0.998856	0.999147	0.996197	0.998604
1960	-1557.648	-1625.089	67.44141	1	0.995216	0.993214	0.994916	0.996131	0.997918	0.998856	0.999147	0.996197	0.998604
1970	-1557.757	-1625.199	67.44141	1	0.995216	0.993214	0.994916	0.996131	0.997918	0.998856	0.999147	0.996197	0.998604
1980	-1558.375	-1625.816	67.44141	1	0.995216	0.993214	0.994916	0.996131	0.997918	0.998856	0.999147	0.996197	0.998604
1990	-1559.108	-1626.55	67.44141	1	0.995216	0.993214	0.994916	0.996131	0.997918	0.998856	0.999147	0.996197	0.998604
2000	-1558.598	-1626.039	67.44141	1	0.995216	0.993214	0.994916	0.996131	0.997918	0.998856	0.999147	0.996197	0.998604
2010	-1557.961	-1625.402	67.44141	1	0.995216	0.993214	0.994916	0.996131	0.997918	0.998856	0.999147	0.996197	0.998604
2020	-1558.722	-1626.164	67.44141	1	0.995216	0.993214	0.994916	0.996131	0.997918	0.998856	0.999147	0.996197	0.998604
2030	-1558.189	-1625.631	67.44141	1	0.995216	0.993214	0.994916	0.996131	0.997918	0.998856	0.999147	0.996197	0.998604
2040	-1557.643	-1625.085	67.44141	1	0.995216	0.993214	0.994916	0.996131	0.997918	0.998856	0.999147	0.996197	0.998604
2050	-1557.931	-1625.372	67.44141	1	0.995216	0.993214	0.994916	0.996131	0.997918	0.998856	0.999147	0.996197	0.998604
2060	-1558.288	-1625.729	67.44141	1	0.995216	0.993214	0.994916	0.996131	0.997918	0.998856	0.999147	0.996197	0.998604
2070	-1557.737	-1625.178	67.44141	1	0.995216	0.993214	0.994916	0.996131	0.997918	0.998856	0.999147	0.996197	0.998604
2080	-1558.334	-1625.775	67.44141	1	0.995216	0.993214	0.994916	0.996131	0.997918	0.998856	0.999147	0.996197	0.998604
2090	-1557.704	-1625.145	67.44141	1	0.995216	0.993214	0.994916	0.996131	0.997918	0.998856	0.999147	0.996197	0.998604
2100	-1557.782	-1625.223	67.44141	1	0.995216	0.993214	0.994916	0.996131	0.997918	0.998856	0.999147	0.996197	0.998604
2110	-1560.205	-1627.646	67.44141	1	0.995216	0.993214	0.994916	0.996131	0.997918	0.998856	0.999147	0.996197	0.998604
2120	-1557.85	-1625.291	67.44141	1	0.995216	0.993214	0.994916	0.996131	0.997918	0.998856	0.999147	0.996197	0.998604
2130	-1557.69	-1625.132	67.44141	1	0.995216	0.993214	0.994916	0.996131	0.997918	0.998856	0.999147	0.996197	0.998604
2140	-1558.256	-1625.697	67.44141	1	0.995216	0.993214	0.994916	0.996131	0.997918	0.998856	0.999147	0.996197	0.998604
2150	-1557.68	-1625.121	67.44141	1	0.995216	0.993214	0.994916	0.996131	0.997918	0.998856	0.999147	0.996197	0.998604
2160	-1557.899	-1625.341	67.44141	1	0.995216	0.993214	0.994916	0.996131	0.997918	0.998856	0.999147	0.996197	0.998604
2170	-1557.925	-1625.366	67.44141	1	0.995216	0.993214	0.994916	0.996131	0.997918	0.998856	0.999147	0.996197	0.998604
2180	-1558.622	-1626.063	67.44141	1	0.995216	0.993214	0.994916	0.996131	0.997918	0.998856	0.999147	0.996197	0.998604
2190	-1559.266	-1626.707	67.44141	1	0.995216	0.993214	0.994916	0.996131	0.997918	0.998856	0.999147	0.996197	0.998604
2200	-1557.626	-1625.067	67.44141	1	0.995216	0.993214	0.994916	0.996131	0.997918	0.998856	0.999147	0.996197	0.998604
2210	-1557.883	-1625.324	67.44141	1	0.995216	0.993214	0.994916	0.996131	0.997918	0.998856	0.999147	0.996197	0.998604
2220	-1557.634	-1625.076	67.44141	1	0.995216	0.993214	0.994916	0.996131	0.997918	0.998856	0.999147	0.996197	0.998604
2230	-1557.994	-1625.435	67.44141	1	0.995216	0.993214	0.994916	0.996131	0.997918	0.998856	0.999147	0.996197	0.998604
2240	-1558.449	-1625.891	67.44141	1	0.995216	0.993214	0.994916	0.996131	0.997918	0.998856	0.999147	0.996197	0.998604
2250	-1557.71	-1625.152	67.44141	1	0.995216	0.993214	0.994916	0.996131	0.997918	0.998856	0.999147	0.996197	0.998604
2260	-1559.353	-1626.794	67.44141	1	0.995216	0.993214	0.994916	0.996131	0.997918	0.998856	0.999147	0.996197	0.998604
2270	-1557.703	-1625.144	67.44141	1	0.995216	0.993214	0.994916	0.996131	0.997918	0.998856	0.999147	0.996197	0.998604
2280	-1557.731	-1625.173	67.44141	1	0.995216	0.993214	0.994916	0.996131	0.997918	0.998856	0.999147	0.996197	0.998604
2290	-1559.029	-1626.471	67.44141	1	0.995216	0.993214	0.994916	0.996131	0.997918	0.998856	0.999147	0.996197	0.998604
2300	-1557.698	-1625.139	67.44141	1	0.995216	0.993214	0.994916	0.996131	0.997918	0.998856	0.999147	0.996197	0.998604
2310	-1557.662	-1625.104	67.44141	1	0.995216	0.993214	0.994916	0.996131	0.997918	0.998856	0.999147	0.996197	0.998604
2320	-1559.553	-1626.995	67.44141	1	0.995216	0.993214	0.994916	0.996131	0.997918	0.998856	0.999147	0.996197	0.998604
2330	-1557.649	-1625.09	67.44141	1	0.995216	0.993214	0.994916	0.996131	0.997918	0.998856	0.999147	0.996197	0.998604
2340	-1557.63	-1625.071	67.44141	1	0.995216	0.993214	0.994916	0.996131	0.997918	0.998856	0.999147	0.996197	0.998604
2350	-1558.532	-1625.973	67.44141	1	0.995216	0.993214	0.994916	0.996131	0.997918	0.998856	0.999147	0.996197	0.998604
2360	-1557.632	-1625.073	67.44141	1	0.995216	0.993214	0.994916	0.996131	0.997918	0.998856	0.999147	0.996197	0.998604
2370	-1557.762	-1625.204	67.44141	1	0.995216	0.993214	0.994916	0.996131	0.997918	0.998856	0.999147	0.996197	0.998604
2380	-1557.815	-1625.256	67.44141	1	0.995216	0.993214	0.994916	0.996131	0.997918	0.998856	0.999147	0.996197	0.998604
2390	-1557.627	-1625.068	67.44141	1	0.995216	0.993214	0.994916	0.996131	0.997918	0.998856	0.999147	0.996197	0.998604
2400	-1558.06	-1625.502	67.44141	1	0.995216	0.993214	0.994916	0.996131	0.997918	0.998856	0.999147	0.996197	0.998604
2410	-1558.683	-1626.125	67.44141	1	0.995216	0.993214	0.994916	0.996131	0.997918	0.998856	0.999147	0.996197	0.998604
2420	-1557.631	-1625.073	67.44141	1	0.995216	0.993214	0.994916	0.996131	0.997918	0.998856	0.999147	0.996197	0.998604
2430	-1557.842	-1625.283	67.44141	1	0.995216	0.993214	0.994916	0.996131	0.997918	0.998856	0.999147	0.996197	0.998604
2440	-1558.147	-1625.588	67.44141	1	0.995216	0.993214	0.994916	0.996131	0.997918	0.998856	0.999147	0.996197	0.998604
2450	-1558.701	-1626.142	67.44141	1	0.995216	0.993214	0.994916	0.996131	0.997918	0.998856	0.999147	0.996197	0.998604
2460	-1557.677	-1625.118	67.44141	1	0.995216	0.993214	0.994916	0.996131	0.997918	0.998856	0.999147	0.996197	0.998604
2470	-1557.941	-1625.382	67.44141	1	0.995216	0.993214	0.994916	0.996131	0.997918	0.998856	0.999147	0.996197	0.998604
2480	-1557.701	-1625.142	67.44141	1	0.995216	0.993214	0.994916	0.996131	0.997918	0.998856	0.999147	0.996197	0.998604
2490	-1558.989	-1626.431	67.44141	1	0.995216	0.993214	0.994916	0.996131	0.997918	0.998856	0.999147	0.996197	0.998604
2500	-1557.668	-1625.109	67.44141	1	0.995216	0.993214	0.994916	0.996131	0.997918	0.998856	0.999147	0.996197	0.998604
2510	-1557.626	-1625.067	67.44141	1	0.995216	0.993214	0.994916	0.996131	0.997918	0.998856	0.999147	0.996197	0.998604
2520	-1561.964	-1629.405	67.44141	1	0.995216	0.993214	0.994916	0.996131	0.997918	0.998856	0.999147	0.996197	0.998604
2530	-1558.002	-1625.443	67.44141	1	0.995216	0.993214	0.994916	0.996131	0.997918	0.998856	0.999147	0.996197	0.998604
2540	-1559.967	-1627.409	67.44141	1	0.995216	0.993214	0.994916	0.996131	0.997918	0.998856	0.999147	0.996197	0.998604
2550	-1557.626	-1625.067	67.44141	1	0.995216	0.993214	0.994916	0.996131	0.997918	0.998856	0.999147	0.996197	0.998604
2560	-1557.676	-1625.118	67.44141	1	0.995216	0.993214	0.994916	0.996131	0.997918	0.998856	0.999147	0.996197	0.998604
2570	-1558.27	-1625.711	67.44141	1	0.995216	0.993214	0.994916	0.996131	0.997918	0.998856	0.999147	0.996197	0.998604
2580	-1557.903	-1625.345	67.44141	1	0.995216	0.993214	0.994916	0.996131	0.997918	0.998856	0.999147	0.996197	0.998604
2590	-1558.927	-1626.368	67.44141	1	0.995216	0.993214	0.994916	0.996131	0.997918	0.998856	0.999147	0.996197	0.998604
2600	-1557.627	-1625.069	67.44141	1	0.995216	0.993214	0.994916	0.996131	0.997918	0.998856	0.999147	0.996197	0.998604
2610	-1559.117	-1626.558	67.44141	1	0.995216	0.993214	0.994916	0.996131	0.997918	0.998856	0.999147	0.996197	0.998604
2620	-1557.725	-1625.167	67.44141	1	0.995216	0.993214	0.994916	0.996131	0.997918	0.998856	0.999147	0.996197	0.998604
2630	-1557.647	-1625.088	67.44141	1	0.995216	0.993214	0.994916	0.996131	0.997918	0.998856	0.999147	0.996197	0.998604
2640	-1558.726	-1626.167	67.44141	1	0.995216	0.993214	0.994916	0.996131	0.997918	0.998856	0.999147	0.996197	0.998604
2650	-1558.094	-1625.535	67.44141	1	0.995216	0.993214	0.994916	0.996131	0.997918	0.998856	0.999147	0.996197	0.998604
2660	-1557.636	-1625.077	67.44141	1	0.995216	0.993214	0.994916	0.996131	0.997918	0.998856	0.999147	0.996197	0.998604
2670	-1558.35	-1625.792	67.44141	1	0.995216	0.993214	0.994916	0.996131	0.997918	0.998856	0.999147	0.996197	0.998604
2680	-1558.618	-1626.059	67.44141	1	0.995216	0.993214	0.994916	0.996131	0.997918	0.998856	0.999147	0.996197	0.998604
2690	-1557.699	-1625.14	67.44141	1	0.995216	0.993214	0.994916	0.996131	0.997918	0.998856	0.999147	0.996197	0.998604
2700	-1557.683	-1625.125	67.44141	1	0.995216	0.993214	0.994916	0.996131	0.997918	0.998856	0.999147	0.996197	0.998604
2710	-1557.804	-1625.246	67.44141	1	0.995216	0.993214	0.994916	0.996131	0.997918	0.998856	0.999147	0.996197	0.998604
2720	-1557.705	-1625.147	67.44141	1	0.995216	0.993214	0.994916	0.996131	0.997918	0.998856	0.999147	0.996197	0.998604
2730	-1557.638	-1625.08	67.44141	1	0.995216	0.993214	0.994916	0.996131	0.997918	0.998856	0.999147	0.996197	0.998604
2740	-1560.374	-1627.815	67.44141	1	0.995216	0.993214	0.994916	0.996131	0.997918	0.998856	0.999147	0.996197	0.998604
2750	-1558.71	-1626.152	67.44141	1	0.995216	0.993214	0.994916	0.996131	0.997918	0.998856	0.999147	0.996197	0.998604
2760	-1557.626	-1625.067	67.44141	1	0.995216	0.993214	0.994916	0.996131	0.997918	0.998856	0.999147	0.996197	0.998604
2770	-1557.872	-1625.313	67.44141	1	0.995216	0.993214	0.994916	0.996131	0.997918	0.998856	0.999147	0.996197	0.998604
2780	-1557.887	-1625.329	67.44141	1	0.995216	0.993214	0.994916	0.996131	0.997918	0.998856	0.999147	0.996197	0.998604
2790	-1557.626	-1625.067	67.44141	1	0.995216	0.993214	0.994916	0.996131	0.997918	0.998856	0.999147	0.996197	0.998604
2800	-1557.626	-1625.068	67.44141	1	0.995216	0.993214	0.994916	0.996131	0.997918	0.998856	0.999147	0.996197	0.998604
2810	-1557.626	-1625.068	67.44141	1	0.995216	0.993214	0.994916	0.996131	0.997918	0.998856	0.999147	0.996197	0.998604
2820	-1557.975	-1625.416	67.44141	1	0.995216	0.993214	0.994916	0.996131	0.997918	0.998856	0.999147	0.996197	0.998604
2830	-1557.763	-1625.205	67.44141	1	0.995216	0.993214	0.994916	0.996131	0.997918	0.998856	0.999147	0.996197	0.998604
2840	-1558.273	-1625.715	67.44141	1	0.995216	0.993214	0.994916	0.996131	0.997918	0.998856	0.999147	0.996197	0.998604
2850	-1558.23	-1625.671	67.44141	1	0.995216	0.993214	0.994916	0.996131	0.997918	0.998856	0.999147	0.996197	0.998604
2860	-1557.719	-1625.161	67.44141	1	0.995216	0.993214	0.994916	0.996131	0.997918	0.998856	0.999147	0.996197	0.998604
2870	-1557.655	-1625.096	67.44141	1	0.995216	0.993214	0.994916	0.996131	0.997918	0.998856	0.999147	0.996197	0.998604
2880	-1558.989	-1626.431	67.44141	1	0.995216	0.993214	0.994916	0.996131	0.997918	0.998856	0.999147	0.996197	0.998604
2890	-1559.671	-1627.113	67.44141	1	0.995216	0.993214	0.994916	0.996131	0.997918	0.998856	0.999147	0.996197	0.998604
2900	-1557.716	-1625.158	67.44141	1	0.995216	0.993214	0.994916	0.996131	0.997918	0.998856	0.999147	0.996197	0.998604
2910	-1558.132	-1625.574	67.44141	1	0.995216	0.993214	0.994916	0.996131	0.997918	0.998856	0.999147	0.996197	0.998604
2920	-1557.692	-1625.133	67.44141	1	0.995216	0.993214	0.994916	0.996131	0.997918	0.998856	0.999147	0.996197	0.998604
2930	-1557.695	-1625.136	67.44141	1	0.995216	0.993214	0.994916	0.996131	0.997918	0.998856	0.999147	0.996197	0.998604
2940	-1557.959	-1625.401	67.44141	1	0.995216	0.993214	0.994916	0.996131	0.997918	0.998856	0.999147	0.996197	0.998604
2950	-1558.134	-1625.575	67.44141	1	0.995216	0.993214	0.994916	0.996131	0.997918	0.998856	0.999147	0.996197	0.998604
2960	-1558.833	-1626.274	67.44141	1	0.995216	0.993214	0.994916	0.996131	0.997918	0.998856	0.999147	0.996197	0.998604
2970	-1559.519	-1626.96	67.44141	1	0.995216	0.993214	0.994916	0.996131	0.997918	0.998856	0.999147	0.996197	0.998604
2980	-1559.526	-1626.968	67.44141	1	0.995216	0.993214	0.994916	0.996131	0.997918	0.998856	0.999147	0.996197	0.998604
2990	-1557.711	-1625.153	67.44141	1	0.995216	0.993214	0.994916	0.996131	0.997918	0.998856	0.999147	0.996197	0.998604
3000	-1557.64	-1625.082	67.44141	1	0.995216	0.993214	0.994916	0.996131	0.997918	0.998856	0.999147	0.996197	0.998604
3010	-1557.807	-1625.248	67.44141	1	0.995216	0.993214	0.994916	0.996131	0.997918	0.998856	0.999147	0.996197	0.998604
3020	-1558.12	-1625.561	67.44141	1	0.995216	0.993214	0.994916	0.996131	0.997918	0.998856	0.999147	0.996197	0.998604
3030	-1558.1	-1625.541	67.44141	1	0.995216	0.993214	0.994916	0.996131	0.997918	0.998856	0.999147	0.996197	0.998604
3040	-1557.812	-1625.253	67.44141	1	0.995216	0.993214	0.994916	0.996131	0.997918	0.998856	0.999147	0.996197	0.998604
3050	-1559.727	-1627.168	67.44141	1	0.995216	0.993214	0.994916	0.996131	0.997918	0.998856	0.999147	0.996197	0.998604
3060	-1557.672	-1625.114	67.44141	1	0.995216	0.993214	0.994916	0.996131	0.997918	0.998856	0.999147	0.996197	0.998604
3070	-1557.682	-1625.124	67.44141	1	0.995216	0.993214	0.994916	0.996131	0.997918	0.998856	0.999147	0.996197	0.998604
3080	-1557.798	-1625.239	67.44141	1	0.995216	0.993214	0.994916	0.996131	0.997918	0.998856	0.999147	0.996197	0.998604
3090	-1558.01	-1625.452	67.44141	1	0.995216	0.993214	0.994916	0.996131	0.997918	0.998856	0.999147	0.996197	0.998604
3100	-1558.165	-1625.606	67.44141	1	0.995216	0.993214	0.994916	0.996131	0.997918	0.998856	0.999147	0.996197	0.998604
3110	-1558.294	-1625.736	67.44141	1	0.995216	0.993214	0.994916	0.996131	0.997918	0.998856	0.999147	0.996197	0.998604
3120	-1558.036	-1625.478	67.44141	1	0.995216	0.993214	0.994916	0.996131	0.997918	0.998856	0.999147	0.996197	0.998604
3130	-1557.668	-1625.109	67.44141	1	0.995216	0.993214	0.994916	0.996131	0.997918	0.998856	0.999147	0.996197	0.998604
3140	-1558.931	-1626.372	67.44141	1	0.995216	0.993214	0.994916	0.996131	0.997918	0.998856	0.999147	0.996197	0.998604
3150	-1558.39	-1625.831	67.44141	1	0.995216	0.993214	0.994916	0.996131	0.997918	0.998856	0.999147	0.996197	0.998604
3160	-1558.212	-1625.653	67.44141	1	0.995216	0.993214	0.994916	0.996131	0.997918	0.998856	0.999147	0.996197	0.998604
3170	-1557.669	-1625.11	67.44141	1	0.995216	0.993214	0.994916	0.996131	0.997918	0.998856	0.999147	0.996197	0.998604
3180	-1557.889	-1625.331	67.44141	1	0.995216	0.993214	0.994916	0.996131	0.997918	0.998856	0.999147	0.996197	0.998604
3190	-1557.65	-1625.092	67.44141	1	0.995216	0.993214	0.994916	0.996131	0.997918	0.998856	0.999147	0.996197	0.998604
3200	-1557.73	-1625.172	67.44141	1	0.995216	0.993214	0.994916	0.996131	0.997918	0.998856	0.999147	0.996197	0.998604
3210	-1557.626	-1625.067	67.44141	1	0.995216	0.993214	0.994916	0.996131	0.997918	0.998856	0.999147	0.996197	0.998604
3220	-1558.357	-1625.798	67.44141	1	0.995216	0.993214	0.994916	0.996131	0.997918	0.998856	0.999147	0.996197	0.998604
3230	-1557.839	-1625.28	67.44141	1	0.995216	0.993214	0.994916	0.996131	0.997918	0.998856	0.999147	0.996197	0.998604
3240	-1558.177	-1625.618	67.44141	1	0.995216	0.993214	0.994916	0.996131	0.997918	0.998856	0.999147	0.996197	0.998604
3250	-1557.803	-1625.244	67.44141	1	0.995216	0.993214	0.994916	0.996131	0.997918	0.998856	0.999147	0.996197	0.998604
3260	-1557.642	-1625.083	67.44141	1	0.995216	0.993214	0.994916	0.996131	0.997918	0.998856	0.999147	0.996197	0.998604
3270	-1557.64	-1625.081	67.44141	1	0.995216	0.993214	0.994916	0.996131	0.997918	0.998856	0.999147	0.996197	0.998604
3280	-1557.636	-1625.078	67.44141	1	0.995216	0.993214	0.994916	0.996131	0.997918	0.998856	0.999147	0.996197	0.998604
3290	-1558.304	-1625.746	67.44141	1	0.995216	0.993214	0.994916	0.996131	0.997918	0.998856	0.999147	0.996197	0.998604
3300	-1557.7	-1625.142	67.44141	1	0.995216	0.993214	0.994916	0.996131	0.997918	0.998856	0.999147	0.996197	0.998604
3310	-1557.642	-1625.083	67.44141	1	0.995216	0.993214	0.994916	0.996131	0.997918	0.998856	0.999147	0.996197	0.998604
3320	-1558.308	-1625.749	67.44141	1	0.995216	0.993214	0.994916	0.996131	0.997918	0.998856	0.999147	0.996197	0.998604
3330	-1557.893	-1625.335	67.44141	1	0.995216	0.993214	0.994916	0.996131	0.997918	0.998856	0.999147	0.996197	0.998604
3340	-1557.695	-1625.136	67.44141	1	0.995216	0.993214	0.994916	0.996131	0.997918	0.998856	0.999147	0.996197	0.998604
3350	-1557.923	-1625.364	67.44141	1	0.995216	0.993214	0.994916	0.996131	0.997918	0.998856	0.999147	0.996197	0.998604
3360	-1557.627	-1625.069	67.44141	1	0.995216	0.993214	0.994916	0.996131	0.997918	0.998856	0.999147	0.996197	0.998604
3370	-1557.735	-1625.177	67.44141	1	0.995216	0.993214	0.994916	0.996131	0.997918	0.998856	0.999147	0.996197	0.998604
3380	-1557.626	-1625.067	67.44141	1	0.995216	0.993214	0.994916	0.996131	0.997918	0.998856	0.999147	0.996197	0.998604
3390	-1557.815	-1625.256	67.44141	1	0.995216	0.993214	0.994916	0.996131	0.997918	0.998856	0.999147	0.996197	0.998604
3400	-1558.062	-1625.503	67.44141	1	0.995216	0.993214	0.994916	0.996131	0.997918	0.998856	0.999147	0.996197	0.998604
3410	-1557.646	-1625.088	67.44141	1	0.995216	0.993214	0.994916	0.996131	0.997918	0.998856	0.999147	0.996197	0.998604
3420	-1558.526	-1625.967	67.44141	1	0.995216	0.993214	0.994916	0.996131	0.997918	0.998856	0.999147	0.996197	0.998604
3430	-1557.811	-1625.252	67.44141	1	0.995216	0.993214	0.994916	0.996131	0.997918	0.998856	0.999147	0.996197	0.998604
3440	-1558.264	-1625.706	67.44141	1	0.995216	0.993214	0.994916	0.996131	0.997918	0.998856	0.999147	0.996197	0.998604
3450	-1558.082	-1625.524	67.44141	1	0.995216	0.993214	0.994916	0.996131	0.997918	0.998856	0.999147	0.996197	0.998604
3460	-1557.82	-1625.262	67.44141	1	0.995216	0.993214	0.994916	0.996131	0.997918	0.998856	0.999147	0.996197	0.998604
3470	-1559.545	-1626.987	67.44141	1	0.995216	0.993214	0.994916	0.996131	0.997918	0.998856	0.999147	0.996197	0.998604
3480	-1558.625	-1626.066	67.44141	1	0.995216	0.993214	0.994916	0.996131	0.997918	0.998856	0.999147	0.996197	0.998604
3490	-1557.642	-1625.083	67.44141	1	0.995216	0.993214	0.994916	0.996131	0.997918	0.998856	0.999147	0.996197	0.998604
3500	-1557.742	-1625.183	67.44141	1	0.995216	0.993214	0.994916	0.996131	0.997918	0.998856	0.999147	0.996197	0.998604
3510	-1558.37	-1625.811	67.44141	1	0.995216	0.993214	0.994916	0.996131	0.997918	0.998856	0.999147	0.996197	0.998604
3520	-1557.663	-1625.105	67.44141	1	0.995216	0.993214	0.994916	0.996131	0.997918	0.998856	0.999147	0.996197	0.998604
3530	-1558.143	-1625.585	67.44141	1	0.995216	0.993214	0.994916	0.996131	0.997918	0.998856	0.999147	0.996197	0.998604
3540	-1559.58	-1627.022	67.44141	1	0.995216	0.993214	0.994916	0.996131	0.997918	0.998856	0.999147	0.996197	0.998604
3550	-1557.684	-1625.125	67.44141	1	0.995216	0.993214	0.994916	0.996131	0.997918	0.998856	0.999147	0.996197	0.998604
3560	-1558.53	-1625.971	67.44141	1	0.995216	0.993214	0.994916	0.996131	0.997918	0.998856	0.999147	0.996197	0.998604
3570	-1557.762	-1625.204	67.44141	1	0.995216	0.993214	0.994916	0.996131	0.997918	0.998856	0.999147	0.996197	0.998604
3580	-1558.073	-1625.515	67.44141	1	0.995216	0.993214	0.994916	0.996131	0.997918	0.998856	0.999147	0.996197	0.998604
3590	-1557.759	-1625.2	67.44141	1	0.995216	0.993214	0.994916	0.996131	0.997918	0.998856	0.999147	0.996197	0.998604
3600	-1557.69	-1625.132	67.44141	1	0.995216	0.993214	0.994916	0.996131	0.997918	0.998856	0.999147	0.996197	0.998604
3610	-1558.022	-1625.463	67.44141	1	0.995216	0.993214	0.994916	0.996131	0.997918	0.998856	0.999147	0.996197	0.998604
3620	-1557.656	-1625.097	67.44141	1	0.995216	0.993214	0.994916	0.996131	0.997918	0.998856	0.999147	0.996197	0.998604
3630	-1557.632	-1625.073	67.44141	1	0.995216	0.993214	0.994916	0.996131	0.997918	0.998856	0.999147	0.996197	0.998604
3640	-1557.705	-1625.146	67.44141	1	0.995216	0.993214	0.994916	0.996131	0.997918	0.998856	0.999147	0.996197	0.998604
3650	-1557.948	-1625.389	67.44141	1	0.995216	0.993214	0.994916	0.996131	0.997918	0.998856	0.999147	0.996197	0.998604
3660	-1558.673	-1626.114	67.44141	1	0.995216	0.993214	0.994916	0.996131	0.997918	0.998856	0.999147	0.996197	0.998604
3670	-1557.766	-1625.207	67.44141	1	0.995216	0.993214	0.994916	0.996131	0.997918	0.998856	0.999147	0.996197	0.998604
3680	-1558.812	-1626.253	67.44141	1	0.995216	0.993214	0.994916	0.996131	0.997918	0.998856	0.999147	0.996197	0.998604
3690	-1558.636	-1626.077	67.44141	1	0.995216	0.993214	0.994916	0.996131	0.997918	0.998856	0.999147	0.996197	0.998604
3700	-1557.64	-1625.082	67.44141	1	0.995216	0.993214	0.994916	0.996131	0.997918	0.998856	0.999147	0.996197	0.998604
3710	-1557.632	-1625.073	67.44141	1	0.995216	0.993214	0.994916	0.996131	0.997918	0.998856	0.999147	0.996197	0.998604
3720	-1558.129	-1625.571	67.44141	1	0.995216	0.993214	0.994916	0.996131	0.997918	0.998856	0.999147	0.996197	0.998604
3730	-1558.926	-1626.367	67.44141	1	0.995216	0.993214	0.994916	0.996131	0.997918	0.998856	0.999147	0.996197	0.998604
3740	-1557.903	-1625.345	67.44141	1	0.995216	0.993214	0.994916	0.996131	0.997918	0.998856	0.999147	0.996197	0.998604
3750	-1557.737	-1625.178	67.44141	1	0.995216	0.993214	0.994916	0.996131	0.997918	0.998856	0.999147	0.996197	0.998604
3760	-1557.626	-1625.068	67.44141	1	0.995216	0.993214	0.994916	0.996131	0.997918	0.998856	0.999147	0.996197	0.998604
3770	-1557.627	-1625.069	67.44141	1	0.995216	0.993214	0.994916	0.996131	0.997918	0.998856	0.999147	0.996197	0.998604
3780	-1558.893	-1626.334	67.44141	1	0.995216	0.993214	0.994916	0.996131	0.997918	0.998856	0.999147	0.996197	0.998604
3790	-1557.696	-1625.138	67.44141	1	0.995216	0.993214	0.994916	0.996131	0.997918	0.998856	0.999147	0.996197	0.998604
3800	-1558.615	-1626.056	67.44141	1	0.995216	0.993214	0.994916	0.996131	0.997918	0.998856	0.999147	0.996197	0.998604
3810	-1558.176	-1625.617	67.44141	1	0.995216	0.993214	0.994916	0.996131	0.997918	0.998856	0.999147	0.996197	0.998604
3820	-1557.738	-1625.179	67.44141	1	0.995216	0.993214	0.994916	0.996131	0.997918	0.998856	0.999147	0.996197	0.998604
3830	-1558.374	-1625.816	67.44141	1	0.995216	0.993214	0.994916	0.996131	0.997918	0.998856	0.999147	0.996197	0.998604
3840	-1557.632	-1625.073	67.44141	1	0.995216	0.993214	0.994916	0.996131	0.997918	0.998856	0.999147	0.996197	0.998604
3850	-1558.737	-1626.178	67.44141	1	0.995216	0.993214	0.994916	0.996131	0.997918	0.998856	0.999147	0.996197	0.998604
3860	-1558.899	-1626.341	67.44141	1	0.995216	0.993214	0.994916	0.996131	0.997918	0.998856	0.999147	0.996197	0.998604
3870	-1558.839	-1626.28	67.44141	1	0.995216	0.993214	0.994916	0.996131	0.997918	0.998856	0.999147	0.996197	0.998604
3880	-1557.739	-1625.18	67.44141	1	0.995216	0.993214	0.994916	0.996131	0.997918	0.998856	0.999147	0.996197	0.998604
3890	-1557.65	-1625.092	67.44141	1	0.995216	0.993214	0.994916	0.996131	0.997918	0.998856	0.999147	0.996197	0.998604
3900	-1558.041	-1625.483	67.44141	1	0.995216	0.993214	0.994916	0.996131	0.997918	0.998856	0.999147	0.996197	0.998604
3910	-1558.596	-1626.038	67.44141	1	0.995216	0.993214	0.994916	0.996131	0.997918	0.998856	0.999147	0.996197	0.998604
3920	-1557.636	-1625.077	67.44141	1	0.995216	0.993214	0.994916	0.996131	0.997918	0.998856	0.999147	0.996197	0.998604
3930	-1557.83	-1625.272	67.44141	1	0.995216	0.993214	0.994916	0.996131	0.997918	0.998856	0.999147	0.996197	0.998604
3940	-1557.685	-1625.126	67.44141	1	0.995216	0.993214	0.994916	0.996131	0.997918	0.998856	0.999147	0.996197	0.998604
3950	-1557.766	-1625.208	67.44141	1	0.995216	0.993214	0.994916	0.996131	0.997918	0.998856	0.999147	0.996197	0.998604
3960	-1557.825	-1625.266	67.44141	1	0.995216	0.993214	0.994916	0.996131	0.997918	0.998856	0.999147	0.996197	0.998604
3970	-1557.738	-1625.18	67.44141	1	0.995216	0.993214	0.994916	0.996131	0.997918	0.998856	0.999147	0.996197	0.998604
3980	-1558.518	-1625.959	67.44141	1	0.995216	0.993214	0.994916	0.996131	0.997918	0.998856	0.999147	0.996197	0.998604
3990	-1558.046	-1625.487	67.44141	1	0.995216	0.993214	0.994916	0.996131	0.997918	0.998856	0.999147	0.996197	0.998604
4000	-1559.288	-1626.729	67.44141	1	0.995216	0.993214	0.994916	0.996131	0.997918	0.998856	0.999147	0.996197	0.998604
4010	-1557.722	-1625.163	67.44141	1	0.995216	0.993214	0.994916	0.996131	0.997918	0.998856	0.999147	0.996197	0.998604
4020	-1557.626	-1625.067	67.44141	1	0.995216	0.993214	0.994916	0.996131	0.997918	0.998856	0.999147	0.996197	0.998604
4030	-1557.687	-1625.128	67.44141	1	0.995216	0.993214	0.994916	0.996131	0.997918	0.998856	0.999147	0.996197	0.998604
4040	-1557.664	-1625.105	67.44141	1	0.995216	0.993214	0.994916	0.996131	0.997918	0.998856	0.999147	0.996197	0.998604
4050	-1559.146	-1626.588	67.44141	1	0.995216	0.993214	0.994916	0.996131	0.997918	0.998856	0.999147	0.996197	0.998604
4060	-1557.627	-1625.068	67.44141	1	0.995216	0.993214	0.994916	0.996131	0.997918	0.998856	0.999147	0.996197	0.998604
4070	-1558.255	-1625.696	67.44141	1	0.995216	0.993214	0.994916	0.996131	0.997918	0.998856	0.999147	0.996197	0.998604
4080	-1557.712	-1625.153	67.44141	1	0.995216	0.993214	0.994916	0.996131	0.997918	0.998856	0.999147	0.996197	0.998604
4090	-1558.522	-1625.963	67.44141	1	0.995216	0.993214	0.994916	0.996131	0.997918	0.998856	0.999147	0.996197	0.998604
4100	-1557.77	-1625.212	67.44141	1	0.995216	0.993214	0.994916	0.996131	0.997918	0.998856	0.999147	0.996197	0.998604
4110	-1558.721	-1626.163	67.44141	1	0.995216	0.993214	0.994916	0.996131	0.997918	0.998856	0.999147	0.996197	0.998604
4120	-1558.118	-1625.559	67.44141	1	0.995216	0.993214	0.994916	0.996131	0.997918	0.998856	0.999147	0.996197	0.998604
4130	-1557.665	-1625.106	67.44141	1	0.995216	0.993214	0.994916	0.996131	0.997918	0.998856	0.999147	0.996197	0.998604
4140	-1558.074	-1625.516	67.44141	1	0.995216	0.993214	0.994916	0.996131	0.997918	0.998856	0.999147	0.996197	0.998604
4150	-1558.057	-1625.498	67.44141	1	0.995216	0.993214	0.994916	0.996131	0.997918	0.998856	0.999147	0.996197	0.998604
4160	-1557.647	-1625.089	67.44141	1	0.995216	0.993214	0.994916	0.996131	0.997918	0.998856	0.999147	0.996197	0.998604
4170	-1557.685	-1625.126	67.44141	1	0.995216	0.993214	0.994916	0.996131	0.997918	0.998856	0.999147	0.996197	0.998604
4180	-1557.638	-1625.079	67.44141	1	0.995216	0.993214	0.994916	0.996131	0.997918	0.998856	0.999147	0.996197	0.998604
4190	-1557.674	-1625.116	67.44141	1	0.995216	0.993214	0.994916	0.996131	0.997918	0.998856	0.999147	0.996197	0.998604
4200	-1557.758	-1625.199	67.44141	1	0.995216	0.993214	0.994916	0.996131	0.997918	0.998856	0.999147	0.996197	0.998604
4210	-1557.653	-1625.095	67.44141	1	0.995216	0.993214	0.994916	0.996131	0.997918	0.998856	0.999147	0.996197	0.998604
4220	-1557.677	-1625.119	67.44141	1	0.995216	0.993214	0.994916	0.996131	0.997918	0.998856	0.999147	0.996197	0.998604
4230	-1557.934	-1625.376	67.44141	1	0.995216	0.993214	0.994916	0.996131	0.997918	0.998856	0.999147	0.996197	0.998604
4240	-1557.987	-1625.429	67.44141	1	0.995216	0.993214	0.994916	0.996131	0.997918	0.998856	0.999147	0.996197	0.998604
4250	-1558.224	-1625.666	67.44141	1	0.995216	0.993214	0.994916	0.996131	0.997918	0.998856	0.999147	0.996197	0.998604
4260	-1558.395	-1625.836	67.44141	1	0.995216	0.993214	0.994916	0.996131	0.997918	0.998856	0.999147	0.996197	0.998604
4270	-1557.632	-1625.074	67.44141	1	0.995216	0.993214	0.994916	0.996131	0.997918	0.998856	0.999147	0.996197	0.998604
4280	-1558.006	-1625.448	67.44141	1	0.995216	0.993214	0.994916	0.996131	0.997918	0.998856	0.999147	0.996197	0.998604
4290	-1557.798	-1625.24	67.44141	1	0.995216	0.993214	0.994916	0.996131	0.997918	0.998856	0.999147	0.996197	0.998604
4300	-1559.832	-1627.273	67.44141	1	0.995216	0.993214	0.994916	0.996131	0.997918	0.998856	0.999147	0.996197	0.998604
4310	-1558.133	-1625.574	67.44141	1	0.995216	0.993214	0.994916	0.996131	0.997918	0.998856	0.999147	0.996197	0.998604
4320	-1557.646	-1625.087	67.44141	1	0.995216	0.993214	0.994916	0.996131	0.997918	0.998856	0.999147	0.996197	0.998604
4330	-1557.655	-1625.096	67.44141	1	0.995216	0.993214	0.994916	0.996131	0.997918	0.998856	0.999147	0.996197	0.998604
4340	-1558.397	-1625.839	67.44141	1	0.995216	0.993214	0.994916	0.996131	0.997918	0.998856	0.999147	0.996197	0.998604
4350	-1558.145	-1625.587	67.44141	1	0.995216	0.993214	0.994916	0.996131	0.997918	0.998856	0.999147	0.996197	0.998604
4360	-1558.052	-1625.494	67.44141	1	0.995216	0.993214	0.994916	0.996131	0.997918	0.998856	0.999147	0.996197	0.998604
4370	-1559.496	-1626.938	67.44141	1	0.995216	0.993214	0.994916	0.996131	0.997918	0.998856	0.999147	0.996197	0.998604
4380	-1559.199	-1626.64	67.44141	1	0.995216	0.993214	0.994916	0.996131	0.997918	0.998856	0.999147	0.996197	0.998604
4390	-1559.43	-1626.871	67.44141	1	0.995216	0.993214	0.994916	0.996131	0.997918	0.998856	0.999147	0.996197	0.998604
4400	-1557.66	-1625.102	67.44141	1	0.995216	0.993214	0.994916	0.996131	0.997918	0.998856	0.999147	0.996197	0.998604
4410	-1557.636	-1625.078	67.44141	1	0.995216	0.993214	0.994916	0.996131	0.997918	0.998856	0.999147	0.996197	0.998604
4420	-1560.093	-1627.534	67.44141	1	0.995216	0.993214	0.994916	0.996131	0.997918	0.998856	0.999147	0.996197	0.998604
4430	-1558.483	-1625.924	67.44141	1	0.995216	0.993214	0.994916	0.996131	0.997918	0.998856	0.999147	0.996197	0.998604
4440	-1557.645	-1625.086	67.44141	1	0.995216	0.993214	0.994916	0.996131	0.997918	0.998856	0.999147	0.996197	0.998604
4450	-1559.367	-1626.808	67.44141	1	0.995216	0.993214	0.994916	0.996131	0.997918	0.998856	0.999147	0.996197	0.998604
4460	-1557.63	-1625.072	67.44141	1	0.995216	0.993214	0.994916	0.996131	0.997918	0.998856	0.999147	0.996197	0.998604
4470	-1559.39	-1626.831	67.44141	1	0.995216	0.993214	0.994916	0.996131	0.997918	0.998856	0.999147	0.996197	0.998604
4480	-1558.16	-1625.601	67.44141	1	0.995216	0.993214	0.994916	0.996131	0.997918	0.998856	0.999147	0.996197	0.998604
4490	-1557.631	-1625.072	67.44141	1	0.995216	0.993214	0.994916	0.996131	0.997918	0.998856	0.999147	0.996197	0.998604
4500	-1559.263	-1626.704	67.44141	1	0.995216	0.993214	0.994916	0.996131	0.997918	0.998856	0.999147	0.996197	0.998604
4510	-1558.527	-1625.969	67.44141	1	0.995216	0.993214	0.994916	0.996131	0.997918	0.998856	0.999147	0.996197	0.998604
4520	-1557.702	-1625.144	67.44141	1	0.995216	0.993214	0.994916	0.996131	0.997918	0.998856	0.999147	0.996197	0.998604
4530	-1558.43	-1625.871	67.44141	1	0.995216	0.993214	0.994916	0.996131	0.997918	0.998856	0.999147	0.996197	0.998604
4540	-1558.346	-1625.787	67.44141	1	0.995216	0.993214	0.994916	0.996131	0.997918	0.998856	0.999147	0.996197	0.998604
4550	-1559.045	-1626.486	67.44141	1	0.995216	0.993214	0.994916	0.996131	0.997918	0.998856	0.999147	0.996197	0.998604
4560	-1558.25	-1625.692	67.44141	1	0.995216	0.993214	0.994916	0.996131	0.997918	0.998856	0.999147	0.996197	0.998604
4570	-1558.334	-1625.776	67.44141	1	0.995216	0.993214	0.994916	0.996131	0.997918	0.998856	0.999147	0.996197	0.998604
4580	-1558.041	-1625.483	67.44141	1	0.995216	0.993214	0.994916	0.996131	0.997918	0.998856	0.999147	0.996197	0.998604
4590	-1558.514	-1625.955	67.44141	1	0.995216	0.993214	0.994916	0.996131	0.997918	0.998856	0.999147	0.996197	0.998604
4600	-1557.954	-1625.396	67.44141	1	0.995216	0.993214	0.994916	0.996131	0.997918	0.998856	0.999147	0.996197	0.998604
4610	-1557.683	-1625.125	67.44141	1	0.995216	0.993214	0.994916	0.996131	0.997918	0.998856	0.999147	0.996197	0.998604
4620	-1557.627	-1625.068	67.44141	1	0.995216	0.993214	0.994916	0.996131	0.997918	0.998856	0.999147	0.996197	0.998604
4630	-1558.016	-1625.457	67.44141	1	0.995216	0.993214	0.994916	0.996131	0.997918	0.998856	0.999147	0.996197	0.998604
4640	-1557.633	-1625.074	67.44141	1	0.995216	0.993214	0.994916	0.996131	0.997918	0.998856	0.999147	0.996197	0.998604
4650	-1557.651	-1625.092	67.44141	1	0.995216	0.993214	0.994916	0.996131	0.997918	0.998856	0.999147	0.996197	0.998604
4660	-1557.626	-1625.067	67.44141	1	0.995216	0.993214	0.994916	0.996131	0.997918	0.998856	0.999147	0.996197	0.998604
4670	-1557.829	-1625.271	67.44141	1	0.995216	0.993214	0.994916	0.996131	0.997918	0.998856	0.999147	0.996197	0.998604
4680	-1558.415	-1625.856	67.44141	1	0.995216	0.993214	0.994916	0.996131	0.997918	0.998856	0.999147	0.996197	0.998604
4690	-1557.642	-1625.083	67.44141	1	0.995216	0.993214	0.994916	0.996131	0.997918	0.998856	0.999147	0.996197	0.998604
4700	-1557.712	-1625.154	67.44141	1	0.995216	0.993214	0.994916	0.996131	0.997918	0.998856	0.999147	0.996197	0.998604
4710	-1557.751	-1625.192	67.44141	1	0.995216	0.993214	0.994916	0.996131	0.997918	0.998856	0.999147	0.996197	0.998604
4720	-1557.629	-1625.071	67.44141	1	0.995216	0.993214	0.994916	0.996131	0.997918	0.998856	0.999147	0.996197	0.998604
4730	-1557.998	-1625.44	67.44141	1	0.995216	0.993214	0.994916	0.996131	0.997918	0.998856	0.999147	0.996197	0.998604
4740	-1559.148	-1626.589	67.44141	1	0.995216	0.993214	0.994916	0.996131	0.997918	0.998856	0.999147	0.996197	0.998604
4750	-1557.949	-1625.391	67.44141	1	0.995216	0.993214	0.994916	0.996131	0.997918	0.998856	0.999147	0.996197	0.998604
4760	-1557.626	-1625.067	67.44141	1	0.995216	0.993214	0.994916	0.996131	0.997918	0.998856	0.999147	0.996197	0.998604
4770	-1559.159	-1626.6	67.44141	1	0.995216	0.993214	0.994916	0.996131	0.997918	0.998856	0.999147	0.996197	0.998604
4780	-1557.626	-1625.067	67.44141	1	0.995216	0.993214	0.994916	0.996131	0.997918	0.998856	0.999147	0.996197	0.998604
4790	-1557.689	-1625.131	67.44141	1	0.995216	0.993214	0.994916	0.996131	0.997918	0.998856	0.999147	0.996197	0.998604
4800	-1558.101	-1625.543	67.44141	1	0.995216	0.993214	0.994916	0.996131	0.997918	0.998856	0.999147	0.996197	0.998604
4810	-1557.635	-1625.077	67.44141	1	0.995216	0.993214	0.994916	0.996131	0.997918	0.998856	0.999147	0.996197	0.998604
4820	-1558.025	-1625.467	67.44141	1	0.995216	0.993214	0.994916	0.996131	0.997918	0.998856	0.999147	0.996197	0.998604
4830	-1557.774	-1625.215	67.44141	1	0.995216	0.993214	0.994916	0.996131	0.997918	0.998856	0.999147	0.996197	0.998604
4840	-1557.663	-1625.104	67.44141	1	0.995216	0.993214	0.994916	0.996131	0.997918	0.998856	0.999147	0.996197	0.998604
4850	-1557.936	-1625.377	67.44141	1	0.995216	0.993214	0.994916	0.996131	0.997918	0.998856	0.999147	0.996197	0.998604
4860	-1557.665	-1625.106	67.44141	1	0.995216	0.993214	0.994916	0.996131	0.997918	0.998856	0.999147	0.996197	0.998604
4870	-1557.658	-1625.1	67.44141	1	0.995216	0.993214	0.994916	0.996131	0.997918	0.998856	0.999147	0.996197	0.998604
4880	-1557.799	-1625.241	67.44141	1	0.995216	0.993214	0.994916	0.996131	0.997918	0.998856	0.999147	0.996197	0.998604
4890	-1557.627	-1625.069	67.44141	1	0.995216	0.993214	0.994916	0.996131	0.997918	0.998856	0.999147	0.996197	0.998604
4900	-1557.667	-1625.108	67.44141	1	0.995216	0.993214	0.994916	0.996131	0.997918	0.998856	0.999147	0.996197	0.998604
4910	-1557.853	-1625.294	67.44141	1	0.995216	0.993214	0.994916	0.996131	0.997918	0.998856	0.999147	0.996197	0.998604
4920	-1557.76	-1625.202	67.44141	1	0.995216	0.993214	0.994916	0.996131	0.997918	0.998856	0.999147	0.996197	0.998604
4930	-1557.626	-1625.067	67.44141	1	0.995216	0.993214	0.994916	0.996131	0.997918	0.998856	0.999147	0.996197	0.998604
4940	-1559.168	-1626.609	67.44141	1	0.995216	0.993214	0.994916	0.996131	0.997918	0.998856	0.999147	0.996197	0.998604
4950	-1557.715	-1625.157	67.44141	1	0.995216	0.993214	0.994916	0.996131	0.997918	0.998856	0.999147	0.996197	0.998604
4960	-1559.64	-1627.081	67.44141	1	0.995216	0.993214	0.994916	0.996131	0.997918	0.998856	0.999147	0.996197	0.998604
4970	-1557.804	-1625.245	67.44141	1	0.995216	0.993214	0.994916	0.996131	0.997918	0.998856	0.999147	0.996197	0.998604
4980	-1558.518	-1625.959	67.44141	1	0.995216	0.993214	0.994916	0.996131	0.997918	0.998856	0.999147	0.996197	0.998604
4990	-1557.773	-1625.214	67.44141	1	0.995216	0.993214	0.994916	0.996131	0.997918	0.998856	0.999147	0.996197	0.998604
5000	-1557.83	-1625.272	67.44141	1	0.995216	0.993214	0.994916	0.996131	0.997918	0.998856	0.999147	0.996197	0.998604
5010	-1558.011	-1625.453	67.44141	1	0.995216	0.993214	0.994916	0.996131	0.997918	0.998856	0.999147	0.996197	0.998604
5020	-1558.726	-1626.168	67.44141	1	0.995216	0.993214	0.994916	0.996131	0.997918	0.998856	0.999147	0.996197	0.998604
5030	-1557.76	-1625.202	67.44141	1	0.995216	0.993214	0.994916	0.996131	0.997918	0.998856	0.999147	0.996197	0.998604
5040	-1558.288	-1625.729	67.44141	1	0.995216	0.993214	0.994916	0.996131	0.997918	0.998856	0.999147	0.996197	0.998604
5050	-1557.631	-1625.073	67.44141	1	0.995216	0.993214	0.994916	0.996131	0.997918	0.998856	0.999147	0.996197	0.998604
5060	-1558.149	-1625.591	67.44141	1	0.995216	0.993214	0.994916	0.996131	0.997918	0.998856	0.999147	0.996197	0.998604
5070	-1558.121	-1625.562	67.44141	1	0.995216	0.993214	0.994916	0.996131	0.997918	0.998856	0.999147	0.996197	0.998604
5080	-1557.836	-1625.277	67.44141	1	0.995216	0.993214	0.994916	0.996131	0.997918	0.998856	0.999147	0.996197	0.998604
5090	-1557.706	-1625.148	67.44141	1	0.995216	0.993214	0.994916	0.996131	0.997918	0.998856	0.999147	0.996197	0.998604
5100	-1564.713	-1632.155	67.44141	1	0.995216	0.993214	0.994916	0.996131	0.997918	0.998856	0.999147	0.996197	0.998604
5110	-1557.673	-1625.114	67.44141	1	0.995216	0.993214	0.994916	0.996131	0.997918	0.998856	0.999147	0.996197	0.998604
5120	-1557.98	-1625.422	67.44141	1	0.995216	0.993214	0.994916	0.996131	0.997918	0.998856	0.999147	0.996197	0.998604
5130	-1558.174	-1625.615	67.44141	1	0.995216	0.993214	0.994916	0.996131	0.997918	0.998856	0.999147	0.996197	0.998604
5140	-1558.871	-1626.312	67.44141	1	0.995216	0.993214	0.994916	0.996131	0.997918	0.998856	0.999147	0.996197	0.998604
5150	-1559.57	-1627.012	67.44141	1	0.995216	0.993214	0.994916	0.996131	0.997918	0.998856	0.999147	0.996197	0.998604
5160	-1557.773	-1625.214	67.44141	1	0.995216	0.993214	0.994916	0.996131	0.997918	0.998856	0.999147	0.996197	0.998604
5170	-1557.687	-1625.129	67.44141	1	0.995216	0.993214	0.994916	0.996131	0.997918	0.998856	0.999147	0.996197	0.998604
5180	-1557.633	-1625.074	67.44141	1	0.995216	0.993214	0.994916	0.996131	0.997918	0.998856	0.999147	0.996197	0.998604
5190	-1557.713	-1625.155	67.44141	1	0.995216	0.993214	0.994916	0.996131	0.997918	0.998856	0.999147	0.996197	0.998604
5200	-1558.478	-1625.919	67.44141	1	0.995216	0.993214	0.994916	0.996131	0.997918	0.998856	0.999147	0.996197	0.998604
5210	-1557.648	-1625.089	67.44141	1	0.995216	0.993214	0.994916	0.996131	0.997918	0.998856	0.999147	0.996197	0.998604
5220	-1558.084	-1625.526	67.44141	1	0.995216	0.993214	0.994916	0.996131	0.997918	0.998856	0.999147	0.996197	0.998604
5230	-1560.51	-1627.952	67.44141	1	0.995216	0.993214	0.994916	0.996131	0.997918	0.998856	0.999147	0.996197	0.998604
5240	-1557.655	-1625.096	67.44141	1	0.995216	0.993214	0.994916	0.996131	0.997918	0.998856	0.999147	0.996197	0.998604
5250	-1557.641	-1625.082	67.44141	1	0.995216	0.993214	0.994916	0.996131	0.997918	0.998856	0.999147	0.996197	0.998604
5260	-1557.745	-1625.186	67.44141	1	0.995216	0.993214	0.994916	0.996131	0.997918	0.998856	0.999147	0.996197	0.998604
5270	-1560.296	-1627.737	67.44141	1	0.995216	0.993214	0.994916	0.996131	0.997918	0.998856	0.999147	0.996197	0.998604
5280	-1558.401	-1625.842	67.44141	1	0.995216	0.993214	0.994916	0.996131	0.997918	0.998856	0.999147	0.996197	0.998604
5290	-1557.939	-1625.381	67.44141	1	0.995216	0.993214	0.994916	0.996131	0.997918	0.998856	0.999147	0.996197	0.998604
5300	-1558.223	-1625.664	67.44141	1	0.995216	0.993214	0.994916	0.996131	0.997918	0.998856	0.999147	0.996197	0.998604
5310	-1557.659	-1625.101	67.44141	1	0.995216	0.993214	0.994916	0.996131	0.997918	0.998856	0.999147	0.996197	0.998604
5320	-1558.651	-1626.092	67.44141	1	0.995216	0.993214	0.994916	0.996131	0.997918	0.998856	0.999147	0.996197	0.998604
5330	-1558.4	-1625.841	67.44141	1	0.995216	0.993214	0.994916	0.996131	0.997918	0.998856	0.999147	0.996197	0.998604
5340	-1557.921	-1625.362	67.44141	1	0.995216	0.993214	0.994916	0.996131	0.997918	0.998856	0.999147	0.996197	0.998604
5350	-1559.622	-1627.064	67.44141	1	0.995216	0.993214	0.994916	0.996131	0.997918	0.998856	0.999147	0.996197	0.998604
5360	-1557.629	-1625.07	67.44141	1	0.995216	0.993214	0.994916	0.996131	0.997918	0.998856	0.999147	0.996197	0.998604
5370	-1558.325	-1625.767	67.44141	1	0.995216	0.993214	0.994916	0.996131	0.997918	0.998856	0.999147	0.996197	0.998604
5380	-1559.603	-1627.045	67.44141	1	0.995216	0.993214	0.994916	0.996131	0.997918	0.998856	0.999147	0.996197	0.998604
5390	-1557.921	-1625.362	67.44141	1	0.995216	0.993214	0.994916	0.996131	0.997918	0.998856	0.999147	0.996197	0.998604
5400	-1559.048	-1626.489	67.44141	1	0.995216	0.993214	0.994916	0.996131	0.997918	0.998856	0.999147	0.996197	0.998604
5410	-1557.914	-1625.355	67.44141	1	0.995216	0.993214	0.994916	0.996131	0.997918	0.998856	0.999147	0.996197	0.998604
5420	-1557.677	-1625.118	67.44141	1	0.995216	0.993214	0.994916	0.996131	0.997918	0.998856	0.999147	0.996197	0.998604
5430	-1558.785	-1626.227	67.44141	1	0.995216	0.993214	0.994916	0.996131	0.997918	0.998856	0.999147	0.996197	0.998604
5440	-1557.917	-1625.358	67.44141	1	0.995216	0.993214	0.994916	0.996131	0.997918	0.998856	0.999147	0.996197	0.998604
5450	-1558.09	-1625.531	67.44141	1	0.995216	0.993214	0.994916	0.996131	0.997918	0.998856	0.999147	0.996197	0.998604
5460	-1557.642	-1625.083	67.44141	1	0.995216	0.993214	0.994916	0.996131	0.997918	0.998856	0.999147	0.996197	0.998604
5470	-1557.741	-1625.182	67.44141	1	0.995216	0.993214	0.994916	0.996131	0.997918	0.998856	0.999147	0.996197	0.998604
5480	-1559.249	-1626.691	67.44141	1	0.995216	0.993214	0.994916	0.996131	0.997918	0.998856	0.999147	0.996197	0.998604
5490	-1558.251	-1625.693	67.44141	1	0.995216	0.993214	0.994916	0.996131	0.997918	0.998856	0.999147	0.996197	0.998604
5500	-1558.921	-1626.362	67.44141	1	0.995216	0.993214	0.994916	0.996131	0.997918	0.998856	0.999147	0.996197	0.998604
5510	-1557.65	-1625.092	67.44141	1	0.995216	0.993214	0.994916	0.996131	0.997918	0.998856	0.999147	0.996197	0.998604
5520	-1557.805	-1625.247	67.44141	1	0.995216	0.993214	0.994916	0.996131	0.997918	0.998856	0.999147	0.996197	0.998604
5530	-1557.841	-1625.282	67.44141	1	0.995216	0.993214	0.994916	0.996131	0.997918	0.998856	0.999147	0.996197	0.998604
5540	-1557.687	-1625.128	67.44141	1	0.995216	0.993214	0.994916	0.996131	0.997918	0.998856	0.999147	0.996197	0.998604
5550	-1558.763	-1626.205	67.44141	1	0.995216	0.993214	0.994916	0.996131	0.997918	0.998856	0.999147	0.996197	0.998604
5560	-1557.632	-1625.073	67.44141	1	0.995216	0.993214	0.994916	0.996131	0.997918	0.998856	0.999147	0.996197	0.998604
5570	-1557.659	-1625.1	67.44141	1	0.995216	0.993214	0.994916	0.996131	0.997918	0.998856	0.999147	0.996197	0.998604
5580	-1557.786	-1625.227	67.44141	1	0.995216	0.993214	0.994916	0.996131	0.997918	0.998856	0.999147	0.996197	0.998604
5590	-1558.401	-1625.842	67.44141	1	0.995216	0.993214	0.994916	0.996131	0.997918	0.998856	0.999147	0.996197	0.998604
5600	-1559.819	-1627.261	67.44141	1	0.995216	0.993214	0.994916	0.996131	0.997918	0.998856	0.999147	0.996197	0.998604
5610	-1558.879	-1626.32	67.44141	1	0.995216	0.993214	0.994916	0.996131	0.997918	0.998856	0.999147	0.996197	0.998604
5620	-1557.858	-1625.299	67.44141	1	0.995216	0.993214	0.994916	0.996131	0.997918	0.998856	0.999147	0.996197	0.998604
5630	-1558.548	-1625.989	67.44141	1	0.995216	0.993214	0.994916	0.996131	0.997918	0.998856	0.999147	0.996197	0.998604
5640	-1557.672	-1625.114	67.44141	1	0.995216	0.993214	0.994916	0.996131	0.997918	0.998856	0.999147	0.996197	0.998604
5650	-1559.073	-1626.514	67.44141	1	0.995216	0.993214	0.994916	0.996131	0.997918	0.998856	0.999147	0.996197	0.998604
5660	-1557.863	-1625.304	67.44141	1	0.995216	0.993214	0.994916	0.996131	0.997918	0.998856	0.999147	0.996197	0.998604
5670	-1557.626	-1625.067	67.44141	1	0.995216	0.993214	0.994916	0.996131	0.997918	0.998856	0.999147	0.996197	0.998604
5680	-1557.641	-1625.083	67.44141	1	0.995216	0.993214	0.994916	0.996131	0.997918	0.998856	0.999147	0.996197	0.998604
5690	-1557.643	-1625.085	67.44141	1	0.995216	0.993214	0.994916	0.996131	0.997918	0.998856	0.999147	0.996197	0.998604
5700	-1557.788	-1625.23	67.44141	1	0.995216	0.993214	0.994916	0.996131	0.997918	0.998856	0.999147	0.996197	0.998604
5710	-1557.639	-1625.08	67.44141	1	0.995216	0.993214	0.994916	0.996131	0.997918	0.998856	0.999147	0.996197	0.998604
5720	-1558.129	-1625.57	67.44141	1	0.995216	0.993214	0.994916	0.996131	0.997918	0.998856	0.999147	0.996197	0.998604
5730	-1557.967	-1625.408	67.44141	1	0.995216	0.993214	0.994916	0.996131	0.997918	0.998856	0.999147	0.996197	0.998604
5740	-1557.683	-1625.124	67.44141	1	0.995216	0.993214	0.994916	0.996131	0.997918	0.998856	0.999147	0.996197	0.998604
5750	-1557.64	-1625.082	67.44141	1	0.995216	0.993214	0.994916	0.996131	0.997918	0.998856	0.999147	0.996197	0.998604
5760	-1557.813	-1625.254	67.44141	1	0.995216	0.993214	0.994916	0.996131	0.997918	0.998856	0.999147	0.996197	0.998604
5770	-1559.513	-1626.954	67.44141	1	0.995216	0.993214	0.994916	0.996131	0.997918	0.998856	0.999147	0.996197	0.998604
5780	-1557.664	-1625.105	67.44141	1	0.995216	0.993214	0.994916	0.996131	0.997918	0.998856	0.999147	0.996197	0.998604
5790	-1557.806	-1625.247	67.44141	1	0.995216	0.993214	0.994916	0.996131	0.997918	0.998856	0.999147	0.996197	0.998604
5800	-1557.626	-1625.068	67.44141	1	0.995216	0.993214	0.994916	0.996131	0.997918	0.998856	0.999147	0.996197	0.998604
5810	-1557.871	-1625.313	67.44141	1	0.995216	0.993214	0.994916	0.996131	0.997918	0.998856	0.999147	0.996197	0.998604
5820	-1557.657	-1625.099	67.44141	1	0.995216	0.993214	0.994916	0.996131	0.997918	0.998856	0.999147	0.996197	0.998604
5830	-1557.823	-1625.264	67.44141	1	0.995216	0.993214	0.994916	0.996131	0.997918	0.998856	0.999147	0.996197	0.998604
5840	-1559.23	-1626.671	67.44141	1	0.995216	0.993214	0.994916	0.996131	0.997918	0.998856	0.999147	0.996197	0.998604
5850	-1557.751	-1625.192	67.44141	1	0.995216	0.993214	0.994916	0.996131	0.997918	0.998856	0.999147	0.996197	0.998604
5860	-1557.647	-1625.089	67.44141	1	0.995216	0.993214	0.994916	0.996131	0.997918	0.998856	0.999147	0.996197	0.998604
5870	-1557.658	-1625.1	67.44141	1	0.995216	0.993214	0.994916	0.996131	0.997918	0.998856	0.999147	0.996197	0.998604
5880	-1558.598	-1626.039	67.44141	1	0.995216	0.993214	0.994916	0.996131	0.997918	0.998856	0.999147	0.996197	0.998604
5890	-1558.43	-1625.871	67.44141	1	0.995216	0.993214	0.994916	0.996131	0.997918	0.998856	0.999147	0.996197	0.998604
5900	-1558.231	-1625.672	67.44141	1	0.995216	0.993214	0.994916	0.996131	0.997918	0.998856	0.999147	0.996197	0.998604
5910	-1557.628	-1625.069	67.44141	1	0.995216	0.993214	0.994916	0.996131	0.997918	0.998856	0.999147	0.996197	0.998604
5920	-1558.441	-1625.882	67.44141	1	0.995216	0.993214	0.994916	0.996131	0.997918	0.998856	0.999147	0.996197	0.998604
5930	-1557.946	-1625.387	67.44141	1	0.995216	0.993214	0.994916	0.996131	0.997918	0.998856	0.999147	0.996197	0.998604
5940	-1558.014	-1625.456	67.44141	1	0.995216	0.993214	0.994916	0.996131	0.997918	0.998856	0.999147	0.996197	0.998604
5950	-1558.564	-1626.005	67.44141	1	0.995216	0.993214	0.994916	0.996131	0.997918	0.998856	0.999147	0.996197	0.998604
5960	-1558.213	-1625.654	67.44141	1	0.995216	0.993214	0.994916	0.996131	0.997918	0.998856	0.999147	0.996197	0.998604
5970	-1557.626	-1625.067	67.44141	1	0.995216	0.993214	0.994916	0.996131	0.997918	0.998856	0.999147	0.996197	0.998604
5980	-1557.629	-1625.07	67.44141	1	0.995216	0.993214	0.994916	0.996131	0.997918	0.998856	0.999147	0.996197	0.998604
5990	-1558.401	-1625.843	67.44141	1	0.995216	0.993214	0.994916	0.996131	0.997918	0.998856	0.999147	0.996197	0.998604
6000	-1558.167	-1625.609	67.44141	1	0.995216	0.993214	0.994916	0.996131	0.997918	0.998856	0.999147	0.996197	0.998604
6010	-1557.686	-1625.128	67.44141	1	0.995216	0.993214	0.994916	0.996131	0.997918	0.998856	0.999147	0.996197	0.998604
6020	-1557.627	-1625.069	67.44141	1	0.995216	0.993214	0.994916	0.996131	0.997918	0.998856	0.999147	0.996197	0.998604
6030	-1557.847	-1625.288	67.44141	1	0.995216	0.993214	0.994916	0.996131	0.997918	0.998856	0.999147	0.996197	0.998604
6040	-1557.947	-1625.389	67.44141	1	0.995216	0.993214	0.994916	0.996131	0.997918	0.998856	0.999147	0.996197	0.998604
6050	-1557.713	-1625.154	67.44141	1	0.995216	0.993214	0.994916	0.996131	0.997918	0.998856	0.999147	0.996197	0.998604
6060	-1557.999	-1625.44	67.44141	1	0.995216	0.993214	0.994916	0.996131	0.997918	0.998856	0.999147	0.996197	0.998604
6070	-1558.009	-1625.451	67.44141	1	0.995216	0.993214	0.994916	0.996131	0.997918	0.998856	0.999147	0.996197	0.998604
6080	-1557.836	-1625.277	67.44141	1	0.995216	0.993214	0.994916	0.996131	0.997918	0.998856	0.999147	0.996197	0.998604
6090	-1557.767	-1625.209	67.44141	1	0.995216	0.993214	0.994916	0.996131	0.997918	0.998856	0.999147	0.996197	0.998604
6100	-1557.667	-1625.108	67.44141	1	0.995216	0.993214	0.994916	0.996131	0.997918	0.998856	0.999147	0.996197	0.998604
6110	-1557.673	-1625.114	67.44141	1	0.995216	0.993214	0.994916	0.996131	0.997918	0.998856	0.999147	0.996197	0.998604
6120	-1558.792	-1626.234	67.44141	1	0.995216	0.993214	0.994916	0.996131	0.997918	0.998856	0.999147	0.996197	0.998604
6130	-1557.726	-1625.168	67.44141	1	0.995216	0.993214	0.994916	0.996131	0.997918	0.998856	0.999147	0.996197	0.998604
6140	-1557.811	-1625.252	67.44141	1	0.995216	0.993214	0.994916	0.996131	0.997918	0.998856	0.999147	0.996197	0.998604
6150	-1557.658	-1625.1	67.44141	1	0.995216	0.993214	0.994916	0.996131	0.997918	0.998856	0.999147	0.996197	0.998604
6160	-1557.76	-1625.201	67.44141	1	0.995216	0.993214	0.994916	0.996131	0.997918	0.998856	0.999147	0.996197	0.998604
6170	-1558.014	-1625.455	67.44141	1	0.995216	0.993214	0.994916	0.996131	0.997918	0.998856	0.999147	0.996197	0.998604
6180	-1557.806	-1625.247	67.44141	1	0.995216	0.993214	0.994916	0.996131	0.997918	0.998856	0.999147	0.996197	0.998604
6190	-1557.627	-1625.069	67.44141	1	0.995216	0.993214	0.994916	0.996131	0.997918	0.998856	0.999147	0.996197	0.998604
6200	-1559.532	-1626.973	67.44141	1	0.995216	0.993214	0.994916	0.996131	0.997918	0.998856	0.999147	0.996197	0.998604
6210	-1557.807	-1625.248	67.44141	1	0.995216	0.993214	0.994916	0.996131	0.997918	0.998856	0.999147	0.996197	0.998604
6220	-1558.241	-1625.683	67.44141	1	0.995216	0.993214	0.994916	0.996131	0.997918	0.998856	0.999147	0.996197	0.998604
6230	-1558.29	-1625.731	67.44141	1	0.995216	0.993214	0.994916	0.996131	0.997918	0.998856	0.999147	0.996197	0.998604
6240	-1558.166	-1625.608	67.44141	1	0.995216	0.993214	0.994916	0.996131	0.997918	0.998856	0.999147	0.996197	0.998604
6250	-1557.68	-1625.122	67.44141	1	0.995216	0.993214	0.994916	0.996131	0.997918	0.998856	0.999147	0.996197	0.998604
6260	-1557.827	-1625.268	67.44141	1	0.995216	0.993214	0.994916	0.996131	0.997918	0.998856	0.999147	0.996197	0.998604
6270	-1557.765	-1625.206	67.44141	1	0.995216	0.993214	0.994916	0.996131	0.997918	0.998856	0.999147	0.996197	0.998604
6280	-1558.017	-1625.459	67.44141	1	0.995216	0.993214	0.994916	0.996131	0.997918	0.998856	0.999147	0.996197	0.998604
6290	-1557.626	-1625.068	67.44141	1	0.995216	0.993214	0.994916	0.996131	0.997918	0.998856	0.999147	0.996197	0.998604
6300	-1559.667	-1627.108	67.44141	1	0.995216	0.993214	0.994916	0.996131	0.997918	0.998856	0.999147	0.996197	0.998604
6310	-1557.766	-1625.207	67.44141	1	0.995216	0.993214	0.994916	0.996131	0.997918	0.998856	0.999147	0.996197	0.998604
6320	-1558.024	-1625.466	67.44141	1	0.995216	0.993214	0.994916	0.996131	0.997918	0.998856	0.999147	0.996197	0.998604
6330	-1557.664	-1625.106	67.44141	1	0.995216	0.993214	0.994916	0.996131	0.997918	0.998856	0.999147	0.996197	0.998604
6340	-1557.639	-1625.081	67.44141	1	0.995216	0.993214	0.994916	0.996131	0.997918	0.998856	0.999147	0.996197	0.998604
6350	-1558.775	-1626.216	67.44141	1	0.995216	0.993214	0.994916	0.996131	0.997918	0.998856	0.999147	0.996197	0.998604
6360	-1557.642	-1625.084	67.44141	1	0.995216	0.993214	0.994916	0.996131	0.997918	0.998856	0.999147	0.996197	0.998604
6370	-1557.646	-1625.087	67.44141	1	0.995216	0.993214	0.994916	0.996131	0.997918	0.998856	0.999147	0.996197	0.998604
6380	-1558.18	-1625.621	67.44141	1	0.995216	0.993214	0.994916	0.996131	0.997918	0.998856	0.999147	0.996197	0.998604
6390	-1557.761	-1625.202	67.44141	1	0.995216	0.993214	0.994916	0.996131	0.997918	0.998856	0.999147	0.996197	0.998604
6400	-1558.486	-1625.927	67.44141	1	0.995216	0.993214	0.994916	0.996131	0.997918	0.998856	0.999147	0.996197	0.998604
6410	-1558.311	-1625.752	67.44141	1	0.995216	0.993214	0.994916	0.996131	0.997918	0.998856	0.999147	0.996197	0.998604
6420	-1557.629	-1625.071	67.44141	1	0.995216	0.993214	0.994916	0.996131	0.997918	0.998856	0.999147	0.996197	0.998604
6430	-1558.869	-1626.31	67.44141	1	0.995216	0.993214	0.994916	0.996131	0.997918	0.998856	0.999147	0.996197	0.998604
6440	-1557.631	-1625.073	67.44141	1	0.995216	0.993214	0.994916	0.996131	0.997918	0.998856	0.999147	0.996197	0.998604
6450	-1557.653	-1625.095	67.44141	1	0.995216	0.993214	0.994916	0.996131	0.997918	0.998856	0.999147	0.996197	0.998604
6460	-1557.844	-1625.286	67.44141	1	0.995216	0.993214	0.994916	0.996131	0.997918	0.998856	0.999147	0.996197	0.998604
6470	-1557.691	-1625.133	67.44141	1	0.995216	0.993214	0.994916	0.996131	0.997918	0.998856	0.999147	0.996197	0.998604
6480	-1558.375	-1625.816	67.44141	1	0.995216	0.993214	0.994916	0.996131	0.997918	0.998856	0.999147	0.996197	0.998604
6490	-1557.674	-1625.116	67.44141	1	0.995216	0.993214	0.994916	0.996131	0.997918	0.998856	0.999147	0.996197	0.998604
6500	-1558.27	-1625.711	67.44141	1	0.995216	0.993214	0.994916	0.996131	0.997918	0.998856	0.999147	0.996197	0.998604
6510	-1557.627	-1625.068	67.44141	1	0.995216	0.993214	0.994916	0.996131	0.997918	0.998856	0.999147	0.996197	0.998604
6520	-1557.656	-1625.097	67.44141	1	0.995216	0.993214	0.994916	0.996131	0.997918	0.998856	0.999147	0.996197	0.998604
6530	-1558.202	-1625.644	67.44141	1	0.995216	0.993214	0.994916	0.996131	0.997918	0.998856	0.999147	0.996197	0.998604
6540	-1557.781	-1625.222	67.44141	1	0.995216	0.993214	0.994916	0.996131	0.997918	0.998856	0.999147	0.996197	0.998604
6550	-1558.565	-1626.006	67.44141	1	0.995216	0.993214	0.994916	0.996131	0.997918	0.998856	0.999147	0.996197	0.998604
6560	-1557.914	-1625.355	67.44141	1	0.995216	0.993214	0.994916	0.996131	0.997918	0.998856	0.999147	0.996197	0.998604
6570	-1557.76	-1625.202	67.44141	1	0.995216	0.993214	0.994916	0.996131	0.997918	0.998856	0.999147	0.996197	0.998604
6580	-1558.469	-1625.91	67.44141	1	0.995216	0.993214	0.994916	0.996131	0.997918	0.998856	0.999147	0.996197	0.998604
6590	-1558.258	-1625.699	67.44141	1	0.995216	0.993214	0.994916	0.996131	0.997918	0.998856	0.999147	0.996197	0.998604
6600	-1557.837	-1625.279	67.44141	1	0.995216	0.993214	0.994916	0.996131	0.997918	0.998856	0.999147	0.996197	0.998604
6610	-1557.868	-1625.31	67.44141	1	0.995216	0.993214	0.994916	0.996131	0.997918	0.998856	0.999147	0.996197	0.998604
6620	-1558.208	-1625.649	67.44141	1	0.995216	0.993214	0.994916	0.996131	0.997918	0.998856	0.999147	0.996197	0.998604
6630	-1557.654	-1625.095	67.44141	1	0.995216	0.993214	0.994916	0.996131	0.997918	0.998856	0.999147	0.996197	0.998604
6640	-1557.688	-1625.129	67.44141	1	0.995216	0.993214	0.994916	0.996131	0.997918	0.998856	0.999147	0.996197	0.998604
6650	-1557.662	-1625.104	67.44141	1	0.995216	0.993214	0.994916	0.996131	0.997918	0.998856	0.999147	0.996197	0.998604
6660	-1558.338	-1625.779	67.44141	1	0.995216	0.993214	0.994916	0.996131	0.997918	0.998856	0.999147	0.996197	0.998604
6670	-1557.712	-1625.153	67.44141	1	0.995216	0.993214	0.994916	0.996131	0.997918	0.998856	0.999147	0.996197	0.998604
6680	-1558.191	-1625.633	67.44141	1	0.995216	0.993214	0.994916	0.996131	0.997918	0.998856	0.999147	0.996197	0.998604
6690	-1557.743	-1625.184	67.44141	1	0.995216	0.993214	0.994916	0.996131	0.997918	0.998856	0.999147	0.996197	0.998604
6700	-1557.704	-1625.146	67.44141	1	0.995216	0.993214	0.994916	0.996131	0.997918	0.998856	0.999147	0.996197	0.998604
6710	-1557.629	-1625.071	67.44141	1	0.995216	0.993214	0.994916	0.996131	0.997918	0.998856	0.999147	0.996197	0.998604
6720	-1557.627	-1625.069	67.44141	1	0.995216	0.993214	0.994916	0.996131	0.997918	0.998856	0.999147	0.996197	0.998604
6730	-1558.054	-1625.495	67.44141	1	0.995216	0.993214	0.994916	0.996131	0.997918	0.998856	0.999147	0.996197	0.998604
6740	-1557.891	-1625.333	67.44141	1	0.995216	0.993214	0.994916	0.996131	0.997918	0.998856	0.999147	0.996197	0.998604
6750	-1557.818	-1625.26	67.44141	1	0.995216	0.993214	0.994916	0.996131	0.997918	0.998856	0.999147	0.996197	0.998604
6760	-1557.626	-1625.067	67.44141	1	0.995216	0.993214	0.994916	0.996131	0.997918	0.998856	0.999147	0.996197	0.998604
6770	-1558.254	-1625.695	67.44141	1	0.995216	0.993214	0.994916	0.996131	0.997918	0.998856	0.999147	0.996197	0.998604
6780	-1559.961	-1627.402	67.44141	1	0.995216	0.993214	0.994916	0.996131	0.997918	0.998856	0.999147	0.996197	0.998604
6790	-1558.432	-1625.874	67.44141	1	0.995216	0.993214	0.994916	0.996131	0.997918	0.998856	0.999147	0.996197	0.998604
6800	-1557.648	-1625.09	67.44141	1	0.995216	0.993214	0.994916	0.996131	0.997918	0.998856	0.999147	0.996197	0.998604
6810	-1558.279	-1625.721	67.44141	1	0.995216	0.993214	0.994916	0.996131	0.997918	0.998856	0.999147	0.996197	0.998604
6820	-1557.983	-1625.424	67.44141	1	0.995216	0.993214	0.994916	0.996131	0.997918	0.998856	0.999147	0.996197	0.998604
6830	-1559.407	-1626.849	67.44141	1	0.995216	0.993214	0.994916	0.996131	0.997918	0.998856	0.999147	0.996197	0.998604
6840	-1557.867	-1625.309	67.44141	1	0.995216	0.993214	0.994916	0.996131	0.997918	0.998856	0.999147	0.996197	0.998604
6850	-1557.626	-1625.068	67.44141	1	0.995216	0.993214	0.994916	0.996131	0.997918	0.998856	0.999147	0.996197	0.998604
6860	-1557.628	-1625.069	67.44141	1	0.995216	0.993214	0.994916	0.996131	0.997918	0.998856	0.999147	0.996197	0.998604
6870	-1557.645	-1625.086	67.44141	1	0.995216	0.993214	0.994916	0.996131	0.997918	0.998856	0.999147	0.996197	0.998604
6880	-1557.797	-1625.238	67.44141	1	0.995216	0.993214	0.994916	0.996131	0.997918	0.998856	0.999147	0.996197	0.998604
6890	-1558.865	-1626.307	67.44141	1	0.995216	0.993214	0.994916	0.996131	0.997918	0.998856	0.999147	0.996197	0.998604
6900	-1557.626	-1625.068	67.44141	1	0.995216	0.993214	0.994916	0.996131	0.997918	0.998856	0.999147	0.996197	0.998604
6910	-1557.626	-1625.068	67.44141	1	0.995216	0.993214	0.994916	0.996131	0.997918	0.998856	0.999147	0.996197	0.998604
6920	-1558.951	-1626.393	67.44141	1	0.995216	0.993214	0.994916	0.996131	0.997918	0.998856	0.999147	0.996197	0.998604
6930	-1557.643	-1625.085	67.44141	1	0.995216	0.993214	0.994916	0.996131	0.997918	0.998856	0.999147	0.996197	0.998604
6940	-1559.999	-1627.44	67.44141	1	0.995216	0.993214	0.994916	0.996131	0.997918	0.998856	0.999147	0.996197	0.998604
6950	-1557.639	-1625.08	67.44141	1	0.995216	0.993214	0.994916	0.996131	0.997918	0.998856	0.999147	0.996197	0.998604
6960	-1557.63	-1625.071	67.44141	1	0.995216	0.993214	0.994916	0.996131	0.997918	0.998856	0.999147	0.996197	0.998604
6970	-1558.82	-1626.262	67.44141	1	0.995216	0.993214	0.994916	0.996131	0.997918	0.998856	0.999147	0.996197	0.998604
6980	-1557.627	-1625.068	67.44141	1	0.995216	0.993214	0.994916	0.996131	0.997918	0.998856	0.999147	0.996197	0.998604
6990	-1558.166	-1625.608	67.44141	1	0.995216	0.993214	0.994916	0.996131	0.997918	0.998856	0.999147	0.996197	0.998604
7000	-1558.151	-1625.592	67.44141	1	0.995216	0.993214	0.994916	0.996131	0.997918	0.998856	0.999147	0.996197	0.998604
7010	-1557.992	-1625.433	67.44141	1	0.995216	0.993214	0.994916	0.996131	0.997918	0.998856	0.999147	0.996197	0.998604
7020	-1557.65	-1625.092	67.44141	1	0.995216	0.993214	0.994916	0.996131	0.997918	0.998856	0.999147	0.996197	0.998604
7030	-1558.811	-1626.252	67.44141	1	0.995216	0.993214	0.994916	0.996131	0.997918	0.998856	0.999147	0.996197	0.998604
7040	-1557.69	-1625.131	67.44141	1	0.995216	0.993214	0.994916	0.996131	0.997918	0.998856	0.999147	0.996197	0.998604
7050	-1557.737	-1625.178	67.44141	1	0.995216	0.993214	0.994916	0.996131	0.997918	0.998856	0.999147	0.996197	0.998604
7060	-1557.796	-1625.237	67.44141	1	0.995216	0.993214	0.994916	0.996131	0.997918	0.998856	0.999147	0.996197	0.998604
7070	-1557.686	-1625.127	67.44141	1	0.995216	0.993214	0.994916	0.996131	0.997918	0.998856	0.999147	0.996197	0.998604
7080	-1557.682	-1625.123	67.44141	1	0.995216	0.993214	0.994916	0.996131	0.997918	0.998856	0.999147	0.996197	0.998604
7090	-1557.798	-1625.239	67.44141	1	0.995216	0.993214	0.994916	0.996131	0.997918	0.998856	0.999147	0.996197	0.998604
7100	-1557.726	-1625.168	67.44141	1	0.995216	0.993214	0.994916	0.996131	0.997918	0.998856	0.999147	0.996197	0.998604
7110	-1558.212	-1625.654	67.44141	1	0.995216	0.993214	0.994916	0.996131	0.997918	0.998856	0.999147	0.996197	0.998604
7120	-1558.016	-1625.457	67.44141	1	0.995216	0.993214	0.994916	0.996131	0.997918	0.998856	0.999147	0.996197	0.998604
7130	-1557.968	-1625.409	67.44141	1	0.995216	0.993214	0.994916	0.996131	0.997918	0.998856	0.999147	0.996197	0.998604
7140	-1557.642	-1625.084	67.44141	1	0.995216	0.993214	0.994916	0.996131	0.997918	0.998856	0.999147	0.996197	0.998604
7150	-1557.821	-1625.262	67.44141	1	0.995216	0.993214	0.994916	0.996131	0.997918	0.998856	0.999147	0.996197	0.998604
7160	-1557.643	-1625.084	67.44141	1	0.995216	0.993214	0.994916	0.996131	0.997918	0.998856	0.999147	0.996197	0.998604
7170	-1557.868	-1625.31	67.44141	1	0.995216	0.993214	0.994916	0.996131	0.997918	0.998856	0.999147	0.996197	0.998604
7180	-1557.629	-1625.07	67.44141	1	0.995216	0.993214	0.994916	0.996131	0.997918	0.998856	0.999147	0.996197	0.998604
7190	-1557.662	-1625.103	67.44141	1	0.995216	0.993214	0.994916	0.996131	0.997918	0.998856	0.999147	0.996197	0.998604
7200	-1557.718	-1625.159	67.44141	1	0.995216	0.993214	0.994916	0.996131	0.997918	0.998856	0.999147	0.996197	0.998604
7210	-1558.828	-1626.269	67.44141	1	0.995216	0.993214	0.994916	0.996131	0.997918	0.998856	0.999147	0.996197	0.998604
7220	-1557.655	-1625.096	67.44141	1	0.995216	0.993214	0.994916	0.996131	0.997918	0.998856	0.999147	0.996197	0.998604
7230	-1557.688	-1625.13	67.44141	1	0.995216	0.993214	0.994916	0.996131	0.997918	0.998856	0.999147	0.996197	0.998604
7240	-1557.641	-1625.082	67.44141	1	0.995216	0.993214	0.994916	0.996131	0.997918	0.998856	0.999147	0.996197	0.998604
7250	-1558.185	-1625.626	67.44141	1	0.995216	0.993214	0.994916	0.996131	0.997918	0.998856	0.999147	0.996197	0.998604
7260	-1558.571	-1626.013	67.44141	1	0.995216	0.993214	0.994916	0.996131	0.997918	0.998856	0.999147	0.996197	0.998604
7270	-1557.768	-1625.21	67.44141	1	0.995216	0.993214	0.994916	0.996131	0.997918	0.998856	0.999147	0.996197	0.998604
7280	-1557.631	-1625.073	67.44141	1	0.995216	0.993214	0.994916	0.996131	0.997918	0.998856	0.999147	0.996197	0.998604
7290	-1557.679	-1625.12	67.44141	1	0.995216	0.993214	0.994916	0.996131	0.997918	0.998856	0.999147	0.996197	0.998604
7300	-1558.811	-1626.253	67.44141	1	0.995216	0.993214	0.994916	0.996131	0.997918	0.998856	0.999147	0.996197	0.998604
7310	-1557.674	-1625.115	67.44141	1	0.995216	0.993214	0.994916	0.996131	0.997918	0.998856	0.999147	0.996197	0.998604
7320	-1557.856	-1625.298	67.44141	1	0.995216	0.993214	0.994916	0.996131	0.997918	0.998856	0.999147	0.996197	0.998604
7330	-1557.725	-1625.167	67.44141	1	0.995216	0.993214	0.994916	0.996131	0.997918	0.998856	0.999147	0.996197	0.998604
7340	-1557.702	-1625.143	67.44141	1	0.995216	0.993214	0.994916	0.996131	0.997918	0.998856	0.999147	0.996197	0.998604
7350	-1557.678	-1625.12	67.44141	1	0.995216	0.993214	0.994916	0.996131	0.997918	0.998856	0.999147	0.996197	0.998604
7360	-1558.364	-1625.806	67.44141	1	0.995216	0.993214	0.994916	0.996131	0.997918	0.998856	0.999147	0.996197	0.998604
7370	-1558.647	-1626.088	67.44141	1	0.995216	0.993214	0.994916	0.996131	0.997918	0.998856	0.999147	0.996197	0.998604
7380	-1557.693	-1625.134	67.44141	1	0.995216	0.993214	0.994916	0.996131	0.997918	0.998856	0.999147	0.996197	0.998604
7390	-1557.67	-1625.111	67.44141	1	0.995216	0.993214	0.994916	0.996131	0.997918	0.998856	0.999147	0.996197	0.998604
7400	-1557.975	-1625.416	67.44141	1	0.995216	0.993214	0.994916	0.996131	0.997918	0.998856	0.999147	0.996197	0.998604
7410	-1557.934	-1625.376	67.44141	1	0.995216	0.993214	0.994916	0.996131	0.997918	0.998856	0.999147	0.996197	0.998604
7420	-1557.729	-1625.171	67.44141	1	0.995216	0.993214	0.994916	0.996131	0.997918	0.998856	0.999147	0.996197	0.998604
7430	-1558.066	-1625.507	67.44141	1	0.995216	0.993214	0.994916	0.996131	0.997918	0.998856	0.999147	0.996197	0.998604
7440	-1561.478	-1628.92	67.44141	1	0.995216	0.993214	0.994916	0.996131	0.997918	0.998856	0.999147	0.996197	0.998604
7450	-1558.907	-1626.349	67.44141	1	0.995216	0.993214	0.994916	0.996131	0.997918	0.998856	0.999147	0.996197	0.998604
7460	-1557.694	-1625.136	67.44141	1	0.995216	0.993214	0.994916	0.996131	0.997918	0.998856	0.999147	0.996197	0.998604
7470	-1557.626	-1625.067	67.44141	1	0.995216	0.993214	0.994916	0.996131	0.997918	0.998856	0.999147	0.996197	0.998604
7480	-1559.966	-1627.408	67.44141	1	0.995216	0.993214	0.994916	0.996131	0.997918	0.998856	0.999147	0.996197	0.998604
7490	-1557.633	-1625.075	67.44141	1	0.995216	0.993214	0.994916	0.996131	0.997918	0.998856	0.999147	0.996197	0.998604
7500	-1557.632	-1625.073	67.44141	1	0.995216	0.993214	0.994916	0.996131	0.997918	0.998856	0.999147	0.996197	0.998604
7510	-1558.617	-1626.058	67.44141	1	0.995216	0.993214	0.994916	0.996131	0.997918	0.998856	0.999147	0.996197	0.998604
7520	-1557.702	-1625.143	67.44141	1	0.995216	0.993214	0.994916	0.996131	0.997918	0.998856	0.999147	0.996197	0.998604
7530	-1558.916	-1626.357	67.44141	1	0.995216	0.993214	0.994916	0.996131	0.997918	0.998856	0.999147	0.996197	0.998604
7540	-1557.898	-1625.34	67.44141	1	0.995216	0.993214	0.994916	0.996131	0.997918	0.998856	0.999147	0.996197	0.998604
7550	-1557.629	-1625.071	67.44141	1	0.995216	0.993214	0.994916	0.996131	0.997918	0.998856	0.999147	0.996197	0.998604
7560	-1557.711	-1625.153	67.44141	1	0.995216	0.993214	0.994916	0.996131	0.997918	0.998856	0.999147	0.996197	0.998604
7570	-1557.649	-1625.091	67.44141	1	0.995216	0.993214	0.994916	0.996131	0.997918	0.998856	0.999147	0.996197	0.998604
7580	-1557.845	-1625.287	67.44141	1	0.995216	0.993214	0.994916	0.996131	0.997918	0.998856	0.999147	0.996197	0.998604
7590	-1558.791	-1626.233	67.44141	1	0.995216	0.993214	0.994916	0.996131	0.997918	0.998856	0.999147	0.996197	0.998604
7600	-1557.854	-1625.296	67.44141	1	0.995216	0.993214	0.994916	0.996131	0.997918	0.998856	0.999147	0.996197	0.998604
7610	-1558.185	-1625.626	67.44141	1	0.995216	0.993214	0.994916	0.996131	0.997918	0.998856	0.999147	0.996197	0.998604
7620	-1557.644	-1625.086	67.44141	1	0.995216	0.993214	0.994916	0.996131	0.997918	0.998856	0.999147	0.996197	0.998604
7630	-1558.198	-1625.64	67.44141	1	0.995216	0.993214	0.994916	0.996131	0.997918	0.998856	0.999147	0.996197	0.998604
7640	-1558.031	-1625.472	67.44141	1	0.995216	0.993214	0.994916	0.996131	0.997918	0.998856	0.999147	0.996197	0.998604
7650	-1558.107	-1625.548	67.44141	1	0.995216	0.993214	0.994916	0.996131	0.997918	0.998856	0.999147	0.996197	0.998604
7660	-1557.734	-1625.175	67.44141	1	0.995216	0.993214	0.994916	0.996131	0.997918	0.998856	0.999147	0.996197	0.998604
7670	-1557.647	-1625.089	67.44141	1	0.995216	0.993214	0.994916	0.996131	0.997918	0.998856	0.999147	0.996197	0.998604
7680	-1557.886	-1625.328	67.44141	1	0.995216	0.993214	0.994916	0.996131	0.997918	0.998856	0.999147	0.996197	0.998604
7690	-1558.172	-1625.613	67.44141	1	0.995216	0.993214	0.994916	0.996131	0.997918	0.998856	0.999147	0.996197	0.998604
7700	-1557.85	-1625.291	67.44141	1	0.995216	0.993214	0.994916	0.996131	0.997918	0.998856	0.999147	0.996197	0.998604
7710	-1559.075	-1626.516	67.44141	1	0.995216	0.993214	0.994916	0.996131	0.997918	0.998856	0.999147	0.996197	0.998604
7720	-1558.247	-1625.689	67.44141	1	0.995216	0.993214	0.994916	0.996131	0.997918	0.998856	0.999147	0.996197	0.998604
7730	-1557.864	-1625.306	67.44141	1	0.995216	0.993214	0.994916	0.996131	0.997918	0.998856	0.999147	0.996197	0.998604
7740	-1558.488	-1625.93	67.44141	1	0.995216	0.993214	0.994916	0.996131	0.997918	0.998856	0.999147	0.996197	0.998604
7750	-1557.688	-1625.13	67.44141	1	0.995216	0.993214	0.994916	0.996131	0.997918	0.998856	0.999147	0.996197	0.998604
7760	-1558.05	-1625.491	67.44141	1	0.995216	0.993214	0.994916	0.996131	0.997918	0.998856	0.999147	0.996197	0.998604
7770	-1557.709	-1625.15	67.44141	1	0.995216	0.993214	0.994916	0.996131	0.997918	0.998856	0.999147	0.996197	0.998604
7780	-1557.758	-1625.2	67.44141	1	0.995216	0.993214	0.994916	0.996131	0.997918	0.998856	0.999147	0.996197	0.998604
7790	-1558.127	-1625.568	67.44141	1	0.995216	0.993214	0.994916	0.996131	0.997918	0.998856	0.999147	0.996197	0.998604
7800	-1557.63	-1625.071	67.44141	1	0.995216	0.993214	0.994916	0.996131	0.997918	0.998856	0.999147	0.996197	0.998604
7810	-1557.769	-1625.21	67.44141	1	0.995216	0.993214	0.994916	0.996131	0.997918	0.998856	0.999147	0.996197	0.998604
7820	-1557.683	-1625.125	67.44141	1	0.995216	0.993214	0.994916	0.996131	0.997918	0.998856	0.999147	0.996197	0.998604
7830	-1557.77	-1625.212	67.44141	1	0.995216	0.993214	0.994916	0.996131	0.997918	0.998856	0.999147	0.996197	0.998604
7840	-1557.796	-1625.237	67.44141	1	0.995216	0.993214	0.994916	0.996131	0.997918	0.998856	0.999147	0.996197	0.998604
7850	-1558.406	-1625.848	67.44141	1	0.995216	0.993214	0.994916	0.996131	0.997918	0.998856	0.999147	0.996197	0.998604
7860	-1558.035	-1625.476	67.44141	1	0.995216	0.993214	0.994916	0.996131	0.997918	0.998856	0.999147	0.996197	0.998604
7870	-1558.565	-1626.006	67.44141	1	0.995216	0.993214	0.994916	0.996131	0.997918	0.998856	0.999147	0.996197	0.998604
7880	-1557.639	-1625.08	67.44141	1	0.995216	0.993214	0.994916	0.996131	0.997918	0.998856	0.999147	0.996197	0.998604
7890	-1557.773	-1625.215	67.44141	1	0.995216	0.993214	0.994916	0.996131	0.997918	0.998856	0.999147	0.996197	0.998604
7900	-1558.378	-1625.82	67.44141	1	0.995216	0.993214	0.994916	0.996131	0.997918	0.998856	0.999147	0.996197	0.998604
7910	-1558.052	-1625.493	67.44141	1	0.995216	0.993214	0.994916	0.996131	0.997918	0.998856	0.999147	0.996197	0.998604
7920	-1557.91	-1625.351	67.44141	1	0.995216	0.993214	0.994916	0.996131	0.997918	0.998856	0.999147	0.996197	0.998604
7930	-1557.764	-1625.206	67.44141	1	0.995216	0.993214	0.994916	0.996131	0.997918	0.998856	0.999147	0.996197	0.998604
7940	-1557.767	-1625.209	67.44141	1	0.995216	0.993214	0.994916	0.996131	0.997918	0.998856	0.999147	0.996197	0.998604
7950	-1557.777	-1625.219	67.44141	1	0.995216	0.993214	0.994916	0.996131	0.997918	0.998856	0.999147	0.996197	0.998604
7960	-1557.793	-1625.235	67.44141	1	0.995216	0.993214	0.994916	0.996131	0.997918	0.998856	0.999147	0.996197	0.998604
7970	-1558.011	-1625.452	67.44141	1	0.995216	0.993214	0.994916	0.996131	0.997918	0.998856	0.999147	0.996197	0.998604
7980	-1558.672	-1626.113	67.44141	1	0.995216	0.993214	0.994916	0.996131	0.997918	0.998856	0.999147	0.996197	0.998604
7990	-1557.843	-1625.285	67.44141	1	0.995216	0.993214	0.994916	0.996131	0.997918	0.998856	0.999147	0.996197	0.998604
8000	-1557.665	-1625.106	67.44141	1	0.995216	0.993214	0.994916	0.996131	0.997918	0.998856	0.999147	0.996197	0.998604
8010	-1558.499	-1625.941	67.44141	1	0.995216	0.993214	0.994916	0.996131	0.997918	0.998856	0.999147	0.996197	0.998604
8020	-1557.707	-1625.148	67.44141	1	0.995216	0.993214	0.994916	0.996131	0.997918	0.998856	0.999147	0.996197	0.998604
8030	-1557.957	-1625.398	67.44141	1	0.995216	0.993214	0.994916	0.996131	0.997918	0.998856	0.999147	0.996197	0.998604
8040	-1557.748	-1625.189	67.44141	1	0.995216	0.993214	0.994916	0.996131	0.997918	0.998856	0.999147	0.996197	0.998604
8050	-1558.558	-1625.999	67.44141	1	0.995216	0.993214	0.994916	0.996131	0.997918	0.998856	0.999147	0.996197	0.998604
8060	-1557.653	-1625.095	67.44141	1	0.995216	0.993214	0.994916	0.996131	0.997918	0.998856	0.999147	0.996197	0.998604
8070	-1559.17	-1626.612	67.44141	1	0.995216	0.993214	0.994916	0.996131	0.997918	0.998856	0.999147	0.996197	0.998604
8080	-1558.684	-1626.125	67.44141	1	0.995216	0.993214	0.994916	0.996131	0.997918	0.998856	0.999147	0.996197	0.998604
8090	-1557.799	-1625.24	67.44141	1	0.995216	0.993214	0.994916	0.996131	0.997918	0.998856	0.999147	0.996197	0.998604
8100	-1558.178	-1625.62	67.44141	1	0.995216	0.993214	0.994916	0.996131	0.997918	0.998856	0.999147	0.996197	0.998604
8110	-1557.633	-1625.074	67.44141	1	0.995216	0.993214	0.994916	0.996131	0.997918	0.998856	0.999147	0.996197	0.998604
8120	-1557.627	-1625.068	67.44141	1	0.995216	0.993214	0.994916	0.996131	0.997918	0.998856	0.999147	0.996197	0.998604
8130	-1558.456	-1625.897	67.44141	1	0.995216	0.993214	0.994916	0.996131	0.997918	0.998856	0.999147	0.996197	0.998604
8140	-1558.404	-1625.845	67.44141	1	0.995216	0.993214	0.994916	0.996131	0.997918	0.998856	0.999147	0.996197	0.998604
8150	-1557.716	-1625.157	67.44141	1	0.995216	0.993214	0.994916	0.996131	0.997918	0.998856	0.999147	0.996197	0.998604
8160	-1557.769	-1625.21	67.44141	1	0.995216	0.993214	0.994916	0.996131	0.997918	0.998856	0.999147	0.996197	0.998604
8170	-1557.748	-1625.19	67.44141	1	0.995216	0.993214	0.994916	0.996131	0.997918	0.998856	0.999147	0.996197	0.998604
8180	-1558.263	-1625.704	67.44141	1	0.995216	0.993214	0.994916	0.996131	0.997918	0.998856	0.999147	0.996197	0.998604
8190	-1557.781	-1625.222	67.44141	1	0.995216	0.993214	0.994916	0.996131	0.997918	0.998856	0.999147	0.996197	0.998604
8200	-1557.694	-1625.135	67.44141	1	0.995216	0.993214	0.994916	0.996131	0.997918	0.998856	0.999147	0.996197	0.998604
8210	-1557.64	-1625.081	67.44141	1	0.995216	0.993214	0.994916	0.996131	0.997918	0.998856	0.999147	0.996197	0.998604
8220	-1557.672	-1625.113	67.44141	1	0.995216	0.993214	0.994916	0.996131	0.997918	0.998856	0.999147	0.996197	0.998604
8230	-1557.626	-1625.067	67.44141	1	0.995216	0.993214	0.994916	0.996131	0.997918	0.998856	0.999147	0.996197	0.998604
8240	-1557.923	-1625.365	67.44141	1	0.995216	0.993214	0.994916	0.996131	0.997918	0.998856	0.999147	0.996197	0.998604
8250	-1558.995	-1626.436	67.44141	1	0.995216	0.993214	0.994916	0.996131	0.997918	0.998856	0.999147	0.996197	0.998604
8260	-1557.642	-1625.084	67.44141	1	0.995216	0.993214	0.994916	0.996131	0.997918	0.998856	0.999147	0.996197	0.998604
8270	-1557.651	-1625.092	67.44141	1	0.995216	0.993214	0.994916	0.996131	0.997918	0.998856	0.999147	0.996197	0.998604
8280	-1557.732	-1625.173	67.44141	1	0.995216	0.993214	0.994916	0.996131	0.997918	0.998856	0.999147	0.996197	0.998604
8290	-1558.115	-1625.557	67.44141	1	0.995216	0.993214	0.994916	0.996131	0.997918	0.998856	0.999147	0.996197	0.998604
8300	-1557.632	-1625.074	67.44141	1	0.995216	0.993214	0.994916	0.996131	0.997918	0.998856	0.999147	0.996197	0.998604
8310	-1559.954	-1627.395	67.44141	1	0.995216	0.993214	0.994916	0.996131	0.997918	0.998856	0.999147	0.996197	0.998604
8320	-1558.376	-1625.817	67.44141	1	0.995216	0.993214	0.994916	0.996131	0.997918	0.998856	0.999147	0.996197	0.998604
8330	-1558.495	-1625.937	67.44141	1	0.995216	0.993214	0.994916	0.996131	0.997918	0.998856	0.999147	0.996197	0.998604
8340	-1557.985	-1625.427	67.44141	1	0.995216	0.993214	0.994916	0.996131	0.997918	0.998856	0.999147	0.996197	0.998604
8350	-1557.626	-1625.068	67.44141	1	0.995216	0.993214	0.994916	0.996131	0.997918	0.998856	0.999147	0.996197	0.998604
8360	-1557.688	-1625.13	67.44141	1	0.995216	0.993214	0.994916	0.996131	0.997918	0.998856	0.999147	0.996197	0.998604
8370	-1558.48	-1625.921	67.44141	1	0.995216	0.993214	0.994916	0.996131	0.997918	0.998856	0.999147	0.996197	0.998604
8380	-1558.346	-1625.787	67.44141	1	0.995216	0.993214	0.994916	0.996131	0.997918	0.998856	0.999147	0.996197	0.998604
8390	-1559.331	-1626.773	67.44141	1	0.995216	0.993214	0.994916	0.996131	0.997918	0.998856	0.999147	0.996197	0.998604
8400	-1558.693	-1626.135	67.44141	1	0.995216	0.993214	0.994916	0.996131	0.997918	0.998856	0.999147	0.996197	0.998604
8410	-1557.773	-1625.215	67.44141	1	0.995216	0.993214	0.994916	0.996131	0.997918	0.998856	0.999147	0.996197	0.998604
8420	-1557.629	-1625.07	67.44141	1	0.995216	0.993214	0.994916	0.996131	0.997918	0.998856	0.999147	0.996197	0.998604
8430	-1558.409	-1625.85	67.44141	1	0.995216	0.993214	0.994916	0.996131	0.997918	0.998856	0.999147	0.996197	0.998604
8440	-1557.672	-1625.114	67.44141	1	0.995216	0.993214	0.994916	0.996131	0.997918	0.998856	0.999147	0.996197	0.998604
8450	-1558.114	-1625.556	67.44141	1	0.995216	0.993214	0.994916	0.996131	0.997918	0.998856	0.999147	0.996197	0.998604
8460	-1557.688	-1625.13	67.44141	1	0.995216	0.993214	0.994916	0.996131	0.997918	0.998856	0.999147	0.996197	0.998604
8470	-1558.351	-1625.792	67.44141	1	0.995216	0.993214	0.994916	0.996131	0.997918	0.998856	0.999147	0.996197	0.998604
8480	-1557.626	-1625.067	67.44141	1	0.995216	0.993214	0.994916	0.996131	0.997918	0.998856	0.999147	0.996197	0.998604
8490	-1558.533	-1625.974	67.44141	1	0.995216	0.993214	0.994916	0.996131	0.997918	0.998856	0.999147	0.996197	0.998604
8500	-1557.629	-1625.07	67.44141	1	0.995216	0.993214	0.994916	0.996131	0.997918	0.998856	0.999147	0.996197	0.998604
8510	-1558	-1625.441	67.44141	1	0.995216	0.993214	0.994916	0.996131	0.997918	0.998856	0.999147	0.996197	0.998604
8520	-1558.715	-1626.156	67.44141	1	0.995216	0.993214	0.994916	0.996131	0.997918	0.998856	0.999147	0.996197	0.998604
8530	-1558.331	-1625.772	67.44141	1	0.995216	0.993214	0.994916	0.996131	0.997918	0.998856	0.999147	0.996197	0.998604
8540	-1557.634	-1625.075	67.44141	1	0.995216	0.993214	0.994916	0.996131	0.997918	0.998856	0.999147	0.996197	0.998604
8550	-1558.15	-1625.591	67.44141	1	0.995216	0.993214	0.994916	0.996131	0.997918	0.998856	0.999147	0.996197	0.998604
8560	-1557.626	-1625.067	67.44141	1	0.995216	0.993214	0.994916	0.996131	0.997918	0.998856	0.999147	0.996197	0.998604
8570	-1557.833	-1625.274	67.44141	1	0.995216	0.993214	0.994916	0.996131	0.997918	0.998856	0.999147	0.996197	0.998604
8580	-1557.628	-1625.07	67.44141	1	0.995216	0.993214	0.994916	0.996131	0.997918	0.998856	0.999147	0.996197	0.998604
8590	-1558.307	-1625.748	67.44141	1	0.995216	0.993214	0.994916	0.996131	0.997918	0.998856	0.999147	0.996197	0.998604
8600	-1558.95	-1626.391	67.44141	1	0.995216	0.993214	0.994916	0.996131	0.997918	0.998856	0.999147	0.996197	0.998604
8610	-1558.799	-1626.241	67.44141	1	0.995216	0.993214	0.994916	0.996131	0.997918	0.998856	0.999147	0.996197	0.998604
8620	-1557.677	-1625.118	67.44141	1	0.995216	0.993214	0.994916	0.996131	0.997918	0.998856	0.999147	0.996197	0.998604
8630	-1557.677	-1625.118	67.44141	1	0.995216	0.993214	0.994916	0.996131	0.997918	0.998856	0.999147	0.996197	0.998604
8640	-1557.952	-1625.393	67.44141	1	0.995216	0.993214	0.994916	0.996131	0.997918	0.998856	0.999147	0.996197	0.998604
8650	-1557.637	-1625.078	67.44141	1	0.995216	0.993214	0.994916	0.996131	0.997918	0.998856	0.999147	0.996197	0.998604
8660	-1558.075	-1625.517	67.44141	1	0.995216	0.993214	0.994916	0.996131	0.997918	0.998856	0.999147	0.996197	0.998604
8670	-1557.793	-1625.235	67.44141	1	0.995216	0.993214	0.994916	0.996131	0.997918	0.998856	0.999147	0.996197	0.998604
8680	-1558.301	-1625.742	67.44141	1	0.995216	0.993214	0.994916	0.996131	0.997918	0.998856	0.999147	0.996197	0.998604
8690	-1557.718	-1625.159	67.44141	1	0.995216	0.993214	0.994916	0.996131	0.997918	0.998856	0.999147	0.996197	0.998604
8700	-1557.856	-1625.297	67.44141	1	0.995216	0.993214	0.994916	0.996131	0.997918	0.998856	0.999147	0.996197	0.998604
8710	-1557.671	-1625.113	67.44141	1	0.995216	0.993214	0.994916	0.996131	0.997918	0.998856	0.999147	0.996197	0.998604
8720	-1558.148	-1625.589	67.44141	1	0.995216	0.993214	0.994916	0.996131	0.997918	0.998856	0.999147	0.996197	0.998604
8730	-1557.981	-1625.423	67.44141	1	0.995216	0.993214	0.994916	0.996131	0.997918	0.998856	0.999147	0.996197	0.998604
8740	-1557.645	-1625.086	67.44141	1	0.995216	0.993214	0.994916	0.996131	0.997918	0.998856	0.999147	0.996197	0.998604
8750	-1557.63	-1625.072	67.44141	1	0.995216	0.993214	0.994916	0.996131	0.997918	0.998856	0.999147	0.996197	0.998604
8760	-1560.07	-1627.511	67.44141	1	0.995216	0.993214	0.994916	0.996131	0.997918	0.998856	0.999147	0.996197	0.998604
8770	-1558.601	-1626.042	67.44141	1	0.995216	0.993214	0.994916	0.996131	0.997918	0.998856	0.999147	0.996197	0.998604
8780	-1557.673	-1625.115	67.44141	1	0.995216	0.993214	0.994916	0.996131	0.997918	0.998856	0.999147	0.996197	0.998604
8790	-1557.885	-1625.326	67.44141	1	0.995216	0.993214	0.994916	0.996131	0.997918	0.998856	0.999147	0.996197	0.998604
8800	-1557.706	-1625.147	67.44141	1	0.995216	0.993214	0.994916	0.996131	0.997918	0.998856	0.999147	0.996197	0.998604
8810	-1557.988	-1625.43	67.44141	1	0.995216	0.993214	0.994916	0.996131	0.997918	0.998856	0.999147	0.996197	0.998604
8820	-1557.729	-1625.171	67.44141	1	0.995216	0.993214	0.994916	0.996131	0.997918	0.998856	0.999147	0.996197	0.998604
8830	-1557.874	-1625.316	67.44141	1	0.995216	0.993214	0.994916	0.996131	0.997918	0.998856	0.999147	0.996197	0.998604
8840	-1557.794	-1625.235	67.44141	1	0.995216	0.993214	0.994916	0.996131	0.997918	0.998856	0.999147	0.996197	0.998604
8850	-1557.863	-1625.304	67.44141	1	0.995216	0.993214	0.994916	0.996131	0.997918	0.998856	0.999147	0.996197	0.998604
8860	-1558.322	-1625.763	67.44141	1	0.995216	0.993214	0.994916	0.996131	0.997918	0.998856	0.999147	0.996197	0.998604
8870	-1559.23	-1626.671	67.44141	1	0.995216	0.993214	0.994916	0.996131	0.997918	0.998856	0.999147	0.996197	0.998604
8880	-1558.183	-1625.624	67.44141	1	0.995216	0.993214	0.994916	0.996131	0.997918	0.998856	0.999147	0.996197	0.998604
8890	-1557.672	-1625.113	67.44141	1	0.995216	0.993214	0.994916	0.996131	0.997918	0.998856	0.999147	0.996197	0.998604
8900	-1558.762	-1626.204	67.44141	1	0.995216	0.993214	0.994916	0.996131	0.997918	0.998856	0.999147	0.996197	0.998604
8910	-1557.675	-1625.117	67.44141	1	0.995216	0.993214	0.994916	0.996131	0.997918	0.998856	0.999147	0.996197	0.998604
8920	-1557.841	-1625.283	67.44141	1	0.995216	0.993214	0.994916	0.996131	0.997918	0.998856	0.999147	0.996197	0.998604
8930	-1557.761	-1625.202	67.44141	1	0.995216	0.993214	0.994916	0.996131	0.997918	0.998856	0.999147	0.996197	0.998604
8940	-1557.903	-1625.344	67.44141	1	0.995216	0.993214	0.994916	0.996131	0.997918	0.998856	0.999147	0.996197	0.998604
8950	-1560.611	-1628.053	67.44141	1	0.995216	0.993214	0.994916	0.996131	0.997918	0.998856	0.999147	0.996197	0.998604
8960	-1557.816	-1625.257	67.44141	1	0.995216	0.993214	0.994916	0.996131	0.997918	0.998856	0.999147	0.996197	0.998604
8970	-1557.733	-1625.174	67.44141	1	0.995216	0.993214	0.994916	0.996131	0.997918	0.998856	0.999147	0.996197	0.998604
8980	-1557.908	-1625.35	67.44141	1	0.995216	0.993214	0.994916	0.996131	0.997918	0.998856	0.999147	0.996197	0.998604
8990	-1557.744	-1625.185	67.44141	1	0.995216	0.993214	0.994916	0.996131	0.997918	0.998856	0.999147	0.996197	0.998604
9000	-1560.581	-1628.022	67.44141	1	0.995216	0.993214	0.994916	0.996131	0.997918	0.998856	0.999147	0.996197	0.998604
9010	-1557.68	-1625.121	67.44141	1	0.995216	0.993214	0.994916	0.996131	0.997918	0.998856	0.999147	0.996197	0.998604
9020	-1557.63	-1625.071	67.44141	1	0.995216	0.993214	0.994916	0.996131	0.997918	0.998856	0.999147	0.996197	0.998604
9030	-1557.639	-1625.08	67.44141	1	0.995216	0.993214	0.994916	0.996131	0.997918	0.998856	0.999147	0.996197	0.998604
9040	-1559.663	-1627.105	67.44141	1	0.995216	0.993214	0.994916	0.996131	0.997918	0.998856	0.999147	0.996197	0.998604
9050	-1557.632	-1625.073	67.44141	1	0.995216	0.993214	0.994916	0.996131	0.997918	0.998856	0.999147	0.996197	0.998604
9060	-1558.138	-1625.58	67.44141	1	0.995216	0.993214	0.994916	0.996131	0.997918	0.998856	0.999147	0.996197	0.998604
9070	-1557.731	-1625.172	67.44141	1	0.995216	0.993214	0.994916	0.996131	0.997918	0.998856	0.999147	0.996197	0.998604
9080	-1560.367	-1627.808	67.44141	1	0.995216	0.993214	0.994916	0.996131	0.997918	0.998856	0.999147	0.996197	0.998604
9090	-1557.799	-1625.24	67.44141	1	0.995216	0.993214	0.994916	0.996131	0.997918	0.998856	0.999147	0.996197	0.998604
9100	-1558.142	-1625.583	67.44141	1	0.995216	0.993214	0.994916	0.996131	0.997918	0.998856	0.999147	0.996197	0.998604
9110	-1558.76	-1626.201	67.44141	1	0.995216	0.993214	0.994916	0.996131	0.997918	0.998856	0.999147	0.996197	0.998604
9120	-1557.635	-1625.076	67.44141	1	0.995216	0.993214	0.994916	0.996131	0.997918	0.998856	0.999147	0.996197	0.998604
9130	-1557.641	-1625.082	67.44141	1	0.995216	0.993214	0.994916	0.996131	0.997918	0.998856	0.999147	0.996197	0.998604
9140	-1558.218	-1625.66	67.44141	1	0.995216	0.993214	0.994916	0.996131	0.997918	0.998856	0.999147	0.996197	0.998604
9150	-1560.621	-1628.063	67.44141	1	0.995216	0.993214	0.994916	0.996131	0.997918	0.998856	0.999147	0.996197	0.998604
9160	-1557.639	-1625.08	67.44141	1	0.995216	0.993214	0.994916	0.996131	0.997918	0.998856	0.999147	0.996197	0.998604
9170	-1557.857	-1625.298	67.44141	1	0.995216	0.993214	0.994916	0.996131	0.997918	0.998856	0.999147	0.996197	0.998604
9180	-1558.472	-1625.914	67.44141	1	0.995216	0.993214	0.994916	0.996131	0.997918	0.998856	0.999147	0.996197	0.998604
9190	-1557.672	-1625.114	67.44141	1	0.995216	0.993214	0.994916	0.996131	0.997918	0.998856	0.999147	0.996197	0.998604
9200	-1558.838	-1626.28	67.44141	1	0.995216	0.993214	0.994916	0.996131	0.997918	0.998856	0.999147	0.996197	0.998604
9210	-1558.725	-1626.167	67.44141	1	0.995216	0.993214	0.994916	0.996131	0.997918	0.998856	0.999147	0.996197	0.998604
9220	-1558.258	-1625.7	67.44141	1	0.995216	0.993214	0.994916	0.996131	0.997918	0.998856	0.999147	0.996197	0.998604
9230	-1557.627	-1625.069	67.44141	1	0.995216	0.993214	0.994916	0.996131	0.997918	0.998856	0.999147	0.996197	0.998604
9240	-1558.29	-1625.732	67.44141	1	0.995216	0.993214	0.994916	0.996131	0.997918	0.998856	0.999147	0.996197	0.998604
9250	-1558.156	-1625.597	67.44141	1	0.995216	0.993214	0.994916	0.996131	0.997918	0.998856	0.999147	0.996197	0.998604
9260	-1557.657	-1625.098	67.44141	1	0.995216	0.993214	0.994916	0.996131	0.997918	0.998856	0.999147	0.996197	0.998604
9270	-1557.663	-1625.105	67.44141	1	0.995216	0.993214	0.994916	0.996131	0.997918	0.998856	0.999147	0.996197	0.998604
9280	-1557.658	-1625.1	67.44141	1	0.995216	0.993214	0.994916	0.996131	0.997918	0.998856	0.999147	0.996197	0.998604
9290	-1557.871	-1625.313	67.44141	1	0.995216	0.993214	0.994916	0.996131	0.997918	0.998856	0.999147	0.996197	0.998604
9300	-1557.746	-1625.187	67.44141	1	0.995216	0.993214	0.994916	0.996131	0.997918	0.998856	0.999147	0.996197	0.998604
9310	-1558.801	-1626.243	67.44141	1	0.995216	0.993214	0.994916	0.996131	0.997918	0.998856	0.999147	0.996197	0.998604
9320	-1557.854	-1625.296	67.44141	1	0.995216	0.993214	0.994916	0.996131	0.997918	0.998856	0.999147	0.996197	0.998604
9330	-1559.322	-1626.763	67.44141	1	0.995216	0.993214	0.994916	0.996131	0.997918	0.998856	0.999147	0.996197	0.998604
9340	-1557.715	-1625.157	67.44141	1	0.995216	0.993214	0.994916	0.996131	0.997918	0.998856	0.999147	0.996197	0.998604
9350	-1558.05	-1625.492	67.44141	1	0.995216	0.993214	0.994916	0.996131	0.997918	0.998856	0.999147	0.996197	0.998604
9360	-1557.633	-1625.075	67.44141	1	0.995216	0.993214	0.994916	0.996131	0.997918	0.998856	0.999147	0.996197	0.998604
9370	-1557.728	-1625.169	67.44141	1	0.995216	0.993214	0.994916	0.996131	0.997918	0.998856	0.999147	0.996197	0.998604
9380	-1557.765	-1625.206	67.44141	1	0.995216	0.993214	0.994916	0.996131	0.997918	0.998856	0.999147	0.996197	0.998604
9390	-1557.626	-1625.067	67.44141	1	0.995216	0.993214	0.994916	0.996131	0.997918	0.998856	0.999147	0.996197	0.998604
9400	-1557.843	-1625.285	67.44141	1	0.995216	0.993214	0.994916	0.996131	0.997918	0.998856	0.999147	0.996197	0.998604
9410	-1557.638	-1625.079	67.44141	1	0.995216	0.993214	0.994916	0.996131	0.997918	0.998856	0.999147	0.996197	0.998604
9420	-1557.793	-1625.234	67.44141	1	0.995216	0.993214	0.994916	0.996131	0.997918	0.998856	0.999147	0.996197	0.998604
9430	-1557.744	-1625.186	67.44141	1	0.995216	0.993214	0.994916	0.996131	0.997918	0.998856	0.999147	0.996197	0.998604
9440	-1558.041	-1625.483	67.44141	1	0.995216	0.993214	0.994916	0.996131	0.997918	0.998856	0.999147	0.996197	0.998604
9450	-1559.54	-1626.981	67.44141	1	0.995216	0.993214	0.994916	0.996131	0.997918	0.998856	0.999147	0.996197	0.998604
9460	-1557.744	-1625.185	67.44141	1	0.995216	0.993214	0.994916	0.996131	0.997918	0.998856	0.999147	0.996197	0.998604
9470	-1557.672	-1625.114	67.44141	1	0.995216	0.993214	0.994916	0.996131	0.997918	0.998856	0.999147	0.996197	0.998604
9480	-1557.919	-1625.361	67.44141	1	0.995216	0.993214	0.994916	0.996131	0.997918	0.998856	0.999147	0.996197	0.998604
9490	-1557.875	-1625.316	67.44141	1	0.995216	0.993214	0.994916	0.996131	0.997918	0.998856	0.999147	0.996197	0.998604
9500	-1557.643	-1625.084	67.44141	1	0.995216	0.993214	0.994916	0.996131	0.997918	0.998856	0.999147	0.996197	0.998604
9510	-1559.016	-1626.457	67.44141	1	0.995216	0.993214	0.994916	0.996131	0.997918	0.998856	0.999147	0.996197	0.998604
9520	-1557.628	-1625.069	67.44141	1	0.995216	0.993214	0.994916	0.996131	0.997918	0.998856	0.999147	0.996197	0.998604
9530	-1558.217	-1625.659	67.44141	1	0.995216	0.993214	0.994916	0.996131	0.997918	0.998856	0.999147	0.996197	0.998604
9540	-1557.627	-1625.069	67.44141	1	0.995216	0.993214	0.994916	0.996131	0.997918	0.998856	0.999147	0.996197	0.998604
9550	-1557.637	-1625.078	67.44141	1	0.995216	0.993214	0.994916	0.996131	0.997918	0.998856	0.999147	0.996197	0.998604
9560	-1558.739	-1626.18	67.44141	1	0.995216	0.993214	0.994916	0.996131	0.997918	0.998856	0.999147	0.996197	0.998604
9570	-1558.498	-1625.939	67.44141	1	0.995216	0.993214	0.994916	0.996131	0.997918	0.998856	0.999147	0.996197	0.998604
9580	-1557.631	-1625.072	67.44141	1	0.995216	0.993214	0.994916	0.996131	0.997918	0.998856	0.999147	0.996197	0.998604
9590	-1558.466	-1625.907	67.44141	1	0.995216	0.993214	0.994916	0.996131	0.997918	0.998856	0.999147	0.996197	0.998604
9600	-1557.836	-1625.277	67.44141	1	0.995216	0.993214	0.994916	0.996131	0.997918	0.998856	0.999147	0.996197	0.998604
9610	-1557.76	-1625.201	67.44141	1	0.995216	0.993214	0.994916	0.996131	0.997918	0.998856	0.999147	0.996197	0.998604
9620	-1557.627	-1625.068	67.44141	1	0.995216	0.993214	0.994916	0.996131	0.997918	0.998856	0.999147	0.996197	0.998604
9630	-1558.11	-1625.552	67.44141	1	0.995216	0.993214	0.994916	0.996131	0.997918	0.998856	0.999147	0.996197	0.998604
9640	-1560.303	-1627.744	67.44141	1	0.995216	0.993214	0.994916	0.996131	0.997918	0.998856	0.999147	0.996197	0.998604
9650	-1557.626	-1625.067	67.44141	1	0.995216	0.993214	0.994916	0.996131	0.997918	0.998856	0.999147	0.996197	0.998604
9660	-1557.667	-1625.109	67.44141	1	0.995216	0.993214	0.994916	0.996131	0.997918	0.998856	0.999147	0.996197	0.998604
9670	-1557.941	-1625.383	67.44141	1	0.995216	0.993214	0.994916	0.996131	0.997918	0.998856	0.999147	0.996197	0.998604
9680	-1557.635	-1625.076	67.44141	1	0.995216	0.993214	0.994916	0.996131	0.997918	0.998856	0.999147	0.996197	0.998604
9690	-1557.89	-1625.331	67.44141	1	0.995216	0.993214	0.994916	0.996131	0.997918	0.998856	0.999147	0.996197	0.998604
9700	-1558.194	-1625.635	67.44141	1	0.995216	0.993214	0.994916	0.996131	0.997918	0.998856	0.999147	0.996197	0.998604
9710	-1558.552	-1625.993	67.44141	1	0.995216	0.993214	0.994916	0.996131	0.997918	0.998856	0.999147	0.996197	0.998604
9720	-1557.911	-1625.352	67.44141	1	0.995216	0.993214	0.994916	0.996131	0.997918	0.998856	0.999147	0.996197	0.998604
9730	-1558.275	-1625.717	67.44141	1	0.995216	0.993214	0.994916	0.996131	0.997918	0.998856	0.999147	0.996197	0.998604
9740	-1560.07	-1627.512	67.44141	1	0.995216	0.993214	0.994916	0.996131	0.997918	0.998856	0.999147	0.996197	0.998604
9750	-1557.674	-1625.116	67.44141	1	0.995216	0.993214	0.994916	0.996131	0.997918	0.998856	0.999147	0.996197	0.998604
9760	-1557.638	-1625.08	67.44141	1	0.995216	0.993214	0.994916	0.996131	0.997918	0.998856	0.999147	0.996197	0.998604
9770	-1558.447	-1625.888	67.44141	1	0.995216	0.993214	0.994916	0.996131	0.997918	0.998856	0.999147	0.996197	0.998604
9780	-1557.948	-1625.389	67.44141	1	0.995216	0.993214	0.994916	0.996131	0.997918	0.998856	0.999147	0.996197	0.998604
9790	-1558.384	-1625.825	67.44141	1	0.995216	0.993214	0.994916	0.996131	0.997918	0.998856	0.999147	0.996197	0.998604
9800	-1557.772	-1625.213	67.44141	1	0.995216	0.993214	0.994916	0.996131	0.997918	0.998856	0.999147	0.996197	0.998604
9810	-1557.725	-1625.167	67.44141	1	0.995216	0.993214	0.994916	0.996131	0.997918	0.998856	0.999147	0.996197	0.998604
9820	-1557.627	-1625.069	67.44141	1	0.995216	0.993214	0.994916	0.996131	0.997918	0.998856	0.999147	0.996197	0.998604
9830	-1557.988	-1625.429	67.44141	1	0.995216	0.993214	0.994916	0.996131	0.997918	0.998856	0.999147	0.996197	0.998604
9840	-1557.639	-1625.08	67.44141	1	0.995216	0.993214	0.994916	0.996131	0.997918	0.998856	0.999147	0.996197	0.998604
9850	-1557.771	-1625.212	67.44141	1	0.995216	0.993214	0.994916	0.996131	0.997918	0.998856	0.999147	0.996197	0.998604
9860	-1560.105	-1627.546	67.44141	1	0.995216	0.993214	0.994916	0.996131	0.997918	0.998856	0.999147	0.996197	0.998604
9870	-1557.741	-1625.182	67.44141	1	0.995216	0.993214	0.994916	0.996131	0.997918	0.998856	0.999147	0.996197	0.998604
9880	-1557.635	-1625.077	67.44141	1	0.995216	0.993214	0.994916	0.996131	0.997918	0.998856	0.999147	0.996197	0.998604
9890	-1557.659	-1625.1	67.44141	1	0.995216	0.993214	0.994916	0.996131	0.997918	0.998856	0.999147	0.996197	0.998604
9900	-1557.803	-1625.244	67.44141	1	0.995216	0.993214	0.994916	0.996131	0.997918	0.998856	0.999147	0.996197	0.998604
9910	-1558.243	-1625.685	67.44141	1	0.995216	0.993214	0.994916	0.996131	0.997918	0.998856	0.999147	0.996197	0.998604
9920	-1557.639	-1625.081	67.44141	1	0.995216	0.993214	0.994916	0.996131	0.997918	0.998856	0.999147	0.996197	0.998604
9930	-1558.096	-1625.538	67.44141	1	0.995216	0.993214	0.994916	0.996131	0.997918	0.998856	0.999147	0.996197	0.998604
9940	-1557.626	-1625.068	67.44141	1	0.995216	0.993214	0.994916	0.996131	0.997918	0.998856	0.999147	0.996197	0.998604
9950	-1557.821	-1625.262	67.44141	1	0.995216	0.993214	0.994916	0.996131	0.997918	0.998856	0.999147	0.996197	0.998604
9960	-1557.712	-1625.153	67.44141	1	0.995216	0.993214	0.994916	0.996131	0.997918	0.998856	0.999147	0.996197	0.998604
9970	-1557.664	-1625.105	67.44141	1	0.995216	0.993214	0.994916	0.996131	0.997918	0.998856	0.999147	0.996197	0.998604
9980	-1557.849	-1625.29	67.44141	1	0.995216	0.993214	0.994916	0.996131	0.997918	0.998856	0.999147	0.996197	0.998604
9990	-1557.969	-1625.411	67.44141	1	0.995216	0.993214	0.994916	0.996131	0.997918	0.998856	0.999147	0.996197	0.998604
10000	-1558.016	-1625.457	67.44141	1	0.995216	0.993214	0.994916	0.996131	0.997918	0.998856	0.999147	0.996197	0.998604
10010	-1559.227	-1626.669	67.44141	1	0.995216	0.993214	0.994916	0.996131	0.997918	0.998856	0.999147	0.996197	0.998604
10020	-1557.686	-1625.127	67.44141	1	0.995216	0.993214	0.994916	0.996131	0.997918	0.998856	0.999147	0.996197	0.998604
10030	-1557.678	-1625.119	67.44141	1	0.995216	0.993214	0.994916	0.996131	0.997918	0.998856	0.999147	0.996197	0.998604
10040	-1558.584	-1626.025	67.44141	1	0.995216	0.993214	0.994916	0.996131	0.997918	0.998856	0.999147	0.996197	0.998604
10050	-1558.061	-1625.503	67.44141	1	0.995216	0.993214	0.994916	0.996131	0.997918	0.998856	0.999147	0.996197	0.998604
10060	-1557.629	-1625.071	67.44141	1	0.995216	0.993214	0.994916	0.996131	0.997918	0.998856	0.999147	0.996197	0.998604
10070	-1557.974	-1625.415	67.44141	1	0.995216	0.993214	0.994916	0.996131	0.997918	0.998856	0.999147	0.996197	0.998604
10080	-1558.764	-1626.205	67.44141	1	0.995216	0.993214	0.994916	0.996131	0.997918	0.998856	0.999147	0.996197	0.998604
10090	-1558.161	-1625.602	67.44141	1	0.995216	0.993214	0.994916	0.996131	0.997918	0.998856	0.999147	0.996197	0.998604
10100	-1557.64	-1625.081	67.44141	1	0.995216	0.993214	0.994916	0.996131	0.997918	0.998856	0.999147	0.996197	0.998604
10110	-1557.773	-1625.215	67.44141	1	0.995216	0.993214	0.994916	0.996131	0.997918	0.998856	0.999147	0.996197	0.998604
10120	-1557.705	-1625.147	67.44141	1	0.995216	0.993214	0.994916	0.996131	0.997918	0.998856	0.999147	0.996197	0.998604
10130	-1557.864	-1625.306	67.44141	1	0.995216	0.993214	0.994916	0.996131	0.997918	0.998856	0.999147	0.996197	0.998604
10140	-1557.701	-1625.143	67.44141	1	0.995216	0.993214	0.994916	0.996131	0.997918	0.998856	0.999147	0.996197	0.998604
10150	-1557.869	-1625.31	67.44141	1	0.995216	0.993214	0.994916	0.996131	0.997918	0.998856	0.999147	0.996197	0.998604
10160	-1557.96	-1625.401	67.44141	1	0.995216	0.993214	0.994916	0.996131	0.997918	0.998856	0.999147	0.996197	0.998604
10170	-1560.058	-1627.499	67.44141	1	0.995216	0.993214	0.994916	0.996131	0.997918	0.998856	0.999147	0.996197	0.998604
10180	-1558.392	-1625.833	67.44141	1	0.995216	0.993214	0.994916	0.996131	0.997918	0.998856	0.999147	0.996197	0.998604
10190	-1558.43	-1625.871	67.44141	1	0.995216	0.993214	0.994916	0.996131	0.997918	0.998856	0.999147	0.996197	0.998604
10200	-1559.195	-1626.636	67.44141	1	0.995216	0.993214	0.994916	0.996131	0.997918	0.998856	0.999147	0.996197	0.998604
10210	-1557.626	-1625.067	67.44141	1	0.995216	0.993214	0.994916	0.996131	0.997918	0.998856	0.999147	0.996197	0.998604
10220	-1557.637	-1625.079	67.44141	1	0.995216	0.993214	0.994916	0.996131	0.997918	0.998856	0.999147	0.996197	0.998604
10230	-1557.632	-1625.074	67.44141	1	0.995216	0.993214	0.994916	0.996131	0.997918	0.998856	0.999147	0.996197	0.998604
10240	-1557.626	-1625.068	67.44141	1	0.995216	0.993214	0.994916	0.996131	0.997918	0.998856	0.999147	0.996197	0.998604
10250	-1557.647	-1625.088	67.44141	1	0.995216	0.993214	0.994916	0.996131	0.997918	0.998856	0.999147	0.996197	0.998604
10260	-1557.695	-1625.136	67.44141	1	0.995216	0.993214	0.994916	0.996131	0.997918	0.998856	0.999147	0.996197	0.998604
10270	-1557.813	-1625.255	67.44141	1	0.995216	0.993214	0.994916	0.996131	0.997918	0.998856	0.999147	0.996197	0.998604
10280	-1557.674	-1625.115	67.44141	1	0.995216	0.993214	0.994916	0.996131	0.997918	0.998856	0.999147	0.996197	0.998604
10290	-1557.649	-1625.091	67.44141	1	0.995216	0.993214	0.994916	0.996131	0.997918	0.998856	0.999147	0.996197	0.998604
10300	-1557.895	-1625.337	67.44141	1	0.995216	0.993214	0.994916	0.996131	0.997918	0.998856	0.999147	0.996197	0.998604
10310	-1557.982	-1625.423	67.44141	1	0.995216	0.993214	0.994916	0.996131	0.997918	0.998856	0.999147	0.996197	0.998604
10320	-1558.525	-1625.966	67.44141	1	0.995216	0.993214	0.994916	0.996131	0.997918	0.998856	0.999147	0.996197	0.998604
10330	-1559.468	-1626.909	67.44141	1	0.995216	0.993214	0.994916	0.996131	0.997918	0.998856	0.999147	0.996197	0.998604
10340	-1558.295	-1625.736	67.44141	1	0.995216	0.993214	0.994916	0.996131	0.997918	0.998856	0.999147	0.996197	0.998604
10350	-1558.519	-1625.96	67.44141	1	0.995216	0.993214	0.994916	0.996131	0.997918	0.998856	0.999147	0.996197	0.998604
10360	-1559.654	-1627.096	67.44141	1	0.995216	0.993214	0.994916	0.996131	0.997918	0.998856	0.999147	0.996197	0.998604
10370	-1557.676	-1625.117	67.44141	1	0.995216	0.993214	0.994916	0.996131	0.997918	0.998856	0.999147	0.996197	0.998604
10380	-1557.771	-1625.212	67.44141	1	0.995216	0.993214	0.994916	0.996131	0.997918	0.998856	0.999147	0.996197	0.998604
10390	-1557.626	-1625.067	67.44141	1	0.995216	0.993214	0.994916	0.996131	0.997918	0.998856	0.999147	0.996197	0.998604
10400	-1557.82	-1625.262	67.44141	1	0.995216	0.993214	0.994916	0.996131	0.997918	0.998856	0.999147	0.996197	0.998604
10410	-1557.757	-1625.198	67.44141	1	0.995216	0.993214	0.994916	0.996131	0.997918	0.998856	0.999147	0.996197	0.998604
10420	-1557.877	-1625.318	67.44141	1	0.995216	0.993214	0.994916	0.996131	0.997918	0.998856	0.999147	0.996197	0.998604
10430	-1557.966	-1625.407	67.44141	1	0.995216	0.993214	0.994916	0.996131	0.997918	0.998856	0.999147	0.996197	0.998604
10440	-1558.362	-1625.803	67.44141	1	0.995216	0.993214	0.994916	0.996131	0.997918	0.998856	0.999147	0.996197	0.998604
10450	-1559.216	-1626.657	67.44141	1	0.995216	0.993214	0.994916	0.996131	0.997918	0.998856	0.999147	0.996197	0.998604
10460	-1559.04	-1626.482	67.44141	1	0.995216	0.993214	0.994916	0.996131	0.997918	0.998856	0.999147	0.996197	0.998604
10470	-1557.65	-1625.092	67.44141	1	0.995216	0.993214	0.994916	0.996131	0.997918	0.998856	0.999147	0.996197	0.998604
10480	-1558.858	-1626.299	67.44141	1	0.995216	0.993214	0.994916	0.996131	0.997918	0.998856	0.999147	0.996197	0.998604
10490	-1561.081	-1628.522	67.44141	1	0.995216	0.993214	0.994916	0.996131	0.997918	0.998856	0.999147	0.996197	0.998604
10500	-1557.736	-1625.178	67.44141	1	0.995216	0.993214	0.994916	0.996131	0.997918	0.998856	0.999147	0.996197	0.998604
10510	-1558.038	-1625.479	67.44141	1	0.995216	0.993214	0.994916	0.996131	0.997918	0.998856	0.999147	0.996197	0.998604
10520	-1558.938	-1626.379	67.44141	1	0.995216	0.993214	0.994916	0.996131	0.997918	0.998856	0.999147	0.996197	0.998604
10530	-1558.099	-1625.541	67.44141	1	0.995216	0.993214	0.994916	0.996131	0.997918	0.998856	0.999147	0.996197	0.998604
10540	-1557.686	-1625.127	67.44141	1	0.995216	0.993214	0.994916	0.996131	0.997918	0.998856	0.999147	0.996197	0.998604
10550	-1558.35	-1625.792	67.44141	1	0.995216	0.993214	0.994916	0.996131	0.997918	0.998856	0.999147	0.996197	0.998604
10560	-1558.805	-1626.246	67.44141	1	0.995216	0.993214	0.994916	0.996131	0.997918	0.998856	0.999147	0.996197	0.998604
10570	-1557.742	-1625.183	67.44141	1	0.995216	0.993214	0.994916	0.996131	0.997918	0.998856	0.999147	0.996197	0.998604
10580	-1558.863	-1626.305	67.44141	1	0.995216	0.993214	0.994916	0.996131	0.997918	0.998856	0.999147	0.996197	0.998604
10590	-1557.798	-1625.239	67.44141	1	0.995216	0.993214	0.994916	0.996131	0.997918	0.998856	0.999147	0.996197	0.998604
10600	-1558.123	-1625.565	67.44141	1	0.995216	0.993214	0.994916	0.996131	0.997918	0.998856	0.999147	0.996197	0.998604
10610	-1558.725	-1626.167	67.44141	1	0.995216	0.993214	0.994916	0.996131	0.997918	0.998856	0.999147	0.996197	0.998604
10620	-1559.489	-1626.93	67.44141	1	0.995216	0.993214	0.994916	0.996131	0.997918	0.998856	0.999147	0.996197	0.998604
10630	-1558.588	-1626.029	67.44141	1	0.995216	0.993214	0.994916	0.996131	0.997918	0.998856	0.999147	0.996197	0.998604
10640	-1557.783	-1625.224	67.44141	1	0.995216	0.993214	0.994916	0.996131	0.997918	0.998856	0.999147	0.996197	0.998604
10650	-1557.639	-1625.081	67.44141	1	0.995216	0.993214	0.994916	0.996131	0.997918	0.998856	0.999147	0.996197	0.998604
10660	-1558.043	-1625.485	67.44141	1	0.995216	0.993214	0.994916	0.996131	0.997918	0.998856	0.999147	0.996197	0.998604
10670	-1557.945	-1625.386	67.44141	1	0.995216	0.993214	0.994916	0.996131	0.997918	0.998856	0.999147	0.996197	0.998604
10680	-1557.77	-1625.211	67.44141	1	0.995216	0.993214	0.994916	0.996131	0.997918	0.998856	0.999147	0.996197	0.998604
10690	-1558.282	-1625.724	67.44141	1	0.995216	0.993214	0.994916	0.996131	0.997918	0.998856	0.999147	0.996197	0.998604
10700	-1557.951	-1625.392	67.44141	1	0.995216	0.993214	0.994916	0.996131	0.997918	0.998856	0.999147	0.996197	0.998604
10710	-1557.836	-1625.277	67.44141	1	0.995216	0.993214	0.994916	0.996131	0.997918	0.998856	0.999147	0.996197	0.998604
10720	-1557.702	-1625.144	67.44141	1	0.995216	0.993214	0.994916	0.996131	0.997918	0.998856	0.999147	0.996197	0.998604
10730	-1558.239	-1625.681	67.44141	1	0.995216	0.993214	0.994916	0.996131	0.997918	0.998856	0.999147	0.996197	0.998604
10740	-1557.779	-1625.22	67.44141	1	0.995216	0.993214	0.994916	0.996131	0.997918	0.998856	0.999147	0.996197	0.998604
10750	-1559.422	-1626.863	67.44141	1	0.995216	0.993214	0.994916	0.996131	0.997918	0.998856	0.999147	0.996197	0.998604
10760	-1557.86	-1625.301	67.44141	1	0.995216	0.993214	0.994916	0.996131	0.997918	0.998856	0.999147	0.996197	0.998604
10770	-1557.84	-1625.282	67.44141	1	0.995216	0.993214	0.994916	0.996131	0.997918	0.998856	0.999147	0.996197	0.998604
10780	-1559.318	-1626.759	67.44141	1	0.995216	0.993214	0.994916	0.996131	0.997918	0.998856	0.999147	0.996197	0.998604
10790	-1558.573	-1626.015	67.44141	1	0.995216	0.993214	0.994916	0.996131	0.997918	0.998856	0.999147	0.996197	0.998604
10800	-1557.697	-1625.138	67.44141	1	0.995216	0.993214	0.994916	0.996131	0.997918	0.998856	0.999147	0.996197	0.998604
10810	-1557.97	-1625.411	67.44141	1	0.995216	0.993214	0.994916	0.996131	0.997918	0.998856	0.999147	0.996197	0.998604
10820	-1557.926	-1625.368	67.44141	1	0.995216	0.993214	0.994916	0.996131	0.997918	0.998856	0.999147	0.996197	0.998604
10830	-1558.97	-1626.411	67.44141	1	0.995216	0.993214	0.994916	0.996131	0.997918	0.998856	0.999147	0.996197	0.998604
10840	-1557.631	-1625.073	67.44141	1	0.995216	0.993214	0.994916	0.996131	0.997918	0.998856	0.999147	0.996197	0.998604
10850	-1558.199	-1625.64	67.44141	1	0.995216	0.993214	0.994916	0.996131	0.997918	0.998856	0.999147	0.996197	0.998604
10860	-1558.862	-1626.303	67.44141	1	0.995216	0.993214	0.994916	0.996131	0.997918	0.998856	0.999147	0.996197	0.998604
10870	-1557.634	-1625.076	67.44141	1	0.995216	0.993214	0.994916	0.996131	0.997918	0.998856	0.999147	0.996197	0.998604
10880	-1557.807	-1625.248	67.44141	1	0.995216	0.993214	0.994916	0.996131	0.997918	0.998856	0.999147	0.996197	0.998604
10890	-1557.678	-1625.119	67.44141	1	0.995216	0.993214	0.994916	0.996131	0.997918	0.998856	0.999147	0.996197	0.998604
10900	-1559.446	-1626.888	67.44141	1	0.995216	0.993214	0.994916	0.996131	0.997918	0.998856	0.999147	0.996197	0.998604
10910	-1559.573	-1627.014	67.44141	1	0.995216	0.993214	0.994916	0.996131	0.997918	0.998856	0.999147	0.996197	0.998604
10920	-1560.106	-1627.548	67.44141	1	0.995216	0.993214	0.994916	0.996131	0.997918	0.998856	0.999147	0.996197	0.998604
10930	-1557.945	-1625.386	67.44141	1	0.995216	0.993214	0.994916	0.996131	0.997918	0.998856	0.999147	0.996197	0.998604
10940	-1557.911	-1625.353	67.44141	1	0.995216	0.993214	0.994916	0.996131	0.997918	0.998856	0.999147	0.996197	0.998604
10950	-1557.937	-1625.378	67.44141	1	0.995216	0.993214	0.994916	0.996131	0.997918	0.998856	0.999147	0.996197	0.998604
10960	-1559.765	-1627.207	67.44141	1	0.995216	0.993214	0.994916	0.996131	0.997918	0.998856	0.999147	0.996197	0.998604
10970	-1557.812	-1625.254	67.44141	1	0.995216	0.993214	0.994916	0.996131	0.997918	0.998856	0.999147	0.996197	0.998604
10980	-1557.627	-1625.069	67.44141	1	0.995216	0.993214	0.994916	0.996131	0.997918	0.998856	0.999147	0.996197	0.998604
10990	-1559.489	-1626.93	67.44141	1	0.995216	0.993214	0.994916	0.996131	0.997918	0.998856	0.999147	0.996197	0.998604
11000	-1557.738	-1625.179	67.44141	1	0.995216	0.993214	0.994916	0.996131	0.997918	0.998856	0.999147	0.996197	0.998604
11010	-1558.351	-1625.793	67.44141	1	0.995216	0.993214	0.994916	0.996131	0.997918	0.998856	0.999147	0.996197	0.998604
11020	-1558.801	-1626.243	67.44141	1	0.995216	0.993214	0.994916	0.996131	0.997918	0.998856	0.999147	0.996197	0.998604
11030	-1557.926	-1625.367	67.44141	1	0.995216	0.993214	0.994916	0.996131	0.997918	0.998856	0.999147	0.996197	0.998604
11040	-1557.641	-1625.082	67.44141	1	0.995216	0.993214	0.994916	0.996131	0.997918	0.998856	0.999147	0.996197	0.998604
11050	-1557.945	-1625.386	67.44141	1	0.995216	0.993214	0.994916	0.996131	0.997918	0.998856	0.999147	0.996197	0.998604
11060	-1559.457	-1626.898	67.44141	1	0.995216	0.993214	0.994916	0.996131	0.997918	0.998856	0.999147	0.996197	0.998604
11070	-1557.824	-1625.265	67.44141	1	0.995216	0.993214	0.994916	0.996131	0.997918	0.998856	0.999147	0.996197	0.998604
11080	-1558.403	-1625.844	67.44141	1	0.995216	0.993214	0.994916	0.996131	0.997918	0.998856	0.999147	0.996197	0.998604
11090	-1557.764	-1625.206	67.44141	1	0.995216	0.993214	0.994916	0.996131	0.997918	0.998856	0.999147	0.996197	0.998604
11100	-1557.797	-1625.239	67.44141	1	0.995216	0.993214	0.994916	0.996131	0.997918	0.998856	0.999147	0.996197	0.998604
11110	-1557.626	-1625.068	67.44141	1	0.995216	0.993214	0.994916	0.996131	0.997918	0.998856	0.999147	0.996197	0.998604
11120	-1557.848	-1625.289	67.44141	1	0.995216	0.993214	0.994916	0.996131	0.997918	0.998856	0.999147	0.996197	0.998604
11130	-1558.032	-1625.474	67.44141	1	0.995216	0.993214	0.994916	0.996131	0.997918	0.998856	0.999147	0.996197	0.998604
11140	-1557.772	-1625.214	67.44141	1	0.995216	0.993214	0.994916	0.996131	0.997918	0.998856	0.999147	0.996197	0.998604
11150	-1557.818	-1625.259	67.44141	1	0.995216	0.993214	0.994916	0.996131	0.997918	0.998856	0.999147	0.996197	0.998604
11160	-1557.916	-1625.357	67.44141	1	0.995216	0.993214	0.994916	0.996131	0.997918	0.998856	0.999147	0.996197	0.998604
11170	-1558.507	-1625.949	67.44141	1	0.995216	0.993214	0.994916	0.996131	0.997918	0.998856	0.999147	0.996197	0.998604
11180	-1558.423	-1625.865	67.44141	1	0.995216	0.993214	0.994916	0.996131	0.997918	0.998856	0.999147	0.996197	0.998604
11190	-1558.519	-1625.961	67.44141	1	0.995216	0.993214	0.994916	0.996131	0.997918	0.998856	0.999147	0.996197	0.998604
11200	-1557.664	-1625.105	67.44141	1	0.995216	0.993214	0.994916	0.996131	0.997918	0.998856	0.999147	0.996197	0.998604
11210	-1557.744	-1625.186	67.44141	1	0.995216	0.993214	0.994916	0.996131	0.997918	0.998856	0.999147	0.996197	0.998604
11220	-1557.84	-1625.281	67.44141	1	0.995216	0.993214	0.994916	0.996131	0.997918	0.998856	0.999147	0.996197	0.998604
11230	-1558.163	-1625.604	67.44141	1	0.995216	0.993214	0.994916	0.996131	0.997918	0.998856	0.999147	0.996197	0.998604
11240	-1557.763	-1625.204	67.44141	1	0.995216	0.993214	0.994916	0.996131	0.997918	0.998856	0.999147	0.996197	0.998604
11250	-1558.252	-1625.693	67.44141	1	0.995216	0.993214	0.994916	0.996131	0.997918	0.998856	0.999147	0.996197	0.998604
11260	-1557.832	-1625.273	67.44141	1	0.995216	0.993214	0.994916	0.996131	0.997918	0.998856	0.999147	0.996197	0.998604
11270	-1557.762	-1625.203	67.44141	1	0.995216	0.993214	0.994916	0.996131	0.997918	0.998856	0.999147	0.996197	0.998604
11280	-1557.626	-1625.067	67.44141	1	0.995216	0.993214	0.994916	0.996131	0.997918	0.998856	0.999147	0.996197	0.998604
11290	-1557.956	-1625.397	67.44141	1	0.995216	0.993214	0.994916	0.996131	0.997918	0.998856	0.999147	0.996197	0.998604
11300	-1558.116	-1625.557	67.44141	1	0.995216	0.993214	0.994916	0.996131	0.997918	0.998856	0.999147	0.996197	0.998604
11310	-1557.709	-1625.151	67.44141	1	0.995216	0.993214	0.994916	0.996131	0.997918	0.998856	0.999147	0.996197	0.998604
11320	-1557.895	-1625.336	67.44141	1	0.995216	0.993214	0.994916	0.996131	0.997918	0.998856	0.999147	0.996197	0.998604
11330	-1558.639	-1626.08	67.44141	1	0.995216	0.993214	0.994916	0.996131	0.997918	0.998856	0.999147	0.996197	0.998604
11340	-1557.632	-1625.073	67.44141	1	0.995216	0.993214	0.994916	0.996131	0.997918	0.998856	0.999147	0.996197	0.998604
11350	-1557.7	-1625.141	67.44141	1	0.995216	0.993214	0.994916	0.996131	0.997918	0.998856	0.999147	0.996197	0.998604
11360	-1558.173	-1625.614	67.44141	1	0.995216	0.993214	0.994916	0.996131	0.997918	0.998856	0.999147	0.996197	0.998604
11370	-1557.923	-1625.364	67.44141	1	0.995216	0.993214	0.994916	0.996131	0.997918	0.998856	0.999147	0.996197	0.998604
11380	-1557.642	-1625.083	67.44141	1	0.995216	0.993214	0.994916	0.996131	0.997918	0.998856	0.999147	0.996197	0.998604
11390	-1557.71	-1625.152	67.44141	1	0.995216	0.993214	0.994916	0.996131	0.997918	0.998856	0.999147	0.996197	0.998604
11400	-1557.629	-1625.071	67.44141	1	0.995216	0.993214	0.994916	0.996131	0.997918	0.998856	0.999147	0.996197	0.998604
11410	-1558.845	-1626.286	67.44141	1	0.995216	0.993214	0.994916	0.996131	0.997918	0.998856	0.999147	0.996197	0.998604
11420	-1557.626	-1625.067	67.44141	1	0.995216	0.993214	0.994916	0.996131	0.997918	0.998856	0.999147	0.996197	0.998604
11430	-1557.842	-1625.283	67.44141	1	0.995216	0.993214	0.994916	0.996131	0.997918	0.998856	0.999147	0.996197	0.998604
11440	-1557.714	-1625.156	67.44141	1	0.995216	0.993214	0.994916	0.996131	0.997918	0.998856	0.999147	0.996197	0.998604
11450	-1557.792	-1625.234	67.44141	1	0.995216	0.993214	0.994916	0.996131	0.997918	0.998856	0.999147	0.996197	0.998604
11460	-1557.687	-1625.128	67.44141	1	0.995216	0.993214	0.994916	0.996131	0.997918	0.998856	0.999147	0.996197	0.998604
11470	-1558.645	-1626.087	67.44141	1	0.995216	0.993214	0.994916	0.996131	0.997918	0.998856	0.999147	0.996197	0.998604
11480	-1558.224	-1625.666	67.44141	1	0.995216	0.993214	0.994916	0.996131	0.997918	0.998856	0.999147	0.996197	0.998604
11490	-1557.655	-1625.096	67.44141	1	0.995216	0.993214	0.994916	0.996131	0.997918	0.998856	0.999147	0.996197	0.998604
11500	-1558.371	-1625.813	67.44141	1	0.995216	0.993214	0.994916	0.996131	0.997918	0.998856	0.999147	0.996197	0.998604
11510	-1559.014	-1626.456	67.44141	1	0.995216	0.993214	0.994916	0.996131	0.997918	0.998856	0.999147	0.996197	0.998604
11520	-1561.781	-1629.222	67.44141	1	0.995216	0.993214	0.994916	0.996131	0.997918	0.998856	0.999147	0.996197	0.998604
11530	-1557.682	-1625.124	67.44141	1	0.995216	0.993214	0.994916	0.996131	0.997918	0.998856	0.999147	0.996197	0.998604
11540	-1557.626	-1625.067	67.44141	1	0.995216	0.993214	0.994916	0.996131	0.997918	0.998856	0.999147	0.996197	0.998604
11550	-1557.636	-1625.077	67.44141	1	0.995216	0.993214	0.994916	0.996131	0.997918	0.998856	0.999147	0.996197	0.998604
11560	-1557.814	-1625.256	67.44141	1	0.995216	0.993214	0.994916	0.996131	0.997918	0.998856	0.999147	0.996197	0.998604
11570	-1557.728	-1625.169	67.44141	1	0.995216	0.993214	0.994916	0.996131	0.997918	0.998856	0.999147	0.996197	0.998604
11580	-1558.816	-1626.258	67.44141	1	0.995216	0.993214	0.994916	0.996131	0.997918	0.998856	0.999147	0.996197	0.998604
11590	-1557.636	-1625.077	67.44141	1	0.995216	0.993214	0.994916	0.996131	0.997918	0.998856	0.999147	0.996197	0.998604
11600	-1557.642	-1625.083	67.44141	1	0.995216	0.993214	0.994916	0.996131	0.997918	0.998856	0.999147	0.996197	0.998604
11610	-1557.686	-1625.128	67.44141	1	0.995216	0.993214	0.994916	0.996131	0.997918	0.998856	0.999147	0.996197	0.998604
11620	-1559.241	-1626.683	67.44141	1	0.995216	0.993214	0.994916	0.996131	0.997918	0.998856	0.999147	0.996197	0.998604
11630	-1557.961	-1625.402	67.44141	1	0.995216	0.993214	0.994916	0.996131	0.997918	0.998856	0.999147	0.996197	0.998604
11640	-1557.775	-1625.216	67.44141	1	0.995216	0.993214	0.994916	0.996131	0.997918	0.998856	0.999147	0.996197	0.998604
11650	-1557.995	-1625.436	67.44141	1	0.995216	0.993214	0.994916	0.996131	0.997918	0.998856	0.999147	0.996197	0.998604
11660	-1558.865	-1626.307	67.44141	1	0.995216	0.993214	0.994916	0.996131	0.997918	0.998856	0.999147	0.996197	0.998604
11670	-1557.819	-1625.26	67.44141	1	0.995216	0.993214	0.994916	0.996131	0.997918	0.998856	0.999147	0.996197	0.998604
11680	-1557.635	-1625.077	67.44141	1	0.995216	0.993214	0.994916	0.996131	0.997918	0.998856	0.999147	0.996197	0.998604
11690	-1557.786	-1625.228	67.44141	1	0.995216	0.993214	0.994916	0.996131	0.997918	0.998856	0.999147	0.996197	0.998604
11700	-1558.155	-1625.596	67.44141	1	0.995216	0.993214	0.994916	0.996131	0.997918	0.998856	0.999147	0.996197	0.998604
11710	-1558.868	-1626.309	67.44141	1	0.995216	0.993214	0.994916	0.996131	0.997918	0.998856	0.999147	0.996197	0.998604
11720	-1559.572	-1627.013	67.44141	1	0.995216	0.993214	0.994916	0.996131	0.997918	0.998856	0.999147	0.996197	0.998604
11730	-1557.793	-1625.234	67.44141	1	0.995216	0.993214	0.994916	0.996131	0.997918	0.998856	0.999147	0.996197	0.998604
11740	-1557.64	-1625.081	67.44141	1	0.995216	0.993214	0.994916	0.996131	0.997918	0.998856	0.999147	0.996197	0.998604
11750	-1558.711	-1626.152	67.44141	1	0.995216	0.993214	0.994916	0.996131	0.997918	0.998856	0.999147	0.996197	0.998604
11760	-1558.089	-1625.531	67.44141	1	0.995216	0.993214	0.994916	0.996131	0.997918	0.998856	0.999147	0.996197	0.998604
11770	-1557.862	-1625.303	67.44141	1	0.995216	0.993214	0.994916	0.996131	0.997918	0.998856	0.999147	0.996197	0.998604
11780	-1558.937	-1626.378	67.44141	1	0.995216	0.993214	0.994916	0.996131	0.997918	0.998856	0.999147	0.996197	0.998604
11790	-1558.058	-1625.499	67.44141	1	0.995216	0.993214	0.994916	0.996131	0.997918	0.998856	0.999147	0.996197	0.998604
11800	-1557.862	-1625.303	67.44141	1	0.995216	0.993214	0.994916	0.996131	0.997918	0.998856	0.999147	0.996197	0.998604
11810	-1557.643	-1625.084	67.44141	1	0.995216	0.993214	0.994916	0.996131	0.997918	0.998856	0.999147	0.996197	0.998604
11820	-1557.648	-1625.089	67.44141	1	0.995216	0.993214	0.994916	0.996131	0.997918	0.998856	0.999147	0.996197	0.998604
11830	-1558.009	-1625.451	67.44141	1	0.995216	0.993214	0.994916	0.996131	0.997918	0.998856	0.999147	0.996197	0.998604
11840	-1558.97	-1626.412	67.44141	1	0.995216	0.993214	0.994916	0.996131	0.997918	0.998856	0.999147	0.996197	0.998604
11850	-1557.629	-1625.07	67.44141	1	0.995216	0.993214	0.994916	0.996131	0.997918	0.998856	0.999147	0.996197	0.998604
11860	-1557.756	-1625.198	67.44141	1	0.995216	0.993214	0.994916	0.996131	0.997918	0.998856	0.999147	0.996197	0.998604
11870	-1558.148	-1625.589	67.44141	1	0.995216	0.993214	0.994916	0.996131	0.997918	0.998856	0.999147	0.996197	0.998604
11880	-1557.965	-1625.406	67.44141	1	0.995216	0.993214	0.994916	0.996131	0.997918	0.998856	0.999147	0.996197	0.998604
11890	-1557.796	-1625.237	67.44141	1	0.995216	0.993214	0.994916	0.996131	0.997918	0.998856	0.999147	0.996197	0.998604
11900	-1558.769	-1626.211	67.44141	1	0.995216	0.993214	0.994916	0.996131	0.997918	0.998856	0.999147	0.996197	0.998604
11910	-1558.806	-1626.248	67.44141	1	0.995216	0.993214	0.994916	0.996131	0.997918	0.998856	0.999147	0.996197	0.998604
11920	-1558.139	-1625.58	67.44141	1	0.995216	0.993214	0.994916	0.996131	0.997918	0.998856	0.999147	0.996197	0.998604
11930	-1557.718	-1625.159	67.44141	1	0.995216	0.993214	0.994916	0.996131	0.997918	0.998856	0.999147	0.996197	0.998604
11940	-1558.851	-1626.292	67.44141	1	0.995216	0.993214	0.994916	0.996131	0.997918	0.998856	0.999147	0.996197	0.998604
11950	-1557.755	-1625.197	67.44141	1	0.995216	0.993214	0.994916	0.996131	0.997918	0.998856	0.999147	0.996197	0.998604
11960	-1559.987	-1627.428	67.44141	1	0.995216	0.993214	0.994916	0.996131	0.997918	0.998856	0.999147	0.996197	0.998604
11970	-1557.649	-1625.091	67.44141	1	0.995216	0.993214	0.994916	0.996131	0.997918	0.998856	0.999147	0.996197	0.998604
11980	-1560.378	-1627.82	67.44141	1	0.995216	0.993214	0.994916	0.996131	0.997918	0.998856	0.999147	0.996197	0.998604
11990	-1558.287	-1625.728	67.44141	1	0.995216	0.993214	0.994916	0.996131	0.997918	0.998856	0.999147	0.996197	0.998604
12000	-1558.219	-1625.66	67.44141	1	0.995216	0.993214	0.994916	0.996131	0.997918	0.998856	0.999147	0.996197	0.998604
12010	-1557.84	-1625.281	67.44141	1	0.995216	0.993214	0.994916	0.996131	0.997918	0.998856	0.999147	0.996197	0.998604
12020	-1557.701	-1625.142	67.44141	1	0.995216	0.993214	0.994916	0.996131	0.997918	0.998856	0.999147	0.996197	0.998604
12030	-1557.867	-1625.309	67.44141	1	0.995216	0.993214	0.994916	0.996131	0.997918	0.998856	0.999147	0.996197	0.998604
12040	-1557.674	-1625.116	67.44141	1	0.995216	0.993214	0.994916	0.996131	0.997918	0.998856	0.999147	0.996197	0.998604
12050	-1557.689	-1625.13	67.44141	1	0.995216	0.993214	0.994916	0.996131	0.997918	0.998856	0.999147	0.996197	0.998604
12060	-1557.847	-1625.289	67.44141	1	0.995216	0.993214	0.994916	0.996131	0.997918	0.998856	0.999147	0.996197	0.998604
12070	-1557.851	-1625.292	67.44141	1	0.995216	0.993214	0.994916	0.996131	0.997918	0.998856	0.999147	0.996197	0.998604
12080	-1557.757	-1625.199	67.44141	1	0.995216	0.993214	0.994916	0.996131	0.997918	0.998856	0.999147	0.996197	0.998604
12090	-1557.718	-1625.159	67.44141	1	0.995216	0.993214	0.994916	0.996131	0.997918	0.998856	0.999147	0.996197	0.998604
12100	-1561.862	-1629.303	67.44141	1	0.995216	0.993214	0.994916	0.996131	0.997918	0.998856	0.999147	0.996197	0.998604
12110	-1558.121	-1625.562	67.44141	1	0.995216	0.993214	0.994916	0.996131	0.997918	0.998856	0.999147	0.996197	0.998604
12120	-1557.637	-1625.078	67.44141	1	0.995216	0.993214	0.994916	0.996131	0.997918	0.998856	0.999147	0.996197	0.998604
12130	-1558.104	-1625.545	67.44141	1	0.995216	0.993214	0.994916	0.996131	0.997918	0.998856	0.999147	0.996197	0.998604
12140	-1557.925	-1625.367	67.44141	1	0.995216	0.993214	0.994916	0.996131	0.997918	0.998856	0.999147	0.996197	0.998604
12150	-1558.333	-1625.775	67.44141	1	0.995216	0.993214	0.994916	0.996131	0.997918	0.998856	0.999147	0.996197	0.998604
12160	-1560.282	-1627.723	67.44141	1	0.995216	0.993214	0.994916	0.996131	0.997918	0.998856	0.999147	0.996197	0.998604
12170	-1557.723	-1625.164	67.44141	1	0.995216	0.993214	0.994916	0.996131	0.997918	0.998856	0.999147	0.996197	0.998604
12180	-1559.195	-1626.637	67.44141	1	0.995216	0.993214	0.994916	0.996131	0.997918	0.998856	0.999147	0.996197	0.998604
12190	-1557.758	-1625.2	67.44141	1	0.995216	0.993214	0.994916	0.996131	0.997918	0.998856	0.999147	0.996197	0.998604
12200	-1557.65	-1625.092	67.44141	1	0.995216	0.993214	0.994916	0.996131	0.997918	0.998856	0.999147	0.996197	0.998604
12210	-1557.952	-1625.393	67.44141	1	0.995216	0.993214	0.994916	0.996131	0.997918	0.998856	0.999147	0.996197	0.998604
12220	-1557.888	-1625.329	67.44141	1	0.995216	0.993214	0.994916	0.996131	0.997918	0.998856	0.999147	0.996197	0.998604
12230	-1557.903	-1625.345	67.44141	1	0.995216	0.993214	0.994916	0.996131	0.997918	0.998856	0.999147	0.996197	0.998604
12240	-1558.222	-1625.663	67.44141	1	0.995216	0.993214	0.994916	0.996131	0.997918	0.998856	0.999147	0.996197	0.998604
12250	-1558.638	-1626.08	67.44141	1	0.995216	0.993214	0.994916	0.996131	0.997918	0.998856	0.999147	0.996197	0.998604
12260	-1557.677	-1625.118	67.44141	1	0.995216	0.993214	0.994916	0.996131	0.997918	0.998856	0.999147	0.996197	0.998604
12270	-1558.53	-1625.972	67.44141	1	0.995216	0.993214	0.994916	0.996131	0.997918	0.998856	0.999147	0.996197	0.998604
12280	-1558.586	-1626.027	67.44141	1	0.995216	0.993214	0.994916	0.996131	0.997918	0.998856	0.999147	0.996197	0.998604
12290	-1558.479	-1625.921	67.44141	1	0.995216	0.993214	0.994916	0.996131	0.997918	0.998856	0.999147	0.996197	0.998604
12300	-1557.77	-1625.211	67.44141	1	0.995216	0.993214	0.994916	0.996131	0.997918	0.998856	0.999147	0.996197	0.998604
12310	-1557.649	-1625.09	67.44141	1	0.995216	0.993214	0.994916	0.996131	0.997918	0.998856	0.999147	0.996197	0.998604
12320	-1558.254	-1625.695	67.44141	1	0.995216	0.993214	0.994916	0.996131	0.997918	0.998856	0.999147	0.996197	0.998604
12330	-1559.031	-1626.473	67.44141	1	0.995216	0.993214	0.994916	0.996131	0.997918	0.998856	0.999147	0.996197	0.998604
12340	-1558.66	-1626.101	67.44141	1	0.995216	0.993214	0.994916	0.996131	0.997918	0.998856	0.999147	0.996197	0.998604
12350	-1557.636	-1625.077	67.44141	1	0.995216	0.993214	0.994916	0.996131	0.997918	0.998856	0.999147	0.996197	0.998604
12360	-1558.418	-1625.859	67.44141	1	0.995216	0.993214	0.994916	0.996131	0.997918	0.998856	0.999147	0.996197	0.998604
12370	-1560.231	-1627.672	67.44141	1	0.995216	0.993214	0.994916	0.996131	0.997918	0.998856	0.999147	0.996197	0.998604
12380	-1557.91	-1625.351	67.44141	1	0.995216	0.993214	0.994916	0.996131	0.997918	0.998856	0.999147	0.996197	0.998604
12390	-1557.786	-1625.228	67.44141	1	0.995216	0.993214	0.994916	0.996131	0.997918	0.998856	0.999147	0.996197	0.998604
12400	-1559.044	-1626.486	67.44141	1	0.995216	0.993214	0.994916	0.996131	0.997918	0.998856	0.999147	0.996197	0.998604
12410	-1559.838	-1627.279	67.44141	1	0.995216	0.993214	0.994916	0.996131	0.997918	0.998856	0.999147	0.996197	0.998604
12420	-1557.775	-1625.216	67.44141	1	0.995216	0.993214	0.994916	0.996131	0.997918	0.998856	0.999147	0.996197	0.998604
12430	-1557.811	-1625.253	67.44141	1	0.995216	0.993214	0.994916	0.996131	0.997918	0.998856	0.999147	0.996197	0.998604
12440	-1558.449	-1625.891	67.44141	1	0.995216	0.993214	0.994916	0.996131	0.997918	0.998856	0.999147	0.996197	0.998604
12450	-1557.822	-1625.264	67.44141	1	0.995216	0.993214	0.994916	0.996131	0.997918	0.998856	0.999147	0.996197	0.998604
12460	-1557.821	-1625.262	67.44141	1	0.995216	0.993214	0.994916	0.996131	0.997918	0.998856	0.999147	0.996197	0.998604
12470	-1557.67	-1625.111	67.44141	1	0.995216	0.993214	0.994916	0.996131	0.997918	0.998856	0.999147	0.996197	0.998604
12480	-1558.435	-1625.876	67.44141	1	0.995216	0.993214	0.994916	0.996131	0.997918	0.998856	0.999147	0.996197	0.998604
12490	-1557.742	-1625.184	67.44141	1	0.995216	0.993214	0.994916	0.996131	0.997918	0.998856	0.999147	0.996197	0.998604
12500	-1557.733	-1625.174	67.44141	1	0.995216	0.993214	0.994916	0.996131	0.997918	0.998856	0.999147	0.996197	0.998604
12510	-1558.411	-1625.853	67.44141	1	0.995216	0.993214	0.994916	0.996131	0.997918	0.998856	0.999147	0.996197	0.998604
12520	-1559.683	-1627.125	67.44141	1	0.995216	0.993214	0.994916	0.996131	0.997918	0.998856	0.999147	0.996197	0.998604
12530	-1558.034	-1625.475	67.44141	1	0.995216	0.993214	0.994916	0.996131	0.997918	0.998856	0.999147	0.996197	0.998604
12540	-1557.955	-1625.396	67.44141	1	0.995216	0.993214	0.994916	0.996131	0.997918	0.998856	0.999147	0.996197	0.998604
12550	-1557.877	-1625.318	67.44141	1	0.995216	0.993214	0.994916	0.996131	0.997918	0.998856	0.999147	0.996197	0.998604
12560	-1557.637	-1625.078	67.44141	1	0.995216	0.993214	0.994916	0.996131	0.997918	0.998856	0.999147	0.996197	0.998604
12570	-1557.931	-1625.373	67.44141	1	0.995216	0.993214	0.994916	0.996131	0.997918	0.998856	0.999147	0.996197	0.998604
12580	-1557.704	-1625.146	67.44141	1	0.995216	0.993214	0.994916	0.996131	0.997918	0.998856	0.999147	0.996197	0.998604
12590	-1557.936	-1625.377	67.44141	1	0.995216	0.993214	0.994916	0.996131	0.997918	0.998856	0.999147	0.996197	0.998604
12600	-1558.069	-1625.51	67.44141	1	0.995216	0.993214	0.994916	0.996131	0.997918	0.998856	0.999147	0.996197	0.998604
12610	-1559.831	-1627.272	67.44141	1	0.995216	0.993214	0.994916	0.996131	0.997918	0.998856	0.999147	0.996197	0.998604
12620	-1557.642	-1625.083	67.44141	1	0.995216	0.993214	0.994916	0.996131	0.997918	0.998856	0.999147	0.996197	0.998604
12630	-1558.217	-1625.659	67.44141	1	0.995216	0.993214	0.994916	0.996131	0.997918	0.998856	0.999147	0.996197	0.998604
12640	-1557.856	-1625.297	67.44141	1	0.995216	0.993214	0.994916	0.996131	0.997918	0.998856	0.999147	0.996197	0.998604
12650	-1557.626	-1625.068	67.44141	1	0.995216	0.993214	0.994916	0.996131	0.997918	0.998856	0.999147	0.996197	0.998604
12660	-1557.679	-1625.12	67.44141	1	0.995216	0.993214	0.994916	0.996131	0.997918	0.998856	0.999147	0.996197	0.998604
12670	-1557.628	-1625.069	67.44141	1	0.995216	0.993214	0.994916	0.996131	0.997918	0.998856	0.999147	0.996197	0.998604
12680	-1557.655	-1625.096	67.44141	1	0.995216	0.993214	0.994916	0.996131	0.997918	0.998856	0.999147	0.996197	0.998604
12690	-1558.628	-1626.07	67.44141	1	0.995216	0.993214	0.994916	0.996131	0.997918	0.998856	0.999147	0.996197	0.998604
12700	-1557.852	-1625.294	67.44141	1	0.995216	0.993214	0.994916	0.996131	0.997918	0.998856	0.999147	0.996197	0.998604
12710	-1557.788	-1625.229	67.44141	1	0.995216	0.993214	0.994916	0.996131	0.997918	0.998856	0.999147	0.996197	0.998604
12720	-1558.559	-1626	67.44141	1	0.995216	0.993214	0.994916	0.996131	0.997918	0.998856	0.999147	0.996197	0.998604
12730	-1558.182	-1625.623	67.44141	1	0.995216	0.993214	0.994916	0.996131	0.997918	0.998856	0.999147	0.996197	0.998604
12740	-1557.633	-1625.074	67.44141	1	0.995216	0.993214	0.994916	0.996131	0.997918	0.998856	0.999147	0.996197	0.998604
12750	-1557.948	-1625.39	67.44141	1	0.995216	0.993214	0.994916	0.996131	0.997918	0.998856	0.999147	0.996197	0.998604
12760	-1557.926	-1625.368	67.44141	1	0.995216	0.993214	0.994916	0.996131	0.997918	0.998856	0.999147	0.996197	0.998604
12770	-1557.953	-1625.394	67.44141	1	0.995216	0.993214	0.994916	0.996131	0.997918	0.998856	0.999147	0.996197	0.998604
12780	-1557.968	-1625.41	67.44141	1	0.995216	0.993214	0.994916	0.996131	0.997918	0.998856	0.999147	0.996197	0.998604
12790	-1558.011	-1625.452	67.44141	1	0.995216	0.993214	0.994916	0.996131	0.997918	0.998856	0.999147	0.996197	0.998604
12800	-1557.648	-1625.089	67.44141	1	0.995216	0.993214	0.994916	0.996131	0.997918	0.998856	0.999147	0.996197	0.998604
12810	-1558.002	-1625.443	67.44141	1	0.995216	0.993214	0.994916	0.996131	0.997918	0.998856	0.999147	0.996197	0.998604
12820	-1557.79	-1625.231	67.44141	1	0.995216	0.993214	0.994916	0.996131	0.997918	0.998856	0.999147	0.996197	0.998604
12830	-1558.132	-1625.574	67.44141	1	0.995216	0.993214	0.994916	0.996131	0.997918	0.998856	0.999147	0.996197	0.998604
12840	-1558.062	-1625.504	67.44141	1	0.995216	0.993214	0.994916	0.996131	0.997918	0.998856	0.999147	0.996197	0.998604
12850	-1558.519	-1625.961	67.44141	1	0.995216	0.993214	0.994916	0.996131	0.997918	0.998856	0.999147	0.996197	0.998604
12860	-1557.648	-1625.09	67.44141	1	0.995216	0.993214	0.994916	0.996131	0.997918	0.998856	0.999147	0.996197	0.998604
12870	-1557.69	-1625.131	67.44141	1	0.995216	0.993214	0.994916	0.996131	0.997918	0.998856	0.999147	0.996197	0.998604
12880	-1558.036	-1625.477	67.44141	1	0.995216	0.993214	0.994916	0.996131	0.997918	0.998856	0.999147	0.996197	0.998604
12890	-1558.312	-1625.753	67.44141	1	0.995216	0.993214	0.994916	0.996131	0.997918	0.998856	0.999147	0.996197	0.998604
12900	-1557.994	-1625.436	67.44141	1	0.995216	0.993214	0.994916	0.996131	0.997918	0.998856	0.999147	0.996197	0.998604
12910	-1557.628	-1625.07	67.44141	1	0.995216	0.993214	0.994916	0.996131	0.997918	0.998856	0.999147	0.996197	0.998604
12920	-1557.733	-1625.174	67.44141	1	0.995216	0.993214	0.994916	0.996131	0.997918	0.998856	0.999147	0.996197	0.998604
12930	-1560.625	-1628.066	67.44141	1	0.995216	0.993214	0.994916	0.996131	0.997918	0.998856	0.999147	0.996197	0.998604
12940	-1557.846	-1625.287	67.44141	1	0.995216	0.993214	0.994916	0.996131	0.997918	0.998856	0.999147	0.996197	0.998604
12950	-1561.788	-1629.229	67.44141	1	0.995216	0.993214	0.994916	0.996131	0.997918	0.998856	0.999147	0.996197	0.998604
12960	-1558.431	-1625.872	67.44141	1	0.995216	0.993214	0.994916	0.996131	0.997918	0.998856	0.999147	0.996197	0.998604
12970	-1557.637	-1625.078	67.44141	1	0.995216	0.993214	0.994916	0.996131	0.997918	0.998856	0.999147	0.996197	0.998604
12980	-1557.74	-1625.182	67.44141	1	0.995216	0.993214	0.994916	0.996131	0.997918	0.998856	0.999147	0.996197	0.998604
12990	-1557.636	-1625.078	67.44141	1	0.995216	0.993214	0.994916	0.996131	0.997918	0.998856	0.999147	0.996197	0.998604
13000	-1557.684	-1625.126	67.44141	1	0.995216	0.993214	0.994916	0.996131	0.997918	0.998856	0.999147	0.996197	0.998604
13010	-1557.628	-1625.07	67.44141	1	0.995216	0.993214	0.994916	0.996131	0.997918	0.998856	0.999147	0.996197	0.998604
13020	-1557.682	-1625.123	67.44141	1	0.995216	0.993214	0.994916	0.996131	0.997918	0.998856	0.999147	0.996197	0.998604
13030	-1557.867	-1625.309	67.44141	1	0.995216	0.993214	0.994916	0.996131	0.997918	0.998856	0.999147	0.996197	0.998604
13040	-1559.153	-1626.594	67.44141	1	0.995216	0.993214	0.994916	0.996131	0.997918	0.998856	0.999147	0.996197	0.998604
13050	-1558.194	-1625.635	67.44141	1	0.995216	0.993214	0.994916	0.996131	0.997918	0.998856	0.999147	0.996197	0.998604
13060	-1557.715	-1625.157	67.44141	1	0.995216	0.993214	0.994916	0.996131	0.997918	0.998856	0.999147	0.996197	0.998604
13070	-1558.233	-1625.675	67.44141	1	0.995216	0.993214	0.994916	0.996131	0.997918	0.998856	0.999147	0.996197	0.998604
13080	-1558.101	-1625.543	67.44141	1	0.995216	0.993214	0.994916	0.996131	0.997918	0.998856	0.999147	0.996197	0.998604
13090	-1558.695	-1626.137	67.44141	1	0.995216	0.993214	0.994916	0.996131	0.997918	0.998856	0.999147	0.996197	0.998604
13100	-1559.296	-1626.738	67.44141	1	0.995216	0.993214	0.994916	0.996131	0.997918	0.998856	0.999147	0.996197	0.998604
13110	-1558.329	-1625.77	67.44141	1	0.995216	0.993214	0.994916	0.996131	0.997918	0.998856	0.999147	0.996197	0.998604
13120	-1557.906	-1625.348	67.44141	1	0.995216	0.993214	0.994916	0.996131	0.997918	0.998856	0.999147	0.996197	0.998604
13130	-1557.633	-1625.075	67.44141	1	0.995216	0.993214	0.994916	0.996131	0.997918	0.998856	0.999147	0.996197	0.998604
13140	-1557.935	-1625.376	67.44141	1	0.995216	0.993214	0.994916	0.996131	0.997918	0.998856	0.999147	0.996197	0.998604
13150	-1558.432	-1625.874	67.44141	1	0.995216	0.993214	0.994916	0.996131	0.997918	0.998856	0.999147	0.996197	0.998604
13160	-1559.252	-1626.694	67.44141	1	0.995216	0.993214	0.994916	0.996131	0.997918	0.998856	0.999147	0.996197	0.998604
13170	-1558.537	-1625.978	67.44141	1	0.995216	0.993214	0.994916	0.996131	0.997918	0.998856	0.999147	0.996197	0.998604
13180	-1558.86	-1626.302	67.44141	1	0.995216	0.993214	0.994916	0.996131	0.997918	0.998856	0.999147	0.996197	0.998604
13190	-1557.627	-1625.069	67.44141	1	0.995216	0.993214	0.994916	0.996131	0.997918	0.998856	0.999147	0.996197	0.998604
13200	-1557.67	-1625.112	67.44141	1	0.995216	0.993214	0.994916	0.996131	0.997918	0.998856	0.999147	0.996197	0.998604
13210	-1558.054	-1625.495	67.44141	1	0.995216	0.993214	0.994916	0.996131	0.997918	0.998856	0.999147	0.996197	0.998604
13220	-1557.77	-1625.212	67.44141	1	0.995216	0.993214	0.994916	0.996131	0.997918	0.998856	0.999147	0.996197	0.998604
13230	-1558.27	-1625.711	67.44141	1	0.995216	0.993214	0.994916	0.996131	0.997918	0.998856	0.999147	0.996197	0.998604
13240	-1558.206	-1625.648	67.44141	1	0.995216	0.993214	0.994916	0.996131	0.997918	0.998856	0.999147	0.996197	0.998604
13250	-1557.738	-1625.179	67.44141	1	0.995216	0.993214	0.994916	0.996131	0.997918	0.998856	0.999147	0.996197	0.998604
13260	-1557.742	-1625.183	67.44141	1	0.995216	0.993214	0.994916	0.996131	0.997918	0.998856	0.999147	0.996197	0.998604
13270	-1557.745	-1625.187	67.44141	1	0.995216	0.993214	0.994916	0.996131	0.997918	0.998856	0.999147	0.996197	0.998604
13280	-1558.756	-1626.197	67.44141	1	0.995216	0.993214	0.994916	0.996131	0.997918	0.998856	0.999147	0.996197	0.998604
13290	-1558.387	-1625.828	67.44141	1	0.995216	0.993214	0.994916	0.996131	0.997918	0.998856	0.999147	0.996197	0.998604
13300	-1557.699	-1625.141	67.44141	1	0.995216	0.993214	0.994916	0.996131	0.997918	0.998856	0.999147	0.996197	0.998604
13310	-1558.801	-1626.243	67.44141	1	0.995216	0.993214	0.994916	0.996131	0.997918	0.998856	0.999147	0.996197	0.998604
13320	-1558.46	-1625.902	67.44141	1	0.995216	0.993214	0.994916	0.996131	0.997918	0.998856	0.999147	0.996197	0.998604
13330	-1557.671	-1625.113	67.44141	1	0.995216	0.993214	0.994916	0.996131	0.997918	0.998856	0.999147	0.996197	0.998604
13340	-1557.87	-1625.311	67.44141	1	0.995216	0.993214	0.994916	0.996131	0.997918	0.998856	0.999147	0.996197	0.998604
13350	-1557.662	-1625.103	67.44141	1	0.995216	0.993214	0.994916	0.996131	0.997918	0.998856	0.999147	0.996197	0.998604
13360	-1557.637	-1625.079	67.44141	1	0.995216	0.993214	0.994916	0.996131	0.997918	0.998856	0.999147	0.996197	0.998604
13370	-1557.755	-1625.196	67.44141	1	0.995216	0.993214	0.994916	0.996131	0.997918	0.998856	0.999147	0.996197	0.998604
13380	-1559.18	-1626.621	67.44141	1	0.995216	0.993214	0.994916	0.996131	0.997918	0.998856	0.999147	0.996197	0.998604
13390	-1557.688	-1625.129	67.44141	1	0.995216	0.993214	0.994916	0.996131	0.997918	0.998856	0.999147	0.996197	0.998604
13400	-1558.503	-1625.945	67.44141	1	0.995216	0.993214	0.994916	0.996131	0.997918	0.998856	0.999147	0.996197	0.998604
13410	-1557.641	-1625.082	67.44141	1	0.995216	0.993214	0.994916	0.996131	0.997918	0.998856	0.999147	0.996197	0.998604
13420	-1558.538	-1625.979	67.44141	1	0.995216	0.993214	0.994916	0.996131	0.997918	0.998856	0.999147	0.996197	0.998604
13430	-1558.284	-1625.726	67.44141	1	0.995216	0.993214	0.994916	0.996131	0.997918	0.998856	0.999147	0.996197	0.998604
13440	-1557.966	-1625.407	67.44141	1	0.995216	0.993214	0.994916	0.996131	0.997918	0.998856	0.999147	0.996197	0.998604
13450	-1558.646	-1626.087	67.44141	1	0.995216	0.993214	0.994916	0.996131	0.997918	0.998856	0.999147	0.996197	0.998604
13460	-1557.696	-1625.137	67.44141	1	0.995216	0.993214	0.994916	0.996131	0.997918	0.998856	0.999147	0.996197	0.998604
13470	-1558.107	-1625.549	67.44141	1	0.995216	0.993214	0.994916	0.996131	0.997918	0.998856	0.999147	0.996197	0.998604
13480	-1559.273	-1626.714	67.44141	1	0.995216	0.993214	0.994916	0.996131	0.997918	0.998856	0.999147	0.996197	0.998604
13490	-1557.666	-1625.107	67.44141	1	0.995216	0.993214	0.994916	0.996131	0.997918	0.998856	0.999147	0.996197	0.998604
13500	-1557.927	-1625.368	67.44141	1	0.995216	0.993214	0.994916	0.996131	0.997918	0.998856	0.999147	0.996197	0.998604
13510	-1557.637	-1625.078	67.44141	1	0.995216	0.993214	0.994916	0.996131	0.997918	0.998856	0.999147	0.996197	0.998604
13520	-1559.024	-1626.465	67.44141	1	0.995216	0.993214	0.994916	0.996131	0.997918	0.998856	0.999147	0.996197	0.998604
13530	-1558.4	-1625.842	67.44141	1	0.995216	0.993214	0.994916	0.996131	0.997918	0.998856	0.999147	0.996197	0.998604
13540	-1557.632	-1625.073	67.44141	1	0.995216	0.993214	0.994916	0.996131	0.997918	0.998856	0.999147	0.996197	0.998604
13550	-1557.632	-1625.073	67.44141	1	0.995216	0.993214	0.994916	0.996131	0.997918	0.998856	0.999147	0.996197	0.998604
13560	-1557.825	-1625.266	67.44141	1	0.995216	0.993214	0.994916	0.996131	0.997918	0.998856	0.999147	0.996197	0.998604
13570	-1557.79	-1625.231	67.44141	1	0.995216	0.993214	0.994916	0.996131	0.997918	0.998856	0.999147	0.996197	0.998604
13580	-1558.036	-1625.478	67.44141	1	0.995216	0.993214	0.994916	0.996131	0.997918	0.998856	0.999147	0.996197	0.998604
13590	-1557.654	-1625.096	67.44141	1	0.995216	0.993214	0.994916	0.996131	0.997918	0.998856	0.999147	0.996197	0.998604
13600	-1557.725	-1625.166	67.44141	1	0.995216	0.993214	0.994916	0.996131	0.997918	0.998856	0.999147	0.996197	0.998604
13610	-1557.823	-1625.265	67.44141	1	0.995216	0.993214	0.994916	0.996131	0.997918	0.998856	0.999147	0.996197	0.998604
13620	-1557.7	-1625.142	67.44141	1	0.995216	0.993214	0.994916	0.996131	0.997918	0.998856	0.999147	0.996197	0.998604
13630	-1558.195	-1625.637	67.44141	1	0.995216	0.993214	0.994916	0.996131	0.997918	0.998856	0.999147	0.996197	0.998604
13640	-1557.69	-1625.131	67.44141	1	0.995216	0.993214	0.994916	0.996131	0.997918	0.998856	0.999147	0.996197	0.998604
13650	-1559.048	-1626.49	67.44141	1	0.995216	0.993214	0.994916	0.996131	0.997918	0.998856	0.999147	0.996197	0.998604
13660	-1557.738	-1625.179	67.44141	1	0.995216	0.993214	0.994916	0.996131	0.997918	0.998856	0.999147	0.996197	0.998604
13670	-1557.637	-1625.078	67.44141	1	0.995216	0.993214	0.994916	0.996131	0.997918	0.998856	0.999147	0.996197	0.998604
13680	-1557.653	-1625.094	67.44141	1	0.995216	0.993214	0.994916	0.996131	0.997918	0.998856	0.999147	0.996197	0.998604
13690	-1558.071	-1625.512	67.44141	1	0.995216	0.993214	0.994916	0.996131	0.997918	0.998856	0.999147	0.996197	0.998604
13700	-1557.678	-1625.119	67.44141	1	0.995216	0.993214	0.994916	0.996131	0.997918	0.998856	0.999147	0.996197	0.998604
13710	-1557.687	-1625.129	67.44141	1	0.995216	0.993214	0.994916	0.996131	0.997918	0.998856	0.999147	0.996197	0.998604
13720	-1557.637	-1625.078	67.44141	1	0.995216	0.993214	0.994916	0.996131	0.997918	0.998856	0.999147	0.996197	0.998604
13730	-1558.77	-1626.212	67.44141	1	0.995216	0.993214	0.994916	0.996131	0.997918	0.998856	0.999147	0.996197	0.998604
13740	-1557.951	-1625.393	67.44141	1	0.995216	0.993214	0.994916	0.996131	0.997918	0.998856	0.999147	0.996197	0.998604
13750	-1557.637	-1625.078	67.44141	1	0.995216	0.993214	0.994916	0.996131	0.997918	0.998856	0.999147	0.996197	0.998604
13760	-1559.26	-1626.701	67.44141	1	0.995216	0.993214	0.994916	0.996131	0.997918	0.998856	0.999147	0.996197	0.998604
13770	-1557.646	-1625.088	67.44141	1	0.995216	0.993214	0.994916	0.996131	0.997918	0.998856	0.999147	0.996197	0.998604
13780	-1558.737	-1626.178	67.44141	1	0.995216	0.993214	0.994916	0.996131	0.997918	0.998856	0.999147	0.996197	0.998604
13790	-1558.923	-1626.364	67.44141	1	0.995216	0.993214	0.994916	0.996131	0.997918	0.998856	0.999147	0.996197	0.998604
13800	-1557.655	-1625.096	67.44141	1	0.995216	0.993214	0.994916	0.996131	0.997918	0.998856	0.999147	0.996197	0.998604
13810	-1558.141	-1625.582	67.44141	1	0.995216	0.993214	0.994916	0.996131	0.997918	0.998856	0.999147	0.996197	0.998604
13820	-1557.817	-1625.259	67.44141	1	0.995216	0.993214	0.994916	0.996131	0.997918	0.998856	0.999147	0.996197	0.998604
13830	-1557.819	-1625.261	67.44141	1	0.995216	0.993214	0.994916	0.996131	0.997918	0.998856	0.999147	0.996197	0.998604
13840	-1557.852	-1625.294	67.44141	1	0.995216	0.993214	0.994916	0.996131	0.997918	0.998856	0.999147	0.996197	0.998604
13850	-1558.671	-1626.113	67.44141	1	0.995216	0.993214	0.994916	0.996131	0.997918	0.998856	0.999147	0.996197	0.998604
13860	-1558.119	-1625.56	67.44141	1	0.995216	0.993214	0.994916	0.996131	0.997918	0.998856	0.999147	0.996197	0.998604
13870	-1557.924	-1625.366	67.44141	1	0.995216	0.993214	0.994916	0.996131	0.997918	0.998856	0.999147	0.996197	0.998604
13880	-1557.938	-1625.379	67.44141	1	0.995216	0.993214	0.994916	0.996131	0.997918	0.998856	0.999147	0.996197	0.998604
13890	-1557.944	-1625.385	67.44141	1	0.995216	0.993214	0.994916	0.996131	0.997918	0.998856	0.999147	0.996197	0.998604
13900	-1557.63	-1625.072	67.44141	1	0.995216	0.993214	0.994916	0.996131	0.997918	0.998856	0.999147	0.996197	0.998604
13910	-1558.819	-1626.26	67.44141	1	0.995216	0.993214	0.994916	0.996131	0.997918	0.998856	0.999147	0.996197	0.998604
13920	-1557.778	-1625.219	67.44141	1	0.995216	0.993214	0.994916	0.996131	0.997918	0.998856	0.999147	0.996197	0.998604
13930	-1557.759	-1625.2	67.44141	1	0.995216	0.993214	0.994916	0.996131	0.997918	0.998856	0.999147	0.996197	0.998604
13940	-1557.762	-1625.203	67.44141	1	0.995216	0.993214	0.994916	0.996131	0.997918	0.998856	0.999147	0.996197	0.998604
13950	-1558.117	-1625.559	67.44141	1	0.995216	0.993214	0.994916	0.996131	0.997918	0.998856	0.999147	0.996197	0.998604
13960	-1557.626	-1625.067	67.44141	1	0.995216	0.993214	0.994916	0.996131	0.997918	0.998856	0.999147	0.996197	0.998604
13970	-1559.009	-1626.45	67.44141	1	0.995216	0.993214	0.994916	0.996131	0.997918	0.998856	0.999147	0.996197	0.998604
13980	-1558.147	-1625.588	67.44141	1	0.995216	0.993214	0.994916	0.996131	0.997918	0.998856	0.999147	0.996197	0.998604
13990	-1557.742	-1625.183	67.44141	1	0.995216	0.993214	0.994916	0.996131	0.997918	0.998856	0.999147	0.996197	0.998604
14000	-1557.961	-1625.402	67.44141	1	0.995216	0.993214	0.994916	0.996131	0.997918	0.998856	0.999147	0.996197	0.998604
14010	-1559.117	-1626.559	67.44141	1	0.995216	0.993214	0.994916	0.996131	0.997918	0.998856	0.999147	0.996197	0.998604
14020	-1557.95	-1625.391	67.44141	1	0.995216	0.993214	0.994916	0.996131	0.997918	0.998856	0.999147	0.996197	0.998604
14030	-1557.735	-1625.176	67.44141	1	0.995216	0.993214	0.994916	0.996131	0.997918	0.998856	0.999147	0.996197	0.998604
14040	-1557.983	-1625.425	67.44141	1	0.995216	0.993214	0.994916	0.996131	0.997918	0.998856	0.999147	0.996197	0.998604
14050	-1559.052	-1626.493	67.44141	1	0.995216	0.993214	0.994916	0.996131	0.997918	0.998856	0.999147	0.996197	0.998604
14060	-1557.896	-1625.337	67.44141	1	0.995216	0.993214	0.994916	0.996131	0.997918	0.998856	0.999147	0.996197	0.998604
14070	-1557.759	-1625.2	67.44141	1	0.995216	0.993214	0.994916	0.996131	0.997918	0.998856	0.999147	0.996197	0.998604
14080	-1557.762	-1625.203	67.44141	1	0.995216	0.993214	0.994916	0.996131	0.997918	0.998856	0.999147	0.996197	0.998604
14090	-1557.626	-1625.068	67.44141	1	0.995216	0.993214	0.994916	0.996131	0.997918	0.998856	0.999147	0.996197	0.998604
14100	-1557.634	-1625.076	67.44141	1	0.995216	0.993214	0.994916	0.996131	0.997918	0.998856	0.999147	0.996197	0.998604
14110	-1557.674	-1625.116	67.44141	1	0.995216	0.993214	0.994916	0.996131	0.997918	0.998856	0.999147	0.996197	0.998604
14120	-1558.292	-1625.734	67.44141	1	0.995216	0.993214	0.994916	0.996131	0.997918	0.998856	0.999147	0.996197	0.998604
14130	-1557.627	-1625.068	67.44141	1	0.995216	0.993214	0.994916	0.996131	0.997918	0.998856	0.999147	0.996197	0.998604
14140	-1557.89	-1625.331	67.44141	1	0.995216	0.993214	0.994916	0.996131	0.997918	0.998856	0.999147	0.996197	0.998604
14150	-1557.684	-1625.126	67.44141	1	0.995216	0.993214	0.994916	0.996131	0.997918	0.998856	0.999147	0.996197	0.998604
14160	-1557.792	-1625.233	67.44141	1	0.995216	0.993214	0.994916	0.996131	0.997918	0.998856	0.999147	0.996197	0.998604
14170	-1558.223	-1625.664	67.44141	1	0.995216	0.993214	0.994916	0.996131	0.997918	0.998856	0.999147	0.996197	0.998604
14180	-1557.664	-1625.105	67.44141	1	0.995216	0.993214	0.994916	0.996131	0.997918	0.998856	0.999147	0.996197	0.998604
14190	-1557.626	-1625.067	67.44141	1	0.995216	0.993214	0.994916	0.996131	0.997918	0.998856	0.999147	0.996197	0.998604
14200	-1557.626	-1625.067	67.44141	1	0.995216	0.993214	0.994916	0.996131	0.997918	0.998856	0.999147	0.996197	0.998604
14210	-1557.649	-1625.09	67.44141	1	0.995216	0.993214	0.994916	0.996131	0.997918	0.998856	0.999147	0.996197	0.998604
14220	-1558.153	-1625.595	67.44141	1	0.995216	0.993214	0.994916	0.996131	0.997918	0.998856	0.999147	0.996197	0.998604
14230	-1557.901	-1625.342	67.44141	1	0.995216	0.993214	0.994916	0.996131	0.997918	0.998856	0.999147	0.996197	0.998604
14240	-1558.219	-1625.661	67.44141	1	0.995216	0.993214	0.994916	0.996131	0.997918	0.998856	0.999147	0.996197	0.998604
14250	-1558.461	-1625.903	67.44141	1	0.995216	0.993214	0.994916	0.996131	0.997918	0.998856	0.999147	0.996197	0.998604
14260	-1558.084	-1625.526	67.44141	1	0.995216	0.993214	0.994916	0.996131	0.997918	0.998856	0.999147	0.996197	0.998604
14270	-1558.116	-1625.557	67.44141	1	0.995216	0.993214	0.994916	0.996131	0.997918	0.998856	0.999147	0.996197	0.998604
14280	-1557.653	-1625.094	67.44141	1	0.995216	0.993214	0.994916	0.996131	0.997918	0.998856	0.999147	0.996197	0.998604
14290	-1558.576	-1626.017	67.44141	1	0.995216	0.993214	0.994916	0.996131	0.997918	0.998856	0.999147	0.996197	0.998604
14300	-1557.772	-1625.213	67.44141	1	0.995216	0.993214	0.994916	0.996131	0.997918	0.998856	0.999147	0.996197	0.998604
14310	-1559.191	-1626.632	67.44141	1	0.995216	0.993214	0.994916	0.996131	0.997918	0.998856	0.999147	0.996197	0.998604
14320	-1558.674	-1626.115	67.44141	1	0.995216	0.993214	0.994916	0.996131	0.997918	0.998856	0.999147	0.996197	0.998604
14330	-1557.883	-1625.324	67.44141	1	0.995216	0.993214	0.994916	0.996131	0.997918	0.998856	0.999147	0.996197	0.998604
14340	-1558.312	-1625.754	67.44141	1	0.995216	0.993214	0.994916	0.996131	0.997918	0.998856	0.999147	0.996197	0.998604
14350	-1558.434	-1625.876	67.44141	1	0.995216	0.993214	0.994916	0.996131	0.997918	0.998856	0.999147	0.996197	0.998604
14360	-1559.082	-1626.523	67.44141	1	0.995216	0.993214	0.994916	0.996131	0.997918	0.998856	0.999147	0.996197	0.998604
14370	-1558.388	-1625.829	67.44141	1	0.995216	0.993214	0.994916	0.996131	0.997918	0.998856	0.999147	0.996197	0.998604
14380	-1557.812	-1625.253	67.44141	1	0.995216	0.993214	0.994916	0.996131	0.997918	0.998856	0.999147	0.996197	0.998604
14390	-1557.638	-1625.079	67.44141	1	0.995216	0.993214	0.994916	0.996131	0.997918	0.998856	0.999147	0.996197	0.998604
14400	-1558.631	-1626.073	67.44141	1	0.995216	0.993214	0.994916	0.996131	0.997918	0.998856	0.999147	0.996197	0.998604
14410	-1558.016	-1625.457	67.44141	1	0.995216	0.993214	0.994916	0.996131	0.997918	0.998856	0.999147	0.996197	0.998604
14420	-1557.634	-1625.076	67.44141	1	0.995216	0.993214	0.994916	0.996131	0.997918	0.998856	0.999147	0.996197	0.998604
14430	-1558.317	-1625.758	67.44141	1	0.995216	0.993214	0.994916	0.996131	0.997918	0.998856	0.999147	0.996197	0.998604
14440	-1557.861	-1625.302	67.44141	1	0.995216	0.993214	0.994916	0.996131	0.997918	0.998856	0.999147	0.996197	0.998604
14450	-1557.649	-1625.09	67.44141	1	0.995216	0.993214	0.994916	0.996131	0.997918	0.998856	0.999147	0.996197	0.998604
14460	-1557.703	-1625.144	67.44141	1	0.995216	0.993214	0.994916	0.996131	0.997918	0.998856	0.999147	0.996197	0.998604
14470	-1557.637	-1625.078	67.44141	1	0.995216	0.993214	0.994916	0.996131	0.997918	0.998856	0.999147	0.996197	0.998604
14480	-1557.841	-1625.282	67.44141	1	0.995216	0.993214	0.994916	0.996131	0.997918	0.998856	0.999147	0.996197	0.998604
14490	-1559.212	-1626.653	67.44141	1	0.995216	0.993214	0.994916	0.996131	0.997918	0.998856	0.999147	0.996197	0.998604
14500	-1557.635	-1625.076	67.44141	1	0.995216	0.993214	0.994916	0.996131	0.997918	0.998856	0.999147	0.996197	0.998604
14510	-1557.752	-1625.193	67.44141	1	0.995216	0.993214	0.994916	0.996131	0.997918	0.998856	0.999147	0.996197	0.998604
14520	-1557.672	-1625.113	67.44141	1	0.995216	0.993214	0.994916	0.996131	0.997918	0.998856	0.999147	0.996197	0.998604
14530	-1557.878	-1625.319	67.44141	1	0.995216	0.993214	0.994916	0.996131	0.997918	0.998856	0.999147	0.996197	0.998604
14540	-1558.458	-1625.899	67.44141	1	0.995216	0.993214	0.994916	0.996131	0.997918	0.998856	0.999147	0.996197	0.998604
14550	-1557.992	-1625.434	67.44141	1	0.995216	0.993214	0.994916	0.996131	0.997918	0.998856	0.999147	0.996197	0.998604
14560	-1557.686	-1625.128	67.44141	1	0.995216	0.993214	0.994916	0.996131	0.997918	0.998856	0.999147	0.996197	0.998604
14570	-1558.516	-1625.958	67.44141	1	0.995216	0.993214	0.994916	0.996131	0.997918	0.998856	0.999147	0.996197	0.998604
14580	-1557.66	-1625.101	67.44141	1	0.995216	0.993214	0.994916	0.996131	0.997918	0.998856	0.999147	0.996197	0.998604
14590	-1558.04	-1625.482	67.44141	1	0.995216	0.993214	0.994916	0.996131	0.997918	0.998856	0.999147	0.996197	0.998604
14600	-1557.751	-1625.193	67.44141	1	0.995216	0.993214	0.994916	0.996131	0.997918	0.998856	0.999147	0.996197	0.998604
14610	-1558.405	-1625.847	67.44141	1	0.995216	0.993214	0.994916	0.996131	0.997918	0.998856	0.999147	0.996197	0.998604
14620	-1558.15	-1625.591	67.44141	1	0.995216	0.993214	0.994916	0.996131	0.997918	0.998856	0.999147	0.996197	0.998604
14630	-1557.82	-1625.262	67.44141	1	0.995216	0.993214	0.994916	0.996131	0.997918	0.998856	0.999147	0.996197	0.998604
14640	-1557.643	-1625.084	67.44141	1	0.995216	0.993214	0.994916	0.996131	0.997918	0.998856	0.999147	0.996197	0.998604
14650	-1557.694	-1625.135	67.44141	1	0.995216	0.993214	0.994916	0.996131	0.997918	0.998856	0.999147	0.996197	0.998604
14660	-1557.685	-1625.126	67.44141	1	0.995216	0.993214	0.994916	0.996131	0.997918	0.998856	0.999147	0.996197	0.998604
14670	-1557.631	-1625.072	67.44141	1	0.995216	0.993214	0.994916	0.996131	0.997918	0.998856	0.999147	0.996197	0.998604
14680	-1558.038	-1625.48	67.44141	1	0.995216	0.993214	0.994916	0.996131	0.997918	0.998856	0.999147	0.996197	0.998604
14690	-1557.636	-1625.077	67.44141	1	0.995216	0.993214	0.994916	0.996131	0.997918	0.998856	0.999147	0.996197	0.998604
14700	-1557.628	-1625.069	67.44141	1	0.995216	0.993214	0.994916	0.996131	0.997918	0.998856	0.999147	0.996197	0.998604
14710	-1558.155	-1625.597	67.44141	1	0.995216	0.993214	0.994916	0.996131	0.997918	0.998856	0.999147	0.996197	0.998604
14720	-1557.721	-1625.163	67.44141	1	0.995216	0.993214	0.994916	0.996131	0.997918	0.998856	0.999147	0.996197	0.998604
14730	-1558.357	-1625.799	67.44141	1	0.995216	0.993214	0.994916	0.996131	0.997918	0.998856	0.999147	0.996197	0.998604
14740	-1558.535	-1625.976	67.44141	1	0.995216	0.993214	0.994916	0.996131	0.997918	0.998856	0.999147	0.996197	0.998604
14750	-1557.63	-1625.071	67.44141	1	0.995216	0.993214	0.994916	0.996131	0.997918	0.998856	0.999147	0.996197	0.998604
14760	-1557.734	-1625.176	67.44141	1	0.995216	0.993214	0.994916	0.996131	0.997918	0.998856	0.999147	0.996197	0.998604
14770	-1559.732	-1627.173	67.44141	1	0.995216	0.993214	0.994916	0.996131	0.997918	0.998856	0.999147	0.996197	0.998604
14780	-1557.754	-1625.196	67.44141	1	0.995216	0.993214	0.994916	0.996131	0.997918	0.998856	0.999147	0.996197	0.998604
14790	-1559.574	-1627.015	67.44141	1	0.995216	0.993214	0.994916	0.996131	0.997918	0.998856	0.999147	0.996197	0.998604
14800	-1558.847	-1626.288	67.44141	1	0.995216	0.993214	0.994916	0.996131	0.997918	0.998856	0.999147	0.996197	0.998604
14810	-1557.858	-1625.299	67.44141	1	0.995216	0.993214	0.994916	0.996131	0.997918	0.998856	0.999147	0.996197	0.998604
14820	-1557.626	-1625.067	67.44141	1	0.995216	0.993214	0.994916	0.996131	0.997918	0.998856	0.999147	0.996197	0.998604
14830	-1558.109	-1625.551	67.44141	1	0.995216	0.993214	0.994916	0.996131	0.997918	0.998856	0.999147	0.996197	0.998604
14840	-1557.988	-1625.429	67.44141	1	0.995216	0.993214	0.994916	0.996131	0.997918	0.998856	0.999147	0.996197	0.998604
14850	-1557.645	-1625.086	67.44141	1	0.995216	0.993214	0.994916	0.996131	0.997918	0.998856	0.999147	0.996197	0.998604
14860	-1557.704	-1625.145	67.44141	1	0.995216	0.993214	0.994916	0.996131	0.997918	0.998856	0.999147	0.996197	0.998604
14870	-1560.508	-1627.95	67.44141	1	0.995216	0.993214	0.994916	0.996131	0.997918	0.998856	0.999147	0.996197	0.998604
14880	-1557.823	-1625.264	67.44141	1	0.995216	0.993214	0.994916	0.996131	0.997918	0.998856	0.999147	0.996197	0.998604
14890	-1557.756	-1625.197	67.44141	1	0.995216	0.993214	0.994916	0.996131	0.997918	0.998856	0.999147	0.996197	0.998604
14900	-1559.416	-1626.858	67.44141	1	0.995216	0.993214	0.994916	0.996131	0.997918	0.998856	0.999147	0.996197	0.998604
14910	-1558.129	-1625.571	67.44141	1	0.995216	0.993214	0.994916	0.996131	0.997918	0.998856	0.999147	0.996197	0.998604
14920	-1557.639	-1625.08	67.44141	1	0.995216	0.993214	0.994916	0.996131	0.997918	0.998856	0.999147	0.996197	0.998604
14930	-1557.721	-1625.162	67.44141	1	0.995216	0.993214	0.994916	0.996131	0.997918	0.998856	0.999147	0.996197	0.998604
14940	-1557.65	-1625.091	67.44141	1	0.995216	0.993214	0.994916	0.996131	0.997918	0.998856	0.999147	0.996197	0.998604
14950	-1559.926	-1627.367	67.44141	1	0.995216	0.993214	0.994916	0.996131	0.997918	0.998856	0.999147	0.996197	0.998604
14960	-1557.642	-1625.083	67.44141	1	0.995216	0.993214	0.994916	0.996131	0.997918	0.998856	0.999147	0.996197	0.998604
14970	-1557.644	-1625.085	67.44141	1	0.995216	0.993214	0.994916	0.996131	0.997918	0.998856	0.999147	0.996197	0.998604
14980	-1558.869	-1626.31	67.44141	1	0.995216	0.993214	0.994916	0.996131	0.997918	0.998856	0.999147	0.996197	0.998604
14990	-1557.662	-1625.104	67.44141	1	0.995216	0.993214	0.994916	0.996131	0.997918	0.998856	0.999147	0.996197	0.998604
15000	-1560.152	-1627.594	67.44141	1	0.995216	0.993214	0.994916	0.996131	0.997918	0.998856	0.999147	0.996197	0.998604
15010	-1557.878	-1625.32	67.44141	1	0.995216	0.993214	0.994916	0.996131	0.997918	0.998856	0.999147	0.996197	0.998604
15020	-1558.279	-1625.721	67.44141	1	0.995216	0.993214	0.994916	0.996131	0.997918	0.998856	0.999147	0.996197	0.998604
15030	-1557.787	-1625.228	67.44141	1	0.995216	0.993214	0.994916	0.996131	0.997918	0.998856	0.999147	0.996197	0.998604
15040	-1558.243	-1625.684	67.44141	1	0.995216	0.993214	0.994916	0.996131	0.997918	0.998856	0.999147	0.996197	0.998604
15050	-1558.23	-1625.672	67.44141	1	0.995216	0.993214	0.994916	0.996131	0.997918	0.998856	0.999147	0.996197	0.998604
15060	-1557.64	-1625.081	67.44141	1	0.995216	0.993214	0.994916	0.996131	0.997918	0.998856	0.999147	0.996197	0.998604
15070	-1557.649	-1625.09	67.44141	1	0.995216	0.993214	0.994916	0.996131	0.997918	0.998856	0.999147	0.996197	0.998604
15080	-1558.183	-1625.625	67.44141	1	0.995216	0.993214	0.994916	0.996131	0.997918	0.998856	0.999147	0.996197	0.998604
15090	-1559.26	-1626.701	67.44141	1	0.995216	0.993214	0.994916	0.996131	0.997918	0.998856	0.999147	0.996197	0.998604
15100	-1558.937	-1626.378	67.44141	1	0.995216	0.993214	0.994916	0.996131	0.997918	0.998856	0.999147	0.996197	0.998604
15110	-1557.819	-1625.26	67.44141	1	0.995216	0.993214	0.994916	0.996131	0.997918	0.998856	0.999147	0.996197	0.998604
15120	-1557.773	-1625.215	67.44141	1	0.995216	0.993214	0.994916	0.996131	0.997918	0.998856	0.999147	0.996197	0.998604
15130	-1557.894	-1625.336	67.44141	1	0.995216	0.993214	0.994916	0.996131	0.997918	0.998856	0.999147	0.996197	0.998604
15140	-1557.626	-1625.068	67.44141	1	0.995216	0.993214	0.994916	0.996131	0.997918	0.998856	0.999147	0.996197	0.998604
15150	-1557.85	-1625.292	67.44141	1	0.995216	0.993214	0.994916	0.996131	0.997918	0.998856	0.999147	0.996197	0.998604
15160	-1557.685	-1625.127	67.44141	1	0.995216	0.993214	0.994916	0.996131	0.997918	0.998856	0.999147	0.996197	0.998604
15170	-1559.686	-1627.127	67.44141	1	0.995216	0.993214	0.994916	0.996131	0.997918	0.998856	0.999147	0.996197	0.998604
15180	-1557.723	-1625.165	67.44141	1	0.995216	0.993214	0.994916	0.996131	0.997918	0.998856	0.999147	0.996197	0.998604
15190	-1558.369	-1625.811	67.44141	1	0.995216	0.993214	0.994916	0.996131	0.997918	0.998856	0.999147	0.996197	0.998604
15200	-1558.071	-1625.512	67.44141	1	0.995216	0.993214	0.994916	0.996131	0.997918	0.998856	0.999147	0.996197	0.998604
15210	-1558.676	-1626.118	67.44141	1	0.995216	0.993214	0.994916	0.996131	0.997918	0.998856	0.999147	0.996197	0.998604
15220	-1557.8	-1625.242	67.44141	1	0.995216	0.993214	0.994916	0.996131	0.997918	0.998856	0.999147	0.996197	0.998604
15230	-1557.677	-1625.118	67.44141	1	0.995216	0.993214	0.994916	0.996131	0.997918	0.998856	0.999147	0.996197	0.998604
15240	-1558.106	-1625.547	67.44141	1	0.995216	0.993214	0.994916	0.996131	0.997918	0.998856	0.999147	0.996197	0.998604
15250	-1558.038	-1625.479	67.44141	1	0.995216	0.993214	0.994916	0.996131	0.997918	0.998856	0.999147	0.996197	0.998604
15260	-1557.852	-1625.294	67.44141	1	0.995216	0.993214	0.994916	0.996131	0.997918	0.998856	0.999147	0.996197	0.998604
15270	-1558.126	-1625.567	67.44141	1	0.995216	0.993214	0.994916	0.996131	0.997918	0.998856	0.999147	0.996197	0.998604
15280	-1557.628	-1625.069	67.44141	1	0.995216	0.993214	0.994916	0.996131	0.997918	0.998856	0.999147	0.996197	0.998604
15290	-1557.702	-1625.143	67.44141	1	0.995216	0.993214	0.994916	0.996131	0.997918	0.998856	0.999147	0.996197	0.998604
15300	-1557.67	-1625.111	67.44141	1	0.995216	0.993214	0.994916	0.996131	0.997918	0.998856	0.999147	0.996197	0.998604
15310	-1557.648	-1625.09	67.44141	1	0.995216	0.993214	0.994916	0.996131	0.997918	0.998856	0.999147	0.996197	0.998604
15320	-1558.159	-1625.6	67.44141	1	0.995216	0.993214	0.994916	0.996131	0.997918	0.998856	0.999147	0.996197	0.998604
15330	-1557.932	-1625.373	67.44141	1	0.995216	0.993214	0.994916	0.996131	0.997918	0.998856	0.999147	0.996197	0.998604
15340	-1558.687	-1626.128	67.44141	1	0.995216	0.993214	0.994916	0.996131	0.997918	0.998856	0.999147	0.996197	0.998604
15350	-1557.853	-1625.294	67.44141	1	0.995216	0.993214	0.994916	0.996131	0.997918	0.998856	0.999147	0.996197	0.998604
15360	-1559.649	-1627.091	67.44141	1	0.995216	0.993214	0.994916	0.996131	0.997918	0.998856	0.999147	0.996197	0.998604
15370	-1557.659	-1625.1	67.44141	1	0.995216	0.993214	0.994916	0.996131	0.997918	0.998856	0.999147	0.996197	0.998604
15380	-1557.798	-1625.24	67.44141	1	0.995216	0.993214	0.994916	0.996131	0.997918	0.998856	0.999147	0.996197	0.998604
15390	-1557.628	-1625.07	67.44141	1	0.995216	0.993214	0.994916	0.996131	0.997918	0.998856	0.999147	0.996197	0.998604
15400	-1559.626	-1627.067	67.44141	1	0.995216	0.993214	0.994916	0.996131	0.997918	0.998856	0.999147	0.996197	0.998604
15410	-1557.719	-1625.161	67.44141	1	0.995216	0.993214	0.994916	0.996131	0.997918	0.998856	0.999147	0.996197	0.998604
15420	-1558.191	-1625.632	67.44141	1	0.995216	0.993214	0.994916	0.996131	0.997918	0.998856	0.999147	0.996197	0.998604
15430	-1557.962	-1625.404	67.44141	1	0.995216	0.993214	0.994916	0.996131	0.997918	0.998856	0.999147	0.996197	0.998604
15440	-1559.69	-1627.131	67.44141	1	0.995216	0.993214	0.994916	0.996131	0.997918	0.998856	0.999147	0.996197	0.998604
15450	-1559.341	-1626.782	67.44141	1	0.995216	0.993214	0.994916	0.996131	0.997918	0.998856	0.999147	0.996197	0.998604
15460	-1557.704	-1625.146	67.44141	1	0.995216	0.993214	0.994916	0.996131	0.997918	0.998856	0.999147	0.996197	0.998604
15470	-1557.753	-1625.195	67.44141	1	0.995216	0.993214	0.994916	0.996131	0.997918	0.998856	0.999147	0.996197	0.998604
15480	-1557.626	-1625.067	67.44141	1	0.995216	0.993214	0.994916	0.996131	0.997918	0.998856	0.999147	0.996197	0.998604
15490	-1557.693	-1625.134	67.44141	1	0.995216	0.993214	0.994916	0.996131	0.997918	0.998856	0.999147	0.996197	0.998604
15500	-1557.67	-1625.111	67.44141	1	0.995216	0.993214	0.994916	0.996131	0.997918	0.998856	0.999147	0.996197	0.998604
15510	-1557.626	-1625.067	67.44141	1	0.995216	0.993214	0.994916	0.996131	0.997918	0.998856	0.999147	0.996197	0.998604
15520	-1557.678	-1625.12	67.44141	1	0.995216	0.993214	0.994916	0.996131	0.997918	0.998856	0.999147	0.996197	0.998604
15530	-1558.331	-1625.773	67.44141	1	0.995216	0.993214	0.994916	0.996131	0.997918	0.998856	0.999147	0.996197	0.998604
15540	-1558.945	-1626.386	67.44141	1	0.995216	0.993214	0.994916	0.996131	0.997918	0.998856	0.999147	0.996197	0.998604
15550	-1557.936	-1625.378	67.44141	1	0.995216	0.993214	0.994916	0.996131	0.997918	0.998856	0.999147	0.996197	0.998604
15560	-1558.046	-1625.488	67.44141	1	0.995216	0.993214	0.994916	0.996131	0.997918	0.998856	0.999147	0.996197	0.998604
15570	-1557.744	-1625.186	67.44141	1	0.995216	0.993214	0.994916	0.996131	0.997918	0.998856	0.999147	0.996197	0.998604
15580	-1557.635	-1625.077	67.44141	1	0.995216	0.993214	0.994916	0.996131	0.997918	0.998856	0.999147	0.996197	0.998604
15590	-1557.626	-1625.067	67.44141	1	0.995216	0.993214	0.994916	0.996131	0.997918	0.998856	0.999147	0.996197	0.998604
15600	-1557.725	-1625.167	67.44141	1	0.995216	0.993214	0.994916	0.996131	0.997918	0.998856	0.999147	0.996197	0.998604
15610	-1558.976	-1626.417	67.44141	1	0.995216	0.993214	0.994916	0.996131	0.997918	0.998856	0.999147	0.996197	0.998604
15620	-1557.661	-1625.103	67.44141	1	0.995216	0.993214	0.994916	0.996131	0.997918	0.998856	0.999147	0.996197	0.998604
15630	-1557.756	-1625.197	67.44141	1	0.995216	0.993214	0.994916	0.996131	0.997918	0.998856	0.999147	0.996197	0.998604
15640	-1557.839	-1625.281	67.44141	1	0.995216	0.993214	0.994916	0.996131	0.997918	0.998856	0.999147	0.996197	0.998604
15650	-1558.573	-1626.015	67.44141	1	0.995216	0.993214	0.994916	0.996131	0.997918	0.998856	0.999147	0.996197	0.998604
15660	-1558.99	-1626.432	67.44141	1	0.995216	0.993214	0.994916	0.996131	0.997918	0.998856	0.999147	0.996197	0.998604
15670	-1557.932	-1625.373	67.44141	1	0.995216	0.993214	0.994916	0.996131	0.997918	0.998856	0.999147	0.996197	0.998604
15680	-1557.636	-1625.078	67.44141	1	0.995216	0.993214	0.994916	0.996131	0.997918	0.998856	0.999147	0.996197	0.998604
15690	-1557.653	-1625.094	67.44141	1	0.995216	0.993214	0.994916	0.996131	0.997918	0.998856	0.999147	0.996197	0.998604
15700	-1558.541	-1625.983	67.44141	1	0.995216	0.993214	0.994916	0.996131	0.997918	0.998856	0.999147	0.996197	0.998604
15710	-1558.903	-1626.344	67.44141	1	0.995216	0.993214	0.994916	0.996131	0.997918	0.998856	0.999147	0.996197	0.998604
15720	-1558.865	-1626.306	67.44141	1	0.995216	0.993214	0.994916	0.996131	0.997918	0.998856	0.999147	0.996197	0.998604
15730	-1557.684	-1625.125	67.44141	1	0.995216	0.993214	0.994916	0.996131	0.997918	0.998856	0.999147	0.996197	0.998604
15740	-1557.735	-1625.176	67.44141	1	0.995216	0.993214	0.994916	0.996131	0.997918	0.998856	0.999147	0.996197	0.998604
15750	-1557.642	-1625.084	67.44141	1	0.995216	0.993214	0.994916	0.996131	0.997918	0.998856	0.999147	0.996197	0.998604
15760	-1557.637	-1625.079	67.44141	1	0.995216	0.993214	0.994916	0.996131	0.997918	0.998856	0.999147	0.996197	0.998604
15770	-1559.638	-1627.079	67.44141	1	0.995216	0.993214	0.994916	0.996131	0.997918	0.998856	0.999147	0.996197	0.998604
15780	-1558.034	-1625.476	67.44141	1	0.995216	0.993214	0.994916	0.996131	0.997918	0.998856	0.999147	0.996197	0.998604
15790	-1557.634	-1625.076	67.44141	1	0.995216	0.993214	0.994916	0.996131	0.997918	0.998856	0.999147	0.996197	0.998604
15800	-1557.771	-1625.212	67.44141	1	0.995216	0.993214	0.994916	0.996131	0.997918	0.998856	0.999147	0.996197	0.998604
15810	-1558.479	-1625.92	67.44141	1	0.995216	0.993214	0.994916	0.996131	0.997918	0.998856	0.999147	0.996197	0.998604
15820	-1559.919	-1627.361	67.44141	1	0.995216	0.993214	0.994916	0.996131	0.997918	0.998856	0.999147	0.996197	0.998604
15830	-1558.117	-1625.558	67.44141	1	0.995216	0.993214	0.994916	0.996131	0.997918	0.998856	0.999147	0.996197	0.998604
15840	-1557.91	-1625.351	67.44141	1	0.995216	0.993214	0.994916	0.996131	0.997918	0.998856	0.999147	0.996197	0.998604
15850	-1559.11	-1626.552	67.44141	1	0.995216	0.993214	0.994916	0.996131	0.997918	0.998856	0.999147	0.996197	0.998604
15860	-1557.627	-1625.068	67.44141	1	0.995216	0.993214	0.994916	0.996131	0.997918	0.998856	0.999147	0.996197	0.998604
15870	-1557.773	-1625.215	67.44141	1	0.995216	0.993214	0.994916	0.996131	0.997918	0.998856	0.999147	0.996197	0.998604
15880	-1557.626	-1625.067	67.44141	1	0.995216	0.993214	0.994916	0.996131	0.997918	0.998856	0.999147	0.996197	0.998604
15890	-1559.316	-1626.757	67.44141	1	0.995216	0.993214	0.994916	0.996131	0.997918	0.998856	0.999147	0.996197	0.998604
15900	-1557.667	-1625.108	67.44141	1	0.995216	0.993214	0.994916	0.996131	0.997918	0.998856	0.999147	0.996197	0.998604
15910	-1557.784	-1625.225	67.44141	1	0.995216	0.993214	0.994916	0.996131	0.997918	0.998856	0.999147	0.996197	0.998604
15920	-1558.256	-1625.697	67.44141	1	0.995216	0.993214	0.994916	0.996131	0.997918	0.998856	0.999147	0.996197	0.998604
15930	-1558.288	-1625.73	67.44141	1	0.995216	0.993214	0.994916	0.996131	0.997918	0.998856	0.999147	0.996197	0.998604
15940	-1558.952	-1626.393	67.44141	1	0.995216	0.993214	0.994916	0.996131	0.997918	0.998856	0.999147	0.996197	0.998604
15950	-1562.007	-1629.449	67.44141	1	0.995216	0.993214	0.994916	0.996131	0.997918	0.998856	0.999147	0.996197	0.998604
15960	-1557.804	-1625.245	67.44141	1	0.995216	0.993214	0.994916	0.996131	0.997918	0.998856	0.999147	0.996197	0.998604
15970	-1557.994	-1625.436	67.44141	1	0.995216	0.993214	0.994916	0.996131	0.997918	0.998856	0.999147	0.996197	0.998604
15980	-1558.384	-1625.826	67.44141	1	0.995216	0.993214	0.994916	0.996131	0.997918	0.998856	0.999147	0.996197	0.998604
15990	-1558.449	-1625.89	67.44141	1	0.995216	0.993214	0.994916	0.996131	0.997918	0.998856	0.999147	0.996197	0.998604
16000	-1557.65	-1625.092	67.44141	1	0.995216	0.993214	0.994916	0.996131	0.997918	0.998856	0.999147	0.996197	0.998604
16010	-1557.661	-1625.103	67.44141	1	0.995216	0.993214	0.994916	0.996131	0.997918	0.998856	0.999147	0.996197	0.998604
16020	-1557.83	-1625.271	67.44141	1	0.995216	0.993214	0.994916	0.996131	0.997918	0.998856	0.999147	0.996197	0.998604
16030	-1557.687	-1625.128	67.44141	1	0.995216	0.993214	0.994916	0.996131	0.997918	0.998856	0.999147	0.996197	0.998604
16040	-1557.81	-1625.251	67.44141	1	0.995216	0.993214	0.994916	0.996131	0.997918	0.998856	0.999147	0.996197	0.998604
16050	-1558.464	-1625.905	67.44141	1	0.995216	0.993214	0.994916	0.996131	0.997918	0.998856	0.999147	0.996197	0.998604
16060	-1558.012	-1625.453	67.44141	1	0.995216	0.993214	0.994916	0.996131	0.997918	0.998856	0.999147	0.996197	0.998604
16070	-1557.631	-1625.073	67.44141	1	0.995216	0.993214	0.994916	0.996131	0.997918	0.998856	0.999147	0.996197	0.998604
16080	-1557.626	-1625.067	67.44141	1	0.995216	0.993214	0.994916	0.996131	0.997918	0.998856	0.999147	0.996197	0.998604
16090	-1558.4	-1625.842	67.44141	1	0.995216	0.993214	0.994916	0.996131	0.997918	0.998856	0.999147	0.996197	0.998604
16100	-1558.119	-1625.56	67.44141	1	0.995216	0.993214	0.994916	0.996131	0.997918	0.998856	0.999147	0.996197	0.998604
16110	-1558.066	-1625.508	67.44141	1	0.995216	0.993214	0.994916	0.996131	0.997918	0.998856	0.999147	0.996197	0.998604
16120	-1557.677	-1625.119	67.44141	1	0.995216	0.993214	0.994916	0.996131	0.997918	0.998856	0.999147	0.996197	0.998604
16130	-1558.071	-1625.513	67.44141	1	0.995216	0.993214	0.994916	0.996131	0.997918	0.998856	0.999147	0.996197	0.998604
16140	-1557.899	-1625.341	67.44141	1	0.995216	0.993214	0.994916	0.996131	0.997918	0.998856	0.999147	0.996197	0.998604
16150	-1557.628	-1625.069	67.44141	1	0.995216	0.993214	0.994916	0.996131	0.997918	0.998856	0.999147	0.996197	0.998604
16160	-1558.301	-1625.742	67.44141	1	0.995216	0.993214	0.994916	0.996131	0.997918	0.998856	0.999147	0.996197	0.998604
16170	-1557.633	-1625.074	67.44141	1	0.995216	0.993214	0.994916	0.996131	0.997918	0.998856	0.999147	0.996197	0.998604
16180	-1559.573	-1627.015	67.44141	1	0.995216	0.993214	0.994916	0.996131	0.997918	0.998856	0.999147	0.996197	0.998604
16190	-1557.884	-1625.325	67.44141	1	0.995216	0.993214	0.994916	0.996131	0.997918	0.998856	0.999147	0.996197	0.998604
16200	-1558.811	-1626.252	67.44141	1	0.995216	0.993214	0.994916	0.996131	0.997918	0.998856	0.999147	0.996197	0.998604
16210	-1557.887	-1625.328	67.44141	1	0.995216	0.993214	0.994916	0.996131	0.997918	0.998856	0.999147	0.996197	0.998604
16220	-1558.012	-1625.453	67.44141	1	0.995216	0.993214	0.994916	0.996131	0.997918	0.998856	0.999147	0.996197	0.998604
16230	-1558.055	-1625.496	67.44141	1	0.995216	0.993214	0.994916	0.996131	0.997918	0.998856	0.999147	0.996197	0.998604
16240	-1558.323	-1625.764	67.44141	1	0.995216	0.993214	0.994916	0.996131	0.997918	0.998856	0.999147	0.996197	0.998604
16250	-1558.634	-1626.076	67.44141	1	0.995216	0.993214	0.994916	0.996131	0.997918	0.998856	0.999147	0.996197	0.998604
16260	-1557.679	-1625.121	67.44141	1	0.995216	0.993214	0.994916	0.996131	0.997918	0.998856	0.999147	0.996197	0.998604
16270	-1557.784	-1625.226	67.44141	1	0.995216	0.993214	0.994916	0.996131	0.997918	0.998856	0.999147	0.996197	0.998604
16280	-1557.803	-1625.244	67.44141	1	0.995216	0.993214	0.994916	0.996131	0.997918	0.998856	0.999147	0.996197	0.998604
16290	-1557.732	-1625.174	67.44141	1	0.995216	0.993214	0.994916	0.996131	0.997918	0.998856	0.999147	0.996197	0.998604
16300	-1557.674	-1625.115	67.44141	1	0.995216	0.993214	0.994916	0.996131	0.997918	0.998856	0.999147	0.996197	0.998604
16310	-1558.739	-1626.18	67.44141	1	0.995216	0.993214	0.994916	0.996131	0.997918	0.998856	0.999147	0.996197	0.998604
16320	-1557.979	-1625.42	67.44141	1	0.995216	0.993214	0.994916	0.996131	0.997918	0.998856	0.999147	0.996197	0.998604
16330	-1557.892	-1625.334	67.44141	1	0.995216	0.993214	0.994916	0.996131	0.997918	0.998856	0.999147	0.996197	0.998604
16340	-1557.673	-1625.114	67.44141	1	0.995216	0.993214	0.994916	0.996131	0.997918	0.998856	0.999147	0.996197	0.998604
16350	-1557.878	-1625.319	67.44141	1	0.995216	0.993214	0.994916	0.996131	0.997918	0.998856	0.999147	0.996197	0.998604
16360	-1557.917	-1625.358	67.44141	1	0.995216	0.993214	0.994916	0.996131	0.997918	0.998856	0.999147	0.996197	0.998604
16370	-1557.725	-1625.166	67.44141	1	0.995216	0.993214	0.994916	0.996131	0.997918	0.998856	0.999147	0.996197	0.998604
16380	-1558.006	-1625.447	67.44141	1	0.995216	0.993214	0.994916	0.996131	0.997918	0.998856	0.999147	0.996197	0.998604
16390	-1558.15	-1625.592	67.44141	1	0.995216	0.993214	0.994916	0.996131	0.997918	0.998856	0.999147	0.996197	0.998604
16400	-1557.703	-1625.144	67.44141	1	0.995216	0.993214	0.994916	0.996131	0.997918	0.998856	0.999147	0.996197	0.998604
16410	-1558.063	-1625.505	67.44141	1	0.995216	0.993214	0.994916	0.996131	0.997918	0.998856	0.999147	0.996197	0.998604
16420	-1558.552	-1625.993	67.44141	1	0.995216	0.993214	0.994916	0.996131	0.997918	0.998856	0.999147	0.996197	0.998604
16430	-1558.501	-1625.943	67.44141	1	0.995216	0.993214	0.994916	0.996131	0.997918	0.998856	0.999147	0.996197	0.998604
16440	-1557.626	-1625.068	67.44141	1	0.995216	0.993214	0.994916	0.996131	0.997918	0.998856	0.999147	0.996197	0.998604
16450	-1557.848	-1625.29	67.44141	1	0.995216	0.993214	0.994916	0.996131	0.997918	0.998856	0.999147	0.996197	0.998604
16460	-1558.475	-1625.916	67.44141	1	0.995216	0.993214	0.994916	0.996131	0.997918	0.998856	0.999147	0.996197	0.998604
16470	-1557.632	-1625.073	67.44141	1	0.995216	0.993214	0.994916	0.996131	0.997918	0.998856	0.999147	0.996197	0.998604
16480	-1557.88	-1625.321	67.44141	1	0.995216	0.993214	0.994916	0.996131	0.997918	0.998856	0.999147	0.996197	0.998604
16490	-1557.637	-1625.079	67.44141	1	0.995216	0.993214	0.994916	0.996131	0.997918	0.998856	0.999147	0.996197	0.998604
16500	-1560.323	-1627.764	67.44141	1	0.995216	0.993214	0.994916	0.996131	0.997918	0.998856	0.999147	0.996197	0.998604
16510	-1557.85	-1625.291	67.44141	1	0.995216	0.993214	0.994916	0.996131	0.997918	0.998856	0.999147	0.996197	0.998604
16520	-1557.643	-1625.084	67.44141	1	0.995216	0.993214	0.994916	0.996131	0.997918	0.998856	0.999147	0.996197	0.998604
16530	-1557.722	-1625.163	67.44141	1	0.995216	0.993214	0.994916	0.996131	0.997918	0.998856	0.999147	0.996197	0.998604
16540	-1557.89	-1625.332	67.44141	1	0.995216	0.993214	0.994916	0.996131	0.997918	0.998856	0.999147	0.996197	0.998604
16550	-1557.68	-1625.121	67.44141	1	0.995216	0.993214	0.994916	0.996131	0.997918	0.998856	0.999147	0.996197	0.998604
16560	-1558.373	-1625.815	67.44141	1	0.995216	0.993214	0.994916	0.996131	0.997918	0.998856	0.999147	0.996197	0.998604
16570	-1557.659	-1625.1	67.44141	1	0.995216	0.993214	0.994916	0.996131	0.997918	0.998856	0.999147	0.996197	0.998604
16580	-1557.766	-1625.207	67.44141	1	0.995216	0.993214	0.994916	0.996131	0.997918	0.998856	0.999147	0.996197	0.998604
16590	-1557.791	-1625.232	67.44141	1	0.995216	0.993214	0.994916	0.996131	0.997918	0.998856	0.999147	0.996197	0.998604
16600	-1557.677	-1625.119	67.44141	1	0.995216	0.993214	0.994916	0.996131	0.997918	0.998856	0.999147	0.996197	0.998604
16610	-1557.638	-1625.079	67.44141	1	0.995216	0.993214	0.994916	0.996131	0.997918	0.998856	0.999147	0.996197	0.998604
16620	-1557.878	-1625.319	67.44141	1	0.995216	0.993214	0.994916	0.996131	0.997918	0.998856	0.999147	0.996197	0.998604
16630	-1557.984	-1625.426	67.44141	1	0.995216	0.993214	0.994916	0.996131	0.997918	0.998856	0.999147	0.996197	0.998604
16640	-1558.291	-1625.732	67.44141	1	0.995216	0.993214	0.994916	0.996131	0.997918	0.998856	0.999147	0.996197	0.998604
16650	-1557.701	-1625.142	67.44141	1	0.995216	0.993214	0.994916	0.996131	0.997918	0.998856	0.999147	0.996197	0.998604
16660	-1557.68	-1625.121	67.44141	1	0.995216	0.993214	0.994916	0.996131	0.997918	0.998856	0.999147	0.996197	0.998604
16670	-1557.693	-1625.135	67.44141	1	0.995216	0.993214	0.994916	0.996131	0.997918	0.998856	0.999147	0.996197	0.998604
16680	-1557.924	-1625.365	67.44141	1	0.995216	0.993214	0.994916	0.996131	0.997918	0.998856	0.999147	0.996197	0.998604
16690	-1557.721	-1625.163	67.44141	1	0.995216	0.993214	0.994916	0.996131	0.997918	0.998856	0.999147	0.996197	0.998604
16700	-1557.681	-1625.122	67.44141	1	0.995216	0.993214	0.994916	0.996131	0.997918	0.998856	0.999147	0.996197	0.998604
16710	-1557.677	-1625.119	67.44141	1	0.995216	0.993214	0.994916	0.996131	0.997918	0.998856	0.999147	0.996197	0.998604
16720	-1558.086	-1625.528	67.44141	1	0.995216	0.993214	0.994916	0.996131	0.997918	0.998856	0.999147	0.996197	0.998604
16730	-1557.629	-1625.07	67.44141	1	0.995216	0.993214	0.994916	0.996131	0.997918	0.998856	0.999147	0.996197	0.998604
16740	-1557.705	-1625.146	67.44141	1	0.995216	0.993214	0.994916	0.996131	0.997918	0.998856	0.999147	0.996197	0.998604
16750	-1557.626	-1625.067	67.44141	1	0.995216	0.993214	0.994916	0.996131	0.997918	0.998856	0.999147	0.996197	0.998604
16760	-1558.207	-1625.649	67.44141	1	0.995216	0.993214	0.994916	0.996131	0.997918	0.998856	0.999147	0.996197	0.998604
16770	-1557.714	-1625.156	67.44141	1	0.995216	0.993214	0.994916	0.996131	0.997918	0.998856	0.999147	0.996197	0.998604
16780	-1557.904	-1625.345	67.44141	1	0.995216	0.993214	0.994916	0.996131	0.997918	0.998856	0.999147	0.996197	0.998604
16790	-1558.498	-1625.939	67.44141	1	0.995216	0.993214	0.994916	0.996131	0.997918	0.998856	0.999147	0.996197	0.998604
16800	-1557.784	-1625.226	67.44141	1	0.995216	0.993214	0.994916	0.996131	0.997918	0.998856	0.999147	0.996197	0.998604
16810	-1557.824	-1625.265	67.44141	1	0.995216	0.993214	0.994916	0.996131	0.997918	0.998856	0.999147	0.996197	0.998604
16820	-1557.65	-1625.092	67.44141	1	0.995216	0.993214	0.994916	0.996131	0.997918	0.998856	0.999147	0.996197	0.998604
16830	-1559.361	-1626.803	67.44141	1	0.995216	0.993214	0.994916	0.996131	0.997918	0.998856	0.999147	0.996197	0.998604
16840	-1557.926	-1625.368	67.44141	1	0.995216	0.993214	0.994916	0.996131	0.997918	0.998856	0.999147	0.996197	0.998604
16850	-1558.432	-1625.873	67.44141	1	0.995216	0.993214	0.994916	0.996131	0.997918	0.998856	0.999147	0.996197	0.998604
16860	-1557.775	-1625.216	67.44141	1	0.995216	0.993214	0.994916	0.996131	0.997918	0.998856	0.999147	0.996197	0.998604
16870	-1558.025	-1625.467	67.44141	1	0.995216	0.993214	0.994916	0.996131	0.997918	0.998856	0.999147	0.996197	0.998604
16880	-1557.796	-1625.238	67.44141	1	0.995216	0.993214	0.994916	0.996131	0.997918	0.998856	0.999147	0.996197	0.998604
16890	-1558.137	-1625.578	67.44141	1	0.995216	0.993214	0.994916	0.996131	0.997918	0.998856	0.999147	0.996197	0.998604
16900	-1557.634	-1625.076	67.44141	1	0.995216	0.993214	0.994916	0.996131	0.997918	0.998856	0.999147	0.996197	0.998604
16910	-1557.635	-1625.076	67.44141	1	0.995216	0.993214	0.994916	0.996131	0.997918	0.998856	0.999147	0.996197	0.998604
16920	-1557.705	-1625.147	67.44141	1	0.995216	0.993214	0.994916	0.996131	0.997918	0.998856	0.999147	0.996197	0.998604
16930	-1558.259	-1625.7	67.44141	1	0.995216	0.993214	0.994916	0.996131	0.997918	0.998856	0.999147	0.996197	0.998604
16940	-1557.727	-1625.168	67.44141	1	0.995216	0.993214	0.994916	0.996131	0.997918	0.998856	0.999147	0.996197	0.998604
16950	-1557.872	-1625.313	67.44141	1	0.995216	0.993214	0.994916	0.996131	0.997918	0.998856	0.999147	0.996197	0.998604
16960	-1558.013	-1625.454	67.44141	1	0.995216	0.993214	0.994916	0.996131	0.997918	0.998856	0.999147	0.996197	0.998604
16970	-1557.636	-1625.077	67.44141	1	0.995216	0.993214	0.994916	0.996131	0.997918	0.998856	0.999147	0.996197	0.998604
16980	-1557.627	-1625.068	67.44141	1	0.995216	0.993214	0.994916	0.996131	0.997918	0.998856	0.999147	0.996197	0.998604
16990	-1558.305	-1625.747	67.44141	1	0.995216	0.993214	0.994916	0.996131	0.997918	0.998856	0.999147	0.996197	0.998604
17000	-1557.635	-1625.077	67.44141	1	0.995216	0.993214	0.994916	0.996131	0.997918	0.998856	0.999147	0.996197	0.998604
17010	-1558.106	-1625.548	67.44141	1	0.995216	0.993214	0.994916	0.996131	0.997918	0.998856	0.999147	0.996197	0.998604
17020	-1558.672	-1626.114	67.44141	1	0.995216	0.993214	0.994916	0.996131	0.997918	0.998856	0.999147	0.996197	0.998604
17030	-1557.769	-1625.211	67.44141	1	0.995216	0.993214	0.994916	0.996131	0.997918	0.998856	0.999147	0.996197	0.998604
17040	-1557.725	-1625.167	67.44141	1	0.995216	0.993214	0.994916	0.996131	0.997918	0.998856	0.999147	0.996197	0.998604
17050	-1557.732	-1625.174	67.44141	1	0.995216	0.993214	0.994916	0.996131	0.997918	0.998856	0.999147	0.996197	0.998604
17060	-1558.001	-1625.442	67.44141	1	0.995216	0.993214	0.994916	0.996131	0.997918	0.998856	0.999147	0.996197	0.998604
17070	-1558.082	-1625.523	67.44141	1	0.995216	0.993214	0.994916	0.996131	0.997918	0.998856	0.999147	0.996197	0.998604
17080	-1557.858	-1625.299	67.44141	1	0.995216	0.993214	0.994916	0.996131	0.997918	0.998856	0.999147	0.996197	0.998604
17090	-1558.979	-1626.421	67.44141	1	0.995216	0.993214	0.994916	0.996131	0.997918	0.998856	0.999147	0.996197	0.998604
17100	-1558.663	-1626.104	67.44141	1	0.995216	0.993214	0.994916	0.996131	0.997918	0.998856	0.999147	0.996197	0.998604
17110	-1558.243	-1625.684	67.44141	1	0.995216	0.993214	0.994916	0.996131	0.997918	0.998856	0.999147	0.996197	0.998604
17120	-1557.688	-1625.13	67.44141	1	0.995216	0.993214	0.994916	0.996131	0.997918	0.998856	0.999147	0.996197	0.998604
17130	-1557.68	-1625.122	67.44141	1	0.995216	0.993214	0.994916	0.996131	0.997918	0.998856	0.999147	0.996197	0.998604
17140	-1557.643	-1625.085	67.44141	1	0.995216	0.993214	0.994916	0.996131	0.997918	0.998856	0.999147	0.996197	0.998604
17150	-1560.528	-1627.969	67.44141	1	0.995216	0.993214	0.994916	0.996131	0.997918	0.998856	0.999147	0.996197	0.998604
17160	-1557.773	-1625.215	67.44141	1	0.995216	0.993214	0.994916	0.996131	0.997918	0.998856	0.999147	0.996197	0.998604
17170	-1557.638	-1625.079	67.44141	1	0.995216	0.993214	0.994916	0.996131	0.997918	0.998856	0.999147	0.996197	0.998604
17180	-1557.824	-1625.265	67.44141	1	0.995216	0.993214	0.994916	0.996131	0.997918	0.998856	0.999147	0.996197	0.998604
17190	-1558.058	-1625.499	67.44141	1	0.995216	0.993214	0.994916	0.996131	0.997918	0.998856	0.999147	0.996197	0.998604
17200	-1557.893	-1625.334	67.44141	1	0.995216	0.993214	0.994916	0.996131	0.997918	0.998856	0.999147	0.996197	0.998604
17210	-1557.7	-1625.142	67.44141	1	0.995216	0.993214	0.994916	0.996131	0.997918	0.998856	0.999147	0.996197	0.998604
17220	-1558.593	-1626.034	67.44141	1	0.995216	0.993214	0.994916	0.996131	0.997918	0.998856	0.999147	0.996197	0.998604
17230	-1557.626	-1625.067	67.44141	1	0.995216	0.993214	0.994916	0.996131	0.997918	0.998856	0.999147	0.996197	0.998604
17240	-1557.888	-1625.33	67.44141	1	0.995216	0.993214	0.994916	0.996131	0.997918	0.998856	0.999147	0.996197	0.998604
17250	-1557.79	-1625.232	67.44141	1	0.995216	0.993214	0.994916	0.996131	0.997918	0.998856	0.999147	0.996197	0.998604
17260	-1557.805	-1625.246	67.44141	1	0.995216	0.993214	0.994916	0.996131	0.997918	0.998856	0.999147	0.996197	0.998604
17270	-1557.708	-1625.15	67.44141	1	0.995216	0.993214	0.994916	0.996131	0.997918	0.998856	0.999147	0.996197	0.998604
17280	-1557.679	-1625.121	67.44141	1	0.995216	0.993214	0.994916	0.996131	0.997918	0.998856	0.999147	0.996197	0.998604
17290	-1557.653	-1625.094	67.44141	1	0.995216	0.993214	0.994916	0.996131	0.997918	0.998856	0.999147	0.996197	0.998604
17300	-1558.081	-1625.522	67.44141	1	0.995216	0.993214	0.994916	0.996131	0.997918	0.998856	0.999147	0.996197	0.998604
17310	-1559.102	-1626.544	67.44141	1	0.995216	0.993214	0.994916	0.996131	0.997918	0.998856	0.999147	0.996197	0.998604
17320	-1557.645	-1625.086	67.44141	1	0.995216	0.993214	0.994916	0.996131	0.997918	0.998856	0.999147	0.996197	0.998604
17330	-1558.577	-1626.019	67.44141	1	0.995216	0.993214	0.994916	0.996131	0.997918	0.998856	0.999147	0.996197	0.998604
17340	-1557.653	-1625.094	67.44141	1	0.995216	0.993214	0.994916	0.996131	0.997918	0.998856	0.999147	0.996197	0.998604
17350	-1558.089	-1625.53	67.44141	1	0.995216	0.993214	0.994916	0.996131	0.997918	0.998856	0.999147	0.996197	0.998604
17360	-1557.933	-1625.374	67.44141	1	0.995216	0.993214	0.994916	0.996131	0.997918	0.998856	0.999147	0.996197	0.998604
17370	-1557.924	-1625.365	67.44141	1	0.995216	0.993214	0.994916	0.996131	0.997918	0.998856	0.999147	0.996197	0.998604
17380	-1558.469	-1625.91	67.44141	1	0.995216	0.993214	0.994916	0.996131	0.997918	0.998856	0.999147	0.996197	0.998604
17390	-1557.867	-1625.308	67.44141	1	0.995216	0.993214	0.994916	0.996131	0.997918	0.998856	0.999147	0.996197	0.998604
17400	-1557.76	-1625.202	67.44141	1	0.995216	0.993214	0.994916	0.996131	0.997918	0.998856	0.999147	0.996197	0.998604
17410	-1557.682	-1625.124	67.44141	1	0.995216	0.993214	0.994916	0.996131	0.997918	0.998856	0.999147	0.996197	0.998604
17420	-1558.616	-1626.058	67.44141	1	0.995216	0.993214	0.994916	0.996131	0.997918	0.998856	0.999147	0.996197	0.998604
17430	-1557.653	-1625.094	67.44141	1	0.995216	0.993214	0.994916	0.996131	0.997918	0.998856	0.999147	0.996197	0.998604
17440	-1558.206	-1625.647	67.44141	1	0.995216	0.993214	0.994916	0.996131	0.997918	0.998856	0.999147	0.996197	0.998604
17450	-1557.715	-1625.156	67.44141	1	0.995216	0.993214	0.994916	0.996131	0.997918	0.998856	0.999147	0.996197	0.998604
17460	-1558.103	-1625.544	67.44141	1	0.995216	0.993214	0.994916	0.996131	0.997918	0.998856	0.999147	0.996197	0.998604
17470	-1557.708	-1625.15	67.44141	1	0.995216	0.993214	0.994916	0.996131	0.997918	0.998856	0.999147	0.996197	0.998604
17480	-1557.636	-1625.078	67.44141	1	0.995216	0.993214	0.994916	0.996131	0.997918	0.998856	0.999147	0.996197	0.998604
17490	-1557.629	-1625.07	67.44141	1	0.995216	0.993214	0.994916	0.996131	0.997918	0.998856	0.999147	0.996197	0.998604
17500	-1557.641	-1625.082	67.44141	1	0.995216	0.993214	0.994916	0.996131	0.997918	0.998856	0.999147	0.996197	0.998604
17510	-1563.711	-1631.153	67.44141	1	0.995216	0.993214	0.994916	0.996131	0.997918	0.998856	0.999147	0.996197	0.998604
17520	-1558.697	-1626.138	67.44141	1	0.995216	0.993214	0.994916	0.996131	0.997918	0.998856	0.999147	0.996197	0.998604
17530	-1557.823	-1625.265	67.44141	1	0.995216	0.993214	0.994916	0.996131	0.997918	0.998856	0.999147	0.996197	0.998604
17540	-1558.483	-1625.924	67.44141	1	0.995216	0.993214	0.994916	0.996131	0.997918	0.998856	0.999147	0.996197	0.998604
17550	-1558.535	-1625.976	67.44141	1	0.995216	0.993214	0.994916	0.996131	0.997918	0.998856	0.999147	0.996197	0.998604
17560	-1557.94	-1625.382	67.44141	1	0.995216	0.993214	0.994916	0.996131	0.997918	0.998856	0.999147	0.996197	0.998604
17570	-1557.68	-1625.121	67.44141	1	0.995216	0.993214	0.994916	0.996131	0.997918	0.998856	0.999147	0.996197	0.998604
17580	-1558.684	-1626.125	67.44141	1	0.995216	0.993214	0.994916	0.996131	0.997918	0.998856	0.999147	0.996197	0.998604
17590	-1558.974	-1626.416	67.44141	1	0.995216	0.993214	0.994916	0.996131	0.997918	0.998856	0.999147	0.996197	0.998604
17600	-1557.638	-1625.08	67.44141	1	0.995216	0.993214	0.994916	0.996131	0.997918	0.998856	0.999147	0.996197	0.998604
17610	-1557.677	-1625.118	67.44141	1	0.995216	0.993214	0.994916	0.996131	0.997918	0.998856	0.999147	0.996197	0.998604
17620	-1558.432	-1625.874	67.44141	1	0.995216	0.993214	0.994916	0.996131	0.997918	0.998856	0.999147	0.996197	0.998604
17630	-1557.895	-1625.337	67.44141	1	0.995216	0.993214	0.994916	0.996131	0.997918	0.998856	0.999147	0.996197	0.998604
17640	-1557.658	-1625.1	67.44141	1	0.995216	0.993214	0.994916	0.996131	0.997918	0.998856	0.999147	0.996197	0.998604
17650	-1557.64	-1625.081	67.44141	1	0.995216	0.993214	0.994916	0.996131	0.997918	0.998856	0.999147	0.996197	0.998604
17660	-1560.619	-1628.06	67.44141	1	0.995216	0.993214	0.994916	0.996131	0.997918	0.998856	0.999147	0.996197	0.998604
17670	-1557.709	-1625.15	67.44141	1	0.995216	0.993214	0.994916	0.996131	0.997918	0.998856	0.999147	0.996197	0.998604
17680	-1558.064	-1625.505	67.44141	1	0.995216	0.993214	0.994916	0.996131	0.997918	0.998856	0.999147	0.996197	0.998604
17690	-1557.946	-1625.388	67.44141	1	0.995216	0.993214	0.994916	0.996131	0.997918	0.998856	0.999147	0.996197	0.998604
17700	-1558.065	-1625.507	67.44141	1	0.995216	0.993214	0.994916	0.996131	0.997918	0.998856	0.999147	0.996197	0.998604
17710	-1557.632	-1625.074	67.44141	1	0.995216	0.993214	0.994916	0.996131	0.997918	0.998856	0.999147	0.996197	0.998604
17720	-1557.648	-1625.089	67.44141	1	0.995216	0.993214	0.994916	0.996131	0.997918	0.998856	0.999147	0.996197	0.998604
17730	-1557.941	-1625.382	67.44141	1	0.995216	0.993214	0.994916	0.996131	0.997918	0.998856	0.999147	0.996197	0.998604
17740	-1557.802	-1625.244	67.44141	1	0.995216	0.993214	0.994916	0.996131	0.997918	0.998856	0.999147	0.996197	0.998604
17750	-1557.74	-1625.182	67.44141	1	0.995216	0.993214	0.994916	0.996131	0.997918	0.998856	0.999147	0.996197	0.998604
17760	-1557.682	-1625.123	67.44141	1	0.995216	0.993214	0.994916	0.996131	0.997918	0.998856	0.999147	0.996197	0.998604
17770	-1558.079	-1625.52	67.44141	1	0.995216	0.993214	0.994916	0.996131	0.997918	0.998856	0.999147	0.996197	0.998604
17780	-1557.932	-1625.373	67.44141	1	0.995216	0.993214	0.994916	0.996131	0.997918	0.998856	0.999147	0.996197	0.998604
17790	-1557.818	-1625.259	67.44141	1	0.995216	0.993214	0.994916	0.996131	0.997918	0.998856	0.999147	0.996197	0.998604
17800	-1557.941	-1625.383	67.44141	1	0.995216	0.993214	0.994916	0.996131	0.997918	0.998856	0.999147	0.996197	0.998604
17810	-1557.655	-1625.096	67.44141	1	0.995216	0.993214	0.994916	0.996131	0.997918	0.998856	0.999147	0.996197	0.998604
17820	-1558.264	-1625.705	67.44141	1	0.995216	0.993214	0.994916	0.996131	0.997918	0.998856	0.999147	0.996197	0.998604
17830	-1557.798	-1625.24	67.44141	1	0.995216	0.993214	0.994916	0.996131	0.997918	0.998856	0.999147	0.996197	0.998604
17840	-1558.392	-1625.833	67.44141	1	0.995216	0.993214	0.994916	0.996131	0.997918	0.998856	0.999147	0.996197	0.998604
17850	-1557.645	-1625.086	67.44141	1	0.995216	0.993214	0.994916	0.996131	0.997918	0.998856	0.999147	0.996197	0.998604
17860	-1557.752	-1625.194	67.44141	1	0.995216	0.993214	0.994916	0.996131	0.997918	0.998856	0.999147	0.996197	0.998604
17870	-1557.707	-1625.148	67.44141	1	0.995216	0.993214	0.994916	0.996131	0.997918	0.998856	0.999147	0.996197	0.998604
17880	-1558.002	-1625.443	67.44141	1	0.995216	0.993214	0.994916	0.996131	0.997918	0.998856	0.999147	0.996197	0.998604
17890	-1558.006	-1625.448	67.44141	1	0.995216	0.993214	0.994916	0.996131	0.997918	0.998856	0.999147	0.996197	0.998604
17900	-1557.86	-1625.301	67.44141	1	0.995216	0.993214	0.994916	0.996131	0.997918	0.998856	0.999147	0.996197	0.998604
17910	-1557.644	-1625.085	67.44141	1	0.995216	0.993214	0.994916	0.996131	0.997918	0.998856	0.999147	0.996197	0.998604
17920	-1557.8	-1625.242	67.44141	1	0.995216	0.993214	0.994916	0.996131	0.997918	0.998856	0.999147	0.996197	0.998604
17930	-1557.916	-1625.357	67.44141	1	0.995216	0.993214	0.994916	0.996131	0.997918	0.998856	0.999147	0.996197	0.998604
17940	-1557.639	-1625.08	67.44141	1	0.995216	0.993214	0.994916	0.996131	0.997918	0.998856	0.999147	0.996197	0.998604
17950	-1557.664	-1625.105	67.44141	1	0.995216	0.993214	0.994916	0.996131	0.997918	0.998856	0.999147	0.996197	0.998604
17960	-1557.659	-1625.1	67.44141	1	0.995216	0.993214	0.994916	0.996131	0.997918	0.998856	0.999147	0.996197	0.998604
17970	-1557.632	-1625.073	67.44141	1	0.995216	0.993214	0.994916	0.996131	0.997918	0.998856	0.999147	0.996197	0.998604
17980	-1558.91	-1626.351	67.44141	1	0.995216	0.993214	0.994916	0.996131	0.997918	0.998856	0.999147	0.996197	0.998604
17990	-1558.434	-1625.875	67.44141	1	0.995216	0.993214	0.994916	0.996131	0.997918	0.998856	0.999147	0.996197	0.998604
18000	-1557.72	-1625.162	67.44141	1	0.995216	0.993214	0.994916	0.996131	0.997918	0.998856	0.999147	0.996197	0.998604
18010	-1559.951	-1627.392	67.44141	1	0.995216	0.993214	0.994916	0.996131	0.997918	0.998856	0.999147	0.996197	0.998604
18020	-1557.665	-1625.107	67.44141	1	0.995216	0.993214	0.994916	0.996131	0.997918	0.998856	0.999147	0.996197	0.998604
18030	-1559.5	-1626.941	67.44141	1	0.995216	0.993214	0.994916	0.996131	0.997918	0.998856	0.999147	0.996197	0.998604
18040	-1557.742	-1625.184	67.44141	1	0.995216	0.993214	0.994916	0.996131	0.997918	0.998856	0.999147	0.996197	0.998604
18050	-1558.639	-1626.08	67.44141	1	0.995216	0.993214	0.994916	0.996131	0.997918	0.998856	0.999147	0.996197	0.998604
18060	-1557.676	-1625.118	67.44141	1	0.995216	0.993214	0.994916	0.996131	0.997918	0.998856	0.999147	0.996197	0.998604
18070	-1558.001	-1625.442	67.44141	1	0.995216	0.993214	0.994916	0.996131	0.997918	0.998856	0.999147	0.996197	0.998604
18080	-1557.67	-1625.112	67.44141	1	0.995216	0.993214	0.994916	0.996131	0.997918	0.998856	0.999147	0.996197	0.998604
18090	-1560.541	-1627.983	67.44141	1	0.995216	0.993214	0.994916	0.996131	0.997918	0.998856	0.999147	0.996197	0.998604
18100	-1557.639	-1625.08	67.44141	1	0.995216	0.993214	0.994916	0.996131	0.997918	0.998856	0.999147	0.996197	0.998604
18110	-1557.626	-1625.067	67.44141	1	0.995216	0.993214	0.994916	0.996131	0.997918	0.998856	0.999147	0.996197	0.998604
18120	-1557.676	-1625.117	67.44141	1	0.995216	0.993214	0.994916	0.996131	0.997918	0.998856	0.999147	0.996197	0.998604
18130	-1557.65	-1625.091	67.44141	1	0.995216	0.993214	0.994916	0.996131	0.997918	0.998856	0.999147	0.996197	0.998604
18140	-1557.91	-1625.351	67.44141	1	0.995216	0.993214	0.994916	0.996131	0.997918	0.998856	0.999147	0.996197	0.998604
18150	-1559.213	-1626.655	67.44141	1	0.995216	0.993214	0.994916	0.996131	0.997918	0.998856	0.999147	0.996197	0.998604
18160	-1559.915	-1627.356	67.44141	1	0.995216	0.993214	0.994916	0.996131	0.997918	0.998856	0.999147	0.996197	0.998604
18170	-1557.626	-1625.067	67.44141	1	0.995216	0.993214	0.994916	0.996131	0.997918	0.998856	0.999147	0.996197	0.998604
18180	-1559.988	-1627.429	67.44141	1	0.995216	0.993214	0.994916	0.996131	0.997918	0.998856	0.999147	0.996197	0.998604
18190	-1558.475	-1625.917	67.44141	1	0.995216	0.993214	0.994916	0.996131	0.997918	0.998856	0.999147	0.996197	0.998604
18200	-1557.664	-1625.106	67.44141	1	0.995216	0.993214	0.994916	0.996131	0.997918	0.998856	0.999147	0.996197	0.998604
18210	-1557.63	-1625.071	67.44141	1	0.995216	0.993214	0.994916	0.996131	0.997918	0.998856	0.999147	0.996197	0.998604
18220	-1559.183	-1626.624	67.44141	1	0.995216	0.993214	0.994916	0.996131	0.997918	0.998856	0.999147	0.996197	0.998604
18230	-1559.127	-1626.569	67.44141	1	0.995216	0.993214	0.994916	0.996131	0.997918	0.998856	0.999147	0.996197	0.998604
18240	-1557.63	-1625.071	67.44141	1	0.995216	0.993214	0.994916	0.996131	0.997918	0.998856	0.999147	0.996197	0.998604
18250	-1557.706	-1625.147	67.44141	1	0.995216	0.993214	0.994916	0.996131	0.997918	0.998856	0.999147	0.996197	0.998604
18260	-1557.979	-1625.421	67.44141	1	0.995216	0.993214	0.994916	0.996131	0.997918	0.998856	0.999147	0.996197	0.998604
18270	-1558.359	-1625.8	67.44141	1	0.995216	0.993214	0.994916	0.996131	0.997918	0.998856	0.999147	0.996197	0.998604
18280	-1557.72	-1625.161	67.44141	1	0.995216	0.993214	0.994916	0.996131	0.997918	0.998856	0.999147	0.996197	0.998604
18290	-1557.631	-1625.072	67.44141	1	0.995216	0.993214	0.994916	0.996131	0.997918	0.998856	0.999147	0.996197	0.998604
18300	-1557.697	-1625.138	67.44141	1	0.995216	0.993214	0.994916	0.996131	0.997918	0.998856	0.999147	0.996197	0.998604
18310	-1557.628	-1625.07	67.44141	1	0.995216	0.993214	0.994916	0.996131	0.997918	0.998856	0.999147	0.996197	0.998604
18320	-1557.638	-1625.08	67.44141	1	0.995216	0.993214	0.994916	0.996131	0.997918	0.998856	0.999147	0.996197	0.998604
18330	-1558.698	-1626.139	67.44141	1	0.995216	0.993214	0.994916	0.996131	0.997918	0.998856	0.999147	0.996197	0.998604
18340	-1557.687	-1625.128	67.44141	1	0.995216	0.993214	0.994916	0.996131	0.997918	0.998856	0.999147	0.996197	0.998604
18350	-1557.676	-1625.118	67.44141	1	0.995216	0.993214	0.994916	0.996131	0.997918	0.998856	0.999147	0.996197	0.998604
18360	-1557.684	-1625.126	67.44141	1	0.995216	0.993214	0.994916	0.996131	0.997918	0.998856	0.999147	0.996197	0.998604
18370	-1557.652	-1625.093	67.44141	1	0.995216	0.993214	0.994916	0.996131	0.997918	0.998856	0.999147	0.996197	0.998604
18380	-1557.628	-1625.069	67.44141	1	0.995216	0.993214	0.994916	0.996131	0.997918	0.998856	0.999147	0.996197	0.998604
18390	-1557.749	-1625.191	67.44141	1	0.995216	0.993214	0.994916	0.996131	0.997918	0.998856	0.999147	0.996197	0.998604
18400	-1557.761	-1625.202	67.44141	1	0.995216	0.993214	0.994916	0.996131	0.997918	0.998856	0.999147	0.996197	0.998604
18410	-1557.662	-1625.103	67.44141	1	0.995216	0.993214	0.994916	0.996131	0.997918	0.998856	0.999147	0.996197	0.998604
18420	-1557.734	-1625.175	67.44141	1	0.995216	0.993214	0.994916	0.996131	0.997918	0.998856	0.999147	0.996197	0.998604
18430	-1557.753	-1625.194	67.44141	1	0.995216	0.993214	0.994916	0.996131	0.997918	0.998856	0.999147	0.996197	0.998604
18440	-1558.283	-1625.724	67.44141	1	0.995216	0.993214	0.994916	0.996131	0.997918	0.998856	0.999147	0.996197	0.998604
18450	-1558.085	-1625.527	67.44141	1	0.995216	0.993214	0.994916	0.996131	0.997918	0.998856	0.999147	0.996197	0.998604
18460	-1557.879	-1625.32	67.44141	1	0.995216	0.993214	0.994916	0.996131	0.997918	0.998856	0.999147	0.996197	0.998604
18470	-1557.951	-1625.392	67.44141	1	0.995216	0.993214	0.994916	0.996131	0.997918	0.998856	0.999147	0.996197	0.998604
18480	-1557.985	-1625.426	67.44141	1	0.995216	0.993214	0.994916	0.996131	0.997918	0.998856	0.999147	0.996197	0.998604
18490	-1559.048	-1626.489	67.44141	1	0.995216	0.993214	0.994916	0.996131	0.997918	0.998856	0.999147	0.996197	0.998604
18500	-1557.641	-1625.082	67.44141	1	0.995216	0.993214	0.994916	0.996131	0.997918	0.998856	0.999147	0.996197	0.998604
18510	-1557.872	-1625.313	67.44141	1	0.995216	0.993214	0.994916	0.996131	0.997918	0.998856	0.999147	0.996197	0.998604
18520	-1557.705	-1625.146	67.44141	1	0.995216	0.993214	0.994916	0.996131	0.997918	0.998856	0.999147	0.996197	0.998604
18530	-1558.125	-1625.567	67.44141	1	0.995216	0.993214	0.994916	0.996131	0.997918	0.998856	0.999147	0.996197	0.998604
18540	-1559.441	-1626.883	67.44141	1	0.995216	0.993214	0.994916	0.996131	0.997918	0.998856	0.999147	0.996197	0.998604
18550	-1557.67	-1625.112	67.44141	1	0.995216	0.993214	0.994916	0.996131	0.997918	0.998856	0.999147	0.996197	0.998604
18560	-1557.66	-1625.102	67.44141	1	0.995216	0.993214	0.994916	0.996131	0.997918	0.998856	0.999147	0.996197	0.998604
18570	-1557.756	-1625.197	67.44141	1	0.995216	0.993214	0.994916	0.996131	0.997918	0.998856	0.999147	0.996197	0.998604
18580	-1557.928	-1625.37	67.44141	1	0.995216	0.993214	0.994916	0.996131	0.997918	0.998856	0.999147	0.996197	0.998604
18590	-1557.889	-1625.331	67.44141	1	0.995216	0.993214	0.994916	0.996131	0.997918	0.998856	0.999147	0.996197	0.998604
18600	-1557.677	-1625.119	67.44141	1	0.995216	0.993214	0.994916	0.996131	0.997918	0.998856	0.999147	0.996197	0.998604
18610	-1557.748	-1625.19	67.44141	1	0.995216	0.993214	0.994916	0.996131	0.997918	0.998856	0.999147	0.996197	0.998604
18620	-1557.768	-1625.21	67.44141	1	0.995216	0.993214	0.994916	0.996131	0.997918	0.998856	0.999147	0.996197	0.998604
18630	-1557.629	-1625.07	67.44141	1	0.995216	0.993214	0.994916	0.996131	0.997918	0.998856	0.999147	0.996197	0.998604
18640	-1558.913	-1626.355	67.44141	1	0.995216	0.993214	0.994916	0.996131	0.997918	0.998856	0.999147	0.996197	0.998604
18650	-1557.92	-1625.361	67.44141	1	0.995216	0.993214	0.994916	0.996131	0.997918	0.998856	0.999147	0.996197	0.998604
18660	-1557.758	-1625.199	67.44141	1	0.995216	0.993214	0.994916	0.996131	0.997918	0.998856	0.999147	0.996197	0.998604
18670	-1557.627	-1625.069	67.44141	1	0.995216	0.993214	0.994916	0.996131	0.997918	0.998856	0.999147	0.996197	0.998604
18680	-1557.769	-1625.21	67.44141	1	0.995216	0.993214	0.994916	0.996131	0.997918	0.998856	0.999147	0.996197	0.998604
18690	-1557.694	-1625.135	67.44141	1	0.995216	0.993214	0.994916	0.996131	0.997918	0.998856	0.999147	0.996197	0.998604
18700	-1557.65	-1625.091	67.44141	1	0.995216	0.993214	0.994916	0.996131	0.997918	0.998856	0.999147	0.996197	0.998604
18710	-1557.663	-1625.104	67.44141	1	0.995216	0.993214	0.994916	0.996131	0.997918	0.998856	0.999147	0.996197	0.998604
18720	-1557.632	-1625.073	67.44141	1	0.995216	0.993214	0.994916	0.996131	0.997918	0.998856	0.999147	0.996197	0.998604
18730	-1557.626	-1625.068	67.44141	1	0.995216	0.993214	0.994916	0.996131	0.997918	0.998856	0.999147	0.996197	0.998604
18740	-1557.674	-1625.115	67.44141	1	0.995216	0.993214	0.994916	0.996131	0.997918	0.998856	0.999147	0.996197	0.998604
18750	-1557.932	-1625.373	67.44141	1	0.995216	0.993214	0.994916	0.996131	0.997918	0.998856	0.999147	0.996197	0.998604
18760	-1557.627	-1625.069	67.44141	1	0.995216	0.993214	0.994916	0.996131	0.997918	0.998856	0.999147	0.996197	0.998604
18770	-1557.653	-1625.094	67.44141	1	0.995216	0.993214	0.994916	0.996131	0.997918	0.998856	0.999147	0.996197	0.998604
18780	-1557.755	-1625.196	67.44141	1	0.995216	0.993214	0.994916	0.996131	0.997918	0.998856	0.999147	0.996197	0.998604
18790	-1558.457	-1625.899	67.44141	1	0.995216	0.993214	0.994916	0.996131	0.997918	0.998856	0.999147	0.996197	0.998604
18800	-1557.638	-1625.079	67.44141	1	0.995216	0.993214	0.994916	0.996131	0.997918	0.998856	0.999147	0.996197	0.998604
18810	-1557.989	-1625.431	67.44141	1	0.995216	0.993214	0.994916	0.996131	0.997918	0.998856	0.999147	0.996197	0.998604
18820	-1557.7	-1625.142	67.44141	1	0.995216	0.993214	0.994916	0.996131	0.997918	0.998856	0.999147	0.996197	0.998604
18830	-1558.075	-1625.516	67.44141	1	0.995216	0.993214	0.994916	0.996131	0.997918	0.998856	0.999147	0.996197	0.998604
18840	-1558.59	-1626.031	67.44141	1	0.995216	0.993214	0.994916	0.996131	0.997918	0.998856	0.999147	0.996197	0.998604
18850	-1557.909	-1625.351	67.44141	1	0.995216	0.993214	0.994916	0.996131	0.997918	0.998856	0.999147	0.996197	0.998604
18860	-1557.643	-1625.084	67.44141	1	0.995216	0.993214	0.994916	0.996131	0.997918	0.998856	0.999147	0.996197	0.998604
18870	-1557.626	-1625.067	67.44141	1	0.995216	0.993214	0.994916	0.996131	0.997918	0.998856	0.999147	0.996197	0.998604
18880	-1557.629	-1625.07	67.44141	1	0.995216	0.993214	0.994916	0.996131	0.997918	0.998856	0.999147	0.996197	0.998604
18890	-1557.626	-1625.067	67.44141	1	0.995216	0.993214	0.994916	0.996131	0.997918	0.998856	0.999147	0.996197	0.998604
18900	-1557.965	-1625.406	67.44141	1	0.995216	0.993214	0.994916	0.996131	0.997918	0.998856	0.999147	0.996197	0.998604
18910	-1558.662	-1626.103	67.44141	1	0.995216	0.993214	0.994916	0.996131	0.997918	0.998856	0.999147	0.996197	0.998604
18920	-1557.647	-1625.088	67.44141	1	0.995216	0.993214	0.994916	0.996131	0.997918	0.998856	0.999147	0.996197	0.998604
18930	-1558.497	-1625.938	67.44141	1	0.995216	0.993214	0.994916	0.996131	0.997918	0.998856	0.999147	0.996197	0.998604
18940	-1557.66	-1625.101	67.44141	1	0.995216	0.993214	0.994916	0.996131	0.997918	0.998856	0.999147	0.996197	0.998604
18950	-1558.337	-1625.778	67.44141	1	0.995216	0.993214	0.994916	0.996131	0.997918	0.998856	0.999147	0.996197	0.998604
18960	-1558.026	-1625.467	67.44141	1	0.995216	0.993214	0.994916	0.996131	0.997918	0.998856	0.999147	0.996197	0.998604
18970	-1558.773	-1626.215	67.44141	1	0.995216	0.993214	0.994916	0.996131	0.997918	0.998856	0.999147	0.996197	0.998604
18980	-1557.626	-1625.067	67.44141	1	0.995216	0.993214	0.994916	0.996131	0.997918	0.998856	0.999147	0.996197	0.998604
18990	-1558.538	-1625.98	67.44141	1	0.995216	0.993214	0.994916	0.996131	0.997918	0.998856	0.999147	0.996197	0.998604
19000	-1557.82	-1625.262	67.44141	1	0.995216	0.993214	0.994916	0.996131	0.997918	0.998856	0.999147	0.996197	0.998604
19010	-1557.746	-1625.187	67.44141	1	0.995216	0.993214	0.994916	0.996131	0.997918	0.998856	0.999147	0.996197	0.998604
19020	-1557.684	-1625.125	67.44141	1	0.995216	0.993214	0.994916	0.996131	0.997918	0.998856	0.999147	0.996197	0.998604
19030	-1558.388	-1625.83	67.44141	1	0.995216	0.993214	0.994916	0.996131	0.997918	0.998856	0.999147	0.996197	0.998604
19040	-1558.157	-1625.598	67.44141	1	0.995216	0.993214	0.994916	0.996131	0.997918	0.998856	0.999147	0.996197	0.998604
19050	-1559.073	-1626.514	67.44141	1	0.995216	0.993214	0.994916	0.996131	0.997918	0.998856	0.999147	0.996197	0.998604
19060	-1557.626	-1625.067	67.44141	1	0.995216	0.993214	0.994916	0.996131	0.997918	0.998856	0.999147	0.996197	0.998604
19070	-1557.815	-1625.257	67.44141	1	0.995216	0.993214	0.994916	0.996131	0.997918	0.998856	0.999147	0.996197	0.998604
19080	-1557.737	-1625.179	67.44141	1	0.995216	0.993214	0.994916	0.996131	0.997918	0.998856	0.999147	0.996197	0.998604
19090	-1557.915	-1625.356	67.44141	1	0.995216	0.993214	0.994916	0.996131	0.997918	0.998856	0.999147	0.996197	0.998604
19100	-1559.863	-1627.304	67.44141	1	0.995216	0.993214	0.994916	0.996131	0.997918	0.998856	0.999147	0.996197	0.998604
19110	-1557.628	-1625.069	67.44141	1	0.995216	0.993214	0.994916	0.996131	0.997918	0.998856	0.999147	0.996197	0.998604
19120	-1557.789	-1625.23	67.44141	1	0.995216	0.993214	0.994916	0.996131	0.997918	0.998856	0.999147	0.996197	0.998604
19130	-1557.642	-1625.083	67.44141	1	0.995216	0.993214	0.994916	0.996131	0.997918	0.998856	0.999147	0.996197	0.998604
19140	-1558.462	-1625.903	67.44141	1	0.995216	0.993214	0.994916	0.996131	0.997918	0.998856	0.999147	0.996197	0.998604
19150	-1558.579	-1626.021	67.44141	1	0.995216	0.993214	0.994916	0.996131	0.997918	0.998856	0.999147	0.996197	0.998604
19160	-1557.64	-1625.081	67.44141	1	0.995216	0.993214	0.994916	0.996131	0.997918	0.998856	0.999147	0.996197	0.998604
19170	-1557.76	-1625.201	67.44141	1	0.995216	0.993214	0.994916	0.996131	0.997918	0.998856	0.999147	0.996197	0.998604
19180	-1558.753	-1626.194	67.44141	1	0.995216	0.993214	0.994916	0.996131	0.997918	0.998856	0.999147	0.996197	0.998604
19190	-1557.688	-1625.13	67.44141	1	0.995216	0.993214	0.994916	0.996131	0.997918	0.998856	0.999147	0.996197	0.998604
19200	-1557.738	-1625.179	67.44141	1	0.995216	0.993214	0.994916	0.996131	0.997918	0.998856	0.999147	0.996197	0.998604
19210	-1558.529	-1625.97	67.44141	1	0.995216	0.993214	0.994916	0.996131	0.997918	0.998856	0.999147	0.996197	0.998604
19220	-1557.646	-1625.087	67.44141	1	0.995216	0.993214	0.994916	0.996131	0.997918	0.998856	0.999147	0.996197	0.998604
19230	-1558.213	-1625.655	67.44141	1	0.995216	0.993214	0.994916	0.996131	0.997918	0.998856	0.999147	0.996197	0.998604
19240	-1558.079	-1625.52	67.44141	1	0.995216	0.993214	0.994916	0.996131	0.997918	0.998856	0.999147	0.996197	0.998604
19250	-1557.776	-1625.217	67.44141	1	0.995216	0.993214	0.994916	0.996131	0.997918	0.998856	0.999147	0.996197	0.998604
19260	-1557.762	-1625.203	67.44141	1	0.995216	0.993214	0.994916	0.996131	0.997918	0.998856	0.999147	0.996197	0.998604
19270	-1558.88	-1626.321	67.44141	1	0.995216	0.993214	0.994916	0.996131	0.997918	0.998856	0.999147	0.996197	0.998604
19280	-1557.628	-1625.069	67.44141	1	0.995216	0.993214	0.994916	0.996131	0.997918	0.998856	0.999147	0.996197	0.998604
19290	-1557.627	-1625.068	67.44141	1	0.995216	0.993214	0.994916	0.996131	0.997918	0.998856	0.999147	0.996197	0.998604
19300	-1557.783	-1625.224	67.44141	1	0.995216	0.993214	0.994916	0.996131	0.997918	0.998856	0.999147	0.996197	0.998604
19310	-1557.725	-1625.166	67.44141	1	0.995216	0.993214	0.994916	0.996131	0.997918	0.998856	0.999147	0.996197	0.998604
19320	-1557.83	-1625.271	67.44141	1	0.995216	0.993214	0.994916	0.996131	0.997918	0.998856	0.999147	0.996197	0.998604
19330	-1557.971	-1625.412	67.44141	1	0.995216	0.993214	0.994916	0.996131	0.997918	0.998856	0.999147	0.996197	0.998604
19340	-1558.455	-1625.897	67.44141	1	0.995216	0.993214	0.994916	0.996131	0.997918	0.998856	0.999147	0.996197	0.998604
19350	-1557.669	-1625.111	67.44141	1	0.995216	0.993214	0.994916	0.996131	0.997918	0.998856	0.999147	0.996197	0.998604
19360	-1558.019	-1625.461	67.44141	1	0.995216	0.993214	0.994916	0.996131	0.997918	0.998856	0.999147	0.996197	0.998604
19370	-1557.715	-1625.156	67.44141	1	0.995216	0.993214	0.994916	0.996131	0.997918	0.998856	0.999147	0.996197	0.998604
19380	-1557.631	-1625.072	67.44141	1	0.995216	0.993214	0.994916	0.996131	0.997918	0.998856	0.999147	0.996197	0.998604
19390	-1557.678	-1625.119	67.44141	1	0.995216	0.993214	0.994916	0.996131	0.997918	0.998856	0.999147	0.996197	0.998604
19400	-1558.101	-1625.543	67.44141	1	0.995216	0.993214	0.994916	0.996131	0.997918	0.998856	0.999147	0.996197	0.998604
19410	-1557.628	-1625.069	67.44141	1	0.995216	0.993214	0.994916	0.996131	0.997918	0.998856	0.999147	0.996197	0.998604
19420	-1558.857	-1626.298	67.44141	1	0.995216	0.993214	0.994916	0.996131	0.997918	0.998856	0.999147	0.996197	0.998604
19430	-1557.665	-1625.107	67.44141	1	0.995216	0.993214	0.994916	0.996131	0.997918	0.998856	0.999147	0.996197	0.998604
19440	-1557.634	-1625.075	67.44141	1	0.995216	0.993214	0.994916	0.996131	0.997918	0.998856	0.999147	0.996197	0.998604
19450	-1557.626	-1625.067	67.44141	1	0.995216	0.993214	0.994916	0.996131	0.997918	0.998856	0.999147	0.996197	0.998604
19460	-1558.495	-1625.936	67.44141	1	0.995216	0.993214	0.994916	0.996131	0.997918	0.998856	0.999147	0.996197	0.998604
19470	-1558.596	-1626.038	67.44141	1	0.995216	0.993214	0.994916	0.996131	0.997918	0.998856	0.999147	0.996197	0.998604
19480	-1557.958	-1625.399	67.44141	1	0.995216	0.993214	0.994916	0.996131	0.997918	0.998856	0.999147	0.996197	0.998604
19490	-1557.74	-1625.181	67.44141	1	0.995216	0.993214	0.994916	0.996131	0.997918	0.998856	0.999147	0.996197	0.998604
19500	-1557.997	-1625.438	67.44141	1	0.995216	0.993214	0.994916	0.996131	0.997918	0.998856	0.999147	0.996197	0.998604
19510	-1557.74	-1625.182	67.44141	1	0.995216	0.993214	0.994916	0.996131	0.997918	0.998856	0.999147	0.996197	0.998604
19520	-1557.844	-1625.285	67.44141	1	0.995216	0.993214	0.994916	0.996131	0.997918	0.998856	0.999147	0.996197	0.998604
19530	-1557.645	-1625.087	67.44141	1	0.995216	0.993214	0.994916	0.996131	0.997918	0.998856	0.999147	0.996197	0.998604
19540	-1557.769	-1625.211	67.44141	1	0.995216	0.993214	0.994916	0.996131	0.997918	0.998856	0.999147	0.996197	0.998604
19550	-1557.64	-1625.081	67.44141	1	0.995216	0.993214	0.994916	0.996131	0.997918	0.998856	0.999147	0.996197	0.998604
19560	-1557.626	-1625.068	67.44141	1	0.995216	0.993214	0.994916	0.996131	0.997918	0.998856	0.999147	0.996197	0.998604
19570	-1557.698	-1625.139	67.44141	1	0.995216	0.993214	0.994916	0.996131	0.997918	0.998856	0.999147	0.996197	0.998604
19580	-1557.626	-1625.067	67.44141	1	0.995216	0.993214	0.994916	0.996131	0.997918	0.998856	0.999147	0.996197	0.998604
19590	-1557.627	-1625.069	67.44141	1	0.995216	0.993214	0.994916	0.996131	0.997918	0.998856	0.999147	0.996197	0.998604
19600	-1557.869	-1625.31	67.44141	1	0.995216	0.993214	0.994916	0.996131	0.997918	0.998856	0.999147	0.996197	0.998604
19610	-1558.666	-1626.107	67.44141	1	0.995216	0.993214	0.994916	0.996131	0.997918	0.998856	0.999147	0.996197	0.998604
19620	-1557.702	-1625.143	67.44141	1	0.995216	0.993214	0.994916	0.996131	0.997918	0.998856	0.999147	0.996197	0.998604
19630	-1557.992	-1625.434	67.44141	1	0.995216	0.993214	0.994916	0.996131	0.997918	0.998856	0.999147	0.996197	0.998604
19640	-1558.183	-1625.624	67.44141	1	0.995216	0.993214	0.994916	0.996131	0.997918	0.998856	0.999147	0.996197	0.998604
19650	-1558.33	-1625.771	67.44141	1	0.995216	0.993214	0.994916	0.996131	0.997918	0.998856	0.999147	0.996197	0.998604
19660	-1557.747	-1625.188	67.44141	1	0.995216	0.993214	0.994916	0.996131	0.997918	0.998856	0.999147	0.996197	0.998604
19670	-1557.797	-1625.238	67.44141	1	0.995216	0.993214	0.994916	0.996131	0.997918	0.998856	0.999147	0.996197	0.998604
19680	-1557.7	-1625.141	67.44141	1	0.995216	0.993214	0.994916	0.996131	0.997918	0.998856	0.999147	0.996197	0.998604
19690	-1558.054	-1625.496	67.44141	1	0.995216	0.993214	0.994916	0.996131	0.997918	0.998856	0.999147	0.996197	0.998604
19700	-1557.805	-1625.246	67.44141	1	0.995216	0.993214	0.994916	0.996131	0.997918	0.998856	0.999147	0.996197	0.998604
19710	-1558.754	-1626.195	67.44141	1	0.995216	0.993214	0.994916	0.996131	0.997918	0.998856	0.999147	0.996197	0.998604
19720	-1557.691	-1625.132	67.44141	1	0.995216	0.993214	0.994916	0.996131	0.997918	0.998856	0.999147	0.996197	0.998604
19730	-1557.886	-1625.328	67.44141	1	0.995216	0.993214	0.994916	0.996131	0.997918	0.998856	0.999147	0.996197	0.998604
19740	-1557.887	-1625.328	67.44141	1	0.995216	0.993214	0.994916	0.996131	0.997918	0.998856	0.999147	0.996197	0.998604
19750	-1557.715	-1625.157	67.44141	1	0.995216	0.993214	0.994916	0.996131	0.997918	0.998856	0.999147	0.996197	0.998604
19760	-1557.633	-1625.074	67.44141	1	0.995216	0.993214	0.994916	0.996131	0.997918	0.998856	0.999147	0.996197	0.998604
19770	-1558.579	-1626.02	67.44141	1	0.995216	0.993214	0.994916	0.996131	0.997918	0.998856	0.999147	0.996197	0.998604
19780	-1557.924	-1625.365	67.44141	1	0.995216	0.993214	0.994916	0.996131	0.997918	0.998856	0.999147	0.996197	0.998604
19790	-1558.115	-1625.557	67.44141	1	0.995216	0.993214	0.994916	0.996131	0.997918	0.998856	0.999147	0.996197	0.998604
19800	-1559.704	-1627.145	67.44141	1	0.995216	0.993214	0.994916	0.996131	0.997918	0.998856	0.999147	0.996197	0.998604
19810	-1557.895	-1625.336	67.44141	1	0.995216	0.993214	0.994916	0.996131	0.997918	0.998856	0.999147	0.996197	0.998604
19820	-1557.981	-1625.422	67.44141	1	0.995216	0.993214	0.994916	0.996131	0.997918	0.998856	0.999147	0.996197	0.998604
19830	-1557.632	-1625.074	67.44141	1	0.995216	0.993214	0.994916	0.996131	0.997918	0.998856	0.999147	0.996197	0.998604
19840	-1558.149	-1625.591	67.44141	1	0.995216	0.993214	0.994916	0.996131	0.997918	0.998856	0.999147	0.996197	0.998604
19850	-1559.452	-1626.894	67.44141	1	0.995216	0.993214	0.994916	0.996131	0.997918	0.998856	0.999147	0.996197	0.998604
19860	-1557.681	-1625.122	67.44141	1	0.995216	0.993214	0.994916	0.996131	0.997918	0.998856	0.999147	0.996197	0.998604
19870	-1559.722	-1627.163	67.44141	1	0.995216	0.993214	0.994916	0.996131	0.997918	0.998856	0.999147	0.996197	0.998604
19880	-1557.688	-1625.13	67.44141	1	0.995216	0.993214	0.994916	0.996131	0.997918	0.998856	0.999147	0.996197	0.998604
19890	-1557.635	-1625.077	67.44141	1	0.995216	0.993214	0.994916	0.996131	0.997918	0.998856	0.999147	0.996197	0.998604
19900	-1558.94	-1626.382	67.44141	1	0.995216	0.993214	0.994916	0.996131	0.997918	0.998856	0.999147	0.996197	0.998604
19910	-1558.578	-1626.02	67.44141	1	0.995216	0.993214	0.994916	0.996131	0.997918	0.998856	0.999147	0.996197	0.998604
19920	-1558.012	-1625.453	67.44141	1	0.995216	0.993214	0.994916	0.996131	0.997918	0.998856	0.999147	0.996197	0.998604
19930	-1557.665	-1625.107	67.44141	1	0.995216	0.993214	0.994916	0.996131	0.997918	0.998856	0.999147	0.996197	0.998604
19940	-1557.782	-1625.224	67.44141	1	0.995216	0.993214	0.994916	0.996131	0.997918	0.998856	0.999147	0.996197	0.998604
19950	-1557.647	-1625.088	67.44141	1	0.995216	0.993214	0.994916	0.996131	0.997918	0.998856	0.999147	0.996197	0.998604
19960	-1557.63	-1625.071	67.44141	1	0.995216	0.993214	0.994916	0.996131	0.997918	0.998856	0.999147	0.996197	0.998604
19970	-1558.35	-1625.791	67.44141	1	0.995216	0.993214	0.994916	0.996131	0.997918	0.998856	0.999147	0.996197	0.998604
19980	-1558.116	-1625.558	67.44141	1	0.995216	0.993214	0.994916	0.996131	0.997918	0.998856	0.999147	0.996197	0.998604
19990	-1557.83	-1625.271	67.44141	1	0.995216	0.993214	0.994916	0.996131	0.997918	0.998856	0.999147	0.996197	0.998604
20000	-1558.161	-1625.603	67.44141	1	0.995216	0.993214	0.994916	0.996131	0.997918	0.998856	0.999147	0.996197	0.998604
20010	-1558.79	-1626.232	67.44141	1	0.995216	0.993214	0.994916	0.996131	0.997918	0.998856	0.999147	0.996197	0.998604
20020	-1558.427	-1625.868	67.44141	1	0.995216	0.993214	0.994916	0.996131	0.997918	0.998856	0.999147	0.996197	0.998604
20030	-1557.883	-1625.325	67.44141	1	0.995216	0.993214	0.994916	0.996131	0.997918	0.998856	0.999147	0.996197	0.998604
20040	-1558.485	-1625.927	67.44141	1	0.995216	0.993214	0.994916	0.996131	0.997918	0.998856	0.999147	0.996197	0.998604
20050	-1558.017	-1625.458	67.44141	1	0.995216	0.993214	0.994916	0.996131	0.997918	0.998856	0.999147	0.996197	0.998604
20060	-1557.854	-1625.295	67.44141	1	0.995216	0.993214	0.994916	0.996131	0.997918	0.998856	0.999147	0.996197	0.998604
20070	-1557.627	-1625.068	67.44141	1	0.995216	0.993214	0.994916	0.996131	0.997918	0.998856	0.999147	0.996197	0.998604
20080	-1557.856	-1625.297	67.44141	1	0.995216	0.993214	0.994916	0.996131	0.997918	0.998856	0.999147	0.996197	0.998604
20090	-1557.939	-1625.38	67.44141	1	0.995216	0.993214	0.994916	0.996131	0.997918	0.998856	0.999147	0.996197	0.998604
20100	-1557.65	-1625.091	67.44141	1	0.995216	0.993214	0.994916	0.996131	0.997918	0.998856	0.999147	0.996197	0.998604
20110	-1557.857	-1625.299	67.44141	1	0.995216	0.993214	0.994916	0.996131	0.997918	0.998856	0.999147	0.996197	0.998604
20120	-1558.017	-1625.459	67.44141	1	0.995216	0.993214	0.994916	0.996131	0.997918	0.998856	0.999147	0.996197	0.998604
20130	-1559.266	-1626.707	67.44141	1	0.995216	0.993214	0.994916	0.996131	0.997918	0.998856	0.999147	0.996197	0.998604
20140	-1559.528	-1626.97	67.44141	1	0.995216	0.993214	0.994916	0.996131	0.997918	0.998856	0.999147	0.996197	0.998604
20150	-1557.676	-1625.117	67.44141	1	0.995216	0.993214	0.994916	0.996131	0.997918	0.998856	0.999147	0.996197	0.998604
20160	-1558.162	-1625.604	67.44141	1	0.995216	0.993214	0.994916	0.996131	0.997918	0.998856	0.999147	0.996197	0.998604
20170	-1558.227	-1625.669	67.44141	1	0.995216	0.993214	0.994916	0.996131	0.997918	0.998856	0.999147	0.996197	0.998604
20180	-1557.823	-1625.264	67.44141	1	0.995216	0.993214	0.994916	0.996131	0.997918	0.998856	0.999147	0.996197	0.998604
20190	-1557.983	-1625.424	67.44141	1	0.995216	0.993214	0.994916	0.996131	0.997918	0.998856	0.999147	0.996197	0.998604
20200	-1557.638	-1625.08	67.44141	1	0.995216	0.993214	0.994916	0.996131	0.997918	0.998856	0.999147	0.996197	0.998604
20210	-1557.638	-1625.08	67.44141	1	0.995216	0.993214	0.994916	0.996131	0.997918	0.998856	0.999147	0.996197	0.998604
20220	-1557.967	-1625.408	67.44141	1	0.995216	0.993214	0.994916	0.996131	0.997918	0.998856	0.999147	0.996197	0.998604
20230	-1558.816	-1626.258	67.44141	1	0.995216	0.993214	0.994916	0.996131	0.997918	0.998856	0.999147	0.996197	0.998604
20240	-1557.911	-1625.352	67.44141	1	0.995216	0.993214	0.994916	0.996131	0.997918	0.998856	0.999147	0.996197	0.998604
20250	-1557.732	-1625.174	67.44141	1	0.995216	0.993214	0.994916	0.996131	0.997918	0.998856	0.999147	0.996197	0.998604
20260	-1560.546	-1627.988	67.44141	1	0.995216	0.993214	0.994916	0.996131	0.997918	0.998856	0.999147	0.996197	0.998604
20270	-1557.783	-1625.225	67.44141	1	0.995216	0.993214	0.994916	0.996131	0.997918	0.998856	0.999147	0.996197	0.998604
20280	-1558.396	-1625.838	67.44141	1	0.995216	0.993214	0.994916	0.996131	0.997918	0.998856	0.999147	0.996197	0.998604
20290	-1557.626	-1625.067	67.44141	1	0.995216	0.993214	0.994916	0.996131	0.997918	0.998856	0.999147	0.996197	0.998604
20300	-1558.556	-1625.997	67.44141	1	0.995216	0.993214	0.994916	0.996131	0.997918	0.998856	0.999147	0.996197	0.998604
20310	-1557.808	-1625.25	67.44141	1	0.995216	0.993214	0.994916	0.996131	0.997918	0.998856	0.999147	0.996197	0.998604
20320	-1564.976	-1632.417	67.44141	1	0.995216	0.993214	0.994916	0.996131	0.997918	0.998856	0.999147	0.996197	0.998604
20330	-1557.754	-1625.195	67.44141	1	0.995216	0.993214	0.994916	0.996131	0.997918	0.998856	0.999147	0.996197	0.998604
20340	-1560.011	-1627.453	67.44141	1	0.995216	0.993214	0.994916	0.996131	0.997918	0.998856	0.999147	0.996197	0.998604
20350	-1557.626	-1625.067	67.44141	1	0.995216	0.993214	0.994916	0.996131	0.997918	0.998856	0.999147	0.996197	0.998604
20360	-1557.814	-1625.256	67.44141	1	0.995216	0.993214	0.994916	0.996131	0.997918	0.998856	0.999147	0.996197	0.998604
20370	-1557.94	-1625.381	67.44141	1	0.995216	0.993214	0.994916	0.996131	0.997918	0.998856	0.999147	0.996197	0.998604
20380	-1557.687	-1625.128	67.44141	1	0.995216	0.993214	0.994916	0.996131	0.997918	0.998856	0.999147	0.996197	0.998604
20390	-1557.736	-1625.177	67.44141	1	0.995216	0.993214	0.994916	0.996131	0.997918	0.998856	0.999147	0.996197	0.998604
20400	-1557.701	-1625.143	67.44141	1	0.995216	0.993214	0.994916	0.996131	0.997918	0.998856	0.999147	0.996197	0.998604
20410	-1559.584	-1627.025	67.44141	1	0.995216	0.993214	0.994916	0.996131	0.997918	0.998856	0.999147	0.996197	0.998604
20420	-1558.13	-1625.572	67.44141	1	0.995216	0.993214	0.994916	0.996131	0.997918	0.998856	0.999147	0.996197	0.998604
20430	-1557.686	-1625.128	67.44141	1	0.995216	0.993214	0.994916	0.996131	0.997918	0.998856	0.999147	0.996197	0.998604
20440	-1558.238	-1625.679	67.44141	1	0.995216	0.993214	0.994916	0.996131	0.997918	0.998856	0.999147	0.996197	0.998604
20450	-1559.403	-1626.844	67.44141	1	0.995216	0.993214	0.994916	0.996131	0.997918	0.998856	0.999147	0.996197	0.998604
20460	-1557.718	-1625.159	67.44141	1	0.995216	0.993214	0.994916	0.996131	0.997918	0.998856	0.999147	0.996197	0.998604
20470	-1558.111	-1625.552	67.44141	1	0.995216	0.993214	0.994916	0.996131	0.997918	0.998856	0.999147	0.996197	0.998604
20480	-1557.963	-1625.405	67.44141	1	0.995216	0.993214	0.994916	0.996131	0.997918	0.998856	0.999147	0.996197	0.998604
20490	-1557.626	-1625.067	67.44141	1	0.995216	0.993214	0.994916	0.996131	0.997918	0.998856	0.999147	0.996197	0.998604
20500	-1558.256	-1625.697	67.44141	1	0.995216	0.993214	0.994916	0.996131	0.997918	0.998856	0.999147	0.996197	0.998604
20510	-1557.655	-1625.096	67.44141	1	0.995216	0.993214	0.994916	0.996131	0.997918	0.998856	0.999147	0.996197	0.998604
20520	-1557.631	-1625.072	67.44141	1	0.995216	0.993214	0.994916	0.996131	0.997918	0.998856	0.999147	0.996197	0.998604
20530	-1557.629	-1625.07	67.44141	1	0.995216	0.993214	0.994916	0.996131	0.997918	0.998856	0.999147	0.996197	0.998604
20540	-1558.25	-1625.691	67.44141	1	0.995216	0.993214	0.994916	0.996131	0.997918	0.998856	0.999147	0.996197	0.998604
20550	-1557.888	-1625.329	67.44141	1	0.995216	0.993214	0.994916	0.996131	0.997918	0.998856	0.999147	0.996197	0.998604
20560	-1557.633	-1625.074	67.44141	1	0.995216	0.993214	0.994916	0.996131	0.997918	0.998856	0.999147	0.996197	0.998604
20570	-1557.73	-1625.171	67.44141	1	0.995216	0.993214	0.994916	0.996131	0.997918	0.998856	0.999147	0.996197	0.998604
20580	-1557.794	-1625.236	67.44141	1	0.995216	0.993214	0.994916	0.996131	0.997918	0.998856	0.999147	0.996197	0.998604
20590	-1559.265	-1626.706	67.44141	1	0.995216	0.993214	0.994916	0.996131	0.997918	0.998856	0.999147	0.996197	0.998604
20600	-1560.613	-1628.055	67.44141	1	0.995216	0.993214	0.994916	0.996131	0.997918	0.998856	0.999147	0.996197	0.998604
20610	-1557.767	-1625.209	67.44141	1	0.995216	0.993214	0.994916	0.996131	0.997918	0.998856	0.999147	0.996197	0.998604
20620	-1558.049	-1625.49	67.44141	1	0.995216	0.993214	0.994916	0.996131	0.997918	0.998856	0.999147	0.996197	0.998604
20630	-1557.833	-1625.275	67.44141	1	0.995216	0.993214	0.994916	0.996131	0.997918	0.998856	0.999147	0.996197	0.998604
20640	-1557.661	-1625.102	67.44141	1	0.995216	0.993214	0.994916	0.996131	0.997918	0.998856	0.999147	0.996197	0.998604
20650	-1557.683	-1625.124	67.44141	1	0.995216	0.993214	0.994916	0.996131	0.997918	0.998856	0.999147	0.996197	0.998604
20660	-1557.978	-1625.42	67.44141	1	0.995216	0.993214	0.994916	0.996131	0.997918	0.998856	0.999147	0.996197	0.998604
20670	-1558.258	-1625.7	67.44141	1	0.995216	0.993214	0.994916	0.996131	0.997918	0.998856	0.999147	0.996197	0.998604
20680	-1558.054	-1625.495	67.44141	1	0.995216	0.993214	0.994916	0.996131	0.997918	0.998856	0.999147	0.996197	0.998604
20690	-1557.96	-1625.402	67.44141	1	0.995216	0.993214	0.994916	0.996131	0.997918	0.998856	0.999147	0.996197	0.998604
20700	-1557.701	-1625.143	67.44141	1	0.995216	0.993214	0.994916	0.996131	0.997918	0.998856	0.999147	0.996197	0.998604
20710	-1557.852	-1625.293	67.44141	1	0.995216	0.993214	0.994916	0.996131	0.997918	0.998856	0.999147	0.996197	0.998604
20720	-1557.837	-1625.279	67.44141	1	0.995216	0.993214	0.994916	0.996131	0.997918	0.998856	0.999147	0.996197	0.998604
20730	-1557.635	-1625.077	67.44141	1	0.995216	0.993214	0.994916	0.996131	0.997918	0.998856	0.999147	0.996197	0.998604
20740	-1559.102	-1626.543	67.44141	1	0.995216	0.993214	0.994916	0.996131	0.997918	0.998856	0.999147	0.996197	0.998604
20750	-1557.651	-1625.092	67.44141	1	0.995216	0.993214	0.994916	0.996131	0.997918	0.998856	0.999147	0.996197	0.998604
20760	-1557.752	-1625.194	67.44141	1	0.995216	0.993214	0.994916	0.996131	0.997918	0.998856	0.999147	0.996197	0.998604
20770	-1557.652	-1625.093	67.44141	1	0.995216	0.993214	0.994916	0.996131	0.997918	0.998856	0.999147	0.996197	0.998604
20780	-1559.013	-1626.454	67.44141	1	0.995216	0.993214	0.994916	0.996131	0.997918	0.998856	0.999147	0.996197	0.998604
20790	-1560.127	-1627.568	67.44141	1	0.995216	0.993214	0.994916	0.996131	0.997918	0.998856	0.999147	0.996197	0.998604
20800	-1557.833	-1625.274	67.44141	1	0.995216	0.993214	0.994916	0.996131	0.997918	0.998856	0.999147	0.996197	0.998604
20810	-1558.616	-1626.058	67.44141	1	0.995216	0.993214	0.994916	0.996131	0.997918	0.998856	0.999147	0.996197	0.998604
20820	-1558.215	-1625.656	67.44141	1	0.995216	0.993214	0.994916	0.996131	0.997918	0.998856	0.999147	0.996197	0.998604
20830	-1557.728	-1625.17	67.44141	1	0.995216	0.993214	0.994916	0.996131	0.997918	0.998856	0.999147	0.996197	0.998604
20840	-1558.883	-1626.325	67.44141	1	0.995216	0.993214	0.994916	0.996131	0.997918	0.998856	0.999147	0.996197	0.998604
20850	-1559.688	-1627.129	67.44141	1	0.995216	0.993214	0.994916	0.996131	0.997918	0.998856	0.999147	0.996197	0.998604
20860	-1557.688	-1625.129	67.44141	1	0.995216	0.993214	0.994916	0.996131	0.997918	0.998856	0.999147	0.996197	0.998604
20870	-1558.275	-1625.717	67.44141	1	0.995216	0.993214	0.994916	0.996131	0.997918	0.998856	0.999147	0.996197	0.998604
20880	-1559.058	-1626.5	67.44141	1	0.995216	0.993214	0.994916	0.996131	0.997918	0.998856	0.999147	0.996197	0.998604
20890	-1557.637	-1625.079	67.44141	1	0.995216	0.993214	0.994916	0.996131	0.997918	0.998856	0.999147	0.996197	0.998604
20900	-1559.786	-1627.228	67.44141	1	0.995216	0.993214	0.994916	0.996131	0.997918	0.998856	0.999147	0.996197	0.998604
20910	-1557.748	-1625.189	67.44141	1	0.995216	0.993214	0.994916	0.996131	0.997918	0.998856	0.999147	0.996197	0.998604
20920	-1558.486	-1625.927	67.44141	1	0.995216	0.993214	0.994916	0.996131	0.997918	0.998856	0.999147	0.996197	0.998604
20930	-1557.846	-1625.287	67.44141	1	0.995216	0.993214	0.994916	0.996131	0.997918	0.998856	0.999147	0.996197	0.998604
20940	-1557.644	-1625.085	67.44141	1	0.995216	0.993214	0.994916	0.996131	0.997918	0.998856	0.999147	0.996197	0.998604
20950	-1557.674	-1625.115	67.44141	1	0.995216	0.993214	0.994916	0.996131	0.997918	0.998856	0.999147	0.996197	0.998604
20960	-1557.764	-1625.206	67.44141	1	0.995216	0.993214	0.994916	0.996131	0.997918	0.998856	0.999147	0.996197	0.998604
20970	-1558.224	-1625.665	67.44141	1	0.995216	0.993214	0.994916	0.996131	0.997918	0.998856	0.999147	0.996197	0.998604
20980	-1558.779	-1626.221	67.44141	1	0.995216	0.993214	0.994916	0.996131	0.997918	0.998856	0.999147	0.996197	0.998604
20990	-1557.63	-1625.071	67.44141	1	0.995216	0.993214	0.994916	0.996131	0.997918	0.998856	0.999147	0.996197	0.998604
21000	-1558.017	-1625.459	67.44141	1	0.995216	0.993214	0.994916	0.996131	0.997918	0.998856	0.999147	0.996197	0.998604
21010	-1557.631	-1625.073	67.44141	1	0.995216	0.993214	0.994916	0.996131	0.997918	0.998856	0.999147	0.996197	0.998604
21020	-1558.311	-1625.753	67.44141	1	0.995216	0.993214	0.994916	0.996131	0.997918	0.998856	0.999147	0.996197	0.998604
21030	-1557.64	-1625.081	67.44141	1	0.995216	0.993214	0.994916	0.996131	0.997918	0.998856	0.999147	0.996197	0.998604
21040	-1558.026	-1625.467	67.44141	1	0.995216	0.993214	0.994916	0.996131	0.997918	0.998856	0.999147	0.996197	0.998604
21050	-1558.122	-1625.563	67.44141	1	0.995216	0.993214	0.994916	0.996131	0.997918	0.998856	0.999147	0.996197	0.998604
21060	-1557.646	-1625.087	67.44141	1	0.995216	0.993214	0.994916	0.996131	0.997918	0.998856	0.999147	0.996197	0.998604
21070	-1559.157	-1626.599	67.44141	1	0.995216	0.993214	0.994916	0.996131	0.997918	0.998856	0.999147	0.996197	0.998604
21080	-1558.074	-1625.515	67.44141	1	0.995216	0.993214	0.994916	0.996131	0.997918	0.998856	0.999147	0.996197	0.998604
21090	-1557.839	-1625.281	67.44141	1	0.995216	0.993214	0.994916	0.996131	0.997918	0.998856	0.999147	0.996197	0.998604
21100	-1557.691	-1625.132	67.44141	1	0.995216	0.993214	0.994916	0.996131	0.997918	0.998856	0.999147	0.996197	0.998604
21110	-1560.049	-1627.49	67.44141	1	0.995216	0.993214	0.994916	0.996131	0.997918	0.998856	0.999147	0.996197	0.998604
21120	-1557.786	-1625.228	67.44141	1	0.995216	0.993214	0.994916	0.996131	0.997918	0.998856	0.999147	0.996197	0.998604
21130	-1557.799	-1625.241	67.44141	1	0.995216	0.993214	0.994916	0.996131	0.997918	0.998856	0.999147	0.996197	0.998604
21140	-1559.124	-1626.565	67.44141	1	0.995216	0.993214	0.994916	0.996131	0.997918	0.998856	0.999147	0.996197	0.998604
21150	-1557.675	-1625.116	67.44141	1	0.995216	0.993214	0.994916	0.996131	0.997918	0.998856	0.999147	0.996197	0.998604
21160	-1557.626	-1625.067	67.44141	1	0.995216	0.993214	0.994916	0.996131	0.997918	0.998856	0.999147	0.996197	0.998604
21170	-1558.303	-1625.744	67.44141	1	0.995216	0.993214	0.994916	0.996131	0.997918	0.998856	0.999147	0.996197	0.998604
21180	-1558.35	-1625.792	67.44141	1	0.995216	0.993214	0.994916	0.996131	0.997918	0.998856	0.999147	0.996197	0.998604
21190	-1557.806	-1625.247	67.44141	1	0.995216	0.993214	0.994916	0.996131	0.997918	0.998856	0.999147	0.996197	0.998604
21200	-1557.81	-1625.252	67.44141	1	0.995216	0.993214	0.994916	0.996131	0.997918	0.998856	0.999147	0.996197	0.998604
21210	-1558.208	-1625.649	67.44141	1	0.995216	0.993214	0.994916	0.996131	0.997918	0.998856	0.999147	0.996197	0.998604
21220	-1557.798	-1625.239	67.44141	1	0.995216	0.993214	0.994916	0.996131	0.997918	0.998856	0.999147	0.996197	0.998604
21230	-1558.253	-1625.694	67.44141	1	0.995216	0.993214	0.994916	0.996131	0.997918	0.998856	0.999147	0.996197	0.998604
21240	-1558.37	-1625.812	67.44141	1	0.995216	0.993214	0.994916	0.996131	0.997918	0.998856	0.999147	0.996197	0.998604
21250	-1559.069	-1626.51	67.44141	1	0.995216	0.993214	0.994916	0.996131	0.997918	0.998856	0.999147	0.996197	0.998604
21260	-1557.845	-1625.286	67.44141	1	0.995216	0.993214	0.994916	0.996131	0.997918	0.998856	0.999147	0.996197	0.998604
21270	-1557.87	-1625.311	67.44141	1	0.995216	0.993214	0.994916	0.996131	0.997918	0.998856	0.999147	0.996197	0.998604
21280	-1557.638	-1625.08	67.44141	1	0.995216	0.993214	0.994916	0.996131	0.997918	0.998856	0.999147	0.996197	0.998604
21290	-1557.658	-1625.1	67.44141	1	0.995216	0.993214	0.994916	0.996131	0.997918	0.998856	0.999147	0.996197	0.998604
21300	-1558.003	-1625.444	67.44141	1	0.995216	0.993214	0.994916	0.996131	0.997918	0.998856	0.999147	0.996197	0.998604
21310	-1557.848	-1625.289	67.44141	1	0.995216	0.993214	0.994916	0.996131	0.997918	0.998856	0.999147	0.996197	0.998604
21320	-1557.695	-1625.137	67.44141	1	0.995216	0.993214	0.994916	0.996131	0.997918	0.998856	0.999147	0.996197	0.998604
21330	-1558.059	-1625.501	67.44141	1	0.995216	0.993214	0.994916	0.996131	0.997918	0.998856	0.999147	0.996197	0.998604
21340	-1557.63	-1625.071	67.44141	1	0.995216	0.993214	0.994916	0.996131	0.997918	0.998856	0.999147	0.996197	0.998604
21350	-1558.834	-1626.275	67.44141	1	0.995216	0.993214	0.994916	0.996131	0.997918	0.998856	0.999147	0.996197	0.998604
21360	-1557.813	-1625.254	67.44141	1	0.995216	0.993214	0.994916	0.996131	0.997918	0.998856	0.999147	0.996197	0.998604
21370	-1557.724	-1625.166	67.44141	1	0.995216	0.993214	0.994916	0.996131	0.997918	0.998856	0.999147	0.996197	0.998604
21380	-1559.79	-1627.232	67.44141	1	0.995216	0.993214	0.994916	0.996131	0.997918	0.998856	0.999147	0.996197	0.998604
21390	-1558.772	-1626.213	67.44141	1	0.995216	0.993214	0.994916	0.996131	0.997918	0.998856	0.999147	0.996197	0.998604
21400	-1557.757	-1625.199	67.44141	1	0.995216	0.993214	0.994916	0.996131	0.997918	0.998856	0.999147	0.996197	0.998604
21410	-1557.843	-1625.285	67.44141	1	0.995216	0.993214	0.994916	0.996131	0.997918	0.998856	0.999147	0.996197	0.998604
21420	-1557.658	-1625.1	67.44141	1	0.995216	0.993214	0.994916	0.996131	0.997918	0.998856	0.999147	0.996197	0.998604
21430	-1557.76	-1625.201	67.44141	1	0.995216	0.993214	0.994916	0.996131	0.997918	0.998856	0.999147	0.996197	0.998604
21440	-1559.487	-1626.929	67.44141	1	0.995216	0.993214	0.994916	0.996131	0.997918	0.998856	0.999147	0.996197	0.998604
21450	-1560.332	-1627.773	67.44141	1	0.995216	0.993214	0.994916	0.996131	0.997918	0.998856	0.999147	0.996197	0.998604
21460	-1557.698	-1625.139	67.44141	1	0.995216	0.993214	0.994916	0.996131	0.997918	0.998856	0.999147	0.996197	0.998604
21470	-1557.632	-1625.073	67.44141	1	0.995216	0.993214	0.994916	0.996131	0.997918	0.998856	0.999147	0.996197	0.998604
21480	-1558.449	-1625.89	67.44141	1	0.995216	0.993214	0.994916	0.996131	0.997918	0.998856	0.999147	0.996197	0.998604
21490	-1557.673	-1625.115	67.44141	1	0.995216	0.993214	0.994916	0.996131	0.997918	0.998856	0.999147	0.996197	0.998604
21500	-1558.082	-1625.524	67.44141	1	0.995216	0.993214	0.994916	0.996131	0.997918	0.998856	0.999147	0.996197	0.998604
21510	-1557.663	-1625.105	67.44141	1	0.995216	0.993214	0.994916	0.996131	0.997918	0.998856	0.999147	0.996197	0.998604
21520	-1558.216	-1625.658	67.44141	1	0.995216	0.993214	0.994916	0.996131	0.997918	0.998856	0.999147	0.996197	0.998604
21530	-1557.693	-1625.134	67.44141	1	0.995216	0.993214	0.994916	0.996131	0.997918	0.998856	0.999147	0.996197	0.998604
21540	-1558.136	-1625.577	67.44141	1	0.995216	0.993214	0.994916	0.996131	0.997918	0.998856	0.999147	0.996197	0.998604
21550	-1557.668	-1625.11	67.44141	1	0.995216	0.993214	0.994916	0.996131	0.997918	0.998856	0.999147	0.996197	0.998604
21560	-1558.569	-1626.01	67.44141	1	0.995216	0.993214	0.994916	0.996131	0.997918	0.998856	0.999147	0.996197	0.998604
21570	-1557.75	-1625.191	67.44141	1	0.995216	0.993214	0.994916	0.996131	0.997918	0.998856	0.999147	0.996197	0.998604
21580	-1557.628	-1625.069	67.44141	1	0.995216	0.993214	0.994916	0.996131	0.997918	0.998856	0.999147	0.996197	0.998604
21590	-1557.699	-1625.141	67.44141	1	0.995216	0.993214	0.994916	0.996131	0.997918	0.998856	0.999147	0.996197	0.998604
21600	-1557.643	-1625.084	67.44141	1	0.995216	0.993214	0.994916	0.996131	0.997918	0.998856	0.999147	0.996197	0.998604
21610	-1558.021	-1625.462	67.44141	1	0.995216	0.993214	0.994916	0.996131	0.997918	0.998856	0.999147	0.996197	0.998604
21620	-1557.653	-1625.095	67.44141	1	0.995216	0.993214	0.994916	0.996131	0.997918	0.998856	0.999147	0.996197	0.998604
21630	-1558.08	-1625.522	67.44141	1	0.995216	0.993214	0.994916	0.996131	0.997918	0.998856	0.999147	0.996197	0.998604
21640	-1558.401	-1625.842	67.44141	1	0.995216	0.993214	0.994916	0.996131	0.997918	0.998856	0.999147	0.996197	0.998604
21650	-1557.626	-1625.067	67.44141	1	0.995216	0.993214	0.994916	0.996131	0.997918	0.998856	0.999147	0.996197	0.998604
21660	-1557.631	-1625.072	67.44141	1	0.995216	0.993214	0.994916	0.996131	0.997918	0.998856	0.999147	0.996197	0.998604
21670	-1557.909	-1625.351	67.44141	1	0.995216	0.993214	0.994916	0.996131	0.997918	0.998856	0.999147	0.996197	0.998604
21680	-1557.843	-1625.284	67.44141	1	0.995216	0.993214	0.994916	0.996131	0.997918	0.998856	0.999147	0.996197	0.998604
21690	-1557.83	-1625.271	67.44141	1	0.995216	0.993214	0.994916	0.996131	0.997918	0.998856	0.999147	0.996197	0.998604
21700	-1557.626	-1625.067	67.44141	1	0.995216	0.993214	0.994916	0.996131	0.997918	0.998856	0.999147	0.996197	0.998604
21710	-1558.409	-1625.85	67.44141	1	0.995216	0.993214	0.994916	0.996131	0.997918	0.998856	0.999147	0.996197	0.998604
21720	-1557.65	-1625.091	67.44141	1	0.995216	0.993214	0.994916	0.996131	0.997918	0.998856	0.999147	0.996197	0.998604
21730	-1557.721	-1625.162	67.44141	1	0.995216	0.993214	0.994916	0.996131	0.997918	0.998856	0.999147	0.996197	0.998604
21740	-1557.803	-1625.244	67.44141	1	0.995216	0.993214	0.994916	0.996131	0.997918	0.998856	0.999147	0.996197	0.998604
21750	-1557.712	-1625.154	67.44141	1	0.995216	0.993214	0.994916	0.996131	0.997918	0.998856	0.999147	0.996197	0.998604
21760	-1557.976	-1625.417	67.44141	1	0.995216	0.993214	0.994916	0.996131	0.997918	0.998856	0.999147	0.996197	0.998604
21770	-1557.627	-1625.068	67.44141	1	0.995216	0.993214	0.994916	0.996131	0.997918	0.998856	0.999147	0.996197	0.998604
21780	-1558.665	-1626.107	67.44141	1	0.995216	0.993214	0.994916	0.996131	0.997918	0.998856	0.999147	0.996197	0.998604
21790	-1558.014	-1625.455	67.44141	1	0.995216	0.993214	0.994916	0.996131	0.997918	0.998856	0.999147	0.996197	0.998604
21800	-1557.796	-1625.237	67.44141	1	0.995216	0.993214	0.994916	0.996131	0.997918	0.998856	0.999147	0.996197	0.998604
21810	-1557.766	-1625.207	67.44141	1	0.995216	0.993214	0.994916	0.996131	0.997918	0.998856	0.999147	0.996197	0.998604
21820	-1557.837	-1625.278	67.44141	1	0.995216	0.993214	0.994916	0.996131	0.997918	0.998856	0.999147	0.996197	0.998604
21830	-1557.754	-1625.196	67.44141	1	0.995216	0.993214	0.994916	0.996131	0.997918	0.998856	0.999147	0.996197	0.998604
21840	-1558.529	-1625.97	67.44141	1	0.995216	0.993214	0.994916	0.996131	0.997918	0.998856	0.999147	0.996197	0.998604
21850	-1558.62	-1626.062	67.44141	1	0.995216	0.993214	0.994916	0.996131	0.997918	0.998856	0.999147	0.996197	0.998604
21860	-1558.198	-1625.639	67.44141	1	0.995216	0.993214	0.994916	0.996131	0.997918	0.998856	0.999147	0.996197	0.998604
21870	-1557.91	-1625.352	67.44141	1	0.995216	0.993214	0.994916	0.996131	0.997918	0.998856	0.999147	0.996197	0.998604
21880	-1557.644	-1625.086	67.44141	1	0.995216	0.993214	0.994916	0.996131	0.997918	0.998856	0.999147	0.996197	0.998604
21890	-1557.932	-1625.374	67.44141	1	0.995216	0.993214	0.994916	0.996131	0.997918	0.998856	0.999147	0.996197	0.998604
21900	-1557.626	-1625.067	67.44141	1	0.995216	0.993214	0.994916	0.996131	0.997918	0.998856	0.999147	0.996197	0.998604
21910	-1557.969	-1625.411	67.44141	1	0.995216	0.993214	0.994916	0.996131	0.997918	0.998856	0.999147	0.996197	0.998604
21920	-1558.302	-1625.743	67.44141	1	0.995216	0.993214	0.994916	0.996131	0.997918	0.998856	0.999147	0.996197	0.998604
21930	-1559.099	-1626.541	67.44141	1	0.995216	0.993214	0.994916	0.996131	0.997918	0.998856	0.999147	0.996197	0.998604
21940	-1558.021	-1625.463	67.44141	1	0.995216	0.993214	0.994916	0.996131	0.997918	0.998856	0.999147	0.996197	0.998604
21950	-1557.638	-1625.079	67.44141	1	0.995216	0.993214	0.994916	0.996131	0.997918	0.998856	0.999147	0.996197	0.998604
21960	-1558.05	-1625.492	67.44141	1	0.995216	0.993214	0.994916	0.996131	0.997918	0.998856	0.999147	0.996197	0.998604
21970	-1557.887	-1625.329	67.44141	1	0.995216	0.993214	0.994916	0.996131	0.997918	0.998856	0.999147	0.996197	0.998604
21980	-1557.632	-1625.073	67.44141	1	0.995216	0.993214	0.994916	0.996131	0.997918	0.998856	0.999147	0.996197	0.998604
21990	-1557.873	-1625.314	67.44141	1	0.995216	0.993214	0.994916	0.996131	0.997918	0.998856	0.999147	0.996197	0.998604
22000	-1557.682	-1625.123	67.44141	1	0.995216	0.993214	0.994916	0.996131	0.997918	0.998856	0.999147	0.996197	0.998604
22010	-1557.68	-1625.121	67.44141	1	0.995216	0.993214	0.994916	0.996131	0.997918	0.998856	0.999147	0.996197	0.998604
22020	-1559.552	-1626.993	67.44141	1	0.995216	0.993214	0.994916	0.996131	0.997918	0.998856	0.999147	0.996197	0.998604
22030	-1559.001	-1626.442	67.44141	1	0.995216	0.993214	0.994916	0.996131	0.997918	0.998856	0.999147	0.996197	0.998604
22040	-1558.29	-1625.732	67.44141	1	0.995216	0.993214	0.994916	0.996131	0.997918	0.998856	0.999147	0.996197	0.998604
22050	-1557.74	-1625.182	67.44141	1	0.995216	0.993214	0.994916	0.996131	0.997918	0.998856	0.999147	0.996197	0.998604
22060	-1557.709	-1625.151	67.44141	1	0.995216	0.993214	0.994916	0.996131	0.997918	0.998856	0.999147	0.996197	0.998604
22070	-1557.628	-1625.069	67.44141	1	0.995216	0.993214	0.994916	0.996131	0.997918	0.998856	0.999147	0.996197	0.998604
22080	-1558.478	-1625.919	67.44141	1	0.995216	0.993214	0.994916	0.996131	0.997918	0.998856	0.999147	0.996197	0.998604
22090	-1558.235	-1625.677	67.44141	1	0.995216	0.993214	0.994916	0.996131	0.997918	0.998856	0.999147	0.996197	0.998604
22100	-1558.308	-1625.749	67.44141	1	0.995216	0.993214	0.994916	0.996131	0.997918	0.998856	0.999147	0.996197	0.998604
22110	-1558.29	-1625.732	67.44141	1	0.995216	0.993214	0.994916	0.996131	0.997918	0.998856	0.999147	0.996197	0.998604
22120	-1557.63	-1625.071	67.44141	1	0.995216	0.993214	0.994916	0.996131	0.997918	0.998856	0.999147	0.996197	0.998604
22130	-1557.637	-1625.078	67.44141	1	0.995216	0.993214	0.994916	0.996131	0.997918	0.998856	0.999147	0.996197	0.998604
22140	-1557.635	-1625.077	67.44141	1	0.995216	0.993214	0.994916	0.996131	0.997918	0.998856	0.999147	0.996197	0.998604
22150	-1557.755	-1625.197	67.44141	1	0.995216	0.993214	0.994916	0.996131	0.997918	0.998856	0.999147	0.996197	0.998604
22160	-1557.921	-1625.362	67.44141	1	0.995216	0.993214	0.994916	0.996131	0.997918	0.998856	0.999147	0.996197	0.998604
22170	-1557.634	-1625.076	67.44141	1	0.995216	0.993214	0.994916	0.996131	0.997918	0.998856	0.999147	0.996197	0.998604
22180	-1557.628	-1625.069	67.44141	1	0.995216	0.993214	0.994916	0.996131	0.997918	0.998856	0.999147	0.996197	0.998604
22190	-1557.737	-1625.179	67.44141	1	0.995216	0.993214	0.994916	0.996131	0.997918	0.998856	0.999147	0.996197	0.998604
22200	-1557.868	-1625.309	67.44141	1	0.995216	0.993214	0.994916	0.996131	0.997918	0.998856	0.999147	0.996197	0.998604
22210	-1557.986	-1625.427	67.44141	1	0.995216	0.993214	0.994916	0.996131	0.997918	0.998856	0.999147	0.996197	0.998604
22220	-1557.721	-1625.163	67.44141	1	0.995216	0.993214	0.994916	0.996131	0.997918	0.998856	0.999147	0.996197	0.998604
22230	-1559.826	-1627.267	67.44141	1	0.995216	0.993214	0.994916	0.996131	0.997918	0.998856	0.999147	0.996197	0.998604
22240	-1557.687	-1625.128	67.44141	1	0.995216	0.993214	0.994916	0.996131	0.997918	0.998856	0.999147	0.996197	0.998604
22250	-1558.761	-1626.203	67.44141	1	0.995216	0.993214	0.994916	0.996131	0.997918	0.998856	0.999147	0.996197	0.998604
22260	-1557.792	-1625.234	67.44141	1	0.995216	0.993214	0.994916	0.996131	0.997918	0.998856	0.999147	0.996197	0.998604
22270	-1557.698	-1625.14	67.44141	1	0.995216	0.993214	0.994916	0.996131	0.997918	0.998856	0.999147	0.996197	0.998604
22280	-1557.653	-1625.095	67.44141	1	0.995216	0.993214	0.994916	0.996131	0.997918	0.998856	0.999147	0.996197	0.998604
22290	-1558.388	-1625.83	67.44141	1	0.995216	0.993214	0.994916	0.996131	0.997918	0.998856	0.999147	0.996197	0.998604
22300	-1557.627	-1625.069	67.44141	1	0.995216	0.993214	0.994916	0.996131	0.997918	0.998856	0.999147	0.996197	0.998604
22310	-1557.982	-1625.423	67.44141	1	0.995216	0.993214	0.994916	0.996131	0.997918	0.998856	0.999147	0.996197	0.998604
22320	-1558.032	-1625.473	67.44141	1	0.995216	0.993214	0.994916	0.996131	0.997918	0.998856	0.999147	0.996197	0.998604
22330	-1557.978	-1625.419	67.44141	1	0.995216	0.993214	0.994916	0.996131	0.997918	0.998856	0.999147	0.996197	0.998604
22340	-1558.348	-1625.789	67.44141	1	0.995216	0.993214	0.994916	0.996131	0.997918	0.998856	0.999147	0.996197	0.998604
22350	-1557.731	-1625.173	67.44141	1	0.995216	0.993214	0.994916	0.996131	0.997918	0.998856	0.999147	0.996197	0.998604
22360	-1557.698	-1625.139	67.44141	1	0.995216	0.993214	0.994916	0.996131	0.997918	0.998856	0.999147	0.996197	0.998604
22370	-1558.115	-1625.557	67.44141	1	0.995216	0.993214	0.994916	0.996131	0.997918	0.998856	0.999147	0.996197	0.998604
22380	-1557.783	-1625.225	67.44141	1	0.995216	0.993214	0.994916	0.996131	0.997918	0.998856	0.999147	0.996197	0.998604
22390	-1557.924	-1625.366	67.44141	1	0.995216	0.993214	0.994916	0.996131	0.997918	0.998856	0.999147	0.996197	0.998604
22400	-1557.715	-1625.157	67.44141	1	0.995216	0.993214	0.994916	0.996131	0.997918	0.998856	0.999147	0.996197	0.998604
22410	-1558.809	-1626.251	67.44141	1	0.995216	0.993214	0.994916	0.996131	0.997918	0.998856	0.999147	0.996197	0.998604
22420	-1557.642	-1625.083	67.44141	1	0.995216	0.993214	0.994916	0.996131	0.997918	0.998856	0.999147	0.996197	0.998604
22430	-1557.641	-1625.082	67.44141	1	0.995216	0.993214	0.994916	0.996131	0.997918	0.998856	0.999147	0.996197	0.998604
22440	-1559.311	-1626.752	67.44141	1	0.995216	0.993214	0.994916	0.996131	0.997918	0.998856	0.999147	0.996197	0.998604
22450	-1557.899	-1625.34	67.44141	1	0.995216	0.993214	0.994916	0.996131	0.997918	0.998856	0.999147	0.996197	0.998604
22460	-1558.244	-1625.686	67.44141	1	0.995216	0.993214	0.994916	0.996131	0.997918	0.998856	0.999147	0.996197	0.998604
22470	-1558.26	-1625.702	67.44141	1	0.995216	0.993214	0.994916	0.996131	0.997918	0.998856	0.999147	0.996197	0.998604
22480	-1557.73	-1625.172	67.44141	1	0.995216	0.993214	0.994916	0.996131	0.997918	0.998856	0.999147	0.996197	0.998604
22490	-1557.633	-1625.075	67.44141	1	0.995216	0.993214	0.994916	0.996131	0.997918	0.998856	0.999147	0.996197	0.998604
22500	-1558.523	-1625.964	67.44141	1	0.995216	0.993214	0.994916	0.996131	0.997918	0.998856	0.999147	0.996197	0.998604
22510	-1557.667	-1625.109	67.44141	1	0.995216	0.993214	0.994916	0.996131	0.997918	0.998856	0.999147	0.996197	0.998604
22520	-1558.271	-1625.713	67.44141	1	0.995216	0.993214	0.994916	0.996131	0.997918	0.998856	0.999147	0.996197	0.998604
22530	-1557.631	-1625.072	67.44141	1	0.995216	0.993214	0.994916	0.996131	0.997918	0.998856	0.999147	0.996197	0.998604
22540	-1557.955	-1625.397	67.44141	1	0.995216	0.993214	0.994916	0.996131	0.997918	0.998856	0.999147	0.996197	0.998604
22550	-1557.816	-1625.258	67.44141	1	0.995216	0.993214	0.994916	0.996131	0.997918	0.998856	0.999147	0.996197	0.998604
22560	-1557.787	-1625.228	67.44141	1	0.995216	0.993214	0.994916	0.996131	0.997918	0.998856	0.999147	0.996197	0.998604
22570	-1558.12	-1625.561	67.44141	1	0.995216	0.993214	0.994916	0.996131	0.997918	0.998856	0.999147	0.996197	0.998604
22580	-1559.04	-1626.482	67.44141	1	0.995216	0.993214	0.994916	0.996131	0.997918	0.998856	0.999147	0.996197	0.998604
22590	-1559.725	-1627.167	67.44141	1	0.995216	0.993214	0.994916	0.996131	0.997918	0.998856	0.999147	0.996197	0.998604
22600	-1557.901	-1625.342	67.44141	1	0.995216	0.993214	0.994916	0.996131	0.997918	0.998856	0.999147	0.996197	0.998604
22610	-1559.199	-1626.64	67.44141	1	0.995216	0.993214	0.994916	0.996131	0.997918	0.998856	0.999147	0.996197	0.998604
22620	-1558.971	-1626.412	67.44141	1	0.995216	0.993214	0.994916	0.996131	0.997918	0.998856	0.999147	0.996197	0.998604
22630	-1558.663	-1626.104	67.44141	1	0.995216	0.993214	0.994916	0.996131	0.997918	0.998856	0.999147	0.996197	0.998604
22640	-1557.626	-1625.068	67.44141	1	0.995216	0.993214	0.994916	0.996131	0.997918	0.998856	0.999147	0.996197	0.998604
22650	-1558.115	-1625.556	67.44141	1	0.995216	0.993214	0.994916	0.996131	0.997918	0.998856	0.999147	0.996197	0.998604
22660	-1558.276	-1625.718	67.44141	1	0.995216	0.993214	0.994916	0.996131	0.997918	0.998856	0.999147	0.996197	0.998604
22670	-1557.793	-1625.234	67.44141	1	0.995216	0.993214	0.994916	0.996131	0.997918	0.998856	0.999147	0.996197	0.998604
22680	-1557.841	-1625.282	67.44141	1	0.995216	0.993214	0.994916	0.996131	0.997918	0.998856	0.999147	0.996197	0.998604
22690	-1558.584	-1626.025	67.44141	1	0.995216	0.993214	0.994916	0.996131	0.997918	0.998856	0.999147	0.996197	0.998604
22700	-1557.8	-1625.241	67.44141	1	0.995216	0.993214	0.994916	0.996131	0.997918	0.998856	0.999147	0.996197	0.998604
22710	-1557.627	-1625.069	67.44141	1	0.995216	0.993214	0.994916	0.996131	0.997918	0.998856	0.999147	0.996197	0.998604
22720	-1557.788	-1625.229	67.44141	1	0.995216	0.993214	0.994916	0.996131	0.997918	0.998856	0.999147	0.996197	0.998604
22730	-1559.304	-1626.745	67.44141	1	0.995216	0.993214	0.994916	0.996131	0.997918	0.998856	0.999147	0.996197	0.998604
22740	-1557.666	-1625.107	67.44141	1	0.995216	0.993214	0.994916	0.996131	0.997918	0.998856	0.999147	0.996197	0.998604
22750	-1558.068	-1625.509	67.44141	1	0.995216	0.993214	0.994916	0.996131	0.997918	0.998856	0.999147	0.996197	0.998604
22760	-1557.715	-1625.156	67.44141	1	0.995216	0.993214	0.994916	0.996131	0.997918	0.998856	0.999147	0.996197	0.998604
22770	-1559.639	-1627.081	67.44141	1	0.995216	0.993214	0.994916	0.996131	0.997918	0.998856	0.999147	0.996197	0.998604
22780	-1557.638	-1625.08	67.44141	1	0.995216	0.993214	0.994916	0.996131	0.997918	0.998856	0.999147	0.996197	0.998604
22790	-1558.179	-1625.621	67.44141	1	0.995216	0.993214	0.994916	0.996131	0.997918	0.998856	0.999147	0.996197	0.998604
22800	-1557.666	-1625.107	67.44141	1	0.995216	0.993214	0.994916	0.996131	0.997918	0.998856	0.999147	0.996197	0.998604
22810	-1557.723	-1625.164	67.44141	1	0.995216	0.993214	0.994916	0.996131	0.997918	0.998856	0.999147	0.996197	0.998604
22820	-1557.69	-1625.131	67.44141	1	0.995216	0.993214	0.994916	0.996131	0.997918	0.998856	0.999147	0.996197	0.998604
22830	-1558.736	-1626.178	67.44141	1	0.995216	0.993214	0.994916	0.996131	0.997918	0.998856	0.999147	0.996197	0.998604
22840	-1557.648	-1625.089	67.44141	1	0.995216	0.993214	0.994916	0.996131	0.997918	0.998856	0.999147	0.996197	0.998604
22850	-1557.639	-1625.081	67.44141	1	0.995216	0.993214	0.994916	0.996131	0.997918	0.998856	0.999147	0.996197	0.998604
22860	-1557.684	-1625.125	67.44141	1	0.995216	0.993214	0.994916	0.996131	0.997918	0.998856	0.999147	0.996197	0.998604
22870	-1557.82	-1625.262	67.44141	1	0.995216	0.993214	0.994916	0.996131	0.997918	0.998856	0.999147	0.996197	0.998604
22880	-1557.992	-1625.433	67.44141	1	0.995216	0.993214	0.994916	0.996131	0.997918	0.998856	0.999147	0.996197	0.998604
22890	-1557.626	-1625.067	67.44141	1	0.995216	0.993214	0.994916	0.996131	0.997918	0.998856	0.999147	0.996197	0.998604
22900	-1557.626	-1625.068	67.44141	1	0.995216	0.993214	0.994916	0.996131	0.997918	0.998856	0.999147	0.996197	0.998604
22910	-1557.824	-1625.265	67.44141	1	0.995216	0.993214	0.994916	0.996131	0.997918	0.998856	0.999147	0.996197	0.998604
22920	-1557.678	-1625.119	67.44141	1	0.995216	0.993214	0.994916	0.996131	0.997918	0.998856	0.999147	0.996197	0.998604
22930	-1561.464	-1628.906	67.44141	1	0.995216	0.993214	0.994916	0.996131	0.997918	0.998856	0.999147	0.996197	0.998604
22940	-1558.203	-1625.644	67.44141	1	0.995216	0.993214	0.994916	0.996131	0.997918	0.998856	0.999147	0.996197	0.998604
22950	-1558.053	-1625.495	67.44141	1	0.995216	0.993214	0.994916	0.996131	0.997918	0.998856	0.999147	0.996197	0.998604
22960	-1557.819	-1625.261	67.44141	1	0.995216	0.993214	0.994916	0.996131	0.997918	0.998856	0.999147	0.996197	0.998604
22970	-1558.322	-1625.764	67.44141	1	0.995216	0.993214	0.994916	0.996131	0.997918	0.998856	0.999147	0.996197	0.998604
22980	-1558.273	-1625.715	67.44141	1	0.995216	0.993214	0.994916	0.996131	0.997918	0.998856	0.999147	0.996197	0.998604
22990	-1557.778	-1625.22	67.44141	1	0.995216	0.993214	0.994916	0.996131	0.997918	0.998856	0.999147	0.996197	0.998604
23000	-1560.38	-1627.821	67.44141	1	0.995216	0.993214	0.994916	0.996131	0.997918	0.998856	0.999147	0.996197	0.998604
23010	-1558.122	-1625.563	67.44141	1	0.995216	0.993214	0.994916	0.996131	0.997918	0.998856	0.999147	0.996197	0.998604
23020	-1557.635	-1625.077	67.44141	1	0.995216	0.993214	0.994916	0.996131	0.997918	0.998856	0.999147	0.996197	0.998604
23030	-1557.865	-1625.306	67.44141	1	0.995216	0.993214	0.994916	0.996131	0.997918	0.998856	0.999147	0.996197	0.998604
23040	-1557.678	-1625.12	67.44141	1	0.995216	0.993214	0.994916	0.996131	0.997918	0.998856	0.999147	0.996197	0.998604
23050	-1557.779	-1625.22	67.44141	1	0.995216	0.993214	0.994916	0.996131	0.997918	0.998856	0.999147	0.996197	0.998604
23060	-1558.028	-1625.469	67.44141	1	0.995216	0.993214	0.994916	0.996131	0.997918	0.998856	0.999147	0.996197	0.998604
23070	-1557.661	-1625.102	67.44141	1	0.995216	0.993214	0.994916	0.996131	0.997918	0.998856	0.999147	0.996197	0.998604
23080	-1558.082	-1625.524	67.44141	1	0.995216	0.993214	0.994916	0.996131	0.997918	0.998856	0.999147	0.996197	0.998604
23090	-1557.702	-1625.144	67.44141	1	0.995216	0.993214	0.994916	0.996131	0.997918	0.998856	0.999147	0.996197	0.998604
23100	-1557.631	-1625.072	67.44141	1	0.995216	0.993214	0.994916	0.996131	0.997918	0.998856	0.999147	0.996197	0.998604
23110	-1559.284	-1626.725	67.44141	1	0.995216	0.993214	0.994916	0.996131	0.997918	0.998856	0.999147	0.996197	0.998604
23120	-1558.179	-1625.62	67.44141	1	0.995216	0.993214	0.994916	0.996131	0.997918	0.998856	0.999147	0.996197	0.998604
23130	-1558.658	-1626.1	67.44141	1	0.995216	0.993214	0.994916	0.996131	0.997918	0.998856	0.999147	0.996197	0.998604
23140	-1558.061	-1625.502	67.44141	1	0.995216	0.993214	0.994916	0.996131	0.997918	0.998856	0.999147	0.996197	0.998604
23150	-1557.629	-1625.071	67.44141	1	0.995216	0.993214	0.994916	0.996131	0.997918	0.998856	0.999147	0.996197	0.998604
23160	-1563.893	-1631.334	67.44141	1	0.995216	0.993214	0.994916	0.996131	0.997918	0.998856	0.999147	0.996197	0.998604
23170	-1557.774	-1625.215	67.44141	1	0.995216	0.993214	0.994916	0.996131	0.997918	0.998856	0.999147	0.996197	0.998604
23180	-1558.044	-1625.486	67.44141	1	0.995216	0.993214	0.994916	0.996131	0.997918	0.998856	0.999147	0.996197	0.998604
23190	-1557.907	-1625.348	67.44141	1	0.995216	0.993214	0.994916	0.996131	0.997918	0.998856	0.999147	0.996197	0.998604
23200	-1557.626	-1625.068	67.44141	1	0.995216	0.993214	0.994916	0.996131	0.997918	0.998856	0.999147	0.996197	0.998604
23210	-1558.366	-1625.807	67.44141	1	0.995216	0.993214	0.994916	0.996131	0.997918	0.998856	0.999147	0.996197	0.998604
23220	-1558.48	-1625.921	67.44141	1	0.995216	0.993214	0.994916	0.996131	0.997918	0.998856	0.999147	0.996197	0.998604
23230	-1557.978	-1625.419	67.44141	1	0.995216	0.993214	0.994916	0.996131	0.997918	0.998856	0.999147	0.996197	0.998604
23240	-1558.555	-1625.996	67.44141	1	0.995216	0.993214	0.994916	0.996131	0.997918	0.998856	0.999147	0.996197	0.998604
23250	-1557.651	-1625.093	67.44141	1	0.995216	0.993214	0.994916	0.996131	0.997918	0.998856	0.999147	0.996197	0.998604
23260	-1557.638	-1625.08	67.44141	1	0.995216	0.993214	0.994916	0.996131	0.997918	0.998856	0.999147	0.996197	0.998604
23270	-1560.132	-1627.573	67.44141	1	0.995216	0.993214	0.994916	0.996131	0.997918	0.998856	0.999147	0.996197	0.998604
23280	-1557.868	-1625.309	67.44141	1	0.995216	0.993214	0.994916	0.996131	0.997918	0.998856	0.999147	0.996197	0.998604
23290	-1557.657	-1625.098	67.44141	1	0.995216	0.993214	0.994916	0.996131	0.997918	0.998856	0.999147	0.996197	0.998604
23300	-1557.63	-1625.071	67.44141	1	0.995216	0.993214	0.994916	0.996131	0.997918	0.998856	0.999147	0.996197	0.998604
23310	-1557.882	-1625.324	67.44141	1	0.995216	0.993214	0.994916	0.996131	0.997918	0.998856	0.999147	0.996197	0.998604
23320	-1557.631	-1625.072	67.44141	1	0.995216	0.993214	0.994916	0.996131	0.997918	0.998856	0.999147	0.996197	0.998604
23330	-1558.206	-1625.648	67.44141	1	0.995216	0.993214	0.994916	0.996131	0.997918	0.998856	0.999147	0.996197	0.998604
23340	-1557.976	-1625.418	67.44141	1	0.995216	0.993214	0.994916	0.996131	0.997918	0.998856	0.999147	0.996197	0.998604
23350	-1558.019	-1625.461	67.44141	1	0.995216	0.993214	0.994916	0.996131	0.997918	0.998856	0.999147	0.996197	0.998604
23360	-1557.911	-1625.353	67.44141	1	0.995216	0.993214	0.994916	0.996131	0.997918	0.998856	0.999147	0.996197	0.998604
23370	-1557.771	-1625.213	67.44141	1	0.995216	0.993214	0.994916	0.996131	0.997918	0.998856	0.999147	0.996197	0.998604
23380	-1558.264	-1625.705	67.44141	1	0.995216	0.993214	0.994916	0.996131	0.997918	0.998856	0.999147	0.996197	0.998604
23390	-1558.007	-1625.448	67.44141	1	0.995216	0.993214	0.994916	0.996131	0.997918	0.998856	0.999147	0.996197	0.998604
23400	-1559.911	-1627.352	67.44141	1	0.995216	0.993214	0.994916	0.996131	0.997918	0.998856	0.999147	0.996197	0.998604
23410	-1558.268	-1625.709	67.44141	1	0.995216	0.993214	0.994916	0.996131	0.997918	0.998856	0.999147	0.996197	0.998604
23420	-1557.645	-1625.086	67.44141	1	0.995216	0.993214	0.994916	0.996131	0.997918	0.998856	0.999147	0.996197	0.998604
23430	-1557.757	-1625.199	67.44141	1	0.995216	0.993214	0.994916	0.996131	0.997918	0.998856	0.999147	0.996197	0.998604
23440	-1557.626	-1625.067	67.44141	1	0.995216	0.993214	0.994916	0.996131	0.997918	0.998856	0.999147	0.996197	0.998604
23450	-1559.475	-1626.917	67.44141	1	0.995216	0.993214	0.994916	0.996131	0.997918	0.998856	0.999147	0.996197	0.998604
23460	-1557.818	-1625.259	67.44141	1	0.995216	0.993214	0.994916	0.996131	0.997918	0.998856	0.999147	0.996197	0.998604
23470	-1557.626	-1625.067	67.44141	1	0.995216	0.993214	0.994916	0.996131	0.997918	0.998856	0.999147	0.996197	0.998604
23480	-1558.13	-1625.571	67.44141	1	0.995216	0.993214	0.994916	0.996131	0.997918	0.998856	0.999147	0.996197	0.998604
23490	-1557.648	-1625.089	67.44141	1	0.995216	0.993214	0.994916	0.996131	0.997918	0.998856	0.999147	0.996197	0.998604
23500	-1557.629	-1625.07	67.44141	1	0.995216	0.993214	0.994916	0.996131	0.997918	0.998856	0.999147	0.996197	0.998604
23510	-1557.734	-1625.175	67.44141	1	0.995216	0.993214	0.994916	0.996131	0.997918	0.998856	0.999147	0.996197	0.998604
23520	-1557.647	-1625.088	67.44141	1	0.995216	0.993214	0.994916	0.996131	0.997918	0.998856	0.999147	0.996197	0.998604
23530	-1558.11	-1625.551	67.44141	1	0.995216	0.993214	0.994916	0.996131	0.997918	0.998856	0.999147	0.996197	0.998604
23540	-1557.642	-1625.083	67.44141	1	0.995216	0.993214	0.994916	0.996131	0.997918	0.998856	0.999147	0.996197	0.998604
23550	-1558.983	-1626.424	67.44141	1	0.995216	0.993214	0.994916	0.996131	0.997918	0.998856	0.999147	0.996197	0.998604
23560	-1557.665	-1625.107	67.44141	1	0.995216	0.993214	0.994916	0.996131	0.997918	0.998856	0.999147	0.996197	0.998604
23570	-1557.856	-1625.297	67.44141	1	0.995216	0.993214	0.994916	0.996131	0.997918	0.998856	0.999147	0.996197	0.998604
23580	-1558.457	-1625.899	67.44141	1	0.995216	0.993214	0.994916	0.996131	0.997918	0.998856	0.999147	0.996197	0.998604
23590	-1558.596	-1626.037	67.44141	1	0.995216	0.993214	0.994916	0.996131	0.997918	0.998856	0.999147	0.996197	0.998604
23600	-1558.179	-1625.62	67.44141	1	0.995216	0.993214	0.994916	0.996131	0.997918	0.998856	0.999147	0.996197	0.998604
23610	-1557.671	-1625.113	67.44141	1	0.995216	0.993214	0.994916	0.996131	0.997918	0.998856	0.999147	0.996197	0.998604
23620	-1557.934	-1625.376	67.44141	1	0.995216	0.993214	0.994916	0.996131	0.997918	0.998856	0.999147	0.996197	0.998604
23630	-1557.697	-1625.138	67.44141	1	0.995216	0.993214	0.994916	0.996131	0.997918	0.998856	0.999147	0.996197	0.998604
23640	-1558.79	-1626.231	67.44141	1	0.995216	0.993214	0.994916	0.996131	0.997918	0.998856	0.999147	0.996197	0.998604
23650	-1557.817	-1625.259	67.44141	1	0.995216	0.993214	0.994916	0.996131	0.997918	0.998856	0.999147	0.996197	0.998604
23660	-1557.661	-1625.102	67.44141	1	0.995216	0.993214	0.994916	0.996131	0.997918	0.998856	0.999147	0.996197	0.998604
23670	-1557.791	-1625.233	67.44141	1	0.995216	0.993214	0.994916	0.996131	0.997918	0.998856	0.999147	0.996197	0.998604
23680	-1557.665	-1625.106	67.44141	1	0.995216	0.993214	0.994916	0.996131	0.997918	0.998856	0.999147	0.996197	0.998604
23690	-1557.678	-1625.119	67.44141	1	0.995216	0.993214	0.994916	0.996131	0.997918	0.998856	0.999147	0.996197	0.998604
23700	-1557.885	-1625.327	67.44141	1	0.995216	0.993214	0.994916	0.996131	0.997918	0.998856	0.999147	0.996197	0.998604
23710	-1557.869	-1625.31	67.44141	1	0.995216	0.993214	0.994916	0.996131	0.997918	0.998856	0.999147	0.996197	0.998604
23720	-1558.56	-1626.001	67.44141	1	0.995216	0.993214	0.994916	0.996131	0.997918	0.998856	0.999147	0.996197	0.998604
23730	-1557.626	-1625.067	67.44141	1	0.995216	0.993214	0.994916	0.996131	0.997918	0.998856	0.999147	0.996197	0.998604
23740	-1558.273	-1625.715	67.44141	1	0.995216	0.993214	0.994916	0.996131	0.997918	0.998856	0.999147	0.996197	0.998604
23750	-1557.798	-1625.239	67.44141	1	0.995216	0.993214	0.994916	0.996131	0.997918	0.998856	0.999147	0.996197	0.998604
23760	-1557.976	-1625.417	67.44141	1	0.995216	0.993214	0.994916	0.996131	0.997918	0.998856	0.999147	0.996197	0.998604
23770	-1558.087	-1625.529	67.44141	1	0.995216	0.993214	0.994916	0.996131	0.997918	0.998856	0.999147	0.996197	0.998604
23780	-1557.631	-1625.073	67.44141	1	0.995216	0.993214	0.994916	0.996131	0.997918	0.998856	0.999147	0.996197	0.998604
23790	-1557.709	-1625.15	67.44141	1	0.995216	0.993214	0.994916	0.996131	0.997918	0.998856	0.999147	0.996197	0.998604
23800	-1557.831	-1625.272	67.44141	1	0.995216	0.993214	0.994916	0.996131	0.997918	0.998856	0.999147	0.996197	0.998604
23810	-1558.465	-1625.906	67.44141	1	0.995216	0.993214	0.994916	0.996131	0.997918	0.998856	0.999147	0.996197	0.998604
23820	-1559.137	-1626.578	67.44141	1	0.995216	0.993214	0.994916	0.996131	0.997918	0.998856	0.999147	0.996197	0.998604
23830	-1557.631	-1625.073	67.44141	1	0.995216	0.993214	0.994916	0.996131	0.997918	0.998856	0.999147	0.996197	0.998604
23840	-1557.805	-1625.247	67.44141	1	0.995216	0.993214	0.994916	0.996131	0.997918	0.998856	0.999147	0.996197	0.998604
23850	-1558.025	-1625.467	67.44141	1	0.995216	0.993214	0.994916	0.996131	0.997918	0.998856	0.999147	0.996197	0.998604
23860	-1557.722	-1625.163	67.44141	1	0.995216	0.993214	0.994916	0.996131	0.997918	0.998856	0.999147	0.996197	0.998604
23870	-1557.71	-1625.151	67.44141	1	0.995216	0.993214	0.994916	0.996131	0.997918	0.998856	0.999147	0.996197	0.998604
23880	-1557.839	-1625.28	67.44141	1	0.995216	0.993214	0.994916	0.996131	0.997918	0.998856	0.999147	0.996197	0.998604
23890	-1557.632	-1625.074	67.44141	1	0.995216	0.993214	0.994916	0.996131	0.997918	0.998856	0.999147	0.996197	0.998604
23900	-1557.629	-1625.071	67.44141	1	0.995216	0.993214	0.994916	0.996131	0.997918	0.998856	0.999147	0.996197	0.998604
23910	-1559.396	-1626.837	67.44141	1	0.995216	0.993214	0.994916	0.996131	0.997918	0.998856	0.999147	0.996197	0.998604
23920	-1559.984	-1627.425	67.44141	1	0.995216	0.993214	0.994916	0.996131	0.997918	0.998856	0.999147	0.996197	0.998604
23930	-1559.08	-1626.521	67.44141	1	0.995216	0.993214	0.994916	0.996131	0.997918	0.998856	0.999147	0.996197	0.998604
23940	-1557.791	-1625.233	67.44141	1	0.995216	0.993214	0.994916	0.996131	0.997918	0.998856	0.999147	0.996197	0.998604
23950	-1557.626	-1625.067	67.44141	1	0.995216	0.993214	0.994916	0.996131	0.997918	0.998856	0.999147	0.996197	0.998604
23960	-1558.031	-1625.472	67.44141	1	0.995216	0.993214	0.994916	0.996131	0.997918	0.998856	0.999147	0.996197	0.998604
23970	-1558.45	-1625.892	67.44141	1	0.995216	0.993214	0.994916	0.996131	0.997918	0.998856	0.999147	0.996197	0.998604
23980	-1557.627	-1625.068	67.44141	1	0.995216	0.993214	0.994916	0.996131	0.997918	0.998856	0.999147	0.996197	0.998604
23990	-1557.713	-1625.155	67.44141	1	0.995216	0.993214	0.994916	0.996131	0.997918	0.998856	0.999147	0.996197	0.998604
24000	-1558.454	-1625.896	67.44141	1	0.995216	0.993214	0.994916	0.996131	0.997918	0.998856	0.999147	0.996197	0.998604
24010	-1557.706	-1625.147	67.44141	1	0.995216	0.993214	0.994916	0.996131	0.997918	0.998856	0.999147	0.996197	0.998604
24020	-1557.775	-1625.217	67.44141	1	0.995216	0.993214	0.994916	0.996131	0.997918	0.998856	0.999147	0.996197	0.998604
24030	-1558.224	-1625.665	67.44141	1	0.995216	0.993214	0.994916	0.996131	0.997918	0.998856	0.999147	0.996197	0.998604
24040	-1557.791	-1625.233	67.44141	1	0.995216	0.993214	0.994916	0.996131	0.997918	0.998856	0.999147	0.996197	0.998604
24050	-1557.904	-1625.345	67.44141	1	0.995216	0.993214	0.994916	0.996131	0.997918	0.998856	0.999147	0.996197	0.998604
24060	-1557.646	-1625.087	67.44141	1	0.995216	0.993214	0.994916	0.996131	0.997918	0.998856	0.999147	0.996197	0.998604
24070	-1558.387	-1625.828	67.44141	1	0.995216	0.993214	0.994916	0.996131	0.997918	0.998856	0.999147	0.996197	0.998604
24080	-1558.483	-1625.924	67.44141	1	0.995216	0.993214	0.994916	0.996131	0.997918	0.998856	0.999147	0.996197	0.998604
24090	-1557.814	-1625.255	67.44141	1	0.995216	0.993214	0.994916	0.996131	0.997918	0.998856	0.999147	0.996197	0.998604
24100	-1558.207	-1625.648	67.44141	1	0.995216	0.993214	0.994916	0.996131	0.997918	0.998856	0.999147	0.996197	0.998604
24110	-1557.732	-1625.173	67.44141	1	0.995216	0.993214	0.994916	0.996131	0.997918	0.998856	0.999147	0.996197	0.998604
24120	-1557.682	-1625.124	67.44141	1	0.995216	0.993214	0.994916	0.996131	0.997918	0.998856	0.999147	0.996197	0.998604
24130	-1557.725	-1625.167	67.44141	1	0.995216	0.993214	0.994916	0.996131	0.997918	0.998856	0.999147	0.996197	0.998604
24140	-1558.14	-1625.581	67.44141	1	0.995216	0.993214	0.994916	0.996131	0.997918	0.998856	0.999147	0.996197	0.998604
24150	-1557.739	-1625.18	67.44141	1	0.995216	0.993214	0.994916	0.996131	0.997918	0.998856	0.999147	0.996197	0.998604
24160	-1557.641	-1625.083	67.44141	1	0.995216	0.993214	0.994916	0.996131	0.997918	0.998856	0.999147	0.996197	0.998604
24170	-1558.648	-1626.089	67.44141	1	0.995216	0.993214	0.994916	0.996131	0.997918	0.998856	0.999147	0.996197	0.998604
24180	-1557.643	-1625.084	67.44141	1	0.995216	0.993214	0.994916	0.996131	0.997918	0.998856	0.999147	0.996197	0.998604
24190	-1557.643	-1625.084	67.44141	1	0.995216	0.993214	0.994916	0.996131	0.997918	0.998856	0.999147	0.996197	0.998604
24200	-1557.627	-1625.069	67.44141	1	0.995216	0.993214	0.994916	0.996131	0.997918	0.998856	0.999147	0.996197	0.998604
24210	-1557.855	-1625.296	67.44141	1	0.995216	0.993214	0.994916	0.996131	0.997918	0.998856	0.999147	0.996197	0.998604
24220	-1559.968	-1627.41	67.44141	1	0.995216	0.993214	0.994916	0.996131	0.997918	0.998856	0.999147	0.996197	0.998604
24230	-1557.64	-1625.081	67.44141	1	0.995216	0.993214	0.994916	0.996131	0.997918	0.998856	0.999147	0.996197	0.998604
24240	-1557.635	-1625.076	67.44141	1	0.995216	0.993214	0.994916	0.996131	0.997918	0.998856	0.999147	0.996197	0.998604
24250	-1558.2	-1625.642	67.44141	1	0.995216	0.993214	0.994916	0.996131	0.997918	0.998856	0.999147	0.996197	0.998604
24260	-1557.675	-1625.116	67.44141	1	0.995216	0.993214	0.994916	0.996131	0.997918	0.998856	0.999147	0.996197	0.998604
24270	-1558.573	-1626.014	67.44141	1	0.995216	0.993214	0.994916	0.996131	0.997918	0.998856	0.999147	0.996197	0.998604
24280	-1557.626	-1625.068	67.44141	1	0.995216	0.993214	0.994916	0.996131	0.997918	0.998856	0.999147	0.996197	0.998604
24290	-1558.219	-1625.661	67.44141	1	0.995216	0.993214	0.994916	0.996131	0.997918	0.998856	0.999147	0.996197	0.998604
24300	-1558.922	-1626.363	67.44141	1	0.995216	0.993214	0.994916	0.996131	0.997918	0.998856	0.999147	0.996197	0.998604
24310	-1558.286	-1625.727	67.44141	1	0.995216	0.993214	0.994916	0.996131	0.997918	0.998856	0.999147	0.996197	0.998604
24320	-1557.867	-1625.308	67.44141	1	0.995216	0.993214	0.994916	0.996131	0.997918	0.998856	0.999147	0.996197	0.998604
24330	-1557.64	-1625.082	67.44141	1	0.995216	0.993214	0.994916	0.996131	0.997918	0.998856	0.999147	0.996197	0.998604
24340	-1557.669	-1625.11	67.44141	1	0.995216	0.993214	0.994916	0.996131	0.997918	0.998856	0.999147	0.996197	0.998604
24350	-1557.686	-1625.127	67.44141	1	0.995216	0.993214	0.994916	0.996131	0.997918	0.998856	0.999147	0.996197	0.998604
24360	-1557.924	-1625.365	67.44141	1	0.995216	0.993214	0.994916	0.996131	0.997918	0.998856	0.999147	0.996197	0.998604
24370	-1557.952	-1625.393	67.44141	1	0.995216	0.993214	0.994916	0.996131	0.997918	0.998856	0.999147	0.996197	0.998604
24380	-1557.686	-1625.128	67.44141	1	0.995216	0.993214	0.994916	0.996131	0.997918	0.998856	0.999147	0.996197	0.998604
24390	-1558.145	-1625.587	67.44141	1	0.995216	0.993214	0.994916	0.996131	0.997918	0.998856	0.999147	0.996197	0.998604
24400	-1557.663	-1625.105	67.44141	1	0.995216	0.993214	0.994916	0.996131	0.997918	0.998856	0.999147	0.996197	0.998604
24410	-1558.097	-1625.538	67.44141	1	0.995216	0.993214	0.994916	0.996131	0.997918	0.998856	0.999147	0.996197	0.998604
24420	-1557.941	-1625.382	67.44141	1	0.995216	0.993214	0.994916	0.996131	0.997918	0.998856	0.999147	0.996197	0.998604
24430	-1557.674	-1625.115	67.44141	1	0.995216	0.993214	0.994916	0.996131	0.997918	0.998856	0.999147	0.996197	0.998604
24440	-1557.891	-1625.332	67.44141	1	0.995216	0.993214	0.994916	0.996131	0.997918	0.998856	0.999147	0.996197	0.998604
24450	-1559.151	-1626.593	67.44141	1	0.995216	0.993214	0.994916	0.996131	0.997918	0.998856	0.999147	0.996197	0.998604
24460	-1557.737	-1625.178	67.44141	1	0.995216	0.993214	0.994916	0.996131	0.997918	0.998856	0.999147	0.996197	0.998604
24470	-1558.619	-1626.06	67.44141	1	0.995216	0.993214	0.994916	0.996131	0.997918	0.998856	0.999147	0.996197	0.998604
24480	-1558.156	-1625.598	67.44141	1	0.995216	0.993214	0.994916	0.996131	0.997918	0.998856	0.999147	0.996197	0.998604
24490	-1557.633	-1625.074	67.44141	1	0.995216	0.993214	0.994916	0.996131	0.997918	0.998856	0.999147	0.996197	0.998604
24500	-1557.686	-1625.127	67.44141	1	0.995216	0.993214	0.994916	0.996131	0.997918	0.998856	0.999147	0.996197	0.998604
24510	-1557.653	-1625.095	67.44141	1	0.995216	0.993214	0.994916	0.996131	0.997918	0.998856	0.999147	0.996197	0.998604
24520	-1557.897	-1625.339	67.44141	1	0.995216	0.993214	0.994916	0.996131	0.997918	0.998856	0.999147	0.996197	0.998604
24530	-1557.65	-1625.092	67.44141	1	0.995216	0.993214	0.994916	0.996131	0.997918	0.998856	0.999147	0.996197	0.998604
24540	-1558.037	-1625.478	67.44141	1	0.995216	0.993214	0.994916	0.996131	0.997918	0.998856	0.999147	0.996197	0.998604
24550	-1557.716	-1625.158	67.44141	1	0.995216	0.993214	0.994916	0.996131	0.997918	0.998856	0.999147	0.996197	0.998604
24560	-1559.226	-1626.667	67.44141	1	0.995216	0.993214	0.994916	0.996131	0.997918	0.998856	0.999147	0.996197	0.998604
24570	-1557.655	-1625.097	67.44141	1	0.995216	0.993214	0.994916	0.996131	0.997918	0.998856	0.999147	0.996197	0.998604
24580	-1557.646	-1625.087	67.44141	1	0.995216	0.993214	0.994916	0.996131	0.997918	0.998856	0.999147	0.996197	0.998604
24590	-1558.344	-1625.785	67.44141	1	0.995216	0.993214	0.994916	0.996131	0.997918	0.998856	0.999147	0.996197	0.998604
24600	-1557.719	-1625.161	67.44141	1	0.995216	0.993214	0.994916	0.996131	0.997918	0.998856	0.999147	0.996197	0.998604
24610	-1557.627	-1625.068	67.44141	1	0.995216	0.993214	0.994916	0.996131	0.997918	0.998856	0.999147	0.996197	0.998604
24620	-1557.753	-1625.195	67.44141	1	0.995216	0.993214	0.994916	0.996131	0.997918	0.998856	0.999147	0.996197	0.998604
24630	-1557.63	-1625.072	67.44141	1	0.995216	0.993214	0.994916	0.996131	0.997918	0.998856	0.999147	0.996197	0.998604
24640	-1558.648	-1626.09	67.44141	1	0.995216	0.993214	0.994916	0.996131	0.997918	0.998856	0.999147	0.996197	0.998604
24650	-1557.847	-1625.288	67.44141	1	0.995216	0.993214	0.994916	0.996131	0.997918	0.998856	0.999147	0.996197	0.998604
24660	-1557.741	-1625.182	67.44141	1	0.995216	0.993214	0.994916	0.996131	0.997918	0.998856	0.999147	0.996197	0.998604
24670	-1557.628	-1625.069	67.44141	1	0.995216	0.993214	0.994916	0.996131	0.997918	0.998856	0.999147	0.996197	0.998604
24680	-1559.475	-1626.916	67.44141	1	0.995216	0.993214	0.994916	0.996131	0.997918	0.998856	0.999147	0.996197	0.998604
24690	-1558.361	-1625.803	67.44141	1	0.995216	0.993214	0.994916	0.996131	0.997918	0.998856	0.999147	0.996197	0.998604
24700	-1557.641	-1625.082	67.44141	1	0.995216	0.993214	0.994916	0.996131	0.997918	0.998856	0.999147	0.996197	0.998604
24710	-1557.803	-1625.244	67.44141	1	0.995216	0.993214	0.994916	0.996131	0.997918	0.998856	0.999147	0.996197	0.998604
24720	-1559.878	-1627.319	67.44141	1	0.995216	0.993214	0.994916	0.996131	0.997918	0.998856	0.999147	0.996197	0.998604
24730	-1558.548	-1625.989	67.44141	1	0.995216	0.993214	0.994916	0.996131	0.997918	0.998856	0.999147	0.996197	0.998604
24740	-1558.294	-1625.736	67.44141	1	0.995216	0.993214	0.994916	0.996131	0.997918	0.998856	0.999147	0.996197	0.998604
24750	-1558.189	-1625.631	67.44141	1	0.995216	0.993214	0.994916	0.996131	0.997918	0.998856	0.999147	0.996197	0.998604
24760	-1557.627	-1625.068	67.44141	1	0.995216	0.993214	0.994916	0.996131	0.997918	0.998856	0.999147	0.996197	0.998604
24770	-1558.217	-1625.659	67.44141	1	0.995216	0.993214	0.994916	0.996131	0.997918	0.998856	0.999147	0.996197	0.998604
24780	-1558.05	-1625.491	67.44141	1	0.995216	0.993214	0.994916	0.996131	0.997918	0.998856	0.999147	0.996197	0.998604
24790	-1557.746	-1625.187	67.44141	1	0.995216	0.993214	0.994916	0.996131	0.997918	0.998856	0.999147	0.996197	0.998604
24800	-1559.567	-1627.009	67.44141	1	0.995216	0.993214	0.994916	0.996131	0.997918	0.998856	0.999147	0.996197	0.998604
24810	-1560.548	-1627.99	67.44141	1	0.995216	0.993214	0.994916	0.996131	0.997918	0.998856	0.999147	0.996197	0.998604
24820	-1557.68	-1625.122	67.44141	1	0.995216	0.993214	0.994916	0.996131	0.997918	0.998856	0.999147	0.996197	0.998604
24830	-1558.719	-1626.161	67.44141	1	0.995216	0.993214	0.994916	0.996131	0.997918	0.998856	0.999147	0.996197	0.998604
24840	-1558.494	-1625.935	67.44141	1	0.995216	0.993214	0.994916	0.996131	0.997918	0.998856	0.999147	0.996197	0.998604
24850	-1558.018	-1625.46	67.44141	1	0.995216	0.993214	0.994916	0.996131	0.997918	0.998856	0.999147	0.996197	0.998604
24860	-1558.184	-1625.625	67.44141	1	0.995216	0.993214	0.994916	0.996131	0.997918	0.998856	0.999147	0.996197	0.998604
24870	-1557.691	-1625.133	67.44141	1	0.995216	0.993214	0.994916	0.996131	0.997918	0.998856	0.999147	0.996197	0.998604
24880	-1558.102	-1625.543	67.44141	1	0.995216	0.993214	0.994916	0.996131	0.997918	0.998856	0.999147	0.996197	0.998604
24890	-1557.693	-1625.134	67.44141	1	0.995216	0.993214	0.994916	0.996131	0.997918	0.998856	0.999147	0.996197	0.998604
24900	-1557.991	-1625.433	67.44141	1	0.995216	0.993214	0.994916	0.996131	0.997918	0.998856	0.999147	0.996197	0.998604
24910	-1558.985	-1626.427	67.44141	1	0.995216	0.993214	0.994916	0.996131	0.997918	0.998856	0.999147	0.996197	0.998604
24920	-1557.636	-1625.078	67.44141	1	0.995216	0.993214	0.994916	0.996131	0.997918	0.998856	0.999147	0.996197	0.998604
24930	-1558.433	-1625.875	67.44141	1	0.995216	0.993214	0.994916	0.996131	0.997918	0.998856	0.999147	0.996197	0.998604
24940	-1558.372	-1625.814	67.44141	1	0.995216	0.993214	0.994916	0.996131	0.997918	0.998856	0.999147	0.996197	0.998604
24950	-1558.105	-1625.546	67.44141	1	0.995216	0.993214	0.994916	0.996131	0.997918	0.998856	0.999147	0.996197	0.998604
24960	-1557.656	-1625.097	67.44141	1	0.995216	0.993214	0.994916	0.996131	0.997918	0.998856	0.999147	0.996197	0.998604
24970	-1557.766	-1625.207	67.44141	1	0.995216	0.993214	0.994916	0.996131	0.997918	0.998856	0.999147	0.996197	0.998604
24980	-1557.716	-1625.157	67.44141	1	0.995216	0.993214	0.994916	0.996131	0.997918	0.998856	0.999147	0.996197	0.998604
24990	-1557.987	-1625.428	67.44141	1	0.995216	0.993214	0.994916	0.996131	0.997918	0.998856	0.999147	0.996197	0.998604
25000	-1559.645	-1627.087	67.44141	1	0.995216	0.993214	0.994916	0.996131	0.997918	0.998856	0.999147	0.996197	0.998604
25010	-1558.344	-1625.785	67.44141	1	0.995216	0.993214	0.994916	0.996131	0.997918	0.998856	0.999147	0.996197	0.998604
25020	-1557.655	-1625.096	67.44141	1	0.995216	0.993214	0.994916	0.996131	0.997918	0.998856	0.999147	0.996197	0.998604
25030	-1557.665	-1625.106	67.44141	1	0.995216	0.993214	0.994916	0.996131	0.997918	0.998856	0.999147	0.996197	0.998604
25040	-1559.293	-1626.735	67.44141	1	0.995216	0.993214	0.994916	0.996131	0.997918	0.998856	0.999147	0.996197	0.998604
25050	-1558.294	-1625.736	67.44141	1	0.995216	0.993214	0.994916	0.996131	0.997918	0.998856	0.999147	0.996197	0.998604
25060	-1557.628	-1625.07	67.44141	1	0.995216	0.993214	0.994916	0.996131	0.997918	0.998856	0.999147	0.996197	0.998604
25070	-1557.692	-1625.133	67.44141	1	0.995216	0.993214	0.994916	0.996131	0.997918	0.998856	0.999147	0.996197	0.998604
25080	-1557.825	-1625.267	67.44141	1	0.995216	0.993214	0.994916	0.996131	0.997918	0.998856	0.999147	0.996197	0.998604
25090	-1558.662	-1626.103	67.44141	1	0.995216	0.993214	0.994916	0.996131	0.997918	0.998856	0.999147	0.996197	0.998604
25100	-1557.675	-1625.117	67.44141	1	0.995216	0.993214	0.994916	0.996131	0.997918	0.998856	0.999147	0.996197	0.998604
25110	-1557.696	-1625.137	67.44141	1	0.995216	0.993214	0.994916	0.996131	0.997918	0.998856	0.999147	0.996197	0.998604
25120	-1557.731	-1625.173	67.44141	1	0.995216	0.993214	0.994916	0.996131	0.997918	0.998856	0.999147	0.996197	0.998604
25130	-1557.727	-1625.169	67.44141	1	0.995216	0.993214	0.994916	0.996131	0.997918	0.998856	0.999147	0.996197	0.998604
25140	-1557.636	-1625.078	67.44141	1	0.995216	0.993214	0.994916	0.996131	0.997918	0.998856	0.999147	0.996197	0.998604
25150	-1557.84	-1625.281	67.44141	1	0.995216	0.993214	0.994916	0.996131	0.997918	0.998856	0.999147	0.996197	0.998604
25160	-1557.89	-1625.332	67.44141	1	0.995216	0.993214	0.994916	0.996131	0.997918	0.998856	0.999147	0.996197	0.998604
25170	-1558.252	-1625.693	67.44141	1	0.995216	0.993214	0.994916	0.996131	0.997918	0.998856	0.999147	0.996197	0.998604
25180	-1557.931	-1625.373	67.44141	1	0.995216	0.993214	0.994916	0.996131	0.997918	0.998856	0.999147	0.996197	0.998604
25190	-1557.707	-1625.148	67.44141	1	0.995216	0.993214	0.994916	0.996131	0.997918	0.998856	0.999147	0.996197	0.998604
25200	-1557.714	-1625.156	67.44141	1	0.995216	0.993214	0.994916	0.996131	0.997918	0.998856	0.999147	0.996197	0.998604
25210	-1557.81	-1625.252	67.44141	1	0.995216	0.993214	0.994916	0.996131	0.997918	0.998856	0.999147	0.996197	0.998604
25220	-1557.927	-1625.369	67.44141	1	0.995216	0.993214	0.994916	0.996131	0.997918	0.998856	0.999147	0.996197	0.998604
25230	-1557.686	-1625.128	67.44141	1	0.995216	0.993214	0.994916	0.996131	0.997918	0.998856	0.999147	0.996197	0.998604
25240	-1557.639	-1625.08	67.44141	1	0.995216	0.993214	0.994916	0.996131	0.997918	0.998856	0.999147	0.996197	0.998604
25250	-1557.668	-1625.11	67.44141	1	0.995216	0.993214	0.994916	0.996131	0.997918	0.998856	0.999147	0.996197	0.998604
25260	-1557.634	-1625.075	67.44141	1	0.995216	0.993214	0.994916	0.996131	0.997918	0.998856	0.999147	0.996197	0.998604
25270	-1557.665	-1625.106	67.44141	1	0.995216	0.993214	0.994916	0.996131	0.997918	0.998856	0.999147	0.996197	0.998604
25280	-1557.998	-1625.439	67.44141	1	0.995216	0.993214	0.994916	0.996131	0.997918	0.998856	0.999147	0.996197	0.998604
25290	-1557.737	-1625.179	67.44141	1	0.995216	0.993214	0.994916	0.996131	0.997918	0.998856	0.999147	0.996197	0.998604
25300	-1558.152	-1625.594	67.44141	1	0.995216	0.993214	0.994916	0.996131	0.997918	0.998856	0.999147	0.996197	0.998604
25310	-1558.495	-1625.936	67.44141	1	0.995216	0.993214	0.994916	0.996131	0.997918	0.998856	0.999147	0.996197	0.998604
25320	-1558.222	-1625.663	67.44141	1	0.995216	0.993214	0.994916	0.996131	0.997918	0.998856	0.999147	0.996197	0.998604
25330	-1559.306	-1626.748	67.44141	1	0.995216	0.993214	0.994916	0.996131	0.997918	0.998856	0.999147	0.996197	0.998604
25340	-1558.121	-1625.563	67.44141	1	0.995216	0.993214	0.994916	0.996131	0.997918	0.998856	0.999147	0.996197	0.998604
25350	-1557.636	-1625.077	67.44141	1	0.995216	0.993214	0.994916	0.996131	0.997918	0.998856	0.999147	0.996197	0.998604
25360	-1558.207	-1625.648	67.44141	1	0.995216	0.993214	0.994916	0.996131	0.997918	0.998856	0.999147	0.996197	0.998604
25370	-1560.145	-1627.586	67.44141	1	0.995216	0.993214	0.994916	0.996131	0.997918	0.998856	0.999147	0.996197	0.998604
25380	-1558.34	-1625.781	67.44141	1	0.995216	0.993214	0.994916	0.996131	0.997918	0.998856	0.999147	0.996197	0.998604
25390	-1557.645	-1625.087	67.44141	1	0.995216	0.993214	0.994916	0.996131	0.997918	0.998856	0.999147	0.996197	0.998604
25400	-1557.628	-1625.069	67.44141	1	0.995216	0.993214	0.994916	0.996131	0.997918	0.998856	0.999147	0.996197	0.998604
25410	-1557.686	-1625.127	67.44141	1	0.995216	0.993214	0.994916	0.996131	0.997918	0.998856	0.999147	0.996197	0.998604
25420	-1558.235	-1625.676	67.44141	1	0.995216	0.993214	0.994916	0.996131	0.997918	0.998856	0.999147	0.996197	0.998604
25430	-1558.505	-1625.946	67.44141	1	0.995216	0.993214	0.994916	0.996131	0.997918	0.998856	0.999147	0.996197	0.998604
25440	-1557.734	-1625.175	67.44141	1	0.995216	0.993214	0.994916	0.996131	0.997918	0.998856	0.999147	0.996197	0.998604
25450	-1557.675	-1625.117	67.44141	1	0.995216	0.993214	0.994916	0.996131	0.997918	0.998856	0.999147	0.996197	0.998604
25460	-1560.124	-1627.566	67.44141	1	0.995216	0.993214	0.994916	0.996131	0.997918	0.998856	0.999147	0.996197	0.998604
25470	-1557.633	-1625.075	67.44141	1	0.995216	0.993214	0.994916	0.996131	0.997918	0.998856	0.999147	0.996197	0.998604
25480	-1557.647	-1625.088	67.44141	1	0.995216	0.993214	0.994916	0.996131	0.997918	0.998856	0.999147	0.996197	0.998604
25490	-1557.978	-1625.42	67.44141	1	0.995216	0.993214	0.994916	0.996131	0.997918	0.998856	0.999147	0.996197	0.998604
25500	-1558.201	-1625.642	67.44141	1	0.995216	0.993214	0.994916	0.996131	0.997918	0.998856	0.999147	0.996197	0.998604
25510	-1557.767	-1625.208	67.44141	1	0.995216	0.993214	0.994916	0.996131	0.997918	0.998856	0.999147	0.996197	0.998604
25520	-1557.68	-1625.122	67.44141	1	0.995216	0.993214	0.994916	0.996131	0.997918	0.998856	0.999147	0.996197	0.998604
25530	-1560.766	-1628.208	67.44141	1	0.995216	0.993214	0.994916	0.996131	0.997918	0.998856	0.999147	0.996197	0.998604
25540	-1558.037	-1625.478	67.44141	1	0.995216	0.993214	0.994916	0.996131	0.997918	0.998856	0.999147	0.996197	0.998604
25550	-1559.243	-1626.685	67.44141	1	0.995216	0.993214	0.994916	0.996131	0.997918	0.998856	0.999147	0.996197	0.998604
25560	-1557.889	-1625.331	67.44141	1	0.995216	0.993214	0.994916	0.996131	0.997918	0.998856	0.999147	0.996197	0.998604
25570	-1557.786	-1625.227	67.44141	1	0.995216	0.993214	0.994916	0.996131	0.997918	0.998856	0.999147	0.996197	0.998604
25580	-1557.926	-1625.368	67.44141	1	0.995216	0.993214	0.994916	0.996131	0.997918	0.998856	0.999147	0.996197	0.998604
25590	-1558.398	-1625.839	67.44141	1	0.995216	0.993214	0.994916	0.996131	0.997918	0.998856	0.999147	0.996197	0.998604
25600	-1557.632	-1625.073	67.44141	1	0.995216	0.993214	0.994916	0.996131	0.997918	0.998856	0.999147	0.996197	0.998604
25610	-1557.628	-1625.069	67.44141	1	0.995216	0.993214	0.994916	0.996131	0.997918	0.998856	0.999147	0.996197	0.998604
25620	-1558.523	-1625.965	67.44141	1	0.995216	0.993214	0.994916	0.996131	0.997918	0.998856	0.999147	0.996197	0.998604
25630	-1558.014	-1625.455	67.44141	1	0.995216	0.993214	0.994916	0.996131	0.997918	0.998856	0.999147	0.996197	0.998604
25640	-1557.744	-1625.185	67.44141	1	0.995216	0.993214	0.994916	0.996131	0.997918	0.998856	0.999147	0.996197	0.998604
25650	-1557.868	-1625.309	67.44141	1	0.995216	0.993214	0.994916	0.996131	0.997918	0.998856	0.999147	0.996197	0.998604
25660	-1557.916	-1625.357	67.44141	1	0.995216	0.993214	0.994916	0.996131	0.997918	0.998856	0.999147	0.996197	0.998604
25670	-1558.773	-1626.214	67.44141	1	0.995216	0.993214	0.994916	0.996131	0.997918	0.998856	0.999147	0.996197	0.998604
25680	-1557.909	-1625.35	67.44141	1	0.995216	0.993214	0.994916	0.996131	0.997918	0.998856	0.999147	0.996197	0.998604
25690	-1557.798	-1625.239	67.44141	1	0.995216	0.993214	0.994916	0.996131	0.997918	0.998856	0.999147	0.996197	0.998604
25700	-1557.744	-1625.186	67.44141	1	0.995216	0.993214	0.994916	0.996131	0.997918	0.998856	0.999147	0.996197	0.998604
25710	-1557.645	-1625.087	67.44141	1	0.995216	0.993214	0.994916	0.996131	0.997918	0.998856	0.999147	0.996197	0.998604
25720	-1557.689	-1625.131	67.44141	1	0.995216	0.993214	0.994916	0.996131	0.997918	0.998856	0.999147	0.996197	0.998604
25730	-1557.652	-1625.094	67.44141	1	0.995216	0.993214	0.994916	0.996131	0.997918	0.998856	0.999147	0.996197	0.998604
25740	-1558.548	-1625.989	67.44141	1	0.995216	0.993214	0.994916	0.996131	0.997918	0.998856	0.999147	0.996197	0.998604
25750	-1558.292	-1625.733	67.44141	1	0.995216	0.993214	0.994916	0.996131	0.997918	0.998856	0.999147	0.996197	0.998604
25760	-1557.891	-1625.332	67.44141	1	0.995216	0.993214	0.994916	0.996131	0.997918	0.998856	0.999147	0.996197	0.998604
25770	-1557.709	-1625.151	67.44141	1	0.995216	0.993214	0.994916	0.996131	0.997918	0.998856	0.999147	0.996197	0.998604
25780	-1557.904	-1625.346	67.44141	1	0.995216	0.993214	0.994916	0.996131	0.997918	0.998856	0.999147	0.996197	0.998604
25790	-1557.861	-1625.302	67.44141	1	0.995216	0.993214	0.994916	0.996131	0.997918	0.998856	0.999147	0.996197	0.998604
25800	-1557.648	-1625.089	67.44141	1	0.995216	0.993214	0.994916	0.996131	0.997918	0.998856	0.999147	0.996197	0.998604
25810	-1557.688	-1625.129	67.44141	1	0.995216	0.993214	0.994916	0.996131	0.997918	0.998856	0.999147	0.996197	0.998604
25820	-1559.367	-1626.809	67.44141	1	0.995216	0.993214	0.994916	0.996131	0.997918	0.998856	0.999147	0.996197	0.998604
25830	-1558.314	-1625.755	67.44141	1	0.995216	0.993214	0.994916	0.996131	0.997918	0.998856	0.999147	0.996197	0.998604
25840	-1558.3	-1625.741	67.44141	1	0.995216	0.993214	0.994916	0.996131	0.997918	0.998856	0.999147	0.996197	0.998604
25850	-1557.769	-1625.211	67.44141	1	0.995216	0.993214	0.994916	0.996131	0.997918	0.998856	0.999147	0.996197	0.998604
25860	-1557.628	-1625.07	67.44141	1	0.995216	0.993214	0.994916	0.996131	0.997918	0.998856	0.999147	0.996197	0.998604
25870	-1558.775	-1626.216	67.44141	1	0.995216	0.993214	0.994916	0.996131	0.997918	0.998856	0.999147	0.996197	0.998604
25880	-1557.635	-1625.076	67.44141	1	0.995216	0.993214	0.994916	0.996131	0.997918	0.998856	0.999147	0.996197	0.998604
25890	-1558.237	-1625.679	67.44141	1	0.995216	0.993214	0.994916	0.996131	0.997918	0.998856	0.999147	0.996197	0.998604
25900	-1558.614	-1626.055	67.44141	1	0.995216	0.993214	0.994916	0.996131	0.997918	0.998856	0.999147	0.996197	0.998604
25910	-1557.628	-1625.069	67.44141	1	0.995216	0.993214	0.994916	0.996131	0.997918	0.998856	0.999147	0.996197	0.998604
25920	-1557.649	-1625.091	67.44141	1	0.995216	0.993214	0.994916	0.996131	0.997918	0.998856	0.999147	0.996197	0.998604
25930	-1557.94	-1625.382	67.44141	1	0.995216	0.993214	0.994916	0.996131	0.997918	0.998856	0.999147	0.996197	0.998604
25940	-1557.629	-1625.071	67.44141	1	0.995216	0.993214	0.994916	0.996131	0.997918	0.998856	0.999147	0.996197	0.998604
25950	-1559.19	-1626.631	67.44141	1	0.995216	0.993214	0.994916	0.996131	0.997918	0.998856	0.999147	0.996197	0.998604
25960	-1557.674	-1625.116	67.44141	1	0.995216	0.993214	0.994916	0.996131	0.997918	0.998856	0.999147	0.996197	0.998604
25970	-1558.027	-1625.468	67.44141	1	0.995216	0.993214	0.994916	0.996131	0.997918	0.998856	0.999147	0.996197	0.998604
25980	-1557.897	-1625.339	67.44141	1	0.995216	0.993214	0.994916	0.996131	0.997918	0.998856	0.999147	0.996197	0.998604
25990	-1558.068	-1625.509	67.44141	1	0.995216	0.993214	0.994916	0.996131	0.997918	0.998856	0.999147	0.996197	0.998604
26000	-1557.784	-1625.226	67.44141	1	0.995216	0.993214	0.994916	0.996131	0.997918	0.998856	0.999147	0.996197	0.998604
26010	-1557.643	-1625.084	67.44141	1	0.995216	0.993214	0.994916	0.996131	0.997918	0.998856	0.999147	0.996197	0.998604
26020	-1558.059	-1625.5	67.44141	1	0.995216	0.993214	0.994916	0.996131	0.997918	0.998856	0.999147	0.996197	0.998604
26030	-1559.578	-1627.019	67.44141	1	0.995216	0.993214	0.994916	0.996131	0.997918	0.998856	0.999147	0.996197	0.998604
26040	-1557.628	-1625.069	67.44141	1	0.995216	0.993214	0.994916	0.996131	0.997918	0.998856	0.999147	0.996197	0.998604
26050	-1558.37	-1625.812	67.44141	1	0.995216	0.993214	0.994916	0.996131	0.997918	0.998856	0.999147	0.996197	0.998604
26060	-1557.631	-1625.072	67.44141	1	0.995216	0.993214	0.994916	0.996131	0.997918	0.998856	0.999147	0.996197	0.998604
26070	-1557.851	-1625.292	67.44141	1	0.995216	0.993214	0.994916	0.996131	0.997918	0.998856	0.999147	0.996197	0.998604
26080	-1558.275	-1625.716	67.44141	1	0.995216	0.993214	0.994916	0.996131	0.997918	0.998856	0.999147	0.996197	0.998604
26090	-1558.005	-1625.447	67.44141	1	0.995216	0.993214	0.994916	0.996131	0.997918	0.998856	0.999147	0.996197	0.998604
26100	-1557.76	-1625.201	67.44141	1	0.995216	0.993214	0.994916	0.996131	0.997918	0.998856	0.999147	0.996197	0.998604
26110	-1557.659	-1625.101	67.44141	1	0.995216	0.993214	0.994916	0.996131	0.997918	0.998856	0.999147	0.996197	0.998604
26120	-1557.838	-1625.279	67.44141	1	0.995216	0.993214	0.994916	0.996131	0.997918	0.998856	0.999147	0.996197	0.998604
26130	-1558.016	-1625.458	67.44141	1	0.995216	0.993214	0.994916	0.996131	0.997918	0.998856	0.999147	0.996197	0.998604
26140	-1557.714	-1625.155	67.44141	1	0.995216	0.993214	0.994916	0.996131	0.997918	0.998856	0.999147	0.996197	0.998604
26150	-1558.128	-1625.569	67.44141	1	0.995216	0.993214	0.994916	0.996131	0.997918	0.998856	0.999147	0.996197	0.998604
26160	-1557.768	-1625.209	67.44141	1	0.995216	0.993214	0.994916	0.996131	0.997918	0.998856	0.999147	0.996197	0.998604
26170	-1557.626	-1625.067	67.44141	1	0.995216	0.993214	0.994916	0.996131	0.997918	0.998856	0.999147	0.996197	0.998604
26180	-1557.626	-1625.068	67.44141	1	0.995216	0.993214	0.994916	0.996131	0.997918	0.998856	0.999147	0.996197	0.998604
26190	-1557.676	-1625.117	67.44141	1	0.995216	0.993214	0.994916	0.996131	0.997918	0.998856	0.999147	0.996197	0.998604
26200	-1558.371	-1625.813	67.44141	1	0.995216	0.993214	0.994916	0.996131	0.997918	0.998856	0.999147	0.996197	0.998604
26210	-1558.444	-1625.885	67.44141	1	0.995216	0.993214	0.994916	0.996131	0.997918	0.998856	0.999147	0.996197	0.998604
26220	-1558.085	-1625.527	67.44141	1	0.995216	0.993214	0.994916	0.996131	0.997918	0.998856	0.999147	0.996197	0.998604
26230	-1557.631	-1625.072	67.44141	1	0.995216	0.993214	0.994916	0.996131	0.997918	0.998856	0.999147	0.996197	0.998604
26240	-1557.8	-1625.241	67.44141	1	0.995216	0.993214	0.994916	0.996131	0.997918	0.998856	0.999147	0.996197	0.998604
26250	-1557.696	-1625.137	67.44141	1	0.995216	0.993214	0.994916	0.996131	0.997918	0.998856	0.999147	0.996197	0.998604
26260	-1558.372	-1625.814	67.44141	1	0.995216	0.993214	0.994916	0.996131	0.997918	0.998856	0.999147	0.996197	0.998604
26270	-1557.664	-1625.105	67.44141	1	0.995216	0.993214	0.994916	0.996131	0.997918	0.998856	0.999147	0.996197	0.998604
26280	-1557.663	-1625.105	67.44141	1	0.995216	0.993214	0.994916	0.996131	0.997918	0.998856	0.999147	0.996197	0.998604
26290	-1557.677	-1625.119	67.44141	1	0.995216	0.993214	0.994916	0.996131	0.997918	0.998856	0.999147	0.996197	0.998604
26300	-1557.747	-1625.188	67.44141	1	0.995216	0.993214	0.994916	0.996131	0.997918	0.998856	0.999147	0.996197	0.998604
26310	-1558.193	-1625.635	67.44141	1	0.995216	0.993214	0.994916	0.996131	0.997918	0.998856	0.999147	0.996197	0.998604
26320	-1558.015	-1625.457	67.44141	1	0.995216	0.993214	0.994916	0.996131	0.997918	0.998856	0.999147	0.996197	0.998604
26330	-1557.637	-1625.078	67.44141	1	0.995216	0.993214	0.994916	0.996131	0.997918	0.998856	0.999147	0.996197	0.998604
26340	-1557.895	-1625.336	67.44141	1	0.995216	0.993214	0.994916	0.996131	0.997918	0.998856	0.999147	0.996197	0.998604
26350	-1557.881	-1625.323	67.44141	1	0.995216	0.993214	0.994916	0.996131	0.997918	0.998856	0.999147	0.996197	0.998604
26360	-1559.414	-1626.855	67.44141	1	0.995216	0.993214	0.994916	0.996131	0.997918	0.998856	0.999147	0.996197	0.998604
26370	-1557.676	-1625.117	67.44141	1	0.995216	0.993214	0.994916	0.996131	0.997918	0.998856	0.999147	0.996197	0.998604
26380	-1557.627	-1625.068	67.44141	1	0.995216	0.993214	0.994916	0.996131	0.997918	0.998856	0.999147	0.996197	0.998604
26390	-1557.707	-1625.148	67.44141	1	0.995216	0.993214	0.994916	0.996131	0.997918	0.998856	0.999147	0.996197	0.998604
26400	-1557.801	-1625.242	67.44141	1	0.995216	0.993214	0.994916	0.996131	0.997918	0.998856	0.999147	0.996197	0.998604
26410	-1557.74	-1625.181	67.44141	1	0.995216	0.993214	0.994916	0.996131	0.997918	0.998856	0.999147	0.996197	0.998604
26420	-1557.631	-1625.073	67.44141	1	0.995216	0.993214	0.994916	0.996131	0.997918	0.998856	0.999147	0.996197	0.998604
26430	-1557.814	-1625.256	67.44141	1	0.995216	0.993214	0.994916	0.996131	0.997918	0.998856	0.999147	0.996197	0.998604
26440	-1557.664	-1625.105	67.44141	1	0.995216	0.993214	0.994916	0.996131	0.997918	0.998856	0.999147	0.996197	0.998604
26450	-1558.067	-1625.509	67.44141	1	0.995216	0.993214	0.994916	0.996131	0.997918	0.998856	0.999147	0.996197	0.998604
26460	-1557.628	-1625.07	67.44141	1	0.995216	0.993214	0.994916	0.996131	0.997918	0.998856	0.999147	0.996197	0.998604
26470	-1558.122	-1625.564	67.44141	1	0.995216	0.993214	0.994916	0.996131	0.997918	0.998856	0.999147	0.996197	0.998604
26480	-1557.912	-1625.353	67.44141	1	0.995216	0.993214	0.994916	0.996131	0.997918	0.998856	0.999147	0.996197	0.998604
26490	-1558.855	-1626.296	67.44141	1	0.995216	0.993214	0.994916	0.996131	0.997918	0.998856	0.999147	0.996197	0.998604
26500	-1557.65	-1625.091	67.44141	1	0.995216	0.993214	0.994916	0.996131	0.997918	0.998856	0.999147	0.996197	0.998604
26510	-1558.438	-1625.879	67.44141	1	0.995216	0.993214	0.994916	0.996131	0.997918	0.998856	0.999147	0.996197	0.998604
26520	-1558.424	-1625.866	67.44141	1	0.995216	0.993214	0.994916	0.996131	0.997918	0.998856	0.999147	0.996197	0.998604
26530	-1557.766	-1625.207	67.44141	1	0.995216	0.993214	0.994916	0.996131	0.997918	0.998856	0.999147	0.996197	0.998604
26540	-1557.724	-1625.165	67.44141	1	0.995216	0.993214	0.994916	0.996131	0.997918	0.998856	0.999147	0.996197	0.998604
26550	-1557.655	-1625.097	67.44141	1	0.995216	0.993214	0.994916	0.996131	0.997918	0.998856	0.999147	0.996197	0.998604
26560	-1557.944	-1625.386	67.44141	1	0.995216	0.993214	0.994916	0.996131	0.997918	0.998856	0.999147	0.996197	0.998604
26570	-1557.772	-1625.213	67.44141	1	0.995216	0.993214	0.994916	0.996131	0.997918	0.998856	0.999147	0.996197	0.998604
26580	-1559.341	-1626.782	67.44141	1	0.995216	0.993214	0.994916	0.996131	0.997918	0.998856	0.999147	0.996197	0.998604
26590	-1558.139	-1625.581	67.44141	1	0.995216	0.993214	0.994916	0.996131	0.997918	0.998856	0.999147	0.996197	0.998604
26600	-1557.781	-1625.223	67.44141	1	0.995216	0.993214	0.994916	0.996131	0.997918	0.998856	0.999147	0.996197	0.998604
26610	-1557.854	-1625.295	67.44141	1	0.995216	0.993214	0.994916	0.996131	0.997918	0.998856	0.999147	0.996197	0.998604
26620	-1557.957	-1625.398	67.44141	1	0.995216	0.993214	0.994916	0.996131	0.997918	0.998856	0.999147	0.996197	0.998604
26630	-1557.629	-1625.07	67.44141	1	0.995216	0.993214	0.994916	0.996131	0.997918	0.998856	0.999147	0.996197	0.998604
26640	-1558.286	-1625.727	67.44141	1	0.995216	0.993214	0.994916	0.996131	0.997918	0.998856	0.999147	0.996197	0.998604
26650	-1557.626	-1625.067	67.44141	1	0.995216	0.993214	0.994916	0.996131	0.997918	0.998856	0.999147	0.996197	0.998604
26660	-1558.108	-1625.55	67.44141	1	0.995216	0.993214	0.994916	0.996131	0.997918	0.998856	0.999147	0.996197	0.998604
26670	-1557.802	-1625.243	67.44141	1	0.995216	0.993214	0.994916	0.996131	0.997918	0.998856	0.999147	0.996197	0.998604
26680	-1557.787	-1625.229	67.44141	1	0.995216	0.993214	0.994916	0.996131	0.997918	0.998856	0.999147	0.996197	0.998604
26690	-1557.628	-1625.069	67.44141	1	0.995216	0.993214	0.994916	0.996131	0.997918	0.998856	0.999147	0.996197	0.998604
26700	-1558.015	-1625.457	67.44141	1	0.995216	0.993214	0.994916	0.996131	0.997918	0.998856	0.999147	0.996197	0.998604
26710	-1557.896	-1625.337	67.44141	1	0.995216	0.993214	0.994916	0.996131	0.997918	0.998856	0.999147	0.996197	0.998604
26720	-1558.788	-1626.229	67.44141	1	0.995216	0.993214	0.994916	0.996131	0.997918	0.998856	0.999147	0.996197	0.998604
26730	-1558.417	-1625.858	67.44141	1	0.995216	0.993214	0.994916	0.996131	0.997918	0.998856	0.999147	0.996197	0.998604
26740	-1558.17	-1625.611	67.44141	1	0.995216	0.993214	0.994916	0.996131	0.997918	0.998856	0.999147	0.996197	0.998604
26750	-1557.744	-1625.185	67.44141	1	0.995216	0.993214	0.994916	0.996131	0.997918	0.998856	0.999147	0.996197	0.998604
26760	-1558.462	-1625.904	67.44141	1	0.995216	0.993214	0.994916	0.996131	0.997918	0.998856	0.999147	0.996197	0.998604
26770	-1557.632	-1625.074	67.44141	1	0.995216	0.993214	0.994916	0.996131	0.997918	0.998856	0.999147	0.996197	0.998604
26780	-1558.976	-1626.418	67.44141	1	0.995216	0.993214	0.994916	0.996131	0.997918	0.998856	0.999147	0.996197	0.998604
26790	-1557.967	-1625.408	67.44141	1	0.995216	0.993214	0.994916	0.996131	0.997918	0.998856	0.999147	0.996197	0.998604
26800	-1558.376	-1625.817	67.44141	1	0.995216	0.993214	0.994916	0.996131	0.997918	0.998856	0.999147	0.996197	0.998604
26810	-1557.926	-1625.368	67.44141	1	0.995216	0.993214	0.994916	0.996131	0.997918	0.998856	0.999147	0.996197	0.998604
26820	-1559.475	-1626.916	67.44141	1	0.995216	0.993214	0.994916	0.996131	0.997918	0.998856	0.999147	0.996197	0.998604
26830	-1558.483	-1625.924	67.44141	1	0.995216	0.993214	0.994916	0.996131	0.997918	0.998856	0.999147	0.996197	0.998604
26840	-1557.628	-1625.069	67.44141	1	0.995216	0.993214	0.994916	0.996131	0.997918	0.998856	0.999147	0.996197	0.998604
26850	-1557.633	-1625.074	67.44141	1	0.995216	0.993214	0.994916	0.996131	0.997918	0.998856	0.999147	0.996197	0.998604
26860	-1557.666	-1625.107	67.44141	1	0.995216	0.993214	0.994916	0.996131	0.997918	0.998856	0.999147	0.996197	0.998604
26870	-1557.95	-1625.391	67.44141	1	0.995216	0.993214	0.994916	0.996131	0.997918	0.998856	0.999147	0.996197	0.998604
26880	-1558.071	-1625.512	67.44141	1	0.995216	0.993214	0.994916	0.996131	0.997918	0.998856	0.999147	0.996197	0.998604
26890	-1557.635	-1625.076	67.44141	1	0.995216	0.993214	0.994916	0.996131	0.997918	0.998856	0.999147	0.996197	0.998604
26900	-1558.402	-1625.843	67.44141	1	0.995216	0.993214	0.994916	0.996131	0.997918	0.998856	0.999147	0.996197	0.998604
26910	-1558.224	-1625.665	67.44141	1	0.995216	0.993214	0.994916	0.996131	0.997918	0.998856	0.999147	0.996197	0.998604
26920	-1558.012	-1625.453	67.44141	1	0.995216	0.993214	0.994916	0.996131	0.997918	0.998856	0.999147	0.996197	0.998604
26930	-1558.405	-1625.847	67.44141	1	0.995216	0.993214	0.994916	0.996131	0.997918	0.998856	0.999147	0.996197	0.998604
26940	-1557.644	-1625.085	67.44141	1	0.995216	0.993214	0.994916	0.996131	0.997918	0.998856	0.999147	0.996197	0.998604
26950	-1557.81	-1625.251	67.44141	1	0.995216	0.993214	0.994916	0.996131	0.997918	0.998856	0.999147	0.996197	0.998604
26960	-1557.629	-1625.07	67.44141	1	0.995216	0.993214	0.994916	0.996131	0.997918	0.998856	0.999147	0.996197	0.998604
26970	-1559.685	-1627.127	67.44141	1	0.995216	0.993214	0.994916	0.996131	0.997918	0.998856	0.999147	0.996197	0.998604
26980	-1560.253	-1627.695	67.44141	1	0.995216	0.993214	0.994916	0.996131	0.997918	0.998856	0.999147	0.996197	0.998604
26990	-1560.291	-1627.733	67.44141	1	0.995216	0.993214	0.994916	0.996131	0.997918	0.998856	0.999147	0.996197	0.998604
27000	-1557.631	-1625.072	67.44141	1	0.995216	0.993214	0.994916	0.996131	0.997918	0.998856	0.999147	0.996197	0.998604
27010	-1557.665	-1625.107	67.44141	1	0.995216	0.993214	0.994916	0.996131	0.997918	0.998856	0.999147	0.996197	0.998604
27020	-1557.743	-1625.185	67.44141	1	0.995216	0.993214	0.994916	0.996131	0.997918	0.998856	0.999147	0.996197	0.998604
27030	-1558.116	-1625.558	67.44141	1	0.995216	0.993214	0.994916	0.996131	0.997918	0.998856	0.999147	0.996197	0.998604
27040	-1557.707	-1625.148	67.44141	1	0.995216	0.993214	0.994916	0.996131	0.997918	0.998856	0.999147	0.996197	0.998604
27050	-1557.836	-1625.278	67.44141	1	0.995216	0.993214	0.994916	0.996131	0.997918	0.998856	0.999147	0.996197	0.998604
27060	-1557.668	-1625.109	67.44141	1	0.995216	0.993214	0.994916	0.996131	0.997918	0.998856	0.999147	0.996197	0.998604
27070	-1557.626	-1625.068	67.44141	1	0.995216	0.993214	0.994916	0.996131	0.997918	0.998856	0.999147	0.996197	0.998604
27080	-1558.396	-1625.837	67.44141	1	0.995216	0.993214	0.994916	0.996131	0.997918	0.998856	0.999147	0.996197	0.998604
27090	-1557.697	-1625.139	67.44141	1	0.995216	0.993214	0.994916	0.996131	0.997918	0.998856	0.999147	0.996197	0.998604
27100	-1557.738	-1625.179	67.44141	1	0.995216	0.993214	0.994916	0.996131	0.997918	0.998856	0.999147	0.996197	0.998604
27110	-1557.73	-1625.171	67.44141	1	0.995216	0.993214	0.994916	0.996131	0.997918	0.998856	0.999147	0.996197	0.998604
27120	-1558.101	-1625.542	67.44141	1	0.995216	0.993214	0.994916	0.996131	0.997918	0.998856	0.999147	0.996197	0.998604
27130	-1557.644	-1625.085	67.44141	1	0.995216	0.993214	0.994916	0.996131	0.997918	0.998856	0.999147	0.996197	0.998604
27140	-1557.77	-1625.212	67.44141	1	0.995216	0.993214	0.994916	0.996131	0.997918	0.998856	0.999147	0.996197	0.998604
27150	-1557.941	-1625.383	67.44141	1	0.995216	0.993214	0.994916	0.996131	0.997918	0.998856	0.999147	0.996197	0.998604
27160	-1557.757	-1625.198	67.44141	1	0.995216	0.993214	0.994916	0.996131	0.997918	0.998856	0.999147	0.996197	0.998604
27170	-1559.176	-1626.618	67.44141	1	0.995216	0.993214	0.994916	0.996131	0.997918	0.998856	0.999147	0.996197	0.998604
27180	-1557.671	-1625.113	67.44141	1	0.995216	0.993214	0.994916	0.996131	0.997918	0.998856	0.999147	0.996197	0.998604
27190	-1558.348	-1625.789	67.44141	1	0.995216	0.993214	0.994916	0.996131	0.997918	0.998856	0.999147	0.996197	0.998604
27200	-1557.845	-1625.287	67.44141	1	0.995216	0.993214	0.994916	0.996131	0.997918	0.998856	0.999147	0.996197	0.998604
27210	-1557.638	-1625.08	67.44141	1	0.995216	0.993214	0.994916	0.996131	0.997918	0.998856	0.999147	0.996197	0.998604
27220	-1557.826	-1625.267	67.44141	1	0.995216	0.993214	0.994916	0.996131	0.997918	0.998856	0.999147	0.996197	0.998604
27230	-1557.857	-1625.298	67.44141	1	0.995216	0.993214	0.994916	0.996131	0.997918	0.998856	0.999147	0.996197	0.998604
27240	-1557.643	-1625.085	67.44141	1	0.995216	0.993214	0.994916	0.996131	0.997918	0.998856	0.999147	0.996197	0.998604
27250	-1557.773	-1625.215	67.44141	1	0.995216	0.993214	0.994916	0.996131	0.997918	0.998856	0.999147	0.996197	0.998604
27260	-1557.844	-1625.285	67.44141	1	0.995216	0.993214	0.994916	0.996131	0.997918	0.998856	0.999147	0.996197	0.998604
27270	-1557.882	-1625.324	67.44141	1	0.995216	0.993214	0.994916	0.996131	0.997918	0.998856	0.999147	0.996197	0.998604
27280	-1557.973	-1625.415	67.44141	1	0.995216	0.993214	0.994916	0.996131	0.997918	0.998856	0.999147	0.996197	0.998604
27290	-1557.768	-1625.21	67.44141	1	0.995216	0.993214	0.994916	0.996131	0.997918	0.998856	0.999147	0.996197	0.998604
27300	-1557.769	-1625.211	67.44141	1	0.995216	0.993214	0.994916	0.996131	0.997918	0.998856	0.999147	0.996197	0.998604
27310	-1558.189	-1625.63	67.44141	1	0.995216	0.993214	0.994916	0.996131	0.997918	0.998856	0.999147	0.996197	0.998604
27320	-1557.647	-1625.088	67.44141	1	0.995216	0.993214	0.994916	0.996131	0.997918	0.998856	0.999147	0.996197	0.998604
27330	-1558.167	-1625.608	67.44141	1	0.995216	0.993214	0.994916	0.996131	0.997918	0.998856	0.999147	0.996197	0.998604
27340	-1557.861	-1625.303	67.44141	1	0.995216	0.993214	0.994916	0.996131	0.997918	0.998856	0.999147	0.996197	0.998604
27350	-1558.852	-1626.293	67.44141	1	0.995216	0.993214	0.994916	0.996131	0.997918	0.998856	0.999147	0.996197	0.998604
27360	-1557.67	-1625.112	67.44141	1	0.995216	0.993214	0.994916	0.996131	0.997918	0.998856	0.999147	0.996197	0.998604
27370	-1558.324	-1625.766	67.44141	1	0.995216	0.993214	0.994916	0.996131	0.997918	0.998856	0.999147	0.996197	0.998604
27380	-1557.627	-1625.069	67.44141	1	0.995216	0.993214	0.994916	0.996131	0.997918	0.998856	0.999147	0.996197	0.998604
27390	-1558.444	-1625.886	67.44141	1	0.995216	0.993214	0.994916	0.996131	0.997918	0.998856	0.999147	0.996197	0.998604
27400	-1557.888	-1625.329	67.44141	1	0.995216	0.993214	0.994916	0.996131	0.997918	0.998856	0.999147	0.996197	0.998604
27410	-1557.627	-1625.068	67.44141	1	0.995216	0.993214	0.994916	0.996131	0.997918	0.998856	0.999147	0.996197	0.998604
27420	-1557.626	-1625.068	67.44141	1	0.995216	0.993214	0.994916	0.996131	0.997918	0.998856	0.999147	0.996197	0.998604
27430	-1558.035	-1625.476	67.44141	1	0.995216	0.993214	0.994916	0.996131	0.997918	0.998856	0.999147	0.996197	0.998604
27440	-1558.049	-1625.491	67.44141	1	0.995216	0.993214	0.994916	0.996131	0.997918	0.998856	0.999147	0.996197	0.998604
27450	-1557.734	-1625.175	67.44141	1	0.995216	0.993214	0.994916	0.996131	0.997918	0.998856	0.999147	0.996197	0.998604
27460	-1557.72	-1625.162	67.44141	1	0.995216	0.993214	0.994916	0.996131	0.997918	0.998856	0.999147	0.996197	0.998604
27470	-1558.31	-1625.751	67.44141	1	0.995216	0.993214	0.994916	0.996131	0.997918	0.998856	0.999147	0.996197	0.998604
27480	-1557.809	-1625.25	67.44141	1	0.995216	0.993214	0.994916	0.996131	0.997918	0.998856	0.999147	0.996197	0.998604
27490	-1557.649	-1625.09	67.44141	1	0.995216	0.993214	0.994916	0.996131	0.997918	0.998856	0.999147	0.996197	0.998604
27500	-1557.714	-1625.156	67.44141	1	0.995216	0.993214	0.994916	0.996131	0.997918	0.998856	0.999147	0.996197	0.998604
27510	-1557.768	-1625.209	67.44141	1	0.995216	0.993214	0.994916	0.996131	0.997918	0.998856	0.999147	0.996197	0.998604
27520	-1557.631	-1625.072	67.44141	1	0.995216	0.993214	0.994916	0.996131	0.997918	0.998856	0.999147	0.996197	0.998604
27530	-1558	-1625.441	67.44141	1	0.995216	0.993214	0.994916	0.996131	0.997918	0.998856	0.999147	0.996197	0.998604
27540	-1557.628	-1625.07	67.44141	1	0.995216	0.993214	0.994916	0.996131	0.997918	0.998856	0.999147	0.996197	0.998604
27550	-1558.598	-1626.04	67.44141	1	0.995216	0.993214	0.994916	0.996131	0.997918	0.998856	0.999147	0.996197	0.998604
27560	-1558.211	-1625.653	67.44141	1	0.995216	0.993214	0.994916	0.996131	0.997918	0.998856	0.999147	0.996197	0.998604
27570	-1557.626	-1625.067	67.44141	1	0.995216	0.993214	0.994916	0.996131	0.997918	0.998856	0.999147	0.996197	0.998604
27580	-1558.029	-1625.471	67.44141	1	0.995216	0.993214	0.994916	0.996131	0.997918	0.998856	0.999147	0.996197	0.998604
27590	-1557.838	-1625.279	67.44141	1	0.995216	0.993214	0.994916	0.996131	0.997918	0.998856	0.999147	0.996197	0.998604
27600	-1557.661	-1625.103	67.44141	1	0.995216	0.993214	0.994916	0.996131	0.997918	0.998856	0.999147	0.996197	0.998604
27610	-1558.842	-1626.283	67.44141	1	0.995216	0.993214	0.994916	0.996131	0.997918	0.998856	0.999147	0.996197	0.998604
27620	-1559.591	-1627.033	67.44141	1	0.995216	0.993214	0.994916	0.996131	0.997918	0.998856	0.999147	0.996197	0.998604
27630	-1559.128	-1626.569	67.44141	1	0.995216	0.993214	0.994916	0.996131	0.997918	0.998856	0.999147	0.996197	0.998604
27640	-1558.123	-1625.564	67.44141	1	0.995216	0.993214	0.994916	0.996131	0.997918	0.998856	0.999147	0.996197	0.998604
27650	-1558.147	-1625.588	67.44141	1	0.995216	0.993214	0.994916	0.996131	0.997918	0.998856	0.999147	0.996197	0.998604
27660	-1557.657	-1625.099	67.44141	1	0.995216	0.993214	0.994916	0.996131	0.997918	0.998856	0.999147	0.996197	0.998604
27670	-1557.901	-1625.342	67.44141	1	0.995216	0.993214	0.994916	0.996131	0.997918	0.998856	0.999147	0.996197	0.998604
27680	-1558.46	-1625.901	67.44141	1	0.995216	0.993214	0.994916	0.996131	0.997918	0.998856	0.999147	0.996197	0.998604
27690	-1557.704	-1625.146	67.44141	1	0.995216	0.993214	0.994916	0.996131	0.997918	0.998856	0.999147	0.996197	0.998604
27700	-1559.218	-1626.659	67.44141	1	0.995216	0.993214	0.994916	0.996131	0.997918	0.998856	0.999147	0.996197	0.998604
27710	-1558.545	-1625.987	67.44141	1	0.995216	0.993214	0.994916	0.996131	0.997918	0.998856	0.999147	0.996197	0.998604
27720	-1557.703	-1625.145	67.44141	1	0.995216	0.993214	0.994916	0.996131	0.997918	0.998856	0.999147	0.996197	0.998604
27730	-1557.842	-1625.283	67.44141	1	0.995216	0.993214	0.994916	0.996131	0.997918	0.998856	0.999147	0.996197	0.998604
27740	-1557.991	-1625.433	67.44141	1	0.995216	0.993214	0.994916	0.996131	0.997918	0.998856	0.999147	0.996197	0.998604
27750	-1558.287	-1625.728	67.44141	1	0.995216	0.993214	0.994916	0.996131	0.997918	0.998856	0.999147	0.996197	0.998604
27760	-1560.273	-1627.715	67.44141	1	0.995216	0.993214	0.994916	0.996131	0.997918	0.998856	0.999147	0.996197	0.998604
27770	-1557.626	-1625.067	67.44141	1	0.995216	0.993214	0.994916	0.996131	0.997918	0.998856	0.999147	0.996197	0.998604
27780	-1557.843	-1625.285	67.44141	1	0.995216	0.993214	0.994916	0.996131	0.997918	0.998856	0.999147	0.996197	0.998604
27790	-1557.627	-1625.069	67.44141	1	0.995216	0.993214	0.994916	0.996131	0.997918	0.998856	0.999147	0.996197	0.998604
27800	-1557.675	-1625.116	67.44141	1	0.995216	0.993214	0.994916	0.996131	0.997918	0.998856	0.999147	0.996197	0.998604
27810	-1557.901	-1625.342	67.44141	1	0.995216	0.993214	0.994916	0.996131	0.997918	0.998856	0.999147	0.996197	0.998604
27820	-1557.647	-1625.088	67.44141	1	0.995216	0.993214	0.994916	0.996131	0.997918	0.998856	0.999147	0.996197	0.998604
27830	-1557.746	-1625.187	67.44141	1	0.995216	0.993214	0.994916	0.996131	0.997918	0.998856	0.999147	0.996197	0.998604
27840	-1558.389	-1625.83	67.44141	1	0.995216	0.993214	0.994916	0.996131	0.997918	0.998856	0.999147	0.996197	0.998604
27850	-1558.012	-1625.453	67.44141	1	0.995216	0.993214	0.994916	0.996131	0.997918	0.998856	0.999147	0.996197	0.998604
27860	-1557.91	-1625.352	67.44141	1	0.995216	0.993214	0.994916	0.996131	0.997918	0.998856	0.999147	0.996197	0.998604
27870	-1558.025	-1625.466	67.44141	1	0.995216	0.993214	0.994916	0.996131	0.997918	0.998856	0.999147	0.996197	0.998604
27880	-1559.536	-1626.977	67.44141	1	0.995216	0.993214	0.994916	0.996131	0.997918	0.998856	0.999147	0.996197	0.998604
27890	-1558.39	-1625.832	67.44141	1	0.995216	0.993214	0.994916	0.996131	0.997918	0.998856	0.999147	0.996197	0.998604
27900	-1557.626	-1625.068	67.44141	1	0.995216	0.993214	0.994916	0.996131	0.997918	0.998856	0.999147	0.996197	0.998604
27910	-1558.033	-1625.475	67.44141	1	0.995216	0.993214	0.994916	0.996131	0.997918	0.998856	0.999147	0.996197	0.998604
27920	-1558.755	-1626.196	67.44141	1	0.995216	0.993214	0.994916	0.996131	0.997918	0.998856	0.999147	0.996197	0.998604
27930	-1557.659	-1625.1	67.44141	1	0.995216	0.993214	0.994916	0.996131	0.997918	0.998856	0.999147	0.996197	0.998604
27940	-1558.148	-1625.589	67.44141	1	0.995216	0.993214	0.994916	0.996131	0.997918	0.998856	0.999147	0.996197	0.998604
27950	-1559.005	-1626.446	67.44141	1	0.995216	0.993214	0.994916	0.996131	0.997918	0.998856	0.999147	0.996197	0.998604
27960	-1557.647	-1625.088	67.44141	1	0.995216	0.993214	0.994916	0.996131	0.997918	0.998856	0.999147	0.996197	0.998604
27970	-1557.745	-1625.186	67.44141	1	0.995216	0.993214	0.994916	0.996131	0.997918	0.998856	0.999147	0.996197	0.998604
27980	-1557.752	-1625.194	67.44141	1	0.995216	0.993214	0.994916	0.996131	0.997918	0.998856	0.999147	0.996197	0.998604
27990	-1557.652	-1625.093	67.44141	1	0.995216	0.993214	0.994916	0.996131	0.997918	0.998856	0.999147	0.996197	0.998604
28000	-1557.661	-1625.102	67.44141	1	0.995216	0.993214	0.994916	0.996131	0.997918	0.998856	0.999147	0.996197	0.998604
28010	-1558.631	-1626.073	67.44141	1	0.995216	0.993214	0.994916	0.996131	0.997918	0.998856	0.999147	0.996197	0.998604
28020	-1557.629	-1625.07	67.44141	1	0.995216	0.993214	0.994916	0.996131	0.997918	0.998856	0.999147	0.996197	0.998604
28030	-1557.961	-1625.403	67.44141	1	0.995216	0.993214	0.994916	0.996131	0.997918	0.998856	0.999147	0.996197	0.998604
28040	-1558.602	-1626.044	67.44141	1	0.995216	0.993214	0.994916	0.996131	0.997918	0.998856	0.999147	0.996197	0.998604
28050	-1558.111	-1625.552	67.44141	1	0.995216	0.993214	0.994916	0.996131	0.997918	0.998856	0.999147	0.996197	0.998604
28060	-1559.395	-1626.836	67.44141	1	0.995216	0.993214	0.994916	0.996131	0.997918	0.998856	0.999147	0.996197	0.998604
28070	-1557.817	-1625.258	67.44141	1	0.995216	0.993214	0.994916	0.996131	0.997918	0.998856	0.999147	0.996197	0.998604
28080	-1557.807	-1625.248	67.44141	1	0.995216	0.993214	0.994916	0.996131	0.997918	0.998856	0.999147	0.996197	0.998604
28090	-1558.681	-1626.123	67.44141	1	0.995216	0.993214	0.994916	0.996131	0.997918	0.998856	0.999147	0.996197	0.998604
28100	-1557.648	-1625.09	67.44141	1	0.995216	0.993214	0.994916	0.996131	0.997918	0.998856	0.999147	0.996197	0.998604
28110	-1558.994	-1626.435	67.44141	1	0.995216	0.993214	0.994916	0.996131	0.997918	0.998856	0.999147	0.996197	0.998604
28120	-1557.695	-1625.137	67.44141	1	0.995216	0.993214	0.994916	0.996131	0.997918	0.998856	0.999147	0.996197	0.998604
28130	-1558.57	-1626.012	67.44141	1	0.995216	0.993214	0.994916	0.996131	0.997918	0.998856	0.999147	0.996197	0.998604
28140	-1559.22	-1626.661	67.44141	1	0.995216	0.993214	0.994916	0.996131	0.997918	0.998856	0.999147	0.996197	0.998604
28150	-1557.706	-1625.148	67.44141	1	0.995216	0.993214	0.994916	0.996131	0.997918	0.998856	0.999147	0.996197	0.998604
28160	-1557.676	-1625.117	67.44141	1	0.995216	0.993214	0.994916	0.996131	0.997918	0.998856	0.999147	0.996197	0.998604
28170	-1558.053	-1625.495	67.44141	1	0.995216	0.993214	0.994916	0.996131	0.997918	0.998856	0.999147	0.996197	0.998604
28180	-1558.228	-1625.67	67.44141	1	0.995216	0.993214	0.994916	0.996131	0.997918	0.998856	0.999147	0.996197	0.998604
28190	-1558.04	-1625.482	67.44141	1	0.995216	0.993214	0.994916	0.996131	0.997918	0.998856	0.999147	0.996197	0.998604
28200	-1557.635	-1625.077	67.44141	1	0.995216	0.993214	0.994916	0.996131	0.997918	0.998856	0.999147	0.996197	0.998604
28210	-1557.645	-1625.087	67.44141	1	0.995216	0.993214	0.994916	0.996131	0.997918	0.998856	0.999147	0.996197	0.998604
28220	-1557.964	-1625.405	67.44141	1	0.995216	0.993214	0.994916	0.996131	0.997918	0.998856	0.999147	0.996197	0.998604
28230	-1557.682	-1625.124	67.44141	1	0.995216	0.993214	0.994916	0.996131	0.997918	0.998856	0.999147	0.996197	0.998604
28240	-1557.628	-1625.07	67.44141	1	0.995216	0.993214	0.994916	0.996131	0.997918	0.998856	0.999147	0.996197	0.998604
28250	-1557.881	-1625.322	67.44141	1	0.995216	0.993214	0.994916	0.996131	0.997918	0.998856	0.999147	0.996197	0.998604
28260	-1557.737	-1625.179	67.44141	1	0.995216	0.993214	0.994916	0.996131	0.997918	0.998856	0.999147	0.996197	0.998604
28270	-1558.145	-1625.586	67.44141	1	0.995216	0.993214	0.994916	0.996131	0.997918	0.998856	0.999147	0.996197	0.998604
28280	-1557.86	-1625.301	67.44141	1	0.995216	0.993214	0.994916	0.996131	0.997918	0.998856	0.999147	0.996197	0.998604
28290	-1558.376	-1625.817	67.44141	1	0.995216	0.993214	0.994916	0.996131	0.997918	0.998856	0.999147	0.996197	0.998604
28300	-1558.134	-1625.575	67.44141	1	0.995216	0.993214	0.994916	0.996131	0.997918	0.998856	0.999147	0.996197	0.998604
28310	-1558.384	-1625.826	67.44141	1	0.995216	0.993214	0.994916	0.996131	0.997918	0.998856	0.999147	0.996197	0.998604
28320	-1557.676	-1625.117	67.44141	1	0.995216	0.993214	0.994916	0.996131	0.997918	0.998856	0.999147	0.996197	0.998604
28330	-1558.047	-1625.489	67.44141	1	0.995216	0.993214	0.994916	0.996131	0.997918	0.998856	0.999147	0.996197	0.998604
28340	-1558.201	-1625.643	67.44141	1	0.995216	0.993214	0.994916	0.996131	0.997918	0.998856	0.999147	0.996197	0.998604
28350	-1558.074	-1625.515	67.44141	1	0.995216	0.993214	0.994916	0.996131	0.997918	0.998856	0.999147	0.996197	0.998604
28360	-1557.771	-1625.212	67.44141	1	0.995216	0.993214	0.994916	0.996131	0.997918	0.998856	0.999147	0.996197	0.998604
28370	-1558.675	-1626.117	67.44141	1	0.995216	0.993214	0.994916	0.996131	0.997918	0.998856	0.999147	0.996197	0.998604
28380	-1559.424	-1626.865	67.44141	1	0.995216	0.993214	0.994916	0.996131	0.997918	0.998856	0.999147	0.996197	0.998604
28390	-1557.693	-1625.134	67.44141	1	0.995216	0.993214	0.994916	0.996131	0.997918	0.998856	0.999147	0.996197	0.998604
28400	-1558.573	-1626.015	67.44141	1	0.995216	0.993214	0.994916	0.996131	0.997918	0.998856	0.999147	0.996197	0.998604
28410	-1558.159	-1625.6	67.44141	1	0.995216	0.993214	0.994916	0.996131	0.997918	0.998856	0.999147	0.996197	0.998604
28420	-1558.231	-1625.672	67.44141	1	0.995216	0.993214	0.994916	0.996131	0.997918	0.998856	0.999147	0.996197	0.998604
28430	-1560.084	-1627.526	67.44141	1	0.995216	0.993214	0.994916	0.996131	0.997918	0.998856	0.999147	0.996197	0.998604
28440	-1559.095	-1626.537	67.44141	1	0.995216	0.993214	0.994916	0.996131	0.997918	0.998856	0.999147	0.996197	0.998604
28450	-1558.15	-1625.591	67.44141	1	0.995216	0.993214	0.994916	0.996131	0.997918	0.998856	0.999147	0.996197	0.998604
28460	-1557.751	-1625.193	67.44141	1	0.995216	0.993214	0.994916	0.996131	0.997918	0.998856	0.999147	0.996197	0.998604
28470	-1557.629	-1625.071	67.44141	1	0.995216	0.993214	0.994916	0.996131	0.997918	0.998856	0.999147	0.996197	0.998604
28480	-1558.474	-1625.915	67.44141	1	0.995216	0.993214	0.994916	0.996131	0.997918	0.998856	0.999147	0.996197	0.998604
28490	-1558.793	-1626.234	67.44141	1	0.995216	0.993214	0.994916	0.996131	0.997918	0.998856	0.999147	0.996197	0.998604
28500	-1557.762	-1625.204	67.44141	1	0.995216	0.993214	0.994916	0.996131	0.997918	0.998856	0.999147	0.996197	0.998604
28510	-1557.75	-1625.192	67.44141	1	0.995216	0.993214	0.994916	0.996131	0.997918	0.998856	0.999147	0.996197	0.998604
28520	-1557.665	-1625.106	67.44141	1	0.995216	0.993214	0.994916	0.996131	0.997918	0.998856	0.999147	0.996197	0.998604
28530	-1557.737	-1625.179	67.44141	1	0.995216	0.993214	0.994916	0.996131	0.997918	0.998856	0.999147	0.996197	0.998604
28540	-1557.761	-1625.203	67.44141	1	0.995216	0.993214	0.994916	0.996131	0.997918	0.998856	0.999147	0.996197	0.998604
28550	-1558.814	-1626.255	67.44141	1	0.995216	0.993214	0.994916	0.996131	0.997918	0.998856	0.999147	0.996197	0.998604
28560	-1557.724	-1625.166	67.44141	1	0.995216	0.993214	0.994916	0.996131	0.997918	0.998856	0.999147	0.996197	0.998604
28570	-1558.391	-1625.832	67.44141	1	0.995216	0.993214	0.994916	0.996131	0.997918	0.998856	0.999147	0.996197	0.998604
28580	-1557.969	-1625.41	67.44141	1	0.995216	0.993214	0.994916	0.996131	0.997918	0.998856	0.999147	0.996197	0.998604
28590	-1558.045	-1625.487	67.44141	1	0.995216	0.993214	0.994916	0.996131	0.997918	0.998856	0.999147	0.996197	0.998604
28600	-1559.299	-1626.74	67.44141	1	0.995216	0.993214	0.994916	0.996131	0.997918	0.998856	0.999147	0.996197	0.998604
28610	-1557.68	-1625.121	67.44141	1	0.995216	0.993214	0.994916	0.996131	0.997918	0.998856	0.999147	0.996197	0.998604
28620	-1558.224	-1625.666	67.44141	1	0.995216	0.993214	0.994916	0.996131	0.997918	0.998856	0.999147	0.996197	0.998604
28630	-1557.838	-1625.28	67.44141	1	0.995216	0.993214	0.994916	0.996131	0.997918	0.998856	0.999147	0.996197	0.998604
28640	-1558.764	-1626.205	67.44141	1	0.995216	0.993214	0.994916	0.996131	0.997918	0.998856	0.999147	0.996197	0.998604
28650	-1557.658	-1625.1	67.44141	1	0.995216	0.993214	0.994916	0.996131	0.997918	0.998856	0.999147	0.996197	0.998604
28660	-1558.343	-1625.784	67.44141	1	0.995216	0.993214	0.994916	0.996131	0.997918	0.998856	0.999147	0.996197	0.998604
28670	-1558.249	-1625.69	67.44141	1	0.995216	0.993214	0.994916	0.996131	0.997918	0.998856	0.999147	0.996197	0.998604
28680	-1557.747	-1625.189	67.44141	1	0.995216	0.993214	0.994916	0.996131	0.997918	0.998856	0.999147	0.996197	0.998604
28690	-1557.743	-1625.185	67.44141	1	0.995216	0.993214	0.994916	0.996131	0.997918	0.998856	0.999147	0.996197	0.998604
28700	-1557.716	-1625.158	67.44141	1	0.995216	0.993214	0.994916	0.996131	0.997918	0.998856	0.999147	0.996197	0.998604
28710	-1557.842	-1625.284	67.44141	1	0.995216	0.993214	0.994916	0.996131	0.997918	0.998856	0.999147	0.996197	0.998604
28720	-1557.937	-1625.378	67.44141	1	0.995216	0.993214	0.994916	0.996131	0.997918	0.998856	0.999147	0.996197	0.998604
28730	-1557.736	-1625.178	67.44141	1	0.995216	0.993214	0.994916	0.996131	0.997918	0.998856	0.999147	0.996197	0.998604
28740	-1557.743	-1625.184	67.44141	1	0.995216	0.993214	0.994916	0.996131	0.997918	0.998856	0.999147	0.996197	0.998604
28750	-1557.677	-1625.118	67.44141	1	0.995216	0.993214	0.994916	0.996131	0.997918	0.998856	0.999147	0.996197	0.998604
28760	-1558.428	-1625.87	67.44141	1	0.995216	0.993214	0.994916	0.996131	0.997918	0.998856	0.999147	0.996197	0.998604
28770	-1557.768	-1625.209	67.44141	1	0.995216	0.993214	0.994916	0.996131	0.997918	0.998856	0.999147	0.996197	0.998604
28780	-1558.374	-1625.815	67.44141	1	0.995216	0.993214	0.994916	0.996131	0.997918	0.998856	0.999147	0.996197	0.998604
28790	-1558.027	-1625.469	67.44141	1	0.995216	0.993214	0.994916	0.996131	0.997918	0.998856	0.999147	0.996197	0.998604
28800	-1557.652	-1625.093	67.44141	1	0.995216	0.993214	0.994916	0.996131	0.997918	0.998856	0.999147	0.996197	0.998604
28810	-1557.626	-1625.068	67.44141	1	0.995216	0.993214	0.994916	0.996131	0.997918	0.998856	0.999147	0.996197	0.998604
28820	-1557.652	-1625.094	67.44141	1	0.995216	0.993214	0.994916	0.996131	0.997918	0.998856	0.999147	0.996197	0.998604
28830	-1560.477	-1627.918	67.44141	1	0.995216	0.993214	0.994916	0.996131	0.997918	0.998856	0.999147	0.996197	0.998604
28840	-1558.783	-1626.225	67.44141	1	0.995216	0.993214	0.994916	0.996131	0.997918	0.998856	0.999147	0.996197	0.998604
28850	-1557.685	-1625.127	67.44141	1	0.995216	0.993214	0.994916	0.996131	0.997918	0.998856	0.999147	0.996197	0.998604
28860	-1557.635	-1625.077	67.44141	1	0.995216	0.993214	0.994916	0.996131	0.997918	0.998856	0.999147	0.996197	0.998604
28870	-1558.435	-1625.877	67.44141	1	0.995216	0.993214	0.994916	0.996131	0.997918	0.998856	0.999147	0.996197	0.998604
28880	-1558.135	-1625.576	67.44141	1	0.995216	0.993214	0.994916	0.996131	0.997918	0.998856	0.999147	0.996197	0.998604
28890	-1557.649	-1625.091	67.44141	1	0.995216	0.993214	0.994916	0.996131	0.997918	0.998856	0.999147	0.996197	0.998604
28900	-1559.617	-1627.059	67.44141	1	0.995216	0.993214	0.994916	0.996131	0.997918	0.998856	0.999147	0.996197	0.998604
28910	-1558.461	-1625.902	67.44141	1	0.995216	0.993214	0.994916	0.996131	0.997918	0.998856	0.999147	0.996197	0.998604
28920	-1558.461	-1625.902	67.44141	1	0.995216	0.993214	0.994916	0.996131	0.997918	0.998856	0.999147	0.996197	0.998604
28930	-1557.764	-1625.206	67.44141	1	0.995216	0.993214	0.994916	0.996131	0.997918	0.998856	0.999147	0.996197	0.998604
28940	-1558.464	-1625.905	67.44141	1	0.995216	0.993214	0.994916	0.996131	0.997918	0.998856	0.999147	0.996197	0.998604
28950	-1559.422	-1626.864	67.44141	1	0.995216	0.993214	0.994916	0.996131	0.997918	0.998856	0.999147	0.996197	0.998604
28960	-1557.863	-1625.305	67.44141	1	0.995216	0.993214	0.994916	0.996131	0.997918	0.998856	0.999147	0.996197	0.998604
28970	-1558.479	-1625.92	67.44141	1	0.995216	0.993214	0.994916	0.996131	0.997918	0.998856	0.999147	0.996197	0.998604
28980	-1557.649	-1625.091	67.44141	1	0.995216	0.993214	0.994916	0.996131	0.997918	0.998856	0.999147	0.996197	0.998604
28990	-1557.649	-1625.09	67.44141	1	0.995216	0.993214	0.994916	0.996131	0.997918	0.998856	0.999147	0.996197	0.998604
29000	-1558.69	-1626.131	67.44141	1	0.995216	0.993214	0.994916	0.996131	0.997918	0.998856	0.999147	0.996197	0.998604
29010	-1557.995	-1625.436	67.44141	1	0.995216	0.993214	0.994916	0.996131	0.997918	0.998856	0.999147	0.996197	0.998604
29020	-1557.632	-1625.073	67.44141	1	0.995216	0.993214	0.994916	0.996131	0.997918	0.998856	0.999147	0.996197	0.998604
29030	-1558.843	-1626.285	67.44141	1	0.995216	0.993214	0.994916	0.996131	0.997918	0.998856	0.999147	0.996197	0.998604
29040	-1557.871	-1625.313	67.44141	1	0.995216	0.993214	0.994916	0.996131	0.997918	0.998856	0.999147	0.996197	0.998604
29050	-1557.85	-1625.291	67.44141	1	0.995216	0.993214	0.994916	0.996131	0.997918	0.998856	0.999147	0.996197	0.998604
29060	-1557.626	-1625.067	67.44141	1	0.995216	0.993214	0.994916	0.996131	0.997918	0.998856	0.999147	0.996197	0.998604
29070	-1558.129	-1625.571	67.44141	1	0.995216	0.993214	0.994916	0.996131	0.997918	0.998856	0.999147	0.996197	0.998604
29080	-1557.909	-1625.35	67.44141	1	0.995216	0.993214	0.994916	0.996131	0.997918	0.998856	0.999147	0.996197	0.998604
29090	-1557.76	-1625.201	67.44141	1	0.995216	0.993214	0.994916	0.996131	0.997918	0.998856	0.999147	0.996197	0.998604
29100	-1558.008	-1625.45	67.44141	1	0.995216	0.993214	0.994916	0.996131	0.997918	0.998856	0.999147	0.996197	0.998604
29110	-1558.223	-1625.664	67.44141	1	0.995216	0.993214	0.994916	0.996131	0.997918	0.998856	0.999147	0.996197	0.998604
29120	-1557.759	-1625.201	67.44141	1	0.995216	0.993214	0.994916	0.996131	0.997918	0.998856	0.999147	0.996197	0.998604
29130	-1557.663	-1625.104	67.44141	1	0.995216	0.993214	0.994916	0.996131	0.997918	0.998856	0.999147	0.996197	0.998604
29140	-1557.775	-1625.217	67.44141	1	0.995216	0.993214	0.994916	0.996131	0.997918	0.998856	0.999147	0.996197	0.998604
29150	-1558.362	-1625.803	67.44141	1	0.995216	0.993214	0.994916	0.996131	0.997918	0.998856	0.999147	0.996197	0.998604
29160	-1557.746	-1625.188	67.44141	1	0.995216	0.993214	0.994916	0.996131	0.997918	0.998856	0.999147	0.996197	0.998604
29170	-1557.747	-1625.188	67.44141	1	0.995216	0.993214	0.994916	0.996131	0.997918	0.998856	0.999147	0.996197	0.998604
29180	-1557.724	-1625.165	67.44141	1	0.995216	0.993214	0.994916	0.996131	0.997918	0.998856	0.999147	0.996197	0.998604
29190	-1557.704	-1625.146	67.44141	1	0.995216	0.993214	0.994916	0.996131	0.997918	0.998856	0.999147	0.996197	0.998604
29200	-1558.958	-1626.399	67.44141	1	0.995216	0.993214	0.994916	0.996131	0.997918	0.998856	0.999147	0.996197	0.998604
29210	-1558.71	-1626.152	67.44141	1	0.995216	0.993214	0.994916	0.996131	0.997918	0.998856	0.999147	0.996197	0.998604
29220	-1558.232	-1625.674	67.44141	1	0.995216	0.993214	0.994916	0.996131	0.997918	0.998856	0.999147	0.996197	0.998604
29230	-1557.645	-1625.086	67.44141	1	0.995216	0.993214	0.994916	0.996131	0.997918	0.998856	0.999147	0.996197	0.998604
29240	-1558.043	-1625.484	67.44141	1	0.995216	0.993214	0.994916	0.996131	0.997918	0.998856	0.999147	0.996197	0.998604
29250	-1558.781	-1626.222	67.44141	1	0.995216	0.993214	0.994916	0.996131	0.997918	0.998856	0.999147	0.996197	0.998604
29260	-1557.658	-1625.099	67.44141	1	0.995216	0.993214	0.994916	0.996131	0.997918	0.998856	0.999147	0.996197	0.998604
29270	-1557.641	-1625.083	67.44141	1	0.995216	0.993214	0.994916	0.996131	0.997918	0.998856	0.999147	0.996197	0.998604
29280	-1557.677	-1625.119	67.44141	1	0.995216	0.993214	0.994916	0.996131	0.997918	0.998856	0.999147	0.996197	0.998604
29290	-1557.682	-1625.123	67.44141	1	0.995216	0.993214	0.994916	0.996131	0.997918	0.998856	0.999147	0.996197	0.998604
29300	-1557.752	-1625.194	67.44141	1	0.995216	0.993214	0.994916	0.996131	0.997918	0.998856	0.999147	0.996197	0.998604
29310	-1557.76	-1625.202	67.44141	1	0.995216	0.993214	0.994916	0.996131	0.997918	0.998856	0.999147	0.996197	0.998604
29320	-1557.626	-1625.067	67.44141	1	0.995216	0.993214	0.994916	0.996131	0.997918	0.998856	0.999147	0.996197	0.998604
29330	-1558.525	-1625.967	67.44141	1	0.995216	0.993214	0.994916	0.996131	0.997918	0.998856	0.999147	0.996197	0.998604
29340	-1557.819	-1625.26	67.44141	1	0.995216	0.993214	0.994916	0.996131	0.997918	0.998856	0.999147	0.996197	0.998604
29350	-1557.629	-1625.07	67.44141	1	0.995216	0.993214	0.994916	0.996131	0.997918	0.998856	0.999147	0.996197	0.998604
29360	-1558.052	-1625.493	67.44141	1	0.995216	0.993214	0.994916	0.996131	0.997918	0.998856	0.999147	0.996197	0.998604
29370	-1557.905	-1625.346	67.44141	1	0.995216	0.993214	0.994916	0.996131	0.997918	0.998856	0.999147	0.996197	0.998604
29380	-1557.708	-1625.149	67.44141	1	0.995216	0.993214	0.994916	0.996131	0.997918	0.998856	0.999147	0.996197	0.998604
29390	-1559.031	-1626.472	67.44141	1	0.995216	0.993214	0.994916	0.996131	0.997918	0.998856	0.999147	0.996197	0.998604
29400	-1558.589	-1626.031	67.44141	1	0.995216	0.993214	0.994916	0.996131	0.997918	0.998856	0.999147	0.996197	0.998604
29410	-1558.497	-1625.938	67.44141	1	0.995216	0.993214	0.994916	0.996131	0.997918	0.998856	0.999147	0.996197	0.998604
29420	-1557.853	-1625.294	67.44141	1	0.995216	0.993214	0.994916	0.996131	0.997918	0.998856	0.999147	0.996197	0.998604
29430	-1557.632	-1625.074	67.44141	1	0.995216	0.993214	0.994916	0.996131	0.997918	0.998856	0.999147	0.996197	0.998604
29440	-1558.998	-1626.44	67.44141	1	0.995216	0.993214	0.994916	0.996131	0.997918	0.998856	0.999147	0.996197	0.998604
29450	-1557.775	-1625.217	67.44141	1	0.995216	0.993214	0.994916	0.996131	0.997918	0.998856	0.999147	0.996197	0.998604
29460	-1557.765	-1625.206	67.44141	1	0.995216	0.993214	0.994916	0.996131	0.997918	0.998856	0.999147	0.996197	0.998604
29470	-1558.376	-1625.818	67.44141	1	0.995216	0.993214	0.994916	0.996131	0.997918	0.998856	0.999147	0.996197	0.998604
29480	-1557.649	-1625.09	67.44141	1	0.995216	0.993214	0.994916	0.996131	0.997918	0.998856	0.999147	0.996197	0.998604
29490	-1558.037	-1625.479	67.44141	1	0.995216	0.993214	0.994916	0.996131	0.997918	0.998856	0.999147	0.996197	0.998604
29500	-1558.67	-1626.112	67.44141	1	0.995216	0.993214	0.994916	0.996131	0.997918	0.998856	0.999147	0.996197	0.998604
29510	-1558.369	-1625.81	67.44141	1	0.995216	0.993214	0.994916	0.996131	0.997918	0.998856	0.999147	0.996197	0.998604
29520	-1557.725	-1625.166	67.44141	1	0.995216	0.993214	0.994916	0.996131	0.997918	0.998856	0.999147	0.996197	0.998604
29530	-1558.122	-1625.564	67.44141	1	0.995216	0.993214	0.994916	0.996131	0.997918	0.998856	0.999147	0.996197	0.998604
29540	-1558.388	-1625.829	67.44141	1	0.995216	0.993214	0.994916	0.996131	0.997918	0.998856	0.999147	0.996197	0.998604
29550	-1558.988	-1626.429	67.44141	1	0.995216	0.993214	0.994916	0.996131	0.997918	0.998856	0.999147	0.996197	0.998604
29560	-1558.687	-1626.128	67.44141	1	0.995216	0.993214	0.994916	0.996131	0.997918	0.998856	0.999147	0.996197	0.998604
29570	-1559.072	-1626.513	67.44141	1	0.995216	0.993214	0.994916	0.996131	0.997918	0.998856	0.999147	0.996197	0.998604
29580	-1558.378	-1625.82	67.44141	1	0.995216	0.993214	0.994916	0.996131	0.997918	0.998856	0.999147	0.996197	0.998604
29590	-1558.155	-1625.596	67.44141	1	0.995216	0.993214	0.994916	0.996131	0.997918	0.998856	0.999147	0.996197	0.998604
29600	-1557.627	-1625.068	67.44141	1	0.995216	0.993214	0.994916	0.996131	0.997918	0.998856	0.999147	0.996197	0.998604
29610	-1558.763	-1626.204	67.44141	1	0.995216	0.993214	0.994916	0.996131	0.997918	0.998856	0.999147	0.996197	0.998604
29620	-1557.643	-1625.084	67.44141	1	0.995216	0.993214	0.994916	0.996131	0.997918	0.998856	0.999147	0.996197	0.998604
29630	-1557.798	-1625.24	67.44141	1	0.995216	0.993214	0.994916	0.996131	0.997918	0.998856	0.999147	0.996197	0.998604
29640	-1558.544	-1625.986	67.44141	1	0.995216	0.993214	0.994916	0.996131	0.997918	0.998856	0.999147	0.996197	0.998604
29650	-1557.627	-1625.069	67.44141	1	0.995216	0.993214	0.994916	0.996131	0.997918	0.998856	0.999147	0.996197	0.998604
29660	-1557.727	-1625.168	67.44141	1	0.995216	0.993214	0.994916	0.996131	0.997918	0.998856	0.999147	0.996197	0.998604
29670	-1557.764	-1625.205	67.44141	1	0.995216	0.993214	0.994916	0.996131	0.997918	0.998856	0.999147	0.996197	0.998604
29680	-1557.648	-1625.09	67.44141	1	0.995216	0.993214	0.994916	0.996131	0.997918	0.998856	0.999147	0.996197	0.998604
29690	-1557.632	-1625.074	67.44141	1	0.995216	0.993214	0.994916	0.996131	0.997918	0.998856	0.999147	0.996197	0.998604
29700	-1557.66	-1625.101	67.44141	1	0.995216	0.993214	0.994916	0.996131	0.997918	0.998856	0.999147	0.996197	0.998604
29710	-1557.728	-1625.17	67.44141	1	0.995216	0.993214	0.994916	0.996131	0.997918	0.998856	0.999147	0.996197	0.998604
29720	-1557.726	-1625.167	67.44141	1	0.995216	0.993214	0.994916	0.996131	0.997918	0.998856	0.999147	0.996197	0.998604
29730	-1558.248	-1625.689	67.44141	1	0.995216	0.993214	0.994916	0.996131	0.997918	0.998856	0.999147	0.996197	0.998604
29740	-1559.106	-1626.547	67.44141	1	0.995216	0.993214	0.994916	0.996131	0.997918	0.998856	0.999147	0.996197	0.998604
29750	-1557.636	-1625.077	67.44141	1	0.995216	0.993214	0.994916	0.996131	0.997918	0.998856	0.999147	0.996197	0.998604
29760	-1558.711	-1626.152	67.44141	1	0.995216	0.993214	0.994916	0.996131	0.997918	0.998856	0.999147	0.996197	0.998604
29770	-1558.216	-1625.657	67.44141	1	0.995216	0.993214	0.994916	0.996131	0.997918	0.998856	0.999147	0.996197	0.998604
29780	-1557.803	-1625.245	67.44141	1	0.995216	0.993214	0.994916	0.996131	0.997918	0.998856	0.999147	0.996197	0.998604
29790	-1557.639	-1625.081	67.44141	1	0.995216	0.993214	0.994916	0.996131	0.997918	0.998856	0.999147	0.996197	0.998604
29800	-1557.78	-1625.221	67.44141	1	0.995216	0.993214	0.994916	0.996131	0.997918	0.998856	0.999147	0.996197	0.998604
29810	-1557.64	-1625.082	67.44141	1	0.995216	0.993214	0.994916	0.996131	0.997918	0.998856	0.999147	0.996197	0.998604
29820	-1557.691	-1625.133	67.44141	1	0.995216	0.993214	0.994916	0.996131	0.997918	0.998856	0.999147	0.996197	0.998604
29830	-1557.748	-1625.189	67.44141	1	0.995216	0.993214	0.994916	0.996131	0.997918	0.998856	0.999147	0.996197	0.998604
29840	-1557.665	-1625.106	67.44141	1	0.995216	0.993214	0.994916	0.996131	0.997918	0.998856	0.999147	0.996197	0.998604
29850	-1563.421	-1630.862	67.44141	1	0.995216	0.993214	0.994916	0.996131	0.997918	0.998856	0.999147	0.996197	0.998604
29860	-1557.901	-1625.342	67.44141	1	0.995216	0.993214	0.994916	0.996131	0.997918	0.998856	0.999147	0.996197	0.998604
29870	-1557.688	-1625.13	67.44141	1	0.995216	0.993214	0.994916	0.996131	0.997918	0.998856	0.999147	0.996197	0.998604
29880	-1557.629	-1625.07	67.44141	1	0.995216	0.993214	0.994916	0.996131	0.997918	0.998856	0.999147	0.996197	0.998604
29890	-1557.904	-1625.346	67.44141	1	0.995216	0.993214	0.994916	0.996131	0.997918	0.998856	0.999147	0.996197	0.998604
29900	-1558.955	-1626.396	67.44141	1	0.995216	0.993214	0.994916	0.996131	0.997918	0.998856	0.999147	0.996197	0.998604
29910	-1557.902	-1625.343	67.44141	1	0.995216	0.993214	0.994916	0.996131	0.997918	0.998856	0.999147	0.996197	0.998604
29920	-1557.645	-1625.087	67.44141	1	0.995216	0.993214	0.994916	0.996131	0.997918	0.998856	0.999147	0.996197	0.998604
29930	-1557.709	-1625.15	67.44141	1	0.995216	0.993214	0.994916	0.996131	0.997918	0.998856	0.999147	0.996197	0.998604
29940	-1557.675	-1625.116	67.44141	1	0.995216	0.993214	0.994916	0.996131	0.997918	0.998856	0.999147	0.996197	0.998604
29950	-1557.747	-1625.188	67.44141	1	0.995216	0.993214	0.994916	0.996131	0.997918	0.998856	0.999147	0.996197	0.998604
29960	-1558.168	-1625.609	67.44141	1	0.995216	0.993214	0.994916	0.996131	0.997918	0.998856	0.999147	0.996197	0.998604
29970	-1557.754	-1625.196	67.44141	1	0.995216	0.993214	0.994916	0.996131	0.997918	0.998856	0.999147	0.996197	0.998604
29980	-1558.114	-1625.555	67.44141	1	0.995216	0.993214	0.994916	0.996131	0.997918	0.998856	0.999147	0.996197	0.998604
29990	-1558.868	-1626.309	67.44141	1	0.995216	0.993214	0.994916	0.996131	0.997918	0.998856	0.999147	0.996197	0.998604
30000	-1557.639	-1625.08	67.44141	1	0.995216	0.993214	0.994916	0.996131	0.997918	0.998856	0.999147	0.996197	0.998604
30010	-1557.636	-1625.077	67.44141	1	0.995216	0.993214	0.994916	0.996131	0.997918	0.998856	0.999147	0.996197	0.998604
30020	-1557.69	-1625.132	67.44141	1	0.995216	0.993214	0.994916	0.996131	0.997918	0.998856	0.999147	0.996197	0.998604
30030	-1561.165	-1628.606	67.44141	1	0.995216	0.993214	0.994916	0.996131	0.997918	0.998856	0.999147	0.996197	0.998604
30040	-1557.637	-1625.078	67.44141	1	0.995216	0.993214	0.994916	0.996131	0.997918	0.998856	0.999147	0.996197	0.998604
30050	-1557.69	-1625.131	67.44141	1	0.995216	0.993214	0.994916	0.996131	0.997918	0.998856	0.999147	0.996197	0.998604
30060	-1557.703	-1625.144	67.44141	1	0.995216	0.993214	0.994916	0.996131	0.997918	0.998856	0.999147	0.996197	0.998604
30070	-1557.662	-1625.104	67.44141	1	0.995216	0.993214	0.994916	0.996131	0.997918	0.998856	0.999147	0.996197	0.998604
30080	-1558.081	-1625.522	67.44141	1	0.995216	0.993214	0.994916	0.996131	0.997918	0.998856	0.999147	0.996197	0.998604
30090	-1558.057	-1625.499	67.44141	1	0.995216	0.993214	0.994916	0.996131	0.997918	0.998856	0.999147	0.996197	0.998604
30100	-1557.635	-1625.076	67.44141	1	0.995216	0.993214	0.994916	0.996131	0.997918	0.998856	0.999147	0.996197	0.998604
30110	-1557.673	-1625.114	67.44141	1	0.995216	0.993214	0.994916	0.996131	0.997918	0.998856	0.999147	0.996197	0.998604
30120	-1558.548	-1625.989	67.44141	1	0.995216	0.993214	0.994916	0.996131	0.997918	0.998856	0.999147	0.996197	0.998604
30130	-1557.653	-1625.095	67.44141	1	0.995216	0.993214	0.994916	0.996131	0.997918	0.998856	0.999147	0.996197	0.998604
30140	-1558.048	-1625.49	67.44141	1	0.995216	0.993214	0.994916	0.996131	0.997918	0.998856	0.999147	0.996197	0.998604
30150	-1557.926	-1625.368	67.44141	1	0.995216	0.993214	0.994916	0.996131	0.997918	0.998856	0.999147	0.996197	0.998604
30160	-1557.638	-1625.079	67.44141	1	0.995216	0.993214	0.994916	0.996131	0.997918	0.998856	0.999147	0.996197	0.998604
30170	-1557.626	-1625.067	67.44141	1	0.995216	0.993214	0.994916	0.996131	0.997918	0.998856	0.999147	0.996197	0.998604
30180	-1557.978	-1625.42	67.44141	1	0.995216	0.993214	0.994916	0.996131	0.997918	0.998856	0.999147	0.996197	0.998604
30190	-1558.148	-1625.59	67.44141	1	0.995216	0.993214	0.994916	0.996131	0.997918	0.998856	0.999147	0.996197	0.998604
30200	-1557.714	-1625.155	67.44141	1	0.995216	0.993214	0.994916	0.996131	0.997918	0.998856	0.999147	0.996197	0.998604
30210	-1558.09	-1625.532	67.44141	1	0.995216	0.993214	0.994916	0.996131	0.997918	0.998856	0.999147	0.996197	0.998604
30220	-1557.657	-1625.098	67.44141	1	0.995216	0.993214	0.994916	0.996131	0.997918	0.998856	0.999147	0.996197	0.998604
30230	-1558.44	-1625.881	67.44141	1	0.995216	0.993214	0.994916	0.996131	0.997918	0.998856	0.999147	0.996197	0.998604
30240	-1559.181	-1626.623	67.44141	1	0.995216	0.993214	0.994916	0.996131	0.997918	0.998856	0.999147	0.996197	0.998604
30250	-1558.143	-1625.584	67.44141	1	0.995216	0.993214	0.994916	0.996131	0.997918	0.998856	0.999147	0.996197	0.998604
30260	-1557.766	-1625.208	67.44141	1	0.995216	0.993214	0.994916	0.996131	0.997918	0.998856	0.999147	0.996197	0.998604
30270	-1557.649	-1625.09	67.44141	1	0.995216	0.993214	0.994916	0.996131	0.997918	0.998856	0.999147	0.996197	0.998604
30280	-1557.626	-1625.068	67.44141	1	0.995216	0.993214	0.994916	0.996131	0.997918	0.998856	0.999147	0.996197	0.998604
30290	-1558.051	-1625.492	67.44141	1	0.995216	0.993214	0.994916	0.996131	0.997918	0.998856	0.999147	0.996197	0.998604
30300	-1557.751	-1625.193	67.44141	1	0.995216	0.993214	0.994916	0.996131	0.997918	0.998856	0.999147	0.996197	0.998604
30310	-1558.345	-1625.786	67.44141	1	0.995216	0.993214	0.994916	0.996131	0.997918	0.998856	0.999147	0.996197	0.998604
30320	-1558.375	-1625.816	67.44141	1	0.995216	0.993214	0.994916	0.996131	0.997918	0.998856	0.999147	0.996197	0.998604
30330	-1557.626	-1625.068	67.44141	1	0.995216	0.993214	0.994916	0.996131	0.997918	0.998856	0.999147	0.996197	0.998604
30340	-1557.68	-1625.121	67.44141	1	0.995216	0.993214	0.994916	0.996131	0.997918	0.998856	0.999147	0.996197	0.998604
30350	-1557.66	-1625.101	67.44141	1	0.995216	0.993214	0.994916	0.996131	0.997918	0.998856	0.999147	0.996197	0.998604
30360	-1558.593	-1626.035	67.44141	1	0.995216	0.993214	0.994916	0.996131	0.997918	0.998856	0.999147	0.996197	0.998604
30370	-1557.634	-1625.076	67.44141	1	0.995216	0.993214	0.994916	0.996131	0.997918	0.998856	0.999147	0.996197	0.998604
30380	-1557.675	-1625.117	67.44141	1	0.995216	0.993214	0.994916	0.996131	0.997918	0.998856	0.999147	0.996197	0.998604
30390	-1557.664	-1625.105	67.44141	1	0.995216	0.993214	0.994916	0.996131	0.997918	0.998856	0.999147	0.996197	0.998604
30400	-1558.691	-1626.133	67.44141	1	0.995216	0.993214	0.994916	0.996131	0.997918	0.998856	0.999147	0.996197	0.998604
30410	-1558.178	-1625.62	67.44141	1	0.995216	0.993214	0.994916	0.996131	0.997918	0.998856	0.999147	0.996197	0.998604
30420	-1558.859	-1626.3	67.44141	1	0.995216	0.993214	0.994916	0.996131	0.997918	0.998856	0.999147	0.996197	0.998604
30430	-1557.651	-1625.093	67.44141	1	0.995216	0.993214	0.994916	0.996131	0.997918	0.998856	0.999147	0.996197	0.998604
30440	-1557.673	-1625.114	67.44141	1	0.995216	0.993214	0.994916	0.996131	0.997918	0.998856	0.999147	0.996197	0.998604
30450	-1557.707	-1625.149	67.44141	1	0.995216	0.993214	0.994916	0.996131	0.997918	0.998856	0.999147	0.996197	0.998604
30460	-1557.74	-1625.181	67.44141	1	0.995216	0.993214	0.994916	0.996131	0.997918	0.998856	0.999147	0.996197	0.998604
30470	-1557.655	-1625.096	67.44141	1	0.995216	0.993214	0.994916	0.996131	0.997918	0.998856	0.999147	0.996197	0.998604
30480	-1557.856	-1625.298	67.44141	1	0.995216	0.993214	0.994916	0.996131	0.997918	0.998856	0.999147	0.996197	0.998604
30490	-1557.938	-1625.379	67.44141	1	0.995216	0.993214	0.994916	0.996131	0.997918	0.998856	0.999147	0.996197	0.998604
30500	-1557.773	-1625.214	67.44141	1	0.995216	0.993214	0.994916	0.996131	0.997918	0.998856	0.999147	0.996197	0.998604
30510	-1557.695	-1625.137	67.44141	1	0.995216	0.993214	0.994916	0.996131	0.997918	0.998856	0.999147	0.996197	0.998604
30520	-1557.861	-1625.303	67.44141	1	0.995216	0.993214	0.994916	0.996131	0.997918	0.998856	0.999147	0.996197	0.998604
30530	-1557.655	-1625.096	67.44141	1	0.995216	0.993214	0.994916	0.996131	0.997918	0.998856	0.999147	0.996197	0.998604
30540	-1558.616	-1626.058	67.44141	1	0.995216	0.993214	0.994916	0.996131	0.997918	0.998856	0.999147	0.996197	0.998604
30550	-1558.456	-1625.898	67.44141	1	0.995216	0.993214	0.994916	0.996131	0.997918	0.998856	0.999147	0.996197	0.998604
30560	-1557.699	-1625.14	67.44141	1	0.995216	0.993214	0.994916	0.996131	0.997918	0.998856	0.999147	0.996197	0.998604
30570	-1559.301	-1626.742	67.44141	1	0.995216	0.993214	0.994916	0.996131	0.997918	0.998856	0.999147	0.996197	0.998604
30580	-1558.284	-1625.725	67.44141	1	0.995216	0.993214	0.994916	0.996131	0.997918	0.998856	0.999147	0.996197	0.998604
30590	-1561.1	-1628.542	67.44141	1	0.995216	0.993214	0.994916	0.996131	0.997918	0.998856	0.999147	0.996197	0.998604
30600	-1557.751	-1625.193	67.44141	1	0.995216	0.993214	0.994916	0.996131	0.997918	0.998856	0.999147	0.996197	0.998604
30610	-1559.25	-1626.691	67.44141	1	0.995216	0.993214	0.994916	0.996131	0.997918	0.998856	0.999147	0.996197	0.998604
30620	-1558.35	-1625.791	67.44141	1	0.995216	0.993214	0.994916	0.996131	0.997918	0.998856	0.999147	0.996197	0.998604
30630	-1557.641	-1625.083	67.44141	1	0.995216	0.993214	0.994916	0.996131	0.997918	0.998856	0.999147	0.996197	0.998604
30640	-1557.768	-1625.21	67.44141	1	0.995216	0.993214	0.994916	0.996131	0.997918	0.998856	0.999147	0.996197	0.998604
30650	-1557.659	-1625.101	67.44141	1	0.995216	0.993214	0.994916	0.996131	0.997918	0.998856	0.999147	0.996197	0.998604
30660	-1559.229	-1626.67	67.44141	1	0.995216	0.993214	0.994916	0.996131	0.997918	0.998856	0.999147	0.996197	0.998604
30670	-1558.141	-1625.582	67.44141	1	0.995216	0.993214	0.994916	0.996131	0.997918	0.998856	0.999147	0.996197	0.998604
30680	-1558.068	-1625.509	67.44141	1	0.995216	0.993214	0.994916	0.996131	0.997918	0.998856	0.999147	0.996197	0.998604
30690	-1558.235	-1625.676	67.44141	1	0.995216	0.993214	0.994916	0.996131	0.997918	0.998856	0.999147	0.996197	0.998604
30700	-1559.671	-1627.112	67.44141	1	0.995216	0.993214	0.994916	0.996131	0.997918	0.998856	0.999147	0.996197	0.998604
30710	-1558.756	-1626.197	67.44141	1	0.995216	0.993214	0.994916	0.996131	0.997918	0.998856	0.999147	0.996197	0.998604
30720	-1558.057	-1625.498	67.44141	1	0.995216	0.993214	0.994916	0.996131	0.997918	0.998856	0.999147	0.996197	0.998604
30730	-1557.636	-1625.077	67.44141	1	0.995216	0.993214	0.994916	0.996131	0.997918	0.998856	0.999147	0.996197	0.998604
30740	-1557.635	-1625.077	67.44141	1	0.995216	0.993214	0.994916	0.996131	0.997918	0.998856	0.999147	0.996197	0.998604
30750	-1557.851	-1625.292	67.44141	1	0.995216	0.993214	0.994916	0.996131	0.997918	0.998856	0.999147	0.996197	0.998604
30760	-1557.634	-1625.075	67.44141	1	0.995216	0.993214	0.994916	0.996131	0.997918	0.998856	0.999147	0.996197	0.998604
30770	-1558.973	-1626.414	67.44141	1	0.995216	0.993214	0.994916	0.996131	0.997918	0.998856	0.999147	0.996197	0.998604
30780	-1559.262	-1626.703	67.44141	1	0.995216	0.993214	0.994916	0.996131	0.997918	0.998856	0.999147	0.996197	0.998604
30790	-1557.685	-1625.127	67.44141	1	0.995216	0.993214	0.994916	0.996131	0.997918	0.998856	0.999147	0.996197	0.998604
30800	-1557.636	-1625.078	67.44141	1	0.995216	0.993214	0.994916	0.996131	0.997918	0.998856	0.999147	0.996197	0.998604
30810	-1558.335	-1625.777	67.44141	1	0.995216	0.993214	0.994916	0.996131	0.997918	0.998856	0.999147	0.996197	0.998604
30820	-1557.881	-1625.323	67.44141	1	0.995216	0.993214	0.994916	0.996131	0.997918	0.998856	0.999147	0.996197	0.998604
30830	-1560.25	-1627.691	67.44141	1	0.995216	0.993214	0.994916	0.996131	0.997918	0.998856	0.999147	0.996197	0.998604
30840	-1557.897	-1625.338	67.44141	1	0.995216	0.993214	0.994916	0.996131	0.997918	0.998856	0.999147	0.996197	0.998604
30850	-1557.647	-1625.088	67.44141	1	0.995216	0.993214	0.994916	0.996131	0.997918	0.998856	0.999147	0.996197	0.998604
30860	-1557.803	-1625.245	67.44141	1	0.995216	0.993214	0.994916	0.996131	0.997918	0.998856	0.999147	0.996197	0.998604
30870	-1560.352	-1627.793	67.44141	1	0.995216	0.993214	0.994916	0.996131	0.997918	0.998856	0.999147	0.996197	0.998604
30880	-1559.507	-1626.949	67.44141	1	0.995216	0.993214	0.994916	0.996131	0.997918	0.998856	0.999147	0.996197	0.998604
30890	-1558.758	-1626.199	67.44141	1	0.995216	0.993214	0.994916	0.996131	0.997918	0.998856	0.999147	0.996197	0.998604
30900	-1557.651	-1625.092	67.44141	1	0.995216	0.993214	0.994916	0.996131	0.997918	0.998856	0.999147	0.996197	0.998604
30910	-1557.891	-1625.332	67.44141	1	0.995216	0.993214	0.994916	0.996131	0.997918	0.998856	0.999147	0.996197	0.998604
30920	-1558.787	-1626.228	67.44141	1	0.995216	0.993214	0.994916	0.996131	0.997918	0.998856	0.999147	0.996197	0.998604
30930	-1557.701	-1625.142	67.44141	1	0.995216	0.993214	0.994916	0.996131	0.997918	0.998856	0.999147	0.996197	0.998604
30940	-1557.68	-1625.122	67.44141	1	0.995216	0.993214	0.994916	0.996131	0.997918	0.998856	0.999147	0.996197	0.998604
30950	-1557.628	-1625.069	67.44141	1	0.995216	0.993214	0.994916	0.996131	0.997918	0.998856	0.999147	0.996197	0.998604
30960	-1557.724	-1625.166	67.44141	1	0.995216	0.993214	0.994916	0.996131	0.997918	0.998856	0.999147	0.996197	0.998604
30970	-1557.676	-1625.118	67.44141	1	0.995216	0.993214	0.994916	0.996131	0.997918	0.998856	0.999147	0.996197	0.998604
30980	-1557.71	-1625.151	67.44141	1	0.995216	0.993214	0.994916	0.996131	0.997918	0.998856	0.999147	0.996197	0.998604
30990	-1557.665	-1625.107	67.44141	1	0.995216	0.993214	0.994916	0.996131	0.997918	0.998856	0.999147	0.996197	0.998604
31000	-1558.167	-1625.608	67.44141	1	0.995216	0.993214	0.994916	0.996131	0.997918	0.998856	0.999147	0.996197	0.998604
31010	-1557.774	-1625.215	67.44141	1	0.995216	0.993214	0.994916	0.996131	0.997918	0.998856	0.999147	0.996197	0.998604
31020	-1557.665	-1625.107	67.44141	1	0.995216	0.993214	0.994916	0.996131	0.997918	0.998856	0.999147	0.996197	0.998604
31030	-1557.626	-1625.067	67.44141	1	0.995216	0.993214	0.994916	0.996131	0.997918	0.998856	0.999147	0.996197	0.998604
31040	-1557.891	-1625.333	67.44141	1	0.995216	0.993214	0.994916	0.996131	0.997918	0.998856	0.999147	0.996197	0.998604
31050	-1557.633	-1625.075	67.44141	1	0.995216	0.993214	0.994916	0.996131	0.997918	0.998856	0.999147	0.996197	0.998604
31060	-1557.868	-1625.309	67.44141	1	0.995216	0.993214	0.994916	0.996131	0.997918	0.998856	0.999147	0.996197	0.998604
31070	-1557.91	-1625.351	67.44141	1	0.995216	0.993214	0.994916	0.996131	0.997918	0.998856	0.999147	0.996197	0.998604
31080	-1557.628	-1625.069	67.44141	1	0.995216	0.993214	0.994916	0.996131	0.997918	0.998856	0.999147	0.996197	0.998604
31090	-1557.634	-1625.076	67.44141	1	0.995216	0.993214	0.994916	0.996131	0.997918	0.998856	0.999147	0.996197	0.998604
31100	-1558.596	-1626.037	67.44141	1	0.995216	0.993214	0.994916	0.996131	0.997918	0.998856	0.999147	0.996197	0.998604
31110	-1557.732	-1625.173	67.44141	1	0.995216	0.993214	0.994916	0.996131	0.997918	0.998856	0.999147	0.996197	0.998604
31120	-1557.848	-1625.29	67.44141	1	0.995216	0.993214	0.994916	0.996131	0.997918	0.998856	0.999147	0.996197	0.998604
31130	-1557.627	-1625.069	67.44141	1	0.995216	0.993214	0.994916	0.996131	0.997918	0.998856	0.999147	0.996197	0.998604
31140	-1557.711	-1625.152	67.44141	1	0.995216	0.993214	0.994916	0.996131	0.997918	0.998856	0.999147	0.996197	0.998604
31150	-1557.627	-1625.069	67.44141	1	0.995216	0.993214	0.994916	0.996131	0.997918	0.998856	0.999147	0.996197	0.998604
31160	-1557.885	-1625.327	67.44141	1	0.995216	0.993214	0.994916	0.996131	0.997918	0.998856	0.999147	0.996197	0.998604
31170	-1557.628	-1625.07	67.44141	1	0.995216	0.993214	0.994916	0.996131	0.997918	0.998856	0.999147	0.996197	0.998604
31180	-1557.757	-1625.198	67.44141	1	0.995216	0.993214	0.994916	0.996131	0.997918	0.998856	0.999147	0.996197	0.998604
31190	-1559.866	-1627.307	67.44141	1	0.995216	0.993214	0.994916	0.996131	0.997918	0.998856	0.999147	0.996197	0.998604
31200	-1558.353	-1625.795	67.44141	1	0.995216	0.993214	0.994916	0.996131	0.997918	0.998856	0.999147	0.996197	0.998604
31210	-1558.957	-1626.398	67.44141	1	0.995216	0.993214	0.994916	0.996131	0.997918	0.998856	0.999147	0.996197	0.998604
31220	-1557.898	-1625.339	67.44141	1	0.995216	0.993214	0.994916	0.996131	0.997918	0.998856	0.999147	0.996197	0.998604
31230	-1558.402	-1625.844	67.44141	1	0.995216	0.993214	0.994916	0.996131	0.997918	0.998856	0.999147	0.996197	0.998604
31240	-1557.96	-1625.401	67.44141	1	0.995216	0.993214	0.994916	0.996131	0.997918	0.998856	0.999147	0.996197	0.998604
31250	-1557.846	-1625.288	67.44141	1	0.995216	0.993214	0.994916	0.996131	0.997918	0.998856	0.999147	0.996197	0.998604
31260	-1557.757	-1625.198	67.44141	1	0.995216	0.993214	0.994916	0.996131	0.997918	0.998856	0.999147	0.996197	0.998604
31270	-1557.902	-1625.344	67.44141	1	0.995216	0.993214	0.994916	0.996131	0.997918	0.998856	0.999147	0.996197	0.998604
31280	-1558.742	-1626.183	67.44141	1	0.995216	0.993214	0.994916	0.996131	0.997918	0.998856	0.999147	0.996197	0.998604
31290	-1557.819	-1625.26	67.44141	1	0.995216	0.993214	0.994916	0.996131	0.997918	0.998856	0.999147	0.996197	0.998604
31300	-1558.087	-1625.528	67.44141	1	0.995216	0.993214	0.994916	0.996131	0.997918	0.998856	0.999147	0.996197	0.998604
31310	-1557.711	-1625.153	67.44141	1	0.995216	0.993214	0.994916	0.996131	0.997918	0.998856	0.999147	0.996197	0.998604
31320	-1559.677	-1627.118	67.44141	1	0.995216	0.993214	0.994916	0.996131	0.997918	0.998856	0.999147	0.996197	0.998604
31330	-1558.066	-1625.508	67.44141	1	0.995216	0.993214	0.994916	0.996131	0.997918	0.998856	0.999147	0.996197	0.998604
31340	-1557.626	-1625.067	67.44141	1	0.995216	0.993214	0.994916	0.996131	0.997918	0.998856	0.999147	0.996197	0.998604
31350	-1558.4	-1625.841	67.44141	1	0.995216	0.993214	0.994916	0.996131	0.997918	0.998856	0.999147	0.996197	0.998604
31360	-1557.706	-1625.147	67.44141	1	0.995216	0.993214	0.994916	0.996131	0.997918	0.998856	0.999147	0.996197	0.998604
31370	-1557.664	-1625.105	67.44141	1	0.995216	0.993214	0.994916	0.996131	0.997918	0.998856	0.999147	0.996197	0.998604
31380	-1557.638	-1625.08	67.44141	1	0.995216	0.993214	0.994916	0.996131	0.997918	0.998856	0.999147	0.996197	0.998604
31390	-1557.843	-1625.285	67.44141	1	0.995216	0.993214	0.994916	0.996131	0.997918	0.998856	0.999147	0.996197	0.998604
31400	-1558.077	-1625.518	67.44141	1	0.995216	0.993214	0.994916	0.996131	0.997918	0.998856	0.999147	0.996197	0.998604
31410	-1560.064	-1627.505	67.44141	1	0.995216	0.993214	0.994916	0.996131	0.997918	0.998856	0.999147	0.996197	0.998604
31420	-1557.652	-1625.093	67.44141	1	0.995216	0.993214	0.994916	0.996131	0.997918	0.998856	0.999147	0.996197	0.998604
31430	-1557.646	-1625.087	67.44141	1	0.995216	0.993214	0.994916	0.996131	0.997918	0.998856	0.999147	0.996197	0.998604
31440	-1557.63	-1625.072	67.44141	1	0.995216	0.993214	0.994916	0.996131	0.997918	0.998856	0.999147	0.996197	0.998604
31450	-1557.651	-1625.092	67.44141	1	0.995216	0.993214	0.994916	0.996131	0.997918	0.998856	0.999147	0.996197	0.998604
31460	-1558.018	-1625.459	67.44141	1	0.995216	0.993214	0.994916	0.996131	0.997918	0.998856	0.999147	0.996197	0.998604
31470	-1560.045	-1627.486	67.44141	1	0.995216	0.993214	0.994916	0.996131	0.997918	0.998856	0.999147	0.996197	0.998604
31480	-1557.634	-1625.075	67.44141	1	0.995216	0.993214	0.994916	0.996131	0.997918	0.998856	0.999147	0.996197	0.998604
31490	-1558.353	-1625.795	67.44141	1	0.995216	0.993214	0.994916	0.996131	0.997918	0.998856	0.999147	0.996197	0.998604
31500	-1557.8	-1625.242	67.44141	1	0.995216	0.993214	0.994916	0.996131	0.997918	0.998856	0.999147	0.996197	0.998604
31510	-1558.19	-1625.631	67.44141	1	0.995216	0.993214	0.994916	0.996131	0.997918	0.998856	0.999147	0.996197	0.998604
31520	-1559.148	-1626.589	67.44141	1	0.995216	0.993214	0.994916	0.996131	0.997918	0.998856	0.999147	0.996197	0.998604
31530	-1557.695	-1625.137	67.44141	1	0.995216	0.993214	0.994916	0.996131	0.997918	0.998856	0.999147	0.996197	0.998604
31540	-1557.706	-1625.148	67.44141	1	0.995216	0.993214	0.994916	0.996131	0.997918	0.998856	0.999147	0.996197	0.998604
31550	-1557.699	-1625.14	67.44141	1	0.995216	0.993214	0.994916	0.996131	0.997918	0.998856	0.999147	0.996197	0.998604
31560	-1557.917	-1625.358	67.44141	1	0.995216	0.993214	0.994916	0.996131	0.997918	0.998856	0.999147	0.996197	0.998604
31570	-1557.827	-1625.269	67.44141	1	0.995216	0.993214	0.994916	0.996131	0.997918	0.998856	0.999147	0.996197	0.998604
31580	-1557.642	-1625.083	67.44141	1	0.995216	0.993214	0.994916	0.996131	0.997918	0.998856	0.999147	0.996197	0.998604
31590	-1558.797	-1626.239	67.44141	1	0.995216	0.993214	0.994916	0.996131	0.997918	0.998856	0.999147	0.996197	0.998604
31600	-1558.05	-1625.491	67.44141	1	0.995216	0.993214	0.994916	0.996131	0.997918	0.998856	0.999147	0.996197	0.998604
31610	-1559.969	-1627.41	67.44141	1	0.995216	0.993214	0.994916	0.996131	0.997918	0.998856	0.999147	0.996197	0.998604
31620	-1557.705	-1625.147	67.44141	1	0.995216	0.993214	0.994916	0.996131	0.997918	0.998856	0.999147	0.996197	0.998604
31630	-1558.568	-1626.009	67.44141	1	0.995216	0.993214	0.994916	0.996131	0.997918	0.998856	0.999147	0.996197	0.998604
31640	-1557.659	-1625.101	67.44141	1	0.995216	0.993214	0.994916	0.996131	0.997918	0.998856	0.999147	0.996197	0.998604
31650	-1557.645	-1625.086	67.44141	1	0.995216	0.993214	0.994916	0.996131	0.997918	0.998856	0.999147	0.996197	0.998604
31660	-1558.147	-1625.588	67.44141	1	0.995216	0.993214	0.994916	0.996131	0.997918	0.998856	0.999147	0.996197	0.998604
31670	-1557.626	-1625.068	67.44141	1	0.995216	0.993214	0.994916	0.996131	0.997918	0.998856	0.999147	0.996197	0.998604
31680	-1557.728	-1625.169	67.44141	1	0.995216	0.993214	0.994916	0.996131	0.997918	0.998856	0.999147	0.996197	0.998604
31690	-1557.863	-1625.305	67.44141	1	0.995216	0.993214	0.994916	0.996131	0.997918	0.998856	0.999147	0.996197	0.998604
31700	-1557.627	-1625.069	67.44141	1	0.995216	0.993214	0.994916	0.996131	0.997918	0.998856	0.999147	0.996197	0.998604
31710	-1559.333	-1626.775	67.44141	1	0.995216	0.993214	0.994916	0.996131	0.997918	0.998856	0.999147	0.996197	0.998604
31720	-1557.635	-1625.076	67.44141	1	0.995216	0.993214	0.994916	0.996131	0.997918	0.998856	0.999147	0.996197	0.998604
31730	-1557.681	-1625.123	67.44141	1	0.995216	0.993214	0.994916	0.996131	0.997918	0.998856	0.999147	0.996197	0.998604
31740	-1558.057	-1625.498	67.44141	1	0.995216	0.993214	0.994916	0.996131	0.997918	0.998856	0.999147	0.996197	0.998604
31750	-1558.035	-1625.476	67.44141	1	0.995216	0.993214	0.994916	0.996131	0.997918	0.998856	0.999147	0.996197	0.998604
31760	-1557.658	-1625.1	67.44141	1	0.995216	0.993214	0.994916	0.996131	0.997918	0.998856	0.999147	0.996197	0.998604
31770	-1557.858	-1625.299	67.44141	1	0.995216	0.993214	0.994916	0.996131	0.997918	0.998856	0.999147	0.996197	0.998604
31780	-1557.666	-1625.108	67.44141	1	0.995216	0.993214	0.994916	0.996131	0.997918	0.998856	0.999147	0.996197	0.998604
31790	-1557.666	-1625.107	67.44141	1	0.995216	0.993214	0.994916	0.996131	0.997918	0.998856	0.999147	0.996197	0.998604
31800	-1557.82	-1625.262	67.44141	1	0.995216	0.993214	0.994916	0.996131	0.997918	0.998856	0.999147	0.996197	0.998604
31810	-1557.755	-1625.197	67.44141	1	0.995216	0.993214	0.994916	0.996131	0.997918	0.998856	0.999147	0.996197	0.998604
31820	-1558.928	-1626.369	67.44141	1	0.995216	0.993214	0.994916	0.996131	0.997918	0.998856	0.999147	0.996197	0.998604
31830	-1557.627	-1625.069	67.44141	1	0.995216	0.993214	0.994916	0.996131	0.997918	0.998856	0.999147	0.996197	0.998604
31840	-1557.952	-1625.393	67.44141	1	0.995216	0.993214	0.994916	0.996131	0.997918	0.998856	0.999147	0.996197	0.998604
31850	-1557.79	-1625.231	67.44141	1	0.995216	0.993214	0.994916	0.996131	0.997918	0.998856	0.999147	0.996197	0.998604
31860	-1557.653	-1625.095	67.44141	1	0.995216	0.993214	0.994916	0.996131	0.997918	0.998856	0.999147	0.996197	0.998604
31870	-1557.749	-1625.19	67.44141	1	0.995216	0.993214	0.994916	0.996131	0.997918	0.998856	0.999147	0.996197	0.998604
31880	-1557.773	-1625.215	67.44141	1	0.995216	0.993214	0.994916	0.996131	0.997918	0.998856	0.999147	0.996197	0.998604
31890	-1558.645	-1626.086	67.44141	1	0.995216	0.993214	0.994916	0.996131	0.997918	0.998856	0.999147	0.996197	0.998604
31900	-1557.796	-1625.237	67.44141	1	0.995216	0.993214	0.994916	0.996131	0.997918	0.998856	0.999147	0.996197	0.998604
31910	-1557.931	-1625.373	67.44141	1	0.995216	0.993214	0.994916	0.996131	0.997918	0.998856	0.999147	0.996197	0.998604
31920	-1557.671	-1625.113	67.44141	1	0.995216	0.993214	0.994916	0.996131	0.997918	0.998856	0.999147	0.996197	0.998604
31930	-1557.658	-1625.1	67.44141	1	0.995216	0.993214	0.994916	0.996131	0.997918	0.998856	0.999147	0.996197	0.998604
31940	-1557.891	-1625.332	67.44141	1	0.995216	0.993214	0.994916	0.996131	0.997918	0.998856	0.999147	0.996197	0.998604
31950	-1559.421	-1626.862	67.44141	1	0.995216	0.993214	0.994916	0.996131	0.997918	0.998856	0.999147	0.996197	0.998604
31960	-1557.718	-1625.159	67.44141	1	0.995216	0.993214	0.994916	0.996131	0.997918	0.998856	0.999147	0.996197	0.998604
31970	-1558.253	-1625.694	67.44141	1	0.995216	0.993214	0.994916	0.996131	0.997918	0.998856	0.999147	0.996197	0.998604
31980	-1557.826	-1625.268	67.44141	1	0.995216	0.993214	0.994916	0.996131	0.997918	0.998856	0.999147	0.996197	0.998604
31990	-1557.646	-1625.088	67.44141	1	0.995216	0.993214	0.994916	0.996131	0.997918	0.998856	0.999147	0.996197	0.998604
32000	-1557.653	-1625.095	67.44141	1	0.995216	0.993214	0.994916	0.996131	0.997918	0.998856	0.999147	0.996197	0.998604
32010	-1559.062	-1626.503	67.44141	1	0.995216	0.993214	0.994916	0.996131	0.997918	0.998856	0.999147	0.996197	0.998604
32020	-1557.665	-1625.106	67.44141	1	0.995216	0.993214	0.994916	0.996131	0.997918	0.998856	0.999147	0.996197	0.998604
32030	-1558.081	-1625.522	67.44141	1	0.995216	0.993214	0.994916	0.996131	0.997918	0.998856	0.999147	0.996197	0.998604
32040	-1558.526	-1625.967	67.44141	1	0.995216	0.993214	0.994916	0.996131	0.997918	0.998856	0.999147	0.996197	0.998604
32050	-1558.092	-1625.534	67.44141	1	0.995216	0.993214	0.994916	0.996131	0.997918	0.998856	0.999147	0.996197	0.998604
32060	-1558.707	-1626.149	67.44141	1	0.995216	0.993214	0.994916	0.996131	0.997918	0.998856	0.999147	0.996197	0.998604
32070	-1557.967	-1625.408	67.44141	1	0.995216	0.993214	0.994916	0.996131	0.997918	0.998856	0.999147	0.996197	0.998604
32080	-1557.86	-1625.301	67.44141	1	0.995216	0.993214	0.994916	0.996131	0.997918	0.998856	0.999147	0.996197	0.998604
32090	-1557.985	-1625.426	67.44141	1	0.995216	0.993214	0.994916	0.996131	0.997918	0.998856	0.999147	0.996197	0.998604
32100	-1558.123	-1625.564	67.44141	1	0.995216	0.993214	0.994916	0.996131	0.997918	0.998856	0.999147	0.996197	0.998604
32110	-1557.673	-1625.115	67.44141	1	0.995216	0.993214	0.994916	0.996131	0.997918	0.998856	0.999147	0.996197	0.998604
32120	-1557.739	-1625.18	67.44141	1	0.995216	0.993214	0.994916	0.996131	0.997918	0.998856	0.999147	0.996197	0.998604
32130	-1557.936	-1625.377	67.44141	1	0.995216	0.993214	0.994916	0.996131	0.997918	0.998856	0.999147	0.996197	0.998604
32140	-1557.632	-1625.073	67.44141	1	0.995216	0.993214	0.994916	0.996131	0.997918	0.998856	0.999147	0.996197	0.998604
32150	-1558.049	-1625.491	67.44141	1	0.995216	0.993214	0.994916	0.996131	0.997918	0.998856	0.999147	0.996197	0.998604
32160	-1558.308	-1625.75	67.44141	1	0.995216	0.993214	0.994916	0.996131	0.997918	0.998856	0.999147	0.996197	0.998604
32170	-1558.211	-1625.652	67.44141	1	0.995216	0.993214	0.994916	0.996131	0.997918	0.998856	0.999147	0.996197	0.998604
32180	-1557.626	-1625.067	67.44141	1	0.995216	0.993214	0.994916	0.996131	0.997918	0.998856	0.999147	0.996197	0.998604
32190	-1558.307	-1625.748	67.44141	1	0.995216	0.993214	0.994916	0.996131	0.997918	0.998856	0.999147	0.996197	0.998604
32200	-1558.909	-1626.351	67.44141	1	0.995216	0.993214	0.994916	0.996131	0.997918	0.998856	0.999147	0.996197	0.998604
32210	-1557.627	-1625.068	67.44141	1	0.995216	0.993214	0.994916	0.996131	0.997918	0.998856	0.999147	0.996197	0.998604
32220	-1557.629	-1625.07	67.44141	1	0.995216	0.993214	0.994916	0.996131	0.997918	0.998856	0.999147	0.996197	0.998604
32230	-1558.153	-1625.594	67.44141	1	0.995216	0.993214	0.994916	0.996131	0.997918	0.998856	0.999147	0.996197	0.998604
32240	-1558.733	-1626.174	67.44141	1	0.995216	0.993214	0.994916	0.996131	0.997918	0.998856	0.999147	0.996197	0.998604
32250	-1558.218	-1625.66	67.44141	1	0.995216	0.993214	0.994916	0.996131	0.997918	0.998856	0.999147	0.996197	0.998604
32260	-1559.575	-1627.017	67.44141	1	0.995216	0.993214	0.994916	0.996131	0.997918	0.998856	0.999147	0.996197	0.998604
32270	-1557.633	-1625.074	67.44141	1	0.995216	0.993214	0.994916	0.996131	0.997918	0.998856	0.999147	0.996197	0.998604
32280	-1557.628	-1625.069	67.44141	1	0.995216	0.993214	0.994916	0.996131	0.997918	0.998856	0.999147	0.996197	0.998604
32290	-1557.627	-1625.069	67.44141	1	0.995216	0.993214	0.994916	0.996131	0.997918	0.998856	0.999147	0.996197	0.998604
32300	-1558.701	-1626.142	67.44141	1	0.995216	0.993214	0.994916	0.996131	0.997918	0.998856	0.999147	0.996197	0.998604
32310	-1557.699	-1625.141	67.44141	1	0.995216	0.993214	0.994916	0.996131	0.997918	0.998856	0.999147	0.996197	0.998604
32320	-1558.559	-1626.001	67.44141	1	0.995216	0.993214	0.994916	0.996131	0.997918	0.998856	0.999147	0.996197	0.998604
32330	-1557.669	-1625.111	67.44141	1	0.995216	0.993214	0.994916	0.996131	0.997918	0.998856	0.999147	0.996197	0.998604
32340	-1557.813	-1625.254	67.44141	1	0.995216	0.993214	0.994916	0.996131	0.997918	0.998856	0.999147	0.996197	0.998604
32350	-1557.627	-1625.069	67.44141	1	0.995216	0.993214	0.994916	0.996131	0.997918	0.998856	0.999147	0.996197	0.998604
32360	-1557.629	-1625.07	67.44141	1	0.995216	0.993214	0.994916	0.996131	0.997918	0.998856	0.999147	0.996197	0.998604
32370	-1557.932	-1625.373	67.44141	1	0.995216	0.993214	0.994916	0.996131	0.997918	0.998856	0.999147	0.996197	0.998604
32380	-1557.648	-1625.089	67.44141	1	0.995216	0.993214	0.994916	0.996131	0.997918	0.998856	0.999147	0.996197	0.998604
32390	-1557.742	-1625.183	67.44141	1	0.995216	0.993214	0.994916	0.996131	0.997918	0.998856	0.999147	0.996197	0.998604
32400	-1558.241	-1625.682	67.44141	1	0.995216	0.993214	0.994916	0.996131	0.997918	0.998856	0.999147	0.996197	0.998604
32410	-1559.072	-1626.514	67.44141	1	0.995216	0.993214	0.994916	0.996131	0.997918	0.998856	0.999147	0.996197	0.998604
32420	-1557.723	-1625.164	67.44141	1	0.995216	0.993214	0.994916	0.996131	0.997918	0.998856	0.999147	0.996197	0.998604
32430	-1557.681	-1625.123	67.44141	1	0.995216	0.993214	0.994916	0.996131	0.997918	0.998856	0.999147	0.996197	0.998604
32440	-1557.847	-1625.289	67.44141	1	0.995216	0.993214	0.994916	0.996131	0.997918	0.998856	0.999147	0.996197	0.998604
32450	-1557.889	-1625.33	67.44141	1	0.995216	0.993214	0.994916	0.996131	0.997918	0.998856	0.999147	0.996197	0.998604
32460	-1557.655	-1625.097	67.44141	1	0.995216	0.993214	0.994916	0.996131	0.997918	0.998856	0.999147	0.996197	0.998604
32470	-1557.634	-1625.076	67.44141	1	0.995216	0.993214	0.994916	0.996131	0.997918	0.998856	0.999147	0.996197	0.998604
32480	-1558.242	-1625.684	67.44141	1	0.995216	0.993214	0.994916	0.996131	0.997918	0.998856	0.999147	0.996197	0.998604
32490	-1558.072	-1625.513	67.44141	1	0.995216	0.993214	0.994916	0.996131	0.997918	0.998856	0.999147	0.996197	0.998604
32500	-1558.811	-1626.252	67.44141	1	0.995216	0.993214	0.994916	0.996131	0.997918	0.998856	0.999147	0.996197	0.998604
32510	-1557.655	-1625.097	67.44141	1	0.995216	0.993214	0.994916	0.996131	0.997918	0.998856	0.999147	0.996197	0.998604
32520	-1558.157	-1625.599	67.44141	1	0.995216	0.993214	0.994916	0.996131	0.997918	0.998856	0.999147	0.996197	0.998604
32530	-1557.66	-1625.101	67.44141	1	0.995216	0.993214	0.994916	0.996131	0.997918	0.998856	0.999147	0.996197	0.998604
32540	-1558.165	-1625.607	67.44141	1	0.995216	0.993214	0.994916	0.996131	0.997918	0.998856	0.999147	0.996197	0.998604
32550	-1557.672	-1625.113	67.44141	1	0.995216	0.993214	0.994916	0.996131	0.997918	0.998856	0.999147	0.996197	0.998604
32560	-1557.632	-1625.073	67.44141	1	0.995216	0.993214	0.994916	0.996131	0.997918	0.998856	0.999147	0.996197	0.998604
32570	-1558.015	-1625.457	67.44141	1	0.995216	0.993214	0.994916	0.996131	0.997918	0.998856	0.999147	0.996197	0.998604
32580	-1558.042	-1625.484	67.44141	1	0.995216	0.993214	0.994916	0.996131	0.997918	0.998856	0.999147	0.996197	0.998604
32590	-1557.699	-1625.141	67.44141	1	0.995216	0.993214	0.994916	0.996131	0.997918	0.998856	0.999147	0.996197	0.998604
32600	-1557.965	-1625.407	67.44141	1	0.995216	0.993214	0.994916	0.996131	0.997918	0.998856	0.999147	0.996197	0.998604
32610	-1558.188	-1625.63	67.44141	1	0.995216	0.993214	0.994916	0.996131	0.997918	0.998856	0.999147	0.996197	0.998604
32620	-1557.724	-1625.165	67.44141	1	0.995216	0.993214	0.994916	0.996131	0.997918	0.998856	0.999147	0.996197	0.998604
32630	-1557.65	-1625.092	67.44141	1	0.995216	0.993214	0.994916	0.996131	0.997918	0.998856	0.999147	0.996197	0.998604
32640	-1557.722	-1625.164	67.44141	1	0.995216	0.993214	0.994916	0.996131	0.997918	0.998856	0.999147	0.996197	0.998604
32650	-1558.386	-1625.827	67.44141	1	0.995216	0.993214	0.994916	0.996131	0.997918	0.998856	0.999147	0.996197	0.998604
32660	-1558.573	-1626.015	67.44141	1	0.995216	0.993214	0.994916	0.996131	0.997918	0.998856	0.999147	0.996197	0.998604
32670	-1557.759	-1625.201	67.44141	1	0.995216	0.993214	0.994916	0.996131	0.997918	0.998856	0.999147	0.996197	0.998604
32680	-1557.632	-1625.074	67.44141	1	0.995216	0.993214	0.994916	0.996131	0.997918	0.998856	0.999147	0.996197	0.998604
32690	-1557.931	-1625.372	67.44141	1	0.995216	0.993214	0.994916	0.996131	0.997918	0.998856	0.999147	0.996197	0.998604
32700	-1557.781	-1625.222	67.44141	1	0.995216	0.993214	0.994916	0.996131	0.997918	0.998856	0.999147	0.996197	0.998604
32710	-1557.85	-1625.291	67.44141	1	0.995216	0.993214	0.994916	0.996131	0.997918	0.998856	0.999147	0.996197	0.998604
32720	-1558.818	-1626.26	67.44141	1	0.995216	0.993214	0.994916	0.996131	0.997918	0.998856	0.999147	0.996197	0.998604
32730	-1557.71	-1625.151	67.44141	1	0.995216	0.993214	0.994916	0.996131	0.997918	0.998856	0.999147	0.996197	0.998604
32740	-1557.626	-1625.067	67.44141	1	0.995216	0.993214	0.994916	0.996131	0.997918	0.998856	0.999147	0.996197	0.998604
32750	-1557.778	-1625.219	67.44141	1	0.995216	0.993214	0.994916	0.996131	0.997918	0.998856	0.999147	0.996197	0.998604
32760	-1560.713	-1628.154	67.44141	1	0.995216	0.993214	0.994916	0.996131	0.997918	0.998856	0.999147	0.996197	0.998604
32770	-1557.681	-1625.122	67.44141	1	0.995216	0.993214	0.994916	0.996131	0.997918	0.998856	0.999147	0.996197	0.998604
32780	-1557.889	-1625.331	67.44141	1	0.995216	0.993214	0.994916	0.996131	0.997918	0.998856	0.999147	0.996197	0.998604
32790	-1557.669	-1625.111	67.44141	1	0.995216	0.993214	0.994916	0.996131	0.997918	0.998856	0.999147	0.996197	0.998604
32800	-1558.632	-1626.073	67.44141	1	0.995216	0.993214	0.994916	0.996131	0.997918	0.998856	0.999147	0.996197	0.998604
32810	-1558.252	-1625.694	67.44141	1	0.995216	0.993214	0.994916	0.996131	0.997918	0.998856	0.999147	0.996197	0.998604
32820	-1557.84	-1625.282	67.44141	1	0.995216	0.993214	0.994916	0.996131	0.997918	0.998856	0.999147	0.996197	0.998604
32830	-1559.181	-1626.623	67.44141	1	0.995216	0.993214	0.994916	0.996131	0.997918	0.998856	0.999147	0.996197	0.998604
32840	-1561.409	-1628.851	67.44141	1	0.995216	0.993214	0.994916	0.996131	0.997918	0.998856	0.999147	0.996197	0.998604
32850	-1557.632	-1625.074	67.44141	1	0.995216	0.993214	0.994916	0.996131	0.997918	0.998856	0.999147	0.996197	0.998604
32860	-1557.747	-1625.189	67.44141	1	0.995216	0.993214	0.994916	0.996131	0.997918	0.998856	0.999147	0.996197	0.998604
32870	-1558.553	-1625.994	67.44141	1	0.995216	0.993214	0.994916	0.996131	0.997918	0.998856	0.999147	0.996197	0.998604
32880	-1557.626	-1625.067	67.44141	1	0.995216	0.993214	0.994916	0.996131	0.997918	0.998856	0.999147	0.996197	0.998604
32890	-1558.165	-1625.607	67.44141	1	0.995216	0.993214	0.994916	0.996131	0.997918	0.998856	0.999147	0.996197	0.998604
32900	-1557.813	-1625.254	67.44141	1	0.995216	0.993214	0.994916	0.996131	0.997918	0.998856	0.999147	0.996197	0.998604
32910	-1558.446	-1625.887	67.44141	1	0.995216	0.993214	0.994916	0.996131	0.997918	0.998856	0.999147	0.996197	0.998604
32920	-1557.67	-1625.111	67.44141	1	0.995216	0.993214	0.994916	0.996131	0.997918	0.998856	0.999147	0.996197	0.998604
32930	-1558.084	-1625.525	67.44141	1	0.995216	0.993214	0.994916	0.996131	0.997918	0.998856	0.999147	0.996197	0.998604
32940	-1557.769	-1625.211	67.44141	1	0.995216	0.993214	0.994916	0.996131	0.997918	0.998856	0.999147	0.996197	0.998604
32950	-1557.801	-1625.242	67.44141	1	0.995216	0.993214	0.994916	0.996131	0.997918	0.998856	0.999147	0.996197	0.998604
32960	-1559.752	-1627.193	67.44141	1	0.995216	0.993214	0.994916	0.996131	0.997918	0.998856	0.999147	0.996197	0.998604
32970	-1557.685	-1625.127	67.44141	1	0.995216	0.993214	0.994916	0.996131	0.997918	0.998856	0.999147	0.996197	0.998604
32980	-1557.626	-1625.068	67.44141	1	0.995216	0.993214	0.994916	0.996131	0.997918	0.998856	0.999147	0.996197	0.998604
32990	-1557.782	-1625.223	67.44141	1	0.995216	0.993214	0.994916	0.996131	0.997918	0.998856	0.999147	0.996197	0.998604
33000	-1557.627	-1625.069	67.44141	1	0.995216	0.993214	0.994916	0.996131	0.997918	0.998856	0.999147	0.996197	0.998604
33010	-1557.642	-1625.084	67.44141	1	0.995216	0.993214	0.994916	0.996131	0.997918	0.998856	0.999147	0.996197	0.998604
33020	-1557.627	-1625.068	67.44141	1	0.995216	0.993214	0.994916	0.996131	0.997918	0.998856	0.999147	0.996197	0.998604
33030	-1557.721	-1625.162	67.44141	1	0.995216	0.993214	0.994916	0.996131	0.997918	0.998856	0.999147	0.996197	0.998604
33040	-1558.111	-1625.552	67.44141	1	0.995216	0.993214	0.994916	0.996131	0.997918	0.998856	0.999147	0.996197	0.998604
33050	-1557.629	-1625.07	67.44141	1	0.995216	0.993214	0.994916	0.996131	0.997918	0.998856	0.999147	0.996197	0.998604
33060	-1558.577	-1626.018	67.44141	1	0.995216	0.993214	0.994916	0.996131	0.997918	0.998856	0.999147	0.996197	0.998604
33070	-1557.653	-1625.095	67.44141	1	0.995216	0.993214	0.994916	0.996131	0.997918	0.998856	0.999147	0.996197	0.998604
33080	-1558.653	-1626.095	67.44141	1	0.995216	0.993214	0.994916	0.996131	0.997918	0.998856	0.999147	0.996197	0.998604
33090	-1557.633	-1625.074	67.44141	1	0.995216	0.993214	0.994916	0.996131	0.997918	0.998856	0.999147	0.996197	0.998604
33100	-1557.627	-1625.069	67.44141	1	0.995216	0.993214	0.994916	0.996131	0.997918	0.998856	0.999147	0.996197	0.998604
33110	-1558.09	-1625.531	67.44141	1	0.995216	0.993214	0.994916	0.996131	0.997918	0.998856	0.999147	0.996197	0.998604
33120	-1557.639	-1625.08	67.44141	1	0.995216	0.993214	0.994916	0.996131	0.997918	0.998856	0.999147	0.996197	0.998604
33130	-1557.631	-1625.072	67.44141	1	0.995216	0.993214	0.994916	0.996131	0.997918	0.998856	0.999147	0.996197	0.998604
33140	-1557.797	-1625.239	67.44141	1	0.995216	0.993214	0.994916	0.996131	0.997918	0.998856	0.999147	0.996197	0.998604
33150	-1557.627	-1625.069	67.44141	1	0.995216	0.993214	0.994916	0.996131	0.997918	0.998856	0.999147	0.996197	0.998604
33160	-1559.26	-1626.702	67.44141	1	0.995216	0.993214	0.994916	0.996131	0.997918	0.998856	0.999147	0.996197	0.998604
33170	-1557.903	-1625.345	67.44141	1	0.995216	0.993214	0.994916	0.996131	0.997918	0.998856	0.999147	0.996197	0.998604
33180	-1557.736	-1625.178	67.44141	1	0.995216	0.993214	0.994916	0.996131	0.997918	0.998856	0.999147	0.996197	0.998604
33190	-1557.634	-1625.076	67.44141	1	0.995216	0.993214	0.994916	0.996131	0.997918	0.998856	0.999147	0.996197	0.998604
33200	-1558.415	-1625.856	67.44141	1	0.995216	0.993214	0.994916	0.996131	0.997918	0.998856	0.999147	0.996197	0.998604
33210	-1558.047	-1625.488	67.44141	1	0.995216	0.993214	0.994916	0.996131	0.997918	0.998856	0.999147	0.996197	0.998604
33220	-1558.482	-1625.923	67.44141	1	0.995216	0.993214	0.994916	0.996131	0.997918	0.998856	0.999147	0.996197	0.998604
33230	-1557.66	-1625.101	67.44141	1	0.995216	0.993214	0.994916	0.996131	0.997918	0.998856	0.999147	0.996197	0.998604
33240	-1557.733	-1625.174	67.44141	1	0.995216	0.993214	0.994916	0.996131	0.997918	0.998856	0.999147	0.996197	0.998604
33250	-1557.859	-1625.3	67.44141	1	0.995216	0.993214	0.994916	0.996131	0.997918	0.998856	0.999147	0.996197	0.998604
33260	-1557.851	-1625.292	67.44141	1	0.995216	0.993214	0.994916	0.996131	0.997918	0.998856	0.999147	0.996197	0.998604
33270	-1557.803	-1625.244	67.44141	1	0.995216	0.993214	0.994916	0.996131	0.997918	0.998856	0.999147	0.996197	0.998604
33280	-1558.181	-1625.623	67.44141	1	0.995216	0.993214	0.994916	0.996131	0.997918	0.998856	0.999147	0.996197	0.998604
33290	-1557.739	-1625.18	67.44141	1	0.995216	0.993214	0.994916	0.996131	0.997918	0.998856	0.999147	0.996197	0.998604
33300	-1557.705	-1625.147	67.44141	1	0.995216	0.993214	0.994916	0.996131	0.997918	0.998856	0.999147	0.996197	0.998604
33310	-1558.022	-1625.463	67.44141	1	0.995216	0.993214	0.994916	0.996131	0.997918	0.998856	0.999147	0.996197	0.998604
33320	-1557.633	-1625.074	67.44141	1	0.995216	0.993214	0.994916	0.996131	0.997918	0.998856	0.999147	0.996197	0.998604
33330	-1557.874	-1625.315	67.44141	1	0.995216	0.993214	0.994916	0.996131	0.997918	0.998856	0.999147	0.996197	0.998604
33340	-1558.416	-1625.857	67.44141	1	0.995216	0.993214	0.994916	0.996131	0.997918	0.998856	0.999147	0.996197	0.998604
33350	-1558.776	-1626.218	67.44141	1	0.995216	0.993214	0.994916	0.996131	0.997918	0.998856	0.999147	0.996197	0.998604
33360	-1558.807	-1626.248	67.44141	1	0.995216	0.993214	0.994916	0.996131	0.997918	0.998856	0.999147	0.996197	0.998604
33370	-1557.925	-1625.366	67.44141	1	0.995216	0.993214	0.994916	0.996131	0.997918	0.998856	0.999147	0.996197	0.998604
33380	-1557.645	-1625.087	67.44141	1	0.995216	0.993214	0.994916	0.996131	0.997918	0.998856	0.999147	0.996197	0.998604
33390	-1557.652	-1625.093	67.44141	1	0.995216	0.993214	0.994916	0.996131	0.997918	0.998856	0.999147	0.996197	0.998604
33400	-1557.643	-1625.085	67.44141	1	0.995216	0.993214	0.994916	0.996131	0.997918	0.998856	0.999147	0.996197	0.998604
33410	-1557.716	-1625.157	67.44141	1	0.995216	0.993214	0.994916	0.996131	0.997918	0.998856	0.999147	0.996197	0.998604
33420	-1558.145	-1625.586	67.44141	1	0.995216	0.993214	0.994916	0.996131	0.997918	0.998856	0.999147	0.996197	0.998604
33430	-1558.039	-1625.48	67.44141	1	0.995216	0.993214	0.994916	0.996131	0.997918	0.998856	0.999147	0.996197	0.998604
33440	-1558.162	-1625.603	67.44141	1	0.995216	0.993214	0.994916	0.996131	0.997918	0.998856	0.999147	0.996197	0.998604
33450	-1557.632	-1625.073	67.44141	1	0.995216	0.993214	0.994916	0.996131	0.997918	0.998856	0.999147	0.996197	0.998604
33460	-1558.167	-1625.609	67.44141	1	0.995216	0.993214	0.994916	0.996131	0.997918	0.998856	0.999147	0.996197	0.998604
33470	-1557.626	-1625.067	67.44141	1	0.995216	0.993214	0.994916	0.996131	0.997918	0.998856	0.999147	0.996197	0.998604
33480	-1558.104	-1625.546	67.44141	1	0.995216	0.993214	0.994916	0.996131	0.997918	0.998856	0.999147	0.996197	0.998604
33490	-1559.398	-1626.84	67.44141	1	0.995216	0.993214	0.994916	0.996131	0.997918	0.998856	0.999147	0.996197	0.998604
33500	-1557.627	-1625.068	67.44141	1	0.995216	0.993214	0.994916	0.996131	0.997918	0.998856	0.999147	0.996197	0.998604
33510	-1558.476	-1625.918	67.44141	1	0.995216	0.993214	0.994916	0.996131	0.997918	0.998856	0.999147	0.996197	0.998604
33520	-1558.587	-1626.029	67.44141	1	0.995216	0.993214	0.994916	0.996131	0.997918	0.998856	0.999147	0.996197	0.998604
33530	-1558.368	-1625.809	67.44141	1	0.995216	0.993214	0.994916	0.996131	0.997918	0.998856	0.999147	0.996197	0.998604
33540	-1557.714	-1625.156	67.44141	1	0.995216	0.993214	0.994916	0.996131	0.997918	0.998856	0.999147	0.996197	0.998604
33550	-1559.138	-1626.579	67.44141	1	0.995216	0.993214	0.994916	0.996131	0.997918	0.998856	0.999147	0.996197	0.998604
33560	-1557.957	-1625.398	67.44141	1	0.995216	0.993214	0.994916	0.996131	0.997918	0.998856	0.999147	0.996197	0.998604
33570	-1559.066	-1626.507	67.44141	1	0.995216	0.993214	0.994916	0.996131	0.997918	0.998856	0.999147	0.996197	0.998604
33580	-1557.971	-1625.412	67.44141	1	0.995216	0.993214	0.994916	0.996131	0.997918	0.998856	0.999147	0.996197	0.998604
33590	-1560.487	-1627.929	67.44141	1	0.995216	0.993214	0.994916	0.996131	0.997918	0.998856	0.999147	0.996197	0.998604
33600	-1558.33	-1625.771	67.44141	1	0.995216	0.993214	0.994916	0.996131	0.997918	0.998856	0.999147	0.996197	0.998604
33610	-1557.671	-1625.113	67.44141	1	0.995216	0.993214	0.994916	0.996131	0.997918	0.998856	0.999147	0.996197	0.998604
33620	-1558.896	-1626.338	67.44141	1	0.995216	0.993214	0.994916	0.996131	0.997918	0.998856	0.999147	0.996197	0.998604
33630	-1557.667	-1625.108	67.44141	1	0.995216	0.993214	0.994916	0.996131	0.997918	0.998856	0.999147	0.996197	0.998604
33640	-1558.325	-1625.766	67.44141	1	0.995216	0.993214	0.994916	0.996131	0.997918	0.998856	0.999147	0.996197	0.998604
33650	-1557.65	-1625.091	67.44141	1	0.995216	0.993214	0.994916	0.996131	0.997918	0.998856	0.999147	0.996197	0.998604
33660	-1557.65	-1625.091	67.44141	1	0.995216	0.993214	0.994916	0.996131	0.997918	0.998856	0.999147	0.996197	0.998604
33670	-1557.638	-1625.079	67.44141	1	0.995216	0.993214	0.994916	0.996131	0.997918	0.998856	0.999147	0.996197	0.998604
33680	-1558.427	-1625.869	67.44141	1	0.995216	0.993214	0.994916	0.996131	0.997918	0.998856	0.999147	0.996197	0.998604
33690	-1557.81	-1625.251	67.44141	1	0.995216	0.993214	0.994916	0.996131	0.997918	0.998856	0.999147	0.996197	0.998604
33700	-1557.811	-1625.252	67.44141	1	0.995216	0.993214	0.994916	0.996131	0.997918	0.998856	0.999147	0.996197	0.998604
33710	-1557.669	-1625.111	67.44141	1	0.995216	0.993214	0.994916	0.996131	0.997918	0.998856	0.999147	0.996197	0.998604
33720	-1558.588	-1626.03	67.44141	1	0.995216	0.993214	0.994916	0.996131	0.997918	0.998856	0.999147	0.996197	0.998604
33730	-1557.793	-1625.235	67.44141	1	0.995216	0.993214	0.994916	0.996131	0.997918	0.998856	0.999147	0.996197	0.998604
33740	-1558.671	-1626.113	67.44141	1	0.995216	0.993214	0.994916	0.996131	0.997918	0.998856	0.999147	0.996197	0.998604
33750	-1559.505	-1626.947	67.44141	1	0.995216	0.993214	0.994916	0.996131	0.997918	0.998856	0.999147	0.996197	0.998604
33760	-1558.009	-1625.451	67.44141	1	0.995216	0.993214	0.994916	0.996131	0.997918	0.998856	0.999147	0.996197	0.998604
33770	-1557.627	-1625.069	67.44141	1	0.995216	0.993214	0.994916	0.996131	0.997918	0.998856	0.999147	0.996197	0.998604
33780	-1560.103	-1627.544	67.44141	1	0.995216	0.993214	0.994916	0.996131	0.997918	0.998856	0.999147	0.996197	0.998604
33790	-1557.649	-1625.091	67.44141	1	0.995216	0.993214	0.994916	0.996131	0.997918	0.998856	0.999147	0.996197	0.998604
33800	-1558.78	-1626.221	67.44141	1	0.995216	0.993214	0.994916	0.996131	0.997918	0.998856	0.999147	0.996197	0.998604
33810	-1558.395	-1625.836	67.44141	1	0.995216	0.993214	0.994916	0.996131	0.997918	0.998856	0.999147	0.996197	0.998604
33820	-1557.633	-1625.074	67.44141	1	0.995216	0.993214	0.994916	0.996131	0.997918	0.998856	0.999147	0.996197	0.998604
33830	-1557.823	-1625.265	67.44141	1	0.995216	0.993214	0.994916	0.996131	0.997918	0.998856	0.999147	0.996197	0.998604
33840	-1559.002	-1626.443	67.44141	1	0.995216	0.993214	0.994916	0.996131	0.997918	0.998856	0.999147	0.996197	0.998604
33850	-1559.661	-1627.103	67.44141	1	0.995216	0.993214	0.994916	0.996131	0.997918	0.998856	0.999147	0.996197	0.998604
33860	-1557.809	-1625.251	67.44141	1	0.995216	0.993214	0.994916	0.996131	0.997918	0.998856	0.999147	0.996197	0.998604
33870	-1557.673	-1625.115	67.44141	1	0.995216	0.993214	0.994916	0.996131	0.997918	0.998856	0.999147	0.996197	0.998604
33880	-1559.765	-1627.206	67.44141	1	0.995216	0.993214	0.994916	0.996131	0.997918	0.998856	0.999147	0.996197	0.998604
33890	-1557.643	-1625.085	67.44141	1	0.995216	0.993214	0.994916	0.996131	0.997918	0.998856	0.999147	0.996197	0.998604
33900	-1557.757	-1625.198	67.44141	1	0.995216	0.993214	0.994916	0.996131	0.997918	0.998856	0.999147	0.996197	0.998604
33910	-1557.895	-1625.336	67.44141	1	0.995216	0.993214	0.994916	0.996131	0.997918	0.998856	0.999147	0.996197	0.998604
33920	-1558.88	-1626.321	67.44141	1	0.995216	0.993214	0.994916	0.996131	0.997918	0.998856	0.999147	0.996197	0.998604
33930	-1557.91	-1625.351	67.44141	1	0.995216	0.993214	0.994916	0.996131	0.997918	0.998856	0.999147	0.996197	0.998604
33940	-1557.921	-1625.363	67.44141	1	0.995216	0.993214	0.994916	0.996131	0.997918	0.998856	0.999147	0.996197	0.998604
33950	-1557.63	-1625.072	67.44141	1	0.995216	0.993214	0.994916	0.996131	0.997918	0.998856	0.999147	0.996197	0.998604
33960	-1557.757	-1625.198	67.44141	1	0.995216	0.993214	0.994916	0.996131	0.997918	0.998856	0.999147	0.996197	0.998604
33970	-1559.783	-1627.225	67.44141	1	0.995216	0.993214	0.994916	0.996131	0.997918	0.998856	0.999147	0.996197	0.998604
33980	-1557.63	-1625.071	67.44141	1	0.995216	0.993214	0.994916	0.996131	0.997918	0.998856	0.999147	0.996197	0.998604
33990	-1558.831	-1626.272	67.44141	1	0.995216	0.993214	0.994916	0.996131	0.997918	0.998856	0.999147	0.996197	0.998604
34000	-1557.629	-1625.07	67.44141	1	0.995216	0.993214	0.994916	0.996131	0.997918	0.998856	0.999147	0.996197	0.998604
34010	-1557.852	-1625.293	67.44141	1	0.995216	0.993214	0.994916	0.996131	0.997918	0.998856	0.999147	0.996197	0.998604
34020	-1557.865	-1625.306	67.44141	1	0.995216	0.993214	0.994916	0.996131	0.997918	0.998856	0.999147	0.996197	0.998604
34030	-1557.906	-1625.347	67.44141	1	0.995216	0.993214	0.994916	0.996131	0.997918	0.998856	0.999147	0.996197	0.998604
34040	-1557.729	-1625.17	67.44141	1	0.995216	0.993214	0.994916	0.996131	0.997918	0.998856	0.999147	0.996197	0.998604
34050	-1557.757	-1625.199	67.44141	1	0.995216	0.993214	0.994916	0.996131	0.997918	0.998856	0.999147	0.996197	0.998604
34060	-1557.626	-1625.067	67.44141	1	0.995216	0.993214	0.994916	0.996131	0.997918	0.998856	0.999147	0.996197	0.998604
34070	-1557.697	-1625.138	67.44141	1	0.995216	0.993214	0.994916	0.996131	0.997918	0.998856	0.999147	0.996197	0.998604
34080	-1557.855	-1625.297	67.44141	1	0.995216	0.993214	0.994916	0.996131	0.997918	0.998856	0.999147	0.996197	0.998604
34090	-1558.081	-1625.522	67.44141	1	0.995216	0.993214	0.994916	0.996131	0.997918	0.998856	0.999147	0.996197	0.998604
34100	-1557.682	-1625.124	67.44141	1	0.995216	0.993214	0.994916	0.996131	0.997918	0.998856	0.999147	0.996197	0.998604
34110	-1557.688	-1625.13	67.44141	1	0.995216	0.993214	0.994916	0.996131	0.997918	0.998856	0.999147	0.996197	0.998604
34120	-1557.67	-1625.111	67.44141	1	0.995216	0.993214	0.994916	0.996131	0.997918	0.998856	0.999147	0.996197	0.998604
34130	-1557.631	-1625.072	67.44141	1	0.995216	0.993214	0.994916	0.996131	0.997918	0.998856	0.999147	0.996197	0.998604
34140	-1557.831	-1625.272	67.44141	1	0.995216	0.993214	0.994916	0.996131	0.997918	0.998856	0.999147	0.996197	0.998604
34150	-1557.694	-1625.136	67.44141	1	0.995216	0.993214	0.994916	0.996131	0.997918	0.998856	0.999147	0.996197	0.998604
34160	-1558.218	-1625.66	67.44141	1	0.995216	0.993214	0.994916	0.996131	0.997918	0.998856	0.999147	0.996197	0.998604
34170	-1558.368	-1625.81	67.44141	1	0.995216	0.993214	0.994916	0.996131	0.997918	0.998856	0.999147	0.996197	0.998604
34180	-1557.664	-1625.105	67.44141	1	0.995216	0.993214	0.994916	0.996131	0.997918	0.998856	0.999147	0.996197	0.998604
34190	-1557.759	-1625.2	67.44141	1	0.995216	0.993214	0.994916	0.996131	0.997918	0.998856	0.999147	0.996197	0.998604
34200	-1557.626	-1625.067	67.44141	1	0.995216	0.993214	0.994916	0.996131	0.997918	0.998856	0.999147	0.996197	0.998604
34210	-1558.115	-1625.556	67.44141	1	0.995216	0.993214	0.994916	0.996131	0.997918	0.998856	0.999147	0.996197	0.998604
34220	-1558.395	-1625.836	67.44141	1	0.995216	0.993214	0.994916	0.996131	0.997918	0.998856	0.999147	0.996197	0.998604
34230	-1557.626	-1625.068	67.44141	1	0.995216	0.993214	0.994916	0.996131	0.997918	0.998856	0.999147	0.996197	0.998604
34240	-1558.207	-1625.648	67.44141	1	0.995216	0.993214	0.994916	0.996131	0.997918	0.998856	0.999147	0.996197	0.998604
34250	-1558.447	-1625.888	67.44141	1	0.995216	0.993214	0.994916	0.996131	0.997918	0.998856	0.999147	0.996197	0.998604
34260	-1557.8	-1625.241	67.44141	1	0.995216	0.993214	0.994916	0.996131	0.997918	0.998856	0.999147	0.996197	0.998604
34270	-1557.7	-1625.142	67.44141	1	0.995216	0.993214	0.994916	0.996131	0.997918	0.998856	0.999147	0.996197	0.998604
34280	-1557.654	-1625.096	67.44141	1	0.995216	0.993214	0.994916	0.996131	0.997918	0.998856	0.999147	0.996197	0.998604
34290	-1558.533	-1625.975	67.44141	1	0.995216	0.993214	0.994916	0.996131	0.997918	0.998856	0.999147	0.996197	0.998604
34300	-1558.052	-1625.494	67.44141	1	0.995216	0.993214	0.994916	0.996131	0.997918	0.998856	0.999147	0.996197	0.998604
34310	-1558.44	-1625.881	67.44141	1	0.995216	0.993214	0.994916	0.996131	0.997918	0.998856	0.999147	0.996197	0.998604
34320	-1557.88	-1625.321	67.44141	1	0.995216	0.993214	0.994916	0.996131	0.997918	0.998856	0.999147	0.996197	0.998604
34330	-1557.633	-1625.074	67.44141	1	0.995216	0.993214	0.994916	0.996131	0.997918	0.998856	0.999147	0.996197	0.998604
34340	-1557.707	-1625.148	67.44141	1	0.995216	0.993214	0.994916	0.996131	0.997918	0.998856	0.999147	0.996197	0.998604
34350	-1557.89	-1625.331	67.44141	1	0.995216	0.993214	0.994916	0.996131	0.997918	0.998856	0.999147	0.996197	0.998604
34360	-1557.63	-1625.071	67.44141	1	0.995216	0.993214	0.994916	0.996131	0.997918	0.998856	0.999147	0.996197	0.998604
34370	-1559.32	-1626.762	67.44141	1	0.995216	0.993214	0.994916	0.996131	0.997918	0.998856	0.999147	0.996197	0.998604
34380	-1557.628	-1625.07	67.44141	1	0.995216	0.993214	0.994916	0.996131	0.997918	0.998856	0.999147	0.996197	0.998604
34390	-1557.774	-1625.215	67.44141	1	0.995216	0.993214	0.994916	0.996131	0.997918	0.998856	0.999147	0.996197	0.998604
34400	-1558.336	-1625.777	67.44141	1	0.995216	0.993214	0.994916	0.996131	0.997918	0.998856	0.999147	0.996197	0.998604
34410	-1558.447	-1625.888	67.44141	1	0.995216	0.993214	0.994916	0.996131	0.997918	0.998856	0.999147	0.996197	0.998604
34420	-1558.498	-1625.939	67.44141	1	0.995216	0.993214	0.994916	0.996131	0.997918	0.998856	0.999147	0.996197	0.998604
34430	-1557.851	-1625.293	67.44141	1	0.995216	0.993214	0.994916	0.996131	0.997918	0.998856	0.999147	0.996197	0.998604
34440	-1557.628	-1625.069	67.44141	1	0.995216	0.993214	0.994916	0.996131	0.997918	0.998856	0.999147	0.996197	0.998604
34450	-1557.685	-1625.127	67.44141	1	0.995216	0.993214	0.994916	0.996131	0.997918	0.998856	0.999147	0.996197	0.998604
34460	-1558.259	-1625.701	67.44141	1	0.995216	0.993214	0.994916	0.996131	0.997918	0.998856	0.999147	0.996197	0.998604
34470	-1557.72	-1625.161	67.44141	1	0.995216	0.993214	0.994916	0.996131	0.997918	0.998856	0.999147	0.996197	0.998604
34480	-1558.235	-1625.676	67.44141	1	0.995216	0.993214	0.994916	0.996131	0.997918	0.998856	0.999147	0.996197	0.998604
34490	-1557.629	-1625.07	67.44141	1	0.995216	0.993214	0.994916	0.996131	0.997918	0.998856	0.999147	0.996197	0.998604
34500	-1557.98	-1625.422	67.44141	1	0.995216	0.993214	0.994916	0.996131	0.997918	0.998856	0.999147	0.996197	0.998604
34510	-1558.895	-1626.336	67.44141	1	0.995216	0.993214	0.994916	0.996131	0.997918	0.998856	0.999147	0.996197	0.998604
34520	-1558.479	-1625.92	67.44141	1	0.995216	0.993214	0.994916	0.996131	0.997918	0.998856	0.999147	0.996197	0.998604
34530	-1557.71	-1625.152	67.44141	1	0.995216	0.993214	0.994916	0.996131	0.997918	0.998856	0.999147	0.996197	0.998604
34540	-1557.935	-1625.377	67.44141	1	0.995216	0.993214	0.994916	0.996131	0.997918	0.998856	0.999147	0.996197	0.998604
34550	-1558.118	-1625.559	67.44141	1	0.995216	0.993214	0.994916	0.996131	0.997918	0.998856	0.999147	0.996197	0.998604
34560	-1559.671	-1627.112	67.44141	1	0.995216	0.993214	0.994916	0.996131	0.997918	0.998856	0.999147	0.996197	0.998604
34570	-1557.708	-1625.15	67.44141	1	0.995216	0.993214	0.994916	0.996131	0.997918	0.998856	0.999147	0.996197	0.998604
34580	-1557.72	-1625.161	67.44141	1	0.995216	0.993214	0.994916	0.996131	0.997918	0.998856	0.999147	0.996197	0.998604
34590	-1559.801	-1627.243	67.44141	1	0.995216	0.993214	0.994916	0.996131	0.997918	0.998856	0.999147	0.996197	0.998604
34600	-1557.925	-1625.367	67.44141	1	0.995216	0.993214	0.994916	0.996131	0.997918	0.998856	0.999147	0.996197	0.998604
34610	-1558.978	-1626.42	67.44141	1	0.995216	0.993214	0.994916	0.996131	0.997918	0.998856	0.999147	0.996197	0.998604
34620	-1558.436	-1625.878	67.44141	1	0.995216	0.993214	0.994916	0.996131	0.997918	0.998856	0.999147	0.996197	0.998604
34630	-1558.462	-1625.904	67.44141	1	0.995216	0.993214	0.994916	0.996131	0.997918	0.998856	0.999147	0.996197	0.998604
34640	-1557.902	-1625.344	67.44141	1	0.995216	0.993214	0.994916	0.996131	0.997918	0.998856	0.999147	0.996197	0.998604
34650	-1558.135	-1625.577	67.44141	1	0.995216	0.993214	0.994916	0.996131	0.997918	0.998856	0.999147	0.996197	0.998604
34660	-1558.234	-1625.676	67.44141	1	0.995216	0.993214	0.994916	0.996131	0.997918	0.998856	0.999147	0.996197	0.998604
34670	-1557.63	-1625.071	67.44141	1	0.995216	0.993214	0.994916	0.996131	0.997918	0.998856	0.999147	0.996197	0.998604
34680	-1557.875	-1625.317	67.44141	1	0.995216	0.993214	0.994916	0.996131	0.997918	0.998856	0.999147	0.996197	0.998604
34690	-1558.487	-1625.929	67.44141	1	0.995216	0.993214	0.994916	0.996131	0.997918	0.998856	0.999147	0.996197	0.998604
34700	-1557.641	-1625.082	67.44141	1	0.995216	0.993214	0.994916	0.996131	0.997918	0.998856	0.999147	0.996197	0.998604
34710	-1557.686	-1625.127	67.44141	1	0.995216	0.993214	0.994916	0.996131	0.997918	0.998856	0.999147	0.996197	0.998604
34720	-1559.385	-1626.826	67.44141	1	0.995216	0.993214	0.994916	0.996131	0.997918	0.998856	0.999147	0.996197	0.998604
34730	-1558.18	-1625.621	67.44141	1	0.995216	0.993214	0.994916	0.996131	0.997918	0.998856	0.999147	0.996197	0.998604
34740	-1558.029	-1625.471	67.44141	1	0.995216	0.993214	0.994916	0.996131	0.997918	0.998856	0.999147	0.996197	0.998604
34750	-1557.632	-1625.073	67.44141	1	0.995216	0.993214	0.994916	0.996131	0.997918	0.998856	0.999147	0.996197	0.998604
34760	-1557.659	-1625.101	67.44141	1	0.995216	0.993214	0.994916	0.996131	0.997918	0.998856	0.999147	0.996197	0.998604
34770	-1557.663	-1625.104	67.44141	1	0.995216	0.993214	0.994916	0.996131	0.997918	0.998856	0.999147	0.996197	0.998604
34780	-1558.204	-1625.645	67.44141	1	0.995216	0.993214	0.994916	0.996131	0.997918	0.998856	0.999147	0.996197	0.998604
34790	-1557.765	-1625.207	67.44141	1	0.995216	0.993214	0.994916	0.996131	0.997918	0.998856	0.999147	0.996197	0.998604
34800	-1558.047	-1625.488	67.44141	1	0.995216	0.993214	0.994916	0.996131	0.997918	0.998856	0.999147	0.996197	0.998604
34810	-1557.695	-1625.137	67.44141	1	0.995216	0.993214	0.994916	0.996131	0.997918	0.998856	0.999147	0.996197	0.998604
34820	-1557.802	-1625.243	67.44141	1	0.995216	0.993214	0.994916	0.996131	0.997918	0.998856	0.999147	0.996197	0.998604
34830	-1557.663	-1625.104	67.44141	1	0.995216	0.993214	0.994916	0.996131	0.997918	0.998856	0.999147	0.996197	0.998604
34840	-1557.653	-1625.095	67.44141	1	0.995216	0.993214	0.994916	0.996131	0.997918	0.998856	0.999147	0.996197	0.998604
34850	-1557.725	-1625.166	67.44141	1	0.995216	0.993214	0.994916	0.996131	0.997918	0.998856	0.999147	0.996197	0.998604
34860	-1557.639	-1625.08	67.44141	1	0.995216	0.993214	0.994916	0.996131	0.997918	0.998856	0.999147	0.996197	0.998604
34870	-1557.864	-1625.305	67.44141	1	0.995216	0.993214	0.994916	0.996131	0.997918	0.998856	0.999147	0.996197	0.998604
34880	-1557.638	-1625.079	67.44141	1	0.995216	0.993214	0.994916	0.996131	0.997918	0.998856	0.999147	0.996197	0.998604
34890	-1557.632	-1625.073	67.44141	1	0.995216	0.993214	0.994916	0.996131	0.997918	0.998856	0.999147	0.996197	0.998604
34900	-1557.659	-1625.101	67.44141	1	0.995216	0.993214	0.994916	0.996131	0.997918	0.998856	0.999147	0.996197	0.998604
34910	-1557.793	-1625.235	67.44141	1	0.995216	0.993214	0.994916	0.996131	0.997918	0.998856	0.999147	0.996197	0.998604
34920	-1558.976	-1626.418	67.44141	1	0.995216	0.993214	0.994916	0.996131	0.997918	0.998856	0.999147	0.996197	0.998604
34930	-1557.827	-1625.268	67.44141	1	0.995216	0.993214	0.994916	0.996131	0.997918	0.998856	0.999147	0.996197	0.998604
34940	-1557.736	-1625.178	67.44141	1	0.995216	0.993214	0.994916	0.996131	0.997918	0.998856	0.999147	0.996197	0.998604
34950	-1557.909	-1625.351	67.44141	1	0.995216	0.993214	0.994916	0.996131	0.997918	0.998856	0.999147	0.996197	0.998604
34960	-1558.378	-1625.82	67.44141	1	0.995216	0.993214	0.994916	0.996131	0.997918	0.998856	0.999147	0.996197	0.998604
34970	-1558.48	-1625.921	67.44141	1	0.995216	0.993214	0.994916	0.996131	0.997918	0.998856	0.999147	0.996197	0.998604
34980	-1559.756	-1627.197	67.44141	1	0.995216	0.993214	0.994916	0.996131	0.997918	0.998856	0.999147	0.996197	0.998604
34990	-1557.836	-1625.278	67.44141	1	0.995216	0.993214	0.994916	0.996131	0.997918	0.998856	0.999147	0.996197	0.998604
35000	-1558.404	-1625.845	67.44141	1	0.995216	0.993214	0.994916	0.996131	0.997918	0.998856	0.999147	0.996197	0.998604
35010	-1557.626	-1625.068	67.44141	1	0.995216	0.993214	0.994916	0.996131	0.997918	0.998856	0.999147	0.996197	0.998604
35020	-1558.848	-1626.289	67.44141	1	0.995216	0.993214	0.994916	0.996131	0.997918	0.998856	0.999147	0.996197	0.998604
35030	-1558.885	-1626.327	67.44141	1	0.995216	0.993214	0.994916	0.996131	0.997918	0.998856	0.999147	0.996197	0.998604
35040	-1558.918	-1626.359	67.44141	1	0.995216	0.993214	0.994916	0.996131	0.997918	0.998856	0.999147	0.996197	0.998604
35050	-1557.635	-1625.077	67.44141	1	0.995216	0.993214	0.994916	0.996131	0.997918	0.998856	0.999147	0.996197	0.998604
35060	-1557.692	-1625.133	67.44141	1	0.995216	0.993214	0.994916	0.996131	0.997918	0.998856	0.999147	0.996197	0.998604
35070	-1557.973	-1625.414	67.44141	1	0.995216	0.993214	0.994916	0.996131	0.997918	0.998856	0.999147	0.996197	0.998604
35080	-1558.216	-1625.657	67.44141	1	0.995216	0.993214	0.994916	0.996131	0.997918	0.998856	0.999147	0.996197	0.998604
35090	-1560.217	-1627.659	67.44141	1	0.995216	0.993214	0.994916	0.996131	0.997918	0.998856	0.999147	0.996197	0.998604
35100	-1558.462	-1625.903	67.44141	1	0.995216	0.993214	0.994916	0.996131	0.997918	0.998856	0.999147	0.996197	0.998604
35110	-1559.325	-1626.766	67.44141	1	0.995216	0.993214	0.994916	0.996131	0.997918	0.998856	0.999147	0.996197	0.998604
35120	-1557.774	-1625.215	67.44141	1	0.995216	0.993214	0.994916	0.996131	0.997918	0.998856	0.999147	0.996197	0.998604
35130	-1557.7	-1625.142	67.44141	1	0.995216	0.993214	0.994916	0.996131	0.997918	0.998856	0.999147	0.996197	0.998604
35140	-1558.137	-1625.578	67.44141	1	0.995216	0.993214	0.994916	0.996131	0.997918	0.998856	0.999147	0.996197	0.998604
35150	-1557.705	-1625.146	67.44141	1	0.995216	0.993214	0.994916	0.996131	0.997918	0.998856	0.999147	0.996197	0.998604
35160	-1557.735	-1625.177	67.44141	1	0.995216	0.993214	0.994916	0.996131	0.997918	0.998856	0.999147	0.996197	0.998604
35170	-1558.451	-1625.893	67.44141	1	0.995216	0.993214	0.994916	0.996131	0.997918	0.998856	0.999147	0.996197	0.998604
35180	-1557.649	-1625.09	67.44141	1	0.995216	0.993214	0.994916	0.996131	0.997918	0.998856	0.999147	0.996197	0.998604
35190	-1557.666	-1625.107	67.44141	1	0.995216	0.993214	0.994916	0.996131	0.997918	0.998856	0.999147	0.996197	0.998604
35200	-1557.65	-1625.091	67.44141	1	0.995216	0.993214	0.994916	0.996131	0.997918	0.998856	0.999147	0.996197	0.998604
35210	-1557.666	-1625.107	67.44141	1	0.995216	0.993214	0.994916	0.996131	0.997918	0.998856	0.999147	0.996197	0.998604
35220	-1557.877	-1625.318	67.44141	1	0.995216	0.993214	0.994916	0.996131	0.997918	0.998856	0.999147	0.996197	0.998604
35230	-1557.673	-1625.114	67.44141	1	0.995216	0.993214	0.994916	0.996131	0.997918	0.998856	0.999147	0.996197	0.998604
35240	-1558.653	-1626.094	67.44141	1	0.995216	0.993214	0.994916	0.996131	0.997918	0.998856	0.999147	0.996197	0.998604
35250	-1558.186	-1625.627	67.44141	1	0.995216	0.993214	0.994916	0.996131	0.997918	0.998856	0.999147	0.996197	0.998604
35260	-1557.632	-1625.073	67.44141	1	0.995216	0.993214	0.994916	0.996131	0.997918	0.998856	0.999147	0.996197	0.998604
35270	-1557.744	-1625.186	67.44141	1	0.995216	0.993214	0.994916	0.996131	0.997918	0.998856	0.999147	0.996197	0.998604
35280	-1557.626	-1625.067	67.44141	1	0.995216	0.993214	0.994916	0.996131	0.997918	0.998856	0.999147	0.996197	0.998604
35290	-1557.629	-1625.07	67.44141	1	0.995216	0.993214	0.994916	0.996131	0.997918	0.998856	0.999147	0.996197	0.998604
35300	-1558.772	-1626.213	67.44141	1	0.995216	0.993214	0.994916	0.996131	0.997918	0.998856	0.999147	0.996197	0.998604
35310	-1558.044	-1625.485	67.44141	1	0.995216	0.993214	0.994916	0.996131	0.997918	0.998856	0.999147	0.996197	0.998604
35320	-1558.218	-1625.66	67.44141	1	0.995216	0.993214	0.994916	0.996131	0.997918	0.998856	0.999147	0.996197	0.998604
35330	-1557.772	-1625.213	67.44141	1	0.995216	0.993214	0.994916	0.996131	0.997918	0.998856	0.999147	0.996197	0.998604
35340	-1558.243	-1625.684	67.44141	1	0.995216	0.993214	0.994916	0.996131	0.997918	0.998856	0.999147	0.996197	0.998604
35350	-1557.744	-1625.185	67.44141	1	0.995216	0.993214	0.994916	0.996131	0.997918	0.998856	0.999147	0.996197	0.998604
35360	-1560.368	-1627.81	67.44141	1	0.995216	0.993214	0.994916	0.996131	0.997918	0.998856	0.999147	0.996197	0.998604
35370	-1557.927	-1625.368	67.44141	1	0.995216	0.993214	0.994916	0.996131	0.997918	0.998856	0.999147	0.996197	0.998604
35380	-1558.427	-1625.868	67.44141	1	0.995216	0.993214	0.994916	0.996131	0.997918	0.998856	0.999147	0.996197	0.998604
35390	-1557.703	-1625.144	67.44141	1	0.995216	0.993214	0.994916	0.996131	0.997918	0.998856	0.999147	0.996197	0.998604
35400	-1557.686	-1625.127	67.44141	1	0.995216	0.993214	0.994916	0.996131	0.997918	0.998856	0.999147	0.996197	0.998604
35410	-1557.715	-1625.156	67.44141	1	0.995216	0.993214	0.994916	0.996131	0.997918	0.998856	0.999147	0.996197	0.998604
35420	-1557.789	-1625.23	67.44141	1	0.995216	0.993214	0.994916	0.996131	0.997918	0.998856	0.999147	0.996197	0.998604
35430	-1557.63	-1625.071	67.44141	1	0.995216	0.993214	0.994916	0.996131	0.997918	0.998856	0.999147	0.996197	0.998604
35440	-1558.234	-1625.676	67.44141	1	0.995216	0.993214	0.994916	0.996131	0.997918	0.998856	0.999147	0.996197	0.998604
35450	-1557.995	-1625.437	67.44141	1	0.995216	0.993214	0.994916	0.996131	0.997918	0.998856	0.999147	0.996197	0.998604
35460	-1557.764	-1625.205	67.44141	1	0.995216	0.993214	0.994916	0.996131	0.997918	0.998856	0.999147	0.996197	0.998604
35470	-1557.921	-1625.363	67.44141	1	0.995216	0.993214	0.994916	0.996131	0.997918	0.998856	0.999147	0.996197	0.998604
35480	-1558.536	-1625.977	67.44141	1	0.995216	0.993214	0.994916	0.996131	0.997918	0.998856	0.999147	0.996197	0.998604
35490	-1557.67	-1625.111	67.44141	1	0.995216	0.993214	0.994916	0.996131	0.997918	0.998856	0.999147	0.996197	0.998604
35500	-1557.639	-1625.08	67.44141	1	0.995216	0.993214	0.994916	0.996131	0.997918	0.998856	0.999147	0.996197	0.998604
35510	-1557.65	-1625.091	67.44141	1	0.995216	0.993214	0.994916	0.996131	0.997918	0.998856	0.999147	0.996197	0.998604
35520	-1557.669	-1625.11	67.44141	1	0.995216	0.993214	0.994916	0.996131	0.997918	0.998856	0.999147	0.996197	0.998604
35530	-1557.74	-1625.181	67.44141	1	0.995216	0.993214	0.994916	0.996131	0.997918	0.998856	0.999147	0.996197	0.998604
35540	-1558.163	-1625.604	67.44141	1	0.995216	0.993214	0.994916	0.996131	0.997918	0.998856	0.999147	0.996197	0.998604
35550	-1557.686	-1625.128	67.44141	1	0.995216	0.993214	0.994916	0.996131	0.997918	0.998856	0.999147	0.996197	0.998604
35560	-1557.766	-1625.208	67.44141	1	0.995216	0.993214	0.994916	0.996131	0.997918	0.998856	0.999147	0.996197	0.998604
35570	-1559.067	-1626.508	67.44141	1	0.995216	0.993214	0.994916	0.996131	0.997918	0.998856	0.999147	0.996197	0.998604
35580	-1557.945	-1625.387	67.44141	1	0.995216	0.993214	0.994916	0.996131	0.997918	0.998856	0.999147	0.996197	0.998604
35590	-1557.627	-1625.068	67.44141	1	0.995216	0.993214	0.994916	0.996131	0.997918	0.998856	0.999147	0.996197	0.998604
35600	-1558.957	-1626.399	67.44141	1	0.995216	0.993214	0.994916	0.996131	0.997918	0.998856	0.999147	0.996197	0.998604
35610	-1557.636	-1625.077	67.44141	1	0.995216	0.993214	0.994916	0.996131	0.997918	0.998856	0.999147	0.996197	0.998604
35620	-1558.527	-1625.968	67.44141	1	0.995216	0.993214	0.994916	0.996131	0.997918	0.998856	0.999147	0.996197	0.998604
35630	-1559.616	-1627.058	67.44141	1	0.995216	0.993214	0.994916	0.996131	0.997918	0.998856	0.999147	0.996197	0.998604
35640	-1557.638	-1625.079	67.44141	1	0.995216	0.993214	0.994916	0.996131	0.997918	0.998856	0.999147	0.996197	0.998604
35650	-1557.944	-1625.385	67.44141	1	0.995216	0.993214	0.994916	0.996131	0.997918	0.998856	0.999147	0.996197	0.998604
35660	-1557.644	-1625.085	67.44141	1	0.995216	0.993214	0.994916	0.996131	0.997918	0.998856	0.999147	0.996197	0.998604
35670	-1557.79	-1625.231	67.44141	1	0.995216	0.993214	0.994916	0.996131	0.997918	0.998856	0.999147	0.996197	0.998604
35680	-1557.873	-1625.314	67.44141	1	0.995216	0.993214	0.994916	0.996131	0.997918	0.998856	0.999147	0.996197	0.998604
35690	-1557.721	-1625.162	67.44141	1	0.995216	0.993214	0.994916	0.996131	0.997918	0.998856	0.999147	0.996197	0.998604
35700	-1557.664	-1625.105	67.44141	1	0.995216	0.993214	0.994916	0.996131	0.997918	0.998856	0.999147	0.996197	0.998604
35710	-1558.436	-1625.878	67.44141	1	0.995216	0.993214	0.994916	0.996131	0.997918	0.998856	0.999147	0.996197	0.998604
35720	-1558.02	-1625.461	67.44141	1	0.995216	0.993214	0.994916	0.996131	0.997918	0.998856	0.999147	0.996197	0.998604
35730	-1557.664	-1625.106	67.44141	1	0.995216	0.993214	0.994916	0.996131	0.997918	0.998856	0.999147	0.996197	0.998604
35740	-1557.67	-1625.112	67.44141	1	0.995216	0.993214	0.994916	0.996131	0.997918	0.998856	0.999147	0.996197	0.998604
35750	-1557.724	-1625.165	67.44141	1	0.995216	0.993214	0.994916	0.996131	0.997918	0.998856	0.999147	0.996197	0.998604
35760	-1558.819	-1626.26	67.44141	1	0.995216	0.993214	0.994916	0.996131	0.997918	0.998856	0.999147	0.996197	0.998604
35770	-1558.211	-1625.652	67.44141	1	0.995216	0.993214	0.994916	0.996131	0.997918	0.998856	0.999147	0.996197	0.998604
35780	-1558.416	-1625.857	67.44141	1	0.995216	0.993214	0.994916	0.996131	0.997918	0.998856	0.999147	0.996197	0.998604
35790	-1558.462	-1625.904	67.44141	1	0.995216	0.993214	0.994916	0.996131	0.997918	0.998856	0.999147	0.996197	0.998604
35800	-1557.69	-1625.132	67.44141	1	0.995216	0.993214	0.994916	0.996131	0.997918	0.998856	0.999147	0.996197	0.998604
35810	-1557.977	-1625.419	67.44141	1	0.995216	0.993214	0.994916	0.996131	0.997918	0.998856	0.999147	0.996197	0.998604
35820	-1557.714	-1625.155	67.44141	1	0.995216	0.993214	0.994916	0.996131	0.997918	0.998856	0.999147	0.996197	0.998604
35830	-1558.012	-1625.454	67.44141	1	0.995216	0.993214	0.994916	0.996131	0.997918	0.998856	0.999147	0.996197	0.998604
35840	-1557.63	-1625.071	67.44141	1	0.995216	0.993214	0.994916	0.996131	0.997918	0.998856	0.999147	0.996197	0.998604
35850	-1557.911	-1625.352	67.44141	1	0.995216	0.993214	0.994916	0.996131	0.997918	0.998856	0.999147	0.996197	0.998604
35860	-1557.634	-1625.075	67.44141	1	0.995216	0.993214	0.994916	0.996131	0.997918	0.998856	0.999147	0.996197	0.998604
35870	-1558.969	-1626.41	67.44141	1	0.995216	0.993214	0.994916	0.996131	0.997918	0.998856	0.999147	0.996197	0.998604
35880	-1557.705	-1625.146	67.44141	1	0.995216	0.993214	0.994916	0.996131	0.997918	0.998856	0.999147	0.996197	0.998604
35890	-1557.854	-1625.295	67.44141	1	0.995216	0.993214	0.994916	0.996131	0.997918	0.998856	0.999147	0.996197	0.998604
35900	-1557.793	-1625.234	67.44141	1	0.995216	0.993214	0.994916	0.996131	0.997918	0.998856	0.999147	0.996197	0.998604
35910	-1559.507	-1626.948	67.44141	1	0.995216	0.993214	0.994916	0.996131	0.997918	0.998856	0.999147	0.996197	0.998604
35920	-1558.846	-1626.287	67.44141	1	0.995216	0.993214	0.994916	0.996131	0.997918	0.998856	0.999147	0.996197	0.998604
35930	-1557.9	-1625.342	67.44141	1	0.995216	0.993214	0.994916	0.996131	0.997918	0.998856	0.999147	0.996197	0.998604
35940	-1558.726	-1626.167	67.44141	1	0.995216	0.993214	0.994916	0.996131	0.997918	0.998856	0.999147	0.996197	0.998604
35950	-1557.706	-1625.147	67.44141	1	0.995216	0.993214	0.994916	0.996131	0.997918	0.998856	0.999147	0.996197	0.998604
35960	-1557.999	-1625.44	67.44141	1	0.995216	0.993214	0.994916	0.996131	0.997918	0.998856	0.999147	0.996197	0.998604
35970	-1559.048	-1626.489	67.44141	1	0.995216	0.993214	0.994916	0.996131	0.997918	0.998856	0.999147	0.996197	0.998604
35980	-1557.766	-1625.208	67.44141	1	0.995216	0.993214	0.994916	0.996131	0.997918	0.998856	0.999147	0.996197	0.998604
35990	-1557.669	-1625.11	67.44141	1	0.995216	0.993214	0.994916	0.996131	0.997918	0.998856	0.999147	0.996197	0.998604
36000	-1557.912	-1625.354	67.44141	1	0.995216	0.993214	0.994916	0.996131	0.997918	0.998856	0.999147	0.996197	0.998604
36010	-1558.099	-1625.54	67.44141	1	0.995216	0.993214	0.994916	0.996131	0.997918	0.998856	0.999147	0.996197	0.998604
36020	-1557.684	-1625.126	67.44141	1	0.995216	0.993214	0.994916	0.996131	0.997918	0.998856	0.999147	0.996197	0.998604
36030	-1557.904	-1625.345	67.44141	1	0.995216	0.993214	0.994916	0.996131	0.997918	0.998856	0.999147	0.996197	0.998604
36040	-1557.809	-1625.251	67.44141	1	0.995216	0.993214	0.994916	0.996131	0.997918	0.998856	0.999147	0.996197	0.998604
36050	-1559.054	-1626.496	67.44141	1	0.995216	0.993214	0.994916	0.996131	0.997918	0.998856	0.999147	0.996197	0.998604
36060	-1557.729	-1625.17	67.44141	1	0.995216	0.993214	0.994916	0.996131	0.997918	0.998856	0.999147	0.996197	0.998604
36070	-1557.893	-1625.335	67.44141	1	0.995216	0.993214	0.994916	0.996131	0.997918	0.998856	0.999147	0.996197	0.998604
36080	-1558.388	-1625.829	67.44141	1	0.995216	0.993214	0.994916	0.996131	0.997918	0.998856	0.999147	0.996197	0.998604
36090	-1557.639	-1625.08	67.44141	1	0.995216	0.993214	0.994916	0.996131	0.997918	0.998856	0.999147	0.996197	0.998604
36100	-1559.425	-1626.867	67.44141	1	0.995216	0.993214	0.994916	0.996131	0.997918	0.998856	0.999147	0.996197	0.998604
36110	-1558.231	-1625.673	67.44141	1	0.995216	0.993214	0.994916	0.996131	0.997918	0.998856	0.999147	0.996197	0.998604
36120	-1558.647	-1626.088	67.44141	1	0.995216	0.993214	0.994916	0.996131	0.997918	0.998856	0.999147	0.996197	0.998604
36130	-1558.027	-1625.469	67.44141	1	0.995216	0.993214	0.994916	0.996131	0.997918	0.998856	0.999147	0.996197	0.998604
36140	-1557.751	-1625.192	67.44141	1	0.995216	0.993214	0.994916	0.996131	0.997918	0.998856	0.999147	0.996197	0.998604
36150	-1557.764	-1625.205	67.44141	1	0.995216	0.993214	0.994916	0.996131	0.997918	0.998856	0.999147	0.996197	0.998604
36160	-1557.628	-1625.07	67.44141	1	0.995216	0.993214	0.994916	0.996131	0.997918	0.998856	0.999147	0.996197	0.998604
36170	-1557.809	-1625.251	67.44141	1	0.995216	0.993214	0.994916	0.996131	0.997918	0.998856	0.999147	0.996197	0.998604
36180	-1557.782	-1625.224	67.44141	1	0.995216	0.993214	0.994916	0.996131	0.997918	0.998856	0.999147	0.996197	0.998604
36190	-1557.63	-1625.072	67.44141	1	0.995216	0.993214	0.994916	0.996131	0.997918	0.998856	0.999147	0.996197	0.998604
36200	-1557.662	-1625.104	67.44141	1	0.995216	0.993214	0.994916	0.996131	0.997918	0.998856	0.999147	0.996197	0.998604
36210	-1558.397	-1625.839	67.44141	1	0.995216	0.993214	0.994916	0.996131	0.997918	0.998856	0.999147	0.996197	0.998604
36220	-1558.188	-1625.63	67.44141	1	0.995216	0.993214	0.994916	0.996131	0.997918	0.998856	0.999147	0.996197	0.998604
36230	-1557.627	-1625.069	67.44141	1	0.995216	0.993214	0.994916	0.996131	0.997918	0.998856	0.999147	0.996197	0.998604
36240	-1558.145	-1625.586	67.44141	1	0.995216	0.993214	0.994916	0.996131	0.997918	0.998856	0.999147	0.996197	0.998604
36250	-1560.558	-1627.999	67.44141	1	0.995216	0.993214	0.994916	0.996131	0.997918	0.998856	0.999147	0.996197	0.998604
36260	-1558.087	-1625.529	67.44141	1	0.995216	0.993214	0.994916	0.996131	0.997918	0.998856	0.999147	0.996197	0.998604
36270	-1557.693	-1625.135	67.44141	1	0.995216	0.993214	0.994916	0.996131	0.997918	0.998856	0.999147	0.996197	0.998604
36280	-1559.516	-1626.957	67.44141	1	0.995216	0.993214	0.994916	0.996131	0.997918	0.998856	0.999147	0.996197	0.998604
36290	-1558.274	-1625.715	67.44141	1	0.995216	0.993214	0.994916	0.996131	0.997918	0.998856	0.999147	0.996197	0.998604
36300	-1558.136	-1625.578	67.44141	1	0.995216	0.993214	0.994916	0.996131	0.997918	0.998856	0.999147	0.996197	0.998604
36310	-1557.629	-1625.07	67.44141	1	0.995216	0.993214	0.994916	0.996131	0.997918	0.998856	0.999147	0.996197	0.998604
36320	-1557.813	-1625.254	67.44141	1	0.995216	0.993214	0.994916	0.996131	0.997918	0.998856	0.999147	0.996197	0.998604
36330	-1558.664	-1626.106	67.44141	1	0.995216	0.993214	0.994916	0.996131	0.997918	0.998856	0.999147	0.996197	0.998604
36340	-1557.845	-1625.287	67.44141	1	0.995216	0.993214	0.994916	0.996131	0.997918	0.998856	0.999147	0.996197	0.998604
36350	-1558.948	-1626.389	67.44141	1	0.995216	0.993214	0.994916	0.996131	0.997918	0.998856	0.999147	0.996197	0.998604
36360	-1557.915	-1625.357	67.44141	1	0.995216	0.993214	0.994916	0.996131	0.997918	0.998856	0.999147	0.996197	0.998604
36370	-1558.801	-1626.242	67.44141	1	0.995216	0.993214	0.994916	0.996131	0.997918	0.998856	0.999147	0.996197	0.998604
36380	-1558.351	-1625.792	67.44141	1	0.995216	0.993214	0.994916	0.996131	0.997918	0.998856	0.999147	0.996197	0.998604
36390	-1560.024	-1627.466	67.44141	1	0.995216	0.993214	0.994916	0.996131	0.997918	0.998856	0.999147	0.996197	0.998604
36400	-1557.666	-1625.108	67.44141	1	0.995216	0.993214	0.994916	0.996131	0.997918	0.998856	0.999147	0.996197	0.998604
36410	-1560.372	-1627.813	67.44141	1	0.995216	0.993214	0.994916	0.996131	0.997918	0.998856	0.999147	0.996197	0.998604
36420	-1557.666	-1625.107	67.44141	1	0.995216	0.993214	0.994916	0.996131	0.997918	0.998856	0.999147	0.996197	0.998604
36430	-1557.917	-1625.358	67.44141	1	0.995216	0.993214	0.994916	0.996131	0.997918	0.998856	0.999147	0.996197	0.998604
36440	-1558.042	-1625.484	67.44141	1	0.995216	0.993214	0.994916	0.996131	0.997918	0.998856	0.999147	0.996197	0.998604
36450	-1558.984	-1626.425	67.44141	1	0.995216	0.993214	0.994916	0.996131	0.997918	0.998856	0.999147	0.996197	0.998604
36460	-1557.627	-1625.068	67.44141	1	0.995216	0.993214	0.994916	0.996131	0.997918	0.998856	0.999147	0.996197	0.998604
36470	-1557.889	-1625.33	67.44141	1	0.995216	0.993214	0.994916	0.996131	0.997918	0.998856	0.999147	0.996197	0.998604
36480	-1557.709	-1625.151	67.44141	1	0.995216	0.993214	0.994916	0.996131	0.997918	0.998856	0.999147	0.996197	0.998604
36490	-1557.685	-1625.127	67.44141	1	0.995216	0.993214	0.994916	0.996131	0.997918	0.998856	0.999147	0.996197	0.998604
36500	-1557.64	-1625.081	67.44141	1	0.995216	0.993214	0.994916	0.996131	0.997918	0.998856	0.999147	0.996197	0.998604
36510	-1557.932	-1625.374	67.44141	1	0.995216	0.993214	0.994916	0.996131	0.997918	0.998856	0.999147	0.996197	0.998604
36520	-1557.698	-1625.14	67.44141	1	0.995216	0.993214	0.994916	0.996131	0.997918	0.998856	0.999147	0.996197	0.998604
36530	-1557.692	-1625.133	67.44141	1	0.995216	0.993214	0.994916	0.996131	0.997918	0.998856	0.999147	0.996197	0.998604
36540	-1557.758	-1625.2	67.44141	1	0.995216	0.993214	0.994916	0.996131	0.997918	0.998856	0.999147	0.996197	0.998604
36550	-1557.702	-1625.144	67.44141	1	0.995216	0.993214	0.994916	0.996131	0.997918	0.998856	0.999147	0.996197	0.998604
36560	-1558.12	-1625.562	67.44141	1	0.995216	0.993214	0.994916	0.996131	0.997918	0.998856	0.999147	0.996197	0.998604
36570	-1557.889	-1625.33	67.44141	1	0.995216	0.993214	0.994916	0.996131	0.997918	0.998856	0.999147	0.996197	0.998604
36580	-1558.121	-1625.562	67.44141	1	0.995216	0.993214	0.994916	0.996131	0.997918	0.998856	0.999147	0.996197	0.998604
36590	-1557.939	-1625.38	67.44141	1	0.995216	0.993214	0.994916	0.996131	0.997918	0.998856	0.999147	0.996197	0.998604
36600	-1557.895	-1625.336	67.44141	1	0.995216	0.993214	0.994916	0.996131	0.997918	0.998856	0.999147	0.996197	0.998604
36610	-1557.626	-1625.067	67.44141	1	0.995216	0.993214	0.994916	0.996131	0.997918	0.998856	0.999147	0.996197	0.998604
36620	-1557.67	-1625.111	67.44141	1	0.995216	0.993214	0.994916	0.996131	0.997918	0.998856	0.999147	0.996197	0.998604
36630	-1557.715	-1625.157	67.44141	1	0.995216	0.993214	0.994916	0.996131	0.997918	0.998856	0.999147	0.996197	0.998604
36640	-1557.792	-1625.234	67.44141	1	0.995216	0.993214	0.994916	0.996131	0.997918	0.998856	0.999147	0.996197	0.998604
36650	-1558.54	-1625.981	67.44141	1	0.995216	0.993214	0.994916	0.996131	0.997918	0.998856	0.999147	0.996197	0.998604
36660	-1558.177	-1625.619	67.44141	1	0.995216	0.993214	0.994916	0.996131	0.997918	0.998856	0.999147	0.996197	0.998604
36670	-1560.099	-1627.541	67.44141	1	0.995216	0.993214	0.994916	0.996131	0.997918	0.998856	0.999147	0.996197	0.998604
36680	-1557.632	-1625.073	67.44141	1	0.995216	0.993214	0.994916	0.996131	0.997918	0.998856	0.999147	0.996197	0.998604
36690	-1559.819	-1627.26	67.44141	1	0.995216	0.993214	0.994916	0.996131	0.997918	0.998856	0.999147	0.996197	0.998604
36700	-1557.747	-1625.188	67.44141	1	0.995216	0.993214	0.994916	0.996131	0.997918	0.998856	0.999147	0.996197	0.998604
36710	-1558.201	-1625.642	67.44141	1	0.995216	0.993214	0.994916	0.996131	0.997918	0.998856	0.999147	0.996197	0.998604
36720	-1557.634	-1625.076	67.44141	1	0.995216	0.993214	0.994916	0.996131	0.997918	0.998856	0.999147	0.996197	0.998604
36730	-1557.775	-1625.217	67.44141	1	0.995216	0.993214	0.994916	0.996131	0.997918	0.998856	0.999147	0.996197	0.998604
36740	-1557.701	-1625.142	67.44141	1	0.995216	0.993214	0.994916	0.996131	0.997918	0.998856	0.999147	0.996197	0.998604
36750	-1558.11	-1625.552	67.44141	1	0.995216	0.993214	0.994916	0.996131	0.997918	0.998856	0.999147	0.996197	0.998604
36760	-1558.098	-1625.54	67.44141	1	0.995216	0.993214	0.994916	0.996131	0.997918	0.998856	0.999147	0.996197	0.998604
36770	-1557.917	-1625.358	67.44141	1	0.995216	0.993214	0.994916	0.996131	0.997918	0.998856	0.999147	0.996197	0.998604
36780	-1558.292	-1625.734	67.44141	1	0.995216	0.993214	0.994916	0.996131	0.997918	0.998856	0.999147	0.996197	0.998604
36790	-1557.892	-1625.334	67.44141	1	0.995216	0.993214	0.994916	0.996131	0.997918	0.998856	0.999147	0.996197	0.998604
36800	-1557.741	-1625.183	67.44141	1	0.995216	0.993214	0.994916	0.996131	0.997918	0.998856	0.999147	0.996197	0.998604
36810	-1557.645	-1625.086	67.44141	1	0.995216	0.993214	0.994916	0.996131	0.997918	0.998856	0.999147	0.996197	0.998604
36820	-1560.237	-1627.679	67.44141	1	0.995216	0.993214	0.994916	0.996131	0.997918	0.998856	0.999147	0.996197	0.998604
36830	-1559.266	-1626.708	67.44141	1	0.995216	0.993214	0.994916	0.996131	0.997918	0.998856	0.999147	0.996197	0.998604
36840	-1557.944	-1625.386	67.44141	1	0.995216	0.993214	0.994916	0.996131	0.997918	0.998856	0.999147	0.996197	0.998604
36850	-1558.842	-1626.284	67.44141	1	0.995216	0.993214	0.994916	0.996131	0.997918	0.998856	0.999147	0.996197	0.998604
36860	-1557.769	-1625.211	67.44141	1	0.995216	0.993214	0.994916	0.996131	0.997918	0.998856	0.999147	0.996197	0.998604
36870	-1558.199	-1625.64	67.44141	1	0.995216	0.993214	0.994916	0.996131	0.997918	0.998856	0.999147	0.996197	0.998604
36880	-1558.116	-1625.557	67.44141	1	0.995216	0.993214	0.994916	0.996131	0.997918	0.998856	0.999147	0.996197	0.998604
36890	-1558.03	-1625.471	67.44141	1	0.995216	0.993214	0.994916	0.996131	0.997918	0.998856	0.999147	0.996197	0.998604
36900	-1558.498	-1625.939	67.44141	1	0.995216	0.993214	0.994916	0.996131	0.997918	0.998856	0.999147	0.996197	0.998604
36910	-1557.694	-1625.136	67.44141	1	0.995216	0.993214	0.994916	0.996131	0.997918	0.998856	0.999147	0.996197	0.998604
36920	-1557.871	-1625.312	67.44141	1	0.995216	0.993214	0.994916	0.996131	0.997918	0.998856	0.999147	0.996197	0.998604
36930	-1557.65	-1625.091	67.44141	1	0.995216	0.993214	0.994916	0.996131	0.997918	0.998856	0.999147	0.996197	0.998604
36940	-1558.3	-1625.742	67.44141	1	0.995216	0.993214	0.994916	0.996131	0.997918	0.998856	0.999147	0.996197	0.998604
36950	-1557.632	-1625.074	67.44141	1	0.995216	0.993214	0.994916	0.996131	0.997918	0.998856	0.999147	0.996197	0.998604
36960	-1557.672	-1625.114	67.44141	1	0.995216	0.993214	0.994916	0.996131	0.997918	0.998856	0.999147	0.996197	0.998604
36970	-1559.301	-1626.742	67.44141	1	0.995216	0.993214	0.994916	0.996131	0.997918	0.998856	0.999147	0.996197	0.998604
36980	-1557.796	-1625.237	67.44141	1	0.995216	0.993214	0.994916	0.996131	0.997918	0.998856	0.999147	0.996197	0.998604
36990	-1557.765	-1625.206	67.44141	1	0.995216	0.993214	0.994916	0.996131	0.997918	0.998856	0.999147	0.996197	0.998604
37000	-1557.645	-1625.087	67.44141	1	0.995216	0.993214	0.994916	0.996131	0.997918	0.998856	0.999147	0.996197	0.998604
37010	-1557.635	-1625.076	67.44141	1	0.995216	0.993214	0.994916	0.996131	0.997918	0.998856	0.999147	0.996197	0.998604
37020	-1558.189	-1625.63	67.44141	1	0.995216	0.993214	0.994916	0.996131	0.997918	0.998856	0.999147	0.996197	0.998604
37030	-1557.64	-1625.082	67.44141	1	0.995216	0.993214	0.994916	0.996131	0.997918	0.998856	0.999147	0.996197	0.998604
37040	-1557.626	-1625.067	67.44141	1	0.995216	0.993214	0.994916	0.996131	0.997918	0.998856	0.999147	0.996197	0.998604
37050	-1558.279	-1625.72	67.44141	1	0.995216	0.993214	0.994916	0.996131	0.997918	0.998856	0.999147	0.996197	0.998604
37060	-1557.945	-1625.386	67.44141	1	0.995216	0.993214	0.994916	0.996131	0.997918	0.998856	0.999147	0.996197	0.998604
37070	-1557.768	-1625.21	67.44141	1	0.995216	0.993214	0.994916	0.996131	0.997918	0.998856	0.999147	0.996197	0.998604
37080	-1557.729	-1625.17	67.44141	1	0.995216	0.993214	0.994916	0.996131	0.997918	0.998856	0.999147	0.996197	0.998604
37090	-1559.014	-1626.455	67.44141	1	0.995216	0.993214	0.994916	0.996131	0.997918	0.998856	0.999147	0.996197	0.998604
37100	-1558.788	-1626.23	67.44141	1	0.995216	0.993214	0.994916	0.996131	0.997918	0.998856	0.999147	0.996197	0.998604
37110	-1557.731	-1625.173	67.44141	1	0.995216	0.993214	0.994916	0.996131	0.997918	0.998856	0.999147	0.996197	0.998604
37120	-1559.059	-1626.501	67.44141	1	0.995216	0.993214	0.994916	0.996131	0.997918	0.998856	0.999147	0.996197	0.998604
37130	-1559.54	-1626.981	67.44141	1	0.995216	0.993214	0.994916	0.996131	0.997918	0.998856	0.999147	0.996197	0.998604
37140	-1557.697	-1625.139	67.44141	1	0.995216	0.993214	0.994916	0.996131	0.997918	0.998856	0.999147	0.996197	0.998604
37150	-1557.633	-1625.074	67.44141	1	0.995216	0.993214	0.994916	0.996131	0.997918	0.998856	0.999147	0.996197	0.998604
37160	-1557.681	-1625.122	67.44141	1	0.995216	0.993214	0.994916	0.996131	0.997918	0.998856	0.999147	0.996197	0.998604
37170	-1557.807	-1625.248	67.44141	1	0.995216	0.993214	0.994916	0.996131	0.997918	0.998856	0.999147	0.996197	0.998604
37180	-1557.686	-1625.128	67.44141	1	0.995216	0.993214	0.994916	0.996131	0.997918	0.998856	0.999147	0.996197	0.998604
37190	-1558.227	-1625.669	67.44141	1	0.995216	0.993214	0.994916	0.996131	0.997918	0.998856	0.999147	0.996197	0.998604
37200	-1558.51	-1625.952	67.44141	1	0.995216	0.993214	0.994916	0.996131	0.997918	0.998856	0.999147	0.996197	0.998604
37210	-1558.364	-1625.805	67.44141	1	0.995216	0.993214	0.994916	0.996131	0.997918	0.998856	0.999147	0.996197	0.998604
37220	-1557.915	-1625.357	67.44141	1	0.995216	0.993214	0.994916	0.996131	0.997918	0.998856	0.999147	0.996197	0.998604
37230	-1557.626	-1625.067	67.44141	1	0.995216	0.993214	0.994916	0.996131	0.997918	0.998856	0.999147	0.996197	0.998604
37240	-1557.775	-1625.217	67.44141	1	0.995216	0.993214	0.994916	0.996131	0.997918	0.998856	0.999147	0.996197	0.998604
37250	-1557.656	-1625.097	67.44141	1	0.995216	0.993214	0.994916	0.996131	0.997918	0.998856	0.999147	0.996197	0.998604
37260	-1558.003	-1625.444	67.44141	1	0.995216	0.993214	0.994916	0.996131	0.997918	0.998856	0.999147	0.996197	0.998604
37270	-1557.854	-1625.296	67.44141	1	0.995216	0.993214	0.994916	0.996131	0.997918	0.998856	0.999147	0.996197	0.998604
37280	-1557.736	-1625.178	67.44141	1	0.995216	0.993214	0.994916	0.996131	0.997918	0.998856	0.999147	0.996197	0.998604
37290	-1558.131	-1625.572	67.44141	1	0.995216	0.993214	0.994916	0.996131	0.997918	0.998856	0.999147	0.996197	0.998604
37300	-1558.606	-1626.047	67.44141	1	0.995216	0.993214	0.994916	0.996131	0.997918	0.998856	0.999147	0.996197	0.998604
37310	-1559.44	-1626.881	67.44141	1	0.995216	0.993214	0.994916	0.996131	0.997918	0.998856	0.999147	0.996197	0.998604
37320	-1557.641	-1625.082	67.44141	1	0.995216	0.993214	0.994916	0.996131	0.997918	0.998856	0.999147	0.996197	0.998604
37330	-1558.837	-1626.279	67.44141	1	0.995216	0.993214	0.994916	0.996131	0.997918	0.998856	0.999147	0.996197	0.998604
37340	-1559.085	-1626.527	67.44141	1	0.995216	0.993214	0.994916	0.996131	0.997918	0.998856	0.999147	0.996197	0.998604
37350	-1557.713	-1625.154	67.44141	1	0.995216	0.993214	0.994916	0.996131	0.997918	0.998856	0.999147	0.996197	0.998604
37360	-1557.639	-1625.081	67.44141	1	0.995216	0.993214	0.994916	0.996131	0.997918	0.998856	0.999147	0.996197	0.998604
37370	-1558.786	-1626.228	67.44141	1	0.995216	0.993214	0.994916	0.996131	0.997918	0.998856	0.999147	0.996197	0.998604
37380	-1557.666	-1625.107	67.44141	1	0.995216	0.993214	0.994916	0.996131	0.997918	0.998856	0.999147	0.996197	0.998604
37390	-1557.749	-1625.19	67.44141	1	0.995216	0.993214	0.994916	0.996131	0.997918	0.998856	0.999147	0.996197	0.998604
37400	-1558.277	-1625.718	67.44141	1	0.995216	0.993214	0.994916	0.996131	0.997918	0.998856	0.999147	0.996197	0.998604
37410	-1557.627	-1625.068	67.44141	1	0.995216	0.993214	0.994916	0.996131	0.997918	0.998856	0.999147	0.996197	0.998604
37420	-1557.773	-1625.214	67.44141	1	0.995216	0.993214	0.994916	0.996131	0.997918	0.998856	0.999147	0.996197	0.998604
37430	-1557.63	-1625.071	67.44141	1	0.995216	0.993214	0.994916	0.996131	0.997918	0.998856	0.999147	0.996197	0.998604
37440	-1557.658	-1625.099	67.44141	1	0.995216	0.993214	0.994916	0.996131	0.997918	0.998856	0.999147	0.996197	0.998604
37450	-1557.651	-1625.093	67.44141	1	0.995216	0.993214	0.994916	0.996131	0.997918	0.998856	0.999147	0.996197	0.998604
37460	-1557.785	-1625.227	67.44141	1	0.995216	0.993214	0.994916	0.996131	0.997918	0.998856	0.999147	0.996197	0.998604
37470	-1557.714	-1625.156	67.44141	1	0.995216	0.993214	0.994916	0.996131	0.997918	0.998856	0.999147	0.996197	0.998604
37480	-1558.673	-1626.114	67.44141	1	0.995216	0.993214	0.994916	0.996131	0.997918	0.998856	0.999147	0.996197	0.998604
37490	-1557.7	-1625.141	67.44141	1	0.995216	0.993214	0.994916	0.996131	0.997918	0.998856	0.999147	0.996197	0.998604
37500	-1557.642	-1625.083	67.44141	1	0.995216	0.993214	0.994916	0.996131	0.997918	0.998856	0.999147	0.996197	0.998604
37510	-1558.035	-1625.477	67.44141	1	0.995216	0.993214	0.994916	0.996131	0.997918	0.998856	0.999147	0.996197	0.998604
37520	-1557.814	-1625.255	67.44141	1	0.995216	0.993214	0.994916	0.996131	0.997918	0.998856	0.999147	0.996197	0.998604
37530	-1557.744	-1625.185	67.44141	1	0.995216	0.993214	0.994916	0.996131	0.997918	0.998856	0.999147	0.996197	0.998604
37540	-1557.796	-1625.237	67.44141	1	0.995216	0.993214	0.994916	0.996131	0.997918	0.998856	0.999147	0.996197	0.998604
37550	-1557.674	-1625.115	67.44141	1	0.995216	0.993214	0.994916	0.996131	0.997918	0.998856	0.999147	0.996197	0.998604
37560	-1559.201	-1626.642	67.44141	1	0.995216	0.993214	0.994916	0.996131	0.997918	0.998856	0.999147	0.996197	0.998604
37570	-1557.876	-1625.318	67.44141	1	0.995216	0.993214	0.994916	0.996131	0.997918	0.998856	0.999147	0.996197	0.998604
37580	-1558.782	-1626.223	67.44141	1	0.995216	0.993214	0.994916	0.996131	0.997918	0.998856	0.999147	0.996197	0.998604
37590	-1557.694	-1625.136	67.44141	1	0.995216	0.993214	0.994916	0.996131	0.997918	0.998856	0.999147	0.996197	0.998604
37600	-1558.714	-1626.155	67.44141	1	0.995216	0.993214	0.994916	0.996131	0.997918	0.998856	0.999147	0.996197	0.998604
37610	-1557.686	-1625.128	67.44141	1	0.995216	0.993214	0.994916	0.996131	0.997918	0.998856	0.999147	0.996197	0.998604
37620	-1558.953	-1626.394	67.44141	1	0.995216	0.993214	0.994916	0.996131	0.997918	0.998856	0.999147	0.996197	0.998604
37630	-1558.061	-1625.502	67.44141	1	0.995216	0.993214	0.994916	0.996131	0.997918	0.998856	0.999147	0.996197	0.998604
37640	-1557.989	-1625.43	67.44141	1	0.995216	0.993214	0.994916	0.996131	0.997918	0.998856	0.999147	0.996197	0.998604
37650	-1558.22	-1625.661	67.44141	1	0.995216	0.993214	0.994916	0.996131	0.997918	0.998856	0.999147	0.996197	0.998604
37660	-1557.778	-1625.219	67.44141	1	0.995216	0.993214	0.994916	0.996131	0.997918	0.998856	0.999147	0.996197	0.998604
37670	-1559.598	-1627.039	67.44141	1	0.995216	0.993214	0.994916	0.996131	0.997918	0.998856	0.999147	0.996197	0.998604
37680	-1557.68	-1625.121	67.44141	1	0.995216	0.993214	0.994916	0.996131	0.997918	0.998856	0.999147	0.996197	0.998604
37690	-1557.783	-1625.225	67.44141	1	0.995216	0.993214	0.994916	0.996131	0.997918	0.998856	0.999147	0.996197	0.998604
37700	-1557.638	-1625.08	67.44141	1	0.995216	0.993214	0.994916	0.996131	0.997918	0.998856	0.999147	0.996197	0.998604
37710	-1560.045	-1627.487	67.44141	1	0.995216	0.993214	0.994916	0.996131	0.997918	0.998856	0.999147	0.996197	0.998604
37720	-1557.638	-1625.08	67.44141	1	0.995216	0.993214	0.994916	0.996131	0.997918	0.998856	0.999147	0.996197	0.998604
37730	-1558.023	-1625.464	67.44141	1	0.995216	0.993214	0.994916	0.996131	0.997918	0.998856	0.999147	0.996197	0.998604
37740	-1557.631	-1625.072	67.44141	1	0.995216	0.993214	0.994916	0.996131	0.997918	0.998856	0.999147	0.996197	0.998604
37750	-1557.844	-1625.286	67.44141	1	0.995216	0.993214	0.994916	0.996131	0.997918	0.998856	0.999147	0.996197	0.998604
37760	-1557.759	-1625.201	67.44141	1	0.995216	0.993214	0.994916	0.996131	0.997918	0.998856	0.999147	0.996197	0.998604
37770	-1557.717	-1625.159	67.44141	1	0.995216	0.993214	0.994916	0.996131	0.997918	0.998856	0.999147	0.996197	0.998604
37780	-1557.949	-1625.39	67.44141	1	0.995216	0.993214	0.994916	0.996131	0.997918	0.998856	0.999147	0.996197	0.998604
37790	-1558.033	-1625.474	67.44141	1	0.995216	0.993214	0.994916	0.996131	0.997918	0.998856	0.999147	0.996197	0.998604
37800	-1558.155	-1625.596	67.44141	1	0.995216	0.993214	0.994916	0.996131	0.997918	0.998856	0.999147	0.996197	0.998604
37810	-1557.848	-1625.289	67.44141	1	0.995216	0.993214	0.994916	0.996131	0.997918	0.998856	0.999147	0.996197	0.998604
37820	-1557.7	-1625.142	67.44141	1	0.995216	0.993214	0.994916	0.996131	0.997918	0.998856	0.999147	0.996197	0.998604
37830	-1557.632	-1625.074	67.44141	1	0.995216	0.993214	0.994916	0.996131	0.997918	0.998856	0.999147	0.996197	0.998604
37840	-1558.84	-1626.282	67.44141	1	0.995216	0.993214	0.994916	0.996131	0.997918	0.998856	0.999147	0.996197	0.998604
37850	-1557.965	-1625.406	67.44141	1	0.995216	0.993214	0.994916	0.996131	0.997918	0.998856	0.999147	0.996197	0.998604
37860	-1558.651	-1626.093	67.44141	1	0.995216	0.993214	0.994916	0.996131	0.997918	0.998856	0.999147	0.996197	0.998604
37870	-1558.457	-1625.899	67.44141	1	0.995216	0.993214	0.994916	0.996131	0.997918	0.998856	0.999147	0.996197	0.998604
37880	-1559.875	-1627.316	67.44141	1	0.995216	0.993214	0.994916	0.996131	0.997918	0.998856	0.999147	0.996197	0.998604
37890	-1559.192	-1626.634	67.44141	1	0.995216	0.993214	0.994916	0.996131	0.997918	0.998856	0.999147	0.996197	0.998604
37900	-1557.635	-1625.077	67.44141	1	0.995216	0.993214	0.994916	0.996131	0.997918	0.998856	0.999147	0.996197	0.998604
37910	-1558.604	-1626.045	67.44141	1	0.995216	0.993214	0.994916	0.996131	0.997918	0.998856	0.999147	0.996197	0.998604
37920	-1558.532	-1625.974	67.44141	1	0.995216	0.993214	0.994916	0.996131	0.997918	0.998856	0.999147	0.996197	0.998604
37930	-1557.947	-1625.388	67.44141	1	0.995216	0.993214	0.994916	0.996131	0.997918	0.998856	0.999147	0.996197	0.998604
37940	-1558.166	-1625.607	67.44141	1	0.995216	0.993214	0.994916	0.996131	0.997918	0.998856	0.999147	0.996197	0.998604
37950	-1558.694	-1626.136	67.44141	1	0.995216	0.993214	0.994916	0.996131	0.997918	0.998856	0.999147	0.996197	0.998604
37960	-1557.901	-1625.342	67.44141	1	0.995216	0.993214	0.994916	0.996131	0.997918	0.998856	0.999147	0.996197	0.998604
37970	-1558.174	-1625.615	67.44141	1	0.995216	0.993214	0.994916	0.996131	0.997918	0.998856	0.999147	0.996197	0.998604
37980	-1557.766	-1625.208	67.44141	1	0.995216	0.993214	0.994916	0.996131	0.997918	0.998856	0.999147	0.996197	0.998604
37990	-1557.668	-1625.11	67.44141	1	0.995216	0.993214	0.994916	0.996131	0.997918	0.998856	0.999147	0.996197	0.998604
38000	-1557.874	-1625.315	67.44141	1	0.995216	0.993214	0.994916	0.996131	0.997918	0.998856	0.999147	0.996197	0.998604
38010	-1557.695	-1625.137	67.44141	1	0.995216	0.993214	0.994916	0.996131	0.997918	0.998856	0.999147	0.996197	0.998604
38020	-1557.711	-1625.152	67.44141	1	0.995216	0.993214	0.994916	0.996131	0.997918	0.998856	0.999147	0.996197	0.998604
38030	-1557.722	-1625.163	67.44141	1	0.995216	0.993214	0.994916	0.996131	0.997918	0.998856	0.999147	0.996197	0.998604
38040	-1557.69	-1625.132	67.44141	1	0.995216	0.993214	0.994916	0.996131	0.997918	0.998856	0.999147	0.996197	0.998604
38050	-1560.093	-1627.535	67.44141	1	0.995216	0.993214	0.994916	0.996131	0.997918	0.998856	0.999147	0.996197	0.998604
38060	-1559.234	-1626.676	67.44141	1	0.995216	0.993214	0.994916	0.996131	0.997918	0.998856	0.999147	0.996197	0.998604
38070	-1557.947	-1625.388	67.44141	1	0.995216	0.993214	0.994916	0.996131	0.997918	0.998856	0.999147	0.996197	0.998604
38080	-1557.638	-1625.08	67.44141	1	0.995216	0.993214	0.994916	0.996131	0.997918	0.998856	0.999147	0.996197	0.998604
38090	-1557.668	-1625.11	67.44141	1	0.995216	0.993214	0.994916	0.996131	0.997918	0.998856	0.999147	0.996197	0.998604
38100	-1557.906	-1625.348	67.44141	1	0.995216	0.993214	0.994916	0.996131	0.997918	0.998856	0.999147	0.996197	0.998604
38110	-1557.91	-1625.352	67.44141	1	0.995216	0.993214	0.994916	0.996131	0.997918	0.998856	0.999147	0.996197	0.998604
38120	-1558.43	-1625.872	67.44141	1	0.995216	0.993214	0.994916	0.996131	0.997918	0.998856	0.999147	0.996197	0.998604
38130	-1557.669	-1625.11	67.44141	1	0.995216	0.993214	0.994916	0.996131	0.997918	0.998856	0.999147	0.996197	0.998604
38140	-1558.786	-1626.228	67.44141	1	0.995216	0.993214	0.994916	0.996131	0.997918	0.998856	0.999147	0.996197	0.998604
38150	-1557.727	-1625.168	67.44141	1	0.995216	0.993214	0.994916	0.996131	0.997918	0.998856	0.999147	0.996197	0.998604
38160	-1558.103	-1625.545	67.44141	1	0.995216	0.993214	0.994916	0.996131	0.997918	0.998856	0.999147	0.996197	0.998604
38170	-1557.662	-1625.104	67.44141	1	0.995216	0.993214	0.994916	0.996131	0.997918	0.998856	0.999147	0.996197	0.998604
38180	-1557.674	-1625.116	67.44141	1	0.995216	0.993214	0.994916	0.996131	0.997918	0.998856	0.999147	0.996197	0.998604
38190	-1557.806	-1625.247	67.44141	1	0.995216	0.993214	0.994916	0.996131	0.997918	0.998856	0.999147	0.996197	0.998604
38200	-1558.934	-1626.375	67.44141	1	0.995216	0.993214	0.994916	0.996131	0.997918	0.998856	0.999147	0.996197	0.998604
38210	-1557.724	-1625.165	67.44141	1	0.995216	0.993214	0.994916	0.996131	0.997918	0.998856	0.999147	0.996197	0.998604
38220	-1558.001	-1625.442	67.44141	1	0.995216	0.993214	0.994916	0.996131	0.997918	0.998856	0.999147	0.996197	0.998604
38230	-1557.814	-1625.256	67.44141	1	0.995216	0.993214	0.994916	0.996131	0.997918	0.998856	0.999147	0.996197	0.998604
38240	-1557.626	-1625.067	67.44141	1	0.995216	0.993214	0.994916	0.996131	0.997918	0.998856	0.999147	0.996197	0.998604
38250	-1557.633	-1625.074	67.44141	1	0.995216	0.993214	0.994916	0.996131	0.997918	0.998856	0.999147	0.996197	0.998604
38260	-1557.87	-1625.312	67.44141	1	0.995216	0.993214	0.994916	0.996131	0.997918	0.998856	0.999147	0.996197	0.998604
38270	-1557.676	-1625.117	67.44141	1	0.995216	0.993214	0.994916	0.996131	0.997918	0.998856	0.999147	0.996197	0.998604
38280	-1557.817	-1625.259	67.44141	1	0.995216	0.993214	0.994916	0.996131	0.997918	0.998856	0.999147	0.996197	0.998604
38290	-1558.737	-1626.178	67.44141	1	0.995216	0.993214	0.994916	0.996131	0.997918	0.998856	0.999147	0.996197	0.998604
38300	-1557.82	-1625.262	67.44141	1	0.995216	0.993214	0.994916	0.996131	0.997918	0.998856	0.999147	0.996197	0.998604
38310	-1558.495	-1625.936	67.44141	1	0.995216	0.993214	0.994916	0.996131	0.997918	0.998856	0.999147	0.996197	0.998604
38320	-1558.532	-1625.973	67.44141	1	0.995216	0.993214	0.994916	0.996131	0.997918	0.998856	0.999147	0.996197	0.998604
38330	-1558.033	-1625.474	67.44141	1	0.995216	0.993214	0.994916	0.996131	0.997918	0.998856	0.999147	0.996197	0.998604
38340	-1558.17	-1625.611	67.44141	1	0.995216	0.993214	0.994916	0.996131	0.997918	0.998856	0.999147	0.996197	0.998604
38350	-1557.912	-1625.354	67.44141	1	0.995216	0.993214	0.994916	0.996131	0.997918	0.998856	0.999147	0.996197	0.998604
38360	-1557.789	-1625.231	67.44141	1	0.995216	0.993214	0.994916	0.996131	0.997918	0.998856	0.999147	0.996197	0.998604
38370	-1557.83	-1625.271	67.44141	1	0.995216	0.993214	0.994916	0.996131	0.997918	0.998856	0.999147	0.996197	0.998604
38380	-1558.407	-1625.848	67.44141	1	0.995216	0.993214	0.994916	0.996131	0.997918	0.998856	0.999147	0.996197	0.998604
38390	-1557.904	-1625.345	67.44141	1	0.995216	0.993214	0.994916	0.996131	0.997918	0.998856	0.999147	0.996197	0.998604
38400	-1557.775	-1625.217	67.44141	1	0.995216	0.993214	0.994916	0.996131	0.997918	0.998856	0.999147	0.996197	0.998604
38410	-1557.649	-1625.091	67.44141	1	0.995216	0.993214	0.994916	0.996131	0.997918	0.998856	0.999147	0.996197	0.998604
38420	-1557.721	-1625.162	67.44141	1	0.995216	0.993214	0.994916	0.996131	0.997918	0.998856	0.999147	0.996197	0.998604
38430	-1557.756	-1625.197	67.44141	1	0.995216	0.993214	0.994916	0.996131	0.997918	0.998856	0.999147	0.996197	0.998604
38440	-1557.707	-1625.148	67.44141	1	0.995216	0.993214	0.994916	0.996131	0.997918	0.998856	0.999147	0.996197	0.998604
38450	-1557.805	-1625.247	67.44141	1	0.995216	0.993214	0.994916	0.996131	0.997918	0.998856	0.999147	0.996197	0.998604
38460	-1557.653	-1625.094	67.44141	1	0.995216	0.993214	0.994916	0.996131	0.997918	0.998856	0.999147	0.996197	0.998604
38470	-1558.12	-1625.561	67.44141	1	0.995216	0.993214	0.994916	0.996131	0.997918	0.998856	0.999147	0.996197	0.998604
38480	-1557.677	-1625.119	67.44141	1	0.995216	0.993214	0.994916	0.996131	0.997918	0.998856	0.999147	0.996197	0.998604
38490	-1557.666	-1625.108	67.44141	1	0.995216	0.993214	0.994916	0.996131	0.997918	0.998856	0.999147	0.996197	0.998604
38500	-1557.63	-1625.071	67.44141	1	0.995216	0.993214	0.994916	0.996131	0.997918	0.998856	0.999147	0.996197	0.998604
38510	-1557.69	-1625.131	67.44141	1	0.995216	0.993214	0.994916	0.996131	0.997918	0.998856	0.999147	0.996197	0.998604
38520	-1558.872	-1626.314	67.44141	1	0.995216	0.993214	0.994916	0.996131	0.997918	0.998856	0.999147	0.996197	0.998604
38530	-1557.676	-1625.118	67.44141	1	0.995216	0.993214	0.994916	0.996131	0.997918	0.998856	0.999147	0.996197	0.998604
38540	-1558.069	-1625.511	67.44141	1	0.995216	0.993214	0.994916	0.996131	0.997918	0.998856	0.999147	0.996197	0.998604
38550	-1558.348	-1625.789	67.44141	1	0.995216	0.993214	0.994916	0.996131	0.997918	0.998856	0.999147	0.996197	0.998604
38560	-1557.807	-1625.248	67.44141	1	0.995216	0.993214	0.994916	0.996131	0.997918	0.998856	0.999147	0.996197	0.998604
38570	-1558.268	-1625.709	67.44141	1	0.995216	0.993214	0.994916	0.996131	0.997918	0.998856	0.999147	0.996197	0.998604
38580	-1558.131	-1625.573	67.44141	1	0.995216	0.993214	0.994916	0.996131	0.997918	0.998856	0.999147	0.996197	0.998604
38590	-1557.888	-1625.329	67.44141	1	0.995216	0.993214	0.994916	0.996131	0.997918	0.998856	0.999147	0.996197	0.998604
38600	-1557.83	-1625.271	67.44141	1	0.995216	0.993214	0.994916	0.996131	0.997918	0.998856	0.999147	0.996197	0.998604
38610	-1558.36	-1625.801	67.44141	1	0.995216	0.993214	0.994916	0.996131	0.997918	0.998856	0.999147	0.996197	0.998604
38620	-1557.97	-1625.411	67.44141	1	0.995216	0.993214	0.994916	0.996131	0.997918	0.998856	0.999147	0.996197	0.998604
38630	-1557.63	-1625.071	67.44141	1	0.995216	0.993214	0.994916	0.996131	0.997918	0.998856	0.999147	0.996197	0.998604
38640	-1557.815	-1625.256	67.44141	1	0.995216	0.993214	0.994916	0.996131	0.997918	0.998856	0.999147	0.996197	0.998604
38650	-1557.703	-1625.144	67.44141	1	0.995216	0.993214	0.994916	0.996131	0.997918	0.998856	0.999147	0.996197	0.998604
38660	-1557.906	-1625.348	67.44141	1	0.995216	0.993214	0.994916	0.996131	0.997918	0.998856	0.999147	0.996197	0.998604
38670	-1557.851	-1625.293	67.44141	1	0.995216	0.993214	0.994916	0.996131	0.997918	0.998856	0.999147	0.996197	0.998604
38680	-1557.713	-1625.154	67.44141	1	0.995216	0.993214	0.994916	0.996131	0.997918	0.998856	0.999147	0.996197	0.998604
38690	-1558.528	-1625.969	67.44141	1	0.995216	0.993214	0.994916	0.996131	0.997918	0.998856	0.999147	0.996197	0.998604
38700	-1558.628	-1626.07	67.44141	1	0.995216	0.993214	0.994916	0.996131	0.997918	0.998856	0.999147	0.996197	0.998604
38710	-1558.786	-1626.227	67.44141	1	0.995216	0.993214	0.994916	0.996131	0.997918	0.998856	0.999147	0.996197	0.998604
38720	-1558.265	-1625.707	67.44141	1	0.995216	0.993214	0.994916	0.996131	0.997918	0.998856	0.999147	0.996197	0.998604
38730	-1557.659	-1625.101	67.44141	1	0.995216	0.993214	0.994916	0.996131	0.997918	0.998856	0.999147	0.996197	0.998604
38740	-1557.63	-1625.072	67.44141	1	0.995216	0.993214	0.994916	0.996131	0.997918	0.998856	0.999147	0.996197	0.998604
38750	-1557.683	-1625.124	67.44141	1	0.995216	0.993214	0.994916	0.996131	0.997918	0.998856	0.999147	0.996197	0.998604
38760	-1558.047	-1625.489	67.44141	1	0.995216	0.993214	0.994916	0.996131	0.997918	0.998856	0.999147	0.996197	0.998604
38770	-1557.631	-1625.072	67.44141	1	0.995216	0.993214	0.994916	0.996131	0.997918	0.998856	0.999147	0.996197	0.998604
38780	-1557.633	-1625.074	67.44141	1	0.995216	0.993214	0.994916	0.996131	0.997918	0.998856	0.999147	0.996197	0.998604
38790	-1557.627	-1625.068	67.44141	1	0.995216	0.993214	0.994916	0.996131	0.997918	0.998856	0.999147	0.996197	0.998604
38800	-1560.007	-1627.448	67.44141	1	0.995216	0.993214	0.994916	0.996131	0.997918	0.998856	0.999147	0.996197	0.998604
38810	-1557.937	-1625.379	67.44141	1	0.995216	0.993214	0.994916	0.996131	0.997918	0.998856	0.999147	0.996197	0.998604
38820	-1557.626	-1625.067	67.44141	1	0.995216	0.993214	0.994916	0.996131	0.997918	0.998856	0.999147	0.996197	0.998604
38830	-1557.626	-1625.067	67.44141	1	0.995216	0.993214	0.994916	0.996131	0.997918	0.998856	0.999147	0.996197	0.998604
38840	-1558.164	-1625.605	67.44141	1	0.995216	0.993214	0.994916	0.996131	0.997918	0.998856	0.999147	0.996197	0.998604
38850	-1557.889	-1625.331	67.44141	1	0.995216	0.993214	0.994916	0.996131	0.997918	0.998856	0.999147	0.996197	0.998604
38860	-1557.714	-1625.156	67.44141	1	0.995216	0.993214	0.994916	0.996131	0.997918	0.998856	0.999147	0.996197	0.998604
38870	-1557.627	-1625.068	67.44141	1	0.995216	0.993214	0.994916	0.996131	0.997918	0.998856	0.999147	0.996197	0.998604
38880	-1558.18	-1625.621	67.44141	1	0.995216	0.993214	0.994916	0.996131	0.997918	0.998856	0.999147	0.996197	0.998604
38890	-1558.441	-1625.883	67.44141	1	0.995216	0.993214	0.994916	0.996131	0.997918	0.998856	0.999147	0.996197	0.998604
38900	-1558.358	-1625.799	67.44141	1	0.995216	0.993214	0.994916	0.996131	0.997918	0.998856	0.999147	0.996197	0.998604
38910	-1557.833	-1625.275	67.44141	1	0.995216	0.993214	0.994916	0.996131	0.997918	0.998856	0.999147	0.996197	0.998604
38920	-1558.631	-1626.072	67.44141	1	0.995216	0.993214	0.994916	0.996131	0.997918	0.998856	0.999147	0.996197	0.998604
38930	-1557.652	-1625.094	67.44141	1	0.995216	0.993214	0.994916	0.996131	0.997918	0.998856	0.999147	0.996197	0.998604
38940	-1558.901	-1626.342	67.44141	1	0.995216	0.993214	0.994916	0.996131	0.997918	0.998856	0.999147	0.996197	0.998604
38950	-1558.37	-1625.811	67.44141	1	0.995216	0.993214	0.994916	0.996131	0.997918	0.998856	0.999147	0.996197	0.998604
38960	-1557.744	-1625.186	67.44141	1	0.995216	0.993214	0.994916	0.996131	0.997918	0.998856	0.999147	0.996197	0.998604
38970	-1557.688	-1625.129	67.44141	1	0.995216	0.993214	0.994916	0.996131	0.997918	0.998856	0.999147	0.996197	0.998604
38980	-1557.855	-1625.297	67.44141	1	0.995216	0.993214	0.994916	0.996131	0.997918	0.998856	0.999147	0.996197	0.998604
38990	-1557.681	-1625.122	67.44141	1	0.995216	0.993214	0.994916	0.996131	0.997918	0.998856	0.999147	0.996197	0.998604
39000	-1557.65	-1625.092	67.44141	1	0.995216	0.993214	0.994916	0.996131	0.997918	0.998856	0.999147	0.996197	0.998604
39010	-1558.181	-1625.622	67.44141	1	0.995216	0.993214	0.994916	0.996131	0.997918	0.998856	0.999147	0.996197	0.998604
39020	-1557.629	-1625.07	67.44141	1	0.995216	0.993214	0.994916	0.996131	0.997918	0.998856	0.999147	0.996197	0.998604
39030	-1557.627	-1625.068	67.44141	1	0.995216	0.993214	0.994916	0.996131	0.997918	0.998856	0.999147	0.996197	0.998604
39040	-1558.873	-1626.314	67.44141	1	0.995216	0.993214	0.994916	0.996131	0.997918	0.998856	0.999147	0.996197	0.998604
39050	-1558.359	-1625.801	67.44141	1	0.995216	0.993214	0.994916	0.996131	0.997918	0.998856	0.999147	0.996197	0.998604
39060	-1557.668	-1625.11	67.44141	1	0.995216	0.993214	0.994916	0.996131	0.997918	0.998856	0.999147	0.996197	0.998604
39070	-1558.368	-1625.809	67.44141	1	0.995216	0.993214	0.994916	0.996131	0.997918	0.998856	0.999147	0.996197	0.998604
39080	-1558.232	-1625.673	67.44141	1	0.995216	0.993214	0.994916	0.996131	0.997918	0.998856	0.999147	0.996197	0.998604
39090	-1557.65	-1625.092	67.44141	1	0.995216	0.993214	0.994916	0.996131	0.997918	0.998856	0.999147	0.996197	0.998604
39100	-1557.709	-1625.15	67.44141	1	0.995216	0.993214	0.994916	0.996131	0.997918	0.998856	0.999147	0.996197	0.998604
39110	-1557.654	-1625.096	67.44141	1	0.995216	0.993214	0.994916	0.996131	0.997918	0.998856	0.999147	0.996197	0.998604
39120	-1557.627	-1625.068	67.44141	1	0.995216	0.993214	0.994916	0.996131	0.997918	0.998856	0.999147	0.996197	0.998604
39130	-1558.223	-1625.664	67.44141	1	0.995216	0.993214	0.994916	0.996131	0.997918	0.998856	0.999147	0.996197	0.998604
39140	-1557.628	-1625.069	67.44141	1	0.995216	0.993214	0.994916	0.996131	0.997918	0.998856	0.999147	0.996197	0.998604
39150	-1557.992	-1625.434	67.44141	1	0.995216	0.993214	0.994916	0.996131	0.997918	0.998856	0.999147	0.996197	0.998604
39160	-1558.221	-1625.662	67.44141	1	0.995216	0.993214	0.994916	0.996131	0.997918	0.998856	0.999147	0.996197	0.998604
39170	-1557.77	-1625.211	67.44141	1	0.995216	0.993214	0.994916	0.996131	0.997918	0.998856	0.999147	0.996197	0.998604
39180	-1558.285	-1625.726	67.44141	1	0.995216	0.993214	0.994916	0.996131	0.997918	0.998856	0.999147	0.996197	0.998604
39190	-1557.676	-1625.118	67.44141	1	0.995216	0.993214	0.994916	0.996131	0.997918	0.998856	0.999147	0.996197	0.998604
39200	-1557.922	-1625.364	67.44141	1	0.995216	0.993214	0.994916	0.996131	0.997918	0.998856	0.999147	0.996197	0.998604
39210	-1560.203	-1627.644	67.44141	1	0.995216	0.993214	0.994916	0.996131	0.997918	0.998856	0.999147	0.996197	0.998604
39220	-1557.632	-1625.073	67.44141	1	0.995216	0.993214	0.994916	0.996131	0.997918	0.998856	0.999147	0.996197	0.998604
39230	-1557.867	-1625.309	67.44141	1	0.995216	0.993214	0.994916	0.996131	0.997918	0.998856	0.999147	0.996197	0.998604
39240	-1561.114	-1628.555	67.44141	1	0.995216	0.993214	0.994916	0.996131	0.997918	0.998856	0.999147	0.996197	0.998604
39250	-1558.285	-1625.727	67.44141	1	0.995216	0.993214	0.994916	0.996131	0.997918	0.998856	0.999147	0.996197	0.998604
39260	-1558.129	-1625.57	67.44141	1	0.995216	0.993214	0.994916	0.996131	0.997918	0.998856	0.999147	0.996197	0.998604
39270	-1559.68	-1627.121	67.44141	1	0.995216	0.993214	0.994916	0.996131	0.997918	0.998856	0.999147	0.996197	0.998604
39280	-1559.313	-1626.754	67.44141	1	0.995216	0.993214	0.994916	0.996131	0.997918	0.998856	0.999147	0.996197	0.998604
39290	-1557.748	-1625.19	67.44141	1	0.995216	0.993214	0.994916	0.996131	0.997918	0.998856	0.999147	0.996197	0.998604
39300	-1557.626	-1625.068	67.44141	1	0.995216	0.993214	0.994916	0.996131	0.997918	0.998856	0.999147	0.996197	0.998604
39310	-1557.747	-1625.189	67.44141	1	0.995216	0.993214	0.994916	0.996131	0.997918	0.998856	0.999147	0.996197	0.998604
39320	-1558.037	-1625.479	67.44141	1	0.995216	0.993214	0.994916	0.996131	0.997918	0.998856	0.999147	0.996197	0.998604
39330	-1558.223	-1625.664	67.44141	1	0.995216	0.993214	0.994916	0.996131	0.997918	0.998856	0.999147	0.996197	0.998604
39340	-1557.814	-1625.256	67.44141	1	0.995216	0.993214	0.994916	0.996131	0.997918	0.998856	0.999147	0.996197	0.998604
39350	-1557.662	-1625.103	67.44141	1	0.995216	0.993214	0.994916	0.996131	0.997918	0.998856	0.999147	0.996197	0.998604
39360	-1557.926	-1625.367	67.44141	1	0.995216	0.993214	0.994916	0.996131	0.997918	0.998856	0.999147	0.996197	0.998604
39370	-1557.632	-1625.073	67.44141	1	0.995216	0.993214	0.994916	0.996131	0.997918	0.998856	0.999147	0.996197	0.998604
39380	-1557.64	-1625.082	67.44141	1	0.995216	0.993214	0.994916	0.996131	0.997918	0.998856	0.999147	0.996197	0.998604
39390	-1559.351	-1626.793	67.44141	1	0.995216	0.993214	0.994916	0.996131	0.997918	0.998856	0.999147	0.996197	0.998604
39400	-1558.801	-1626.243	67.44141	1	0.995216	0.993214	0.994916	0.996131	0.997918	0.998856	0.999147	0.996197	0.998604
39410	-1557.711	-1625.152	67.44141	1	0.995216	0.993214	0.994916	0.996131	0.997918	0.998856	0.999147	0.996197	0.998604
39420	-1557.686	-1625.128	67.44141	1	0.995216	0.993214	0.994916	0.996131	0.997918	0.998856	0.999147	0.996197	0.998604
39430	-1557.645	-1625.087	67.44141	1	0.995216	0.993214	0.994916	0.996131	0.997918	0.998856	0.999147	0.996197	0.998604
39440	-1558.446	-1625.887	67.44141	1	0.995216	0.993214	0.994916	0.996131	0.997918	0.998856	0.999147	0.996197	0.998604
39450	-1557.978	-1625.419	67.44141	1	0.995216	0.993214	0.994916	0.996131	0.997918	0.998856	0.999147	0.996197	0.998604
39460	-1557.822	-1625.264	67.44141	1	0.995216	0.993214	0.994916	0.996131	0.997918	0.998856	0.999147	0.996197	0.998604
39470	-1557.688	-1625.13	67.44141	1	0.995216	0.993214	0.994916	0.996131	0.997918	0.998856	0.999147	0.996197	0.998604
39480	-1557.654	-1625.096	67.44141	1	0.995216	0.993214	0.994916	0.996131	0.997918	0.998856	0.999147	0.996197	0.998604
39490	-1557.874	-1625.316	67.44141	1	0.995216	0.993214	0.994916	0.996131	0.997918	0.998856	0.999147	0.996197	0.998604
39500	-1558.253	-1625.694	67.44141	1	0.995216	0.993214	0.994916	0.996131	0.997918	0.998856	0.999147	0.996197	0.998604
39510	-1557.756	-1625.198	67.44141	1	0.995216	0.993214	0.994916	0.996131	0.997918	0.998856	0.999147	0.996197	0.998604
39520	-1558.748	-1626.19	67.44141	1	0.995216	0.993214	0.994916	0.996131	0.997918	0.998856	0.999147	0.996197	0.998604
39530	-1558.014	-1625.455	67.44141	1	0.995216	0.993214	0.994916	0.996131	0.997918	0.998856	0.999147	0.996197	0.998604
39540	-1557.745	-1625.187	67.44141	1	0.995216	0.993214	0.994916	0.996131	0.997918	0.998856	0.999147	0.996197	0.998604
39550	-1558.103	-1625.544	67.44141	1	0.995216	0.993214	0.994916	0.996131	0.997918	0.998856	0.999147	0.996197	0.998604
39560	-1557.628	-1625.07	67.44141	1	0.995216	0.993214	0.994916	0.996131	0.997918	0.998856	0.999147	0.996197	0.998604
39570	-1557.862	-1625.304	67.44141	1	0.995216	0.993214	0.994916	0.996131	0.997918	0.998856	0.999147	0.996197	0.998604
39580	-1558.253	-1625.694	67.44141	1	0.995216	0.993214	0.994916	0.996131	0.997918	0.998856	0.999147	0.996197	0.998604
39590	-1557.822	-1625.264	67.44141	1	0.995216	0.993214	0.994916	0.996131	0.997918	0.998856	0.999147	0.996197	0.998604
39600	-1557.672	-1625.113	67.44141	1	0.995216	0.993214	0.994916	0.996131	0.997918	0.998856	0.999147	0.996197	0.998604
39610	-1559.026	-1626.468	67.44141	1	0.995216	0.993214	0.994916	0.996131	0.997918	0.998856	0.999147	0.996197	0.998604
39620	-1558.028	-1625.469	67.44141	1	0.995216	0.993214	0.994916	0.996131	0.997918	0.998856	0.999147	0.996197	0.998604
39630	-1559.802	-1627.243	67.44141	1	0.995216	0.993214	0.994916	0.996131	0.997918	0.998856	0.999147	0.996197	0.998604
39640	-1557.887	-1625.328	67.44141	1	0.995216	0.993214	0.994916	0.996131	0.997918	0.998856	0.999147	0.996197	0.998604
39650	-1557.651	-1625.092	67.44141	1	0.995216	0.993214	0.994916	0.996131	0.997918	0.998856	0.999147	0.996197	0.998604
39660	-1558.583	-1626.025	67.44141	1	0.995216	0.993214	0.994916	0.996131	0.997918	0.998856	0.999147	0.996197	0.998604
39670	-1557.759	-1625.2	67.44141	1	0.995216	0.993214	0.994916	0.996131	0.997918	0.998856	0.999147	0.996197	0.998604
39680	-1557.64	-1625.082	67.44141	1	0.995216	0.993214	0.994916	0.996131	0.997918	0.998856	0.999147	0.996197	0.998604
39690	-1558.044	-1625.486	67.44141	1	0.995216	0.993214	0.994916	0.996131	0.997918	0.998856	0.999147	0.996197	0.998604
39700	-1558.212	-1625.653	67.44141	1	0.995216	0.993214	0.994916	0.996131	0.997918	0.998856	0.999147	0.996197	0.998604
39710	-1557.67	-1625.112	67.44141	1	0.995216	0.993214	0.994916	0.996131	0.997918	0.998856	0.999147	0.996197	0.998604
39720	-1557.938	-1625.379	67.44141	1	0.995216	0.993214	0.994916	0.996131	0.997918	0.998856	0.999147	0.996197	0.998604
39730	-1557.986	-1625.428	67.44141	1	0.995216	0.993214	0.994916	0.996131	0.997918	0.998856	0.999147	0.996197	0.998604
39740	-1557.82	-1625.261	67.44141	1	0.995216	0.993214	0.994916	0.996131	0.997918	0.998856	0.999147	0.996197	0.998604
39750	-1557.702	-1625.143	67.44141	1	0.995216	0.993214	0.994916	0.996131	0.997918	0.998856	0.999147	0.996197	0.998604
39760	-1558.026	-1625.467	67.44141	1	0.995216	0.993214	0.994916	0.996131	0.997918	0.998856	0.999147	0.996197	0.998604
39770	-1557.846	-1625.288	67.44141	1	0.995216	0.993214	0.994916	0.996131	0.997918	0.998856	0.999147	0.996197	0.998604
39780	-1559.521	-1626.962	67.44141	1	0.995216	0.993214	0.994916	0.996131	0.997918	0.998856	0.999147	0.996197	0.998604
39790	-1557.658	-1625.1	67.44141	1	0.995216	0.993214	0.994916	0.996131	0.997918	0.998856	0.999147	0.996197	0.998604
39800	-1558.663	-1626.104	67.44141	1	0.995216	0.993214	0.994916	0.996131	0.997918	0.998856	0.999147	0.996197	0.998604
39810	-1557.749	-1625.19	67.44141	1	0.995216	0.993214	0.994916	0.996131	0.997918	0.998856	0.999147	0.996197	0.998604
39820	-1558.508	-1625.949	67.44141	1	0.995216	0.993214	0.994916	0.996131	0.997918	0.998856	0.999147	0.996197	0.998604
39830	-1557.772	-1625.213	67.44141	1	0.995216	0.993214	0.994916	0.996131	0.997918	0.998856	0.999147	0.996197	0.998604
39840	-1557.647	-1625.088	67.44141	1	0.995216	0.993214	0.994916	0.996131	0.997918	0.998856	0.999147	0.996197	0.998604
39850	-1557.626	-1625.068	67.44141	1	0.995216	0.993214	0.994916	0.996131	0.997918	0.998856	0.999147	0.996197	0.998604
39860	-1558.539	-1625.98	67.44141	1	0.995216	0.993214	0.994916	0.996131	0.997918	0.998856	0.999147	0.996197	0.998604
39870	-1559.282	-1626.723	67.44141	1	0.995216	0.993214	0.994916	0.996131	0.997918	0.998856	0.999147	0.996197	0.998604
39880	-1558.137	-1625.578	67.44141	1	0.995216	0.993214	0.994916	0.996131	0.997918	0.998856	0.999147	0.996197	0.998604
39890	-1557.631	-1625.072	67.44141	1	0.995216	0.993214	0.994916	0.996131	0.997918	0.998856	0.999147	0.996197	0.998604
39900	-1557.951	-1625.393	67.44141	1	0.995216	0.993214	0.994916	0.996131	0.997918	0.998856	0.999147	0.996197	0.998604
39910	-1558.93	-1626.372	67.44141	1	0.995216	0.993214	0.994916	0.996131	0.997918	0.998856	0.999147	0.996197	0.998604
39920	-1558.774	-1626.215	67.44141	1	0.995216	0.993214	0.994916	0.996131	0.997918	0.998856	0.999147	0.996197	0.998604
39930	-1558.033	-1625.474	67.44141	1	0.995216	0.993214	0.994916	0.996131	0.997918	0.998856	0.999147	0.996197	0.998604
39940	-1558.021	-1625.462	67.44141	1	0.995216	0.993214	0.994916	0.996131	0.997918	0.998856	0.999147	0.996197	0.998604
39950	-1557.63	-1625.071	67.44141	1	0.995216	0.993214	0.994916	0.996131	0.997918	0.998856	0.999147	0.996197	0.998604
39960	-1557.777	-1625.219	67.44141	1	0.995216	0.993214	0.994916	0.996131	0.997918	0.998856	0.999147	0.996197	0.998604
39970	-1557.984	-1625.425	67.44141	1	0.995216	0.993214	0.994916	0.996131	0.997918	0.998856	0.999147	0.996197	0.998604
39980	-1557.645	-1625.087	67.44141	1	0.995216	0.993214	0.994916	0.996131	0.997918	0.998856	0.999147	0.996197	0.998604
39990	-1561.426	-1628.867	67.44141	1	0.995216	0.993214	0.994916	0.996131	0.997918	0.998856	0.999147	0.996197	0.998604
40000	-1557.634	-1625.076	67.44141	1	0.995216	0.993214	0.994916	0.996131	0.997918	0.998856	0.999147	0.996197	0.998604
40010	-1559.95	-1627.391	67.44141	1	0.995216	0.993214	0.994916	0.996131	0.997918	0.998856	0.999147	0.996197	0.998604
40020	-1557.708	-1625.15	67.44141	1	0.995216	0.993214	0.994916	0.996131	0.997918	0.998856	0.999147	0.996197	0.998604
40030	-1557.75	-1625.191	67.44141	1	0.995216	0.993214	0.994916	0.996131	0.997918	0.998856	0.999147	0.996197	0.998604
40040	-1557.959	-1625.4	67.44141	1	0.995216	0.993214	0.994916	0.996131	0.997918	0.998856	0.999147	0.996197	0.998604
40050	-1558.031	-1625.472	67.44141	1	0.995216	0.993214	0.994916	0.996131	0.997918	0.998856	0.999147	0.996197	0.998604
40060	-1557.867	-1625.309	67.44141	1	0.995216	0.993214	0.994916	0.996131	0.997918	0.998856	0.999147	0.996197	0.998604
40070	-1558.477	-1625.918	67.44141	1	0.995216	0.993214	0.994916	0.996131	0.997918	0.998856	0.999147	0.996197	0.998604
40080	-1557.678	-1625.12	67.44141	1	0.995216	0.993214	0.994916	0.996131	0.997918	0.998856	0.999147	0.996197	0.998604
40090	-1557.653	-1625.095	67.44141	1	0.995216	0.993214	0.994916	0.996131	0.997918	0.998856	0.999147	0.996197	0.998604
40100	-1558.54	-1625.982	67.44141	1	0.995216	0.993214	0.994916	0.996131	0.997918	0.998856	0.999147	0.996197	0.998604
40110	-1557.796	-1625.237	67.44141	1	0.995216	0.993214	0.994916	0.996131	0.997918	0.998856	0.999147	0.996197	0.998604
40120	-1557.685	-1625.126	67.44141	1	0.995216	0.993214	0.994916	0.996131	0.997918	0.998856	0.999147	0.996197	0.998604
40130	-1559.008	-1626.449	67.44141	1	0.995216	0.993214	0.994916	0.996131	0.997918	0.998856	0.999147	0.996197	0.998604
40140	-1557.733	-1625.175	67.44141	1	0.995216	0.993214	0.994916	0.996131	0.997918	0.998856	0.999147	0.996197	0.998604
40150	-1557.638	-1625.08	67.44141	1	0.995216	0.993214	0.994916	0.996131	0.997918	0.998856	0.999147	0.996197	0.998604
40160	-1559.097	-1626.539	67.44141	1	0.995216	0.993214	0.994916	0.996131	0.997918	0.998856	0.999147	0.996197	0.998604
40170	-1558.162	-1625.603	67.44141	1	0.995216	0.993214	0.994916	0.996131	0.997918	0.998856	0.999147	0.996197	0.998604
40180	-1558.578	-1626.019	67.44141	1	0.995216	0.993214	0.994916	0.996131	0.997918	0.998856	0.999147	0.996197	0.998604
40190	-1557.656	-1625.097	67.44141	1	0.995216	0.993214	0.994916	0.996131	0.997918	0.998856	0.999147	0.996197	0.998604
40200	-1558.051	-1625.493	67.44141	1	0.995216	0.993214	0.994916	0.996131	0.997918	0.998856	0.999147	0.996197	0.998604
40210	-1557.634	-1625.075	67.44141	1	0.995216	0.993214	0.994916	0.996131	0.997918	0.998856	0.999147	0.996197	0.998604
40220	-1557.703	-1625.144	67.44141	1	0.995216	0.993214	0.994916	0.996131	0.997918	0.998856	0.999147	0.996197	0.998604
40230	-1557.935	-1625.377	67.44141	1	0.995216	0.993214	0.994916	0.996131	0.997918	0.998856	0.999147	0.996197	0.998604
40240	-1557.691	-1625.132	67.44141	1	0.995216	0.993214	0.994916	0.996131	0.997918	0.998856	0.999147	0.996197	0.998604
40250	-1558.257	-1625.698	67.44141	1	0.995216	0.993214	0.994916	0.996131	0.997918	0.998856	0.999147	0.996197	0.998604
40260	-1557.646	-1625.088	67.44141	1	0.995216	0.993214	0.994916	0.996131	0.997918	0.998856	0.999147	0.996197	0.998604
40270	-1557.626	-1625.068	67.44141	1	0.995216	0.993214	0.994916	0.996131	0.997918	0.998856	0.999147	0.996197	0.998604
40280	-1558.146	-1625.588	67.44141	1	0.995216	0.993214	0.994916	0.996131	0.997918	0.998856	0.999147	0.996197	0.998604
40290	-1557.787	-1625.228	67.44141	1	0.995216	0.993214	0.994916	0.996131	0.997918	0.998856	0.999147	0.996197	0.998604
40300	-1557.675	-1625.117	67.44141	1	0.995216	0.993214	0.994916	0.996131	0.997918	0.998856	0.999147	0.996197	0.998604
40310	-1560.451	-1627.892	67.44141	1	0.995216	0.993214	0.994916	0.996131	0.997918	0.998856	0.999147	0.996197	0.998604
40320	-1559.678	-1627.12	67.44141	1	0.995216	0.993214	0.994916	0.996131	0.997918	0.998856	0.999147	0.996197	0.998604
40330	-1557.864	-1625.305	67.44141	1	0.995216	0.993214	0.994916	0.996131	0.997918	0.998856	0.999147	0.996197	0.998604
40340	-1558.948	-1626.39	67.44141	1	0.995216	0.993214	0.994916	0.996131	0.997918	0.998856	0.999147	0.996197	0.998604
40350	-1558.067	-1625.508	67.44141	1	0.995216	0.993214	0.994916	0.996131	0.997918	0.998856	0.999147	0.996197	0.998604
40360	-1557.627	-1625.068	67.44141	1	0.995216	0.993214	0.994916	0.996131	0.997918	0.998856	0.999147	0.996197	0.998604
40370	-1557.908	-1625.35	67.44141	1	0.995216	0.993214	0.994916	0.996131	0.997918	0.998856	0.999147	0.996197	0.998604
40380	-1557.767	-1625.208	67.44141	1	0.995216	0.993214	0.994916	0.996131	0.997918	0.998856	0.999147	0.996197	0.998604
40390	-1559.261	-1626.702	67.44141	1	0.995216	0.993214	0.994916	0.996131	0.997918	0.998856	0.999147	0.996197	0.998604
40400	-1557.679	-1625.121	67.44141	1	0.995216	0.993214	0.994916	0.996131	0.997918	0.998856	0.999147	0.996197	0.998604
40410	-1558.898	-1626.339	67.44141	1	0.995216	0.993214	0.994916	0.996131	0.997918	0.998856	0.999147	0.996197	0.998604
40420	-1557.814	-1625.255	67.44141	1	0.995216	0.993214	0.994916	0.996131	0.997918	0.998856	0.999147	0.996197	0.998604
40430	-1557.752	-1625.194	67.44141	1	0.995216	0.993214	0.994916	0.996131	0.997918	0.998856	0.999147	0.996197	0.998604
40440	-1557.955	-1625.396	67.44141	1	0.995216	0.993214	0.994916	0.996131	0.997918	0.998856	0.999147	0.996197	0.998604
40450	-1558.468	-1625.91	67.44141	1	0.995216	0.993214	0.994916	0.996131	0.997918	0.998856	0.999147	0.996197	0.998604
40460	-1557.627	-1625.069	67.44141	1	0.995216	0.993214	0.994916	0.996131	0.997918	0.998856	0.999147	0.996197	0.998604
40470	-1557.811	-1625.252	67.44141	1	0.995216	0.993214	0.994916	0.996131	0.997918	0.998856	0.999147	0.996197	0.998604
40480	-1557.629	-1625.07	67.44141	1	0.995216	0.993214	0.994916	0.996131	0.997918	0.998856	0.999147	0.996197	0.998604
40490	-1558.187	-1625.629	67.44141	1	0.995216	0.993214	0.994916	0.996131	0.997918	0.998856	0.999147	0.996197	0.998604
40500	-1557.626	-1625.068	67.44141	1	0.995216	0.993214	0.994916	0.996131	0.997918	0.998856	0.999147	0.996197	0.998604
40510	-1557.65	-1625.091	67.44141	1	0.995216	0.993214	0.994916	0.996131	0.997918	0.998856	0.999147	0.996197	0.998604
40520	-1557.827	-1625.269	67.44141	1	0.995216	0.993214	0.994916	0.996131	0.997918	0.998856	0.999147	0.996197	0.998604
40530	-1557.748	-1625.189	67.44141	1	0.995216	0.993214	0.994916	0.996131	0.997918	0.998856	0.999147	0.996197	0.998604
40540	-1558.577	-1626.018	67.44141	1	0.995216	0.993214	0.994916	0.996131	0.997918	0.998856	0.999147	0.996197	0.998604
40550	-1557.67	-1625.111	67.44141	1	0.995216	0.993214	0.994916	0.996131	0.997918	0.998856	0.999147	0.996197	0.998604
40560	-1557.768	-1625.21	67.44141	1	0.995216	0.993214	0.994916	0.996131	0.997918	0.998856	0.999147	0.996197	0.998604
40570	-1557.627	-1625.069	67.44141	1	0.995216	0.993214	0.994916	0.996131	0.997918	0.998856	0.999147	0.996197	0.998604
40580	-1557.626	-1625.067	67.44141	1	0.995216	0.993214	0.994916	0.996131	0.997918	0.998856	0.999147	0.996197	0.998604
40590	-1558.38	-1625.822	67.44141	1	0.995216	0.993214	0.994916	0.996131	0.997918	0.998856	0.999147	0.996197	0.998604
40600	-1557.701	-1625.143	67.44141	1	0.995216	0.993214	0.994916	0.996131	0.997918	0.998856	0.999147	0.996197	0.998604
40610	-1557.673	-1625.114	67.44141	1	0.995216	0.993214	0.994916	0.996131	0.997918	0.998856	0.999147	0.996197	0.998604
40620	-1558.81	-1626.252	67.44141	1	0.995216	0.993214	0.994916	0.996131	0.997918	0.998856	0.999147	0.996197	0.998604
40630	-1557.834	-1625.275	67.44141	1	0.995216	0.993214	0.994916	0.996131	0.997918	0.998856	0.999147	0.996197	0.998604
40640	-1558.086	-1625.527	67.44141	1	0.995216	0.993214	0.994916	0.996131	0.997918	0.998856	0.999147	0.996197	0.998604
40650	-1557.667	-1625.109	67.44141	1	0.995216	0.993214	0.994916	0.996131	0.997918	0.998856	0.999147	0.996197	0.998604
40660	-1559.573	-1627.014	67.44141	1	0.995216	0.993214	0.994916	0.996131	0.997918	0.998856	0.999147	0.996197	0.998604
40670	-1557.659	-1625.101	67.44141	1	0.995216	0.993214	0.994916	0.996131	0.997918	0.998856	0.999147	0.996197	0.998604
40680	-1557.854	-1625.295	67.44141	1	0.995216	0.993214	0.994916	0.996131	0.997918	0.998856	0.999147	0.996197	0.998604
40690	-1558.042	-1625.484	67.44141	1	0.995216	0.993214	0.994916	0.996131	0.997918	0.998856	0.999147	0.996197	0.998604
40700	-1557.657	-1625.098	67.44141	1	0.995216	0.993214	0.994916	0.996131	0.997918	0.998856	0.999147	0.996197	0.998604
40710	-1558.884	-1626.325	67.44141	1	0.995216	0.993214	0.994916	0.996131	0.997918	0.998856	0.999147	0.996197	0.998604
40720	-1558.697	-1626.138	67.44141	1	0.995216	0.993214	0.994916	0.996131	0.997918	0.998856	0.999147	0.996197	0.998604
40730	-1558.784	-1626.226	67.44141	1	0.995216	0.993214	0.994916	0.996131	0.997918	0.998856	0.999147	0.996197	0.998604
40740	-1557.688	-1625.129	67.44141	1	0.995216	0.993214	0.994916	0.996131	0.997918	0.998856	0.999147	0.996197	0.998604
40750	-1557.669	-1625.11	67.44141	1	0.995216	0.993214	0.994916	0.996131	0.997918	0.998856	0.999147	0.996197	0.998604
40760	-1558.002	-1625.443	67.44141	1	0.995216	0.993214	0.994916	0.996131	0.997918	0.998856	0.999147	0.996197	0.998604
40770	-1557.631	-1625.072	67.44141	1	0.995216	0.993214	0.994916	0.996131	0.997918	0.998856	0.999147	0.996197	0.998604
40780	-1558.219	-1625.661	67.44141	1	0.995216	0.993214	0.994916	0.996131	0.997918	0.998856	0.999147	0.996197	0.998604
40790	-1557.752	-1625.194	67.44141	1	0.995216	0.993214	0.994916	0.996131	0.997918	0.998856	0.999147	0.996197	0.998604
40800	-1557.626	-1625.067	67.44141	1	0.995216	0.993214	0.994916	0.996131	0.997918	0.998856	0.999147	0.996197	0.998604
40810	-1558.282	-1625.724	67.44141	1	0.995216	0.993214	0.994916	0.996131	0.997918	0.998856	0.999147	0.996197	0.998604
40820	-1557.832	-1625.273	67.44141	1	0.995216	0.993214	0.994916	0.996131	0.997918	0.998856	0.999147	0.996197	0.998604
40830	-1557.789	-1625.231	67.44141	1	0.995216	0.993214	0.994916	0.996131	0.997918	0.998856	0.999147	0.996197	0.998604
40840	-1557.659	-1625.101	67.44141	1	0.995216	0.993214	0.994916	0.996131	0.997918	0.998856	0.999147	0.996197	0.998604
40850	-1557.695	-1625.136	67.44141	1	0.995216	0.993214	0.994916	0.996131	0.997918	0.998856	0.999147	0.996197	0.998604
40860	-1557.96	-1625.401	67.44141	1	0.995216	0.993214	0.994916	0.996131	0.997918	0.998856	0.999147	0.996197	0.998604
40870	-1557.683	-1625.125	67.44141	1	0.995216	0.993214	0.994916	0.996131	0.997918	0.998856	0.999147	0.996197	0.998604
40880	-1557.961	-1625.403	67.44141	1	0.995216	0.993214	0.994916	0.996131	0.997918	0.998856	0.999147	0.996197	0.998604
40890	-1558.624	-1626.065	67.44141	1	0.995216	0.993214	0.994916	0.996131	0.997918	0.998856	0.999147	0.996197	0.998604
40900	-1557.963	-1625.404	67.44141	1	0.995216	0.993214	0.994916	0.996131	0.997918	0.998856	0.999147	0.996197	0.998604
40910	-1557.715	-1625.156	67.44141	1	0.995216	0.993214	0.994916	0.996131	0.997918	0.998856	0.999147	0.996197	0.998604
40920	-1560.455	-1627.896	67.44141	1	0.995216	0.993214	0.994916	0.996131	0.997918	0.998856	0.999147	0.996197	0.998604
40930	-1557.914	-1625.355	67.44141	1	0.995216	0.993214	0.994916	0.996131	0.997918	0.998856	0.999147	0.996197	0.998604
40940	-1559.636	-1627.078	67.44141	1	0.995216	0.993214	0.994916	0.996131	0.997918	0.998856	0.999147	0.996197	0.998604
40950	-1557.629	-1625.071	67.44141	1	0.995216	0.993214	0.994916	0.996131	0.997918	0.998856	0.999147	0.996197	0.998604
40960	-1557.665	-1625.107	67.44141	1	0.995216	0.993214	0.994916	0.996131	0.997918	0.998856	0.999147	0.996197	0.998604
40970	-1558.212	-1625.654	67.44141	1	0.995216	0.993214	0.994916	0.996131	0.997918	0.998856	0.999147	0.996197	0.998604
40980	-1557.975	-1625.417	67.44141	1	0.995216	0.993214	0.994916	0.996131	0.997918	0.998856	0.999147	0.996197	0.998604
40990	-1557.905	-1625.346	67.44141	1	0.995216	0.993214	0.994916	0.996131	0.997918	0.998856	0.999147	0.996197	0.998604
41000	-1557.703	-1625.145	67.44141	1	0.995216	0.993214	0.994916	0.996131	0.997918	0.998856	0.999147	0.996197	0.998604
41010	-1557.931	-1625.373	67.44141	1	0.995216	0.993214	0.994916	0.996131	0.997918	0.998856	0.999147	0.996197	0.998604
41020	-1557.716	-1625.158	67.44141	1	0.995216	0.993214	0.994916	0.996131	0.997918	0.998856	0.999147	0.996197	0.998604
41030	-1557.626	-1625.067	67.44141	1	0.995216	0.993214	0.994916	0.996131	0.997918	0.998856	0.999147	0.996197	0.998604
41040	-1558.296	-1625.737	67.44141	1	0.995216	0.993214	0.994916	0.996131	0.997918	0.998856	0.999147	0.996197	0.998604
41050	-1557.721	-1625.162	67.44141	1	0.995216	0.993214	0.994916	0.996131	0.997918	0.998856	0.999147	0.996197	0.998604
41060	-1557.656	-1625.097	67.44141	1	0.995216	0.993214	0.994916	0.996131	0.997918	0.998856	0.999147	0.996197	0.998604
41070	-1558.101	-1625.543	67.44141	1	0.995216	0.993214	0.994916	0.996131	0.997918	0.998856	0.999147	0.996197	0.998604
41080	-1558.78	-1626.221	67.44141	1	0.995216	0.993214	0.994916	0.996131	0.997918	0.998856	0.999147	0.996197	0.998604
41090	-1557.653	-1625.095	67.44141	1	0.995216	0.993214	0.994916	0.996131	0.997918	0.998856	0.999147	0.996197	0.998604
41100	-1557.882	-1625.324	67.44141	1	0.995216	0.993214	0.994916	0.996131	0.997918	0.998856	0.999147	0.996197	0.998604
41110	-1560.861	-1628.303	67.44141	1	0.995216	0.993214	0.994916	0.996131	0.997918	0.998856	0.999147	0.996197	0.998604
41120	-1557.738	-1625.18	67.44141	1	0.995216	0.993214	0.994916	0.996131	0.997918	0.998856	0.999147	0.996197	0.998604
41130	-1557.651	-1625.093	67.44141	1	0.995216	0.993214	0.994916	0.996131	0.997918	0.998856	0.999147	0.996197	0.998604
41140	-1557.665	-1625.107	67.44141	1	0.995216	0.993214	0.994916	0.996131	0.997918	0.998856	0.999147	0.996197	0.998604
41150	-1558.124	-1625.566	67.44141	1	0.995216	0.993214	0.994916	0.996131	0.997918	0.998856	0.999147	0.996197	0.998604
41160	-1557.709	-1625.151	67.44141	1	0.995216	0.993214	0.994916	0.996131	0.997918	0.998856	0.999147	0.996197	0.998604
41170	-1557.845	-1625.286	67.44141	1	0.995216	0.993214	0.994916	0.996131	0.997918	0.998856	0.999147	0.996197	0.998604
41180	-1558.19	-1625.631	67.44141	1	0.995216	0.993214	0.994916	0.996131	0.997918	0.998856	0.999147	0.996197	0.998604
41190	-1557.631	-1625.072	67.44141	1	0.995216	0.993214	0.994916	0.996131	0.997918	0.998856	0.999147	0.996197	0.998604
41200	-1558.099	-1625.54	67.44141	1	0.995216	0.993214	0.994916	0.996131	0.997918	0.998856	0.999147	0.996197	0.998604
41210	-1558.018	-1625.459	67.44141	1	0.995216	0.993214	0.994916	0.996131	0.997918	0.998856	0.999147	0.996197	0.998604
41220	-1557.957	-1625.399	67.44141	1	0.995216	0.993214	0.994916	0.996131	0.997918	0.998856	0.999147	0.996197	0.998604
41230	-1558.427	-1625.868	67.44141	1	0.995216	0.993214	0.994916	0.996131	0.997918	0.998856	0.999147	0.996197	0.998604
41240	-1558.011	-1625.452	67.44141	1	0.995216	0.993214	0.994916	0.996131	0.997918	0.998856	0.999147	0.996197	0.998604
41250	-1557.979	-1625.42	67.44141	1	0.995216	0.993214	0.994916	0.996131	0.997918	0.998856	0.999147	0.996197	0.998604
41260	-1559.24	-1626.681	67.44141	1	0.995216	0.993214	0.994916	0.996131	0.997918	0.998856	0.999147	0.996197	0.998604
41270	-1557.637	-1625.078	67.44141	1	0.995216	0.993214	0.994916	0.996131	0.997918	0.998856	0.999147	0.996197	0.998604
41280	-1557.963	-1625.404	67.44141	1	0.995216	0.993214	0.994916	0.996131	0.997918	0.998856	0.999147	0.996197	0.998604
41290	-1558.399	-1625.84	67.44141	1	0.995216	0.993214	0.994916	0.996131	0.997918	0.998856	0.999147	0.996197	0.998604
41300	-1557.904	-1625.345	67.44141	1	0.995216	0.993214	0.994916	0.996131	0.997918	0.998856	0.999147	0.996197	0.998604
41310	-1557.694	-1625.136	67.44141	1	0.995216	0.993214	0.994916	0.996131	0.997918	0.998856	0.999147	0.996197	0.998604
41320	-1558.199	-1625.641	67.44141	1	0.995216	0.993214	0.994916	0.996131	0.997918	0.998856	0.999147	0.996197	0.998604
41330	-1557.626	-1625.067	67.44141	1	0.995216	0.993214	0.994916	0.996131	0.997918	0.998856	0.999147	0.996197	0.998604
41340	-1557.684	-1625.125	67.44141	1	0.995216	0.993214	0.994916	0.996131	0.997918	0.998856	0.999147	0.996197	0.998604
41350	-1558.109	-1625.55	67.44141	1	0.995216	0.993214	0.994916	0.996131	0.997918	0.998856	0.999147	0.996197	0.998604
41360	-1559.643	-1627.085	67.44141	1	0.995216	0.993214	0.994916	0.996131	0.997918	0.998856	0.999147	0.996197	0.998604
41370	-1557.829	-1625.27	67.44141	1	0.995216	0.993214	0.994916	0.996131	0.997918	0.998856	0.999147	0.996197	0.998604
41380	-1558.006	-1625.448	67.44141	1	0.995216	0.993214	0.994916	0.996131	0.997918	0.998856	0.999147	0.996197	0.998604
41390	-1557.644	-1625.085	67.44141	1	0.995216	0.993214	0.994916	0.996131	0.997918	0.998856	0.999147	0.996197	0.998604
41400	-1557.909	-1625.35	67.44141	1	0.995216	0.993214	0.994916	0.996131	0.997918	0.998856	0.999147	0.996197	0.998604
41410	-1558.352	-1625.794	67.44141	1	0.995216	0.993214	0.994916	0.996131	0.997918	0.998856	0.999147	0.996197	0.998604
41420	-1557.859	-1625.3	67.44141	1	0.995216	0.993214	0.994916	0.996131	0.997918	0.998856	0.999147	0.996197	0.998604
41430	-1558.524	-1625.966	67.44141	1	0.995216	0.993214	0.994916	0.996131	0.997918	0.998856	0.999147	0.996197	0.998604
41440	-1559.606	-1627.047	67.44141	1	0.995216	0.993214	0.994916	0.996131	0.997918	0.998856	0.999147	0.996197	0.998604
41450	-1557.745	-1625.186	67.44141	1	0.995216	0.993214	0.994916	0.996131	0.997918	0.998856	0.999147	0.996197	0.998604
41460	-1557.703	-1625.145	67.44141	1	0.995216	0.993214	0.994916	0.996131	0.997918	0.998856	0.999147	0.996197	0.998604
41470	-1557.864	-1625.306	67.44141	1	0.995216	0.993214	0.994916	0.996131	0.997918	0.998856	0.999147	0.996197	0.998604
41480	-1557.689	-1625.13	67.44141	1	0.995216	0.993214	0.994916	0.996131	0.997918	0.998856	0.999147	0.996197	0.998604
41490	-1557.628	-1625.069	67.44141	1	0.995216	0.993214	0.994916	0.996131	0.997918	0.998856	0.999147	0.996197	0.998604
41500	-1557.802	-1625.244	67.44141	1	0.995216	0.993214	0.994916	0.996131	0.997918	0.998856	0.999147	0.996197	0.998604
41510	-1557.626	-1625.067	67.44141	1	0.995216	0.993214	0.994916	0.996131	0.997918	0.998856	0.999147	0.996197	0.998604
41520	-1558.588	-1626.029	67.44141	1	0.995216	0.993214	0.994916	0.996131	0.997918	0.998856	0.999147	0.996197	0.998604
41530	-1557.693	-1625.134	67.44141	1	0.995216	0.993214	0.994916	0.996131	0.997918	0.998856	0.999147	0.996197	0.998604
41540	-1558.133	-1625.574	67.44141	1	0.995216	0.993214	0.994916	0.996131	0.997918	0.998856	0.999147	0.996197	0.998604
41550	-1558.036	-1625.478	67.44141	1	0.995216	0.993214	0.994916	0.996131	0.997918	0.998856	0.999147	0.996197	0.998604
41560	-1557.829	-1625.27	67.44141	1	0.995216	0.993214	0.994916	0.996131	0.997918	0.998856	0.999147	0.996197	0.998604
41570	-1557.642	-1625.083	67.44141	1	0.995216	0.993214	0.994916	0.996131	0.997918	0.998856	0.999147	0.996197	0.998604
41580	-1557.842	-1625.283	67.44141	1	0.995216	0.993214	0.994916	0.996131	0.997918	0.998856	0.999147	0.996197	0.998604
41590	-1557.626	-1625.067	67.44141	1	0.995216	0.993214	0.994916	0.996131	0.997918	0.998856	0.999147	0.996197	0.998604
41600	-1559.644	-1627.085	67.44141	1	0.995216	0.993214	0.994916	0.996131	0.997918	0.998856	0.999147	0.996197	0.998604
41610	-1557.717	-1625.159	67.44141	1	0.995216	0.993214	0.994916	0.996131	0.997918	0.998856	0.999147	0.996197	0.998604
41620	-1557.698	-1625.14	67.44141	1	0.995216	0.993214	0.994916	0.996131	0.997918	0.998856	0.999147	0.996197	0.998604
41630	-1557.865	-1625.307	67.44141	1	0.995216	0.993214	0.994916	0.996131	0.997918	0.998856	0.999147	0.996197	0.998604
41640	-1557.694	-1625.135	67.44141	1	0.995216	0.993214	0.994916	0.996131	0.997918	0.998856	0.999147	0.996197	0.998604
41650	-1557.845	-1625.286	67.44141	1	0.995216	0.993214	0.994916	0.996131	0.997918	0.998856	0.999147	0.996197	0.998604
41660	-1558.088	-1625.529	67.44141	1	0.995216	0.993214	0.994916	0.996131	0.997918	0.998856	0.999147	0.996197	0.998604
41670	-1557.789	-1625.231	67.44141	1	0.995216	0.993214	0.994916	0.996131	0.997918	0.998856	0.999147	0.996197	0.998604
41680	-1557.639	-1625.08	67.44141	1	0.995216	0.993214	0.994916	0.996131	0.997918	0.998856	0.999147	0.996197	0.998604
41690	-1557.71	-1625.152	67.44141	1	0.995216	0.993214	0.994916	0.996131	0.997918	0.998856	0.999147	0.996197	0.998604
41700	-1557.749	-1625.19	67.44141	1	0.995216	0.993214	0.994916	0.996131	0.997918	0.998856	0.999147	0.996197	0.998604
41710	-1557.866	-1625.307	67.44141	1	0.995216	0.993214	0.994916	0.996131	0.997918	0.998856	0.999147	0.996197	0.998604
41720	-1557.706	-1625.147	67.44141	1	0.995216	0.993214	0.994916	0.996131	0.997918	0.998856	0.999147	0.996197	0.998604
41730	-1557.65	-1625.092	67.44141	1	0.995216	0.993214	0.994916	0.996131	0.997918	0.998856	0.999147	0.996197	0.998604
41740	-1558.54	-1625.981	67.44141	1	0.995216	0.993214	0.994916	0.996131	0.997918	0.998856	0.999147	0.996197	0.998604
41750	-1557.626	-1625.067	67.44141	1	0.995216	0.993214	0.994916	0.996131	0.997918	0.998856	0.999147	0.996197	0.998604
41760	-1557.695	-1625.136	67.44141	1	0.995216	0.993214	0.994916	0.996131	0.997918	0.998856	0.999147	0.996197	0.998604
41770	-1557.646	-1625.088	67.44141	1	0.995216	0.993214	0.994916	0.996131	0.997918	0.998856	0.999147	0.996197	0.998604
41780	-1557.741	-1625.182	67.44141	1	0.995216	0.993214	0.994916	0.996131	0.997918	0.998856	0.999147	0.996197	0.998604
41790	-1558.307	-1625.748	67.44141	1	0.995216	0.993214	0.994916	0.996131	0.997918	0.998856	0.999147	0.996197	0.998604
41800	-1559.661	-1627.102	67.44141	1	0.995216	0.993214	0.994916	0.996131	0.997918	0.998856	0.999147	0.996197	0.998604
41810	-1557.955	-1625.396	67.44141	1	0.995216	0.993214	0.994916	0.996131	0.997918	0.998856	0.999147	0.996197	0.998604
41820	-1557.639	-1625.081	67.44141	1	0.995216	0.993214	0.994916	0.996131	0.997918	0.998856	0.999147	0.996197	0.998604
41830	-1557.959	-1625.401	67.44141	1	0.995216	0.993214	0.994916	0.996131	0.997918	0.998856	0.999147	0.996197	0.998604
41840	-1557.774	-1625.216	67.44141	1	0.995216	0.993214	0.994916	0.996131	0.997918	0.998856	0.999147	0.996197	0.998604
41850	-1558.4	-1625.841	67.44141	1	0.995216	0.993214	0.994916	0.996131	0.997918	0.998856	0.999147	0.996197	0.998604
41860	-1559.933	-1627.375	67.44141	1	0.995216	0.993214	0.994916	0.996131	0.997918	0.998856	0.999147	0.996197	0.998604
41870	-1557.768	-1625.209	67.44141	1	0.995216	0.993214	0.994916	0.996131	0.997918	0.998856	0.999147	0.996197	0.998604
41880	-1557.715	-1625.156	67.44141	1	0.995216	0.993214	0.994916	0.996131	0.997918	0.998856	0.999147	0.996197	0.998604
41890	-1557.63	-1625.071	67.44141	1	0.995216	0.993214	0.994916	0.996131	0.997918	0.998856	0.999147	0.996197	0.998604
41900	-1557.665	-1625.107	67.44141	1	0.995216	0.993214	0.994916	0.996131	0.997918	0.998856	0.999147	0.996197	0.998604
41910	-1558.176	-1625.617	67.44141	1	0.995216	0.993214	0.994916	0.996131	0.997918	0.998856	0.999147	0.996197	0.998604
41920	-1557.704	-1625.145	67.44141	1	0.995216	0.993214	0.994916	0.996131	0.997918	0.998856	0.999147	0.996197	0.998604
41930	-1559.105	-1626.547	67.44141	1	0.995216	0.993214	0.994916	0.996131	0.997918	0.998856	0.999147	0.996197	0.998604
41940	-1558.473	-1625.915	67.44141	1	0.995216	0.993214	0.994916	0.996131	0.997918	0.998856	0.999147	0.996197	0.998604
41950	-1557.744	-1625.185	67.44141	1	0.995216	0.993214	0.994916	0.996131	0.997918	0.998856	0.999147	0.996197	0.998604
41960	-1557.626	-1625.067	67.44141	1	0.995216	0.993214	0.994916	0.996131	0.997918	0.998856	0.999147	0.996197	0.998604
41970	-1558.9	-1626.341	67.44141	1	0.995216	0.993214	0.994916	0.996131	0.997918	0.998856	0.999147	0.996197	0.998604
41980	-1557.86	-1625.301	67.44141	1	0.995216	0.993214	0.994916	0.996131	0.997918	0.998856	0.999147	0.996197	0.998604
41990	-1558.194	-1625.635	67.44141	1	0.995216	0.993214	0.994916	0.996131	0.997918	0.998856	0.999147	0.996197	0.998604
42000	-1559.043	-1626.484	67.44141	1	0.995216	0.993214	0.994916	0.996131	0.997918	0.998856	0.999147	0.996197	0.998604
42010	-1559.36	-1626.801	67.44141	1	0.995216	0.993214	0.994916	0.996131	0.997918	0.998856	0.999147	0.996197	0.998604
42020	-1557.662	-1625.103	67.44141	1	0.995216	0.993214	0.994916	0.996131	0.997918	0.998856	0.999147	0.996197	0.998604
42030	-1557.631	-1625.072	67.44141	1	0.995216	0.993214	0.994916	0.996131	0.997918	0.998856	0.999147	0.996197	0.998604
42040	-1558.529	-1625.97	67.44141	1	0.995216	0.993214	0.994916	0.996131	0.997918	0.998856	0.999147	0.996197	0.998604
42050	-1559.257	-1626.698	67.44141	1	0.995216	0.993214	0.994916	0.996131	0.997918	0.998856	0.999147	0.996197	0.998604
42060	-1558.28	-1625.721	67.44141	1	0.995216	0.993214	0.994916	0.996131	0.997918	0.998856	0.999147	0.996197	0.998604
42070	-1557.627	-1625.069	67.44141	1	0.995216	0.993214	0.994916	0.996131	0.997918	0.998856	0.999147	0.996197	0.998604
42080	-1558.732	-1626.173	67.44141	1	0.995216	0.993214	0.994916	0.996131	0.997918	0.998856	0.999147	0.996197	0.998604
42090	-1557.626	-1625.067	67.44141	1	0.995216	0.993214	0.994916	0.996131	0.997918	0.998856	0.999147	0.996197	0.998604
42100	-1561.008	-1628.449	67.44141	1	0.995216	0.993214	0.994916	0.996131	0.997918	0.998856	0.999147	0.996197	0.998604
42110	-1557.644	-1625.086	67.44141	1	0.995216	0.993214	0.994916	0.996131	0.997918	0.998856	0.999147	0.996197	0.998604
42120	-1557.626	-1625.067	67.44141	1	0.995216	0.993214	0.994916	0.996131	0.997918	0.998856	0.999147	0.996197	0.998604
42130	-1560.31	-1627.751	67.44141	1	0.995216	0.993214	0.994916	0.996131	0.997918	0.998856	0.999147	0.996197	0.998604
42140	-1558.121	-1625.563	67.44141	1	0.995216	0.993214	0.994916	0.996131	0.997918	0.998856	0.999147	0.996197	0.998604
42150	-1558.228	-1625.67	67.44141	1	0.995216	0.993214	0.994916	0.996131	0.997918	0.998856	0.999147	0.996197	0.998604
42160	-1557.695	-1625.137	67.44141	1	0.995216	0.993214	0.994916	0.996131	0.997918	0.998856	0.999147	0.996197	0.998604
42170	-1557.944	-1625.386	67.44141	1	0.995216	0.993214	0.994916	0.996131	0.997918	0.998856	0.999147	0.996197	0.998604
42180	-1557.842	-1625.284	67.44141	1	0.995216	0.993214	0.994916	0.996131	0.997918	0.998856	0.999147	0.996197	0.998604
42190	-1557.9	-1625.341	67.44141	1	0.995216	0.993214	0.994916	0.996131	0.997918	0.998856	0.999147	0.996197	0.998604
42200	-1558.345	-1625.787	67.44141	1	0.995216	0.993214	0.994916	0.996131	0.997918	0.998856	0.999147	0.996197	0.998604
42210	-1557.626	-1625.067	67.44141	1	0.995216	0.993214	0.994916	0.996131	0.997918	0.998856	0.999147	0.996197	0.998604
42220	-1557.709	-1625.15	67.44141	1	0.995216	0.993214	0.994916	0.996131	0.997918	0.998856	0.999147	0.996197	0.998604
42230	-1557.688	-1625.13	67.44141	1	0.995216	0.993214	0.994916	0.996131	0.997918	0.998856	0.999147	0.996197	0.998604
42240	-1558.168	-1625.609	67.44141	1	0.995216	0.993214	0.994916	0.996131	0.997918	0.998856	0.999147	0.996197	0.998604
42250	-1559.412	-1626.854	67.44141	1	0.995216	0.993214	0.994916	0.996131	0.997918	0.998856	0.999147	0.996197	0.998604
42260	-1557.626	-1625.068	67.44141	1	0.995216	0.993214	0.994916	0.996131	0.997918	0.998856	0.999147	0.996197	0.998604
42270	-1558.751	-1626.192	67.44141	1	0.995216	0.993214	0.994916	0.996131	0.997918	0.998856	0.999147	0.996197	0.998604
42280	-1557.881	-1625.322	67.44141	1	0.995216	0.993214	0.994916	0.996131	0.997918	0.998856	0.999147	0.996197	0.998604
42290	-1557.629	-1625.07	67.44141	1	0.995216	0.993214	0.994916	0.996131	0.997918	0.998856	0.999147	0.996197	0.998604
42300	-1557.648	-1625.09	67.44141	1	0.995216	0.993214	0.994916	0.996131	0.997918	0.998856	0.999147	0.996197	0.998604
42310	-1558.704	-1626.145	67.44141	1	0.995216	0.993214	0.994916	0.996131	0.997918	0.998856	0.999147	0.996197	0.998604
42320	-1557.707	-1625.148	67.44141	1	0.995216	0.993214	0.994916	0.996131	0.997918	0.998856	0.999147	0.996197	0.998604
42330	-1557.661	-1625.102	67.44141	1	0.995216	0.993214	0.994916	0.996131	0.997918	0.998856	0.999147	0.996197	0.998604
42340	-1558.694	-1626.135	67.44141	1	0.995216	0.993214	0.994916	0.996131	0.997918	0.998856	0.999147	0.996197	0.998604
42350	-1557.633	-1625.075	67.44141	1	0.995216	0.993214	0.994916	0.996131	0.997918	0.998856	0.999147	0.996197	0.998604
42360	-1557.687	-1625.129	67.44141	1	0.995216	0.993214	0.994916	0.996131	0.997918	0.998856	0.999147	0.996197	0.998604
42370	-1557.703	-1625.144	67.44141	1	0.995216	0.993214	0.994916	0.996131	0.997918	0.998856	0.999147	0.996197	0.998604
42380	-1557.814	-1625.255	67.44141	1	0.995216	0.993214	0.994916	0.996131	0.997918	0.998856	0.999147	0.996197	0.998604
42390	-1558.026	-1625.467	67.44141	1	0.995216	0.993214	0.994916	0.996131	0.997918	0.998856	0.999147	0.996197	0.998604
42400	-1558.437	-1625.879	67.44141	1	0.995216	0.993214	0.994916	0.996131	0.997918	0.998856	0.999147	0.996197	0.998604
42410	-1557.626	-1625.068	67.44141	1	0.995216	0.993214	0.994916	0.996131	0.997918	0.998856	0.999147	0.996197	0.998604
42420	-1557.819	-1625.26	67.44141	1	0.995216	0.993214	0.994916	0.996131	0.997918	0.998856	0.999147	0.996197	0.998604
42430	-1557.663	-1625.104	67.44141	1	0.995216	0.993214	0.994916	0.996131	0.997918	0.998856	0.999147	0.996197	0.998604
42440	-1557.674	-1625.115	67.44141	1	0.995216	0.993214	0.994916	0.996131	0.997918	0.998856	0.999147	0.996197	0.998604
42450	-1557.633	-1625.074	67.44141	1	0.995216	0.993214	0.994916	0.996131	0.997918	0.998856	0.999147	0.996197	0.998604
42460	-1559.09	-1626.531	67.44141	1	0.995216	0.993214	0.994916	0.996131	0.997918	0.998856	0.999147	0.996197	0.998604
42470	-1558.052	-1625.494	67.44141	1	0.995216	0.993214	0.994916	0.996131	0.997918	0.998856	0.999147	0.996197	0.998604
42480	-1559.221	-1626.662	67.44141	1	0.995216	0.993214	0.994916	0.996131	0.997918	0.998856	0.999147	0.996197	0.998604
42490	-1557.812	-1625.253	67.44141	1	0.995216	0.993214	0.994916	0.996131	0.997918	0.998856	0.999147	0.996197	0.998604
42500	-1558.15	-1625.592	67.44141	1	0.995216	0.993214	0.994916	0.996131	0.997918	0.998856	0.999147	0.996197	0.998604
42510	-1558.367	-1625.808	67.44141	1	0.995216	0.993214	0.994916	0.996131	0.997918	0.998856	0.999147	0.996197	0.998604
42520	-1558.109	-1625.55	67.44141	1	0.995216	0.993214	0.994916	0.996131	0.997918	0.998856	0.999147	0.996197	0.998604
42530	-1559.902	-1627.343	67.44141	1	0.995216	0.993214	0.994916	0.996131	0.997918	0.998856	0.999147	0.996197	0.998604
42540	-1557.647	-1625.089	67.44141	1	0.995216	0.993214	0.994916	0.996131	0.997918	0.998856	0.999147	0.996197	0.998604
42550	-1557.695	-1625.137	67.44141	1	0.995216	0.993214	0.994916	0.996131	0.997918	0.998856	0.999147	0.996197	0.998604
42560	-1557.771	-1625.212	67.44141	1	0.995216	0.993214	0.994916	0.996131	0.997918	0.998856	0.999147	0.996197	0.998604
42570	-1557.637	-1625.078	67.44141	1	0.995216	0.993214	0.994916	0.996131	0.997918	0.998856	0.999147	0.996197	0.998604
42580	-1557.638	-1625.079	67.44141	1	0.995216	0.993214	0.994916	0.996131	0.997918	0.998856	0.999147	0.996197	0.998604
42590	-1558.523	-1625.965	67.44141	1	0.995216	0.993214	0.994916	0.996131	0.997918	0.998856	0.999147	0.996197	0.998604
42600	-1559.162	-1626.603	67.44141	1	0.995216	0.993214	0.994916	0.996131	0.997918	0.998856	0.999147	0.996197	0.998604
42610	-1557.748	-1625.189	67.44141	1	0.995216	0.993214	0.994916	0.996131	0.997918	0.998856	0.999147	0.996197	0.998604
42620	-1557.626	-1625.067	67.44141	1	0.995216	0.993214	0.994916	0.996131	0.997918	0.998856	0.999147	0.996197	0.998604
42630	-1559.11	-1626.552	67.44141	1	0.995216	0.993214	0.994916	0.996131	0.997918	0.998856	0.999147	0.996197	0.998604
42640	-1559.886	-1627.327	67.44141	1	0.995216	0.993214	0.994916	0.996131	0.997918	0.998856	0.999147	0.996197	0.998604
42650	-1559.052	-1626.494	67.44141	1	0.995216	0.993214	0.994916	0.996131	0.997918	0.998856	0.999147	0.996197	0.998604
42660	-1557.626	-1625.067	67.44141	1	0.995216	0.993214	0.994916	0.996131	0.997918	0.998856	0.999147	0.996197	0.998604
42670	-1558.477	-1625.918	67.44141	1	0.995216	0.993214	0.994916	0.996131	0.997918	0.998856	0.999147	0.996197	0.998604
42680	-1557.915	-1625.356	67.44141	1	0.995216	0.993214	0.994916	0.996131	0.997918	0.998856	0.999147	0.996197	0.998604
42690	-1559.374	-1626.815	67.44141	1	0.995216	0.993214	0.994916	0.996131	0.997918	0.998856	0.999147	0.996197	0.998604
42700	-1559.597	-1627.038	67.44141	1	0.995216	0.993214	0.994916	0.996131	0.997918	0.998856	0.999147	0.996197	0.998604
42710	-1557.626	-1625.067	67.44141	1	0.995216	0.993214	0.994916	0.996131	0.997918	0.998856	0.999147	0.996197	0.998604
42720	-1558.764	-1626.205	67.44141	1	0.995216	0.993214	0.994916	0.996131	0.997918	0.998856	0.999147	0.996197	0.998604
42730	-1558.117	-1625.559	67.44141	1	0.995216	0.993214	0.994916	0.996131	0.997918	0.998856	0.999147	0.996197	0.998604
42740	-1557.666	-1625.108	67.44141	1	0.995216	0.993214	0.994916	0.996131	0.997918	0.998856	0.999147	0.996197	0.998604
42750	-1557.676	-1625.117	67.44141	1	0.995216	0.993214	0.994916	0.996131	0.997918	0.998856	0.999147	0.996197	0.998604
42760	-1557.666	-1625.108	67.44141	1	0.995216	0.993214	0.994916	0.996131	0.997918	0.998856	0.999147	0.996197	0.998604
42770	-1557.906	-1625.348	67.44141	1	0.995216	0.993214	0.994916	0.996131	0.997918	0.998856	0.999147	0.996197	0.998604
42780	-1557.898	-1625.34	67.44141	1	0.995216	0.993214	0.994916	0.996131	0.997918	0.998856	0.999147	0.996197	0.998604
42790	-1559.614	-1627.055	67.44141	1	0.995216	0.993214	0.994916	0.996131	0.997918	0.998856	0.999147	0.996197	0.998604
42800	-1557.626	-1625.067	67.44141	1	0.995216	0.993214	0.994916	0.996131	0.997918	0.998856	0.999147	0.996197	0.998604
42810	-1557.644	-1625.085	67.44141	1	0.995216	0.993214	0.994916	0.996131	0.997918	0.998856	0.999147	0.996197	0.998604
42820	-1557.775	-1625.217	67.44141	1	0.995216	0.993214	0.994916	0.996131	0.997918	0.998856	0.999147	0.996197	0.998604
42830	-1557.646	-1625.087	67.44141	1	0.995216	0.993214	0.994916	0.996131	0.997918	0.998856	0.999147	0.996197	0.998604
42840	-1559.2	-1626.642	67.44141	1	0.995216	0.993214	0.994916	0.996131	0.997918	0.998856	0.999147	0.996197	0.998604
42850	-1558.594	-1626.035	67.44141	1	0.995216	0.993214	0.994916	0.996131	0.997918	0.998856	0.999147	0.996197	0.998604
42860	-1559.184	-1626.626	67.44141	1	0.995216	0.993214	0.994916	0.996131	0.997918	0.998856	0.999147	0.996197	0.998604
42870	-1557.627	-1625.068	67.44141	1	0.995216	0.993214	0.994916	0.996131	0.997918	0.998856	0.999147	0.996197	0.998604
42880	-1557.683	-1625.125	67.44141	1	0.995216	0.993214	0.994916	0.996131	0.997918	0.998856	0.999147	0.996197	0.998604
42890	-1558.117	-1625.559	67.44141	1	0.995216	0.993214	0.994916	0.996131	0.997918	0.998856	0.999147	0.996197	0.998604
42900	-1557.632	-1625.074	67.44141	1	0.995216	0.993214	0.994916	0.996131	0.997918	0.998856	0.999147	0.996197	0.998604
42910	-1558.291	-1625.733	67.44141	1	0.995216	0.993214	0.994916	0.996131	0.997918	0.998856	0.999147	0.996197	0.998604
42920	-1557.72	-1625.161	67.44141	1	0.995216	0.993214	0.994916	0.996131	0.997918	0.998856	0.999147	0.996197	0.998604
42930	-1557.831	-1625.272	67.44141	1	0.995216	0.993214	0.994916	0.996131	0.997918	0.998856	0.999147	0.996197	0.998604
42940	-1557.637	-1625.079	67.44141	1	0.995216	0.993214	0.994916	0.996131	0.997918	0.998856	0.999147	0.996197	0.998604
42950	-1557.873	-1625.315	67.44141	1	0.995216	0.993214	0.994916	0.996131	0.997918	0.998856	0.999147	0.996197	0.998604
42960	-1557.846	-1625.288	67.44141	1	0.995216	0.993214	0.994916	0.996131	0.997918	0.998856	0.999147	0.996197	0.998604
42970	-1557.63	-1625.071	67.44141	1	0.995216	0.993214	0.994916	0.996131	0.997918	0.998856	0.999147	0.996197	0.998604
42980	-1557.632	-1625.073	67.44141	1	0.995216	0.993214	0.994916	0.996131	0.997918	0.998856	0.999147	0.996197	0.998604
42990	-1558.436	-1625.878	67.44141	1	0.995216	0.993214	0.994916	0.996131	0.997918	0.998856	0.999147	0.996197	0.998604
43000	-1562.011	-1629.452	67.44141	1	0.995216	0.993214	0.994916	0.996131	0.997918	0.998856	0.999147	0.996197	0.998604
43010	-1558.629	-1626.071	67.44141	1	0.995216	0.993214	0.994916	0.996131	0.997918	0.998856	0.999147	0.996197	0.998604
43020	-1558.096	-1625.537	67.44141	1	0.995216	0.993214	0.994916	0.996131	0.997918	0.998856	0.999147	0.996197	0.998604
43030	-1559.049	-1626.49	67.44141	1	0.995216	0.993214	0.994916	0.996131	0.997918	0.998856	0.999147	0.996197	0.998604
43040	-1559.564	-1627.005	67.44141	1	0.995216	0.993214	0.994916	0.996131	0.997918	0.998856	0.999147	0.996197	0.998604
43050	-1557.905	-1625.346	67.44141	1	0.995216	0.993214	0.994916	0.996131	0.997918	0.998856	0.999147	0.996197	0.998604
43060	-1557.649	-1625.091	67.44141	1	0.995216	0.993214	0.994916	0.996131	0.997918	0.998856	0.999147	0.996197	0.998604
43070	-1557.848	-1625.29	67.44141	1	0.995216	0.993214	0.994916	0.996131	0.997918	0.998856	0.999147	0.996197	0.998604
43080	-1558.715	-1626.156	67.44141	1	0.995216	0.993214	0.994916	0.996131	0.997918	0.998856	0.999147	0.996197	0.998604
43090	-1557.698	-1625.139	67.44141	1	0.995216	0.993214	0.994916	0.996131	0.997918	0.998856	0.999147	0.996197	0.998604
43100	-1557.666	-1625.107	67.44141	1	0.995216	0.993214	0.994916	0.996131	0.997918	0.998856	0.999147	0.996197	0.998604
43110	-1559.266	-1626.707	67.44141	1	0.995216	0.993214	0.994916	0.996131	0.997918	0.998856	0.999147	0.996197	0.998604
43120	-1557.699	-1625.14	67.44141	1	0.995216	0.993214	0.994916	0.996131	0.997918	0.998856	0.999147	0.996197	0.998604
43130	-1557.913	-1625.355	67.44141	1	0.995216	0.993214	0.994916	0.996131	0.997918	0.998856	0.999147	0.996197	0.998604
43140	-1557.986	-1625.427	67.44141	1	0.995216	0.993214	0.994916	0.996131	0.997918	0.998856	0.999147	0.996197	0.998604
43150	-1558.203	-1625.644	67.44141	1	0.995216	0.993214	0.994916	0.996131	0.997918	0.998856	0.999147	0.996197	0.998604
43160	-1558.937	-1626.378	67.44141	1	0.995216	0.993214	0.994916	0.996131	0.997918	0.998856	0.999147	0.996197	0.998604
43170	-1557.895	-1625.336	67.44141	1	0.995216	0.993214	0.994916	0.996131	0.997918	0.998856	0.999147	0.996197	0.998604
43180	-1557.678	-1625.12	67.44141	1	0.995216	0.993214	0.994916	0.996131	0.997918	0.998856	0.999147	0.996197	0.998604
43190	-1557.629	-1625.07	67.44141	1	0.995216	0.993214	0.994916	0.996131	0.997918	0.998856	0.999147	0.996197	0.998604
43200	-1558.158	-1625.6	67.44141	1	0.995216	0.993214	0.994916	0.996131	0.997918	0.998856	0.999147	0.996197	0.998604
43210	-1557.785	-1625.226	67.44141	1	0.995216	0.993214	0.994916	0.996131	0.997918	0.998856	0.999147	0.996197	0.998604
43220	-1561.778	-1629.22	67.44141	1	0.995216	0.993214	0.994916	0.996131	0.997918	0.998856	0.999147	0.996197	0.998604
43230	-1557.677	-1625.118	67.44141	1	0.995216	0.993214	0.994916	0.996131	0.997918	0.998856	0.999147	0.996197	0.998604
43240	-1559.439	-1626.881	67.44141	1	0.995216	0.993214	0.994916	0.996131	0.997918	0.998856	0.999147	0.996197	0.998604
43250	-1558.783	-1626.224	67.44141	1	0.995216	0.993214	0.994916	0.996131	0.997918	0.998856	0.999147	0.996197	0.998604
43260	-1557.626	-1625.068	67.44141	1	0.995216	0.993214	0.994916	0.996131	0.997918	0.998856	0.999147	0.996197	0.998604
43270	-1557.853	-1625.295	67.44141	1	0.995216	0.993214	0.994916	0.996131	0.997918	0.998856	0.999147	0.996197	0.998604
43280	-1557.631	-1625.073	67.44141	1	0.995216	0.993214	0.994916	0.996131	0.997918	0.998856	0.999147	0.996197	0.998604
43290	-1557.67	-1625.111	67.44141	1	0.995216	0.993214	0.994916	0.996131	0.997918	0.998856	0.999147	0.996197	0.998604
43300	-1558.196	-1625.637	67.44141	1	0.995216	0.993214	0.994916	0.996131	0.997918	0.998856	0.999147	0.996197	0.998604
43310	-1558.073	-1625.514	67.44141	1	0.995216	0.993214	0.994916	0.996131	0.997918	0.998856	0.999147	0.996197	0.998604
43320	-1557.648	-1625.089	67.44141	1	0.995216	0.993214	0.994916	0.996131	0.997918	0.998856	0.999147	0.996197	0.998604
43330	-1557.66	-1625.101	67.44141	1	0.995216	0.993214	0.994916	0.996131	0.997918	0.998856	0.999147	0.996197	0.998604
43340	-1558.57	-1626.012	67.44141	1	0.995216	0.993214	0.994916	0.996131	0.997918	0.998856	0.999147	0.996197	0.998604
43350	-1558.101	-1625.543	67.44141	1	0.995216	0.993214	0.994916	0.996131	0.997918	0.998856	0.999147	0.996197	0.998604
43360	-1557.628	-1625.07	67.44141	1	0.995216	0.993214	0.994916	0.996131	0.997918	0.998856	0.999147	0.996197	0.998604
43370	-1558.86	-1626.302	67.44141	1	0.995216	0.993214	0.994916	0.996131	0.997918	0.998856	0.999147	0.996197	0.998604
43380	-1557.724	-1625.166	67.44141	1	0.995216	0.993214	0.994916	0.996131	0.997918	0.998856	0.999147	0.996197	0.998604
43390	-1558.576	-1626.017	67.44141	1	0.995216	0.993214	0.994916	0.996131	0.997918	0.998856	0.999147	0.996197	0.998604
43400	-1557.843	-1625.285	67.44141	1	0.995216	0.993214	0.994916	0.996131	0.997918	0.998856	0.999147	0.996197	0.998604
43410	-1557.65	-1625.091	67.44141	1	0.995216	0.993214	0.994916	0.996131	0.997918	0.998856	0.999147	0.996197	0.998604
43420	-1557.89	-1625.332	67.44141	1	0.995216	0.993214	0.994916	0.996131	0.997918	0.998856	0.999147	0.996197	0.998604
43430	-1557.664	-1625.105	67.44141	1	0.995216	0.993214	0.994916	0.996131	0.997918	0.998856	0.999147	0.996197	0.998604
43440	-1557.637	-1625.078	67.44141	1	0.995216	0.993214	0.994916	0.996131	0.997918	0.998856	0.999147	0.996197	0.998604
43450	-1558.526	-1625.968	67.44141	1	0.995216	0.993214	0.994916	0.996131	0.997918	0.998856	0.999147	0.996197	0.998604
43460	-1561.412	-1628.853	67.44141	1	0.995216	0.993214	0.994916	0.996131	0.997918	0.998856	0.999147	0.996197	0.998604
43470	-1558.463	-1625.905	67.44141	1	0.995216	0.993214	0.994916	0.996131	0.997918	0.998856	0.999147	0.996197	0.998604
43480	-1558.328	-1625.769	67.44141	1	0.995216	0.993214	0.994916	0.996131	0.997918	0.998856	0.999147	0.996197	0.998604
43490	-1557.644	-1625.086	67.44141	1	0.995216	0.993214	0.994916	0.996131	0.997918	0.998856	0.999147	0.996197	0.998604
43500	-1557.993	-1625.435	67.44141	1	0.995216	0.993214	0.994916	0.996131	0.997918	0.998856	0.999147	0.996197	0.998604
43510	-1557.634	-1625.075	67.44141	1	0.995216	0.993214	0.994916	0.996131	0.997918	0.998856	0.999147	0.996197	0.998604
43520	-1558.003	-1625.445	67.44141	1	0.995216	0.993214	0.994916	0.996131	0.997918	0.998856	0.999147	0.996197	0.998604
43530	-1560.297	-1627.738	67.44141	1	0.995216	0.993214	0.994916	0.996131	0.997918	0.998856	0.999147	0.996197	0.998604
43540	-1557.685	-1625.127	67.44141	1	0.995216	0.993214	0.994916	0.996131	0.997918	0.998856	0.999147	0.996197	0.998604
43550	-1557.828	-1625.269	67.44141	1	0.995216	0.993214	0.994916	0.996131	0.997918	0.998856	0.999147	0.996197	0.998604
43560	-1557.74	-1625.182	67.44141	1	0.995216	0.993214	0.994916	0.996131	0.997918	0.998856	0.999147	0.996197	0.998604
43570	-1558.844	-1626.285	67.44141	1	0.995216	0.993214	0.994916	0.996131	0.997918	0.998856	0.999147	0.996197	0.998604
43580	-1557.638	-1625.079	67.44141	1	0.995216	0.993214	0.994916	0.996131	0.997918	0.998856	0.999147	0.996197	0.998604
43590	-1557.63	-1625.072	67.44141	1	0.995216	0.993214	0.994916	0.996131	0.997918	0.998856	0.999147	0.996197	0.998604
43600	-1557.684	-1625.126	67.44141	1	0.995216	0.993214	0.994916	0.996131	0.997918	0.998856	0.999147	0.996197	0.998604
43610	-1558.171	-1625.613	67.44141	1	0.995216	0.993214	0.994916	0.996131	0.997918	0.998856	0.999147	0.996197	0.998604
43620	-1557.627	-1625.068	67.44141	1	0.995216	0.993214	0.994916	0.996131	0.997918	0.998856	0.999147	0.996197	0.998604
43630	-1557.629	-1625.07	67.44141	1	0.995216	0.993214	0.994916	0.996131	0.997918	0.998856	0.999147	0.996197	0.998604
43640	-1557.784	-1625.226	67.44141	1	0.995216	0.993214	0.994916	0.996131	0.997918	0.998856	0.999147	0.996197	0.998604
43650	-1558.21	-1625.652	67.44141	1	0.995216	0.993214	0.994916	0.996131	0.997918	0.998856	0.999147	0.996197	0.998604
43660	-1557.857	-1625.299	67.44141	1	0.995216	0.993214	0.994916	0.996131	0.997918	0.998856	0.999147	0.996197	0.998604
43670	-1558.025	-1625.467	67.44141	1	0.995216	0.993214	0.994916	0.996131	0.997918	0.998856	0.999147	0.996197	0.998604
43680	-1557.626	-1625.067	67.44141	1	0.995216	0.993214	0.994916	0.996131	0.997918	0.998856	0.999147	0.996197	0.998604
43690	-1557.954	-1625.395	67.44141	1	0.995216	0.993214	0.994916	0.996131	0.997918	0.998856	0.999147	0.996197	0.998604
43700	-1558.195	-1625.637	67.44141	1	0.995216	0.993214	0.994916	0.996131	0.997918	0.998856	0.999147	0.996197	0.998604
43710	-1558.143	-1625.584	67.44141	1	0.995216	0.993214	0.994916	0.996131	0.997918	0.998856	0.999147	0.996197	0.998604
43720	-1557.907	-1625.348	67.44141	1	0.995216	0.993214	0.994916	0.996131	0.997918	0.998856	0.999147	0.996197	0.998604
43730	-1557.643	-1625.084	67.44141	1	0.995216	0.993214	0.994916	0.996131	0.997918	0.998856	0.999147	0.996197	0.998604
43740	-1557.759	-1625.2	67.44141	1	0.995216	0.993214	0.994916	0.996131	0.997918	0.998856	0.999147	0.996197	0.998604
43750	-1558.644	-1626.086	67.44141	1	0.995216	0.993214	0.994916	0.996131	0.997918	0.998856	0.999147	0.996197	0.998604
43760	-1558.885	-1626.326	67.44141	1	0.995216	0.993214	0.994916	0.996131	0.997918	0.998856	0.999147	0.996197	0.998604
43770	-1557.63	-1625.072	67.44141	1	0.995216	0.993214	0.994916	0.996131	0.997918	0.998856	0.999147	0.996197	0.998604
43780	-1557.69	-1625.132	67.44141	1	0.995216	0.993214	0.994916	0.996131	0.997918	0.998856	0.999147	0.996197	0.998604
43790	-1558.736	-1626.178	67.44141	1	0.995216	0.993214	0.994916	0.996131	0.997918	0.998856	0.999147	0.996197	0.998604
43800	-1557.628	-1625.07	67.44141	1	0.995216	0.993214	0.994916	0.996131	0.997918	0.998856	0.999147	0.996197	0.998604
43810	-1558.412	-1625.853	67.44141	1	0.995216	0.993214	0.994916	0.996131	0.997918	0.998856	0.999147	0.996197	0.998604
43820	-1557.965	-1625.406	67.44141	1	0.995216	0.993214	0.994916	0.996131	0.997918	0.998856	0.999147	0.996197	0.998604
43830	-1557.628	-1625.069	67.44141	1	0.995216	0.993214	0.994916	0.996131	0.997918	0.998856	0.999147	0.996197	0.998604
43840	-1557.995	-1625.436	67.44141	1	0.995216	0.993214	0.994916	0.996131	0.997918	0.998856	0.999147	0.996197	0.998604
43850	-1558.072	-1625.514	67.44141	1	0.995216	0.993214	0.994916	0.996131	0.997918	0.998856	0.999147	0.996197	0.998604
43860	-1557.81	-1625.252	67.44141	1	0.995216	0.993214	0.994916	0.996131	0.997918	0.998856	0.999147	0.996197	0.998604
43870	-1557.727	-1625.169	67.44141	1	0.995216	0.993214	0.994916	0.996131	0.997918	0.998856	0.999147	0.996197	0.998604
43880	-1557.741	-1625.182	67.44141	1	0.995216	0.993214	0.994916	0.996131	0.997918	0.998856	0.999147	0.996197	0.998604
43890	-1557.723	-1625.164	67.44141	1	0.995216	0.993214	0.994916	0.996131	0.997918	0.998856	0.999147	0.996197	0.998604
43900	-1558.26	-1625.701	67.44141	1	0.995216	0.993214	0.994916	0.996131	0.997918	0.998856	0.999147	0.996197	0.998604
43910	-1557.656	-1625.097	67.44141	1	0.995216	0.993214	0.994916	0.996131	0.997918	0.998856	0.999147	0.996197	0.998604
43920	-1557.807	-1625.248	67.44141	1	0.995216	0.993214	0.994916	0.996131	0.997918	0.998856	0.999147	0.996197	0.998604
43930	-1557.648	-1625.089	67.44141	1	0.995216	0.993214	0.994916	0.996131	0.997918	0.998856	0.999147	0.996197	0.998604
43940	-1557.674	-1625.115	67.44141	1	0.995216	0.993214	0.994916	0.996131	0.997918	0.998856	0.999147	0.996197	0.998604
43950	-1557.626	-1625.068	67.44141	1	0.995216	0.993214	0.994916	0.996131	0.997918	0.998856	0.999147	0.996197	0.998604
43960	-1557.903	-1625.344	67.44141	1	0.995216	0.993214	0.994916	0.996131	0.997918	0.998856	0.999147	0.996197	0.998604
43970	-1557.863	-1625.305	67.44141	1	0.995216	0.993214	0.994916	0.996131	0.997918	0.998856	0.999147	0.996197	0.998604
43980	-1558.829	-1626.27	67.44141	1	0.995216	0.993214	0.994916	0.996131	0.997918	0.998856	0.999147	0.996197	0.998604
43990	-1557.649	-1625.09	67.44141	1	0.995216	0.993214	0.994916	0.996131	0.997918	0.998856	0.999147	0.996197	0.998604
44000	-1557.629	-1625.071	67.44141	1	0.995216	0.993214	0.994916	0.996131	0.997918	0.998856	0.999147	0.996197	0.998604
44010	-1557.709	-1625.15	67.44141	1	0.995216	0.993214	0.994916	0.996131	0.997918	0.998856	0.999147	0.996197	0.998604
44020	-1557.785	-1625.226	67.44141	1	0.995216	0.993214	0.994916	0.996131	0.997918	0.998856	0.999147	0.996197	0.998604
44030	-1557.63	-1625.071	67.44141	1	0.995216	0.993214	0.994916	0.996131	0.997918	0.998856	0.999147	0.996197	0.998604
44040	-1557.955	-1625.397	67.44141	1	0.995216	0.993214	0.994916	0.996131	0.997918	0.998856	0.999147	0.996197	0.998604
44050	-1557.626	-1625.067	67.44141	1	0.995216	0.993214	0.994916	0.996131	0.997918	0.998856	0.999147	0.996197	0.998604
44060	-1557.947	-1625.388	67.44141	1	0.995216	0.993214	0.994916	0.996131	0.997918	0.998856	0.999147	0.996197	0.998604
44070	-1557.779	-1625.22	67.44141	1	0.995216	0.993214	0.994916	0.996131	0.997918	0.998856	0.999147	0.996197	0.998604
44080	-1557.75	-1625.191	67.44141	1	0.995216	0.993214	0.994916	0.996131	0.997918	0.998856	0.999147	0.996197	0.998604
44090	-1557.808	-1625.25	67.44141	1	0.995216	0.993214	0.994916	0.996131	0.997918	0.998856	0.999147	0.996197	0.998604
44100	-1559.485	-1626.927	67.44141	1	0.995216	0.993214	0.994916	0.996131	0.997918	0.998856	0.999147	0.996197	0.998604
44110	-1559.823	-1627.264	67.44141	1	0.995216	0.993214	0.994916	0.996131	0.997918	0.998856	0.999147	0.996197	0.998604
44120	-1557.731	-1625.172	67.44141	1	0.995216	0.993214	0.994916	0.996131	0.997918	0.998856	0.999147	0.996197	0.998604
44130	-1557.869	-1625.311	67.44141	1	0.995216	0.993214	0.994916	0.996131	0.997918	0.998856	0.999147	0.996197	0.998604
44140	-1557.744	-1625.186	67.44141	1	0.995216	0.993214	0.994916	0.996131	0.997918	0.998856	0.999147	0.996197	0.998604
44150	-1558.368	-1625.81	67.44141	1	0.995216	0.993214	0.994916	0.996131	0.997918	0.998856	0.999147	0.996197	0.998604
44160	-1557.632	-1625.073	67.44141	1	0.995216	0.993214	0.994916	0.996131	0.997918	0.998856	0.999147	0.996197	0.998604
44170	-1557.764	-1625.205	67.44141	1	0.995216	0.993214	0.994916	0.996131	0.997918	0.998856	0.999147	0.996197	0.998604
44180	-1557.662	-1625.103	67.44141	1	0.995216	0.993214	0.994916	0.996131	0.997918	0.998856	0.999147	0.996197	0.998604
44190	-1558.155	-1625.597	67.44141	1	0.995216	0.993214	0.994916	0.996131	0.997918	0.998856	0.999147	0.996197	0.998604
44200	-1557.653	-1625.095	67.44141	1	0.995216	0.993214	0.994916	0.996131	0.997918	0.998856	0.999147	0.996197	0.998604
44210	-1557.856	-1625.297	67.44141	1	0.995216	0.993214	0.994916	0.996131	0.997918	0.998856	0.999147	0.996197	0.998604
44220	-1557.942	-1625.383	67.44141	1	0.995216	0.993214	0.994916	0.996131	0.997918	0.998856	0.999147	0.996197	0.998604
44230	-1557.641	-1625.082	67.44141	1	0.995216	0.993214	0.994916	0.996131	0.997918	0.998856	0.999147	0.996197	0.998604
44240	-1557.72	-1625.161	67.44141	1	0.995216	0.993214	0.994916	0.996131	0.997918	0.998856	0.999147	0.996197	0.998604
44250	-1557.626	-1625.067	67.44141	1	0.995216	0.993214	0.994916	0.996131	0.997918	0.998856	0.999147	0.996197	0.998604
44260	-1557.934	-1625.376	67.44141	1	0.995216	0.993214	0.994916	0.996131	0.997918	0.998856	0.999147	0.996197	0.998604
44270	-1557.669	-1625.11	67.44141	1	0.995216	0.993214	0.994916	0.996131	0.997918	0.998856	0.999147	0.996197	0.998604
44280	-1557.893	-1625.334	67.44141	1	0.995216	0.993214	0.994916	0.996131	0.997918	0.998856	0.999147	0.996197	0.998604
44290	-1557.845	-1625.286	67.44141	1	0.995216	0.993214	0.994916	0.996131	0.997918	0.998856	0.999147	0.996197	0.998604
44300	-1557.905	-1625.346	67.44141	1	0.995216	0.993214	0.994916	0.996131	0.997918	0.998856	0.999147	0.996197	0.998604
44310	-1557.654	-1625.095	67.44141	1	0.995216	0.993214	0.994916	0.996131	0.997918	0.998856	0.999147	0.996197	0.998604
44320	-1557.646	-1625.087	67.44141	1	0.995216	0.993214	0.994916	0.996131	0.997918	0.998856	0.999147	0.996197	0.998604
44330	-1557.858	-1625.3	67.44141	1	0.995216	0.993214	0.994916	0.996131	0.997918	0.998856	0.999147	0.996197	0.998604
44340	-1559.187	-1626.629	67.44141	1	0.995216	0.993214	0.994916	0.996131	0.997918	0.998856	0.999147	0.996197	0.998604
44350	-1557.809	-1625.251	67.44141	1	0.995216	0.993214	0.994916	0.996131	0.997918	0.998856	0.999147	0.996197	0.998604
44360	-1558.141	-1625.583	67.44141	1	0.995216	0.993214	0.994916	0.996131	0.997918	0.998856	0.999147	0.996197	0.998604
44370	-1557.714	-1625.156	67.44141	1	0.995216	0.993214	0.994916	0.996131	0.997918	0.998856	0.999147	0.996197	0.998604
44380	-1558.463	-1625.905	67.44141	1	0.995216	0.993214	0.994916	0.996131	0.997918	0.998856	0.999147	0.996197	0.998604
44390	-1561.262	-1628.704	67.44141	1	0.995216	0.993214	0.994916	0.996131	0.997918	0.998856	0.999147	0.996197	0.998604
44400	-1558.062	-1625.504	67.44141	1	0.995216	0.993214	0.994916	0.996131	0.997918	0.998856	0.999147	0.996197	0.998604
44410	-1557.631	-1625.072	67.44141	1	0.995216	0.993214	0.994916	0.996131	0.997918	0.998856	0.999147	0.996197	0.998604
44420	-1557.791	-1625.232	67.44141	1	0.995216	0.993214	0.994916	0.996131	0.997918	0.998856	0.999147	0.996197	0.998604
44430	-1557.688	-1625.13	67.44141	1	0.995216	0.993214	0.994916	0.996131	0.997918	0.998856	0.999147	0.996197	0.998604
44440	-1558.368	-1625.809	67.44141	1	0.995216	0.993214	0.994916	0.996131	0.997918	0.998856	0.999147	0.996197	0.998604
44450	-1558.035	-1625.476	67.44141	1	0.995216	0.993214	0.994916	0.996131	0.997918	0.998856	0.999147	0.996197	0.998604
44460	-1557.7	-1625.141	67.44141	1	0.995216	0.993214	0.994916	0.996131	0.997918	0.998856	0.999147	0.996197	0.998604
44470	-1557.626	-1625.067	67.44141	1	0.995216	0.993214	0.994916	0.996131	0.997918	0.998856	0.999147	0.996197	0.998604
44480	-1557.752	-1625.193	67.44141	1	0.995216	0.993214	0.994916	0.996131	0.997918	0.998856	0.999147	0.996197	0.998604
44490	-1558.271	-1625.712	67.44141	1	0.995216	0.993214	0.994916	0.996131	0.997918	0.998856	0.999147	0.996197	0.998604
44500	-1557.674	-1625.115	67.44141	1	0.995216	0.993214	0.994916	0.996131	0.997918	0.998856	0.999147	0.996197	0.998604
44510	-1557.641	-1625.083	67.44141	1	0.995216	0.993214	0.994916	0.996131	0.997918	0.998856	0.999147	0.996197	0.998604
44520	-1558.521	-1625.962	67.44141	1	0.995216	0.993214	0.994916	0.996131	0.997918	0.998856	0.999147	0.996197	0.998604
44530	-1557.639	-1625.081	67.44141	1	0.995216	0.993214	0.994916	0.996131	0.997918	0.998856	0.999147	0.996197	0.998604
44540	-1557.633	-1625.074	67.44141	1	0.995216	0.993214	0.994916	0.996131	0.997918	0.998856	0.999147	0.996197	0.998604
44550	-1557.783	-1625.224	67.44141	1	0.995216	0.993214	0.994916	0.996131	0.997918	0.998856	0.999147	0.996197	0.998604
44560	-1559.331	-1626.772	67.44141	1	0.995216	0.993214	0.994916	0.996131	0.997918	0.998856	0.999147	0.996197	0.998604
44570	-1557.95	-1625.391	67.44141	1	0.995216	0.993214	0.994916	0.996131	0.997918	0.998856	0.999147	0.996197	0.998604
44580	-1558.239	-1625.68	67.44141	1	0.995216	0.993214	0.994916	0.996131	0.997918	0.998856	0.999147	0.996197	0.998604
44590	-1557.748	-1625.189	67.44141	1	0.995216	0.993214	0.994916	0.996131	0.997918	0.998856	0.999147	0.996197	0.998604
44600	-1557.949	-1625.391	67.44141	1	0.995216	0.993214	0.994916	0.996131	0.997918	0.998856	0.999147	0.996197	0.998604
44610	-1557.672	-1625.114	67.44141	1	0.995216	0.993214	0.994916	0.996131	0.997918	0.998856	0.999147	0.996197	0.998604
44620	-1558.003	-1625.445	67.44141	1	0.995216	0.993214	0.994916	0.996131	0.997918	0.998856	0.999147	0.996197	0.998604
44630	-1558.114	-1625.555	67.44141	1	0.995216	0.993214	0.994916	0.996131	0.997918	0.998856	0.999147	0.996197	0.998604
44640	-1557.727	-1625.169	67.44141	1	0.995216	0.993214	0.994916	0.996131	0.997918	0.998856	0.999147	0.996197	0.998604
44650	-1558.02	-1625.461	67.44141	1	0.995216	0.993214	0.994916	0.996131	0.997918	0.998856	0.999147	0.996197	0.998604
44660	-1557.848	-1625.29	67.44141	1	0.995216	0.993214	0.994916	0.996131	0.997918	0.998856	0.999147	0.996197	0.998604
44670	-1558.148	-1625.59	67.44141	1	0.995216	0.993214	0.994916	0.996131	0.997918	0.998856	0.999147	0.996197	0.998604
44680	-1557.95	-1625.392	67.44141	1	0.995216	0.993214	0.994916	0.996131	0.997918	0.998856	0.999147	0.996197	0.998604
44690	-1558.727	-1626.169	67.44141	1	0.995216	0.993214	0.994916	0.996131	0.997918	0.998856	0.999147	0.996197	0.998604
44700	-1557.978	-1625.42	67.44141	1	0.995216	0.993214	0.994916	0.996131	0.997918	0.998856	0.999147	0.996197	0.998604
44710	-1558.438	-1625.88	67.44141	1	0.995216	0.993214	0.994916	0.996131	0.997918	0.998856	0.999147	0.996197	0.998604
44720	-1558.415	-1625.856	67.44141	1	0.995216	0.993214	0.994916	0.996131	0.997918	0.998856	0.999147	0.996197	0.998604
44730	-1557.974	-1625.415	67.44141	1	0.995216	0.993214	0.994916	0.996131	0.997918	0.998856	0.999147	0.996197	0.998604
44740	-1557.762	-1625.203	67.44141	1	0.995216	0.993214	0.994916	0.996131	0.997918	0.998856	0.999147	0.996197	0.998604
44750	-1558.123	-1625.564	67.44141	1	0.995216	0.993214	0.994916	0.996131	0.997918	0.998856	0.999147	0.996197	0.998604
44760	-1557.629	-1625.071	67.44141	1	0.995216	0.993214	0.994916	0.996131	0.997918	0.998856	0.999147	0.996197	0.998604
44770	-1557.669	-1625.11	67.44141	1	0.995216	0.993214	0.994916	0.996131	0.997918	0.998856	0.999147	0.996197	0.998604
44780	-1558.321	-1625.762	67.44141	1	0.995216	0.993214	0.994916	0.996131	0.997918	0.998856	0.999147	0.996197	0.998604
44790	-1558.799	-1626.24	67.44141	1	0.995216	0.993214	0.994916	0.996131	0.997918	0.998856	0.999147	0.996197	0.998604
44800	-1557.648	-1625.089	67.44141	1	0.995216	0.993214	0.994916	0.996131	0.997918	0.998856	0.999147	0.996197	0.998604
44810	-1557.644	-1625.086	67.44141	1	0.995216	0.993214	0.994916	0.996131	0.997918	0.998856	0.999147	0.996197	0.998604
44820	-1557.777	-1625.218	67.44141	1	0.995216	0.993214	0.994916	0.996131	0.997918	0.998856	0.999147	0.996197	0.998604
44830	-1557.633	-1625.075	67.44141	1	0.995216	0.993214	0.994916	0.996131	0.997918	0.998856	0.999147	0.996197	0.998604
44840	-1558.218	-1625.659	67.44141	1	0.995216	0.993214	0.994916	0.996131	0.997918	0.998856	0.999147	0.996197	0.998604
44850	-1557.632	-1625.074	67.44141	1	0.995216	0.993214	0.994916	0.996131	0.997918	0.998856	0.999147	0.996197	0.998604
44860	-1558.391	-1625.832	67.44141	1	0.995216	0.993214	0.994916	0.996131	0.997918	0.998856	0.999147	0.996197	0.998604
44870	-1557.639	-1625.08	67.44141	1	0.995216	0.993214	0.994916	0.996131	0.997918	0.998856	0.999147	0.996197	0.998604
44880	-1557.899	-1625.34	67.44141	1	0.995216	0.993214	0.994916	0.996131	0.997918	0.998856	0.999147	0.996197	0.998604
44890	-1557.761	-1625.202	67.44141	1	0.995216	0.993214	0.994916	0.996131	0.997918	0.998856	0.999147	0.996197	0.998604
44900	-1560.303	-1627.745	67.44141	1	0.995216	0.993214	0.994916	0.996131	0.997918	0.998856	0.999147	0.996197	0.998604
44910	-1557.845	-1625.286	67.44141	1	0.995216	0.993214	0.994916	0.996131	0.997918	0.998856	0.999147	0.996197	0.998604
44920	-1557.633	-1625.074	67.44141	1	0.995216	0.993214	0.994916	0.996131	0.997918	0.998856	0.999147	0.996197	0.998604
44930	-1557.626	-1625.068	67.44141	1	0.995216	0.993214	0.994916	0.996131	0.997918	0.998856	0.999147	0.996197	0.998604
44940	-1558.454	-1625.896	67.44141	1	0.995216	0.993214	0.994916	0.996131	0.997918	0.998856	0.999147	0.996197	0.998604
44950	-1557.775	-1625.216	67.44141	1	0.995216	0.993214	0.994916	0.996131	0.997918	0.998856	0.999147	0.996197	0.998604
44960	-1557.65	-1625.091	67.44141	1	0.995216	0.993214	0.994916	0.996131	0.997918	0.998856	0.999147	0.996197	0.998604
44970	-1557.634	-1625.075	67.44141	1	0.995216	0.993214	0.994916	0.996131	0.997918	0.998856	0.999147	0.996197	0.998604
44980	-1558.272	-1625.713	67.44141	1	0.995216	0.993214	0.994916	0.996131	0.997918	0.998856	0.999147	0.996197	0.998604
44990	-1557.778	-1625.22	67.44141	1	0.995216	0.993214	0.994916	0.996131	0.997918	0.998856	0.999147	0.996197	0.998604
45000	-1557.628	-1625.07	67.44141	1	0.995216	0.993214	0.994916	0.996131	0.997918	0.998856	0.999147	0.996197	0.998604
45010	-1557.811	-1625.253	67.44141	1	0.995216	0.993214	0.994916	0.996131	0.997918	0.998856	0.999147	0.996197	0.998604
45020	-1557.7	-1625.142	67.44141	1	0.995216	0.993214	0.994916	0.996131	0.997918	0.998856	0.999147	0.996197	0.998604
45030	-1557.872	-1625.313	67.44141	1	0.995216	0.993214	0.994916	0.996131	0.997918	0.998856	0.999147	0.996197	0.998604
45040	-1557.87	-1625.311	67.44141	1	0.995216	0.993214	0.994916	0.996131	0.997918	0.998856	0.999147	0.996197	0.998604
45050	-1557.628	-1625.069	67.44141	1	0.995216	0.993214	0.994916	0.996131	0.997918	0.998856	0.999147	0.996197	0.998604
45060	-1557.628	-1625.07	67.44141	1	0.995216	0.993214	0.994916	0.996131	0.997918	0.998856	0.999147	0.996197	0.998604
45070	-1558.208	-1625.649	67.44141	1	0.995216	0.993214	0.994916	0.996131	0.997918	0.998856	0.999147	0.996197	0.998604
45080	-1557.655	-1625.096	67.44141	1	0.995216	0.993214	0.994916	0.996131	0.997918	0.998856	0.999147	0.996197	0.998604
45090	-1558.102	-1625.544	67.44141	1	0.995216	0.993214	0.994916	0.996131	0.997918	0.998856	0.999147	0.996197	0.998604
45100	-1557.635	-1625.077	67.44141	1	0.995216	0.993214	0.994916	0.996131	0.997918	0.998856	0.999147	0.996197	0.998604
45110	-1557.681	-1625.123	67.44141	1	0.995216	0.993214	0.994916	0.996131	0.997918	0.998856	0.999147	0.996197	0.998604
45120	-1557.86	-1625.301	67.44141	1	0.995216	0.993214	0.994916	0.996131	0.997918	0.998856	0.999147	0.996197	0.998604
45130	-1558.285	-1625.726	67.44141	1	0.995216	0.993214	0.994916	0.996131	0.997918	0.998856	0.999147	0.996197	0.998604
45140	-1557.956	-1625.397	67.44141	1	0.995216	0.993214	0.994916	0.996131	0.997918	0.998856	0.999147	0.996197	0.998604
45150	-1557.849	-1625.29	67.44141	1	0.995216	0.993214	0.994916	0.996131	0.997918	0.998856	0.999147	0.996197	0.998604
45160	-1557.676	-1625.117	67.44141	1	0.995216	0.993214	0.994916	0.996131	0.997918	0.998856	0.999147	0.996197	0.998604
45170	-1558.201	-1625.642	67.44141	1	0.995216	0.993214	0.994916	0.996131	0.997918	0.998856	0.999147	0.996197	0.998604
45180	-1557.626	-1625.067	67.44141	1	0.995216	0.993214	0.994916	0.996131	0.997918	0.998856	0.999147	0.996197	0.998604
45190	-1558.48	-1625.921	67.44141	1	0.995216	0.993214	0.994916	0.996131	0.997918	0.998856	0.999147	0.996197	0.998604
45200	-1557.735	-1625.176	67.44141	1	0.995216	0.993214	0.994916	0.996131	0.997918	0.998856	0.999147	0.996197	0.998604
45210	-1559.703	-1627.145	67.44141	1	0.995216	0.993214	0.994916	0.996131	0.997918	0.998856	0.999147	0.996197	0.998604
45220	-1557.628	-1625.07	67.44141	1	0.995216	0.993214	0.994916	0.996131	0.997918	0.998856	0.999147	0.996197	0.998604
45230	-1559.529	-1626.97	67.44141	1	0.995216	0.993214	0.994916	0.996131	0.997918	0.998856	0.999147	0.996197	0.998604
45240	-1557.627	-1625.068	67.44141	1	0.995216	0.993214	0.994916	0.996131	0.997918	0.998856	0.999147	0.996197	0.998604
45250	-1558.651	-1626.093	67.44141	1	0.995216	0.993214	0.994916	0.996131	0.997918	0.998856	0.999147	0.996197	0.998604
45260	-1557.707	-1625.148	67.44141	1	0.995216	0.993214	0.994916	0.996131	0.997918	0.998856	0.999147	0.996197	0.998604
45270	-1558.184	-1625.625	67.44141	1	0.995216	0.993214	0.994916	0.996131	0.997918	0.998856	0.999147	0.996197	0.998604
45280	-1559.905	-1627.346	67.44141	1	0.995216	0.993214	0.994916	0.996131	0.997918	0.998856	0.999147	0.996197	0.998604
45290	-1557.734	-1625.175	67.44141	1	0.995216	0.993214	0.994916	0.996131	0.997918	0.998856	0.999147	0.996197	0.998604
45300	-1557.725	-1625.166	67.44141	1	0.995216	0.993214	0.994916	0.996131	0.997918	0.998856	0.999147	0.996197	0.998604
45310	-1557.818	-1625.26	67.44141	1	0.995216	0.993214	0.994916	0.996131	0.997918	0.998856	0.999147	0.996197	0.998604
45320	-1557.685	-1625.126	67.44141	1	0.995216	0.993214	0.994916	0.996131	0.997918	0.998856	0.999147	0.996197	0.998604
45330	-1557.824	-1625.265	67.44141	1	0.995216	0.993214	0.994916	0.996131	0.997918	0.998856	0.999147	0.996197	0.998604
45340	-1557.644	-1625.086	67.44141	1	0.995216	0.993214	0.994916	0.996131	0.997918	0.998856	0.999147	0.996197	0.998604
45350	-1557.672	-1625.114	67.44141	1	0.995216	0.993214	0.994916	0.996131	0.997918	0.998856	0.999147	0.996197	0.998604
45360	-1557.866	-1625.307	67.44141	1	0.995216	0.993214	0.994916	0.996131	0.997918	0.998856	0.999147	0.996197	0.998604
45370	-1558.638	-1626.079	67.44141	1	0.995216	0.993214	0.994916	0.996131	0.997918	0.998856	0.999147	0.996197	0.998604
45380	-1559.187	-1626.628	67.44141	1	0.995216	0.993214	0.994916	0.996131	0.997918	0.998856	0.999147	0.996197	0.998604
45390	-1558.687	-1626.128	67.44141	1	0.995216	0.993214	0.994916	0.996131	0.997918	0.998856	0.999147	0.996197	0.998604
45400	-1557.915	-1625.357	67.44141	1	0.995216	0.993214	0.994916	0.996131	0.997918	0.998856	0.999147	0.996197	0.998604
45410	-1557.629	-1625.071	67.44141	1	0.995216	0.993214	0.994916	0.996131	0.997918	0.998856	0.999147	0.996197	0.998604
45420	-1558.483	-1625.924	67.44141	1	0.995216	0.993214	0.994916	0.996131	0.997918	0.998856	0.999147	0.996197	0.998604
45430	-1558.04	-1625.481	67.44141	1	0.995216	0.993214	0.994916	0.996131	0.997918	0.998856	0.999147	0.996197	0.998604
45440	-1557.907	-1625.348	67.44141	1	0.995216	0.993214	0.994916	0.996131	0.997918	0.998856	0.999147	0.996197	0.998604
45450	-1558.321	-1625.763	67.44141	1	0.995216	0.993214	0.994916	0.996131	0.997918	0.998856	0.999147	0.996197	0.998604
45460	-1557.667	-1625.109	67.44141	1	0.995216	0.993214	0.994916	0.996131	0.997918	0.998856	0.999147	0.996197	0.998604
45470	-1557.628	-1625.07	67.44141	1	0.995216	0.993214	0.994916	0.996131	0.997918	0.998856	0.999147	0.996197	0.998604
45480	-1557.704	-1625.146	67.44141	1	0.995216	0.993214	0.994916	0.996131	0.997918	0.998856	0.999147	0.996197	0.998604
45490	-1559.384	-1626.826	67.44141	1	0.995216	0.993214	0.994916	0.996131	0.997918	0.998856	0.999147	0.996197	0.998604
45500	-1557.767	-1625.208	67.44141	1	0.995216	0.993214	0.994916	0.996131	0.997918	0.998856	0.999147	0.996197	0.998604
45510	-1557.768	-1625.209	67.44141	1	0.995216	0.993214	0.994916	0.996131	0.997918	0.998856	0.999147	0.996197	0.998604
45520	-1557.644	-1625.086	67.44141	1	0.995216	0.993214	0.994916	0.996131	0.997918	0.998856	0.999147	0.996197	0.998604
45530	-1557.626	-1625.068	67.44141	1	0.995216	0.993214	0.994916	0.996131	0.997918	0.998856	0.999147	0.996197	0.998604
45540	-1557.811	-1625.252	67.44141	1	0.995216	0.993214	0.994916	0.996131	0.997918	0.998856	0.999147	0.996197	0.998604
45550	-1559.276	-1626.718	67.44141	1	0.995216	0.993214	0.994916	0.996131	0.997918	0.998856	0.999147	0.996197	0.998604
45560	-1558.233	-1625.674	67.44141	1	0.995216	0.993214	0.994916	0.996131	0.997918	0.998856	0.999147	0.996197	0.998604
45570	-1558.099	-1625.54	67.44141	1	0.995216	0.993214	0.994916	0.996131	0.997918	0.998856	0.999147	0.996197	0.998604
45580	-1558.395	-1625.837	67.44141	1	0.995216	0.993214	0.994916	0.996131	0.997918	0.998856	0.999147	0.996197	0.998604
45590	-1557.76	-1625.201	67.44141	1	0.995216	0.993214	0.994916	0.996131	0.997918	0.998856	0.999147	0.996197	0.998604
45600	-1557.74	-1625.182	67.44141	1	0.995216	0.993214	0.994916	0.996131	0.997918	0.998856	0.999147	0.996197	0.998604
45610	-1557.926	-1625.367	67.44141	1	0.995216	0.993214	0.994916	0.996131	0.997918	0.998856	0.999147	0.996197	0.998604
45620	-1557.738	-1625.179	67.44141	1	0.995216	0.993214	0.994916	0.996131	0.997918	0.998856	0.999147	0.996197	0.998604
45630	-1557.656	-1625.098	67.44141	1	0.995216	0.993214	0.994916	0.996131	0.997918	0.998856	0.999147	0.996197	0.998604
45640	-1557.718	-1625.159	67.44141	1	0.995216	0.993214	0.994916	0.996131	0.997918	0.998856	0.999147	0.996197	0.998604
45650	-1557.681	-1625.122	67.44141	1	0.995216	0.993214	0.994916	0.996131	0.997918	0.998856	0.999147	0.996197	0.998604
45660	-1558.159	-1625.6	67.44141	1	0.995216	0.993214	0.994916	0.996131	0.997918	0.998856	0.999147	0.996197	0.998604
45670	-1558.671	-1626.112	67.44141	1	0.995216	0.993214	0.994916	0.996131	0.997918	0.998856	0.999147	0.996197	0.998604
45680	-1557.941	-1625.383	67.44141	1	0.995216	0.993214	0.994916	0.996131	0.997918	0.998856	0.999147	0.996197	0.998604
45690	-1558.063	-1625.504	67.44141	1	0.995216	0.993214	0.994916	0.996131	0.997918	0.998856	0.999147	0.996197	0.998604
45700	-1557.641	-1625.083	67.44141	1	0.995216	0.993214	0.994916	0.996131	0.997918	0.998856	0.999147	0.996197	0.998604
45710	-1558.083	-1625.524	67.44141	1	0.995216	0.993214	0.994916	0.996131	0.997918	0.998856	0.999147	0.996197	0.998604
45720	-1557.977	-1625.418	67.44141	1	0.995216	0.993214	0.994916	0.996131	0.997918	0.998856	0.999147	0.996197	0.998604
45730	-1558.365	-1625.806	67.44141	1	0.995216	0.993214	0.994916	0.996131	0.997918	0.998856	0.999147	0.996197	0.998604
45740	-1557.662	-1625.103	67.44141	1	0.995216	0.993214	0.994916	0.996131	0.997918	0.998856	0.999147	0.996197	0.998604
45750	-1558.412	-1625.854	67.44141	1	0.995216	0.993214	0.994916	0.996131	0.997918	0.998856	0.999147	0.996197	0.998604
45760	-1557.728	-1625.169	67.44141	1	0.995216	0.993214	0.994916	0.996131	0.997918	0.998856	0.999147	0.996197	0.998604
45770	-1557.702	-1625.143	67.44141	1	0.995216	0.993214	0.994916	0.996131	0.997918	0.998856	0.999147	0.996197	0.998604
45780	-1557.773	-1625.215	67.44141	1	0.995216	0.993214	0.994916	0.996131	0.997918	0.998856	0.999147	0.996197	0.998604
45790	-1557.755	-1625.196	67.44141	1	0.995216	0.993214	0.994916	0.996131	0.997918	0.998856	0.999147	0.996197	0.998604
45800	-1557.631	-1625.072	67.44141	1	0.995216	0.993214	0.994916	0.996131	0.997918	0.998856	0.999147	0.996197	0.998604
45810	-1557.631	-1625.073	67.44141	1	0.995216	0.993214	0.994916	0.996131	0.997918	0.998856	0.999147	0.996197	0.998604
45820	-1558.955	-1626.396	67.44141	1	0.995216	0.993214	0.994916	0.996131	0.997918	0.998856	0.999147	0.996197	0.998604
45830	-1557.627	-1625.068	67.44141	1	0.995216	0.993214	0.994916	0.996131	0.997918	0.998856	0.999147	0.996197	0.998604
45840	-1558.1	-1625.541	67.44141	1	0.995216	0.993214	0.994916	0.996131	0.997918	0.998856	0.999147	0.996197	0.998604
45850	-1559.519	-1626.96	67.44141	1	0.995216	0.993214	0.994916	0.996131	0.997918	0.998856	0.999147	0.996197	0.998604
45860	-1561.041	-1628.483	67.44141	1	0.995216	0.993214	0.994916	0.996131	0.997918	0.998856	0.999147	0.996197	0.998604
45870	-1557.923	-1625.365	67.44141	1	0.995216	0.993214	0.994916	0.996131	0.997918	0.998856	0.999147	0.996197	0.998604
45880	-1557.746	-1625.188	67.44141	1	0.995216	0.993214	0.994916	0.996131	0.997918	0.998856	0.999147	0.996197	0.998604
45890	-1557.819	-1625.261	67.44141	1	0.995216	0.993214	0.994916	0.996131	0.997918	0.998856	0.999147	0.996197	0.998604
45900	-1557.651	-1625.092	67.44141	1	0.995216	0.993214	0.994916	0.996131	0.997918	0.998856	0.999147	0.996197	0.998604
45910	-1559.482	-1626.923	67.44141	1	0.995216	0.993214	0.994916	0.996131	0.997918	0.998856	0.999147	0.996197	0.998604
45920	-1557.676	-1625.118	67.44141	1	0.995216	0.993214	0.994916	0.996131	0.997918	0.998856	0.999147	0.996197	0.998604
45930	-1557.708	-1625.149	67.44141	1	0.995216	0.993214	0.994916	0.996131	0.997918	0.998856	0.999147	0.996197	0.998604
45940	-1558.258	-1625.7	67.44141	1	0.995216	0.993214	0.994916	0.996131	0.997918	0.998856	0.999147	0.996197	0.998604
45950	-1557.628	-1625.069	67.44141	1	0.995216	0.993214	0.994916	0.996131	0.997918	0.998856	0.999147	0.996197	0.998604
45960	-1558.054	-1625.496	67.44141	1	0.995216	0.993214	0.994916	0.996131	0.997918	0.998856	0.999147	0.996197	0.998604
45970	-1557.867	-1625.308	67.44141	1	0.995216	0.993214	0.994916	0.996131	0.997918	0.998856	0.999147	0.996197	0.998604
45980	-1557.653	-1625.095	67.44141	1	0.995216	0.993214	0.994916	0.996131	0.997918	0.998856	0.999147	0.996197	0.998604
45990	-1557.787	-1625.228	67.44141	1	0.995216	0.993214	0.994916	0.996131	0.997918	0.998856	0.999147	0.996197	0.998604
46000	-1558.102	-1625.543	67.44141	1	0.995216	0.993214	0.994916	0.996131	0.997918	0.998856	0.999147	0.996197	0.998604
46010	-1557.81	-1625.252	67.44141	1	0.995216	0.993214	0.994916	0.996131	0.997918	0.998856	0.999147	0.996197	0.998604
46020	-1557.627	-1625.068	67.44141	1	0.995216	0.993214	0.994916	0.996131	0.997918	0.998856	0.999147	0.996197	0.998604
46030	-1557.663	-1625.104	67.44141	1	0.995216	0.993214	0.994916	0.996131	0.997918	0.998856	0.999147	0.996197	0.998604
46040	-1559.558	-1627	67.44141	1	0.995216	0.993214	0.994916	0.996131	0.997918	0.998856	0.999147	0.996197	0.998604
46050	-1557.792	-1625.234	67.44141	1	0.995216	0.993214	0.994916	0.996131	0.997918	0.998856	0.999147	0.996197	0.998604
46060	-1557.981	-1625.422	67.44141	1	0.995216	0.993214	0.994916	0.996131	0.997918	0.998856	0.999147	0.996197	0.998604
46070	-1557.626	-1625.067	67.44141	1	0.995216	0.993214	0.994916	0.996131	0.997918	0.998856	0.999147	0.996197	0.998604
46080	-1557.874	-1625.315	67.44141	1	0.995216	0.993214	0.994916	0.996131	0.997918	0.998856	0.999147	0.996197	0.998604
46090	-1557.725	-1625.166	67.44141	1	0.995216	0.993214	0.994916	0.996131	0.997918	0.998856	0.999147	0.996197	0.998604
46100	-1558.202	-1625.644	67.44141	1	0.995216	0.993214	0.994916	0.996131	0.997918	0.998856	0.999147	0.996197	0.998604
46110	-1557.638	-1625.079	67.44141	1	0.995216	0.993214	0.994916	0.996131	0.997918	0.998856	0.999147	0.996197	0.998604
46120	-1558.057	-1625.498	67.44141	1	0.995216	0.993214	0.994916	0.996131	0.997918	0.998856	0.999147	0.996197	0.998604
46130	-1557.689	-1625.131	67.44141	1	0.995216	0.993214	0.994916	0.996131	0.997918	0.998856	0.999147	0.996197	0.998604
46140	-1557.629	-1625.07	67.44141	1	0.995216	0.993214	0.994916	0.996131	0.997918	0.998856	0.999147	0.996197	0.998604
46150	-1557.974	-1625.415	67.44141	1	0.995216	0.993214	0.994916	0.996131	0.997918	0.998856	0.999147	0.996197	0.998604
46160	-1559.849	-1627.29	67.44141	1	0.995216	0.993214	0.994916	0.996131	0.997918	0.998856	0.999147	0.996197	0.998604
46170	-1557.717	-1625.159	67.44141	1	0.995216	0.993214	0.994916	0.996131	0.997918	0.998856	0.999147	0.996197	0.998604
46180	-1558.146	-1625.587	67.44141	1	0.995216	0.993214	0.994916	0.996131	0.997918	0.998856	0.999147	0.996197	0.998604
46190	-1558.852	-1626.294	67.44141	1	0.995216	0.993214	0.994916	0.996131	0.997918	0.998856	0.999147	0.996197	0.998604
46200	-1558.945	-1626.386	67.44141	1	0.995216	0.993214	0.994916	0.996131	0.997918	0.998856	0.999147	0.996197	0.998604
46210	-1557.628	-1625.069	67.44141	1	0.995216	0.993214	0.994916	0.996131	0.997918	0.998856	0.999147	0.996197	0.998604
46220	-1557.923	-1625.364	67.44141	1	0.995216	0.993214	0.994916	0.996131	0.997918	0.998856	0.999147	0.996197	0.998604
46230	-1558.572	-1626.013	67.44141	1	0.995216	0.993214	0.994916	0.996131	0.997918	0.998856	0.999147	0.996197	0.998604
46240	-1558.435	-1625.877	67.44141	1	0.995216	0.993214	0.994916	0.996131	0.997918	0.998856	0.999147	0.996197	0.998604
46250	-1557.626	-1625.067	67.44141	1	0.995216	0.993214	0.994916	0.996131	0.997918	0.998856	0.999147	0.996197	0.998604
46260	-1559.377	-1626.818	67.44141	1	0.995216	0.993214	0.994916	0.996131	0.997918	0.998856	0.999147	0.996197	0.998604
46270	-1557.724	-1625.165	67.44141	1	0.995216	0.993214	0.994916	0.996131	0.997918	0.998856	0.999147	0.996197	0.998604
46280	-1557.768	-1625.209	67.44141	1	0.995216	0.993214	0.994916	0.996131	0.997918	0.998856	0.999147	0.996197	0.998604
46290	-1560.334	-1627.775	67.44141	1	0.995216	0.993214	0.994916	0.996131	0.997918	0.998856	0.999147	0.996197	0.998604
46300	-1558.076	-1625.518	67.44141	1	0.995216	0.993214	0.994916	0.996131	0.997918	0.998856	0.999147	0.996197	0.998604
46310	-1557.666	-1625.107	67.44141	1	0.995216	0.993214	0.994916	0.996131	0.997918	0.998856	0.999147	0.996197	0.998604
46320	-1557.729	-1625.17	67.44141	1	0.995216	0.993214	0.994916	0.996131	0.997918	0.998856	0.999147	0.996197	0.998604
46330	-1558.472	-1625.913	67.44141	1	0.995216	0.993214	0.994916	0.996131	0.997918	0.998856	0.999147	0.996197	0.998604
46340	-1557.629	-1625.071	67.44141	1	0.995216	0.993214	0.994916	0.996131	0.997918	0.998856	0.999147	0.996197	0.998604
46350	-1559.854	-1627.295	67.44141	1	0.995216	0.993214	0.994916	0.996131	0.997918	0.998856	0.999147	0.996197	0.998604
46360	-1557.695	-1625.136	67.44141	1	0.995216	0.993214	0.994916	0.996131	0.997918	0.998856	0.999147	0.996197	0.998604
46370	-1558.543	-1625.984	67.44141	1	0.995216	0.993214	0.994916	0.996131	0.997918	0.998856	0.999147	0.996197	0.998604
46380	-1558.605	-1626.046	67.44141	1	0.995216	0.993214	0.994916	0.996131	0.997918	0.998856	0.999147	0.996197	0.998604
46390	-1559.571	-1627.012	67.44141	1	0.995216	0.993214	0.994916	0.996131	0.997918	0.998856	0.999147	0.996197	0.998604
46400	-1557.892	-1625.333	67.44141	1	0.995216	0.993214	0.994916	0.996131	0.997918	0.998856	0.999147	0.996197	0.998604
46410	-1557.711	-1625.152	67.44141	1	0.995216	0.993214	0.994916	0.996131	0.997918	0.998856	0.999147	0.996197	0.998604
46420	-1557.67	-1625.112	67.44141	1	0.995216	0.993214	0.994916	0.996131	0.997918	0.998856	0.999147	0.996197	0.998604
46430	-1557.634	-1625.075	67.44141	1	0.995216	0.993214	0.994916	0.996131	0.997918	0.998856	0.999147	0.996197	0.998604
46440	-1557.965	-1625.406	67.44141	1	0.995216	0.993214	0.994916	0.996131	0.997918	0.998856	0.999147	0.996197	0.998604
46450	-1557.685	-1625.126	67.44141	1	0.995216	0.993214	0.994916	0.996131	0.997918	0.998856	0.999147	0.996197	0.998604
46460	-1558.195	-1625.636	67.44141	1	0.995216	0.993214	0.994916	0.996131	0.997918	0.998856	0.999147	0.996197	0.998604
46470	-1558.063	-1625.504	67.44141	1	0.995216	0.993214	0.994916	0.996131	0.997918	0.998856	0.999147	0.996197	0.998604
46480	-1557.661	-1625.102	67.44141	1	0.995216	0.993214	0.994916	0.996131	0.997918	0.998856	0.999147	0.996197	0.998604
46490	-1557.635	-1625.076	67.44141	1	0.995216	0.993214	0.994916	0.996131	0.997918	0.998856	0.999147	0.996197	0.998604
46500	-1557.699	-1625.14	67.44141	1	0.995216	0.993214	0.994916	0.996131	0.997918	0.998856	0.999147	0.996197	0.998604
46510	-1557.646	-1625.087	67.44141	1	0.995216	0.993214	0.994916	0.996131	0.997918	0.998856	0.999147	0.996197	0.998604
46520	-1557.626	-1625.068	67.44141	1	0.995216	0.993214	0.994916	0.996131	0.997918	0.998856	0.999147	0.996197	0.998604
46530	-1558.157	-1625.598	67.44141	1	0.995216	0.993214	0.994916	0.996131	0.997918	0.998856	0.999147	0.996197	0.998604
46540	-1557.786	-1625.227	67.44141	1	0.995216	0.993214	0.994916	0.996131	0.997918	0.998856	0.999147	0.996197	0.998604
46550	-1558.038	-1625.479	67.44141	1	0.995216	0.993214	0.994916	0.996131	0.997918	0.998856	0.999147	0.996197	0.998604
46560	-1557.683	-1625.124	67.44141	1	0.995216	0.993214	0.994916	0.996131	0.997918	0.998856	0.999147	0.996197	0.998604
46570	-1557.695	-1625.137	67.44141	1	0.995216	0.993214	0.994916	0.996131	0.997918	0.998856	0.999147	0.996197	0.998604
46580	-1560.028	-1627.47	67.44141	1	0.995216	0.993214	0.994916	0.996131	0.997918	0.998856	0.999147	0.996197	0.998604
46590	-1557.813	-1625.255	67.44141	1	0.995216	0.993214	0.994916	0.996131	0.997918	0.998856	0.999147	0.996197	0.998604
46600	-1557.858	-1625.3	67.44141	1	0.995216	0.993214	0.994916	0.996131	0.997918	0.998856	0.999147	0.996197	0.998604
46610	-1558.127	-1625.568	67.44141	1	0.995216	0.993214	0.994916	0.996131	0.997918	0.998856	0.999147	0.996197	0.998604
46620	-1557.649	-1625.091	67.44141	1	0.995216	0.993214	0.994916	0.996131	0.997918	0.998856	0.999147	0.996197	0.998604
46630	-1562.921	-1630.363	67.44141	1	0.995216	0.993214	0.994916	0.996131	0.997918	0.998856	0.999147	0.996197	0.998604
46640	-1557.968	-1625.409	67.44141	1	0.995216	0.993214	0.994916	0.996131	0.997918	0.998856	0.999147	0.996197	0.998604
46650	-1559.362	-1626.803	67.44141	1	0.995216	0.993214	0.994916	0.996131	0.997918	0.998856	0.999147	0.996197	0.998604
46660	-1557.635	-1625.077	67.44141	1	0.995216	0.993214	0.994916	0.996131	0.997918	0.998856	0.999147	0.996197	0.998604
46670	-1558.209	-1625.651	67.44141	1	0.995216	0.993214	0.994916	0.996131	0.997918	0.998856	0.999147	0.996197	0.998604
46680	-1557.968	-1625.41	67.44141	1	0.995216	0.993214	0.994916	0.996131	0.997918	0.998856	0.999147	0.996197	0.998604
46690	-1557.626	-1625.067	67.44141	1	0.995216	0.993214	0.994916	0.996131	0.997918	0.998856	0.999147	0.996197	0.998604
46700	-1557.883	-1625.324	67.44141	1	0.995216	0.993214	0.994916	0.996131	0.997918	0.998856	0.999147	0.996197	0.998604
46710	-1557.895	-1625.336	67.44141	1	0.995216	0.993214	0.994916	0.996131	0.997918	0.998856	0.999147	0.996197	0.998604
46720	-1557.746	-1625.187	67.44141	1	0.995216	0.993214	0.994916	0.996131	0.997918	0.998856	0.999147	0.996197	0.998604
46730	-1557.77	-1625.212	67.44141	1	0.995216	0.993214	0.994916	0.996131	0.997918	0.998856	0.999147	0.996197	0.998604
46740	-1558.197	-1625.639	67.44141	1	0.995216	0.993214	0.994916	0.996131	0.997918	0.998856	0.999147	0.996197	0.998604
46750	-1559.041	-1626.482	67.44141	1	0.995216	0.993214	0.994916	0.996131	0.997918	0.998856	0.999147	0.996197	0.998604
46760	-1557.713	-1625.155	67.44141	1	0.995216	0.993214	0.994916	0.996131	0.997918	0.998856	0.999147	0.996197	0.998604
46770	-1557.662	-1625.104	67.44141	1	0.995216	0.993214	0.994916	0.996131	0.997918	0.998856	0.999147	0.996197	0.998604
46780	-1557.643	-1625.084	67.44141	1	0.995216	0.993214	0.994916	0.996131	0.997918	0.998856	0.999147	0.996197	0.998604
46790	-1557.638	-1625.08	67.44141	1	0.995216	0.993214	0.994916	0.996131	0.997918	0.998856	0.999147	0.996197	0.998604
46800	-1559.131	-1626.572	67.44141	1	0.995216	0.993214	0.994916	0.996131	0.997918	0.998856	0.999147	0.996197	0.998604
46810	-1558.718	-1626.159	67.44141	1	0.995216	0.993214	0.994916	0.996131	0.997918	0.998856	0.999147	0.996197	0.998604
46820	-1558.563	-1626.005	67.44141	1	0.995216	0.993214	0.994916	0.996131	0.997918	0.998856	0.999147	0.996197	0.998604
46830	-1558.034	-1625.475	67.44141	1	0.995216	0.993214	0.994916	0.996131	0.997918	0.998856	0.999147	0.996197	0.998604
46840	-1557.678	-1625.119	67.44141	1	0.995216	0.993214	0.994916	0.996131	0.997918	0.998856	0.999147	0.996197	0.998604
46850	-1557.638	-1625.08	67.44141	1	0.995216	0.993214	0.994916	0.996131	0.997918	0.998856	0.999147	0.996197	0.998604
46860	-1558.715	-1626.156	67.44141	1	0.995216	0.993214	0.994916	0.996131	0.997918	0.998856	0.999147	0.996197	0.998604
46870	-1557.972	-1625.413	67.44141	1	0.995216	0.993214	0.994916	0.996131	0.997918	0.998856	0.999147	0.996197	0.998604
46880	-1557.655	-1625.096	67.44141	1	0.995216	0.993214	0.994916	0.996131	0.997918	0.998856	0.999147	0.996197	0.998604
46890	-1557.996	-1625.437	67.44141	1	0.995216	0.993214	0.994916	0.996131	0.997918	0.998856	0.999147	0.996197	0.998604
46900	-1558.824	-1626.265	67.44141	1	0.995216	0.993214	0.994916	0.996131	0.997918	0.998856	0.999147	0.996197	0.998604
46910	-1557.752	-1625.194	67.44141	1	0.995216	0.993214	0.994916	0.996131	0.997918	0.998856	0.999147	0.996197	0.998604
46920	-1558.013	-1625.454	67.44141	1	0.995216	0.993214	0.994916	0.996131	0.997918	0.998856	0.999147	0.996197	0.998604
46930	-1557.737	-1625.178	67.44141	1	0.995216	0.993214	0.994916	0.996131	0.997918	0.998856	0.999147	0.996197	0.998604
46940	-1561.56	-1629.001	67.44141	1	0.995216	0.993214	0.994916	0.996131	0.997918	0.998856	0.999147	0.996197	0.998604
46950	-1558.103	-1625.544	67.44141	1	0.995216	0.993214	0.994916	0.996131	0.997918	0.998856	0.999147	0.996197	0.998604
46960	-1558.676	-1626.118	67.44141	1	0.995216	0.993214	0.994916	0.996131	0.997918	0.998856	0.999147	0.996197	0.998604
46970	-1557.626	-1625.068	67.44141	1	0.995216	0.993214	0.994916	0.996131	0.997918	0.998856	0.999147	0.996197	0.998604
46980	-1557.654	-1625.095	67.44141	1	0.995216	0.993214	0.994916	0.996131	0.997918	0.998856	0.999147	0.996197	0.998604
46990	-1557.873	-1625.314	67.44141	1	0.995216	0.993214	0.994916	0.996131	0.997918	0.998856	0.999147	0.996197	0.998604
47000	-1558.175	-1625.616	67.44141	1	0.995216	0.993214	0.994916	0.996131	0.997918	0.998856	0.999147	0.996197	0.998604
47010	-1557.626	-1625.067	67.44141	1	0.995216	0.993214	0.994916	0.996131	0.997918	0.998856	0.999147	0.996197	0.998604
47020	-1557.676	-1625.117	67.44141	1	0.995216	0.993214	0.994916	0.996131	0.997918	0.998856	0.999147	0.996197	0.998604
47030	-1557.635	-1625.076	67.44141	1	0.995216	0.993214	0.994916	0.996131	0.997918	0.998856	0.999147	0.996197	0.998604
47040	-1557.626	-1625.068	67.44141	1	0.995216	0.993214	0.994916	0.996131	0.997918	0.998856	0.999147	0.996197	0.998604
47050	-1557.781	-1625.223	67.44141	1	0.995216	0.993214	0.994916	0.996131	0.997918	0.998856	0.999147	0.996197	0.998604
47060	-1557.631	-1625.072	67.44141	1	0.995216	0.993214	0.994916	0.996131	0.997918	0.998856	0.999147	0.996197	0.998604
47070	-1557.863	-1625.304	67.44141	1	0.995216	0.993214	0.994916	0.996131	0.997918	0.998856	0.999147	0.996197	0.998604
47080	-1558.878	-1626.32	67.44141	1	0.995216	0.993214	0.994916	0.996131	0.997918	0.998856	0.999147	0.996197	0.998604
47090	-1557.791	-1625.232	67.44141	1	0.995216	0.993214	0.994916	0.996131	0.997918	0.998856	0.999147	0.996197	0.998604
47100	-1558.763	-1626.205	67.44141	1	0.995216	0.993214	0.994916	0.996131	0.997918	0.998856	0.999147	0.996197	0.998604
47110	-1557.905	-1625.347	67.44141	1	0.995216	0.993214	0.994916	0.996131	0.997918	0.998856	0.999147	0.996197	0.998604
47120	-1558.655	-1626.096	67.44141	1	0.995216	0.993214	0.994916	0.996131	0.997918	0.998856	0.999147	0.996197	0.998604
47130	-1557.65	-1625.092	67.44141	1	0.995216	0.993214	0.994916	0.996131	0.997918	0.998856	0.999147	0.996197	0.998604
47140	-1559.637	-1627.078	67.44141	1	0.995216	0.993214	0.994916	0.996131	0.997918	0.998856	0.999147	0.996197	0.998604
47150	-1557.986	-1625.427	67.44141	1	0.995216	0.993214	0.994916	0.996131	0.997918	0.998856	0.999147	0.996197	0.998604
47160	-1558.209	-1625.651	67.44141	1	0.995216	0.993214	0.994916	0.996131	0.997918	0.998856	0.999147	0.996197	0.998604
47170	-1558.126	-1625.567	67.44141	1	0.995216	0.993214	0.994916	0.996131	0.997918	0.998856	0.999147	0.996197	0.998604
47180	-1557.695	-1625.137	67.44141	1	0.995216	0.993214	0.994916	0.996131	0.997918	0.998856	0.999147	0.996197	0.998604
47190	-1557.802	-1625.244	67.44141	1	0.995216	0.993214	0.994916	0.996131	0.997918	0.998856	0.999147	0.996197	0.998604
47200	-1560.019	-1627.46	67.44141	1	0.995216	0.993214	0.994916	0.996131	0.997918	0.998856	0.999147	0.996197	0.998604
47210	-1557.655	-1625.097	67.44141	1	0.995216	0.993214	0.994916	0.996131	0.997918	0.998856	0.999147	0.996197	0.998604
47220	-1559.321	-1626.763	67.44141	1	0.995216	0.993214	0.994916	0.996131	0.997918	0.998856	0.999147	0.996197	0.998604
47230	-1557.626	-1625.068	67.44141	1	0.995216	0.993214	0.994916	0.996131	0.997918	0.998856	0.999147	0.996197	0.998604
47240	-1558.007	-1625.448	67.44141	1	0.995216	0.993214	0.994916	0.996131	0.997918	0.998856	0.999147	0.996197	0.998604
47250	-1558.24	-1625.682	67.44141	1	0.995216	0.993214	0.994916	0.996131	0.997918	0.998856	0.999147	0.996197	0.998604
47260	-1557.671	-1625.112	67.44141	1	0.995216	0.993214	0.994916	0.996131	0.997918	0.998856	0.999147	0.996197	0.998604
47270	-1557.727	-1625.168	67.44141	1	0.995216	0.993214	0.994916	0.996131	0.997918	0.998856	0.999147	0.996197	0.998604
47280	-1557.743	-1625.184	67.44141	1	0.995216	0.993214	0.994916	0.996131	0.997918	0.998856	0.999147	0.996197	0.998604
47290	-1558.027	-1625.468	67.44141	1	0.995216	0.993214	0.994916	0.996131	0.997918	0.998856	0.999147	0.996197	0.998604
47300	-1557.715	-1625.156	67.44141	1	0.995216	0.993214	0.994916	0.996131	0.997918	0.998856	0.999147	0.996197	0.998604
47310	-1560.376	-1627.818	67.44141	1	0.995216	0.993214	0.994916	0.996131	0.997918	0.998856	0.999147	0.996197	0.998604
47320	-1558.837	-1626.279	67.44141	1	0.995216	0.993214	0.994916	0.996131	0.997918	0.998856	0.999147	0.996197	0.998604
47330	-1558.885	-1626.327	67.44141	1	0.995216	0.993214	0.994916	0.996131	0.997918	0.998856	0.999147	0.996197	0.998604
47340	-1557.68	-1625.121	67.44141	1	0.995216	0.993214	0.994916	0.996131	0.997918	0.998856	0.999147	0.996197	0.998604
47350	-1559.25	-1626.692	67.44141	1	0.995216	0.993214	0.994916	0.996131	0.997918	0.998856	0.999147	0.996197	0.998604
47360	-1557.637	-1625.078	67.44141	1	0.995216	0.993214	0.994916	0.996131	0.997918	0.998856	0.999147	0.996197	0.998604
47370	-1557.682	-1625.124	67.44141	1	0.995216	0.993214	0.994916	0.996131	0.997918	0.998856	0.999147	0.996197	0.998604
47380	-1557.823	-1625.264	67.44141	1	0.995216	0.993214	0.994916	0.996131	0.997918	0.998856	0.999147	0.996197	0.998604
47390	-1557.677	-1625.118	67.44141	1	0.995216	0.993214	0.994916	0.996131	0.997918	0.998856	0.999147	0.996197	0.998604
47400	-1557.628	-1625.069	67.44141	1	0.995216	0.993214	0.994916	0.996131	0.997918	0.998856	0.999147	0.996197	0.998604
47410	-1558.092	-1625.533	67.44141	1	0.995216	0.993214	0.994916	0.996131	0.997918	0.998856	0.999147	0.996197	0.998604
47420	-1557.648	-1625.09	67.44141	1	0.995216	0.993214	0.994916	0.996131	0.997918	0.998856	0.999147	0.996197	0.998604
47430	-1557.901	-1625.342	67.44141	1	0.995216	0.993214	0.994916	0.996131	0.997918	0.998856	0.999147	0.996197	0.998604
47440	-1558.718	-1626.16	67.44141	1	0.995216	0.993214	0.994916	0.996131	0.997918	0.998856	0.999147	0.996197	0.998604
47450	-1557.751	-1625.192	67.44141	1	0.995216	0.993214	0.994916	0.996131	0.997918	0.998856	0.999147	0.996197	0.998604
47460	-1558.475	-1625.916	67.44141	1	0.995216	0.993214	0.994916	0.996131	0.997918	0.998856	0.999147	0.996197	0.998604
47470	-1557.737	-1625.178	67.44141	1	0.995216	0.993214	0.994916	0.996131	0.997918	0.998856	0.999147	0.996197	0.998604
47480	-1557.682	-1625.124	67.44141	1	0.995216	0.993214	0.994916	0.996131	0.997918	0.998856	0.999147	0.996197	0.998604
47490	-1557.629	-1625.071	67.44141	1	0.995216	0.993214	0.994916	0.996131	0.997918	0.998856	0.999147	0.996197	0.998604
47500	-1557.896	-1625.337	67.44141	1	0.995216	0.993214	0.994916	0.996131	0.997918	0.998856	0.999147	0.996197	0.998604
47510	-1557.664	-1625.106	67.44141	1	0.995216	0.993214	0.994916	0.996131	0.997918	0.998856	0.999147	0.996197	0.998604
47520	-1557.693	-1625.135	67.44141	1	0.995216	0.993214	0.994916	0.996131	0.997918	0.998856	0.999147	0.996197	0.998604
47530	-1557.636	-1625.077	67.44141	1	0.995216	0.993214	0.994916	0.996131	0.997918	0.998856	0.999147	0.996197	0.998604
47540	-1557.953	-1625.394	67.44141	1	0.995216	0.993214	0.994916	0.996131	0.997918	0.998856	0.999147	0.996197	0.998604
47550	-1557.733	-1625.174	67.44141	1	0.995216	0.993214	0.994916	0.996131	0.997918	0.998856	0.999147	0.996197	0.998604
47560	-1558.22	-1625.662	67.44141	1	0.995216	0.993214	0.994916	0.996131	0.997918	0.998856	0.999147	0.996197	0.998604
47570	-1557.626	-1625.068	67.44141	1	0.995216	0.993214	0.994916	0.996131	0.997918	0.998856	0.999147	0.996197	0.998604
47580	-1558.355	-1625.796	67.44141	1	0.995216	0.993214	0.994916	0.996131	0.997918	0.998856	0.999147	0.996197	0.998604
47590	-1557.804	-1625.246	67.44141	1	0.995216	0.993214	0.994916	0.996131	0.997918	0.998856	0.999147	0.996197	0.998604
47600	-1557.633	-1625.074	67.44141	1	0.995216	0.993214	0.994916	0.996131	0.997918	0.998856	0.999147	0.996197	0.998604
47610	-1557.719	-1625.16	67.44141	1	0.995216	0.993214	0.994916	0.996131	0.997918	0.998856	0.999147	0.996197	0.998604
47620	-1558.412	-1625.853	67.44141	1	0.995216	0.993214	0.994916	0.996131	0.997918	0.998856	0.999147	0.996197	0.998604
47630	-1558.755	-1626.196	67.44141	1	0.995216	0.993214	0.994916	0.996131	0.997918	0.998856	0.999147	0.996197	0.998604
47640	-1557.629	-1625.071	67.44141	1	0.995216	0.993214	0.994916	0.996131	0.997918	0.998856	0.999147	0.996197	0.998604
47650	-1558.267	-1625.709	67.44141	1	0.995216	0.993214	0.994916	0.996131	0.997918	0.998856	0.999147	0.996197	0.998604
47660	-1557.745	-1625.186	67.44141	1	0.995216	0.993214	0.994916	0.996131	0.997918	0.998856	0.999147	0.996197	0.998604
47670	-1557.814	-1625.256	67.44141	1	0.995216	0.993214	0.994916	0.996131	0.997918	0.998856	0.999147	0.996197	0.998604
47680	-1558.562	-1626.003	67.44141	1	0.995216	0.993214	0.994916	0.996131	0.997918	0.998856	0.999147	0.996197	0.998604
47690	-1557.936	-1625.377	67.44141	1	0.995216	0.993214	0.994916	0.996131	0.997918	0.998856	0.999147	0.996197	0.998604
47700	-1558.021	-1625.462	67.44141	1	0.995216	0.993214	0.994916	0.996131	0.997918	0.998856	0.999147	0.996197	0.998604
47710	-1558.288	-1625.729	67.44141	1	0.995216	0.993214	0.994916	0.996131	0.997918	0.998856	0.999147	0.996197	0.998604
47720	-1557.633	-1625.074	67.44141	1	0.995216	0.993214	0.994916	0.996131	0.997918	0.998856	0.999147	0.996197	0.998604
47730	-1557.884	-1625.325	67.44141	1	0.995216	0.993214	0.994916	0.996131	0.997918	0.998856	0.999147	0.996197	0.998604
47740	-1558.406	-1625.848	67.44141	1	0.995216	0.993214	0.994916	0.996131	0.997918	0.998856	0.999147	0.996197	0.998604
47750	-1557.865	-1625.307	67.44141	1	0.995216	0.993214	0.994916	0.996131	0.997918	0.998856	0.999147	0.996197	0.998604
47760	-1557.84	-1625.281	67.44141	1	0.995216	0.993214	0.994916	0.996131	0.997918	0.998856	0.999147	0.996197	0.998604
47770	-1559.535	-1626.976	67.44141	1	0.995216	0.993214	0.994916	0.996131	0.997918	0.998856	0.999147	0.996197	0.998604
47780	-1557.69	-1625.132	67.44141	1	0.995216	0.993214	0.994916	0.996131	0.997918	0.998856	0.999147	0.996197	0.998604
47790	-1558.667	-1626.108	67.44141	1	0.995216	0.993214	0.994916	0.996131	0.997918	0.998856	0.999147	0.996197	0.998604
47800	-1559.134	-1626.576	67.44141	1	0.995216	0.993214	0.994916	0.996131	0.997918	0.998856	0.999147	0.996197	0.998604
47810	-1557.914	-1625.356	67.44141	1	0.995216	0.993214	0.994916	0.996131	0.997918	0.998856	0.999147	0.996197	0.998604
47820	-1557.636	-1625.077	67.44141	1	0.995216	0.993214	0.994916	0.996131	0.997918	0.998856	0.999147	0.996197	0.998604
47830	-1558.093	-1625.534	67.44141	1	0.995216	0.993214	0.994916	0.996131	0.997918	0.998856	0.999147	0.996197	0.998604
47840	-1557.643	-1625.085	67.44141	1	0.995216	0.993214	0.994916	0.996131	0.997918	0.998856	0.999147	0.996197	0.998604
47850	-1557.903	-1625.344	67.44141	1	0.995216	0.993214	0.994916	0.996131	0.997918	0.998856	0.999147	0.996197	0.998604
47860	-1557.748	-1625.189	67.44141	1	0.995216	0.993214	0.994916	0.996131	0.997918	0.998856	0.999147	0.996197	0.998604
47870	-1558.775	-1626.216	67.44141	1	0.995216	0.993214	0.994916	0.996131	0.997918	0.998856	0.999147	0.996197	0.998604
47880	-1557.85	-1625.291	67.44141	1	0.995216	0.993214	0.994916	0.996131	0.997918	0.998856	0.999147	0.996197	0.998604
47890	-1557.629	-1625.071	67.44141	1	0.995216	0.993214	0.994916	0.996131	0.997918	0.998856	0.999147	0.996197	0.998604
47900	-1558.165	-1625.606	67.44141	1	0.995216	0.993214	0.994916	0.996131	0.997918	0.998856	0.999147	0.996197	0.998604
47910	-1557.723	-1625.164	67.44141	1	0.995216	0.993214	0.994916	0.996131	0.997918	0.998856	0.999147	0.996197	0.998604
47920	-1558.056	-1625.497	67.44141	1	0.995216	0.993214	0.994916	0.996131	0.997918	0.998856	0.999147	0.996197	0.998604
47930	-1558.522	-1625.964	67.44141	1	0.995216	0.993214	0.994916	0.996131	0.997918	0.998856	0.999147	0.996197	0.998604
47940	-1557.886	-1625.328	67.44141	1	0.995216	0.993214	0.994916	0.996131	0.997918	0.998856	0.999147	0.996197	0.998604
47950	-1557.652	-1625.093	67.44141	1	0.995216	0.993214	0.994916	0.996131	0.997918	0.998856	0.999147	0.996197	0.998604
47960	-1557.963	-1625.404	67.44141	1	0.995216	0.993214	0.994916	0.996131	0.997918	0.998856	0.999147	0.996197	0.998604
47970	-1557.682	-1625.123	67.44141	1	0.995216	0.993214	0.994916	0.996131	0.997918	0.998856	0.999147	0.996197	0.998604
47980	-1558.217	-1625.659	67.44141	1	0.995216	0.993214	0.994916	0.996131	0.997918	0.998856	0.999147	0.996197	0.998604
47990	-1558.375	-1625.816	67.44141	1	0.995216	0.993214	0.994916	0.996131	0.997918	0.998856	0.999147	0.996197	0.998604
48000	-1557.865	-1625.306	67.44141	1	0.995216	0.993214	0.994916	0.996131	0.997918	0.998856	0.999147	0.996197	0.998604
48010	-1557.64	-1625.082	67.44141	1	0.995216	0.993214	0.994916	0.996131	0.997918	0.998856	0.999147	0.996197	0.998604
48020	-1557.644	-1625.085	67.44141	1	0.995216	0.993214	0.994916	0.996131	0.997918	0.998856	0.999147	0.996197	0.998604
48030	-1558.503	-1625.945	67.44141	1	0.995216	0.993214	0.994916	0.996131	0.997918	0.998856	0.999147	0.996197	0.998604
48040	-1558.329	-1625.77	67.44141	1	0.995216	0.993214	0.994916	0.996131	0.997918	0.998856	0.999147	0.996197	0.998604
48050	-1558.47	-1625.912	67.44141	1	0.995216	0.993214	0.994916	0.996131	0.997918	0.998856	0.999147	0.996197	0.998604
48060	-1559.357	-1626.798	67.44141	1	0.995216	0.993214	0.994916	0.996131	0.997918	0.998856	0.999147	0.996197	0.998604
48070	-1557.9	-1625.341	67.44141	1	0.995216	0.993214	0.994916	0.996131	0.997918	0.998856	0.999147	0.996197	0.998604
48080	-1560.496	-1627.937	67.44141	1	0.995216	0.993214	0.994916	0.996131	0.997918	0.998856	0.999147	0.996197	0.998604
48090	-1557.991	-1625.432	67.44141	1	0.995216	0.993214	0.994916	0.996131	0.997918	0.998856	0.999147	0.996197	0.998604
48100	-1558.016	-1625.457	67.44141	1	0.995216	0.993214	0.994916	0.996131	0.997918	0.998856	0.999147	0.996197	0.998604
48110	-1557.626	-1625.068	67.44141	1	0.995216	0.993214	0.994916	0.996131	0.997918	0.998856	0.999147	0.996197	0.998604
48120	-1557.628	-1625.069	67.44141	1	0.995216	0.993214	0.994916	0.996131	0.997918	0.998856	0.999147	0.996197	0.998604
48130	-1557.699	-1625.14	67.44141	1	0.995216	0.993214	0.994916	0.996131	0.997918	0.998856	0.999147	0.996197	0.998604
48140	-1557.882	-1625.323	67.44141	1	0.995216	0.993214	0.994916	0.996131	0.997918	0.998856	0.999147	0.996197	0.998604
48150	-1557.638	-1625.079	67.44141	1	0.995216	0.993214	0.994916	0.996131	0.997918	0.998856	0.999147	0.996197	0.998604
48160	-1557.642	-1625.084	67.44141	1	0.995216	0.993214	0.994916	0.996131	0.997918	0.998856	0.999147	0.996197	0.998604
48170	-1560.038	-1627.48	67.44141	1	0.995216	0.993214	0.994916	0.996131	0.997918	0.998856	0.999147	0.996197	0.998604
48180	-1558.772	-1626.213	67.44141	1	0.995216	0.993214	0.994916	0.996131	0.997918	0.998856	0.999147	0.996197	0.998604
48190	-1557.675	-1625.116	67.44141	1	0.995216	0.993214	0.994916	0.996131	0.997918	0.998856	0.999147	0.996197	0.998604
48200	-1557.74	-1625.181	67.44141	1	0.995216	0.993214	0.994916	0.996131	0.997918	0.998856	0.999147	0.996197	0.998604
48210	-1557.993	-1625.435	67.44141	1	0.995216	0.993214	0.994916	0.996131	0.997918	0.998856	0.999147	0.996197	0.998604
48220	-1558.752	-1626.193	67.44141	1	0.995216	0.993214	0.994916	0.996131	0.997918	0.998856	0.999147	0.996197	0.998604
48230	-1557.77	-1625.211	67.44141	1	0.995216	0.993214	0.994916	0.996131	0.997918	0.998856	0.999147	0.996197	0.998604
48240	-1558.872	-1626.314	67.44141	1	0.995216	0.993214	0.994916	0.996131	0.997918	0.998856	0.999147	0.996197	0.998604
48250	-1557.632	-1625.073	67.44141	1	0.995216	0.993214	0.994916	0.996131	0.997918	0.998856	0.999147	0.996197	0.998604
48260	-1557.753	-1625.194	67.44141	1	0.995216	0.993214	0.994916	0.996131	0.997918	0.998856	0.999147	0.996197	0.998604
48270	-1559.222	-1626.664	67.44141	1	0.995216	0.993214	0.994916	0.996131	0.997918	0.998856	0.999147	0.996197	0.998604
48280	-1559.35	-1626.792	67.44141	1	0.995216	0.993214	0.994916	0.996131	0.997918	0.998856	0.999147	0.996197	0.998604
48290	-1558.063	-1625.504	67.44141	1	0.995216	0.993214	0.994916	0.996131	0.997918	0.998856	0.999147	0.996197	0.998604
48300	-1557.873	-1625.315	67.44141	1	0.995216	0.993214	0.994916	0.996131	0.997918	0.998856	0.999147	0.996197	0.998604
48310	-1557.749	-1625.191	67.44141	1	0.995216	0.993214	0.994916	0.996131	0.997918	0.998856	0.999147	0.996197	0.998604
48320	-1558.036	-1625.478	67.44141	1	0.995216	0.993214	0.994916	0.996131	0.997918	0.998856	0.999147	0.996197	0.998604
48330	-1558.403	-1625.845	67.44141	1	0.995216	0.993214	0.994916	0.996131	0.997918	0.998856	0.999147	0.996197	0.998604
48340	-1557.727	-1625.168	67.44141	1	0.995216	0.993214	0.994916	0.996131	0.997918	0.998856	0.999147	0.996197	0.998604
48350	-1558.91	-1626.352	67.44141	1	0.995216	0.993214	0.994916	0.996131	0.997918	0.998856	0.999147	0.996197	0.998604
48360	-1557.763	-1625.205	67.44141	1	0.995216	0.993214	0.994916	0.996131	0.997918	0.998856	0.999147	0.996197	0.998604
48370	-1558.391	-1625.833	67.44141	1	0.995216	0.993214	0.994916	0.996131	0.997918	0.998856	0.999147	0.996197	0.998604
48380	-1565.154	-1632.596	67.44141	1	0.995216	0.993214	0.994916	0.996131	0.997918	0.998856	0.999147	0.996197	0.998604
48390	-1558.047	-1625.489	67.44141	1	0.995216	0.993214	0.994916	0.996131	0.997918	0.998856	0.999147	0.996197	0.998604
48400	-1557.813	-1625.255	67.44141	1	0.995216	0.993214	0.994916	0.996131	0.997918	0.998856	0.999147	0.996197	0.998604
48410	-1558.264	-1625.705	67.44141	1	0.995216	0.993214	0.994916	0.996131	0.997918	0.998856	0.999147	0.996197	0.998604
48420	-1557.646	-1625.087	67.44141	1	0.995216	0.993214	0.994916	0.996131	0.997918	0.998856	0.999147	0.996197	0.998604
48430	-1559.13	-1626.572	67.44141	1	0.995216	0.993214	0.994916	0.996131	0.997918	0.998856	0.999147	0.996197	0.998604
48440	-1558.841	-1626.282	67.44141	1	0.995216	0.993214	0.994916	0.996131	0.997918	0.998856	0.999147	0.996197	0.998604
48450	-1557.881	-1625.323	67.44141	1	0.995216	0.993214	0.994916	0.996131	0.997918	0.998856	0.999147	0.996197	0.998604
48460	-1557.945	-1625.387	67.44141	1	0.995216	0.993214	0.994916	0.996131	0.997918	0.998856	0.999147	0.996197	0.998604
48470	-1557.641	-1625.082	67.44141	1	0.995216	0.993214	0.994916	0.996131	0.997918	0.998856	0.999147	0.996197	0.998604
48480	-1558.528	-1625.97	67.44141	1	0.995216	0.993214	0.994916	0.996131	0.997918	0.998856	0.999147	0.996197	0.998604
48490	-1557.76	-1625.202	67.44141	1	0.995216	0.993214	0.994916	0.996131	0.997918	0.998856	0.999147	0.996197	0.998604
48500	-1557.974	-1625.415	67.44141	1	0.995216	0.993214	0.994916	0.996131	0.997918	0.998856	0.999147	0.996197	0.998604
48510	-1557.736	-1625.178	67.44141	1	0.995216	0.993214	0.994916	0.996131	0.997918	0.998856	0.999147	0.996197	0.998604
48520	-1558.552	-1625.993	67.44141	1	0.995216	0.993214	0.994916	0.996131	0.997918	0.998856	0.999147	0.996197	0.998604
48530	-1557.663	-1625.105	67.44141	1	0.995216	0.993214	0.994916	0.996131	0.997918	0.998856	0.999147	0.996197	0.998604
48540	-1558.55	-1625.991	67.44141	1	0.995216	0.993214	0.994916	0.996131	0.997918	0.998856	0.999147	0.996197	0.998604
48550	-1558.25	-1625.692	67.44141	1	0.995216	0.993214	0.994916	0.996131	0.997918	0.998856	0.999147	0.996197	0.998604
48560	-1558.367	-1625.808	67.44141	1	0.995216	0.993214	0.994916	0.996131	0.997918	0.998856	0.999147	0.996197	0.998604
48570	-1558.047	-1625.488	67.44141	1	0.995216	0.993214	0.994916	0.996131	0.997918	0.998856	0.999147	0.996197	0.998604
48580	-1557.827	-1625.268	67.44141	1	0.995216	0.993214	0.994916	0.996131	0.997918	0.998856	0.999147	0.996197	0.998604
48590	-1557.838	-1625.28	67.44141	1	0.995216	0.993214	0.994916	0.996131	0.997918	0.998856	0.999147	0.996197	0.998604
48600	-1558.398	-1625.839	67.44141	1	0.995216	0.993214	0.994916	0.996131	0.997918	0.998856	0.999147	0.996197	0.998604
48610	-1557.676	-1625.117	67.44141	1	0.995216	0.993214	0.994916	0.996131	0.997918	0.998856	0.999147	0.996197	0.998604
48620	-1557.819	-1625.26	67.44141	1	0.995216	0.993214	0.994916	0.996131	0.997918	0.998856	0.999147	0.996197	0.998604
48630	-1557.718	-1625.16	67.44141	1	0.995216	0.993214	0.994916	0.996131	0.997918	0.998856	0.999147	0.996197	0.998604
48640	-1557.85	-1625.291	67.44141	1	0.995216	0.993214	0.994916	0.996131	0.997918	0.998856	0.999147	0.996197	0.998604
48650	-1557.628	-1625.07	67.44141	1	0.995216	0.993214	0.994916	0.996131	0.997918	0.998856	0.999147	0.996197	0.998604
48660	-1557.819	-1625.26	67.44141	1	0.995216	0.993214	0.994916	0.996131	0.997918	0.998856	0.999147	0.996197	0.998604
48670	-1557.789	-1625.231	67.44141	1	0.995216	0.993214	0.994916	0.996131	0.997918	0.998856	0.999147	0.996197	0.998604
48680	-1558.083	-1625.524	67.44141	1	0.995216	0.993214	0.994916	0.996131	0.997918	0.998856	0.999147	0.996197	0.998604
48690	-1557.683	-1625.124	67.44141	1	0.995216	0.993214	0.994916	0.996131	0.997918	0.998856	0.999147	0.996197	0.998604
48700	-1557.627	-1625.068	67.44141	1	0.995216	0.993214	0.994916	0.996131	0.997918	0.998856	0.999147	0.996197	0.998604
48710	-1557.657	-1625.099	67.44141	1	0.995216	0.993214	0.994916	0.996131	0.997918	0.998856	0.999147	0.996197	0.998604
48720	-1557.675	-1625.117	67.44141	1	0.995216	0.993214	0.994916	0.996131	0.997918	0.998856	0.999147	0.996197	0.998604
48730	-1557.654	-1625.095	67.44141	1	0.995216	0.993214	0.994916	0.996131	0.997918	0.998856	0.999147	0.996197	0.998604
48740	-1558.44	-1625.881	67.44141	1	0.995216	0.993214	0.994916	0.996131	0.997918	0.998856	0.999147	0.996197	0.998604
48750	-1557.71	-1625.152	67.44141	1	0.995216	0.993214	0.994916	0.996131	0.997918	0.998856	0.999147	0.996197	0.998604
48760	-1557.733	-1625.174	67.44141	1	0.995216	0.993214	0.994916	0.996131	0.997918	0.998856	0.999147	0.996197	0.998604
48770	-1560.133	-1627.575	67.44141	1	0.995216	0.993214	0.994916	0.996131	0.997918	0.998856	0.999147	0.996197	0.998604
48780	-1557.844	-1625.285	67.44141	1	0.995216	0.993214	0.994916	0.996131	0.997918	0.998856	0.999147	0.996197	0.998604
48790	-1557.765	-1625.206	67.44141	1	0.995216	0.993214	0.994916	0.996131	0.997918	0.998856	0.999147	0.996197	0.998604
48800	-1558.432	-1625.873	67.44141	1	0.995216	0.993214	0.994916	0.996131	0.997918	0.998856	0.999147	0.996197	0.998604
48810	-1557.805	-1625.246	67.44141	1	0.995216	0.993214	0.994916	0.996131	0.997918	0.998856	0.999147	0.996197	0.998604
48820	-1558.512	-1625.953	67.44141	1	0.995216	0.993214	0.994916	0.996131	0.997918	0.998856	0.999147	0.996197	0.998604
48830	-1558.766	-1626.207	67.44141	1	0.995216	0.993214	0.994916	0.996131	0.997918	0.998856	0.999147	0.996197	0.998604
48840	-1557.663	-1625.104	67.44141	1	0.995216	0.993214	0.994916	0.996131	0.997918	0.998856	0.999147	0.996197	0.998604
48850	-1557.645	-1625.087	67.44141	1	0.995216	0.993214	0.994916	0.996131	0.997918	0.998856	0.999147	0.996197	0.998604
48860	-1558.836	-1626.278	67.44141	1	0.995216	0.993214	0.994916	0.996131	0.997918	0.998856	0.999147	0.996197	0.998604
48870	-1557.686	-1625.127	67.44141	1	0.995216	0.993214	0.994916	0.996131	0.997918	0.998856	0.999147	0.996197	0.998604
48880	-1559.041	-1626.482	67.44141	1	0.995216	0.993214	0.994916	0.996131	0.997918	0.998856	0.999147	0.996197	0.998604
48890	-1558.334	-1625.775	67.44141	1	0.995216	0.993214	0.994916	0.996131	0.997918	0.998856	0.999147	0.996197	0.998604
48900	-1557.675	-1625.116	67.44141	1	0.995216	0.993214	0.994916	0.996131	0.997918	0.998856	0.999147	0.996197	0.998604
48910	-1557.772	-1625.213	67.44141	1	0.995216	0.993214	0.994916	0.996131	0.997918	0.998856	0.999147	0.996197	0.998604
48920	-1557.654	-1625.095	67.44141	1	0.995216	0.993214	0.994916	0.996131	0.997918	0.998856	0.999147	0.996197	0.998604
48930	-1557.831	-1625.272	67.44141	1	0.995216	0.993214	0.994916	0.996131	0.997918	0.998856	0.999147	0.996197	0.998604
48940	-1557.849	-1625.291	67.44141	1	0.995216	0.993214	0.994916	0.996131	0.997918	0.998856	0.999147	0.996197	0.998604
48950	-1557.683	-1625.124	67.44141	1	0.995216	0.993214	0.994916	0.996131	0.997918	0.998856	0.999147	0.996197	0.998604
48960	-1559.22	-1626.662	67.44141	1	0.995216	0.993214	0.994916	0.996131	0.997918	0.998856	0.999147	0.996197	0.998604
48970	-1557.733	-1625.175	67.44141	1	0.995216	0.993214	0.994916	0.996131	0.997918	0.998856	0.999147	0.996197	0.998604
48980	-1557.961	-1625.402	67.44141	1	0.995216	0.993214	0.994916	0.996131	0.997918	0.998856	0.999147	0.996197	0.998604
48990	-1558.242	-1625.683	67.44141	1	0.995216	0.993214	0.994916	0.996131	0.997918	0.998856	0.999147	0.996197	0.998604
49000	-1557.826	-1625.267	67.44141	1	0.995216	0.993214	0.994916	0.996131	0.997918	0.998856	0.999147	0.996197	0.998604
49010	-1557.638	-1625.08	67.44141	1	0.995216	0.993214	0.994916	0.996131	0.997918	0.998856	0.999147	0.996197	0.998604
49020	-1558.446	-1625.887	67.44141	1	0.995216	0.993214	0.994916	0.996131	0.997918	0.998856	0.999147	0.996197	0.998604
49030	-1557.722	-1625.163	67.44141	1	0.995216	0.993214	0.994916	0.996131	0.997918	0.998856	0.999147	0.996197	0.998604
49040	-1558.277	-1625.719	67.44141	1	0.995216	0.993214	0.994916	0.996131	0.997918	0.998856	0.999147	0.996197	0.998604
49050	-1560.354	-1627.796	67.44141	1	0.995216	0.993214	0.994916	0.996131	0.997918	0.998856	0.999147	0.996197	0.998604
49060	-1557.797	-1625.239	67.44141	1	0.995216	0.993214	0.994916	0.996131	0.997918	0.998856	0.999147	0.996197	0.998604
49070	-1557.66	-1625.102	67.44141	1	0.995216	0.993214	0.994916	0.996131	0.997918	0.998856	0.999147	0.996197	0.998604
49080	-1557.706	-1625.148	67.44141	1	0.995216	0.993214	0.994916	0.996131	0.997918	0.998856	0.999147	0.996197	0.998604
49090	-1557.721	-1625.163	67.44141	1	0.995216	0.993214	0.994916	0.996131	0.997918	0.998856	0.999147	0.996197	0.998604
49100	-1558.107	-1625.549	67.44141	1	0.995216	0.993214	0.994916	0.996131	0.997918	0.998856	0.999147	0.996197	0.998604
49110	-1558.18	-1625.621	67.44141	1	0.995216	0.993214	0.994916	0.996131	0.997918	0.998856	0.999147	0.996197	0.998604
49120	-1559.54	-1626.981	67.44141	1	0.995216	0.993214	0.994916	0.996131	0.997918	0.998856	0.999147	0.996197	0.998604
49130	-1557.63	-1625.072	67.44141	1	0.995216	0.993214	0.994916	0.996131	0.997918	0.998856	0.999147	0.996197	0.998604
49140	-1559.416	-1626.858	67.44141	1	0.995216	0.993214	0.994916	0.996131	0.997918	0.998856	0.999147	0.996197	0.998604
49150	-1558.292	-1625.734	67.44141	1	0.995216	0.993214	0.994916	0.996131	0.997918	0.998856	0.999147	0.996197	0.998604
49160	-1557.645	-1625.086	67.44141	1	0.995216	0.993214	0.994916	0.996131	0.997918	0.998856	0.999147	0.996197	0.998604
49170	-1558.728	-1626.169	67.44141	1	0.995216	0.993214	0.994916	0.996131	0.997918	0.998856	0.999147	0.996197	0.998604
49180	-1557.665	-1625.107	67.44141	1	0.995216	0.993214	0.994916	0.996131	0.997918	0.998856	0.999147	0.996197	0.998604
49190	-1557.864	-1625.305	67.44141	1	0.995216	0.993214	0.994916	0.996131	0.997918	0.998856	0.999147	0.996197	0.998604
49200	-1559.308	-1626.749	67.44141	1	0.995216	0.993214	0.994916	0.996131	0.997918	0.998856	0.999147	0.996197	0.998604
49210	-1557.678	-1625.12	67.44141	1	0.995216	0.993214	0.994916	0.996131	0.997918	0.998856	0.999147	0.996197	0.998604
49220	-1557.632	-1625.073	67.44141	1	0.995216	0.993214	0.994916	0.996131	0.997918	0.998856	0.999147	0.996197	0.998604
49230	-1559.375	-1626.817	67.44141	1	0.995216	0.993214	0.994916	0.996131	0.997918	0.998856	0.999147	0.996197	0.998604
49240	-1557.639	-1625.08	67.44141	1	0.995216	0.993214	0.994916	0.996131	0.997918	0.998856	0.999147	0.996197	0.998604
49250	-1557.706	-1625.147	67.44141	1	0.995216	0.993214	0.994916	0.996131	0.997918	0.998856	0.999147	0.996197	0.998604
49260	-1557.75	-1625.191	67.44141	1	0.995216	0.993214	0.994916	0.996131	0.997918	0.998856	0.999147	0.996197	0.998604
49270	-1557.637	-1625.078	67.44141	1	0.995216	0.993214	0.994916	0.996131	0.997918	0.998856	0.999147	0.996197	0.998604
49280	-1557.683	-1625.124	67.44141	1	0.995216	0.993214	0.994916	0.996131	0.997918	0.998856	0.999147	0.996197	0.998604
49290	-1558.391	-1625.833	67.44141	1	0.995216	0.993214	0.994916	0.996131	0.997918	0.998856	0.999147	0.996197	0.998604
49300	-1557.99	-1625.432	67.44141	1	0.995216	0.993214	0.994916	0.996131	0.997918	0.998856	0.999147	0.996197	0.998604
49310	-1558.133	-1625.574	67.44141	1	0.995216	0.993214	0.994916	0.996131	0.997918	0.998856	0.999147	0.996197	0.998604
49320	-1557.629	-1625.07	67.44141	1	0.995216	0.993214	0.994916	0.996131	0.997918	0.998856	0.999147	0.996197	0.998604
49330	-1557.69	-1625.131	67.44141	1	0.995216	0.993214	0.994916	0.996131	0.997918	0.998856	0.999147	0.996197	0.998604
49340	-1557.924	-1625.365	67.44141	1	0.995216	0.993214	0.994916	0.996131	0.997918	0.998856	0.999147	0.996197	0.998604
49350	-1557.626	-1625.067	67.44141	1	0.995216	0.993214	0.994916	0.996131	0.997918	0.998856	0.999147	0.996197	0.998604
49360	-1557.766	-1625.207	67.44141	1	0.995216	0.993214	0.994916	0.996131	0.997918	0.998856	0.999147	0.996197	0.998604
49370	-1557.626	-1625.067	67.44141	1	0.995216	0.993214	0.994916	0.996131	0.997918	0.998856	0.999147	0.996197	0.998604
49380	-1558.4	-1625.841	67.44141	1	0.995216	0.993214	0.994916	0.996131	0.997918	0.998856	0.999147	0.996197	0.998604
49390	-1557.704	-1625.145	67.44141	1	0.995216	0.993214	0.994916	0.996131	0.997918	0.998856	0.999147	0.996197	0.998604
49400	-1557.782	-1625.223	67.44141	1	0.995216	0.993214	0.994916	0.996131	0.997918	0.998856	0.999147	0.996197	0.998604
49410	-1557.776	-1625.217	67.44141	1	0.995216	0.993214	0.994916	0.996131	0.997918	0.998856	0.999147	0.996197	0.998604
49420	-1558.61	-1626.052	67.44141	1	0.995216	0.993214	0.994916	0.996131	0.997918	0.998856	0.999147	0.996197	0.998604
49430	-1559.003	-1626.444	67.44141	1	0.995216	0.993214	0.994916	0.996131	0.997918	0.998856	0.999147	0.996197	0.998604
49440	-1557.627	-1625.068	67.44141	1	0.995216	0.993214	0.994916	0.996131	0.997918	0.998856	0.999147	0.996197	0.998604
49450	-1557.626	-1625.067	67.44141	1	0.995216	0.993214	0.994916	0.996131	0.997918	0.998856	0.999147	0.996197	0.998604
49460	-1557.875	-1625.317	67.44141	1	0.995216	0.993214	0.994916	0.996131	0.997918	0.998856	0.999147	0.996197	0.998604
49470	-1557.9	-1625.341	67.44141	1	0.995216	0.993214	0.994916	0.996131	0.997918	0.998856	0.999147	0.996197	0.998604
49480	-1557.706	-1625.147	67.44141	1	0.995216	0.993214	0.994916	0.996131	0.997918	0.998856	0.999147	0.996197	0.998604
49490	-1557.979	-1625.421	67.44141	1	0.995216	0.993214	0.994916	0.996131	0.997918	0.998856	0.999147	0.996197	0.998604
49500	-1558.364	-1625.806	67.44141	1	0.995216	0.993214	0.994916	0.996131	0.997918	0.998856	0.999147	0.996197	0.998604
49510	-1558.025	-1625.466	67.44141	1	0.995216	0.993214	0.994916	0.996131	0.997918	0.998856	0.999147	0.996197	0.998604
49520	-1557.958	-1625.399	67.44141	1	0.995216	0.993214	0.994916	0.996131	0.997918	0.998856	0.999147	0.996197	0.998604
49530	-1557.77	-1625.211	67.44141	1	0.995216	0.993214	0.994916	0.996131	0.997918	0.998856	0.999147	0.996197	0.998604
49540	-1557.711	-1625.152	67.44141	1	0.995216	0.993214	0.994916	0.996131	0.997918	0.998856	0.999147	0.996197	0.998604
49550	-1559.1	-1626.541	67.44141	1	0.995216	0.993214	0.994916	0.996131	0.997918	0.998856	0.999147	0.996197	0.998604
49560	-1557.886	-1625.327	67.44141	1	0.995216	0.993214	0.994916	0.996131	0.997918	0.998856	0.999147	0.996197	0.998604
49570	-1557.734	-1625.175	67.44141	1	0.995216	0.993214	0.994916	0.996131	0.997918	0.998856	0.999147	0.996197	0.998604
49580	-1557.759	-1625.201	67.44141	1	0.995216	0.993214	0.994916	0.996131	0.997918	0.998856	0.999147	0.996197	0.998604
49590	-1557.756	-1625.198	67.44141	1	0.995216	0.993214	0.994916	0.996131	0.997918	0.998856	0.999147	0.996197	0.998604
49600	-1560.926	-1628.368	67.44141	1	0.995216	0.993214	0.994916	0.996131	0.997918	0.998856	0.999147	0.996197	0.998604
49610	-1559.348	-1626.79	67.44141	1	0.995216	0.993214	0.994916	0.996131	0.997918	0.998856	0.999147	0.996197	0.998604
49620	-1557.91	-1625.351	67.44141	1	0.995216	0.993214	0.994916	0.996131	0.997918	0.998856	0.999147	0.996197	0.998604
49630	-1558.206	-1625.647	67.44141	1	0.995216	0.993214	0.994916	0.996131	0.997918	0.998856	0.999147	0.996197	0.998604
49640	-1559.26	-1626.702	67.44141	1	0.995216	0.993214	0.994916	0.996131	0.997918	0.998856	0.999147	0.996197	0.998604
49650	-1558.162	-1625.603	67.44141	1	0.995216	0.993214	0.994916	0.996131	0.997918	0.998856	0.999147	0.996197	0.998604
49660	-1557.63	-1625.071	67.44141	1	0.995216	0.993214	0.994916	0.996131	0.997918	0.998856	0.999147	0.996197	0.998604
49670	-1559.173	-1626.614	67.44141	1	0.995216	0.993214	0.994916	0.996131	0.997918	0.998856	0.999147	0.996197	0.998604
49680	-1557.88	-1625.321	67.44141	1	0.995216	0.993214	0.994916	0.996131	0.997918	0.998856	0.999147	0.996197	0.998604
49690	-1558.721	-1626.162	67.44141	1	0.995216	0.993214	0.994916	0.996131	0.997918	0.998856	0.999147	0.996197	0.998604
49700	-1558.542	-1625.983	67.44141	1	0.995216	0.993214	0.994916	0.996131	0.997918	0.998856	0.999147	0.996197	0.998604
49710	-1562.301	-1629.742	67.44141	1	0.995216	0.993214	0.994916	0.996131	0.997918	0.998856	0.999147	0.996197	0.998604
49720	-1558.514	-1625.955	67.44141	1	0.995216	0.993214	0.994916	0.996131	0.997918	0.998856	0.999147	0.996197	0.998604
49730	-1558.926	-1626.367	67.44141	1	0.995216	0.993214	0.994916	0.996131	0.997918	0.998856	0.999147	0.996197	0.998604
49740	-1557.8	-1625.241	67.44141	1	0.995216	0.993214	0.994916	0.996131	0.997918	0.998856	0.999147	0.996197	0.998604
49750	-1557.744	-1625.185	67.44141	1	0.995216	0.993214	0.994916	0.996131	0.997918	0.998856	0.999147	0.996197	0.998604
49760	-1557.805	-1625.246	67.44141	1	0.995216	0.993214	0.994916	0.996131	0.997918	0.998856	0.999147	0.996197	0.998604
49770	-1559.053	-1626.494	67.44141	1	0.995216	0.993214	0.994916	0.996131	0.997918	0.998856	0.999147	0.996197	0.998604
49780	-1557.632	-1625.074	67.44141	1	0.995216	0.993214	0.994916	0.996131	0.997918	0.998856	0.999147	0.996197	0.998604
49790	-1558.011	-1625.452	67.44141	1	0.995216	0.993214	0.994916	0.996131	0.997918	0.998856	0.999147	0.996197	0.998604
49800	-1558.453	-1625.895	67.44141	1	0.995216	0.993214	0.994916	0.996131	0.997918	0.998856	0.999147	0.996197	0.998604
49810	-1557.631	-1625.073	67.44141	1	0.995216	0.993214	0.994916	0.996131	0.997918	0.998856	0.999147	0.996197	0.998604
49820	-1557.632	-1625.074	67.44141	1	0.995216	0.993214	0.994916	0.996131	0.997918	0.998856	0.999147	0.996197	0.998604
49830	-1558.848	-1626.289	67.44141	1	0.995216	0.993214	0.994916	0.996131	0.997918	0.998856	0.999147	0.996197	0.998604
49840	-1559.349	-1626.791	67.44141	1	0.995216	0.993214	0.994916	0.996131	0.997918	0.998856	0.999147	0.996197	0.998604
49850	-1558.975	-1626.416	67.44141	1	0.995216	0.993214	0.994916	0.996131	0.997918	0.998856	0.999147	0.996197	0.998604
49860	-1558.11	-1625.552	67.44141	1	0.995216	0.993214	0.994916	0.996131	0.997918	0.998856	0.999147	0.996197	0.998604
49870	-1558.163	-1625.604	67.44141	1	0.995216	0.993214	0.994916	0.996131	0.997918	0.998856	0.999147	0.996197	0.998604
49880	-1558.111	-1625.552	67.44141	1	0.995216	0.993214	0.994916	0.996131	0.997918	0.998856	0.999147	0.996197	0.998604
49890	-1558.809	-1626.251	67.44141	1	0.995216	0.993214	0.994916	0.996131	0.997918	0.998856	0.999147	0.996197	0.998604
49900	-1558.093	-1625.534	67.44141	1	0.995216	0.993214	0.994916	0.996131	0.997918	0.998856	0.999147	0.996197	0.998604
49910	-1557.787	-1625.229	67.44141	1	0.995216	0.993214	0.994916	0.996131	0.997918	0.998856	0.999147	0.996197	0.998604
49920	-1557.882	-1625.323	67.44141	1	0.995216	0.993214	0.994916	0.996131	0.997918	0.998856	0.999147	0.996197	0.998604
49930	-1557.676	-1625.118	67.44141	1	0.995216	0.993214	0.994916	0.996131	0.997918	0.998856	0.999147	0.996197	0.998604
49940	-1558.237	-1625.678	67.44141	1	0.995216	0.993214	0.994916	0.996131	0.997918	0.998856	0.999147	0.996197	0.998604
49950	-1557.838	-1625.279	67.44141	1	0.995216	0.993214	0.994916	0.996131	0.997918	0.998856	0.999147	0.996197	0.998604
49960	-1557.668	-1625.11	67.44141	1	0.995216	0.993214	0.994916	0.996131	0.997918	0.998856	0.999147	0.996197	0.998604
49970	-1557.712	-1625.154	67.44141	1	0.995216	0.993214	0.994916	0.996131	0.997918	0.998856	0.999147	0.996197	0.998604
49980	-1557.626	-1625.068	67.44141	1	0.995216	0.993214	0.994916	0.996131	0.997918	0.998856	0.999147	0.996197	0.998604
49990	-1557.754	-1625.196	67.44141	1	0.995216	0.993214	0.994916	0.996131	0.997918	0.998856	0.999147	0.996197	0.998604
50000	-1557.867	-1625.309	67.44141	1	0.995216	0.993214	0.994916	0.996131	0.997918	0.998856	0.999147	0.996197	0.998604
