Iteration	Posterior	Likelihood	Prior	lambda[1]	lambda[2]	lambda[3]	lambda[4]	lambda[5]	lambda[6]	lambda[7]	lambda[8]	lambda[9]	lambda[10]
0	-2040.455	-2091.613	51.15772	1	0.99663	1.00343	1.00622	1.00079	0.965343	0.976313	0.973471	0.956706	0.992845
10	-1574.887	-1626.045	51.15772	1	0.99663	1.00343	1.00622	1.00079	0.965343	0.976313	0.973471	0.956706	0.992845
20	-1573.918	-1625.075	51.15772	1	0.99663	1.00343	1.00622	1.00079	0.965343	0.976313	0.973471	0.956706	0.992845
30	-1573.939	-1625.097	51.15772	1	0.99663	1.00343	1.00622	1.00079	0.965343	0.976313	0.973471	0.956706	0.992845
40	-1574.213	-1625.37	51.15772	1	0.99663	1.00343	1.00622	1.00079	0.965343	0.976313	0.973471	0.956706	0.992845
50	-1574.23	-1625.388	51.15772	1	0.99663	1.00343	1.00622	1.00079	0.965343	0.976313	0.973471	0.956706	0.992845
60	-1574.537	-1625.695	51.15772	1	0.99663	1.00343	1.00622	1.00079	0.965343	0.976313	0.973471	0.956706	0.992845
70	-1574.359	-1625.517	51.15772	1	0.99663	1.00343	1.00622	1.00079	0.965343	0.976313	0.973471	0.956706	0.992845
80	-1574.144	-1625.302	51.15772	1	0.99663	1.00343	1.00622	1.00079	0.965343	0.976313	0.973471	0.956706	0.992845
90	-1574.184	-1625.342	51.15772	1	0.99663	1.00343	1.00622	1.00079	0.965343	0.976313	0.973471	0.956706	0.992845
100	-1575.486	-1626.643	51.15772	1	0.99663	1.00343	1.00622	1.00079	0.965343	0.976313	0.973471	0.956706	0.992845
110	-1573.955	-1625.112	51.15772	1	0.99663	1.00343	1.00622	1.00079	0.965343	0.976313	0.973471	0.956706	0.992845
120	-1574.11	-1625.268	51.15772	1	0.99663	1.00343	1.00622	1.00079	0.965343	0.976313	0.973471	0.956706	0.992845
130	-1573.909	-1625.067	51.15772	1	0.99663	1.00343	1.00622	1.00079	0.965343	0.976313	0.973471	0.956706	0.992845
140	-1575.005	-1626.162	51.15772	1	0.99663	1.00343	1.00622	1.00079	0.965343	0.976313	0.973471	0.956706	0.992845
150	-1573.91	-1625.068	51.15772	1	0.99663	1.00343	1.00622	1.00079	0.965343	0.976313	0.973471	0.956706	0.992845
160	-1574.11	-1625.268	51.15772	1	0.99663	1.00343	1.00622	1.00079	0.965343	0.976313	0.973471	0.956706	0.992845
170	-1573.946	-1625.104	51.15772	1	0.99663	1.00343	1.00622	1.00079	0.965343	0.976313	0.973471	0.956706	0.992845
180	-1573.929	-1625.087	51.15772	1	0.99663	1.00343	1.00622	1.00079	0.965343	0.976313	0.973471	0.956706	0.992845
190	-1574.592	-1625.75	51.15772	1	0.99663	1.00343	1.00622	1.00079	0.965343	0.976313	0.973471	0.956706	0.992845
200	-1573.926	-1625.084	51.15772	1	0.99663	1.00343	1.00622	1.00079	0.965343	0.976313	0.973471	0.956706	0.992845
210	-1574.181	-1625.338	51.15772	1	0.99663	1.00343	1.00622	1.00079	0.965343	0.976313	0.973471	0.956706	0.992845
220	-1579.167	-1630.325	51.15772	1	0.99663	1.00343	1.00622	1.00079	0.965343	0.976313	0.973471	0.956706	0.992845
230	-1574.195	-1625.353	51.15772	1	0.99663	1.00343	1.00622	1.00079	0.965343	0.976313	0.973471	0.956706	0.992845
240	-1573.919	-1625.076	51.15772	1	0.99663	1.00343	1.00622	1.00079	0.965343	0.976313	0.973471	0.956706	0.992845
250	-1573.915	-1625.072	51.15772	1	0.99663	1.00343	1.00622	1.00079	0.965343	0.976313	0.973471	0.956706	0.992845
260	-1573.965	-1625.123	51.15772	1	0.99663	1.00343	1.00622	1.00079	0.965343	0.976313	0.973471	0.956706	0.992845
270	-1574.364	-1625.521	51.15772	1	0.99663	1.00343	1.00622	1.00079	0.965343	0.976313	0.973471	0.956706	0.992845
280	-1574.265	-1625.423	51.15772	1	0.99663	1.00343	1.00622	1.00079	0.965343	0.976313	0.973471	0.956706	0.992845
290	-1574.501	-1625.659	51.15772	1	0.99663	1.00343	1.00622	1.00079	0.965343	0.976313	0.973471	0.956706	0.992845
300	-1573.913	-1625.071	51.15772	1	0.99663	1.00343	1.00622	1.00079	0.965343	0.976313	0.973471	0.956706	0.992845
310	-1574.02	-1625.177	51.15772	1	0.99663	1.00343	1.00622	1.00079	0.965343	0.976313	0.973471	0.956706	0.992845
320	-1574.426	-1625.584	51.15772	1	0.99663	1.00343	1.00622	1.00079	0.965343	0.976313	0.973471	0.956706	0.992845
330	-1575.411	-1626.569	51.15772	1	0.99663	1.00343	1.00622	1.00079	0.965343	0.976313	0.973471	0.956706	0.992845
340	-1573.933	-1625.091	51.15772	1	0.99663	1.00343	1.00622	1.00079	0.965343	0.976313	0.973471	0.956706	0.992845
350	-1574.64	-1625.798	51.15772	1	0.99663	1.00343	1.00622	1.00079	0.965343	0.976313	0.973471	0.956706	0.992845
360	-1573.929	-1625.086	51.15772	1	0.99663	1.00343	1.00622	1.00079	0.965343	0.976313	0.973471	0.956706	0.992845
370	-1573.969	-1625.126	51.15772	1	0.99663	1.00343	1.00622	1.00079	0.965343	0.976313	0.973471	0.956706	0.992845
380	-1574.766	-1625.924	51.15772	1	0.99663	1.00343	1.00622	1.00079	0.965343	0.976313	0.973471	0.956706	0.992845
390	-1573.983	-1625.141	51.15772	1	0.99663	1.00343	1.00622	1.00079	0.965343	0.976313	0.973471	0.956706	0.992845
400	-1573.926	-1625.084	51.15772	1	0.99663	1.00343	1.00622	1.00079	0.965343	0.976313	0.973471	0.956706	0.992845
410	-1573.918	-1625.076	51.15772	1	0.99663	1.00343	1.00622	1.00079	0.965343	0.976313	0.973471	0.956706	0.992845
420	-1574.105	-1625.262	51.15772	1	0.99663	1.00343	1.00622	1.00079	0.965343	0.976313	0.973471	0.956706	0.992845
430	-1574.003	-1625.16	51.15772	1	0.99663	1.00343	1.00622	1.00079	0.965343	0.976313	0.973471	0.956706	0.992845
440	-1574.215	-1625.373	51.15772	1	0.99663	1.00343	1.00622	1.00079	0.965343	0.976313	0.973471	0.956706	0.992845
450	-1574.159	-1625.317	51.15772	1	0.99663	1.00343	1.00622	1.00079	0.965343	0.976313	0.973471	0.956706	0.992845
460	-1573.937	-1625.095	51.15772	1	0.99663	1.00343	1.00622	1.00079	0.965343	0.976313	0.973471	0.956706	0.992845
470	-1574.155	-1625.312	51.15772	1	0.99663	1.00343	1.00622	1.00079	0.965343	0.976313	0.973471	0.956706	0.992845
480	-1573.932	-1625.089	51.15772	1	0.99663	1.00343	1.00622	1.00079	0.965343	0.976313	0.973471	0.956706	0.992845
490	-1574.678	-1625.836	51.15772	1	0.99663	1.00343	1.00622	1.00079	0.965343	0.976313	0.973471	0.956706	0.992845
500	-1573.983	-1625.141	51.15772	1	0.99663	1.00343	1.00622	1.00079	0.965343	0.976313	0.973471	0.956706	0.992845
510	-1574.536	-1625.693	51.15772	1	0.99663	1.00343	1.00622	1.00079	0.965343	0.976313	0.973471	0.956706	0.992845
520	-1575.699	-1626.856	51.15772	1	0.99663	1.00343	1.00622	1.00079	0.965343	0.976313	0.973471	0.956706	0.992845
530	-1573.91	-1625.067	51.15772	1	0.99663	1.00343	1.00622	1.00079	0.965343	0.976313	0.973471	0.956706	0.992845
540	-1573.918	-1625.076	51.15772	1	0.99663	1.00343	1.00622	1.00079	0.965343	0.976313	0.973471	0.956706	0.992845
550	-1573.977	-1625.135	51.15772	1	0.99663	1.00343	1.00622	1.00079	0.965343	0.976313	0.973471	0.956706	0.992845
560	-1575.472	-1626.63	51.15772	1	0.99663	1.00343	1.00622	1.00079	0.965343	0.976313	0.973471	0.956706	0.992845
570	-1574.099	-1625.257	51.15772	1	0.99663	1.00343	1.00622	1.00079	0.965343	0.976313	0.973471	0.956706	0.992845
580	-1574.168	-1625.326	51.15772	1	0.99663	1.00343	1.00622	1.00079	0.965343	0.976313	0.973471	0.956706	0.992845
590	-1574.387	-1625.545	51.15772	1	0.99663	1.00343	1.00622	1.00079	0.965343	0.976313	0.973471	0.956706	0.992845
600	-1574.563	-1625.721	51.15772	1	0.99663	1.00343	1.00622	1.00079	0.965343	0.976313	0.973471	0.956706	0.992845
610	-1574.288	-1625.446	51.15772	1	0.99663	1.00343	1.00622	1.00079	0.965343	0.976313	0.973471	0.956706	0.992845
620	-1575.891	-1627.048	51.15772	1	0.99663	1.00343	1.00622	1.00079	0.965343	0.976313	0.973471	0.956706	0.992845
630	-1574.914	-1626.072	51.15772	1	0.99663	1.00343	1.00622	1.00079	0.965343	0.976313	0.973471	0.956706	0.992845
640	-1575.05	-1626.208	51.15772	1	0.99663	1.00343	1.00622	1.00079	0.965343	0.976313	0.973471	0.956706	0.992845
650	-1573.983	-1625.141	51.15772	1	0.99663	1.00343	1.00622	1.00079	0.965343	0.976313	0.973471	0.956706	0.992845
660	-1573.94	-1625.098	51.15772	1	0.99663	1.00343	1.00622	1.00079	0.965343	0.976313	0.973471	0.956706	0.992845
670	-1575.08	-1626.238	51.15772	1	0.99663	1.00343	1.00622	1.00079	0.965343	0.976313	0.973471	0.956706	0.992845
680	-1573.917	-1625.074	51.15772	1	0.99663	1.00343	1.00622	1.00079	0.965343	0.976313	0.973471	0.956706	0.992845
690	-1574.271	-1625.428	51.15772	1	0.99663	1.00343	1.00622	1.00079	0.965343	0.976313	0.973471	0.956706	0.992845
700	-1573.914	-1625.072	51.15772	1	0.99663	1.00343	1.00622	1.00079	0.965343	0.976313	0.973471	0.956706	0.992845
710	-1573.989	-1625.147	51.15772	1	0.99663	1.00343	1.00622	1.00079	0.965343	0.976313	0.973471	0.956706	0.992845
720	-1576.507	-1627.665	51.15772	1	0.99663	1.00343	1.00622	1.00079	0.965343	0.976313	0.973471	0.956706	0.992845
730	-1574.66	-1625.817	51.15772	1	0.99663	1.00343	1.00622	1.00079	0.965343	0.976313	0.973471	0.956706	0.992845
740	-1574.036	-1625.194	51.15772	1	0.99663	1.00343	1.00622	1.00079	0.965343	0.976313	0.973471	0.956706	0.992845
750	-1574.339	-1625.497	51.15772	1	0.99663	1.00343	1.00622	1.00079	0.965343	0.976313	0.973471	0.956706	0.992845
760	-1575.257	-1626.415	51.15772	1	0.99663	1.00343	1.00622	1.00079	0.965343	0.976313	0.973471	0.956706	0.992845
770	-1574.647	-1625.805	51.15772	1	0.99663	1.00343	1.00622	1.00079	0.965343	0.976313	0.973471	0.956706	0.992845
780	-1575.176	-1626.333	51.15772	1	0.99663	1.00343	1.00622	1.00079	0.965343	0.976313	0.973471	0.956706	0.992845
790	-1574.949	-1626.107	51.15772	1	0.99663	1.00343	1.00622	1.00079	0.965343	0.976313	0.973471	0.956706	0.992845
800	-1573.914	-1625.072	51.15772	1	0.99663	1.00343	1.00622	1.00079	0.965343	0.976313	0.973471	0.956706	0.992845
810	-1573.949	-1625.107	51.15772	1	0.99663	1.00343	1.00622	1.00079	0.965343	0.976313	0.973471	0.956706	0.992845
820	-1573.957	-1625.114	51.15772	1	0.99663	1.00343	1.00622	1.00079	0.965343	0.976313	0.973471	0.956706	0.992845
830	-1574.505	-1625.663	51.15772	1	0.99663	1.00343	1.00622	1.00079	0.965343	0.976313	0.973471	0.956706	0.992845
840	-1573.989	-1625.147	51.15772	1	0.99663	1.00343	1.00622	1.00079	0.965343	0.976313	0.973471	0.956706	0.992845
850	-1574.418	-1625.575	51.15772	1	0.99663	1.00343	1.00622	1.00079	0.965343	0.976313	0.973471	0.956706	0.992845
860	-1573.937	-1625.095	51.15772	1	0.99663	1.00343	1.00622	1.00079	0.965343	0.976313	0.973471	0.956706	0.992845
870	-1574.398	-1625.555	51.15772	1	0.99663	1.00343	1.00622	1.00079	0.965343	0.976313	0.973471	0.956706	0.992845
880	-1573.924	-1625.082	51.15772	1	0.99663	1.00343	1.00622	1.00079	0.965343	0.976313	0.973471	0.956706	0.992845
890	-1574.788	-1625.946	51.15772	1	0.99663	1.00343	1.00622	1.00079	0.965343	0.976313	0.973471	0.956706	0.992845
900	-1574.354	-1625.511	51.15772	1	0.99663	1.00343	1.00622	1.00079	0.965343	0.976313	0.973471	0.956706	0.992845
910	-1573.909	-1625.067	51.15772	1	0.99663	1.00343	1.00622	1.00079	0.965343	0.976313	0.973471	0.956706	0.992845
920	-1575.859	-1627.016	51.15772	1	0.99663	1.00343	1.00622	1.00079	0.965343	0.976313	0.973471	0.956706	0.992845
930	-1574.867	-1626.025	51.15772	1	0.99663	1.00343	1.00622	1.00079	0.965343	0.976313	0.973471	0.956706	0.992845
940	-1574.691	-1625.848	51.15772	1	0.99663	1.00343	1.00622	1.00079	0.965343	0.976313	0.973471	0.956706	0.992845
950	-1573.909	-1625.067	51.15772	1	0.99663	1.00343	1.00622	1.00079	0.965343	0.976313	0.973471	0.956706	0.992845
960	-1574.678	-1625.835	51.15772	1	0.99663	1.00343	1.00622	1.00079	0.965343	0.976313	0.973471	0.956706	0.992845
970	-1574.378	-1625.536	51.15772	1	0.99663	1.00343	1.00622	1.00079	0.965343	0.976313	0.973471	0.956706	0.992845
980	-1574.19	-1625.348	51.15772	1	0.99663	1.00343	1.00622	1.00079	0.965343	0.976313	0.973471	0.956706	0.992845
990	-1574.752	-1625.91	51.15772	1	0.99663	1.00343	1.00622	1.00079	0.965343	0.976313	0.973471	0.956706	0.992845
1000	-1574.198	-1625.356	51.15772	1	0.99663	1.00343	1.00622	1.00079	0.965343	0.976313	0.973471	0.956706	0.992845
1010	-1574.337	-1625.495	51.15772	1	0.99663	1.00343	1.00622	1.00079	0.965343	0.976313	0.973471	0.956706	0.992845
1020	-1573.912	-1625.069	51.15772	1	0.99663	1.00343	1.00622	1.00079	0.965343	0.976313	0.973471	0.956706	0.992845
1030	-1573.935	-1625.092	51.15772	1	0.99663	1.00343	1.00622	1.00079	0.965343	0.976313	0.973471	0.956706	0.992845
1040	-1574.967	-1626.125	51.15772	1	0.99663	1.00343	1.00622	1.00079	0.965343	0.976313	0.973471	0.956706	0.992845
1050	-1574.077	-1625.235	51.15772	1	0.99663	1.00343	1.00622	1.00079	0.965343	0.976313	0.973471	0.956706	0.992845
1060	-1573.993	-1625.151	51.15772	1	0.99663	1.00343	1.00622	1.00079	0.965343	0.976313	0.973471	0.956706	0.992845
1070	-1574.167	-1625.325	51.15772	1	0.99663	1.00343	1.00622	1.00079	0.965343	0.976313	0.973471	0.956706	0.992845
1080	-1573.989	-1625.147	51.15772	1	0.99663	1.00343	1.00622	1.00079	0.965343	0.976313	0.973471	0.956706	0.992845
1090	-1573.992	-1625.15	51.15772	1	0.99663	1.00343	1.00622	1.00079	0.965343	0.976313	0.973471	0.956706	0.992845
1100	-1573.913	-1625.071	51.15772	1	0.99663	1.00343	1.00622	1.00079	0.965343	0.976313	0.973471	0.956706	0.992845
1110	-1574.159	-1625.317	51.15772	1	0.99663	1.00343	1.00622	1.00079	0.965343	0.976313	0.973471	0.956706	0.992845
1120	-1573.914	-1625.072	51.15772	1	0.99663	1.00343	1.00622	1.00079	0.965343	0.976313	0.973471	0.956706	0.992845
1130	-1574.709	-1625.866	51.15772	1	0.99663	1.00343	1.00622	1.00079	0.965343	0.976313	0.973471	0.956706	0.992845
1140	-1574.004	-1625.162	51.15772	1	0.99663	1.00343	1.00622	1.00079	0.965343	0.976313	0.973471	0.956706	0.992845
1150	-1574.13	-1625.287	51.15772	1	0.99663	1.00343	1.00622	1.00079	0.965343	0.976313	0.973471	0.956706	0.992845
1160	-1573.91	-1625.068	51.15772	1	0.99663	1.00343	1.00622	1.00079	0.965343	0.976313	0.973471	0.956706	0.992845
1170	-1573.913	-1625.07	51.15772	1	0.99663	1.00343	1.00622	1.00079	0.965343	0.976313	0.973471	0.956706	0.992845
1180	-1573.909	-1625.067	51.15772	1	0.99663	1.00343	1.00622	1.00079	0.965343	0.976313	0.973471	0.956706	0.992845
1190	-1573.91	-1625.068	51.15772	1	0.99663	1.00343	1.00622	1.00079	0.965343	0.976313	0.973471	0.956706	0.992845
1200	-1574.286	-1625.444	51.15772	1	0.99663	1.00343	1.00622	1.00079	0.965343	0.976313	0.973471	0.956706	0.992845
1210	-1573.936	-1625.093	51.15772	1	0.99663	1.00343	1.00622	1.00079	0.965343	0.976313	0.973471	0.956706	0.992845
1220	-1574.1	-1625.258	51.15772	1	0.99663	1.00343	1.00622	1.00079	0.965343	0.976313	0.973471	0.956706	0.992845
1230	-1574.004	-1625.162	51.15772	1	0.99663	1.00343	1.00622	1.00079	0.965343	0.976313	0.973471	0.956706	0.992845
1240	-1573.909	-1625.067	51.15772	1	0.99663	1.00343	1.00622	1.00079	0.965343	0.976313	0.973471	0.956706	0.992845
1250	-1573.91	-1625.067	51.15772	1	0.99663	1.00343	1.00622	1.00079	0.965343	0.976313	0.973471	0.956706	0.992845
1260	-1574.306	-1625.464	51.15772	1	0.99663	1.00343	1.00622	1.00079	0.965343	0.976313	0.973471	0.956706	0.992845
1270	-1574.415	-1625.573	51.15772	1	0.99663	1.00343	1.00622	1.00079	0.965343	0.976313	0.973471	0.956706	0.992845
1280	-1574.693	-1625.851	51.15772	1	0.99663	1.00343	1.00622	1.00079	0.965343	0.976313	0.973471	0.956706	0.992845
1290	-1575.109	-1626.267	51.15772	1	0.99663	1.00343	1.00622	1.00079	0.965343	0.976313	0.973471	0.956706	0.992845
1300	-1574.018	-1625.176	51.15772	1	0.99663	1.00343	1.00622	1.00079	0.965343	0.976313	0.973471	0.956706	0.992845
1310	-1574.095	-1625.253	51.15772	1	0.99663	1.00343	1.00622	1.00079	0.965343	0.976313	0.973471	0.956706	0.992845
1320	-1574.164	-1625.322	51.15772	1	0.99663	1.00343	1.00622	1.00079	0.965343	0.976313	0.973471	0.956706	0.992845
1330	-1573.92	-1625.077	51.15772	1	0.99663	1.00343	1.00622	1.00079	0.965343	0.976313	0.973471	0.956706	0.992845
1340	-1575.781	-1626.939	51.15772	1	0.99663	1.00343	1.00622	1.00079	0.965343	0.976313	0.973471	0.956706	0.992845
1350	-1573.942	-1625.1	51.15772	1	0.99663	1.00343	1.00622	1.00079	0.965343	0.976313	0.973471	0.956706	0.992845
1360	-1573.95	-1625.108	51.15772	1	0.99663	1.00343	1.00622	1.00079	0.965343	0.976313	0.973471	0.956706	0.992845
1370	-1576.267	-1627.424	51.15772	1	0.99663	1.00343	1.00622	1.00079	0.965343	0.976313	0.973471	0.956706	0.992845
1380	-1575.2	-1626.358	51.15772	1	0.99663	1.00343	1.00622	1.00079	0.965343	0.976313	0.973471	0.956706	0.992845
1390	-1574.457	-1625.615	51.15772	1	0.99663	1.00343	1.00622	1.00079	0.965343	0.976313	0.973471	0.956706	0.992845
1400	-1574.621	-1625.779	51.15772	1	0.99663	1.00343	1.00622	1.00079	0.965343	0.976313	0.973471	0.956706	0.992845
1410	-1573.927	-1625.085	51.15772	1	0.99663	1.00343	1.00622	1.00079	0.965343	0.976313	0.973471	0.956706	0.992845
1420	-1573.984	-1625.141	51.15772	1	0.99663	1.00343	1.00622	1.00079	0.965343	0.976313	0.973471	0.956706	0.992845
1430	-1573.925	-1625.082	51.15772	1	0.99663	1.00343	1.00622	1.00079	0.965343	0.976313	0.973471	0.956706	0.992845
1440	-1573.912	-1625.07	51.15772	1	0.99663	1.00343	1.00622	1.00079	0.965343	0.976313	0.973471	0.956706	0.992845
1450	-1573.91	-1625.068	51.15772	1	0.99663	1.00343	1.00622	1.00079	0.965343	0.976313	0.973471	0.956706	0.992845
1460	-1573.971	-1625.129	51.15772	1	0.99663	1.00343	1.00622	1.00079	0.965343	0.976313	0.973471	0.956706	0.992845
1470	-1575.565	-1626.723	51.15772	1	0.99663	1.00343	1.00622	1.00079	0.965343	0.976313	0.973471	0.956706	0.992845
1480	-1574.787	-1625.945	51.15772	1	0.99663	1.00343	1.00622	1.00079	0.965343	0.976313	0.973471	0.956706	0.992845
1490	-1573.966	-1625.124	51.15772	1	0.99663	1.00343	1.00622	1.00079	0.965343	0.976313	0.973471	0.956706	0.992845
1500	-1574.09	-1625.248	51.15772	1	0.99663	1.00343	1.00622	1.00079	0.965343	0.976313	0.973471	0.956706	0.992845
1510	-1573.943	-1625.101	51.15772	1	0.99663	1.00343	1.00622	1.00079	0.965343	0.976313	0.973471	0.956706	0.992845
1520	-1573.932	-1625.09	51.15772	1	0.99663	1.00343	1.00622	1.00079	0.965343	0.976313	0.973471	0.956706	0.992845
1530	-1574.232	-1625.39	51.15772	1	0.99663	1.00343	1.00622	1.00079	0.965343	0.976313	0.973471	0.956706	0.992845
1540	-1574.504	-1625.662	51.15772	1	0.99663	1.00343	1.00622	1.00079	0.965343	0.976313	0.973471	0.956706	0.992845
1550	-1574.535	-1625.693	51.15772	1	0.99663	1.00343	1.00622	1.00079	0.965343	0.976313	0.973471	0.956706	0.992845
1560	-1574.707	-1625.865	51.15772	1	0.99663	1.00343	1.00622	1.00079	0.965343	0.976313	0.973471	0.956706	0.992845
1570	-1573.924	-1625.081	51.15772	1	0.99663	1.00343	1.00622	1.00079	0.965343	0.976313	0.973471	0.956706	0.992845
1580	-1574.007	-1625.165	51.15772	1	0.99663	1.00343	1.00622	1.00079	0.965343	0.976313	0.973471	0.956706	0.992845
1590	-1575.071	-1626.229	51.15772	1	0.99663	1.00343	1.00622	1.00079	0.965343	0.976313	0.973471	0.956706	0.992845
1600	-1574.157	-1625.314	51.15772	1	0.99663	1.00343	1.00622	1.00079	0.965343	0.976313	0.973471	0.956706	0.992845
1610	-1574.11	-1625.267	51.15772	1	0.99663	1.00343	1.00622	1.00079	0.965343	0.976313	0.973471	0.956706	0.992845
1620	-1573.911	-1625.069	51.15772	1	0.99663	1.00343	1.00622	1.00079	0.965343	0.976313	0.973471	0.956706	0.992845
1630	-1574.192	-1625.349	51.15772	1	0.99663	1.00343	1.00622	1.00079	0.965343	0.976313	0.973471	0.956706	0.992845
1640	-1573.986	-1625.144	51.15772	1	0.99663	1.00343	1.00622	1.00079	0.965343	0.976313	0.973471	0.956706	0.992845
1650	-1573.944	-1625.101	51.15772	1	0.99663	1.00343	1.00622	1.00079	0.965343	0.976313	0.973471	0.956706	0.992845
1660	-1575.913	-1627.071	51.15772	1	0.99663	1.00343	1.00622	1.00079	0.965343	0.976313	0.973471	0.956706	0.992845
1670	-1573.918	-1625.075	51.15772	1	0.99663	1.00343	1.00622	1.00079	0.965343	0.976313	0.973471	0.956706	0.992845
1680	-1573.983	-1625.141	51.15772	1	0.99663	1.00343	1.00622	1.00079	0.965343	0.976313	0.973471	0.956706	0.992845
1690	-1575.415	-1626.573	51.15772	1	0.99663	1.00343	1.00622	1.00079	0.965343	0.976313	0.973471	0.956706	0.992845
1700	-1575.296	-1626.453	51.15772	1	0.99663	1.00343	1.00622	1.00079	0.965343	0.976313	0.973471	0.956706	0.992845
1710	-1573.979	-1625.137	51.15772	1	0.99663	1.00343	1.00622	1.00079	0.965343	0.976313	0.973471	0.956706	0.992845
1720	-1574.463	-1625.621	51.15772	1	0.99663	1.00343	1.00622	1.00079	0.965343	0.976313	0.973471	0.956706	0.992845
1730	-1574.559	-1625.717	51.15772	1	0.99663	1.00343	1.00622	1.00079	0.965343	0.976313	0.973471	0.956706	0.992845
1740	-1575.161	-1626.319	51.15772	1	0.99663	1.00343	1.00622	1.00079	0.965343	0.976313	0.973471	0.956706	0.992845
1750	-1574.4	-1625.558	51.15772	1	0.99663	1.00343	1.00622	1.00079	0.965343	0.976313	0.973471	0.956706	0.992845
1760	-1574.45	-1625.608	51.15772	1	0.99663	1.00343	1.00622	1.00079	0.965343	0.976313	0.973471	0.956706	0.992845
1770	-1574.479	-1625.636	51.15772	1	0.99663	1.00343	1.00622	1.00079	0.965343	0.976313	0.973471	0.956706	0.992845
1780	-1573.932	-1625.09	51.15772	1	0.99663	1.00343	1.00622	1.00079	0.965343	0.976313	0.973471	0.956706	0.992845
1790	-1573.99	-1625.148	51.15772	1	0.99663	1.00343	1.00622	1.00079	0.965343	0.976313	0.973471	0.956706	0.992845
1800	-1575.296	-1626.453	51.15772	1	0.99663	1.00343	1.00622	1.00079	0.965343	0.976313	0.973471	0.956706	0.992845
1810	-1574.224	-1625.382	51.15772	1	0.99663	1.00343	1.00622	1.00079	0.965343	0.976313	0.973471	0.956706	0.992845
1820	-1574.058	-1625.215	51.15772	1	0.99663	1.00343	1.00622	1.00079	0.965343	0.976313	0.973471	0.956706	0.992845
1830	-1576.757	-1627.915	51.15772	1	0.99663	1.00343	1.00622	1.00079	0.965343	0.976313	0.973471	0.956706	0.992845
1840	-1574.002	-1625.16	51.15772	1	0.99663	1.00343	1.00622	1.00079	0.965343	0.976313	0.973471	0.956706	0.992845
1850	-1574.017	-1625.175	51.15772	1	0.99663	1.00343	1.00622	1.00079	0.965343	0.976313	0.973471	0.956706	0.992845
1860	-1573.912	-1625.07	51.15772	1	0.99663	1.00343	1.00622	1.00079	0.965343	0.976313	0.973471	0.956706	0.992845
1870	-1574.18	-1625.338	51.15772	1	0.99663	1.00343	1.00622	1.00079	0.965343	0.976313	0.973471	0.956706	0.992845
1880	-1574.256	-1625.413	51.15772	1	0.99663	1.00343	1.00622	1.00079	0.965343	0.976313	0.973471	0.956706	0.992845
1890	-1573.926	-1625.084	51.15772	1	0.99663	1.00343	1.00622	1.00079	0.965343	0.976313	0.973471	0.956706	0.992845
1900	-1574.3	-1625.458	51.15772	1	0.99663	1.00343	1.00622	1.00079	0.965343	0.976313	0.973471	0.956706	0.992845
1910	-1573.948	-1625.105	51.15772	1	0.99663	1.00343	1.00622	1.00079	0.965343	0.976313	0.973471	0.956706	0.992845
1920	-1575.55	-1626.707	51.15772	1	0.99663	1.00343	1.00622	1.00079	0.965343	0.976313	0.973471	0.956706	0.992845
1930	-1573.959	-1625.116	51.15772	1	0.99663	1.00343	1.00622	1.00079	0.965343	0.976313	0.973471	0.956706	0.992845
1940	-1574.214	-1625.372	51.15772	1	0.99663	1.00343	1.00622	1.00079	0.965343	0.976313	0.973471	0.956706	0.992845
1950	-1573.912	-1625.069	51.15772	1	0.99663	1.00343	1.00622	1.00079	0.965343	0.976313	0.973471	0.956706	0.992845
1960	-1574.167	-1625.324	51.15772	1	0.99663	1.00343	1.00622	1.00079	0.965343	0.976313	0.973471	0.956706	0.992845
1970	-1574.133	-1625.291	51.15772	1	0.99663	1.00343	1.00622	1.00079	0.965343	0.976313	0.973471	0.956706	0.992845
1980	-1575.185	-1626.342	51.15772	1	0.99663	1.00343	1.00622	1.00079	0.965343	0.976313	0.973471	0.956706	0.992845
1990	-1573.911	-1625.069	51.15772	1	0.99663	1.00343	1.00622	1.00079	0.965343	0.976313	0.973471	0.956706	0.992845
2000	-1575.162	-1626.32	51.15772	1	0.99663	1.00343	1.00622	1.00079	0.965343	0.976313	0.973471	0.956706	0.992845
2010	-1573.979	-1625.137	51.15772	1	0.99663	1.00343	1.00622	1.00079	0.965343	0.976313	0.973471	0.956706	0.992845
2020	-1574.222	-1625.38	51.15772	1	0.99663	1.00343	1.00622	1.00079	0.965343	0.976313	0.973471	0.956706	0.992845
2030	-1573.912	-1625.069	51.15772	1	0.99663	1.00343	1.00622	1.00079	0.965343	0.976313	0.973471	0.956706	0.992845
2040	-1573.91	-1625.067	51.15772	1	0.99663	1.00343	1.00622	1.00079	0.965343	0.976313	0.973471	0.956706	0.992845
2050	-1575.193	-1626.351	51.15772	1	0.99663	1.00343	1.00622	1.00079	0.965343	0.976313	0.973471	0.956706	0.992845
2060	-1574.883	-1626.041	51.15772	1	0.99663	1.00343	1.00622	1.00079	0.965343	0.976313	0.973471	0.956706	0.992845
2070	-1573.914	-1625.072	51.15772	1	0.99663	1.00343	1.00622	1.00079	0.965343	0.976313	0.973471	0.956706	0.992845
2080	-1574.076	-1625.234	51.15772	1	0.99663	1.00343	1.00622	1.00079	0.965343	0.976313	0.973471	0.956706	0.992845
2090	-1574.511	-1625.668	51.15772	1	0.99663	1.00343	1.00622	1.00079	0.965343	0.976313	0.973471	0.956706	0.992845
2100	-1573.947	-1625.105	51.15772	1	0.99663	1.00343	1.00622	1.00079	0.965343	0.976313	0.973471	0.956706	0.992845
2110	-1575.685	-1626.843	51.15772	1	0.99663	1.00343	1.00622	1.00079	0.965343	0.976313	0.973471	0.956706	0.992845
2120	-1574.173	-1625.331	51.15772	1	0.99663	1.00343	1.00622	1.00079	0.965343	0.976313	0.973471	0.956706	0.992845
2130	-1576.031	-1627.189	51.15772	1	0.99663	1.00343	1.00622	1.00079	0.965343	0.976313	0.973471	0.956706	0.992845
2140	-1575.139	-1626.297	51.15772	1	0.99663	1.00343	1.00622	1.00079	0.965343	0.976313	0.973471	0.956706	0.992845
2150	-1574.198	-1625.355	51.15772	1	0.99663	1.00343	1.00622	1.00079	0.965343	0.976313	0.973471	0.956706	0.992845
2160	-1574.088	-1625.246	51.15772	1	0.99663	1.00343	1.00622	1.00079	0.965343	0.976313	0.973471	0.956706	0.992845
2170	-1573.939	-1625.096	51.15772	1	0.99663	1.00343	1.00622	1.00079	0.965343	0.976313	0.973471	0.956706	0.992845
2180	-1575.649	-1626.807	51.15772	1	0.99663	1.00343	1.00622	1.00079	0.965343	0.976313	0.973471	0.956706	0.992845
2190	-1574.02	-1625.178	51.15772	1	0.99663	1.00343	1.00622	1.00079	0.965343	0.976313	0.973471	0.956706	0.992845
2200	-1575.221	-1626.379	51.15772	1	0.99663	1.00343	1.00622	1.00079	0.965343	0.976313	0.973471	0.956706	0.992845
2210	-1573.91	-1625.068	51.15772	1	0.99663	1.00343	1.00622	1.00079	0.965343	0.976313	0.973471	0.956706	0.992845
2220	-1574.554	-1625.712	51.15772	1	0.99663	1.00343	1.00622	1.00079	0.965343	0.976313	0.973471	0.956706	0.992845
2230	-1573.929	-1625.087	51.15772	1	0.99663	1.00343	1.00622	1.00079	0.965343	0.976313	0.973471	0.956706	0.992845
2240	-1573.93	-1625.087	51.15772	1	0.99663	1.00343	1.00622	1.00079	0.965343	0.976313	0.973471	0.956706	0.992845
2250	-1575.275	-1626.433	51.15772	1	0.99663	1.00343	1.00622	1.00079	0.965343	0.976313	0.973471	0.956706	0.992845
2260	-1574.293	-1625.451	51.15772	1	0.99663	1.00343	1.00622	1.00079	0.965343	0.976313	0.973471	0.956706	0.992845
2270	-1573.925	-1625.083	51.15772	1	0.99663	1.00343	1.00622	1.00079	0.965343	0.976313	0.973471	0.956706	0.992845
2280	-1574.02	-1625.178	51.15772	1	0.99663	1.00343	1.00622	1.00079	0.965343	0.976313	0.973471	0.956706	0.992845
2290	-1574.13	-1625.288	51.15772	1	0.99663	1.00343	1.00622	1.00079	0.965343	0.976313	0.973471	0.956706	0.992845
2300	-1574.753	-1625.911	51.15772	1	0.99663	1.00343	1.00622	1.00079	0.965343	0.976313	0.973471	0.956706	0.992845
2310	-1574.269	-1625.427	51.15772	1	0.99663	1.00343	1.00622	1.00079	0.965343	0.976313	0.973471	0.956706	0.992845
2320	-1575.087	-1626.245	51.15772	1	0.99663	1.00343	1.00622	1.00079	0.965343	0.976313	0.973471	0.956706	0.992845
2330	-1574.961	-1626.118	51.15772	1	0.99663	1.00343	1.00622	1.00079	0.965343	0.976313	0.973471	0.956706	0.992845
2340	-1574.412	-1625.569	51.15772	1	0.99663	1.00343	1.00622	1.00079	0.965343	0.976313	0.973471	0.956706	0.992845
2350	-1574.129	-1625.287	51.15772	1	0.99663	1.00343	1.00622	1.00079	0.965343	0.976313	0.973471	0.956706	0.992845
2360	-1574.093	-1625.251	51.15772	1	0.99663	1.00343	1.00622	1.00079	0.965343	0.976313	0.973471	0.956706	0.992845
2370	-1574.152	-1625.31	51.15772	1	0.99663	1.00343	1.00622	1.00079	0.965343	0.976313	0.973471	0.956706	0.992845
2380	-1574.592	-1625.75	51.15772	1	0.99663	1.00343	1.00622	1.00079	0.965343	0.976313	0.973471	0.956706	0.992845
2390	-1574.764	-1625.921	51.15772	1	0.99663	1.00343	1.00622	1.00079	0.965343	0.976313	0.973471	0.956706	0.992845
2400	-1576.244	-1627.402	51.15772	1	0.99663	1.00343	1.00622	1.00079	0.965343	0.976313	0.973471	0.956706	0.992845
2410	-1574.718	-1625.875	51.15772	1	0.99663	1.00343	1.00622	1.00079	0.965343	0.976313	0.973471	0.956706	0.992845
2420	-1574.127	-1625.285	51.15772	1	0.99663	1.00343	1.00622	1.00079	0.965343	0.976313	0.973471	0.956706	0.992845
2430	-1573.942	-1625.1	51.15772	1	0.99663	1.00343	1.00622	1.00079	0.965343	0.976313	0.973471	0.956706	0.992845
2440	-1574.327	-1625.485	51.15772	1	0.99663	1.00343	1.00622	1.00079	0.965343	0.976313	0.973471	0.956706	0.992845
2450	-1574.165	-1625.323	51.15772	1	0.99663	1.00343	1.00622	1.00079	0.965343	0.976313	0.973471	0.956706	0.992845
2460	-1575.232	-1626.39	51.15772	1	0.99663	1.00343	1.00622	1.00079	0.965343	0.976313	0.973471	0.956706	0.992845
2470	-1573.918	-1625.076	51.15772	1	0.99663	1.00343	1.00622	1.00079	0.965343	0.976313	0.973471	0.956706	0.992845
2480	-1575.139	-1626.297	51.15772	1	0.99663	1.00343	1.00622	1.00079	0.965343	0.976313	0.973471	0.956706	0.992845
2490	-1573.917	-1625.075	51.15772	1	0.99663	1.00343	1.00622	1.00079	0.965343	0.976313	0.973471	0.956706	0.992845
2500	-1573.973	-1625.131	51.15772	1	0.99663	1.00343	1.00622	1.00079	0.965343	0.976313	0.973471	0.956706	0.992845
2510	-1573.998	-1625.156	51.15772	1	0.99663	1.00343	1.00622	1.00079	0.965343	0.976313	0.973471	0.956706	0.992845
2520	-1573.982	-1625.14	51.15772	1	0.99663	1.00343	1.00622	1.00079	0.965343	0.976313	0.973471	0.956706	0.992845
2530	-1573.94	-1625.097	51.15772	1	0.99663	1.00343	1.00622	1.00079	0.965343	0.976313	0.973471	0.956706	0.992845
2540	-1573.95	-1625.108	51.15772	1	0.99663	1.00343	1.00622	1.00079	0.965343	0.976313	0.973471	0.956706	0.992845
2550	-1574.415	-1625.572	51.15772	1	0.99663	1.00343	1.00622	1.00079	0.965343	0.976313	0.973471	0.956706	0.992845
2560	-1574.368	-1625.525	51.15772	1	0.99663	1.00343	1.00622	1.00079	0.965343	0.976313	0.973471	0.956706	0.992845
2570	-1573.912	-1625.069	51.15772	1	0.99663	1.00343	1.00622	1.00079	0.965343	0.976313	0.973471	0.956706	0.992845
2580	-1574.13	-1625.288	51.15772	1	0.99663	1.00343	1.00622	1.00079	0.965343	0.976313	0.973471	0.956706	0.992845
2590	-1574.41	-1625.568	51.15772	1	0.99663	1.00343	1.00622	1.00079	0.965343	0.976313	0.973471	0.956706	0.992845
2600	-1574.097	-1625.255	51.15772	1	0.99663	1.00343	1.00622	1.00079	0.965343	0.976313	0.973471	0.956706	0.992845
2610	-1574.287	-1625.445	51.15772	1	0.99663	1.00343	1.00622	1.00079	0.965343	0.976313	0.973471	0.956706	0.992845
2620	-1574.004	-1625.162	51.15772	1	0.99663	1.00343	1.00622	1.00079	0.965343	0.976313	0.973471	0.956706	0.992845
2630	-1574.123	-1625.281	51.15772	1	0.99663	1.00343	1.00622	1.00079	0.965343	0.976313	0.973471	0.956706	0.992845
2640	-1574.077	-1625.235	51.15772	1	0.99663	1.00343	1.00622	1.00079	0.965343	0.976313	0.973471	0.956706	0.992845
2650	-1573.987	-1625.145	51.15772	1	0.99663	1.00343	1.00622	1.00079	0.965343	0.976313	0.973471	0.956706	0.992845
2660	-1574.017	-1625.175	51.15772	1	0.99663	1.00343	1.00622	1.00079	0.965343	0.976313	0.973471	0.956706	0.992845
2670	-1573.943	-1625.101	51.15772	1	0.99663	1.00343	1.00622	1.00079	0.965343	0.976313	0.973471	0.956706	0.992845
2680	-1574.607	-1625.765	51.15772	1	0.99663	1.00343	1.00622	1.00079	0.965343	0.976313	0.973471	0.956706	0.992845
2690	-1574.202	-1625.359	51.15772	1	0.99663	1.00343	1.00622	1.00079	0.965343	0.976313	0.973471	0.956706	0.992845
2700	-1574.868	-1626.026	51.15772	1	0.99663	1.00343	1.00622	1.00079	0.965343	0.976313	0.973471	0.956706	0.992845
2710	-1573.919	-1625.077	51.15772	1	0.99663	1.00343	1.00622	1.00079	0.965343	0.976313	0.973471	0.956706	0.992845
2720	-1573.91	-1625.068	51.15772	1	0.99663	1.00343	1.00622	1.00079	0.965343	0.976313	0.973471	0.956706	0.992845
2730	-1574.195	-1625.352	51.15772	1	0.99663	1.00343	1.00622	1.00079	0.965343	0.976313	0.973471	0.956706	0.992845
2740	-1574.439	-1625.596	51.15772	1	0.99663	1.00343	1.00622	1.00079	0.965343	0.976313	0.973471	0.956706	0.992845
2750	-1574.328	-1625.486	51.15772	1	0.99663	1.00343	1.00622	1.00079	0.965343	0.976313	0.973471	0.956706	0.992845
2760	-1574.161	-1625.318	51.15772	1	0.99663	1.00343	1.00622	1.00079	0.965343	0.976313	0.973471	0.956706	0.992845
2770	-1574.036	-1625.193	51.15772	1	0.99663	1.00343	1.00622	1.00079	0.965343	0.976313	0.973471	0.956706	0.992845
2780	-1574.137	-1625.294	51.15772	1	0.99663	1.00343	1.00622	1.00079	0.965343	0.976313	0.973471	0.956706	0.992845
2790	-1574.341	-1625.499	51.15772	1	0.99663	1.00343	1.00622	1.00079	0.965343	0.976313	0.973471	0.956706	0.992845
2800	-1574.055	-1625.213	51.15772	1	0.99663	1.00343	1.00622	1.00079	0.965343	0.976313	0.973471	0.956706	0.992845
2810	-1575.38	-1626.537	51.15772	1	0.99663	1.00343	1.00622	1.00079	0.965343	0.976313	0.973471	0.956706	0.992845
2820	-1574.164	-1625.321	51.15772	1	0.99663	1.00343	1.00622	1.00079	0.965343	0.976313	0.973471	0.956706	0.992845
2830	-1575.067	-1626.225	51.15772	1	0.99663	1.00343	1.00622	1.00079	0.965343	0.976313	0.973471	0.956706	0.992845
2840	-1574.133	-1625.291	51.15772	1	0.99663	1.00343	1.00622	1.00079	0.965343	0.976313	0.973471	0.956706	0.992845
2850	-1575.202	-1626.36	51.15772	1	0.99663	1.00343	1.00622	1.00079	0.965343	0.976313	0.973471	0.956706	0.992845
2860	-1574.02	-1625.178	51.15772	1	0.99663	1.00343	1.00622	1.00079	0.965343	0.976313	0.973471	0.956706	0.992845
2870	-1574.393	-1625.551	51.15772	1	0.99663	1.00343	1.00622	1.00079	0.965343	0.976313	0.973471	0.956706	0.992845
2880	-1575.858	-1627.016	51.15772	1	0.99663	1.00343	1.00622	1.00079	0.965343	0.976313	0.973471	0.956706	0.992845
2890	-1574.98	-1626.137	51.15772	1	0.99663	1.00343	1.00622	1.00079	0.965343	0.976313	0.973471	0.956706	0.992845
2900	-1574.142	-1625.3	51.15772	1	0.99663	1.00343	1.00622	1.00079	0.965343	0.976313	0.973471	0.956706	0.992845
2910	-1573.965	-1625.123	51.15772	1	0.99663	1.00343	1.00622	1.00079	0.965343	0.976313	0.973471	0.956706	0.992845
2920	-1573.909	-1625.067	51.15772	1	0.99663	1.00343	1.00622	1.00079	0.965343	0.976313	0.973471	0.956706	0.992845
2930	-1573.963	-1625.121	51.15772	1	0.99663	1.00343	1.00622	1.00079	0.965343	0.976313	0.973471	0.956706	0.992845
2940	-1575.688	-1626.845	51.15772	1	0.99663	1.00343	1.00622	1.00079	0.965343	0.976313	0.973471	0.956706	0.992845
2950	-1574.457	-1625.615	51.15772	1	0.99663	1.00343	1.00622	1.00079	0.965343	0.976313	0.973471	0.956706	0.992845
2960	-1573.945	-1625.103	51.15772	1	0.99663	1.00343	1.00622	1.00079	0.965343	0.976313	0.973471	0.956706	0.992845
2970	-1573.913	-1625.071	51.15772	1	0.99663	1.00343	1.00622	1.00079	0.965343	0.976313	0.973471	0.956706	0.992845
2980	-1573.923	-1625.081	51.15772	1	0.99663	1.00343	1.00622	1.00079	0.965343	0.976313	0.973471	0.956706	0.992845
2990	-1575.201	-1626.358	51.15772	1	0.99663	1.00343	1.00622	1.00079	0.965343	0.976313	0.973471	0.956706	0.992845
3000	-1575.689	-1626.846	51.15772	1	0.99663	1.00343	1.00622	1.00079	0.965343	0.976313	0.973471	0.956706	0.992845
3010	-1573.946	-1625.104	51.15772	1	0.99663	1.00343	1.00622	1.00079	0.965343	0.976313	0.973471	0.956706	0.992845
3020	-1574.707	-1625.865	51.15772	1	0.99663	1.00343	1.00622	1.00079	0.965343	0.976313	0.973471	0.956706	0.992845
3030	-1573.921	-1625.079	51.15772	1	0.99663	1.00343	1.00622	1.00079	0.965343	0.976313	0.973471	0.956706	0.992845
3040	-1573.93	-1625.088	51.15772	1	0.99663	1.00343	1.00622	1.00079	0.965343	0.976313	0.973471	0.956706	0.992845
3050	-1573.913	-1625.07	51.15772	1	0.99663	1.00343	1.00622	1.00079	0.965343	0.976313	0.973471	0.956706	0.992845
3060	-1574.455	-1625.613	51.15772	1	0.99663	1.00343	1.00622	1.00079	0.965343	0.976313	0.973471	0.956706	0.992845
3070	-1574.876	-1626.034	51.15772	1	0.99663	1.00343	1.00622	1.00079	0.965343	0.976313	0.973471	0.956706	0.992845
3080	-1574.206	-1625.364	51.15772	1	0.99663	1.00343	1.00622	1.00079	0.965343	0.976313	0.973471	0.956706	0.992845
3090	-1573.988	-1625.146	51.15772	1	0.99663	1.00343	1.00622	1.00079	0.965343	0.976313	0.973471	0.956706	0.992845
3100	-1574.412	-1625.57	51.15772	1	0.99663	1.00343	1.00622	1.00079	0.965343	0.976313	0.973471	0.956706	0.992845
3110	-1576.384	-1627.542	51.15772	1	0.99663	1.00343	1.00622	1.00079	0.965343	0.976313	0.973471	0.956706	0.992845
3120	-1573.925	-1625.083	51.15772	1	0.99663	1.00343	1.00622	1.00079	0.965343	0.976313	0.973471	0.956706	0.992845
3130	-1574.538	-1625.696	51.15772	1	0.99663	1.00343	1.00622	1.00079	0.965343	0.976313	0.973471	0.956706	0.992845
3140	-1574.494	-1625.652	51.15772	1	0.99663	1.00343	1.00622	1.00079	0.965343	0.976313	0.973471	0.956706	0.992845
3150	-1574.79	-1625.948	51.15772	1	0.99663	1.00343	1.00622	1.00079	0.965343	0.976313	0.973471	0.956706	0.992845
3160	-1574.028	-1625.186	51.15772	1	0.99663	1.00343	1.00622	1.00079	0.965343	0.976313	0.973471	0.956706	0.992845
3170	-1573.911	-1625.069	51.15772	1	0.99663	1.00343	1.00622	1.00079	0.965343	0.976313	0.973471	0.956706	0.992845
3180	-1575.038	-1626.195	51.15772	1	0.99663	1.00343	1.00622	1.00079	0.965343	0.976313	0.973471	0.956706	0.992845
3190	-1574.095	-1625.253	51.15772	1	0.99663	1.00343	1.00622	1.00079	0.965343	0.976313	0.973471	0.956706	0.992845
3200	-1574.04	-1625.198	51.15772	1	0.99663	1.00343	1.00622	1.00079	0.965343	0.976313	0.973471	0.956706	0.992845
3210	-1573.975	-1625.132	51.15772	1	0.99663	1.00343	1.00622	1.00079	0.965343	0.976313	0.973471	0.956706	0.992845
3220	-1574.445	-1625.603	51.15772	1	0.99663	1.00343	1.00622	1.00079	0.965343	0.976313	0.973471	0.956706	0.992845
3230	-1574.123	-1625.281	51.15772	1	0.99663	1.00343	1.00622	1.00079	0.965343	0.976313	0.973471	0.956706	0.992845
3240	-1574.623	-1625.781	51.15772	1	0.99663	1.00343	1.00622	1.00079	0.965343	0.976313	0.973471	0.956706	0.992845
3250	-1574.141	-1625.299	51.15772	1	0.99663	1.00343	1.00622	1.00079	0.965343	0.976313	0.973471	0.956706	0.992845
3260	-1574.55	-1625.708	51.15772	1	0.99663	1.00343	1.00622	1.00079	0.965343	0.976313	0.973471	0.956706	0.992845
3270	-1575.559	-1626.717	51.15772	1	0.99663	1.00343	1.00622	1.00079	0.965343	0.976313	0.973471	0.956706	0.992845
3280	-1573.941	-1625.099	51.15772	1	0.99663	1.00343	1.00622	1.00079	0.965343	0.976313	0.973471	0.956706	0.992845
3290	-1574.069	-1625.226	51.15772	1	0.99663	1.00343	1.00622	1.00079	0.965343	0.976313	0.973471	0.956706	0.992845
3300	-1573.912	-1625.07	51.15772	1	0.99663	1.00343	1.00622	1.00079	0.965343	0.976313	0.973471	0.956706	0.992845
3310	-1574.105	-1625.263	51.15772	1	0.99663	1.00343	1.00622	1.00079	0.965343	0.976313	0.973471	0.956706	0.992845
3320	-1574.171	-1625.328	51.15772	1	0.99663	1.00343	1.00622	1.00079	0.965343	0.976313	0.973471	0.956706	0.992845
3330	-1574.069	-1625.226	51.15772	1	0.99663	1.00343	1.00622	1.00079	0.965343	0.976313	0.973471	0.956706	0.992845
3340	-1573.977	-1625.135	51.15772	1	0.99663	1.00343	1.00622	1.00079	0.965343	0.976313	0.973471	0.956706	0.992845
3350	-1573.934	-1625.092	51.15772	1	0.99663	1.00343	1.00622	1.00079	0.965343	0.976313	0.973471	0.956706	0.992845
3360	-1574.372	-1625.53	51.15772	1	0.99663	1.00343	1.00622	1.00079	0.965343	0.976313	0.973471	0.956706	0.992845
3370	-1574.084	-1625.242	51.15772	1	0.99663	1.00343	1.00622	1.00079	0.965343	0.976313	0.973471	0.956706	0.992845
3380	-1574.042	-1625.2	51.15772	1	0.99663	1.00343	1.00622	1.00079	0.965343	0.976313	0.973471	0.956706	0.992845
3390	-1574.113	-1625.271	51.15772	1	0.99663	1.00343	1.00622	1.00079	0.965343	0.976313	0.973471	0.956706	0.992845
3400	-1574.021	-1625.179	51.15772	1	0.99663	1.00343	1.00622	1.00079	0.965343	0.976313	0.973471	0.956706	0.992845
3410	-1573.918	-1625.076	51.15772	1	0.99663	1.00343	1.00622	1.00079	0.965343	0.976313	0.973471	0.956706	0.992845
3420	-1574.777	-1625.935	51.15772	1	0.99663	1.00343	1.00622	1.00079	0.965343	0.976313	0.973471	0.956706	0.992845
3430	-1574.643	-1625.801	51.15772	1	0.99663	1.00343	1.00622	1.00079	0.965343	0.976313	0.973471	0.956706	0.992845
3440	-1574.078	-1625.236	51.15772	1	0.99663	1.00343	1.00622	1.00079	0.965343	0.976313	0.973471	0.956706	0.992845
3450	-1574.052	-1625.21	51.15772	1	0.99663	1.00343	1.00622	1.00079	0.965343	0.976313	0.973471	0.956706	0.992845
3460	-1574.373	-1625.531	51.15772	1	0.99663	1.00343	1.00622	1.00079	0.965343	0.976313	0.973471	0.956706	0.992845
3470	-1574.09	-1625.247	51.15772	1	0.99663	1.00343	1.00622	1.00079	0.965343	0.976313	0.973471	0.956706	0.992845
3480	-1574.45	-1625.608	51.15772	1	0.99663	1.00343	1.00622	1.00079	0.965343	0.976313	0.973471	0.956706	0.992845
3490	-1574.021	-1625.179	51.15772	1	0.99663	1.00343	1.00622	1.00079	0.965343	0.976313	0.973471	0.956706	0.992845
3500	-1574.568	-1625.725	51.15772	1	0.99663	1.00343	1.00622	1.00079	0.965343	0.976313	0.973471	0.956706	0.992845
3510	-1573.955	-1625.113	51.15772	1	0.99663	1.00343	1.00622	1.00079	0.965343	0.976313	0.973471	0.956706	0.992845
3520	-1574.86	-1626.018	51.15772	1	0.99663	1.00343	1.00622	1.00079	0.965343	0.976313	0.973471	0.956706	0.992845
3530	-1574.057	-1625.214	51.15772	1	0.99663	1.00343	1.00622	1.00079	0.965343	0.976313	0.973471	0.956706	0.992845
3540	-1573.909	-1625.067	51.15772	1	0.99663	1.00343	1.00622	1.00079	0.965343	0.976313	0.973471	0.956706	0.992845
3550	-1574.408	-1625.565	51.15772	1	0.99663	1.00343	1.00622	1.00079	0.965343	0.976313	0.973471	0.956706	0.992845
3560	-1573.932	-1625.089	51.15772	1	0.99663	1.00343	1.00622	1.00079	0.965343	0.976313	0.973471	0.956706	0.992845
3570	-1574.394	-1625.552	51.15772	1	0.99663	1.00343	1.00622	1.00079	0.965343	0.976313	0.973471	0.956706	0.992845
3580	-1574.006	-1625.163	51.15772	1	0.99663	1.00343	1.00622	1.00079	0.965343	0.976313	0.973471	0.956706	0.992845
3590	-1573.923	-1625.08	51.15772	1	0.99663	1.00343	1.00622	1.00079	0.965343	0.976313	0.973471	0.956706	0.992845
3600	-1573.92	-1625.078	51.15772	1	0.99663	1.00343	1.00622	1.00079	0.965343	0.976313	0.973471	0.956706	0.992845
3610	-1575.511	-1626.669	51.15772	1	0.99663	1.00343	1.00622	1.00079	0.965343	0.976313	0.973471	0.956706	0.992845
3620	-1573.913	-1625.071	51.15772	1	0.99663	1.00343	1.00622	1.00079	0.965343	0.976313	0.973471	0.956706	0.992845
3630	-1574.831	-1625.988	51.15772	1	0.99663	1.00343	1.00622	1.00079	0.965343	0.976313	0.973471	0.956706	0.992845
3640	-1573.93	-1625.088	51.15772	1	0.99663	1.00343	1.00622	1.00079	0.965343	0.976313	0.973471	0.956706	0.992845
3650	-1573.927	-1625.084	51.15772	1	0.99663	1.00343	1.00622	1.00079	0.965343	0.976313	0.973471	0.956706	0.992845
3660	-1575.094	-1626.252	51.15772	1	0.99663	1.00343	1.00622	1.00079	0.965343	0.976313	0.973471	0.956706	0.992845
3670	-1574.212	-1625.37	51.15772	1	0.99663	1.00343	1.00622	1.00079	0.965343	0.976313	0.973471	0.956706	0.992845
3680	-1574.075	-1625.233	51.15772	1	0.99663	1.00343	1.00622	1.00079	0.965343	0.976313	0.973471	0.956706	0.992845
3690	-1574.416	-1625.574	51.15772	1	0.99663	1.00343	1.00622	1.00079	0.965343	0.976313	0.973471	0.956706	0.992845
3700	-1573.914	-1625.071	51.15772	1	0.99663	1.00343	1.00622	1.00079	0.965343	0.976313	0.973471	0.956706	0.992845
3710	-1574.089	-1625.247	51.15772	1	0.99663	1.00343	1.00622	1.00079	0.965343	0.976313	0.973471	0.956706	0.992845
3720	-1574.229	-1625.386	51.15772	1	0.99663	1.00343	1.00622	1.00079	0.965343	0.976313	0.973471	0.956706	0.992845
3730	-1574.251	-1625.408	51.15772	1	0.99663	1.00343	1.00622	1.00079	0.965343	0.976313	0.973471	0.956706	0.992845
3740	-1574.017	-1625.174	51.15772	1	0.99663	1.00343	1.00622	1.00079	0.965343	0.976313	0.973471	0.956706	0.992845
3750	-1575.102	-1626.259	51.15772	1	0.99663	1.00343	1.00622	1.00079	0.965343	0.976313	0.973471	0.956706	0.992845
3760	-1573.97	-1625.127	51.15772	1	0.99663	1.00343	1.00622	1.00079	0.965343	0.976313	0.973471	0.956706	0.992845
3770	-1574.435	-1625.592	51.15772	1	0.99663	1.00343	1.00622	1.00079	0.965343	0.976313	0.973471	0.956706	0.992845
3780	-1573.982	-1625.14	51.15772	1	0.99663	1.00343	1.00622	1.00079	0.965343	0.976313	0.973471	0.956706	0.992845
3790	-1574.815	-1625.973	51.15772	1	0.99663	1.00343	1.00622	1.00079	0.965343	0.976313	0.973471	0.956706	0.992845
3800	-1574.176	-1625.333	51.15772	1	0.99663	1.00343	1.00622	1.00079	0.965343	0.976313	0.973471	0.956706	0.992845
3810	-1573.91	-1625.068	51.15772	1	0.99663	1.00343	1.00622	1.00079	0.965343	0.976313	0.973471	0.956706	0.992845
3820	-1573.967	-1625.125	51.15772	1	0.99663	1.00343	1.00622	1.00079	0.965343	0.976313	0.973471	0.956706	0.992845
3830	-1574.01	-1625.167	51.15772	1	0.99663	1.00343	1.00622	1.00079	0.965343	0.976313	0.973471	0.956706	0.992845
3840	-1574.434	-1625.592	51.15772	1	0.99663	1.00343	1.00622	1.00079	0.965343	0.976313	0.973471	0.956706	0.992845
3850	-1573.913	-1625.071	51.15772	1	0.99663	1.00343	1.00622	1.00079	0.965343	0.976313	0.973471	0.956706	0.992845
3860	-1574.764	-1625.922	51.15772	1	0.99663	1.00343	1.00622	1.00079	0.965343	0.976313	0.973471	0.956706	0.992845
3870	-1574.01	-1625.168	51.15772	1	0.99663	1.00343	1.00622	1.00079	0.965343	0.976313	0.973471	0.956706	0.992845
3880	-1573.926	-1625.084	51.15772	1	0.99663	1.00343	1.00622	1.00079	0.965343	0.976313	0.973471	0.956706	0.992845
3890	-1574.003	-1625.161	51.15772	1	0.99663	1.00343	1.00622	1.00079	0.965343	0.976313	0.973471	0.956706	0.992845
3900	-1574.569	-1625.727	51.15772	1	0.99663	1.00343	1.00622	1.00079	0.965343	0.976313	0.973471	0.956706	0.992845
3910	-1574.307	-1625.465	51.15772	1	0.99663	1.00343	1.00622	1.00079	0.965343	0.976313	0.973471	0.956706	0.992845
3920	-1573.921	-1625.079	51.15772	1	0.99663	1.00343	1.00622	1.00079	0.965343	0.976313	0.973471	0.956706	0.992845
3930	-1574.763	-1625.921	51.15772	1	0.99663	1.00343	1.00622	1.00079	0.965343	0.976313	0.973471	0.956706	0.992845
3940	-1574.258	-1625.415	51.15772	1	0.99663	1.00343	1.00622	1.00079	0.965343	0.976313	0.973471	0.956706	0.992845
3950	-1573.91	-1625.068	51.15772	1	0.99663	1.00343	1.00622	1.00079	0.965343	0.976313	0.973471	0.956706	0.992845
3960	-1573.956	-1625.114	51.15772	1	0.99663	1.00343	1.00622	1.00079	0.965343	0.976313	0.973471	0.956706	0.992845
3970	-1574.08	-1625.238	51.15772	1	0.99663	1.00343	1.00622	1.00079	0.965343	0.976313	0.973471	0.956706	0.992845
3980	-1575.054	-1626.212	51.15772	1	0.99663	1.00343	1.00622	1.00079	0.965343	0.976313	0.973471	0.956706	0.992845
3990	-1574.14	-1625.298	51.15772	1	0.99663	1.00343	1.00622	1.00079	0.965343	0.976313	0.973471	0.956706	0.992845
4000	-1574.601	-1625.759	51.15772	1	0.99663	1.00343	1.00622	1.00079	0.965343	0.976313	0.973471	0.956706	0.992845
4010	-1573.911	-1625.068	51.15772	1	0.99663	1.00343	1.00622	1.00079	0.965343	0.976313	0.973471	0.956706	0.992845
4020	-1575.035	-1626.193	51.15772	1	0.99663	1.00343	1.00622	1.00079	0.965343	0.976313	0.973471	0.956706	0.992845
4030	-1574.47	-1625.627	51.15772	1	0.99663	1.00343	1.00622	1.00079	0.965343	0.976313	0.973471	0.956706	0.992845
4040	-1574.913	-1626.071	51.15772	1	0.99663	1.00343	1.00622	1.00079	0.965343	0.976313	0.973471	0.956706	0.992845
4050	-1574.109	-1625.267	51.15772	1	0.99663	1.00343	1.00622	1.00079	0.965343	0.976313	0.973471	0.956706	0.992845
4060	-1574.36	-1625.518	51.15772	1	0.99663	1.00343	1.00622	1.00079	0.965343	0.976313	0.973471	0.956706	0.992845
4070	-1574.116	-1625.274	51.15772	1	0.99663	1.00343	1.00622	1.00079	0.965343	0.976313	0.973471	0.956706	0.992845
4080	-1574.619	-1625.777	51.15772	1	0.99663	1.00343	1.00622	1.00079	0.965343	0.976313	0.973471	0.956706	0.992845
4090	-1573.919	-1625.077	51.15772	1	0.99663	1.00343	1.00622	1.00079	0.965343	0.976313	0.973471	0.956706	0.992845
4100	-1574.436	-1625.594	51.15772	1	0.99663	1.00343	1.00622	1.00079	0.965343	0.976313	0.973471	0.956706	0.992845
4110	-1573.911	-1625.068	51.15772	1	0.99663	1.00343	1.00622	1.00079	0.965343	0.976313	0.973471	0.956706	0.992845
4120	-1573.945	-1625.103	51.15772	1	0.99663	1.00343	1.00622	1.00079	0.965343	0.976313	0.973471	0.956706	0.992845
4130	-1574.056	-1625.213	51.15772	1	0.99663	1.00343	1.00622	1.00079	0.965343	0.976313	0.973471	0.956706	0.992845
4140	-1574.023	-1625.18	51.15772	1	0.99663	1.00343	1.00622	1.00079	0.965343	0.976313	0.973471	0.956706	0.992845
4150	-1573.978	-1625.135	51.15772	1	0.99663	1.00343	1.00622	1.00079	0.965343	0.976313	0.973471	0.956706	0.992845
4160	-1573.959	-1625.117	51.15772	1	0.99663	1.00343	1.00622	1.00079	0.965343	0.976313	0.973471	0.956706	0.992845
4170	-1573.945	-1625.103	51.15772	1	0.99663	1.00343	1.00622	1.00079	0.965343	0.976313	0.973471	0.956706	0.992845
4180	-1574.128	-1625.286	51.15772	1	0.99663	1.00343	1.00622	1.00079	0.965343	0.976313	0.973471	0.956706	0.992845
4190	-1573.968	-1625.126	51.15772	1	0.99663	1.00343	1.00622	1.00079	0.965343	0.976313	0.973471	0.956706	0.992845
4200	-1574.009	-1625.167	51.15772	1	0.99663	1.00343	1.00622	1.00079	0.965343	0.976313	0.973471	0.956706	0.992845
4210	-1574.31	-1625.468	51.15772	1	0.99663	1.00343	1.00622	1.00079	0.965343	0.976313	0.973471	0.956706	0.992845
4220	-1574.171	-1625.329	51.15772	1	0.99663	1.00343	1.00622	1.00079	0.965343	0.976313	0.973471	0.956706	0.992845
4230	-1574.085	-1625.243	51.15772	1	0.99663	1.00343	1.00622	1.00079	0.965343	0.976313	0.973471	0.956706	0.992845
4240	-1573.947	-1625.105	51.15772	1	0.99663	1.00343	1.00622	1.00079	0.965343	0.976313	0.973471	0.956706	0.992845
4250	-1574.41	-1625.568	51.15772	1	0.99663	1.00343	1.00622	1.00079	0.965343	0.976313	0.973471	0.956706	0.992845
4260	-1574.265	-1625.423	51.15772	1	0.99663	1.00343	1.00622	1.00079	0.965343	0.976313	0.973471	0.956706	0.992845
4270	-1574.049	-1625.207	51.15772	1	0.99663	1.00343	1.00622	1.00079	0.965343	0.976313	0.973471	0.956706	0.992845
4280	-1575.517	-1626.675	51.15772	1	0.99663	1.00343	1.00622	1.00079	0.965343	0.976313	0.973471	0.956706	0.992845
4290	-1575.388	-1626.546	51.15772	1	0.99663	1.00343	1.00622	1.00079	0.965343	0.976313	0.973471	0.956706	0.992845
4300	-1573.924	-1625.081	51.15772	1	0.99663	1.00343	1.00622	1.00079	0.965343	0.976313	0.973471	0.956706	0.992845
4310	-1573.992	-1625.15	51.15772	1	0.99663	1.00343	1.00622	1.00079	0.965343	0.976313	0.973471	0.956706	0.992845
4320	-1576.166	-1627.323	51.15772	1	0.99663	1.00343	1.00622	1.00079	0.965343	0.976313	0.973471	0.956706	0.992845
4330	-1574.278	-1625.436	51.15772	1	0.99663	1.00343	1.00622	1.00079	0.965343	0.976313	0.973471	0.956706	0.992845
4340	-1573.958	-1625.116	51.15772	1	0.99663	1.00343	1.00622	1.00079	0.965343	0.976313	0.973471	0.956706	0.992845
4350	-1574.099	-1625.257	51.15772	1	0.99663	1.00343	1.00622	1.00079	0.965343	0.976313	0.973471	0.956706	0.992845
4360	-1573.94	-1625.097	51.15772	1	0.99663	1.00343	1.00622	1.00079	0.965343	0.976313	0.973471	0.956706	0.992845
4370	-1574.284	-1625.441	51.15772	1	0.99663	1.00343	1.00622	1.00079	0.965343	0.976313	0.973471	0.956706	0.992845
4380	-1573.91	-1625.067	51.15772	1	0.99663	1.00343	1.00622	1.00079	0.965343	0.976313	0.973471	0.956706	0.992845
4390	-1574.12	-1625.278	51.15772	1	0.99663	1.00343	1.00622	1.00079	0.965343	0.976313	0.973471	0.956706	0.992845
4400	-1573.913	-1625.071	51.15772	1	0.99663	1.00343	1.00622	1.00079	0.965343	0.976313	0.973471	0.956706	0.992845
4410	-1575.366	-1626.524	51.15772	1	0.99663	1.00343	1.00622	1.00079	0.965343	0.976313	0.973471	0.956706	0.992845
4420	-1574.313	-1625.471	51.15772	1	0.99663	1.00343	1.00622	1.00079	0.965343	0.976313	0.973471	0.956706	0.992845
4430	-1573.979	-1625.136	51.15772	1	0.99663	1.00343	1.00622	1.00079	0.965343	0.976313	0.973471	0.956706	0.992845
4440	-1574.469	-1625.627	51.15772	1	0.99663	1.00343	1.00622	1.00079	0.965343	0.976313	0.973471	0.956706	0.992845
4450	-1575.824	-1626.982	51.15772	1	0.99663	1.00343	1.00622	1.00079	0.965343	0.976313	0.973471	0.956706	0.992845
4460	-1573.928	-1625.085	51.15772	1	0.99663	1.00343	1.00622	1.00079	0.965343	0.976313	0.973471	0.956706	0.992845
4470	-1574.373	-1625.531	51.15772	1	0.99663	1.00343	1.00622	1.00079	0.965343	0.976313	0.973471	0.956706	0.992845
4480	-1574.452	-1625.61	51.15772	1	0.99663	1.00343	1.00622	1.00079	0.965343	0.976313	0.973471	0.956706	0.992845
4490	-1573.967	-1625.125	51.15772	1	0.99663	1.00343	1.00622	1.00079	0.965343	0.976313	0.973471	0.956706	0.992845
4500	-1573.911	-1625.068	51.15772	1	0.99663	1.00343	1.00622	1.00079	0.965343	0.976313	0.973471	0.956706	0.992845
4510	-1574.074	-1625.231	51.15772	1	0.99663	1.00343	1.00622	1.00079	0.965343	0.976313	0.973471	0.956706	0.992845
4520	-1573.921	-1625.078	51.15772	1	0.99663	1.00343	1.00622	1.00079	0.965343	0.976313	0.973471	0.956706	0.992845
4530	-1574.047	-1625.204	51.15772	1	0.99663	1.00343	1.00622	1.00079	0.965343	0.976313	0.973471	0.956706	0.992845
4540	-1574.201	-1625.359	51.15772	1	0.99663	1.00343	1.00622	1.00079	0.965343	0.976313	0.973471	0.956706	0.992845
4550	-1574.417	-1625.575	51.15772	1	0.99663	1.00343	1.00622	1.00079	0.965343	0.976313	0.973471	0.956706	0.992845
4560	-1573.941	-1625.099	51.15772	1	0.99663	1.00343	1.00622	1.00079	0.965343	0.976313	0.973471	0.956706	0.992845
4570	-1573.949	-1625.107	51.15772	1	0.99663	1.00343	1.00622	1.00079	0.965343	0.976313	0.973471	0.956706	0.992845
4580	-1573.959	-1625.117	51.15772	1	0.99663	1.00343	1.00622	1.00079	0.965343	0.976313	0.973471	0.956706	0.992845
4590	-1573.936	-1625.094	51.15772	1	0.99663	1.00343	1.00622	1.00079	0.965343	0.976313	0.973471	0.956706	0.992845
4600	-1573.916	-1625.074	51.15772	1	0.99663	1.00343	1.00622	1.00079	0.965343	0.976313	0.973471	0.956706	0.992845
4610	-1575.274	-1626.432	51.15772	1	0.99663	1.00343	1.00622	1.00079	0.965343	0.976313	0.973471	0.956706	0.992845
4620	-1573.913	-1625.071	51.15772	1	0.99663	1.00343	1.00622	1.00079	0.965343	0.976313	0.973471	0.956706	0.992845
4630	-1574.229	-1625.387	51.15772	1	0.99663	1.00343	1.00622	1.00079	0.965343	0.976313	0.973471	0.956706	0.992845
4640	-1574.532	-1625.69	51.15772	1	0.99663	1.00343	1.00622	1.00079	0.965343	0.976313	0.973471	0.956706	0.992845
4650	-1574.455	-1625.612	51.15772	1	0.99663	1.00343	1.00622	1.00079	0.965343	0.976313	0.973471	0.956706	0.992845
4660	-1574.182	-1625.34	51.15772	1	0.99663	1.00343	1.00622	1.00079	0.965343	0.976313	0.973471	0.956706	0.992845
4670	-1573.953	-1625.11	51.15772	1	0.99663	1.00343	1.00622	1.00079	0.965343	0.976313	0.973471	0.956706	0.992845
4680	-1574.87	-1626.028	51.15772	1	0.99663	1.00343	1.00622	1.00079	0.965343	0.976313	0.973471	0.956706	0.992845
4690	-1574.944	-1626.102	51.15772	1	0.99663	1.00343	1.00622	1.00079	0.965343	0.976313	0.973471	0.956706	0.992845
4700	-1573.951	-1625.109	51.15772	1	0.99663	1.00343	1.00622	1.00079	0.965343	0.976313	0.973471	0.956706	0.992845
4710	-1573.932	-1625.089	51.15772	1	0.99663	1.00343	1.00622	1.00079	0.965343	0.976313	0.973471	0.956706	0.992845
4720	-1574.37	-1625.528	51.15772	1	0.99663	1.00343	1.00622	1.00079	0.965343	0.976313	0.973471	0.956706	0.992845
4730	-1574.534	-1625.692	51.15772	1	0.99663	1.00343	1.00622	1.00079	0.965343	0.976313	0.973471	0.956706	0.992845
4740	-1573.956	-1625.114	51.15772	1	0.99663	1.00343	1.00622	1.00079	0.965343	0.976313	0.973471	0.956706	0.992845
4750	-1573.914	-1625.071	51.15772	1	0.99663	1.00343	1.00622	1.00079	0.965343	0.976313	0.973471	0.956706	0.992845
4760	-1574.825	-1625.983	51.15772	1	0.99663	1.00343	1.00622	1.00079	0.965343	0.976313	0.973471	0.956706	0.992845
4770	-1573.967	-1625.125	51.15772	1	0.99663	1.00343	1.00622	1.00079	0.965343	0.976313	0.973471	0.956706	0.992845
4780	-1575.534	-1626.692	51.15772	1	0.99663	1.00343	1.00622	1.00079	0.965343	0.976313	0.973471	0.956706	0.992845
4790	-1573.913	-1625.071	51.15772	1	0.99663	1.00343	1.00622	1.00079	0.965343	0.976313	0.973471	0.956706	0.992845
4800	-1574.224	-1625.381	51.15772	1	0.99663	1.00343	1.00622	1.00079	0.965343	0.976313	0.973471	0.956706	0.992845
4810	-1574.95	-1626.108	51.15772	1	0.99663	1.00343	1.00622	1.00079	0.965343	0.976313	0.973471	0.956706	0.992845
4820	-1575.183	-1626.34	51.15772	1	0.99663	1.00343	1.00622	1.00079	0.965343	0.976313	0.973471	0.956706	0.992845
4830	-1573.914	-1625.072	51.15772	1	0.99663	1.00343	1.00622	1.00079	0.965343	0.976313	0.973471	0.956706	0.992845
4840	-1573.95	-1625.108	51.15772	1	0.99663	1.00343	1.00622	1.00079	0.965343	0.976313	0.973471	0.956706	0.992845
4850	-1575.667	-1626.825	51.15772	1	0.99663	1.00343	1.00622	1.00079	0.965343	0.976313	0.973471	0.956706	0.992845
4860	-1575.2	-1626.358	51.15772	1	0.99663	1.00343	1.00622	1.00079	0.965343	0.976313	0.973471	0.956706	0.992845
4870	-1574.751	-1625.909	51.15772	1	0.99663	1.00343	1.00622	1.00079	0.965343	0.976313	0.973471	0.956706	0.992845
4880	-1574.711	-1625.868	51.15772	1	0.99663	1.00343	1.00622	1.00079	0.965343	0.976313	0.973471	0.956706	0.992845
4890	-1573.922	-1625.079	51.15772	1	0.99663	1.00343	1.00622	1.00079	0.965343	0.976313	0.973471	0.956706	0.992845
4900	-1575.661	-1626.819	51.15772	1	0.99663	1.00343	1.00622	1.00079	0.965343	0.976313	0.973471	0.956706	0.992845
4910	-1576.691	-1627.848	51.15772	1	0.99663	1.00343	1.00622	1.00079	0.965343	0.976313	0.973471	0.956706	0.992845
4920	-1576.557	-1627.715	51.15772	1	0.99663	1.00343	1.00622	1.00079	0.965343	0.976313	0.973471	0.956706	0.992845
4930	-1574.325	-1625.483	51.15772	1	0.99663	1.00343	1.00622	1.00079	0.965343	0.976313	0.973471	0.956706	0.992845
4940	-1574.312	-1625.47	51.15772	1	0.99663	1.00343	1.00622	1.00079	0.965343	0.976313	0.973471	0.956706	0.992845
4950	-1574.47	-1625.627	51.15772	1	0.99663	1.00343	1.00622	1.00079	0.965343	0.976313	0.973471	0.956706	0.992845
4960	-1574.735	-1625.892	51.15772	1	0.99663	1.00343	1.00622	1.00079	0.965343	0.976313	0.973471	0.956706	0.992845
4970	-1574.559	-1625.716	51.15772	1	0.99663	1.00343	1.00622	1.00079	0.965343	0.976313	0.973471	0.956706	0.992845
4980	-1574.629	-1625.787	51.15772	1	0.99663	1.00343	1.00622	1.00079	0.965343	0.976313	0.973471	0.956706	0.992845
4990	-1574.048	-1625.206	51.15772	1	0.99663	1.00343	1.00622	1.00079	0.965343	0.976313	0.973471	0.956706	0.992845
5000	-1574.074	-1625.231	51.15772	1	0.99663	1.00343	1.00622	1.00079	0.965343	0.976313	0.973471	0.956706	0.992845
5010	-1574.577	-1625.735	51.15772	1	0.99663	1.00343	1.00622	1.00079	0.965343	0.976313	0.973471	0.956706	0.992845
5020	-1573.927	-1625.085	51.15772	1	0.99663	1.00343	1.00622	1.00079	0.965343	0.976313	0.973471	0.956706	0.992845
5030	-1574.857	-1626.015	51.15772	1	0.99663	1.00343	1.00622	1.00079	0.965343	0.976313	0.973471	0.956706	0.992845
5040	-1573.943	-1625.101	51.15772	1	0.99663	1.00343	1.00622	1.00079	0.965343	0.976313	0.973471	0.956706	0.992845
5050	-1573.983	-1625.141	51.15772	1	0.99663	1.00343	1.00622	1.00079	0.965343	0.976313	0.973471	0.956706	0.992845
5060	-1574.265	-1625.423	51.15772	1	0.99663	1.00343	1.00622	1.00079	0.965343	0.976313	0.973471	0.956706	0.992845
5070	-1574.864	-1626.022	51.15772	1	0.99663	1.00343	1.00622	1.00079	0.965343	0.976313	0.973471	0.956706	0.992845
5080	-1573.909	-1625.067	51.15772	1	0.99663	1.00343	1.00622	1.00079	0.965343	0.976313	0.973471	0.956706	0.992845
5090	-1573.912	-1625.07	51.15772	1	0.99663	1.00343	1.00622	1.00079	0.965343	0.976313	0.973471	0.956706	0.992845
5100	-1574.066	-1625.224	51.15772	1	0.99663	1.00343	1.00622	1.00079	0.965343	0.976313	0.973471	0.956706	0.992845
5110	-1573.964	-1625.122	51.15772	1	0.99663	1.00343	1.00622	1.00079	0.965343	0.976313	0.973471	0.956706	0.992845
5120	-1574.155	-1625.313	51.15772	1	0.99663	1.00343	1.00622	1.00079	0.965343	0.976313	0.973471	0.956706	0.992845
5130	-1573.982	-1625.14	51.15772	1	0.99663	1.00343	1.00622	1.00079	0.965343	0.976313	0.973471	0.956706	0.992845
5140	-1574.511	-1625.669	51.15772	1	0.99663	1.00343	1.00622	1.00079	0.965343	0.976313	0.973471	0.956706	0.992845
5150	-1574.029	-1625.187	51.15772	1	0.99663	1.00343	1.00622	1.00079	0.965343	0.976313	0.973471	0.956706	0.992845
5160	-1573.91	-1625.067	51.15772	1	0.99663	1.00343	1.00622	1.00079	0.965343	0.976313	0.973471	0.956706	0.992845
5170	-1573.932	-1625.089	51.15772	1	0.99663	1.00343	1.00622	1.00079	0.965343	0.976313	0.973471	0.956706	0.992845
5180	-1573.987	-1625.145	51.15772	1	0.99663	1.00343	1.00622	1.00079	0.965343	0.976313	0.973471	0.956706	0.992845
5190	-1574.743	-1625.9	51.15772	1	0.99663	1.00343	1.00622	1.00079	0.965343	0.976313	0.973471	0.956706	0.992845
5200	-1574.061	-1625.219	51.15772	1	0.99663	1.00343	1.00622	1.00079	0.965343	0.976313	0.973471	0.956706	0.992845
5210	-1575.649	-1626.806	51.15772	1	0.99663	1.00343	1.00622	1.00079	0.965343	0.976313	0.973471	0.956706	0.992845
5220	-1575.686	-1626.843	51.15772	1	0.99663	1.00343	1.00622	1.00079	0.965343	0.976313	0.973471	0.956706	0.992845
5230	-1573.973	-1625.131	51.15772	1	0.99663	1.00343	1.00622	1.00079	0.965343	0.976313	0.973471	0.956706	0.992845
5240	-1574.007	-1625.165	51.15772	1	0.99663	1.00343	1.00622	1.00079	0.965343	0.976313	0.973471	0.956706	0.992845
5250	-1574.259	-1625.416	51.15772	1	0.99663	1.00343	1.00622	1.00079	0.965343	0.976313	0.973471	0.956706	0.992845
5260	-1573.964	-1625.121	51.15772	1	0.99663	1.00343	1.00622	1.00079	0.965343	0.976313	0.973471	0.956706	0.992845
5270	-1573.929	-1625.087	51.15772	1	0.99663	1.00343	1.00622	1.00079	0.965343	0.976313	0.973471	0.956706	0.992845
5280	-1574.197	-1625.354	51.15772	1	0.99663	1.00343	1.00622	1.00079	0.965343	0.976313	0.973471	0.956706	0.992845
5290	-1575.137	-1626.295	51.15772	1	0.99663	1.00343	1.00622	1.00079	0.965343	0.976313	0.973471	0.956706	0.992845
5300	-1573.917	-1625.075	51.15772	1	0.99663	1.00343	1.00622	1.00079	0.965343	0.976313	0.973471	0.956706	0.992845
5310	-1574.094	-1625.252	51.15772	1	0.99663	1.00343	1.00622	1.00079	0.965343	0.976313	0.973471	0.956706	0.992845
5320	-1574.39	-1625.548	51.15772	1	0.99663	1.00343	1.00622	1.00079	0.965343	0.976313	0.973471	0.956706	0.992845
5330	-1574	-1625.158	51.15772	1	0.99663	1.00343	1.00622	1.00079	0.965343	0.976313	0.973471	0.956706	0.992845
5340	-1573.911	-1625.069	51.15772	1	0.99663	1.00343	1.00622	1.00079	0.965343	0.976313	0.973471	0.956706	0.992845
5350	-1573.953	-1625.111	51.15772	1	0.99663	1.00343	1.00622	1.00079	0.965343	0.976313	0.973471	0.956706	0.992845
5360	-1573.91	-1625.067	51.15772	1	0.99663	1.00343	1.00622	1.00079	0.965343	0.976313	0.973471	0.956706	0.992845
5370	-1574.078	-1625.236	51.15772	1	0.99663	1.00343	1.00622	1.00079	0.965343	0.976313	0.973471	0.956706	0.992845
5380	-1574.199	-1625.357	51.15772	1	0.99663	1.00343	1.00622	1.00079	0.965343	0.976313	0.973471	0.956706	0.992845
5390	-1574.524	-1625.682	51.15772	1	0.99663	1.00343	1.00622	1.00079	0.965343	0.976313	0.973471	0.956706	0.992845
5400	-1574.229	-1625.387	51.15772	1	0.99663	1.00343	1.00622	1.00079	0.965343	0.976313	0.973471	0.956706	0.992845
5410	-1574.052	-1625.209	51.15772	1	0.99663	1.00343	1.00622	1.00079	0.965343	0.976313	0.973471	0.956706	0.992845
5420	-1574.173	-1625.331	51.15772	1	0.99663	1.00343	1.00622	1.00079	0.965343	0.976313	0.973471	0.956706	0.992845
5430	-1575.695	-1626.853	51.15772	1	0.99663	1.00343	1.00622	1.00079	0.965343	0.976313	0.973471	0.956706	0.992845
5440	-1573.935	-1625.093	51.15772	1	0.99663	1.00343	1.00622	1.00079	0.965343	0.976313	0.973471	0.956706	0.992845
5450	-1573.91	-1625.068	51.15772	1	0.99663	1.00343	1.00622	1.00079	0.965343	0.976313	0.973471	0.956706	0.992845
5460	-1573.91	-1625.068	51.15772	1	0.99663	1.00343	1.00622	1.00079	0.965343	0.976313	0.973471	0.956706	0.992845
5470	-1574.615	-1625.772	51.15772	1	0.99663	1.00343	1.00622	1.00079	0.965343	0.976313	0.973471	0.956706	0.992845
5480	-1573.909	-1625.067	51.15772	1	0.99663	1.00343	1.00622	1.00079	0.965343	0.976313	0.973471	0.956706	0.992845
5490	-1574.667	-1625.825	51.15772	1	0.99663	1.00343	1.00622	1.00079	0.965343	0.976313	0.973471	0.956706	0.992845
5500	-1574.325	-1625.483	51.15772	1	0.99663	1.00343	1.00622	1.00079	0.965343	0.976313	0.973471	0.956706	0.992845
5510	-1573.926	-1625.083	51.15772	1	0.99663	1.00343	1.00622	1.00079	0.965343	0.976313	0.973471	0.956706	0.992845
5520	-1573.914	-1625.071	51.15772	1	0.99663	1.00343	1.00622	1.00079	0.965343	0.976313	0.973471	0.956706	0.992845
5530	-1573.946	-1625.104	51.15772	1	0.99663	1.00343	1.00622	1.00079	0.965343	0.976313	0.973471	0.956706	0.992845
5540	-1574.267	-1625.425	51.15772	1	0.99663	1.00343	1.00622	1.00079	0.965343	0.976313	0.973471	0.956706	0.992845
5550	-1573.91	-1625.068	51.15772	1	0.99663	1.00343	1.00622	1.00079	0.965343	0.976313	0.973471	0.956706	0.992845
5560	-1574.816	-1625.973	51.15772	1	0.99663	1.00343	1.00622	1.00079	0.965343	0.976313	0.973471	0.956706	0.992845
5570	-1573.944	-1625.101	51.15772	1	0.99663	1.00343	1.00622	1.00079	0.965343	0.976313	0.973471	0.956706	0.992845
5580	-1573.977	-1625.134	51.15772	1	0.99663	1.00343	1.00622	1.00079	0.965343	0.976313	0.973471	0.956706	0.992845
5590	-1574.167	-1625.325	51.15772	1	0.99663	1.00343	1.00622	1.00079	0.965343	0.976313	0.973471	0.956706	0.992845
5600	-1575.479	-1626.636	51.15772	1	0.99663	1.00343	1.00622	1.00079	0.965343	0.976313	0.973471	0.956706	0.992845
5610	-1574.011	-1625.169	51.15772	1	0.99663	1.00343	1.00622	1.00079	0.965343	0.976313	0.973471	0.956706	0.992845
5620	-1573.995	-1625.152	51.15772	1	0.99663	1.00343	1.00622	1.00079	0.965343	0.976313	0.973471	0.956706	0.992845
5630	-1573.923	-1625.08	51.15772	1	0.99663	1.00343	1.00622	1.00079	0.965343	0.976313	0.973471	0.956706	0.992845
5640	-1574.268	-1625.426	51.15772	1	0.99663	1.00343	1.00622	1.00079	0.965343	0.976313	0.973471	0.956706	0.992845
5650	-1574.19	-1625.347	51.15772	1	0.99663	1.00343	1.00622	1.00079	0.965343	0.976313	0.973471	0.956706	0.992845
5660	-1573.917	-1625.075	51.15772	1	0.99663	1.00343	1.00622	1.00079	0.965343	0.976313	0.973471	0.956706	0.992845
5670	-1574.244	-1625.401	51.15772	1	0.99663	1.00343	1.00622	1.00079	0.965343	0.976313	0.973471	0.956706	0.992845
5680	-1574.327	-1625.484	51.15772	1	0.99663	1.00343	1.00622	1.00079	0.965343	0.976313	0.973471	0.956706	0.992845
5690	-1575.533	-1626.691	51.15772	1	0.99663	1.00343	1.00622	1.00079	0.965343	0.976313	0.973471	0.956706	0.992845
5700	-1574.184	-1625.342	51.15772	1	0.99663	1.00343	1.00622	1.00079	0.965343	0.976313	0.973471	0.956706	0.992845
5710	-1574.09	-1625.247	51.15772	1	0.99663	1.00343	1.00622	1.00079	0.965343	0.976313	0.973471	0.956706	0.992845
5720	-1574.399	-1625.557	51.15772	1	0.99663	1.00343	1.00622	1.00079	0.965343	0.976313	0.973471	0.956706	0.992845
5730	-1574.755	-1625.913	51.15772	1	0.99663	1.00343	1.00622	1.00079	0.965343	0.976313	0.973471	0.956706	0.992845
5740	-1574.14	-1625.298	51.15772	1	0.99663	1.00343	1.00622	1.00079	0.965343	0.976313	0.973471	0.956706	0.992845
5750	-1575.643	-1626.801	51.15772	1	0.99663	1.00343	1.00622	1.00079	0.965343	0.976313	0.973471	0.956706	0.992845
5760	-1574.003	-1625.161	51.15772	1	0.99663	1.00343	1.00622	1.00079	0.965343	0.976313	0.973471	0.956706	0.992845
5770	-1573.928	-1625.086	51.15772	1	0.99663	1.00343	1.00622	1.00079	0.965343	0.976313	0.973471	0.956706	0.992845
5780	-1574.018	-1625.176	51.15772	1	0.99663	1.00343	1.00622	1.00079	0.965343	0.976313	0.973471	0.956706	0.992845
5790	-1574.435	-1625.592	51.15772	1	0.99663	1.00343	1.00622	1.00079	0.965343	0.976313	0.973471	0.956706	0.992845
5800	-1573.972	-1625.13	51.15772	1	0.99663	1.00343	1.00622	1.00079	0.965343	0.976313	0.973471	0.956706	0.992845
5810	-1574.136	-1625.294	51.15772	1	0.99663	1.00343	1.00622	1.00079	0.965343	0.976313	0.973471	0.956706	0.992845
5820	-1573.91	-1625.068	51.15772	1	0.99663	1.00343	1.00622	1.00079	0.965343	0.976313	0.973471	0.956706	0.992845
5830	-1574.181	-1625.339	51.15772	1	0.99663	1.00343	1.00622	1.00079	0.965343	0.976313	0.973471	0.956706	0.992845
5840	-1573.914	-1625.071	51.15772	1	0.99663	1.00343	1.00622	1.00079	0.965343	0.976313	0.973471	0.956706	0.992845
5850	-1573.953	-1625.111	51.15772	1	0.99663	1.00343	1.00622	1.00079	0.965343	0.976313	0.973471	0.956706	0.992845
5860	-1574.124	-1625.282	51.15772	1	0.99663	1.00343	1.00622	1.00079	0.965343	0.976313	0.973471	0.956706	0.992845
5870	-1574.477	-1625.634	51.15772	1	0.99663	1.00343	1.00622	1.00079	0.965343	0.976313	0.973471	0.956706	0.992845
5880	-1573.91	-1625.068	51.15772	1	0.99663	1.00343	1.00622	1.00079	0.965343	0.976313	0.973471	0.956706	0.992845
5890	-1573.912	-1625.069	51.15772	1	0.99663	1.00343	1.00622	1.00079	0.965343	0.976313	0.973471	0.956706	0.992845
5900	-1573.983	-1625.141	51.15772	1	0.99663	1.00343	1.00622	1.00079	0.965343	0.976313	0.973471	0.956706	0.992845
5910	-1573.962	-1625.12	51.15772	1	0.99663	1.00343	1.00622	1.00079	0.965343	0.976313	0.973471	0.956706	0.992845
5920	-1574.154	-1625.312	51.15772	1	0.99663	1.00343	1.00622	1.00079	0.965343	0.976313	0.973471	0.956706	0.992845
5930	-1574.068	-1625.226	51.15772	1	0.99663	1.00343	1.00622	1.00079	0.965343	0.976313	0.973471	0.956706	0.992845
5940	-1575.035	-1626.193	51.15772	1	0.99663	1.00343	1.00622	1.00079	0.965343	0.976313	0.973471	0.956706	0.992845
5950	-1574.412	-1625.569	51.15772	1	0.99663	1.00343	1.00622	1.00079	0.965343	0.976313	0.973471	0.956706	0.992845
5960	-1574.485	-1625.642	51.15772	1	0.99663	1.00343	1.00622	1.00079	0.965343	0.976313	0.973471	0.956706	0.992845
5970	-1575.502	-1626.66	51.15772	1	0.99663	1.00343	1.00622	1.00079	0.965343	0.976313	0.973471	0.956706	0.992845
5980	-1574.182	-1625.34	51.15772	1	0.99663	1.00343	1.00622	1.00079	0.965343	0.976313	0.973471	0.956706	0.992845
5990	-1575.306	-1626.464	51.15772	1	0.99663	1.00343	1.00622	1.00079	0.965343	0.976313	0.973471	0.956706	0.992845
6000	-1575.118	-1626.276	51.15772	1	0.99663	1.00343	1.00622	1.00079	0.965343	0.976313	0.973471	0.956706	0.992845
6010	-1573.936	-1625.093	51.15772	1	0.99663	1.00343	1.00622	1.00079	0.965343	0.976313	0.973471	0.956706	0.992845
6020	-1573.961	-1625.119	51.15772	1	0.99663	1.00343	1.00622	1.00079	0.965343	0.976313	0.973471	0.956706	0.992845
6030	-1573.951	-1625.109	51.15772	1	0.99663	1.00343	1.00622	1.00079	0.965343	0.976313	0.973471	0.956706	0.992845
6040	-1574.048	-1625.206	51.15772	1	0.99663	1.00343	1.00622	1.00079	0.965343	0.976313	0.973471	0.956706	0.992845
6050	-1574.019	-1625.176	51.15772	1	0.99663	1.00343	1.00622	1.00079	0.965343	0.976313	0.973471	0.956706	0.992845
6060	-1573.912	-1625.07	51.15772	1	0.99663	1.00343	1.00622	1.00079	0.965343	0.976313	0.973471	0.956706	0.992845
6070	-1574.712	-1625.869	51.15772	1	0.99663	1.00343	1.00622	1.00079	0.965343	0.976313	0.973471	0.956706	0.992845
6080	-1574.056	-1625.213	51.15772	1	0.99663	1.00343	1.00622	1.00079	0.965343	0.976313	0.973471	0.956706	0.992845
6090	-1574.291	-1625.449	51.15772	1	0.99663	1.00343	1.00622	1.00079	0.965343	0.976313	0.973471	0.956706	0.992845
6100	-1573.929	-1625.086	51.15772	1	0.99663	1.00343	1.00622	1.00079	0.965343	0.976313	0.973471	0.956706	0.992845
6110	-1574.099	-1625.256	51.15772	1	0.99663	1.00343	1.00622	1.00079	0.965343	0.976313	0.973471	0.956706	0.992845
6120	-1573.939	-1625.097	51.15772	1	0.99663	1.00343	1.00622	1.00079	0.965343	0.976313	0.973471	0.956706	0.992845
6130	-1574.851	-1626.008	51.15772	1	0.99663	1.00343	1.00622	1.00079	0.965343	0.976313	0.973471	0.956706	0.992845
6140	-1573.91	-1625.068	51.15772	1	0.99663	1.00343	1.00622	1.00079	0.965343	0.976313	0.973471	0.956706	0.992845
6150	-1574.447	-1625.604	51.15772	1	0.99663	1.00343	1.00622	1.00079	0.965343	0.976313	0.973471	0.956706	0.992845
6160	-1574.955	-1626.113	51.15772	1	0.99663	1.00343	1.00622	1.00079	0.965343	0.976313	0.973471	0.956706	0.992845
6170	-1575.152	-1626.309	51.15772	1	0.99663	1.00343	1.00622	1.00079	0.965343	0.976313	0.973471	0.956706	0.992845
6180	-1574.07	-1625.228	51.15772	1	0.99663	1.00343	1.00622	1.00079	0.965343	0.976313	0.973471	0.956706	0.992845
6190	-1574.201	-1625.359	51.15772	1	0.99663	1.00343	1.00622	1.00079	0.965343	0.976313	0.973471	0.956706	0.992845
6200	-1574.435	-1625.593	51.15772	1	0.99663	1.00343	1.00622	1.00079	0.965343	0.976313	0.973471	0.956706	0.992845
6210	-1575.017	-1626.174	51.15772	1	0.99663	1.00343	1.00622	1.00079	0.965343	0.976313	0.973471	0.956706	0.992845
6220	-1575.553	-1626.711	51.15772	1	0.99663	1.00343	1.00622	1.00079	0.965343	0.976313	0.973471	0.956706	0.992845
6230	-1573.948	-1625.106	51.15772	1	0.99663	1.00343	1.00622	1.00079	0.965343	0.976313	0.973471	0.956706	0.992845
6240	-1573.91	-1625.068	51.15772	1	0.99663	1.00343	1.00622	1.00079	0.965343	0.976313	0.973471	0.956706	0.992845
6250	-1574.482	-1625.64	51.15772	1	0.99663	1.00343	1.00622	1.00079	0.965343	0.976313	0.973471	0.956706	0.992845
6260	-1573.934	-1625.092	51.15772	1	0.99663	1.00343	1.00622	1.00079	0.965343	0.976313	0.973471	0.956706	0.992845
6270	-1574.908	-1626.066	51.15772	1	0.99663	1.00343	1.00622	1.00079	0.965343	0.976313	0.973471	0.956706	0.992845
6280	-1574.224	-1625.381	51.15772	1	0.99663	1.00343	1.00622	1.00079	0.965343	0.976313	0.973471	0.956706	0.992845
6290	-1573.956	-1625.113	51.15772	1	0.99663	1.00343	1.00622	1.00079	0.965343	0.976313	0.973471	0.956706	0.992845
6300	-1573.91	-1625.067	51.15772	1	0.99663	1.00343	1.00622	1.00079	0.965343	0.976313	0.973471	0.956706	0.992845
6310	-1574.881	-1626.039	51.15772	1	0.99663	1.00343	1.00622	1.00079	0.965343	0.976313	0.973471	0.956706	0.992845
6320	-1574.063	-1625.221	51.15772	1	0.99663	1.00343	1.00622	1.00079	0.965343	0.976313	0.973471	0.956706	0.992845
6330	-1574.811	-1625.969	51.15772	1	0.99663	1.00343	1.00622	1.00079	0.965343	0.976313	0.973471	0.956706	0.992845
6340	-1574.373	-1625.53	51.15772	1	0.99663	1.00343	1.00622	1.00079	0.965343	0.976313	0.973471	0.956706	0.992845
6350	-1573.909	-1625.067	51.15772	1	0.99663	1.00343	1.00622	1.00079	0.965343	0.976313	0.973471	0.956706	0.992845
6360	-1574.265	-1625.422	51.15772	1	0.99663	1.00343	1.00622	1.00079	0.965343	0.976313	0.973471	0.956706	0.992845
6370	-1573.949	-1625.107	51.15772	1	0.99663	1.00343	1.00622	1.00079	0.965343	0.976313	0.973471	0.956706	0.992845
6380	-1575.713	-1626.871	51.15772	1	0.99663	1.00343	1.00622	1.00079	0.965343	0.976313	0.973471	0.956706	0.992845
6390	-1573.914	-1625.072	51.15772	1	0.99663	1.00343	1.00622	1.00079	0.965343	0.976313	0.973471	0.956706	0.992845
6400	-1573.947	-1625.104	51.15772	1	0.99663	1.00343	1.00622	1.00079	0.965343	0.976313	0.973471	0.956706	0.992845
6410	-1574.525	-1625.682	51.15772	1	0.99663	1.00343	1.00622	1.00079	0.965343	0.976313	0.973471	0.956706	0.992845
6420	-1574.882	-1626.04	51.15772	1	0.99663	1.00343	1.00622	1.00079	0.965343	0.976313	0.973471	0.956706	0.992845
6430	-1574.059	-1625.217	51.15772	1	0.99663	1.00343	1.00622	1.00079	0.965343	0.976313	0.973471	0.956706	0.992845
6440	-1574.521	-1625.679	51.15772	1	0.99663	1.00343	1.00622	1.00079	0.965343	0.976313	0.973471	0.956706	0.992845
6450	-1573.97	-1625.128	51.15772	1	0.99663	1.00343	1.00622	1.00079	0.965343	0.976313	0.973471	0.956706	0.992845
6460	-1574.224	-1625.382	51.15772	1	0.99663	1.00343	1.00622	1.00079	0.965343	0.976313	0.973471	0.956706	0.992845
6470	-1574.045	-1625.202	51.15772	1	0.99663	1.00343	1.00622	1.00079	0.965343	0.976313	0.973471	0.956706	0.992845
6480	-1574.72	-1625.878	51.15772	1	0.99663	1.00343	1.00622	1.00079	0.965343	0.976313	0.973471	0.956706	0.992845
6490	-1575.778	-1626.936	51.15772	1	0.99663	1.00343	1.00622	1.00079	0.965343	0.976313	0.973471	0.956706	0.992845
6500	-1573.917	-1625.074	51.15772	1	0.99663	1.00343	1.00622	1.00079	0.965343	0.976313	0.973471	0.956706	0.992845
6510	-1575.13	-1626.288	51.15772	1	0.99663	1.00343	1.00622	1.00079	0.965343	0.976313	0.973471	0.956706	0.992845
6520	-1573.914	-1625.072	51.15772	1	0.99663	1.00343	1.00622	1.00079	0.965343	0.976313	0.973471	0.956706	0.992845
6530	-1574.356	-1625.513	51.15772	1	0.99663	1.00343	1.00622	1.00079	0.965343	0.976313	0.973471	0.956706	0.992845
6540	-1573.934	-1625.092	51.15772	1	0.99663	1.00343	1.00622	1.00079	0.965343	0.976313	0.973471	0.956706	0.992845
6550	-1574.627	-1625.785	51.15772	1	0.99663	1.00343	1.00622	1.00079	0.965343	0.976313	0.973471	0.956706	0.992845
6560	-1575.259	-1626.416	51.15772	1	0.99663	1.00343	1.00622	1.00079	0.965343	0.976313	0.973471	0.956706	0.992845
6570	-1576.87	-1628.027	51.15772	1	0.99663	1.00343	1.00622	1.00079	0.965343	0.976313	0.973471	0.956706	0.992845
6580	-1573.928	-1625.086	51.15772	1	0.99663	1.00343	1.00622	1.00079	0.965343	0.976313	0.973471	0.956706	0.992845
6590	-1574.255	-1625.413	51.15772	1	0.99663	1.00343	1.00622	1.00079	0.965343	0.976313	0.973471	0.956706	0.992845
6600	-1574.857	-1626.015	51.15772	1	0.99663	1.00343	1.00622	1.00079	0.965343	0.976313	0.973471	0.956706	0.992845
6610	-1574.169	-1625.327	51.15772	1	0.99663	1.00343	1.00622	1.00079	0.965343	0.976313	0.973471	0.956706	0.992845
6620	-1575.363	-1626.521	51.15772	1	0.99663	1.00343	1.00622	1.00079	0.965343	0.976313	0.973471	0.956706	0.992845
6630	-1574.91	-1626.068	51.15772	1	0.99663	1.00343	1.00622	1.00079	0.965343	0.976313	0.973471	0.956706	0.992845
6640	-1574.858	-1626.016	51.15772	1	0.99663	1.00343	1.00622	1.00079	0.965343	0.976313	0.973471	0.956706	0.992845
6650	-1573.933	-1625.091	51.15772	1	0.99663	1.00343	1.00622	1.00079	0.965343	0.976313	0.973471	0.956706	0.992845
6660	-1574.551	-1625.708	51.15772	1	0.99663	1.00343	1.00622	1.00079	0.965343	0.976313	0.973471	0.956706	0.992845
6670	-1574.102	-1625.26	51.15772	1	0.99663	1.00343	1.00622	1.00079	0.965343	0.976313	0.973471	0.956706	0.992845
6680	-1574.251	-1625.409	51.15772	1	0.99663	1.00343	1.00622	1.00079	0.965343	0.976313	0.973471	0.956706	0.992845
6690	-1574.33	-1625.487	51.15772	1	0.99663	1.00343	1.00622	1.00079	0.965343	0.976313	0.973471	0.956706	0.992845
6700	-1575.443	-1626.601	51.15772	1	0.99663	1.00343	1.00622	1.00079	0.965343	0.976313	0.973471	0.956706	0.992845
6710	-1573.934	-1625.092	51.15772	1	0.99663	1.00343	1.00622	1.00079	0.965343	0.976313	0.973471	0.956706	0.992845
6720	-1574.111	-1625.269	51.15772	1	0.99663	1.00343	1.00622	1.00079	0.965343	0.976313	0.973471	0.956706	0.992845
6730	-1573.962	-1625.12	51.15772	1	0.99663	1.00343	1.00622	1.00079	0.965343	0.976313	0.973471	0.956706	0.992845
6740	-1573.984	-1625.141	51.15772	1	0.99663	1.00343	1.00622	1.00079	0.965343	0.976313	0.973471	0.956706	0.992845
6750	-1574.575	-1625.733	51.15772	1	0.99663	1.00343	1.00622	1.00079	0.965343	0.976313	0.973471	0.956706	0.992845
6760	-1573.995	-1625.153	51.15772	1	0.99663	1.00343	1.00622	1.00079	0.965343	0.976313	0.973471	0.956706	0.992845
6770	-1574.378	-1625.536	51.15772	1	0.99663	1.00343	1.00622	1.00079	0.965343	0.976313	0.973471	0.956706	0.992845
6780	-1574.027	-1625.185	51.15772	1	0.99663	1.00343	1.00622	1.00079	0.965343	0.976313	0.973471	0.956706	0.992845
6790	-1573.913	-1625.07	51.15772	1	0.99663	1.00343	1.00622	1.00079	0.965343	0.976313	0.973471	0.956706	0.992845
6800	-1574.131	-1625.289	51.15772	1	0.99663	1.00343	1.00622	1.00079	0.965343	0.976313	0.973471	0.956706	0.992845
6810	-1573.975	-1625.133	51.15772	1	0.99663	1.00343	1.00622	1.00079	0.965343	0.976313	0.973471	0.956706	0.992845
6820	-1574.028	-1625.186	51.15772	1	0.99663	1.00343	1.00622	1.00079	0.965343	0.976313	0.973471	0.956706	0.992845
6830	-1573.954	-1625.112	51.15772	1	0.99663	1.00343	1.00622	1.00079	0.965343	0.976313	0.973471	0.956706	0.992845
6840	-1574.671	-1625.829	51.15772	1	0.99663	1.00343	1.00622	1.00079	0.965343	0.976313	0.973471	0.956706	0.992845
6850	-1575.734	-1626.892	51.15772	1	0.99663	1.00343	1.00622	1.00079	0.965343	0.976313	0.973471	0.956706	0.992845
6860	-1573.921	-1625.078	51.15772	1	0.99663	1.00343	1.00622	1.00079	0.965343	0.976313	0.973471	0.956706	0.992845
6870	-1573.959	-1625.117	51.15772	1	0.99663	1.00343	1.00622	1.00079	0.965343	0.976313	0.973471	0.956706	0.992845
6880	-1575.299	-1626.457	51.15772	1	0.99663	1.00343	1.00622	1.00079	0.965343	0.976313	0.973471	0.956706	0.992845
6890	-1574.701	-1625.858	51.15772	1	0.99663	1.00343	1.00622	1.00079	0.965343	0.976313	0.973471	0.956706	0.992845
6900	-1574.758	-1625.916	51.15772	1	0.99663	1.00343	1.00622	1.00079	0.965343	0.976313	0.973471	0.956706	0.992845
6910	-1574.479	-1625.637	51.15772	1	0.99663	1.00343	1.00622	1.00079	0.965343	0.976313	0.973471	0.956706	0.992845
6920	-1574.562	-1625.72	51.15772	1	0.99663	1.00343	1.00622	1.00079	0.965343	0.976313	0.973471	0.956706	0.992845
6930	-1574.06	-1625.218	51.15772	1	0.99663	1.00343	1.00622	1.00079	0.965343	0.976313	0.973471	0.956706	0.992845
6940	-1574.006	-1625.164	51.15772	1	0.99663	1.00343	1.00622	1.00079	0.965343	0.976313	0.973471	0.956706	0.992845
6950	-1574.067	-1625.225	51.15772	1	0.99663	1.00343	1.00622	1.00079	0.965343	0.976313	0.973471	0.956706	0.992845
6960	-1574.484	-1625.642	51.15772	1	0.99663	1.00343	1.00622	1.00079	0.965343	0.976313	0.973471	0.956706	0.992845
6970	-1574.244	-1625.401	51.15772	1	0.99663	1.00343	1.00622	1.00079	0.965343	0.976313	0.973471	0.956706	0.992845
6980	-1573.92	-1625.078	51.15772	1	0.99663	1.00343	1.00622	1.00079	0.965343	0.976313	0.973471	0.956706	0.992845
6990	-1574.409	-1625.567	51.15772	1	0.99663	1.00343	1.00622	1.00079	0.965343	0.976313	0.973471	0.956706	0.992845
7000	-1574.181	-1625.339	51.15772	1	0.99663	1.00343	1.00622	1.00079	0.965343	0.976313	0.973471	0.956706	0.992845
7010	-1574.785	-1625.943	51.15772	1	0.99663	1.00343	1.00622	1.00079	0.965343	0.976313	0.973471	0.956706	0.992845
7020	-1574.048	-1625.206	51.15772	1	0.99663	1.00343	1.00622	1.00079	0.965343	0.976313	0.973471	0.956706	0.992845
7030	-1573.924	-1625.082	51.15772	1	0.99663	1.00343	1.00622	1.00079	0.965343	0.976313	0.973471	0.956706	0.992845
7040	-1575.311	-1626.469	51.15772	1	0.99663	1.00343	1.00622	1.00079	0.965343	0.976313	0.973471	0.956706	0.992845
7050	-1574.878	-1626.035	51.15772	1	0.99663	1.00343	1.00622	1.00079	0.965343	0.976313	0.973471	0.956706	0.992845
7060	-1573.96	-1625.118	51.15772	1	0.99663	1.00343	1.00622	1.00079	0.965343	0.976313	0.973471	0.956706	0.992845
7070	-1574.049	-1625.206	51.15772	1	0.99663	1.00343	1.00622	1.00079	0.965343	0.976313	0.973471	0.956706	0.992845
7080	-1574.335	-1625.493	51.15772	1	0.99663	1.00343	1.00622	1.00079	0.965343	0.976313	0.973471	0.956706	0.992845
7090	-1574.335	-1625.493	51.15772	1	0.99663	1.00343	1.00622	1.00079	0.965343	0.976313	0.973471	0.956706	0.992845
7100	-1574.272	-1625.43	51.15772	1	0.99663	1.00343	1.00622	1.00079	0.965343	0.976313	0.973471	0.956706	0.992845
7110	-1574.055	-1625.213	51.15772	1	0.99663	1.00343	1.00622	1.00079	0.965343	0.976313	0.973471	0.956706	0.992845
7120	-1574.833	-1625.99	51.15772	1	0.99663	1.00343	1.00622	1.00079	0.965343	0.976313	0.973471	0.956706	0.992845
7130	-1574.041	-1625.199	51.15772	1	0.99663	1.00343	1.00622	1.00079	0.965343	0.976313	0.973471	0.956706	0.992845
7140	-1575.685	-1626.842	51.15772	1	0.99663	1.00343	1.00622	1.00079	0.965343	0.976313	0.973471	0.956706	0.992845
7150	-1573.913	-1625.071	51.15772	1	0.99663	1.00343	1.00622	1.00079	0.965343	0.976313	0.973471	0.956706	0.992845
7160	-1574.412	-1625.57	51.15772	1	0.99663	1.00343	1.00622	1.00079	0.965343	0.976313	0.973471	0.956706	0.992845
7170	-1574.377	-1625.535	51.15772	1	0.99663	1.00343	1.00622	1.00079	0.965343	0.976313	0.973471	0.956706	0.992845
7180	-1574.164	-1625.322	51.15772	1	0.99663	1.00343	1.00622	1.00079	0.965343	0.976313	0.973471	0.956706	0.992845
7190	-1574.345	-1625.503	51.15772	1	0.99663	1.00343	1.00622	1.00079	0.965343	0.976313	0.973471	0.956706	0.992845
7200	-1574.01	-1625.167	51.15772	1	0.99663	1.00343	1.00622	1.00079	0.965343	0.976313	0.973471	0.956706	0.992845
7210	-1574.827	-1625.985	51.15772	1	0.99663	1.00343	1.00622	1.00079	0.965343	0.976313	0.973471	0.956706	0.992845
7220	-1573.917	-1625.075	51.15772	1	0.99663	1.00343	1.00622	1.00079	0.965343	0.976313	0.973471	0.956706	0.992845
7230	-1573.91	-1625.068	51.15772	1	0.99663	1.00343	1.00622	1.00079	0.965343	0.976313	0.973471	0.956706	0.992845
7240	-1573.958	-1625.115	51.15772	1	0.99663	1.00343	1.00622	1.00079	0.965343	0.976313	0.973471	0.956706	0.992845
7250	-1573.92	-1625.077	51.15772	1	0.99663	1.00343	1.00622	1.00079	0.965343	0.976313	0.973471	0.956706	0.992845
7260	-1574.609	-1625.767	51.15772	1	0.99663	1.00343	1.00622	1.00079	0.965343	0.976313	0.973471	0.956706	0.992845
7270	-1573.916	-1625.074	51.15772	1	0.99663	1.00343	1.00622	1.00079	0.965343	0.976313	0.973471	0.956706	0.992845
7280	-1575.38	-1626.538	51.15772	1	0.99663	1.00343	1.00622	1.00079	0.965343	0.976313	0.973471	0.956706	0.992845
7290	-1574.008	-1625.165	51.15772	1	0.99663	1.00343	1.00622	1.00079	0.965343	0.976313	0.973471	0.956706	0.992845
7300	-1574.413	-1625.571	51.15772	1	0.99663	1.00343	1.00622	1.00079	0.965343	0.976313	0.973471	0.956706	0.992845
7310	-1573.919	-1625.076	51.15772	1	0.99663	1.00343	1.00622	1.00079	0.965343	0.976313	0.973471	0.956706	0.992845
7320	-1574.313	-1625.471	51.15772	1	0.99663	1.00343	1.00622	1.00079	0.965343	0.976313	0.973471	0.956706	0.992845
7330	-1574.012	-1625.17	51.15772	1	0.99663	1.00343	1.00622	1.00079	0.965343	0.976313	0.973471	0.956706	0.992845
7340	-1574.055	-1625.212	51.15772	1	0.99663	1.00343	1.00622	1.00079	0.965343	0.976313	0.973471	0.956706	0.992845
7350	-1574.174	-1625.331	51.15772	1	0.99663	1.00343	1.00622	1.00079	0.965343	0.976313	0.973471	0.956706	0.992845
7360	-1574.915	-1626.072	51.15772	1	0.99663	1.00343	1.00622	1.00079	0.965343	0.976313	0.973471	0.956706	0.992845
7370	-1574.293	-1625.45	51.15772	1	0.99663	1.00343	1.00622	1.00079	0.965343	0.976313	0.973471	0.956706	0.992845
7380	-1574.271	-1625.428	51.15772	1	0.99663	1.00343	1.00622	1.00079	0.965343	0.976313	0.973471	0.956706	0.992845
7390	-1573.911	-1625.068	51.15772	1	0.99663	1.00343	1.00622	1.00079	0.965343	0.976313	0.973471	0.956706	0.992845
7400	-1573.913	-1625.071	51.15772	1	0.99663	1.00343	1.00622	1.00079	0.965343	0.976313	0.973471	0.956706	0.992845
7410	-1574.391	-1625.549	51.15772	1	0.99663	1.00343	1.00622	1.00079	0.965343	0.976313	0.973471	0.956706	0.992845
7420	-1573.914	-1625.072	51.15772	1	0.99663	1.00343	1.00622	1.00079	0.965343	0.976313	0.973471	0.956706	0.992845
7430	-1574.214	-1625.372	51.15772	1	0.99663	1.00343	1.00622	1.00079	0.965343	0.976313	0.973471	0.956706	0.992845
7440	-1573.915	-1625.073	51.15772	1	0.99663	1.00343	1.00622	1.00079	0.965343	0.976313	0.973471	0.956706	0.992845
7450	-1573.983	-1625.141	51.15772	1	0.99663	1.00343	1.00622	1.00079	0.965343	0.976313	0.973471	0.956706	0.992845
7460	-1573.941	-1625.099	51.15772	1	0.99663	1.00343	1.00622	1.00079	0.965343	0.976313	0.973471	0.956706	0.992845
7470	-1573.909	-1625.067	51.15772	1	0.99663	1.00343	1.00622	1.00079	0.965343	0.976313	0.973471	0.956706	0.992845
7480	-1574.369	-1625.527	51.15772	1	0.99663	1.00343	1.00622	1.00079	0.965343	0.976313	0.973471	0.956706	0.992845
7490	-1575.175	-1626.333	51.15772	1	0.99663	1.00343	1.00622	1.00079	0.965343	0.976313	0.973471	0.956706	0.992845
7500	-1574.421	-1625.579	51.15772	1	0.99663	1.00343	1.00622	1.00079	0.965343	0.976313	0.973471	0.956706	0.992845
7510	-1573.934	-1625.091	51.15772	1	0.99663	1.00343	1.00622	1.00079	0.965343	0.976313	0.973471	0.956706	0.992845
7520	-1574.154	-1625.312	51.15772	1	0.99663	1.00343	1.00622	1.00079	0.965343	0.976313	0.973471	0.956706	0.992845
7530	-1574.205	-1625.363	51.15772	1	0.99663	1.00343	1.00622	1.00079	0.965343	0.976313	0.973471	0.956706	0.992845
7540	-1573.912	-1625.07	51.15772	1	0.99663	1.00343	1.00622	1.00079	0.965343	0.976313	0.973471	0.956706	0.992845
7550	-1574.684	-1625.841	51.15772	1	0.99663	1.00343	1.00622	1.00079	0.965343	0.976313	0.973471	0.956706	0.992845
7560	-1573.914	-1625.071	51.15772	1	0.99663	1.00343	1.00622	1.00079	0.965343	0.976313	0.973471	0.956706	0.992845
7570	-1575.222	-1626.38	51.15772	1	0.99663	1.00343	1.00622	1.00079	0.965343	0.976313	0.973471	0.956706	0.992845
7580	-1573.975	-1625.133	51.15772	1	0.99663	1.00343	1.00622	1.00079	0.965343	0.976313	0.973471	0.956706	0.992845
7590	-1573.919	-1625.076	51.15772	1	0.99663	1.00343	1.00622	1.00079	0.965343	0.976313	0.973471	0.956706	0.992845
7600	-1574.495	-1625.653	51.15772	1	0.99663	1.00343	1.00622	1.00079	0.965343	0.976313	0.973471	0.956706	0.992845
7610	-1574.099	-1625.257	51.15772	1	0.99663	1.00343	1.00622	1.00079	0.965343	0.976313	0.973471	0.956706	0.992845
7620	-1574.173	-1625.331	51.15772	1	0.99663	1.00343	1.00622	1.00079	0.965343	0.976313	0.973471	0.956706	0.992845
7630	-1574.768	-1625.926	51.15772	1	0.99663	1.00343	1.00622	1.00079	0.965343	0.976313	0.973471	0.956706	0.992845
7640	-1574.386	-1625.544	51.15772	1	0.99663	1.00343	1.00622	1.00079	0.965343	0.976313	0.973471	0.956706	0.992845
7650	-1573.981	-1625.139	51.15772	1	0.99663	1.00343	1.00622	1.00079	0.965343	0.976313	0.973471	0.956706	0.992845
7660	-1573.996	-1625.154	51.15772	1	0.99663	1.00343	1.00622	1.00079	0.965343	0.976313	0.973471	0.956706	0.992845
7670	-1574.151	-1625.308	51.15772	1	0.99663	1.00343	1.00622	1.00079	0.965343	0.976313	0.973471	0.956706	0.992845
7680	-1574.254	-1625.411	51.15772	1	0.99663	1.00343	1.00622	1.00079	0.965343	0.976313	0.973471	0.956706	0.992845
7690	-1573.909	-1625.067	51.15772	1	0.99663	1.00343	1.00622	1.00079	0.965343	0.976313	0.973471	0.956706	0.992845
7700	-1573.917	-1625.074	51.15772	1	0.99663	1.00343	1.00622	1.00079	0.965343	0.976313	0.973471	0.956706	0.992845
7710	-1573.931	-1625.089	51.15772	1	0.99663	1.00343	1.00622	1.00079	0.965343	0.976313	0.973471	0.956706	0.992845
7720	-1574.354	-1625.512	51.15772	1	0.99663	1.00343	1.00622	1.00079	0.965343	0.976313	0.973471	0.956706	0.992845
7730	-1574.254	-1625.411	51.15772	1	0.99663	1.00343	1.00622	1.00079	0.965343	0.976313	0.973471	0.956706	0.992845
7740	-1574.846	-1626.003	51.15772	1	0.99663	1.00343	1.00622	1.00079	0.965343	0.976313	0.973471	0.956706	0.992845
7750	-1574.083	-1625.241	51.15772	1	0.99663	1.00343	1.00622	1.00079	0.965343	0.976313	0.973471	0.956706	0.992845
7760	-1575.817	-1626.975	51.15772	1	0.99663	1.00343	1.00622	1.00079	0.965343	0.976313	0.973471	0.956706	0.992845
7770	-1575.627	-1626.785	51.15772	1	0.99663	1.00343	1.00622	1.00079	0.965343	0.976313	0.973471	0.956706	0.992845
7780	-1573.931	-1625.088	51.15772	1	0.99663	1.00343	1.00622	1.00079	0.965343	0.976313	0.973471	0.956706	0.992845
7790	-1575.37	-1626.528	51.15772	1	0.99663	1.00343	1.00622	1.00079	0.965343	0.976313	0.973471	0.956706	0.992845
7800	-1573.928	-1625.086	51.15772	1	0.99663	1.00343	1.00622	1.00079	0.965343	0.976313	0.973471	0.956706	0.992845
7810	-1574.087	-1625.244	51.15772	1	0.99663	1.00343	1.00622	1.00079	0.965343	0.976313	0.973471	0.956706	0.992845
7820	-1575.662	-1626.82	51.15772	1	0.99663	1.00343	1.00622	1.00079	0.965343	0.976313	0.973471	0.956706	0.992845
7830	-1573.938	-1625.096	51.15772	1	0.99663	1.00343	1.00622	1.00079	0.965343	0.976313	0.973471	0.956706	0.992845
7840	-1574.236	-1625.394	51.15772	1	0.99663	1.00343	1.00622	1.00079	0.965343	0.976313	0.973471	0.956706	0.992845
7850	-1574.323	-1625.481	51.15772	1	0.99663	1.00343	1.00622	1.00079	0.965343	0.976313	0.973471	0.956706	0.992845
7860	-1574.527	-1625.685	51.15772	1	0.99663	1.00343	1.00622	1.00079	0.965343	0.976313	0.973471	0.956706	0.992845
7870	-1574.912	-1626.069	51.15772	1	0.99663	1.00343	1.00622	1.00079	0.965343	0.976313	0.973471	0.956706	0.992845
7880	-1573.917	-1625.075	51.15772	1	0.99663	1.00343	1.00622	1.00079	0.965343	0.976313	0.973471	0.956706	0.992845
7890	-1574.489	-1625.647	51.15772	1	0.99663	1.00343	1.00622	1.00079	0.965343	0.976313	0.973471	0.956706	0.992845
7900	-1574.037	-1625.194	51.15772	1	0.99663	1.00343	1.00622	1.00079	0.965343	0.976313	0.973471	0.956706	0.992845
7910	-1575.377	-1626.534	51.15772	1	0.99663	1.00343	1.00622	1.00079	0.965343	0.976313	0.973471	0.956706	0.992845
7920	-1574.67	-1625.828	51.15772	1	0.99663	1.00343	1.00622	1.00079	0.965343	0.976313	0.973471	0.956706	0.992845
7930	-1573.977	-1625.135	51.15772	1	0.99663	1.00343	1.00622	1.00079	0.965343	0.976313	0.973471	0.956706	0.992845
7940	-1574.05	-1625.208	51.15772	1	0.99663	1.00343	1.00622	1.00079	0.965343	0.976313	0.973471	0.956706	0.992845
7950	-1574.176	-1625.334	51.15772	1	0.99663	1.00343	1.00622	1.00079	0.965343	0.976313	0.973471	0.956706	0.992845
7960	-1573.994	-1625.151	51.15772	1	0.99663	1.00343	1.00622	1.00079	0.965343	0.976313	0.973471	0.956706	0.992845
7970	-1574.094	-1625.251	51.15772	1	0.99663	1.00343	1.00622	1.00079	0.965343	0.976313	0.973471	0.956706	0.992845
7980	-1574.021	-1625.178	51.15772	1	0.99663	1.00343	1.00622	1.00079	0.965343	0.976313	0.973471	0.956706	0.992845
7990	-1575.568	-1626.726	51.15772	1	0.99663	1.00343	1.00622	1.00079	0.965343	0.976313	0.973471	0.956706	0.992845
8000	-1573.937	-1625.095	51.15772	1	0.99663	1.00343	1.00622	1.00079	0.965343	0.976313	0.973471	0.956706	0.992845
8010	-1575.315	-1626.473	51.15772	1	0.99663	1.00343	1.00622	1.00079	0.965343	0.976313	0.973471	0.956706	0.992845
8020	-1574.051	-1625.208	51.15772	1	0.99663	1.00343	1.00622	1.00079	0.965343	0.976313	0.973471	0.956706	0.992845
8030	-1573.953	-1625.111	51.15772	1	0.99663	1.00343	1.00622	1.00079	0.965343	0.976313	0.973471	0.956706	0.992845
8040	-1573.938	-1625.096	51.15772	1	0.99663	1.00343	1.00622	1.00079	0.965343	0.976313	0.973471	0.956706	0.992845
8050	-1574.036	-1625.194	51.15772	1	0.99663	1.00343	1.00622	1.00079	0.965343	0.976313	0.973471	0.956706	0.992845
8060	-1574.857	-1626.015	51.15772	1	0.99663	1.00343	1.00622	1.00079	0.965343	0.976313	0.973471	0.956706	0.992845
8070	-1574.124	-1625.281	51.15772	1	0.99663	1.00343	1.00622	1.00079	0.965343	0.976313	0.973471	0.956706	0.992845
8080	-1574.007	-1625.164	51.15772	1	0.99663	1.00343	1.00622	1.00079	0.965343	0.976313	0.973471	0.956706	0.992845
8090	-1574.734	-1625.892	51.15772	1	0.99663	1.00343	1.00622	1.00079	0.965343	0.976313	0.973471	0.956706	0.992845
8100	-1573.945	-1625.103	51.15772	1	0.99663	1.00343	1.00622	1.00079	0.965343	0.976313	0.973471	0.956706	0.992845
8110	-1574.361	-1625.519	51.15772	1	0.99663	1.00343	1.00622	1.00079	0.965343	0.976313	0.973471	0.956706	0.992845
8120	-1574.225	-1625.383	51.15772	1	0.99663	1.00343	1.00622	1.00079	0.965343	0.976313	0.973471	0.956706	0.992845
8130	-1574.639	-1625.797	51.15772	1	0.99663	1.00343	1.00622	1.00079	0.965343	0.976313	0.973471	0.956706	0.992845
8140	-1574.07	-1625.227	51.15772	1	0.99663	1.00343	1.00622	1.00079	0.965343	0.976313	0.973471	0.956706	0.992845
8150	-1573.942	-1625.1	51.15772	1	0.99663	1.00343	1.00622	1.00079	0.965343	0.976313	0.973471	0.956706	0.992845
8160	-1574.101	-1625.259	51.15772	1	0.99663	1.00343	1.00622	1.00079	0.965343	0.976313	0.973471	0.956706	0.992845
8170	-1573.909	-1625.067	51.15772	1	0.99663	1.00343	1.00622	1.00079	0.965343	0.976313	0.973471	0.956706	0.992845
8180	-1575.825	-1626.983	51.15772	1	0.99663	1.00343	1.00622	1.00079	0.965343	0.976313	0.973471	0.956706	0.992845
8190	-1574.203	-1625.361	51.15772	1	0.99663	1.00343	1.00622	1.00079	0.965343	0.976313	0.973471	0.956706	0.992845
8200	-1573.911	-1625.069	51.15772	1	0.99663	1.00343	1.00622	1.00079	0.965343	0.976313	0.973471	0.956706	0.992845
8210	-1573.93	-1625.087	51.15772	1	0.99663	1.00343	1.00622	1.00079	0.965343	0.976313	0.973471	0.956706	0.992845
8220	-1576.555	-1627.713	51.15772	1	0.99663	1.00343	1.00622	1.00079	0.965343	0.976313	0.973471	0.956706	0.992845
8230	-1574.197	-1625.355	51.15772	1	0.99663	1.00343	1.00622	1.00079	0.965343	0.976313	0.973471	0.956706	0.992845
8240	-1574.26	-1625.418	51.15772	1	0.99663	1.00343	1.00622	1.00079	0.965343	0.976313	0.973471	0.956706	0.992845
8250	-1573.926	-1625.084	51.15772	1	0.99663	1.00343	1.00622	1.00079	0.965343	0.976313	0.973471	0.956706	0.992845
8260	-1574.069	-1625.227	51.15772	1	0.99663	1.00343	1.00622	1.00079	0.965343	0.976313	0.973471	0.956706	0.992845
8270	-1574.793	-1625.951	51.15772	1	0.99663	1.00343	1.00622	1.00079	0.965343	0.976313	0.973471	0.956706	0.992845
8280	-1573.959	-1625.117	51.15772	1	0.99663	1.00343	1.00622	1.00079	0.965343	0.976313	0.973471	0.956706	0.992845
8290	-1574.166	-1625.323	51.15772	1	0.99663	1.00343	1.00622	1.00079	0.965343	0.976313	0.973471	0.956706	0.992845
8300	-1574.41	-1625.568	51.15772	1	0.99663	1.00343	1.00622	1.00079	0.965343	0.976313	0.973471	0.956706	0.992845
8310	-1574.052	-1625.21	51.15772	1	0.99663	1.00343	1.00622	1.00079	0.965343	0.976313	0.973471	0.956706	0.992845
8320	-1574.5	-1625.658	51.15772	1	0.99663	1.00343	1.00622	1.00079	0.965343	0.976313	0.973471	0.956706	0.992845
8330	-1573.944	-1625.102	51.15772	1	0.99663	1.00343	1.00622	1.00079	0.965343	0.976313	0.973471	0.956706	0.992845
8340	-1573.959	-1625.117	51.15772	1	0.99663	1.00343	1.00622	1.00079	0.965343	0.976313	0.973471	0.956706	0.992845
8350	-1574.584	-1625.741	51.15772	1	0.99663	1.00343	1.00622	1.00079	0.965343	0.976313	0.973471	0.956706	0.992845
8360	-1575.092	-1626.25	51.15772	1	0.99663	1.00343	1.00622	1.00079	0.965343	0.976313	0.973471	0.956706	0.992845
8370	-1576.276	-1627.434	51.15772	1	0.99663	1.00343	1.00622	1.00079	0.965343	0.976313	0.973471	0.956706	0.992845
8380	-1574.351	-1625.509	51.15772	1	0.99663	1.00343	1.00622	1.00079	0.965343	0.976313	0.973471	0.956706	0.992845
8390	-1573.942	-1625.1	51.15772	1	0.99663	1.00343	1.00622	1.00079	0.965343	0.976313	0.973471	0.956706	0.992845
8400	-1576.145	-1627.302	51.15772	1	0.99663	1.00343	1.00622	1.00079	0.965343	0.976313	0.973471	0.956706	0.992845
8410	-1574.279	-1625.436	51.15772	1	0.99663	1.00343	1.00622	1.00079	0.965343	0.976313	0.973471	0.956706	0.992845
8420	-1574.607	-1625.765	51.15772	1	0.99663	1.00343	1.00622	1.00079	0.965343	0.976313	0.973471	0.956706	0.992845
8430	-1573.948	-1625.106	51.15772	1	0.99663	1.00343	1.00622	1.00079	0.965343	0.976313	0.973471	0.956706	0.992845
8440	-1574.586	-1625.743	51.15772	1	0.99663	1.00343	1.00622	1.00079	0.965343	0.976313	0.973471	0.956706	0.992845
8450	-1576.177	-1627.335	51.15772	1	0.99663	1.00343	1.00622	1.00079	0.965343	0.976313	0.973471	0.956706	0.992845
8460	-1575.217	-1626.375	51.15772	1	0.99663	1.00343	1.00622	1.00079	0.965343	0.976313	0.973471	0.956706	0.992845
8470	-1574.107	-1625.264	51.15772	1	0.99663	1.00343	1.00622	1.00079	0.965343	0.976313	0.973471	0.956706	0.992845
8480	-1573.93	-1625.088	51.15772	1	0.99663	1.00343	1.00622	1.00079	0.965343	0.976313	0.973471	0.956706	0.992845
8490	-1574.11	-1625.268	51.15772	1	0.99663	1.00343	1.00622	1.00079	0.965343	0.976313	0.973471	0.956706	0.992845
8500	-1575.185	-1626.343	51.15772	1	0.99663	1.00343	1.00622	1.00079	0.965343	0.976313	0.973471	0.956706	0.992845
8510	-1574.152	-1625.31	51.15772	1	0.99663	1.00343	1.00622	1.00079	0.965343	0.976313	0.973471	0.956706	0.992845
8520	-1573.914	-1625.072	51.15772	1	0.99663	1.00343	1.00622	1.00079	0.965343	0.976313	0.973471	0.956706	0.992845
8530	-1574.127	-1625.285	51.15772	1	0.99663	1.00343	1.00622	1.00079	0.965343	0.976313	0.973471	0.956706	0.992845
8540	-1574.301	-1625.459	51.15772	1	0.99663	1.00343	1.00622	1.00079	0.965343	0.976313	0.973471	0.956706	0.992845
8550	-1574.08	-1625.238	51.15772	1	0.99663	1.00343	1.00622	1.00079	0.965343	0.976313	0.973471	0.956706	0.992845
8560	-1574.169	-1625.327	51.15772	1	0.99663	1.00343	1.00622	1.00079	0.965343	0.976313	0.973471	0.956706	0.992845
8570	-1575.386	-1626.544	51.15772	1	0.99663	1.00343	1.00622	1.00079	0.965343	0.976313	0.973471	0.956706	0.992845
8580	-1576.496	-1627.654	51.15772	1	0.99663	1.00343	1.00622	1.00079	0.965343	0.976313	0.973471	0.956706	0.992845
8590	-1574.613	-1625.771	51.15772	1	0.99663	1.00343	1.00622	1.00079	0.965343	0.976313	0.973471	0.956706	0.992845
8600	-1574.137	-1625.294	51.15772	1	0.99663	1.00343	1.00622	1.00079	0.965343	0.976313	0.973471	0.956706	0.992845
8610	-1574.196	-1625.353	51.15772	1	0.99663	1.00343	1.00622	1.00079	0.965343	0.976313	0.973471	0.956706	0.992845
8620	-1574.449	-1625.607	51.15772	1	0.99663	1.00343	1.00622	1.00079	0.965343	0.976313	0.973471	0.956706	0.992845
8630	-1573.911	-1625.069	51.15772	1	0.99663	1.00343	1.00622	1.00079	0.965343	0.976313	0.973471	0.956706	0.992845
8640	-1574.031	-1625.189	51.15772	1	0.99663	1.00343	1.00622	1.00079	0.965343	0.976313	0.973471	0.956706	0.992845
8650	-1573.909	-1625.067	51.15772	1	0.99663	1.00343	1.00622	1.00079	0.965343	0.976313	0.973471	0.956706	0.992845
8660	-1573.917	-1625.075	51.15772	1	0.99663	1.00343	1.00622	1.00079	0.965343	0.976313	0.973471	0.956706	0.992845
8670	-1574	-1625.158	51.15772	1	0.99663	1.00343	1.00622	1.00079	0.965343	0.976313	0.973471	0.956706	0.992845
8680	-1574.104	-1625.261	51.15772	1	0.99663	1.00343	1.00622	1.00079	0.965343	0.976313	0.973471	0.956706	0.992845
8690	-1573.922	-1625.079	51.15772	1	0.99663	1.00343	1.00622	1.00079	0.965343	0.976313	0.973471	0.956706	0.992845
8700	-1573.925	-1625.083	51.15772	1	0.99663	1.00343	1.00622	1.00079	0.965343	0.976313	0.973471	0.956706	0.992845
8710	-1573.913	-1625.071	51.15772	1	0.99663	1.00343	1.00622	1.00079	0.965343	0.976313	0.973471	0.956706	0.992845
8720	-1576.41	-1627.567	51.15772	1	0.99663	1.00343	1.00622	1.00079	0.965343	0.976313	0.973471	0.956706	0.992845
8730	-1574.841	-1625.999	51.15772	1	0.99663	1.00343	1.00622	1.00079	0.965343	0.976313	0.973471	0.956706	0.992845
8740	-1573.909	-1625.067	51.15772	1	0.99663	1.00343	1.00622	1.00079	0.965343	0.976313	0.973471	0.956706	0.992845
8750	-1577.909	-1629.067	51.15772	1	0.99663	1.00343	1.00622	1.00079	0.965343	0.976313	0.973471	0.956706	0.992845
8760	-1573.972	-1625.13	51.15772	1	0.99663	1.00343	1.00622	1.00079	0.965343	0.976313	0.973471	0.956706	0.992845
8770	-1573.961	-1625.119	51.15772	1	0.99663	1.00343	1.00622	1.00079	0.965343	0.976313	0.973471	0.956706	0.992845
8780	-1574.53	-1625.688	51.15772	1	0.99663	1.00343	1.00622	1.00079	0.965343	0.976313	0.973471	0.956706	0.992845
8790	-1574.938	-1626.096	51.15772	1	0.99663	1.00343	1.00622	1.00079	0.965343	0.976313	0.973471	0.956706	0.992845
8800	-1574.056	-1625.213	51.15772	1	0.99663	1.00343	1.00622	1.00079	0.965343	0.976313	0.973471	0.956706	0.992845
8810	-1574.006	-1625.164	51.15772	1	0.99663	1.00343	1.00622	1.00079	0.965343	0.976313	0.973471	0.956706	0.992845
8820	-1573.974	-1625.132	51.15772	1	0.99663	1.00343	1.00622	1.00079	0.965343	0.976313	0.973471	0.956706	0.992845
8830	-1575.068	-1626.225	51.15772	1	0.99663	1.00343	1.00622	1.00079	0.965343	0.976313	0.973471	0.956706	0.992845
8840	-1574.213	-1625.371	51.15772	1	0.99663	1.00343	1.00622	1.00079	0.965343	0.976313	0.973471	0.956706	0.992845
8850	-1574.177	-1625.335	51.15772	1	0.99663	1.00343	1.00622	1.00079	0.965343	0.976313	0.973471	0.956706	0.992845
8860	-1574.549	-1625.706	51.15772	1	0.99663	1.00343	1.00622	1.00079	0.965343	0.976313	0.973471	0.956706	0.992845
8870	-1574.538	-1625.696	51.15772	1	0.99663	1.00343	1.00622	1.00079	0.965343	0.976313	0.973471	0.956706	0.992845
8880	-1574.041	-1625.199	51.15772	1	0.99663	1.00343	1.00622	1.00079	0.965343	0.976313	0.973471	0.956706	0.992845
8890	-1574.243	-1625.4	51.15772	1	0.99663	1.00343	1.00622	1.00079	0.965343	0.976313	0.973471	0.956706	0.992845
8900	-1573.946	-1625.104	51.15772	1	0.99663	1.00343	1.00622	1.00079	0.965343	0.976313	0.973471	0.956706	0.992845
8910	-1573.926	-1625.083	51.15772	1	0.99663	1.00343	1.00622	1.00079	0.965343	0.976313	0.973471	0.956706	0.992845
8920	-1573.925	-1625.083	51.15772	1	0.99663	1.00343	1.00622	1.00079	0.965343	0.976313	0.973471	0.956706	0.992845
8930	-1574.254	-1625.412	51.15772	1	0.99663	1.00343	1.00622	1.00079	0.965343	0.976313	0.973471	0.956706	0.992845
8940	-1574.126	-1625.284	51.15772	1	0.99663	1.00343	1.00622	1.00079	0.965343	0.976313	0.973471	0.956706	0.992845
8950	-1574.913	-1626.071	51.15772	1	0.99663	1.00343	1.00622	1.00079	0.965343	0.976313	0.973471	0.956706	0.992845
8960	-1574.087	-1625.245	51.15772	1	0.99663	1.00343	1.00622	1.00079	0.965343	0.976313	0.973471	0.956706	0.992845
8970	-1574.567	-1625.724	51.15772	1	0.99663	1.00343	1.00622	1.00079	0.965343	0.976313	0.973471	0.956706	0.992845
8980	-1575.383	-1626.54	51.15772	1	0.99663	1.00343	1.00622	1.00079	0.965343	0.976313	0.973471	0.956706	0.992845
8990	-1573.953	-1625.111	51.15772	1	0.99663	1.00343	1.00622	1.00079	0.965343	0.976313	0.973471	0.956706	0.992845
9000	-1573.923	-1625.081	51.15772	1	0.99663	1.00343	1.00622	1.00079	0.965343	0.976313	0.973471	0.956706	0.992845
9010	-1574.003	-1625.161	51.15772	1	0.99663	1.00343	1.00622	1.00079	0.965343	0.976313	0.973471	0.956706	0.992845
9020	-1573.957	-1625.115	51.15772	1	0.99663	1.00343	1.00622	1.00079	0.965343	0.976313	0.973471	0.956706	0.992845
9030	-1574.511	-1625.669	51.15772	1	0.99663	1.00343	1.00622	1.00079	0.965343	0.976313	0.973471	0.956706	0.992845
9040	-1575.029	-1626.187	51.15772	1	0.99663	1.00343	1.00622	1.00079	0.965343	0.976313	0.973471	0.956706	0.992845
9050	-1574.352	-1625.51	51.15772	1	0.99663	1.00343	1.00622	1.00079	0.965343	0.976313	0.973471	0.956706	0.992845
9060	-1574.811	-1625.968	51.15772	1	0.99663	1.00343	1.00622	1.00079	0.965343	0.976313	0.973471	0.956706	0.992845
9070	-1575.156	-1626.314	51.15772	1	0.99663	1.00343	1.00622	1.00079	0.965343	0.976313	0.973471	0.956706	0.992845
9080	-1573.995	-1625.153	51.15772	1	0.99663	1.00343	1.00622	1.00079	0.965343	0.976313	0.973471	0.956706	0.992845
9090	-1573.944	-1625.102	51.15772	1	0.99663	1.00343	1.00622	1.00079	0.965343	0.976313	0.973471	0.956706	0.992845
9100	-1573.915	-1625.073	51.15772	1	0.99663	1.00343	1.00622	1.00079	0.965343	0.976313	0.973471	0.956706	0.992845
9110	-1575.348	-1626.506	51.15772	1	0.99663	1.00343	1.00622	1.00079	0.965343	0.976313	0.973471	0.956706	0.992845
9120	-1573.977	-1625.135	51.15772	1	0.99663	1.00343	1.00622	1.00079	0.965343	0.976313	0.973471	0.956706	0.992845
9130	-1574.027	-1625.185	51.15772	1	0.99663	1.00343	1.00622	1.00079	0.965343	0.976313	0.973471	0.956706	0.992845
9140	-1573.925	-1625.083	51.15772	1	0.99663	1.00343	1.00622	1.00079	0.965343	0.976313	0.973471	0.956706	0.992845
9150	-1574.005	-1625.163	51.15772	1	0.99663	1.00343	1.00622	1.00079	0.965343	0.976313	0.973471	0.956706	0.992845
9160	-1574.016	-1625.173	51.15772	1	0.99663	1.00343	1.00622	1.00079	0.965343	0.976313	0.973471	0.956706	0.992845
9170	-1574.078	-1625.235	51.15772	1	0.99663	1.00343	1.00622	1.00079	0.965343	0.976313	0.973471	0.956706	0.992845
9180	-1574.207	-1625.365	51.15772	1	0.99663	1.00343	1.00622	1.00079	0.965343	0.976313	0.973471	0.956706	0.992845
9190	-1573.994	-1625.152	51.15772	1	0.99663	1.00343	1.00622	1.00079	0.965343	0.976313	0.973471	0.956706	0.992845
9200	-1573.917	-1625.074	51.15772	1	0.99663	1.00343	1.00622	1.00079	0.965343	0.976313	0.973471	0.956706	0.992845
9210	-1574.634	-1625.792	51.15772	1	0.99663	1.00343	1.00622	1.00079	0.965343	0.976313	0.973471	0.956706	0.992845
9220	-1575.847	-1627.005	51.15772	1	0.99663	1.00343	1.00622	1.00079	0.965343	0.976313	0.973471	0.956706	0.992845
9230	-1573.954	-1625.112	51.15772	1	0.99663	1.00343	1.00622	1.00079	0.965343	0.976313	0.973471	0.956706	0.992845
9240	-1574.117	-1625.275	51.15772	1	0.99663	1.00343	1.00622	1.00079	0.965343	0.976313	0.973471	0.956706	0.992845
9250	-1574.637	-1625.794	51.15772	1	0.99663	1.00343	1.00622	1.00079	0.965343	0.976313	0.973471	0.956706	0.992845
9260	-1574.871	-1626.028	51.15772	1	0.99663	1.00343	1.00622	1.00079	0.965343	0.976313	0.973471	0.956706	0.992845
9270	-1574.037	-1625.195	51.15772	1	0.99663	1.00343	1.00622	1.00079	0.965343	0.976313	0.973471	0.956706	0.992845
9280	-1574.165	-1625.322	51.15772	1	0.99663	1.00343	1.00622	1.00079	0.965343	0.976313	0.973471	0.956706	0.992845
9290	-1574.045	-1625.203	51.15772	1	0.99663	1.00343	1.00622	1.00079	0.965343	0.976313	0.973471	0.956706	0.992845
9300	-1573.965	-1625.123	51.15772	1	0.99663	1.00343	1.00622	1.00079	0.965343	0.976313	0.973471	0.956706	0.992845
9310	-1573.913	-1625.071	51.15772	1	0.99663	1.00343	1.00622	1.00079	0.965343	0.976313	0.973471	0.956706	0.992845
9320	-1575.054	-1626.211	51.15772	1	0.99663	1.00343	1.00622	1.00079	0.965343	0.976313	0.973471	0.956706	0.992845
9330	-1573.914	-1625.072	51.15772	1	0.99663	1.00343	1.00622	1.00079	0.965343	0.976313	0.973471	0.956706	0.992845
9340	-1574.477	-1625.635	51.15772	1	0.99663	1.00343	1.00622	1.00079	0.965343	0.976313	0.973471	0.956706	0.992845
9350	-1573.91	-1625.067	51.15772	1	0.99663	1.00343	1.00622	1.00079	0.965343	0.976313	0.973471	0.956706	0.992845
9360	-1574.223	-1625.381	51.15772	1	0.99663	1.00343	1.00622	1.00079	0.965343	0.976313	0.973471	0.956706	0.992845
9370	-1573.919	-1625.077	51.15772	1	0.99663	1.00343	1.00622	1.00079	0.965343	0.976313	0.973471	0.956706	0.992845
9380	-1574.58	-1625.738	51.15772	1	0.99663	1.00343	1.00622	1.00079	0.965343	0.976313	0.973471	0.956706	0.992845
9390	-1573.911	-1625.069	51.15772	1	0.99663	1.00343	1.00622	1.00079	0.965343	0.976313	0.973471	0.956706	0.992845
9400	-1575.219	-1626.376	51.15772	1	0.99663	1.00343	1.00622	1.00079	0.965343	0.976313	0.973471	0.956706	0.992845
9410	-1573.948	-1625.106	51.15772	1	0.99663	1.00343	1.00622	1.00079	0.965343	0.976313	0.973471	0.956706	0.992845
9420	-1574.044	-1625.201	51.15772	1	0.99663	1.00343	1.00622	1.00079	0.965343	0.976313	0.973471	0.956706	0.992845
9430	-1573.91	-1625.068	51.15772	1	0.99663	1.00343	1.00622	1.00079	0.965343	0.976313	0.973471	0.956706	0.992845
9440	-1574.817	-1625.975	51.15772	1	0.99663	1.00343	1.00622	1.00079	0.965343	0.976313	0.973471	0.956706	0.992845
9450	-1574.338	-1625.496	51.15772	1	0.99663	1.00343	1.00622	1.00079	0.965343	0.976313	0.973471	0.956706	0.992845
9460	-1574.312	-1625.47	51.15772	1	0.99663	1.00343	1.00622	1.00079	0.965343	0.976313	0.973471	0.956706	0.992845
9470	-1574.282	-1625.44	51.15772	1	0.99663	1.00343	1.00622	1.00079	0.965343	0.976313	0.973471	0.956706	0.992845
9480	-1574.094	-1625.252	51.15772	1	0.99663	1.00343	1.00622	1.00079	0.965343	0.976313	0.973471	0.956706	0.992845
9490	-1573.941	-1625.099	51.15772	1	0.99663	1.00343	1.00622	1.00079	0.965343	0.976313	0.973471	0.956706	0.992845
9500	-1574.024	-1625.182	51.15772	1	0.99663	1.00343	1.00622	1.00079	0.965343	0.976313	0.973471	0.956706	0.992845
9510	-1574.284	-1625.442	51.15772	1	0.99663	1.00343	1.00622	1.00079	0.965343	0.976313	0.973471	0.956706	0.992845
9520	-1574.302	-1625.46	51.15772	1	0.99663	1.00343	1.00622	1.00079	0.965343	0.976313	0.973471	0.956706	0.992845
9530	-1574.398	-1625.555	51.15772	1	0.99663	1.00343	1.00622	1.00079	0.965343	0.976313	0.973471	0.956706	0.992845
9540	-1573.94	-1625.098	51.15772	1	0.99663	1.00343	1.00622	1.00079	0.965343	0.976313	0.973471	0.956706	0.992845
9550	-1573.961	-1625.119	51.15772	1	0.99663	1.00343	1.00622	1.00079	0.965343	0.976313	0.973471	0.956706	0.992845
9560	-1574.917	-1626.075	51.15772	1	0.99663	1.00343	1.00622	1.00079	0.965343	0.976313	0.973471	0.956706	0.992845
9570	-1574.072	-1625.23	51.15772	1	0.99663	1.00343	1.00622	1.00079	0.965343	0.976313	0.973471	0.956706	0.992845
9580	-1574.69	-1625.847	51.15772	1	0.99663	1.00343	1.00622	1.00079	0.965343	0.976313	0.973471	0.956706	0.992845
9590	-1575.314	-1626.472	51.15772	1	0.99663	1.00343	1.00622	1.00079	0.965343	0.976313	0.973471	0.956706	0.992845
9600	-1573.927	-1625.085	51.15772	1	0.99663	1.00343	1.00622	1.00079	0.965343	0.976313	0.973471	0.956706	0.992845
9610	-1574.062	-1625.22	51.15772	1	0.99663	1.00343	1.00622	1.00079	0.965343	0.976313	0.973471	0.956706	0.992845
9620	-1573.93	-1625.088	51.15772	1	0.99663	1.00343	1.00622	1.00079	0.965343	0.976313	0.973471	0.956706	0.992845
9630	-1574.308	-1625.466	51.15772	1	0.99663	1.00343	1.00622	1.00079	0.965343	0.976313	0.973471	0.956706	0.992845
9640	-1574.051	-1625.208	51.15772	1	0.99663	1.00343	1.00622	1.00079	0.965343	0.976313	0.973471	0.956706	0.992845
9650	-1574.057	-1625.214	51.15772	1	0.99663	1.00343	1.00622	1.00079	0.965343	0.976313	0.973471	0.956706	0.992845
9660	-1574.008	-1625.166	51.15772	1	0.99663	1.00343	1.00622	1.00079	0.965343	0.976313	0.973471	0.956706	0.992845
9670	-1573.916	-1625.074	51.15772	1	0.99663	1.00343	1.00622	1.00079	0.965343	0.976313	0.973471	0.956706	0.992845
9680	-1574.454	-1625.612	51.15772	1	0.99663	1.00343	1.00622	1.00079	0.965343	0.976313	0.973471	0.956706	0.992845
9690	-1574.639	-1625.796	51.15772	1	0.99663	1.00343	1.00622	1.00079	0.965343	0.976313	0.973471	0.956706	0.992845
9700	-1574.022	-1625.18	51.15772	1	0.99663	1.00343	1.00622	1.00079	0.965343	0.976313	0.973471	0.956706	0.992845
9710	-1573.916	-1625.074	51.15772	1	0.99663	1.00343	1.00622	1.00079	0.965343	0.976313	0.973471	0.956706	0.992845
9720	-1574.089	-1625.247	51.15772	1	0.99663	1.00343	1.00622	1.00079	0.965343	0.976313	0.973471	0.956706	0.992845
9730	-1574.112	-1625.27	51.15772	1	0.99663	1.00343	1.00622	1.00079	0.965343	0.976313	0.973471	0.956706	0.992845
9740	-1573.97	-1625.128	51.15772	1	0.99663	1.00343	1.00622	1.00079	0.965343	0.976313	0.973471	0.956706	0.992845
9750	-1573.981	-1625.139	51.15772	1	0.99663	1.00343	1.00622	1.00079	0.965343	0.976313	0.973471	0.956706	0.992845
9760	-1575.175	-1626.333	51.15772	1	0.99663	1.00343	1.00622	1.00079	0.965343	0.976313	0.973471	0.956706	0.992845
9770	-1573.923	-1625.081	51.15772	1	0.99663	1.00343	1.00622	1.00079	0.965343	0.976313	0.973471	0.956706	0.992845
9780	-1573.999	-1625.157	51.15772	1	0.99663	1.00343	1.00622	1.00079	0.965343	0.976313	0.973471	0.956706	0.992845
9790	-1575.127	-1626.285	51.15772	1	0.99663	1.00343	1.00622	1.00079	0.965343	0.976313	0.973471	0.956706	0.992845
9800	-1573.942	-1625.099	51.15772	1	0.99663	1.00343	1.00622	1.00079	0.965343	0.976313	0.973471	0.956706	0.992845
9810	-1574.584	-1625.741	51.15772	1	0.99663	1.00343	1.00622	1.00079	0.965343	0.976313	0.973471	0.956706	0.992845
9820	-1573.911	-1625.068	51.15772	1	0.99663	1.00343	1.00622	1.00079	0.965343	0.976313	0.973471	0.956706	0.992845
9830	-1575.046	-1626.204	51.15772	1	0.99663	1.00343	1.00622	1.00079	0.965343	0.976313	0.973471	0.956706	0.992845
9840	-1573.913	-1625.071	51.15772	1	0.99663	1.00343	1.00622	1.00079	0.965343	0.976313	0.973471	0.956706	0.992845
9850	-1575.522	-1626.68	51.15772	1	0.99663	1.00343	1.00622	1.00079	0.965343	0.976313	0.973471	0.956706	0.992845
9860	-1575.128	-1626.285	51.15772	1	0.99663	1.00343	1.00622	1.00079	0.965343	0.976313	0.973471	0.956706	0.992845
9870	-1574.401	-1625.559	51.15772	1	0.99663	1.00343	1.00622	1.00079	0.965343	0.976313	0.973471	0.956706	0.992845
9880	-1574.507	-1625.665	51.15772	1	0.99663	1.00343	1.00622	1.00079	0.965343	0.976313	0.973471	0.956706	0.992845
9890	-1573.942	-1625.1	51.15772	1	0.99663	1.00343	1.00622	1.00079	0.965343	0.976313	0.973471	0.956706	0.992845
9900	-1575.633	-1626.791	51.15772	1	0.99663	1.00343	1.00622	1.00079	0.965343	0.976313	0.973471	0.956706	0.992845
9910	-1573.915	-1625.073	51.15772	1	0.99663	1.00343	1.00622	1.00079	0.965343	0.976313	0.973471	0.956706	0.992845
9920	-1574.045	-1625.203	51.15772	1	0.99663	1.00343	1.00622	1.00079	0.965343	0.976313	0.973471	0.956706	0.992845
9930	-1577.467	-1628.625	51.15772	1	0.99663	1.00343	1.00622	1.00079	0.965343	0.976313	0.973471	0.956706	0.992845
9940	-1575.034	-1626.192	51.15772	1	0.99663	1.00343	1.00622	1.00079	0.965343	0.976313	0.973471	0.956706	0.992845
9950	-1575.132	-1626.289	51.15772	1	0.99663	1.00343	1.00622	1.00079	0.965343	0.976313	0.973471	0.956706	0.992845
9960	-1573.999	-1625.157	51.15772	1	0.99663	1.00343	1.00622	1.00079	0.965343	0.976313	0.973471	0.956706	0.992845
9970	-1573.913	-1625.07	51.15772	1	0.99663	1.00343	1.00622	1.00079	0.965343	0.976313	0.973471	0.956706	0.992845
9980	-1574.235	-1625.393	51.15772	1	0.99663	1.00343	1.00622	1.00079	0.965343	0.976313	0.973471	0.956706	0.992845
9990	-1574.484	-1625.641	51.15772	1	0.99663	1.00343	1.00622	1.00079	0.965343	0.976313	0.973471	0.956706	0.992845
10000	-1575.322	-1626.48	51.15772	1	0.99663	1.00343	1.00622	1.00079	0.965343	0.976313	0.973471	0.956706	0.992845
10010	-1573.929	-1625.087	51.15772	1	0.99663	1.00343	1.00622	1.00079	0.965343	0.976313	0.973471	0.956706	0.992845
10020	-1574.164	-1625.321	51.15772	1	0.99663	1.00343	1.00622	1.00079	0.965343	0.976313	0.973471	0.956706	0.992845
10030	-1574.257	-1625.415	51.15772	1	0.99663	1.00343	1.00622	1.00079	0.965343	0.976313	0.973471	0.956706	0.992845
10040	-1573.933	-1625.091	51.15772	1	0.99663	1.00343	1.00622	1.00079	0.965343	0.976313	0.973471	0.956706	0.992845
10050	-1574.049	-1625.207	51.15772	1	0.99663	1.00343	1.00622	1.00079	0.965343	0.976313	0.973471	0.956706	0.992845
10060	-1574.039	-1625.197	51.15772	1	0.99663	1.00343	1.00622	1.00079	0.965343	0.976313	0.973471	0.956706	0.992845
10070	-1574.295	-1625.453	51.15772	1	0.99663	1.00343	1.00622	1.00079	0.965343	0.976313	0.973471	0.956706	0.992845
10080	-1573.91	-1625.068	51.15772	1	0.99663	1.00343	1.00622	1.00079	0.965343	0.976313	0.973471	0.956706	0.992845
10090	-1574.655	-1625.813	51.15772	1	0.99663	1.00343	1.00622	1.00079	0.965343	0.976313	0.973471	0.956706	0.992845
10100	-1574.387	-1625.545	51.15772	1	0.99663	1.00343	1.00622	1.00079	0.965343	0.976313	0.973471	0.956706	0.992845
10110	-1574.059	-1625.217	51.15772	1	0.99663	1.00343	1.00622	1.00079	0.965343	0.976313	0.973471	0.956706	0.992845
10120	-1574.69	-1625.848	51.15772	1	0.99663	1.00343	1.00622	1.00079	0.965343	0.976313	0.973471	0.956706	0.992845
10130	-1573.916	-1625.073	51.15772	1	0.99663	1.00343	1.00622	1.00079	0.965343	0.976313	0.973471	0.956706	0.992845
10140	-1575.571	-1626.729	51.15772	1	0.99663	1.00343	1.00622	1.00079	0.965343	0.976313	0.973471	0.956706	0.992845
10150	-1574.065	-1625.223	51.15772	1	0.99663	1.00343	1.00622	1.00079	0.965343	0.976313	0.973471	0.956706	0.992845
10160	-1573.91	-1625.067	51.15772	1	0.99663	1.00343	1.00622	1.00079	0.965343	0.976313	0.973471	0.956706	0.992845
10170	-1575.516	-1626.673	51.15772	1	0.99663	1.00343	1.00622	1.00079	0.965343	0.976313	0.973471	0.956706	0.992845
10180	-1574.069	-1625.227	51.15772	1	0.99663	1.00343	1.00622	1.00079	0.965343	0.976313	0.973471	0.956706	0.992845
10190	-1575.606	-1626.764	51.15772	1	0.99663	1.00343	1.00622	1.00079	0.965343	0.976313	0.973471	0.956706	0.992845
10200	-1574.195	-1625.353	51.15772	1	0.99663	1.00343	1.00622	1.00079	0.965343	0.976313	0.973471	0.956706	0.992845
10210	-1574.18	-1625.337	51.15772	1	0.99663	1.00343	1.00622	1.00079	0.965343	0.976313	0.973471	0.956706	0.992845
10220	-1573.915	-1625.073	51.15772	1	0.99663	1.00343	1.00622	1.00079	0.965343	0.976313	0.973471	0.956706	0.992845
10230	-1574.044	-1625.202	51.15772	1	0.99663	1.00343	1.00622	1.00079	0.965343	0.976313	0.973471	0.956706	0.992845
10240	-1573.941	-1625.099	51.15772	1	0.99663	1.00343	1.00622	1.00079	0.965343	0.976313	0.973471	0.956706	0.992845
10250	-1573.954	-1625.112	51.15772	1	0.99663	1.00343	1.00622	1.00079	0.965343	0.976313	0.973471	0.956706	0.992845
10260	-1574.411	-1625.569	51.15772	1	0.99663	1.00343	1.00622	1.00079	0.965343	0.976313	0.973471	0.956706	0.992845
10270	-1574.193	-1625.351	51.15772	1	0.99663	1.00343	1.00622	1.00079	0.965343	0.976313	0.973471	0.956706	0.992845
10280	-1574.774	-1625.932	51.15772	1	0.99663	1.00343	1.00622	1.00079	0.965343	0.976313	0.973471	0.956706	0.992845
10290	-1574.829	-1625.987	51.15772	1	0.99663	1.00343	1.00622	1.00079	0.965343	0.976313	0.973471	0.956706	0.992845
10300	-1574.018	-1625.176	51.15772	1	0.99663	1.00343	1.00622	1.00079	0.965343	0.976313	0.973471	0.956706	0.992845
10310	-1574.34	-1625.498	51.15772	1	0.99663	1.00343	1.00622	1.00079	0.965343	0.976313	0.973471	0.956706	0.992845
10320	-1573.914	-1625.071	51.15772	1	0.99663	1.00343	1.00622	1.00079	0.965343	0.976313	0.973471	0.956706	0.992845
10330	-1573.937	-1625.095	51.15772	1	0.99663	1.00343	1.00622	1.00079	0.965343	0.976313	0.973471	0.956706	0.992845
10340	-1573.922	-1625.08	51.15772	1	0.99663	1.00343	1.00622	1.00079	0.965343	0.976313	0.973471	0.956706	0.992845
10350	-1573.915	-1625.072	51.15772	1	0.99663	1.00343	1.00622	1.00079	0.965343	0.976313	0.973471	0.956706	0.992845
10360	-1573.91	-1625.068	51.15772	1	0.99663	1.00343	1.00622	1.00079	0.965343	0.976313	0.973471	0.956706	0.992845
10370	-1574.541	-1625.699	51.15772	1	0.99663	1.00343	1.00622	1.00079	0.965343	0.976313	0.973471	0.956706	0.992845
10380	-1574.596	-1625.754	51.15772	1	0.99663	1.00343	1.00622	1.00079	0.965343	0.976313	0.973471	0.956706	0.992845
10390	-1573.959	-1625.117	51.15772	1	0.99663	1.00343	1.00622	1.00079	0.965343	0.976313	0.973471	0.956706	0.992845
10400	-1576.164	-1627.322	51.15772	1	0.99663	1.00343	1.00622	1.00079	0.965343	0.976313	0.973471	0.956706	0.992845
10410	-1573.995	-1625.152	51.15772	1	0.99663	1.00343	1.00622	1.00079	0.965343	0.976313	0.973471	0.956706	0.992845
10420	-1574.282	-1625.439	51.15772	1	0.99663	1.00343	1.00622	1.00079	0.965343	0.976313	0.973471	0.956706	0.992845
10430	-1574.246	-1625.404	51.15772	1	0.99663	1.00343	1.00622	1.00079	0.965343	0.976313	0.973471	0.956706	0.992845
10440	-1575.494	-1626.652	51.15772	1	0.99663	1.00343	1.00622	1.00079	0.965343	0.976313	0.973471	0.956706	0.992845
10450	-1574.235	-1625.393	51.15772	1	0.99663	1.00343	1.00622	1.00079	0.965343	0.976313	0.973471	0.956706	0.992845
10460	-1573.91	-1625.068	51.15772	1	0.99663	1.00343	1.00622	1.00079	0.965343	0.976313	0.973471	0.956706	0.992845
10470	-1575.053	-1626.211	51.15772	1	0.99663	1.00343	1.00622	1.00079	0.965343	0.976313	0.973471	0.956706	0.992845
10480	-1573.92	-1625.078	51.15772	1	0.99663	1.00343	1.00622	1.00079	0.965343	0.976313	0.973471	0.956706	0.992845
10490	-1573.91	-1625.067	51.15772	1	0.99663	1.00343	1.00622	1.00079	0.965343	0.976313	0.973471	0.956706	0.992845
10500	-1573.943	-1625.101	51.15772	1	0.99663	1.00343	1.00622	1.00079	0.965343	0.976313	0.973471	0.956706	0.992845
10510	-1574.118	-1625.276	51.15772	1	0.99663	1.00343	1.00622	1.00079	0.965343	0.976313	0.973471	0.956706	0.992845
10520	-1574.984	-1626.142	51.15772	1	0.99663	1.00343	1.00622	1.00079	0.965343	0.976313	0.973471	0.956706	0.992845
10530	-1573.926	-1625.084	51.15772	1	0.99663	1.00343	1.00622	1.00079	0.965343	0.976313	0.973471	0.956706	0.992845
10540	-1577.27	-1628.428	51.15772	1	0.99663	1.00343	1.00622	1.00079	0.965343	0.976313	0.973471	0.956706	0.992845
10550	-1574.221	-1625.379	51.15772	1	0.99663	1.00343	1.00622	1.00079	0.965343	0.976313	0.973471	0.956706	0.992845
10560	-1574.425	-1625.583	51.15772	1	0.99663	1.00343	1.00622	1.00079	0.965343	0.976313	0.973471	0.956706	0.992845
10570	-1574.495	-1625.653	51.15772	1	0.99663	1.00343	1.00622	1.00079	0.965343	0.976313	0.973471	0.956706	0.992845
10580	-1574.786	-1625.944	51.15772	1	0.99663	1.00343	1.00622	1.00079	0.965343	0.976313	0.973471	0.956706	0.992845
10590	-1574.482	-1625.64	51.15772	1	0.99663	1.00343	1.00622	1.00079	0.965343	0.976313	0.973471	0.956706	0.992845
10600	-1574.45	-1625.608	51.15772	1	0.99663	1.00343	1.00622	1.00079	0.965343	0.976313	0.973471	0.956706	0.992845
10610	-1573.967	-1625.125	51.15772	1	0.99663	1.00343	1.00622	1.00079	0.965343	0.976313	0.973471	0.956706	0.992845
10620	-1574.114	-1625.272	51.15772	1	0.99663	1.00343	1.00622	1.00079	0.965343	0.976313	0.973471	0.956706	0.992845
10630	-1574.429	-1625.587	51.15772	1	0.99663	1.00343	1.00622	1.00079	0.965343	0.976313	0.973471	0.956706	0.992845
10640	-1575.23	-1626.388	51.15772	1	0.99663	1.00343	1.00622	1.00079	0.965343	0.976313	0.973471	0.956706	0.992845
10650	-1574.44	-1625.598	51.15772	1	0.99663	1.00343	1.00622	1.00079	0.965343	0.976313	0.973471	0.956706	0.992845
10660	-1574.403	-1625.56	51.15772	1	0.99663	1.00343	1.00622	1.00079	0.965343	0.976313	0.973471	0.956706	0.992845
10670	-1576.917	-1628.075	51.15772	1	0.99663	1.00343	1.00622	1.00079	0.965343	0.976313	0.973471	0.956706	0.992845
10680	-1575.503	-1626.661	51.15772	1	0.99663	1.00343	1.00622	1.00079	0.965343	0.976313	0.973471	0.956706	0.992845
10690	-1574.04	-1625.198	51.15772	1	0.99663	1.00343	1.00622	1.00079	0.965343	0.976313	0.973471	0.956706	0.992845
10700	-1573.909	-1625.067	51.15772	1	0.99663	1.00343	1.00622	1.00079	0.965343	0.976313	0.973471	0.956706	0.992845
10710	-1574.307	-1625.464	51.15772	1	0.99663	1.00343	1.00622	1.00079	0.965343	0.976313	0.973471	0.956706	0.992845
10720	-1574.158	-1625.316	51.15772	1	0.99663	1.00343	1.00622	1.00079	0.965343	0.976313	0.973471	0.956706	0.992845
10730	-1573.914	-1625.072	51.15772	1	0.99663	1.00343	1.00622	1.00079	0.965343	0.976313	0.973471	0.956706	0.992845
10740	-1575.418	-1626.575	51.15772	1	0.99663	1.00343	1.00622	1.00079	0.965343	0.976313	0.973471	0.956706	0.992845
10750	-1575.331	-1626.489	51.15772	1	0.99663	1.00343	1.00622	1.00079	0.965343	0.976313	0.973471	0.956706	0.992845
10760	-1574.253	-1625.411	51.15772	1	0.99663	1.00343	1.00622	1.00079	0.965343	0.976313	0.973471	0.956706	0.992845
10770	-1574.643	-1625.801	51.15772	1	0.99663	1.00343	1.00622	1.00079	0.965343	0.976313	0.973471	0.956706	0.992845
10780	-1574.994	-1626.151	51.15772	1	0.99663	1.00343	1.00622	1.00079	0.965343	0.976313	0.973471	0.956706	0.992845
10790	-1574.449	-1625.606	51.15772	1	0.99663	1.00343	1.00622	1.00079	0.965343	0.976313	0.973471	0.956706	0.992845
10800	-1573.964	-1625.122	51.15772	1	0.99663	1.00343	1.00622	1.00079	0.965343	0.976313	0.973471	0.956706	0.992845
10810	-1574.104	-1625.262	51.15772	1	0.99663	1.00343	1.00622	1.00079	0.965343	0.976313	0.973471	0.956706	0.992845
10820	-1574.149	-1625.307	51.15772	1	0.99663	1.00343	1.00622	1.00079	0.965343	0.976313	0.973471	0.956706	0.992845
10830	-1573.916	-1625.073	51.15772	1	0.99663	1.00343	1.00622	1.00079	0.965343	0.976313	0.973471	0.956706	0.992845
10840	-1574.063	-1625.221	51.15772	1	0.99663	1.00343	1.00622	1.00079	0.965343	0.976313	0.973471	0.956706	0.992845
10850	-1575.274	-1626.432	51.15772	1	0.99663	1.00343	1.00622	1.00079	0.965343	0.976313	0.973471	0.956706	0.992845
10860	-1573.91	-1625.068	51.15772	1	0.99663	1.00343	1.00622	1.00079	0.965343	0.976313	0.973471	0.956706	0.992845
10870	-1575.046	-1626.204	51.15772	1	0.99663	1.00343	1.00622	1.00079	0.965343	0.976313	0.973471	0.956706	0.992845
10880	-1574.93	-1626.088	51.15772	1	0.99663	1.00343	1.00622	1.00079	0.965343	0.976313	0.973471	0.956706	0.992845
10890	-1574.083	-1625.241	51.15772	1	0.99663	1.00343	1.00622	1.00079	0.965343	0.976313	0.973471	0.956706	0.992845
10900	-1574.33	-1625.488	51.15772	1	0.99663	1.00343	1.00622	1.00079	0.965343	0.976313	0.973471	0.956706	0.992845
10910	-1573.991	-1625.149	51.15772	1	0.99663	1.00343	1.00622	1.00079	0.965343	0.976313	0.973471	0.956706	0.992845
10920	-1573.952	-1625.109	51.15772	1	0.99663	1.00343	1.00622	1.00079	0.965343	0.976313	0.973471	0.956706	0.992845
10930	-1573.957	-1625.115	51.15772	1	0.99663	1.00343	1.00622	1.00079	0.965343	0.976313	0.973471	0.956706	0.992845
10940	-1573.991	-1625.148	51.15772	1	0.99663	1.00343	1.00622	1.00079	0.965343	0.976313	0.973471	0.956706	0.992845
10950	-1574.823	-1625.98	51.15772	1	0.99663	1.00343	1.00622	1.00079	0.965343	0.976313	0.973471	0.956706	0.992845
10960	-1574.132	-1625.289	51.15772	1	0.99663	1.00343	1.00622	1.00079	0.965343	0.976313	0.973471	0.956706	0.992845
10970	-1574.395	-1625.552	51.15772	1	0.99663	1.00343	1.00622	1.00079	0.965343	0.976313	0.973471	0.956706	0.992845
10980	-1574.579	-1625.736	51.15772	1	0.99663	1.00343	1.00622	1.00079	0.965343	0.976313	0.973471	0.956706	0.992845
10990	-1573.934	-1625.092	51.15772	1	0.99663	1.00343	1.00622	1.00079	0.965343	0.976313	0.973471	0.956706	0.992845
11000	-1573.909	-1625.067	51.15772	1	0.99663	1.00343	1.00622	1.00079	0.965343	0.976313	0.973471	0.956706	0.992845
11010	-1573.91	-1625.068	51.15772	1	0.99663	1.00343	1.00622	1.00079	0.965343	0.976313	0.973471	0.956706	0.992845
11020	-1574.018	-1625.176	51.15772	1	0.99663	1.00343	1.00622	1.00079	0.965343	0.976313	0.973471	0.956706	0.992845
11030	-1574.162	-1625.32	51.15772	1	0.99663	1.00343	1.00622	1.00079	0.965343	0.976313	0.973471	0.956706	0.992845
11040	-1574.416	-1625.574	51.15772	1	0.99663	1.00343	1.00622	1.00079	0.965343	0.976313	0.973471	0.956706	0.992845
11050	-1574.319	-1625.477	51.15772	1	0.99663	1.00343	1.00622	1.00079	0.965343	0.976313	0.973471	0.956706	0.992845
11060	-1573.915	-1625.072	51.15772	1	0.99663	1.00343	1.00622	1.00079	0.965343	0.976313	0.973471	0.956706	0.992845
11070	-1573.948	-1625.106	51.15772	1	0.99663	1.00343	1.00622	1.00079	0.965343	0.976313	0.973471	0.956706	0.992845
11080	-1574.007	-1625.165	51.15772	1	0.99663	1.00343	1.00622	1.00079	0.965343	0.976313	0.973471	0.956706	0.992845
11090	-1573.988	-1625.146	51.15772	1	0.99663	1.00343	1.00622	1.00079	0.965343	0.976313	0.973471	0.956706	0.992845
11100	-1573.913	-1625.071	51.15772	1	0.99663	1.00343	1.00622	1.00079	0.965343	0.976313	0.973471	0.956706	0.992845
11110	-1574.306	-1625.463	51.15772	1	0.99663	1.00343	1.00622	1.00079	0.965343	0.976313	0.973471	0.956706	0.992845
11120	-1573.923	-1625.08	51.15772	1	0.99663	1.00343	1.00622	1.00079	0.965343	0.976313	0.973471	0.956706	0.992845
11130	-1574.134	-1625.291	51.15772	1	0.99663	1.00343	1.00622	1.00079	0.965343	0.976313	0.973471	0.956706	0.992845
11140	-1574.716	-1625.874	51.15772	1	0.99663	1.00343	1.00622	1.00079	0.965343	0.976313	0.973471	0.956706	0.992845
11150	-1574.657	-1625.815	51.15772	1	0.99663	1.00343	1.00622	1.00079	0.965343	0.976313	0.973471	0.956706	0.992845
11160	-1575	-1626.157	51.15772	1	0.99663	1.00343	1.00622	1.00079	0.965343	0.976313	0.973471	0.956706	0.992845
11170	-1574.765	-1625.923	51.15772	1	0.99663	1.00343	1.00622	1.00079	0.965343	0.976313	0.973471	0.956706	0.992845
11180	-1576.702	-1627.859	51.15772	1	0.99663	1.00343	1.00622	1.00079	0.965343	0.976313	0.973471	0.956706	0.992845
11190	-1575.224	-1626.382	51.15772	1	0.99663	1.00343	1.00622	1.00079	0.965343	0.976313	0.973471	0.956706	0.992845
11200	-1573.926	-1625.084	51.15772	1	0.99663	1.00343	1.00622	1.00079	0.965343	0.976313	0.973471	0.956706	0.992845
11210	-1576.506	-1627.663	51.15772	1	0.99663	1.00343	1.00622	1.00079	0.965343	0.976313	0.973471	0.956706	0.992845
11220	-1574.067	-1625.225	51.15772	1	0.99663	1.00343	1.00622	1.00079	0.965343	0.976313	0.973471	0.956706	0.992845
11230	-1574.746	-1625.904	51.15772	1	0.99663	1.00343	1.00622	1.00079	0.965343	0.976313	0.973471	0.956706	0.992845
11240	-1573.95	-1625.108	51.15772	1	0.99663	1.00343	1.00622	1.00079	0.965343	0.976313	0.973471	0.956706	0.992845
11250	-1575.88	-1627.038	51.15772	1	0.99663	1.00343	1.00622	1.00079	0.965343	0.976313	0.973471	0.956706	0.992845
11260	-1573.916	-1625.074	51.15772	1	0.99663	1.00343	1.00622	1.00079	0.965343	0.976313	0.973471	0.956706	0.992845
11270	-1574.05	-1625.208	51.15772	1	0.99663	1.00343	1.00622	1.00079	0.965343	0.976313	0.973471	0.956706	0.992845
11280	-1574.139	-1625.297	51.15772	1	0.99663	1.00343	1.00622	1.00079	0.965343	0.976313	0.973471	0.956706	0.992845
11290	-1574.417	-1625.575	51.15772	1	0.99663	1.00343	1.00622	1.00079	0.965343	0.976313	0.973471	0.956706	0.992845
11300	-1575.428	-1626.586	51.15772	1	0.99663	1.00343	1.00622	1.00079	0.965343	0.976313	0.973471	0.956706	0.992845
11310	-1575.156	-1626.313	51.15772	1	0.99663	1.00343	1.00622	1.00079	0.965343	0.976313	0.973471	0.956706	0.992845
11320	-1573.92	-1625.078	51.15772	1	0.99663	1.00343	1.00622	1.00079	0.965343	0.976313	0.973471	0.956706	0.992845
11330	-1573.967	-1625.124	51.15772	1	0.99663	1.00343	1.00622	1.00079	0.965343	0.976313	0.973471	0.956706	0.992845
11340	-1574.206	-1625.364	51.15772	1	0.99663	1.00343	1.00622	1.00079	0.965343	0.976313	0.973471	0.956706	0.992845
11350	-1575.939	-1627.097	51.15772	1	0.99663	1.00343	1.00622	1.00079	0.965343	0.976313	0.973471	0.956706	0.992845
11360	-1574.933	-1626.091	51.15772	1	0.99663	1.00343	1.00622	1.00079	0.965343	0.976313	0.973471	0.956706	0.992845
11370	-1574.166	-1625.324	51.15772	1	0.99663	1.00343	1.00622	1.00079	0.965343	0.976313	0.973471	0.956706	0.992845
11380	-1574.416	-1625.574	51.15772	1	0.99663	1.00343	1.00622	1.00079	0.965343	0.976313	0.973471	0.956706	0.992845
11390	-1574.806	-1625.964	51.15772	1	0.99663	1.00343	1.00622	1.00079	0.965343	0.976313	0.973471	0.956706	0.992845
11400	-1574.597	-1625.755	51.15772	1	0.99663	1.00343	1.00622	1.00079	0.965343	0.976313	0.973471	0.956706	0.992845
11410	-1573.91	-1625.068	51.15772	1	0.99663	1.00343	1.00622	1.00079	0.965343	0.976313	0.973471	0.956706	0.992845
11420	-1574.387	-1625.545	51.15772	1	0.99663	1.00343	1.00622	1.00079	0.965343	0.976313	0.973471	0.956706	0.992845
11430	-1573.923	-1625.081	51.15772	1	0.99663	1.00343	1.00622	1.00079	0.965343	0.976313	0.973471	0.956706	0.992845
11440	-1573.981	-1625.139	51.15772	1	0.99663	1.00343	1.00622	1.00079	0.965343	0.976313	0.973471	0.956706	0.992845
11450	-1574.565	-1625.723	51.15772	1	0.99663	1.00343	1.00622	1.00079	0.965343	0.976313	0.973471	0.956706	0.992845
11460	-1574.027	-1625.184	51.15772	1	0.99663	1.00343	1.00622	1.00079	0.965343	0.976313	0.973471	0.956706	0.992845
11470	-1575.614	-1626.772	51.15772	1	0.99663	1.00343	1.00622	1.00079	0.965343	0.976313	0.973471	0.956706	0.992845
11480	-1574.089	-1625.247	51.15772	1	0.99663	1.00343	1.00622	1.00079	0.965343	0.976313	0.973471	0.956706	0.992845
11490	-1573.925	-1625.083	51.15772	1	0.99663	1.00343	1.00622	1.00079	0.965343	0.976313	0.973471	0.956706	0.992845
11500	-1574.001	-1625.159	51.15772	1	0.99663	1.00343	1.00622	1.00079	0.965343	0.976313	0.973471	0.956706	0.992845
11510	-1574.311	-1625.469	51.15772	1	0.99663	1.00343	1.00622	1.00079	0.965343	0.976313	0.973471	0.956706	0.992845
11520	-1573.983	-1625.141	51.15772	1	0.99663	1.00343	1.00622	1.00079	0.965343	0.976313	0.973471	0.956706	0.992845
11530	-1573.912	-1625.069	51.15772	1	0.99663	1.00343	1.00622	1.00079	0.965343	0.976313	0.973471	0.956706	0.992845
11540	-1574.246	-1625.403	51.15772	1	0.99663	1.00343	1.00622	1.00079	0.965343	0.976313	0.973471	0.956706	0.992845
11550	-1574.397	-1625.555	51.15772	1	0.99663	1.00343	1.00622	1.00079	0.965343	0.976313	0.973471	0.956706	0.992845
11560	-1574.345	-1625.503	51.15772	1	0.99663	1.00343	1.00622	1.00079	0.965343	0.976313	0.973471	0.956706	0.992845
11570	-1573.966	-1625.124	51.15772	1	0.99663	1.00343	1.00622	1.00079	0.965343	0.976313	0.973471	0.956706	0.992845
11580	-1575.794	-1626.952	51.15772	1	0.99663	1.00343	1.00622	1.00079	0.965343	0.976313	0.973471	0.956706	0.992845
11590	-1573.913	-1625.071	51.15772	1	0.99663	1.00343	1.00622	1.00079	0.965343	0.976313	0.973471	0.956706	0.992845
11600	-1574.387	-1625.545	51.15772	1	0.99663	1.00343	1.00622	1.00079	0.965343	0.976313	0.973471	0.956706	0.992845
11610	-1574.177	-1625.335	51.15772	1	0.99663	1.00343	1.00622	1.00079	0.965343	0.976313	0.973471	0.956706	0.992845
11620	-1573.927	-1625.085	51.15772	1	0.99663	1.00343	1.00622	1.00079	0.965343	0.976313	0.973471	0.956706	0.992845
11630	-1574.875	-1626.033	51.15772	1	0.99663	1.00343	1.00622	1.00079	0.965343	0.976313	0.973471	0.956706	0.992845
11640	-1574.043	-1625.201	51.15772	1	0.99663	1.00343	1.00622	1.00079	0.965343	0.976313	0.973471	0.956706	0.992845
11650	-1574.693	-1625.851	51.15772	1	0.99663	1.00343	1.00622	1.00079	0.965343	0.976313	0.973471	0.956706	0.992845
11660	-1573.942	-1625.1	51.15772	1	0.99663	1.00343	1.00622	1.00079	0.965343	0.976313	0.973471	0.956706	0.992845
11670	-1574.112	-1625.27	51.15772	1	0.99663	1.00343	1.00622	1.00079	0.965343	0.976313	0.973471	0.956706	0.992845
11680	-1573.935	-1625.093	51.15772	1	0.99663	1.00343	1.00622	1.00079	0.965343	0.976313	0.973471	0.956706	0.992845
11690	-1574.33	-1625.488	51.15772	1	0.99663	1.00343	1.00622	1.00079	0.965343	0.976313	0.973471	0.956706	0.992845
11700	-1574.095	-1625.252	51.15772	1	0.99663	1.00343	1.00622	1.00079	0.965343	0.976313	0.973471	0.956706	0.992845
11710	-1574.169	-1625.327	51.15772	1	0.99663	1.00343	1.00622	1.00079	0.965343	0.976313	0.973471	0.956706	0.992845
11720	-1573.938	-1625.096	51.15772	1	0.99663	1.00343	1.00622	1.00079	0.965343	0.976313	0.973471	0.956706	0.992845
11730	-1573.934	-1625.091	51.15772	1	0.99663	1.00343	1.00622	1.00079	0.965343	0.976313	0.973471	0.956706	0.992845
11740	-1573.918	-1625.075	51.15772	1	0.99663	1.00343	1.00622	1.00079	0.965343	0.976313	0.973471	0.956706	0.992845
11750	-1573.918	-1625.076	51.15772	1	0.99663	1.00343	1.00622	1.00079	0.965343	0.976313	0.973471	0.956706	0.992845
11760	-1574.061	-1625.218	51.15772	1	0.99663	1.00343	1.00622	1.00079	0.965343	0.976313	0.973471	0.956706	0.992845
11770	-1573.933	-1625.091	51.15772	1	0.99663	1.00343	1.00622	1.00079	0.965343	0.976313	0.973471	0.956706	0.992845
11780	-1573.91	-1625.068	51.15772	1	0.99663	1.00343	1.00622	1.00079	0.965343	0.976313	0.973471	0.956706	0.992845
11790	-1573.917	-1625.075	51.15772	1	0.99663	1.00343	1.00622	1.00079	0.965343	0.976313	0.973471	0.956706	0.992845
11800	-1574.283	-1625.441	51.15772	1	0.99663	1.00343	1.00622	1.00079	0.965343	0.976313	0.973471	0.956706	0.992845
11810	-1574.976	-1626.134	51.15772	1	0.99663	1.00343	1.00622	1.00079	0.965343	0.976313	0.973471	0.956706	0.992845
11820	-1573.913	-1625.071	51.15772	1	0.99663	1.00343	1.00622	1.00079	0.965343	0.976313	0.973471	0.956706	0.992845
11830	-1573.929	-1625.087	51.15772	1	0.99663	1.00343	1.00622	1.00079	0.965343	0.976313	0.973471	0.956706	0.992845
11840	-1574.415	-1625.573	51.15772	1	0.99663	1.00343	1.00622	1.00079	0.965343	0.976313	0.973471	0.956706	0.992845
11850	-1574	-1625.158	51.15772	1	0.99663	1.00343	1.00622	1.00079	0.965343	0.976313	0.973471	0.956706	0.992845
11860	-1574.319	-1625.477	51.15772	1	0.99663	1.00343	1.00622	1.00079	0.965343	0.976313	0.973471	0.956706	0.992845
11870	-1575.593	-1626.751	51.15772	1	0.99663	1.00343	1.00622	1.00079	0.965343	0.976313	0.973471	0.956706	0.992845
11880	-1574.393	-1625.551	51.15772	1	0.99663	1.00343	1.00622	1.00079	0.965343	0.976313	0.973471	0.956706	0.992845
11890	-1573.909	-1625.067	51.15772	1	0.99663	1.00343	1.00622	1.00079	0.965343	0.976313	0.973471	0.956706	0.992845
11900	-1574.044	-1625.202	51.15772	1	0.99663	1.00343	1.00622	1.00079	0.965343	0.976313	0.973471	0.956706	0.992845
11910	-1573.992	-1625.15	51.15772	1	0.99663	1.00343	1.00622	1.00079	0.965343	0.976313	0.973471	0.956706	0.992845
11920	-1574.083	-1625.241	51.15772	1	0.99663	1.00343	1.00622	1.00079	0.965343	0.976313	0.973471	0.956706	0.992845
11930	-1579	-1630.157	51.15772	1	0.99663	1.00343	1.00622	1.00079	0.965343	0.976313	0.973471	0.956706	0.992845
11940	-1574.388	-1625.546	51.15772	1	0.99663	1.00343	1.00622	1.00079	0.965343	0.976313	0.973471	0.956706	0.992845
11950	-1574	-1625.158	51.15772	1	0.99663	1.00343	1.00622	1.00079	0.965343	0.976313	0.973471	0.956706	0.992845
11960	-1574.128	-1625.286	51.15772	1	0.99663	1.00343	1.00622	1.00079	0.965343	0.976313	0.973471	0.956706	0.992845
11970	-1574.13	-1625.288	51.15772	1	0.99663	1.00343	1.00622	1.00079	0.965343	0.976313	0.973471	0.956706	0.992845
11980	-1573.947	-1625.105	51.15772	1	0.99663	1.00343	1.00622	1.00079	0.965343	0.976313	0.973471	0.956706	0.992845
11990	-1573.909	-1625.067	51.15772	1	0.99663	1.00343	1.00622	1.00079	0.965343	0.976313	0.973471	0.956706	0.992845
12000	-1573.917	-1625.075	51.15772	1	0.99663	1.00343	1.00622	1.00079	0.965343	0.976313	0.973471	0.956706	0.992845
12010	-1573.913	-1625.071	51.15772	1	0.99663	1.00343	1.00622	1.00079	0.965343	0.976313	0.973471	0.956706	0.992845
12020	-1574.038	-1625.196	51.15772	1	0.99663	1.00343	1.00622	1.00079	0.965343	0.976313	0.973471	0.956706	0.992845
12030	-1574.065	-1625.222	51.15772	1	0.99663	1.00343	1.00622	1.00079	0.965343	0.976313	0.973471	0.956706	0.992845
12040	-1574.643	-1625.801	51.15772	1	0.99663	1.00343	1.00622	1.00079	0.965343	0.976313	0.973471	0.956706	0.992845
12050	-1574.283	-1625.441	51.15772	1	0.99663	1.00343	1.00622	1.00079	0.965343	0.976313	0.973471	0.956706	0.992845
12060	-1574.646	-1625.803	51.15772	1	0.99663	1.00343	1.00622	1.00079	0.965343	0.976313	0.973471	0.956706	0.992845
12070	-1573.927	-1625.085	51.15772	1	0.99663	1.00343	1.00622	1.00079	0.965343	0.976313	0.973471	0.956706	0.992845
12080	-1575.002	-1626.16	51.15772	1	0.99663	1.00343	1.00622	1.00079	0.965343	0.976313	0.973471	0.956706	0.992845
12090	-1573.911	-1625.069	51.15772	1	0.99663	1.00343	1.00622	1.00079	0.965343	0.976313	0.973471	0.956706	0.992845
12100	-1574.03	-1625.188	51.15772	1	0.99663	1.00343	1.00622	1.00079	0.965343	0.976313	0.973471	0.956706	0.992845
12110	-1574.383	-1625.541	51.15772	1	0.99663	1.00343	1.00622	1.00079	0.965343	0.976313	0.973471	0.956706	0.992845
12120	-1574.223	-1625.38	51.15772	1	0.99663	1.00343	1.00622	1.00079	0.965343	0.976313	0.973471	0.956706	0.992845
12130	-1575.14	-1626.298	51.15772	1	0.99663	1.00343	1.00622	1.00079	0.965343	0.976313	0.973471	0.956706	0.992845
12140	-1574.268	-1625.426	51.15772	1	0.99663	1.00343	1.00622	1.00079	0.965343	0.976313	0.973471	0.956706	0.992845
12150	-1574.107	-1625.264	51.15772	1	0.99663	1.00343	1.00622	1.00079	0.965343	0.976313	0.973471	0.956706	0.992845
12160	-1574.182	-1625.34	51.15772	1	0.99663	1.00343	1.00622	1.00079	0.965343	0.976313	0.973471	0.956706	0.992845
12170	-1573.918	-1625.075	51.15772	1	0.99663	1.00343	1.00622	1.00079	0.965343	0.976313	0.973471	0.956706	0.992845
12180	-1573.909	-1625.067	51.15772	1	0.99663	1.00343	1.00622	1.00079	0.965343	0.976313	0.973471	0.956706	0.992845
12190	-1574.137	-1625.294	51.15772	1	0.99663	1.00343	1.00622	1.00079	0.965343	0.976313	0.973471	0.956706	0.992845
12200	-1573.91	-1625.067	51.15772	1	0.99663	1.00343	1.00622	1.00079	0.965343	0.976313	0.973471	0.956706	0.992845
12210	-1574.12	-1625.278	51.15772	1	0.99663	1.00343	1.00622	1.00079	0.965343	0.976313	0.973471	0.956706	0.992845
12220	-1573.913	-1625.071	51.15772	1	0.99663	1.00343	1.00622	1.00079	0.965343	0.976313	0.973471	0.956706	0.992845
12230	-1574.472	-1625.63	51.15772	1	0.99663	1.00343	1.00622	1.00079	0.965343	0.976313	0.973471	0.956706	0.992845
12240	-1574.199	-1625.357	51.15772	1	0.99663	1.00343	1.00622	1.00079	0.965343	0.976313	0.973471	0.956706	0.992845
12250	-1574.447	-1625.605	51.15772	1	0.99663	1.00343	1.00622	1.00079	0.965343	0.976313	0.973471	0.956706	0.992845
12260	-1573.913	-1625.071	51.15772	1	0.99663	1.00343	1.00622	1.00079	0.965343	0.976313	0.973471	0.956706	0.992845
12270	-1573.94	-1625.097	51.15772	1	0.99663	1.00343	1.00622	1.00079	0.965343	0.976313	0.973471	0.956706	0.992845
12280	-1573.931	-1625.089	51.15772	1	0.99663	1.00343	1.00622	1.00079	0.965343	0.976313	0.973471	0.956706	0.992845
12290	-1574.36	-1625.518	51.15772	1	0.99663	1.00343	1.00622	1.00079	0.965343	0.976313	0.973471	0.956706	0.992845
12300	-1575.731	-1626.889	51.15772	1	0.99663	1.00343	1.00622	1.00079	0.965343	0.976313	0.973471	0.956706	0.992845
12310	-1575.901	-1627.059	51.15772	1	0.99663	1.00343	1.00622	1.00079	0.965343	0.976313	0.973471	0.956706	0.992845
12320	-1574.357	-1625.514	51.15772	1	0.99663	1.00343	1.00622	1.00079	0.965343	0.976313	0.973471	0.956706	0.992845
12330	-1575.876	-1627.034	51.15772	1	0.99663	1.00343	1.00622	1.00079	0.965343	0.976313	0.973471	0.956706	0.992845
12340	-1573.959	-1625.117	51.15772	1	0.99663	1.00343	1.00622	1.00079	0.965343	0.976313	0.973471	0.956706	0.992845
12350	-1573.927	-1625.084	51.15772	1	0.99663	1.00343	1.00622	1.00079	0.965343	0.976313	0.973471	0.956706	0.992845
12360	-1575.551	-1626.708	51.15772	1	0.99663	1.00343	1.00622	1.00079	0.965343	0.976313	0.973471	0.956706	0.992845
12370	-1574.234	-1625.392	51.15772	1	0.99663	1.00343	1.00622	1.00079	0.965343	0.976313	0.973471	0.956706	0.992845
12380	-1574.443	-1625.601	51.15772	1	0.99663	1.00343	1.00622	1.00079	0.965343	0.976313	0.973471	0.956706	0.992845
12390	-1574.201	-1625.358	51.15772	1	0.99663	1.00343	1.00622	1.00079	0.965343	0.976313	0.973471	0.956706	0.992845
12400	-1574.019	-1625.176	51.15772	1	0.99663	1.00343	1.00622	1.00079	0.965343	0.976313	0.973471	0.956706	0.992845
12410	-1574.762	-1625.92	51.15772	1	0.99663	1.00343	1.00622	1.00079	0.965343	0.976313	0.973471	0.956706	0.992845
12420	-1573.971	-1625.129	51.15772	1	0.99663	1.00343	1.00622	1.00079	0.965343	0.976313	0.973471	0.956706	0.992845
12430	-1574.199	-1625.357	51.15772	1	0.99663	1.00343	1.00622	1.00079	0.965343	0.976313	0.973471	0.956706	0.992845
12440	-1574.624	-1625.782	51.15772	1	0.99663	1.00343	1.00622	1.00079	0.965343	0.976313	0.973471	0.956706	0.992845
12450	-1574.968	-1626.126	51.15772	1	0.99663	1.00343	1.00622	1.00079	0.965343	0.976313	0.973471	0.956706	0.992845
12460	-1573.91	-1625.067	51.15772	1	0.99663	1.00343	1.00622	1.00079	0.965343	0.976313	0.973471	0.956706	0.992845
12470	-1573.93	-1625.088	51.15772	1	0.99663	1.00343	1.00622	1.00079	0.965343	0.976313	0.973471	0.956706	0.992845
12480	-1574.938	-1626.096	51.15772	1	0.99663	1.00343	1.00622	1.00079	0.965343	0.976313	0.973471	0.956706	0.992845
12490	-1575.782	-1626.94	51.15772	1	0.99663	1.00343	1.00622	1.00079	0.965343	0.976313	0.973471	0.956706	0.992845
12500	-1573.91	-1625.067	51.15772	1	0.99663	1.00343	1.00622	1.00079	0.965343	0.976313	0.973471	0.956706	0.992845
12510	-1573.982	-1625.14	51.15772	1	0.99663	1.00343	1.00622	1.00079	0.965343	0.976313	0.973471	0.956706	0.992845
12520	-1573.923	-1625.081	51.15772	1	0.99663	1.00343	1.00622	1.00079	0.965343	0.976313	0.973471	0.956706	0.992845
12530	-1574.519	-1625.676	51.15772	1	0.99663	1.00343	1.00622	1.00079	0.965343	0.976313	0.973471	0.956706	0.992845
12540	-1574.457	-1625.614	51.15772	1	0.99663	1.00343	1.00622	1.00079	0.965343	0.976313	0.973471	0.956706	0.992845
12550	-1573.92	-1625.078	51.15772	1	0.99663	1.00343	1.00622	1.00079	0.965343	0.976313	0.973471	0.956706	0.992845
12560	-1573.925	-1625.083	51.15772	1	0.99663	1.00343	1.00622	1.00079	0.965343	0.976313	0.973471	0.956706	0.992845
12570	-1575.412	-1626.57	51.15772	1	0.99663	1.00343	1.00622	1.00079	0.965343	0.976313	0.973471	0.956706	0.992845
12580	-1574.672	-1625.83	51.15772	1	0.99663	1.00343	1.00622	1.00079	0.965343	0.976313	0.973471	0.956706	0.992845
12590	-1573.929	-1625.087	51.15772	1	0.99663	1.00343	1.00622	1.00079	0.965343	0.976313	0.973471	0.956706	0.992845
12600	-1573.926	-1625.083	51.15772	1	0.99663	1.00343	1.00622	1.00079	0.965343	0.976313	0.973471	0.956706	0.992845
12610	-1574.569	-1625.726	51.15772	1	0.99663	1.00343	1.00622	1.00079	0.965343	0.976313	0.973471	0.956706	0.992845
12620	-1574.07	-1625.228	51.15772	1	0.99663	1.00343	1.00622	1.00079	0.965343	0.976313	0.973471	0.956706	0.992845
12630	-1576.302	-1627.46	51.15772	1	0.99663	1.00343	1.00622	1.00079	0.965343	0.976313	0.973471	0.956706	0.992845
12640	-1573.955	-1625.113	51.15772	1	0.99663	1.00343	1.00622	1.00079	0.965343	0.976313	0.973471	0.956706	0.992845
12650	-1575.694	-1626.852	51.15772	1	0.99663	1.00343	1.00622	1.00079	0.965343	0.976313	0.973471	0.956706	0.992845
12660	-1576.484	-1627.642	51.15772	1	0.99663	1.00343	1.00622	1.00079	0.965343	0.976313	0.973471	0.956706	0.992845
12670	-1574.643	-1625.801	51.15772	1	0.99663	1.00343	1.00622	1.00079	0.965343	0.976313	0.973471	0.956706	0.992845
12680	-1573.909	-1625.067	51.15772	1	0.99663	1.00343	1.00622	1.00079	0.965343	0.976313	0.973471	0.956706	0.992845
12690	-1574.022	-1625.18	51.15772	1	0.99663	1.00343	1.00622	1.00079	0.965343	0.976313	0.973471	0.956706	0.992845
12700	-1575.242	-1626.4	51.15772	1	0.99663	1.00343	1.00622	1.00079	0.965343	0.976313	0.973471	0.956706	0.992845
12710	-1573.91	-1625.068	51.15772	1	0.99663	1.00343	1.00622	1.00079	0.965343	0.976313	0.973471	0.956706	0.992845
12720	-1573.934	-1625.091	51.15772	1	0.99663	1.00343	1.00622	1.00079	0.965343	0.976313	0.973471	0.956706	0.992845
12730	-1574.295	-1625.452	51.15772	1	0.99663	1.00343	1.00622	1.00079	0.965343	0.976313	0.973471	0.956706	0.992845
12740	-1574.12	-1625.278	51.15772	1	0.99663	1.00343	1.00622	1.00079	0.965343	0.976313	0.973471	0.956706	0.992845
12750	-1573.909	-1625.067	51.15772	1	0.99663	1.00343	1.00622	1.00079	0.965343	0.976313	0.973471	0.956706	0.992845
12760	-1574.691	-1625.849	51.15772	1	0.99663	1.00343	1.00622	1.00079	0.965343	0.976313	0.973471	0.956706	0.992845
12770	-1573.916	-1625.073	51.15772	1	0.99663	1.00343	1.00622	1.00079	0.965343	0.976313	0.973471	0.956706	0.992845
12780	-1574.529	-1625.687	51.15772	1	0.99663	1.00343	1.00622	1.00079	0.965343	0.976313	0.973471	0.956706	0.992845
12790	-1574.554	-1625.711	51.15772	1	0.99663	1.00343	1.00622	1.00079	0.965343	0.976313	0.973471	0.956706	0.992845
12800	-1573.951	-1625.109	51.15772	1	0.99663	1.00343	1.00622	1.00079	0.965343	0.976313	0.973471	0.956706	0.992845
12810	-1575.295	-1626.452	51.15772	1	0.99663	1.00343	1.00622	1.00079	0.965343	0.976313	0.973471	0.956706	0.992845
12820	-1574.562	-1625.72	51.15772	1	0.99663	1.00343	1.00622	1.00079	0.965343	0.976313	0.973471	0.956706	0.992845
12830	-1575.75	-1626.908	51.15772	1	0.99663	1.00343	1.00622	1.00079	0.965343	0.976313	0.973471	0.956706	0.992845
12840	-1575.028	-1626.186	51.15772	1	0.99663	1.00343	1.00622	1.00079	0.965343	0.976313	0.973471	0.956706	0.992845
12850	-1573.909	-1625.067	51.15772	1	0.99663	1.00343	1.00622	1.00079	0.965343	0.976313	0.973471	0.956706	0.992845
12860	-1574.19	-1625.347	51.15772	1	0.99663	1.00343	1.00622	1.00079	0.965343	0.976313	0.973471	0.956706	0.992845
12870	-1574.61	-1625.767	51.15772	1	0.99663	1.00343	1.00622	1.00079	0.965343	0.976313	0.973471	0.956706	0.992845
12880	-1573.911	-1625.069	51.15772	1	0.99663	1.00343	1.00622	1.00079	0.965343	0.976313	0.973471	0.956706	0.992845
12890	-1574.542	-1625.7	51.15772	1	0.99663	1.00343	1.00622	1.00079	0.965343	0.976313	0.973471	0.956706	0.992845
12900	-1573.923	-1625.08	51.15772	1	0.99663	1.00343	1.00622	1.00079	0.965343	0.976313	0.973471	0.956706	0.992845
12910	-1574.211	-1625.369	51.15772	1	0.99663	1.00343	1.00622	1.00079	0.965343	0.976313	0.973471	0.956706	0.992845
12920	-1575.172	-1626.33	51.15772	1	0.99663	1.00343	1.00622	1.00079	0.965343	0.976313	0.973471	0.956706	0.992845
12930	-1574.094	-1625.251	51.15772	1	0.99663	1.00343	1.00622	1.00079	0.965343	0.976313	0.973471	0.956706	0.992845
12940	-1574.505	-1625.663	51.15772	1	0.99663	1.00343	1.00622	1.00079	0.965343	0.976313	0.973471	0.956706	0.992845
12950	-1573.911	-1625.068	51.15772	1	0.99663	1.00343	1.00622	1.00079	0.965343	0.976313	0.973471	0.956706	0.992845
12960	-1574.024	-1625.182	51.15772	1	0.99663	1.00343	1.00622	1.00079	0.965343	0.976313	0.973471	0.956706	0.992845
12970	-1574.643	-1625.801	51.15772	1	0.99663	1.00343	1.00622	1.00079	0.965343	0.976313	0.973471	0.956706	0.992845
12980	-1573.936	-1625.094	51.15772	1	0.99663	1.00343	1.00622	1.00079	0.965343	0.976313	0.973471	0.956706	0.992845
12990	-1574.702	-1625.86	51.15772	1	0.99663	1.00343	1.00622	1.00079	0.965343	0.976313	0.973471	0.956706	0.992845
13000	-1574.096	-1625.253	51.15772	1	0.99663	1.00343	1.00622	1.00079	0.965343	0.976313	0.973471	0.956706	0.992845
13010	-1573.917	-1625.075	51.15772	1	0.99663	1.00343	1.00622	1.00079	0.965343	0.976313	0.973471	0.956706	0.992845
13020	-1573.918	-1625.076	51.15772	1	0.99663	1.00343	1.00622	1.00079	0.965343	0.976313	0.973471	0.956706	0.992845
13030	-1574.016	-1625.174	51.15772	1	0.99663	1.00343	1.00622	1.00079	0.965343	0.976313	0.973471	0.956706	0.992845
13040	-1574.295	-1625.452	51.15772	1	0.99663	1.00343	1.00622	1.00079	0.965343	0.976313	0.973471	0.956706	0.992845
13050	-1573.912	-1625.07	51.15772	1	0.99663	1.00343	1.00622	1.00079	0.965343	0.976313	0.973471	0.956706	0.992845
13060	-1573.94	-1625.097	51.15772	1	0.99663	1.00343	1.00622	1.00079	0.965343	0.976313	0.973471	0.956706	0.992845
13070	-1575.919	-1627.077	51.15772	1	0.99663	1.00343	1.00622	1.00079	0.965343	0.976313	0.973471	0.956706	0.992845
13080	-1574.574	-1625.732	51.15772	1	0.99663	1.00343	1.00622	1.00079	0.965343	0.976313	0.973471	0.956706	0.992845
13090	-1573.909	-1625.067	51.15772	1	0.99663	1.00343	1.00622	1.00079	0.965343	0.976313	0.973471	0.956706	0.992845
13100	-1575.132	-1626.29	51.15772	1	0.99663	1.00343	1.00622	1.00079	0.965343	0.976313	0.973471	0.956706	0.992845
13110	-1574.377	-1625.534	51.15772	1	0.99663	1.00343	1.00622	1.00079	0.965343	0.976313	0.973471	0.956706	0.992845
13120	-1573.911	-1625.069	51.15772	1	0.99663	1.00343	1.00622	1.00079	0.965343	0.976313	0.973471	0.956706	0.992845
13130	-1574.8	-1625.958	51.15772	1	0.99663	1.00343	1.00622	1.00079	0.965343	0.976313	0.973471	0.956706	0.992845
13140	-1575.921	-1627.079	51.15772	1	0.99663	1.00343	1.00622	1.00079	0.965343	0.976313	0.973471	0.956706	0.992845
13150	-1573.983	-1625.14	51.15772	1	0.99663	1.00343	1.00622	1.00079	0.965343	0.976313	0.973471	0.956706	0.992845
13160	-1574.091	-1625.249	51.15772	1	0.99663	1.00343	1.00622	1.00079	0.965343	0.976313	0.973471	0.956706	0.992845
13170	-1573.922	-1625.08	51.15772	1	0.99663	1.00343	1.00622	1.00079	0.965343	0.976313	0.973471	0.956706	0.992845
13180	-1574.093	-1625.251	51.15772	1	0.99663	1.00343	1.00622	1.00079	0.965343	0.976313	0.973471	0.956706	0.992845
13190	-1574.054	-1625.212	51.15772	1	0.99663	1.00343	1.00622	1.00079	0.965343	0.976313	0.973471	0.956706	0.992845
13200	-1574.187	-1625.345	51.15772	1	0.99663	1.00343	1.00622	1.00079	0.965343	0.976313	0.973471	0.956706	0.992845
13210	-1573.969	-1625.126	51.15772	1	0.99663	1.00343	1.00622	1.00079	0.965343	0.976313	0.973471	0.956706	0.992845
13220	-1574.121	-1625.279	51.15772	1	0.99663	1.00343	1.00622	1.00079	0.965343	0.976313	0.973471	0.956706	0.992845
13230	-1574.392	-1625.549	51.15772	1	0.99663	1.00343	1.00622	1.00079	0.965343	0.976313	0.973471	0.956706	0.992845
13240	-1573.912	-1625.07	51.15772	1	0.99663	1.00343	1.00622	1.00079	0.965343	0.976313	0.973471	0.956706	0.992845
13250	-1574.081	-1625.239	51.15772	1	0.99663	1.00343	1.00622	1.00079	0.965343	0.976313	0.973471	0.956706	0.992845
13260	-1574.996	-1626.154	51.15772	1	0.99663	1.00343	1.00622	1.00079	0.965343	0.976313	0.973471	0.956706	0.992845
13270	-1574.082	-1625.239	51.15772	1	0.99663	1.00343	1.00622	1.00079	0.965343	0.976313	0.973471	0.956706	0.992845
13280	-1575.27	-1626.428	51.15772	1	0.99663	1.00343	1.00622	1.00079	0.965343	0.976313	0.973471	0.956706	0.992845
13290	-1574.129	-1625.287	51.15772	1	0.99663	1.00343	1.00622	1.00079	0.965343	0.976313	0.973471	0.956706	0.992845
13300	-1574.374	-1625.532	51.15772	1	0.99663	1.00343	1.00622	1.00079	0.965343	0.976313	0.973471	0.956706	0.992845
13310	-1573.931	-1625.088	51.15772	1	0.99663	1.00343	1.00622	1.00079	0.965343	0.976313	0.973471	0.956706	0.992845
13320	-1573.932	-1625.09	51.15772	1	0.99663	1.00343	1.00622	1.00079	0.965343	0.976313	0.973471	0.956706	0.992845
13330	-1574.426	-1625.584	51.15772	1	0.99663	1.00343	1.00622	1.00079	0.965343	0.976313	0.973471	0.956706	0.992845
13340	-1575.283	-1626.441	51.15772	1	0.99663	1.00343	1.00622	1.00079	0.965343	0.976313	0.973471	0.956706	0.992845
13350	-1573.91	-1625.068	51.15772	1	0.99663	1.00343	1.00622	1.00079	0.965343	0.976313	0.973471	0.956706	0.992845
13360	-1574.779	-1625.937	51.15772	1	0.99663	1.00343	1.00622	1.00079	0.965343	0.976313	0.973471	0.956706	0.992845
13370	-1574.373	-1625.531	51.15772	1	0.99663	1.00343	1.00622	1.00079	0.965343	0.976313	0.973471	0.956706	0.992845
13380	-1574.589	-1625.747	51.15772	1	0.99663	1.00343	1.00622	1.00079	0.965343	0.976313	0.973471	0.956706	0.992845
13390	-1574.785	-1625.943	51.15772	1	0.99663	1.00343	1.00622	1.00079	0.965343	0.976313	0.973471	0.956706	0.992845
13400	-1574.308	-1625.466	51.15772	1	0.99663	1.00343	1.00622	1.00079	0.965343	0.976313	0.973471	0.956706	0.992845
13410	-1574.489	-1625.647	51.15772	1	0.99663	1.00343	1.00622	1.00079	0.965343	0.976313	0.973471	0.956706	0.992845
13420	-1574.171	-1625.329	51.15772	1	0.99663	1.00343	1.00622	1.00079	0.965343	0.976313	0.973471	0.956706	0.992845
13430	-1573.967	-1625.125	51.15772	1	0.99663	1.00343	1.00622	1.00079	0.965343	0.976313	0.973471	0.956706	0.992845
13440	-1574.773	-1625.931	51.15772	1	0.99663	1.00343	1.00622	1.00079	0.965343	0.976313	0.973471	0.956706	0.992845
13450	-1576.482	-1627.639	51.15772	1	0.99663	1.00343	1.00622	1.00079	0.965343	0.976313	0.973471	0.956706	0.992845
13460	-1574.776	-1625.934	51.15772	1	0.99663	1.00343	1.00622	1.00079	0.965343	0.976313	0.973471	0.956706	0.992845
13470	-1574.018	-1625.176	51.15772	1	0.99663	1.00343	1.00622	1.00079	0.965343	0.976313	0.973471	0.956706	0.992845
13480	-1574.033	-1625.191	51.15772	1	0.99663	1.00343	1.00622	1.00079	0.965343	0.976313	0.973471	0.956706	0.992845
13490	-1573.975	-1625.133	51.15772	1	0.99663	1.00343	1.00622	1.00079	0.965343	0.976313	0.973471	0.956706	0.992845
13500	-1574.712	-1625.869	51.15772	1	0.99663	1.00343	1.00622	1.00079	0.965343	0.976313	0.973471	0.956706	0.992845
13510	-1574.313	-1625.471	51.15772	1	0.99663	1.00343	1.00622	1.00079	0.965343	0.976313	0.973471	0.956706	0.992845
13520	-1574.358	-1625.515	51.15772	1	0.99663	1.00343	1.00622	1.00079	0.965343	0.976313	0.973471	0.956706	0.992845
13530	-1573.928	-1625.086	51.15772	1	0.99663	1.00343	1.00622	1.00079	0.965343	0.976313	0.973471	0.956706	0.992845
13540	-1574.439	-1625.597	51.15772	1	0.99663	1.00343	1.00622	1.00079	0.965343	0.976313	0.973471	0.956706	0.992845
13550	-1574.499	-1625.657	51.15772	1	0.99663	1.00343	1.00622	1.00079	0.965343	0.976313	0.973471	0.956706	0.992845
13560	-1574.984	-1626.142	51.15772	1	0.99663	1.00343	1.00622	1.00079	0.965343	0.976313	0.973471	0.956706	0.992845
13570	-1573.91	-1625.067	51.15772	1	0.99663	1.00343	1.00622	1.00079	0.965343	0.976313	0.973471	0.956706	0.992845
13580	-1573.995	-1625.153	51.15772	1	0.99663	1.00343	1.00622	1.00079	0.965343	0.976313	0.973471	0.956706	0.992845
13590	-1574.074	-1625.231	51.15772	1	0.99663	1.00343	1.00622	1.00079	0.965343	0.976313	0.973471	0.956706	0.992845
13600	-1574.967	-1626.125	51.15772	1	0.99663	1.00343	1.00622	1.00079	0.965343	0.976313	0.973471	0.956706	0.992845
13610	-1573.965	-1625.122	51.15772	1	0.99663	1.00343	1.00622	1.00079	0.965343	0.976313	0.973471	0.956706	0.992845
13620	-1573.926	-1625.083	51.15772	1	0.99663	1.00343	1.00622	1.00079	0.965343	0.976313	0.973471	0.956706	0.992845
13630	-1574.026	-1625.184	51.15772	1	0.99663	1.00343	1.00622	1.00079	0.965343	0.976313	0.973471	0.956706	0.992845
13640	-1573.955	-1625.113	51.15772	1	0.99663	1.00343	1.00622	1.00079	0.965343	0.976313	0.973471	0.956706	0.992845
13650	-1574.17	-1625.327	51.15772	1	0.99663	1.00343	1.00622	1.00079	0.965343	0.976313	0.973471	0.956706	0.992845
13660	-1574.124	-1625.282	51.15772	1	0.99663	1.00343	1.00622	1.00079	0.965343	0.976313	0.973471	0.956706	0.992845
13670	-1574.002	-1625.16	51.15772	1	0.99663	1.00343	1.00622	1.00079	0.965343	0.976313	0.973471	0.956706	0.992845
13680	-1574.16	-1625.318	51.15772	1	0.99663	1.00343	1.00622	1.00079	0.965343	0.976313	0.973471	0.956706	0.992845
13690	-1574.336	-1625.494	51.15772	1	0.99663	1.00343	1.00622	1.00079	0.965343	0.976313	0.973471	0.956706	0.992845
13700	-1573.916	-1625.074	51.15772	1	0.99663	1.00343	1.00622	1.00079	0.965343	0.976313	0.973471	0.956706	0.992845
13710	-1573.986	-1625.144	51.15772	1	0.99663	1.00343	1.00622	1.00079	0.965343	0.976313	0.973471	0.956706	0.992845
13720	-1573.997	-1625.155	51.15772	1	0.99663	1.00343	1.00622	1.00079	0.965343	0.976313	0.973471	0.956706	0.992845
13730	-1574.132	-1625.289	51.15772	1	0.99663	1.00343	1.00622	1.00079	0.965343	0.976313	0.973471	0.956706	0.992845
13740	-1574.198	-1625.356	51.15772	1	0.99663	1.00343	1.00622	1.00079	0.965343	0.976313	0.973471	0.956706	0.992845
13750	-1574.08	-1625.237	51.15772	1	0.99663	1.00343	1.00622	1.00079	0.965343	0.976313	0.973471	0.956706	0.992845
13760	-1574.174	-1625.331	51.15772	1	0.99663	1.00343	1.00622	1.00079	0.965343	0.976313	0.973471	0.956706	0.992845
13770	-1574.218	-1625.375	51.15772	1	0.99663	1.00343	1.00622	1.00079	0.965343	0.976313	0.973471	0.956706	0.992845
13780	-1574.775	-1625.933	51.15772	1	0.99663	1.00343	1.00622	1.00079	0.965343	0.976313	0.973471	0.956706	0.992845
13790	-1575.383	-1626.541	51.15772	1	0.99663	1.00343	1.00622	1.00079	0.965343	0.976313	0.973471	0.956706	0.992845
13800	-1573.912	-1625.07	51.15772	1	0.99663	1.00343	1.00622	1.00079	0.965343	0.976313	0.973471	0.956706	0.992845
13810	-1573.912	-1625.07	51.15772	1	0.99663	1.00343	1.00622	1.00079	0.965343	0.976313	0.973471	0.956706	0.992845
13820	-1575.224	-1626.381	51.15772	1	0.99663	1.00343	1.00622	1.00079	0.965343	0.976313	0.973471	0.956706	0.992845
13830	-1574.173	-1625.331	51.15772	1	0.99663	1.00343	1.00622	1.00079	0.965343	0.976313	0.973471	0.956706	0.992845
13840	-1573.985	-1625.143	51.15772	1	0.99663	1.00343	1.00622	1.00079	0.965343	0.976313	0.973471	0.956706	0.992845
13850	-1573.958	-1625.115	51.15772	1	0.99663	1.00343	1.00622	1.00079	0.965343	0.976313	0.973471	0.956706	0.992845
13860	-1574.104	-1625.261	51.15772	1	0.99663	1.00343	1.00622	1.00079	0.965343	0.976313	0.973471	0.956706	0.992845
13870	-1573.979	-1625.136	51.15772	1	0.99663	1.00343	1.00622	1.00079	0.965343	0.976313	0.973471	0.956706	0.992845
13880	-1574.443	-1625.601	51.15772	1	0.99663	1.00343	1.00622	1.00079	0.965343	0.976313	0.973471	0.956706	0.992845
13890	-1574.093	-1625.251	51.15772	1	0.99663	1.00343	1.00622	1.00079	0.965343	0.976313	0.973471	0.956706	0.992845
13900	-1573.913	-1625.071	51.15772	1	0.99663	1.00343	1.00622	1.00079	0.965343	0.976313	0.973471	0.956706	0.992845
13910	-1574.089	-1625.247	51.15772	1	0.99663	1.00343	1.00622	1.00079	0.965343	0.976313	0.973471	0.956706	0.992845
13920	-1574.335	-1625.492	51.15772	1	0.99663	1.00343	1.00622	1.00079	0.965343	0.976313	0.973471	0.956706	0.992845
13930	-1575.405	-1626.562	51.15772	1	0.99663	1.00343	1.00622	1.00079	0.965343	0.976313	0.973471	0.956706	0.992845
13940	-1574.104	-1625.261	51.15772	1	0.99663	1.00343	1.00622	1.00079	0.965343	0.976313	0.973471	0.956706	0.992845
13950	-1573.941	-1625.098	51.15772	1	0.99663	1.00343	1.00622	1.00079	0.965343	0.976313	0.973471	0.956706	0.992845
13960	-1573.972	-1625.129	51.15772	1	0.99663	1.00343	1.00622	1.00079	0.965343	0.976313	0.973471	0.956706	0.992845
13970	-1574.327	-1625.484	51.15772	1	0.99663	1.00343	1.00622	1.00079	0.965343	0.976313	0.973471	0.956706	0.992845
13980	-1573.91	-1625.068	51.15772	1	0.99663	1.00343	1.00622	1.00079	0.965343	0.976313	0.973471	0.956706	0.992845
13990	-1574.139	-1625.297	51.15772	1	0.99663	1.00343	1.00622	1.00079	0.965343	0.976313	0.973471	0.956706	0.992845
14000	-1573.954	-1625.111	51.15772	1	0.99663	1.00343	1.00622	1.00079	0.965343	0.976313	0.973471	0.956706	0.992845
14010	-1574.281	-1625.439	51.15772	1	0.99663	1.00343	1.00622	1.00079	0.965343	0.976313	0.973471	0.956706	0.992845
14020	-1573.975	-1625.133	51.15772	1	0.99663	1.00343	1.00622	1.00079	0.965343	0.976313	0.973471	0.956706	0.992845
14030	-1573.911	-1625.069	51.15772	1	0.99663	1.00343	1.00622	1.00079	0.965343	0.976313	0.973471	0.956706	0.992845
14040	-1573.983	-1625.14	51.15772	1	0.99663	1.00343	1.00622	1.00079	0.965343	0.976313	0.973471	0.956706	0.992845
14050	-1574.116	-1625.274	51.15772	1	0.99663	1.00343	1.00622	1.00079	0.965343	0.976313	0.973471	0.956706	0.992845
14060	-1575.13	-1626.288	51.15772	1	0.99663	1.00343	1.00622	1.00079	0.965343	0.976313	0.973471	0.956706	0.992845
14070	-1574.834	-1625.991	51.15772	1	0.99663	1.00343	1.00622	1.00079	0.965343	0.976313	0.973471	0.956706	0.992845
14080	-1574.458	-1625.616	51.15772	1	0.99663	1.00343	1.00622	1.00079	0.965343	0.976313	0.973471	0.956706	0.992845
14090	-1574.507	-1625.664	51.15772	1	0.99663	1.00343	1.00622	1.00079	0.965343	0.976313	0.973471	0.956706	0.992845
14100	-1574.479	-1625.637	51.15772	1	0.99663	1.00343	1.00622	1.00079	0.965343	0.976313	0.973471	0.956706	0.992845
14110	-1573.922	-1625.079	51.15772	1	0.99663	1.00343	1.00622	1.00079	0.965343	0.976313	0.973471	0.956706	0.992845
14120	-1574.057	-1625.215	51.15772	1	0.99663	1.00343	1.00622	1.00079	0.965343	0.976313	0.973471	0.956706	0.992845
14130	-1574.886	-1626.044	51.15772	1	0.99663	1.00343	1.00622	1.00079	0.965343	0.976313	0.973471	0.956706	0.992845
14140	-1573.938	-1625.096	51.15772	1	0.99663	1.00343	1.00622	1.00079	0.965343	0.976313	0.973471	0.956706	0.992845
14150	-1573.961	-1625.119	51.15772	1	0.99663	1.00343	1.00622	1.00079	0.965343	0.976313	0.973471	0.956706	0.992845
14160	-1573.916	-1625.074	51.15772	1	0.99663	1.00343	1.00622	1.00079	0.965343	0.976313	0.973471	0.956706	0.992845
14170	-1574.284	-1625.442	51.15772	1	0.99663	1.00343	1.00622	1.00079	0.965343	0.976313	0.973471	0.956706	0.992845
14180	-1574.618	-1625.776	51.15772	1	0.99663	1.00343	1.00622	1.00079	0.965343	0.976313	0.973471	0.956706	0.992845
14190	-1574.688	-1625.846	51.15772	1	0.99663	1.00343	1.00622	1.00079	0.965343	0.976313	0.973471	0.956706	0.992845
14200	-1574.55	-1625.708	51.15772	1	0.99663	1.00343	1.00622	1.00079	0.965343	0.976313	0.973471	0.956706	0.992845
14210	-1575.898	-1627.055	51.15772	1	0.99663	1.00343	1.00622	1.00079	0.965343	0.976313	0.973471	0.956706	0.992845
14220	-1574.019	-1625.177	51.15772	1	0.99663	1.00343	1.00622	1.00079	0.965343	0.976313	0.973471	0.956706	0.992845
14230	-1574.001	-1625.159	51.15772	1	0.99663	1.00343	1.00622	1.00079	0.965343	0.976313	0.973471	0.956706	0.992845
14240	-1573.912	-1625.069	51.15772	1	0.99663	1.00343	1.00622	1.00079	0.965343	0.976313	0.973471	0.956706	0.992845
14250	-1573.925	-1625.083	51.15772	1	0.99663	1.00343	1.00622	1.00079	0.965343	0.976313	0.973471	0.956706	0.992845
14260	-1575.902	-1627.059	51.15772	1	0.99663	1.00343	1.00622	1.00079	0.965343	0.976313	0.973471	0.956706	0.992845
14270	-1573.992	-1625.149	51.15772	1	0.99663	1.00343	1.00622	1.00079	0.965343	0.976313	0.973471	0.956706	0.992845
14280	-1575.713	-1626.871	51.15772	1	0.99663	1.00343	1.00622	1.00079	0.965343	0.976313	0.973471	0.956706	0.992845
14290	-1575.392	-1626.549	51.15772	1	0.99663	1.00343	1.00622	1.00079	0.965343	0.976313	0.973471	0.956706	0.992845
14300	-1573.927	-1625.084	51.15772	1	0.99663	1.00343	1.00622	1.00079	0.965343	0.976313	0.973471	0.956706	0.992845
14310	-1573.954	-1625.112	51.15772	1	0.99663	1.00343	1.00622	1.00079	0.965343	0.976313	0.973471	0.956706	0.992845
14320	-1573.912	-1625.07	51.15772	1	0.99663	1.00343	1.00622	1.00079	0.965343	0.976313	0.973471	0.956706	0.992845
14330	-1573.967	-1625.125	51.15772	1	0.99663	1.00343	1.00622	1.00079	0.965343	0.976313	0.973471	0.956706	0.992845
14340	-1573.968	-1625.126	51.15772	1	0.99663	1.00343	1.00622	1.00079	0.965343	0.976313	0.973471	0.956706	0.992845
14350	-1573.948	-1625.106	51.15772	1	0.99663	1.00343	1.00622	1.00079	0.965343	0.976313	0.973471	0.956706	0.992845
14360	-1574.59	-1625.748	51.15772	1	0.99663	1.00343	1.00622	1.00079	0.965343	0.976313	0.973471	0.956706	0.992845
14370	-1574.634	-1625.792	51.15772	1	0.99663	1.00343	1.00622	1.00079	0.965343	0.976313	0.973471	0.956706	0.992845
14380	-1573.925	-1625.083	51.15772	1	0.99663	1.00343	1.00622	1.00079	0.965343	0.976313	0.973471	0.956706	0.992845
14390	-1574.151	-1625.309	51.15772	1	0.99663	1.00343	1.00622	1.00079	0.965343	0.976313	0.973471	0.956706	0.992845
14400	-1573.944	-1625.101	51.15772	1	0.99663	1.00343	1.00622	1.00079	0.965343	0.976313	0.973471	0.956706	0.992845
14410	-1573.932	-1625.09	51.15772	1	0.99663	1.00343	1.00622	1.00079	0.965343	0.976313	0.973471	0.956706	0.992845
14420	-1575.79	-1626.948	51.15772	1	0.99663	1.00343	1.00622	1.00079	0.965343	0.976313	0.973471	0.956706	0.992845
14430	-1573.93	-1625.088	51.15772	1	0.99663	1.00343	1.00622	1.00079	0.965343	0.976313	0.973471	0.956706	0.992845
14440	-1573.909	-1625.067	51.15772	1	0.99663	1.00343	1.00622	1.00079	0.965343	0.976313	0.973471	0.956706	0.992845
14450	-1573.964	-1625.122	51.15772	1	0.99663	1.00343	1.00622	1.00079	0.965343	0.976313	0.973471	0.956706	0.992845
14460	-1574.875	-1626.033	51.15772	1	0.99663	1.00343	1.00622	1.00079	0.965343	0.976313	0.973471	0.956706	0.992845
14470	-1573.911	-1625.068	51.15772	1	0.99663	1.00343	1.00622	1.00079	0.965343	0.976313	0.973471	0.956706	0.992845
14480	-1573.909	-1625.067	51.15772	1	0.99663	1.00343	1.00622	1.00079	0.965343	0.976313	0.973471	0.956706	0.992845
14490	-1574.112	-1625.27	51.15772	1	0.99663	1.00343	1.00622	1.00079	0.965343	0.976313	0.973471	0.956706	0.992845
14500	-1574.551	-1625.709	51.15772	1	0.99663	1.00343	1.00622	1.00079	0.965343	0.976313	0.973471	0.956706	0.992845
14510	-1573.916	-1625.074	51.15772	1	0.99663	1.00343	1.00622	1.00079	0.965343	0.976313	0.973471	0.956706	0.992845
14520	-1574.051	-1625.209	51.15772	1	0.99663	1.00343	1.00622	1.00079	0.965343	0.976313	0.973471	0.956706	0.992845
14530	-1574.125	-1625.283	51.15772	1	0.99663	1.00343	1.00622	1.00079	0.965343	0.976313	0.973471	0.956706	0.992845
14540	-1573.914	-1625.072	51.15772	1	0.99663	1.00343	1.00622	1.00079	0.965343	0.976313	0.973471	0.956706	0.992845
14550	-1573.92	-1625.077	51.15772	1	0.99663	1.00343	1.00622	1.00079	0.965343	0.976313	0.973471	0.956706	0.992845
14560	-1573.936	-1625.093	51.15772	1	0.99663	1.00343	1.00622	1.00079	0.965343	0.976313	0.973471	0.956706	0.992845
14570	-1573.909	-1625.067	51.15772	1	0.99663	1.00343	1.00622	1.00079	0.965343	0.976313	0.973471	0.956706	0.992845
14580	-1574.665	-1625.822	51.15772	1	0.99663	1.00343	1.00622	1.00079	0.965343	0.976313	0.973471	0.956706	0.992845
14590	-1574.098	-1625.256	51.15772	1	0.99663	1.00343	1.00622	1.00079	0.965343	0.976313	0.973471	0.956706	0.992845
14600	-1574.303	-1625.46	51.15772	1	0.99663	1.00343	1.00622	1.00079	0.965343	0.976313	0.973471	0.956706	0.992845
14610	-1573.911	-1625.068	51.15772	1	0.99663	1.00343	1.00622	1.00079	0.965343	0.976313	0.973471	0.956706	0.992845
14620	-1574.355	-1625.513	51.15772	1	0.99663	1.00343	1.00622	1.00079	0.965343	0.976313	0.973471	0.956706	0.992845
14630	-1573.923	-1625.081	51.15772	1	0.99663	1.00343	1.00622	1.00079	0.965343	0.976313	0.973471	0.956706	0.992845
14640	-1574.55	-1625.707	51.15772	1	0.99663	1.00343	1.00622	1.00079	0.965343	0.976313	0.973471	0.956706	0.992845
14650	-1573.93	-1625.088	51.15772	1	0.99663	1.00343	1.00622	1.00079	0.965343	0.976313	0.973471	0.956706	0.992845
14660	-1573.909	-1625.067	51.15772	1	0.99663	1.00343	1.00622	1.00079	0.965343	0.976313	0.973471	0.956706	0.992845
14670	-1575.083	-1626.241	51.15772	1	0.99663	1.00343	1.00622	1.00079	0.965343	0.976313	0.973471	0.956706	0.992845
14680	-1574.197	-1625.354	51.15772	1	0.99663	1.00343	1.00622	1.00079	0.965343	0.976313	0.973471	0.956706	0.992845
14690	-1574.255	-1625.413	51.15772	1	0.99663	1.00343	1.00622	1.00079	0.965343	0.976313	0.973471	0.956706	0.992845
14700	-1574.315	-1625.473	51.15772	1	0.99663	1.00343	1.00622	1.00079	0.965343	0.976313	0.973471	0.956706	0.992845
14710	-1574.434	-1625.592	51.15772	1	0.99663	1.00343	1.00622	1.00079	0.965343	0.976313	0.973471	0.956706	0.992845
14720	-1574.208	-1625.365	51.15772	1	0.99663	1.00343	1.00622	1.00079	0.965343	0.976313	0.973471	0.956706	0.992845
14730	-1573.923	-1625.08	51.15772	1	0.99663	1.00343	1.00622	1.00079	0.965343	0.976313	0.973471	0.956706	0.992845
14740	-1574.119	-1625.277	51.15772	1	0.99663	1.00343	1.00622	1.00079	0.965343	0.976313	0.973471	0.956706	0.992845
14750	-1573.913	-1625.071	51.15772	1	0.99663	1.00343	1.00622	1.00079	0.965343	0.976313	0.973471	0.956706	0.992845
14760	-1574.006	-1625.164	51.15772	1	0.99663	1.00343	1.00622	1.00079	0.965343	0.976313	0.973471	0.956706	0.992845
14770	-1576.171	-1627.329	51.15772	1	0.99663	1.00343	1.00622	1.00079	0.965343	0.976313	0.973471	0.956706	0.992845
14780	-1573.996	-1625.154	51.15772	1	0.99663	1.00343	1.00622	1.00079	0.965343	0.976313	0.973471	0.956706	0.992845
14790	-1574.138	-1625.296	51.15772	1	0.99663	1.00343	1.00622	1.00079	0.965343	0.976313	0.973471	0.956706	0.992845
14800	-1575.149	-1626.307	51.15772	1	0.99663	1.00343	1.00622	1.00079	0.965343	0.976313	0.973471	0.956706	0.992845
14810	-1574.313	-1625.47	51.15772	1	0.99663	1.00343	1.00622	1.00079	0.965343	0.976313	0.973471	0.956706	0.992845
14820	-1574.156	-1625.313	51.15772	1	0.99663	1.00343	1.00622	1.00079	0.965343	0.976313	0.973471	0.956706	0.992845
14830	-1575.364	-1626.521	51.15772	1	0.99663	1.00343	1.00622	1.00079	0.965343	0.976313	0.973471	0.956706	0.992845
14840	-1573.939	-1625.096	51.15772	1	0.99663	1.00343	1.00622	1.00079	0.965343	0.976313	0.973471	0.956706	0.992845
14850	-1574.006	-1625.163	51.15772	1	0.99663	1.00343	1.00622	1.00079	0.965343	0.976313	0.973471	0.956706	0.992845
14860	-1573.973	-1625.131	51.15772	1	0.99663	1.00343	1.00622	1.00079	0.965343	0.976313	0.973471	0.956706	0.992845
14870	-1575.316	-1626.473	51.15772	1	0.99663	1.00343	1.00622	1.00079	0.965343	0.976313	0.973471	0.956706	0.992845
14880	-1574.158	-1625.316	51.15772	1	0.99663	1.00343	1.00622	1.00079	0.965343	0.976313	0.973471	0.956706	0.992845
14890	-1574.023	-1625.181	51.15772	1	0.99663	1.00343	1.00622	1.00079	0.965343	0.976313	0.973471	0.956706	0.992845
14900	-1574.017	-1625.175	51.15772	1	0.99663	1.00343	1.00622	1.00079	0.965343	0.976313	0.973471	0.956706	0.992845
14910	-1574.244	-1625.402	51.15772	1	0.99663	1.00343	1.00622	1.00079	0.965343	0.976313	0.973471	0.956706	0.992845
14920	-1573.924	-1625.082	51.15772	1	0.99663	1.00343	1.00622	1.00079	0.965343	0.976313	0.973471	0.956706	0.992845
14930	-1574.365	-1625.522	51.15772	1	0.99663	1.00343	1.00622	1.00079	0.965343	0.976313	0.973471	0.956706	0.992845
14940	-1574.224	-1625.382	51.15772	1	0.99663	1.00343	1.00622	1.00079	0.965343	0.976313	0.973471	0.956706	0.992845
14950	-1573.989	-1625.146	51.15772	1	0.99663	1.00343	1.00622	1.00079	0.965343	0.976313	0.973471	0.956706	0.992845
14960	-1573.912	-1625.07	51.15772	1	0.99663	1.00343	1.00622	1.00079	0.965343	0.976313	0.973471	0.956706	0.992845
14970	-1574.438	-1625.596	51.15772	1	0.99663	1.00343	1.00622	1.00079	0.965343	0.976313	0.973471	0.956706	0.992845
14980	-1574.506	-1625.664	51.15772	1	0.99663	1.00343	1.00622	1.00079	0.965343	0.976313	0.973471	0.956706	0.992845
14990	-1574.668	-1625.826	51.15772	1	0.99663	1.00343	1.00622	1.00079	0.965343	0.976313	0.973471	0.956706	0.992845
15000	-1573.913	-1625.071	51.15772	1	0.99663	1.00343	1.00622	1.00079	0.965343	0.976313	0.973471	0.956706	0.992845
15010	-1574.418	-1625.576	51.15772	1	0.99663	1.00343	1.00622	1.00079	0.965343	0.976313	0.973471	0.956706	0.992845
15020	-1573.938	-1625.096	51.15772	1	0.99663	1.00343	1.00622	1.00079	0.965343	0.976313	0.973471	0.956706	0.992845
15030	-1574.039	-1625.197	51.15772	1	0.99663	1.00343	1.00622	1.00079	0.965343	0.976313	0.973471	0.956706	0.992845
15040	-1573.912	-1625.07	51.15772	1	0.99663	1.00343	1.00622	1.00079	0.965343	0.976313	0.973471	0.956706	0.992845
15050	-1574.643	-1625.801	51.15772	1	0.99663	1.00343	1.00622	1.00079	0.965343	0.976313	0.973471	0.956706	0.992845
15060	-1574.127	-1625.285	51.15772	1	0.99663	1.00343	1.00622	1.00079	0.965343	0.976313	0.973471	0.956706	0.992845
15070	-1573.976	-1625.134	51.15772	1	0.99663	1.00343	1.00622	1.00079	0.965343	0.976313	0.973471	0.956706	0.992845
15080	-1573.936	-1625.093	51.15772	1	0.99663	1.00343	1.00622	1.00079	0.965343	0.976313	0.973471	0.956706	0.992845
15090	-1573.995	-1625.152	51.15772	1	0.99663	1.00343	1.00622	1.00079	0.965343	0.976313	0.973471	0.956706	0.992845
15100	-1574.324	-1625.482	51.15772	1	0.99663	1.00343	1.00622	1.00079	0.965343	0.976313	0.973471	0.956706	0.992845
15110	-1573.92	-1625.077	51.15772	1	0.99663	1.00343	1.00622	1.00079	0.965343	0.976313	0.973471	0.956706	0.992845
15120	-1573.916	-1625.073	51.15772	1	0.99663	1.00343	1.00622	1.00079	0.965343	0.976313	0.973471	0.956706	0.992845
15130	-1574.656	-1625.814	51.15772	1	0.99663	1.00343	1.00622	1.00079	0.965343	0.976313	0.973471	0.956706	0.992845
15140	-1574.14	-1625.297	51.15772	1	0.99663	1.00343	1.00622	1.00079	0.965343	0.976313	0.973471	0.956706	0.992845
15150	-1574.948	-1626.106	51.15772	1	0.99663	1.00343	1.00622	1.00079	0.965343	0.976313	0.973471	0.956706	0.992845
15160	-1573.978	-1625.135	51.15772	1	0.99663	1.00343	1.00622	1.00079	0.965343	0.976313	0.973471	0.956706	0.992845
15170	-1574.829	-1625.987	51.15772	1	0.99663	1.00343	1.00622	1.00079	0.965343	0.976313	0.973471	0.956706	0.992845
15180	-1573.999	-1625.157	51.15772	1	0.99663	1.00343	1.00622	1.00079	0.965343	0.976313	0.973471	0.956706	0.992845
15190	-1574.369	-1625.526	51.15772	1	0.99663	1.00343	1.00622	1.00079	0.965343	0.976313	0.973471	0.956706	0.992845
15200	-1573.972	-1625.13	51.15772	1	0.99663	1.00343	1.00622	1.00079	0.965343	0.976313	0.973471	0.956706	0.992845
15210	-1573.969	-1625.127	51.15772	1	0.99663	1.00343	1.00622	1.00079	0.965343	0.976313	0.973471	0.956706	0.992845
15220	-1574.095	-1625.253	51.15772	1	0.99663	1.00343	1.00622	1.00079	0.965343	0.976313	0.973471	0.956706	0.992845
15230	-1574.439	-1625.597	51.15772	1	0.99663	1.00343	1.00622	1.00079	0.965343	0.976313	0.973471	0.956706	0.992845
15240	-1573.909	-1625.067	51.15772	1	0.99663	1.00343	1.00622	1.00079	0.965343	0.976313	0.973471	0.956706	0.992845
15250	-1573.921	-1625.079	51.15772	1	0.99663	1.00343	1.00622	1.00079	0.965343	0.976313	0.973471	0.956706	0.992845
15260	-1574.88	-1626.038	51.15772	1	0.99663	1.00343	1.00622	1.00079	0.965343	0.976313	0.973471	0.956706	0.992845
15270	-1574.283	-1625.44	51.15772	1	0.99663	1.00343	1.00622	1.00079	0.965343	0.976313	0.973471	0.956706	0.992845
15280	-1574.501	-1625.658	51.15772	1	0.99663	1.00343	1.00622	1.00079	0.965343	0.976313	0.973471	0.956706	0.992845
15290	-1574.223	-1625.381	51.15772	1	0.99663	1.00343	1.00622	1.00079	0.965343	0.976313	0.973471	0.956706	0.992845
15300	-1573.985	-1625.143	51.15772	1	0.99663	1.00343	1.00622	1.00079	0.965343	0.976313	0.973471	0.956706	0.992845
15310	-1573.914	-1625.072	51.15772	1	0.99663	1.00343	1.00622	1.00079	0.965343	0.976313	0.973471	0.956706	0.992845
15320	-1574.309	-1625.467	51.15772	1	0.99663	1.00343	1.00622	1.00079	0.965343	0.976313	0.973471	0.956706	0.992845
15330	-1574.406	-1625.564	51.15772	1	0.99663	1.00343	1.00622	1.00079	0.965343	0.976313	0.973471	0.956706	0.992845
15340	-1573.925	-1625.083	51.15772	1	0.99663	1.00343	1.00622	1.00079	0.965343	0.976313	0.973471	0.956706	0.992845
15350	-1574.554	-1625.711	51.15772	1	0.99663	1.00343	1.00622	1.00079	0.965343	0.976313	0.973471	0.956706	0.992845
15360	-1573.91	-1625.068	51.15772	1	0.99663	1.00343	1.00622	1.00079	0.965343	0.976313	0.973471	0.956706	0.992845
15370	-1575.074	-1626.232	51.15772	1	0.99663	1.00343	1.00622	1.00079	0.965343	0.976313	0.973471	0.956706	0.992845
15380	-1574.069	-1625.227	51.15772	1	0.99663	1.00343	1.00622	1.00079	0.965343	0.976313	0.973471	0.956706	0.992845
15390	-1574.505	-1625.663	51.15772	1	0.99663	1.00343	1.00622	1.00079	0.965343	0.976313	0.973471	0.956706	0.992845
15400	-1574.15	-1625.308	51.15772	1	0.99663	1.00343	1.00622	1.00079	0.965343	0.976313	0.973471	0.956706	0.992845
15410	-1574.563	-1625.721	51.15772	1	0.99663	1.00343	1.00622	1.00079	0.965343	0.976313	0.973471	0.956706	0.992845
15420	-1574.249	-1625.406	51.15772	1	0.99663	1.00343	1.00622	1.00079	0.965343	0.976313	0.973471	0.956706	0.992845
15430	-1574.55	-1625.708	51.15772	1	0.99663	1.00343	1.00622	1.00079	0.965343	0.976313	0.973471	0.956706	0.992845
15440	-1573.964	-1625.122	51.15772	1	0.99663	1.00343	1.00622	1.00079	0.965343	0.976313	0.973471	0.956706	0.992845
15450	-1574.283	-1625.441	51.15772	1	0.99663	1.00343	1.00622	1.00079	0.965343	0.976313	0.973471	0.956706	0.992845
15460	-1573.938	-1625.096	51.15772	1	0.99663	1.00343	1.00622	1.00079	0.965343	0.976313	0.973471	0.956706	0.992845
15470	-1574.279	-1625.437	51.15772	1	0.99663	1.00343	1.00622	1.00079	0.965343	0.976313	0.973471	0.956706	0.992845
15480	-1573.97	-1625.128	51.15772	1	0.99663	1.00343	1.00622	1.00079	0.965343	0.976313	0.973471	0.956706	0.992845
15490	-1574.057	-1625.215	51.15772	1	0.99663	1.00343	1.00622	1.00079	0.965343	0.976313	0.973471	0.956706	0.992845
15500	-1573.993	-1625.15	51.15772	1	0.99663	1.00343	1.00622	1.00079	0.965343	0.976313	0.973471	0.956706	0.992845
15510	-1574.192	-1625.35	51.15772	1	0.99663	1.00343	1.00622	1.00079	0.965343	0.976313	0.973471	0.956706	0.992845
15520	-1574.327	-1625.484	51.15772	1	0.99663	1.00343	1.00622	1.00079	0.965343	0.976313	0.973471	0.956706	0.992845
15530	-1573.98	-1625.137	51.15772	1	0.99663	1.00343	1.00622	1.00079	0.965343	0.976313	0.973471	0.956706	0.992845
15540	-1573.931	-1625.089	51.15772	1	0.99663	1.00343	1.00622	1.00079	0.965343	0.976313	0.973471	0.956706	0.992845
15550	-1573.976	-1625.134	51.15772	1	0.99663	1.00343	1.00622	1.00079	0.965343	0.976313	0.973471	0.956706	0.992845
15560	-1574.134	-1625.292	51.15772	1	0.99663	1.00343	1.00622	1.00079	0.965343	0.976313	0.973471	0.956706	0.992845
15570	-1574.069	-1625.227	51.15772	1	0.99663	1.00343	1.00622	1.00079	0.965343	0.976313	0.973471	0.956706	0.992845
15580	-1573.91	-1625.068	51.15772	1	0.99663	1.00343	1.00622	1.00079	0.965343	0.976313	0.973471	0.956706	0.992845
15590	-1573.913	-1625.071	51.15772	1	0.99663	1.00343	1.00622	1.00079	0.965343	0.976313	0.973471	0.956706	0.992845
15600	-1574.892	-1626.05	51.15772	1	0.99663	1.00343	1.00622	1.00079	0.965343	0.976313	0.973471	0.956706	0.992845
15610	-1573.932	-1625.089	51.15772	1	0.99663	1.00343	1.00622	1.00079	0.965343	0.976313	0.973471	0.956706	0.992845
15620	-1573.985	-1625.143	51.15772	1	0.99663	1.00343	1.00622	1.00079	0.965343	0.976313	0.973471	0.956706	0.992845
15630	-1574.492	-1625.65	51.15772	1	0.99663	1.00343	1.00622	1.00079	0.965343	0.976313	0.973471	0.956706	0.992845
15640	-1574.51	-1625.668	51.15772	1	0.99663	1.00343	1.00622	1.00079	0.965343	0.976313	0.973471	0.956706	0.992845
15650	-1573.911	-1625.068	51.15772	1	0.99663	1.00343	1.00622	1.00079	0.965343	0.976313	0.973471	0.956706	0.992845
15660	-1574.172	-1625.329	51.15772	1	0.99663	1.00343	1.00622	1.00079	0.965343	0.976313	0.973471	0.956706	0.992845
15670	-1574.88	-1626.038	51.15772	1	0.99663	1.00343	1.00622	1.00079	0.965343	0.976313	0.973471	0.956706	0.992845
15680	-1573.914	-1625.071	51.15772	1	0.99663	1.00343	1.00622	1.00079	0.965343	0.976313	0.973471	0.956706	0.992845
15690	-1576.404	-1627.562	51.15772	1	0.99663	1.00343	1.00622	1.00079	0.965343	0.976313	0.973471	0.956706	0.992845
15700	-1574.291	-1625.449	51.15772	1	0.99663	1.00343	1.00622	1.00079	0.965343	0.976313	0.973471	0.956706	0.992845
15710	-1574.888	-1626.046	51.15772	1	0.99663	1.00343	1.00622	1.00079	0.965343	0.976313	0.973471	0.956706	0.992845
15720	-1574.303	-1625.461	51.15772	1	0.99663	1.00343	1.00622	1.00079	0.965343	0.976313	0.973471	0.956706	0.992845
15730	-1574.198	-1625.356	51.15772	1	0.99663	1.00343	1.00622	1.00079	0.965343	0.976313	0.973471	0.956706	0.992845
15740	-1574.347	-1625.505	51.15772	1	0.99663	1.00343	1.00622	1.00079	0.965343	0.976313	0.973471	0.956706	0.992845
15750	-1573.928	-1625.086	51.15772	1	0.99663	1.00343	1.00622	1.00079	0.965343	0.976313	0.973471	0.956706	0.992845
15760	-1573.938	-1625.096	51.15772	1	0.99663	1.00343	1.00622	1.00079	0.965343	0.976313	0.973471	0.956706	0.992845
15770	-1574.039	-1625.197	51.15772	1	0.99663	1.00343	1.00622	1.00079	0.965343	0.976313	0.973471	0.956706	0.992845
15780	-1574.006	-1625.163	51.15772	1	0.99663	1.00343	1.00622	1.00079	0.965343	0.976313	0.973471	0.956706	0.992845
15790	-1573.933	-1625.091	51.15772	1	0.99663	1.00343	1.00622	1.00079	0.965343	0.976313	0.973471	0.956706	0.992845
15800	-1574.593	-1625.751	51.15772	1	0.99663	1.00343	1.00622	1.00079	0.965343	0.976313	0.973471	0.956706	0.992845
15810	-1575.52	-1626.677	51.15772	1	0.99663	1.00343	1.00622	1.00079	0.965343	0.976313	0.973471	0.956706	0.992845
15820	-1574.324	-1625.481	51.15772	1	0.99663	1.00343	1.00622	1.00079	0.965343	0.976313	0.973471	0.956706	0.992845
15830	-1573.91	-1625.068	51.15772	1	0.99663	1.00343	1.00622	1.00079	0.965343	0.976313	0.973471	0.956706	0.992845
15840	-1573.91	-1625.067	51.15772	1	0.99663	1.00343	1.00622	1.00079	0.965343	0.976313	0.973471	0.956706	0.992845
15850	-1574.046	-1625.203	51.15772	1	0.99663	1.00343	1.00622	1.00079	0.965343	0.976313	0.973471	0.956706	0.992845
15860	-1574.013	-1625.171	51.15772	1	0.99663	1.00343	1.00622	1.00079	0.965343	0.976313	0.973471	0.956706	0.992845
15870	-1574.092	-1625.25	51.15772	1	0.99663	1.00343	1.00622	1.00079	0.965343	0.976313	0.973471	0.956706	0.992845
15880	-1574.111	-1625.268	51.15772	1	0.99663	1.00343	1.00622	1.00079	0.965343	0.976313	0.973471	0.956706	0.992845
15890	-1573.926	-1625.084	51.15772	1	0.99663	1.00343	1.00622	1.00079	0.965343	0.976313	0.973471	0.956706	0.992845
15900	-1574.07	-1625.228	51.15772	1	0.99663	1.00343	1.00622	1.00079	0.965343	0.976313	0.973471	0.956706	0.992845
15910	-1574.043	-1625.2	51.15772	1	0.99663	1.00343	1.00622	1.00079	0.965343	0.976313	0.973471	0.956706	0.992845
15920	-1573.923	-1625.081	51.15772	1	0.99663	1.00343	1.00622	1.00079	0.965343	0.976313	0.973471	0.956706	0.992845
15930	-1573.916	-1625.074	51.15772	1	0.99663	1.00343	1.00622	1.00079	0.965343	0.976313	0.973471	0.956706	0.992845
15940	-1573.93	-1625.088	51.15772	1	0.99663	1.00343	1.00622	1.00079	0.965343	0.976313	0.973471	0.956706	0.992845
15950	-1574.45	-1625.608	51.15772	1	0.99663	1.00343	1.00622	1.00079	0.965343	0.976313	0.973471	0.956706	0.992845
15960	-1574.474	-1625.631	51.15772	1	0.99663	1.00343	1.00622	1.00079	0.965343	0.976313	0.973471	0.956706	0.992845
15970	-1574.202	-1625.36	51.15772	1	0.99663	1.00343	1.00622	1.00079	0.965343	0.976313	0.973471	0.956706	0.992845
15980	-1573.963	-1625.121	51.15772	1	0.99663	1.00343	1.00622	1.00079	0.965343	0.976313	0.973471	0.956706	0.992845
15990	-1574.435	-1625.593	51.15772	1	0.99663	1.00343	1.00622	1.00079	0.965343	0.976313	0.973471	0.956706	0.992845
16000	-1574.117	-1625.275	51.15772	1	0.99663	1.00343	1.00622	1.00079	0.965343	0.976313	0.973471	0.956706	0.992845
16010	-1575.035	-1626.192	51.15772	1	0.99663	1.00343	1.00622	1.00079	0.965343	0.976313	0.973471	0.956706	0.992845
16020	-1573.92	-1625.077	51.15772	1	0.99663	1.00343	1.00622	1.00079	0.965343	0.976313	0.973471	0.956706	0.992845
16030	-1573.954	-1625.112	51.15772	1	0.99663	1.00343	1.00622	1.00079	0.965343	0.976313	0.973471	0.956706	0.992845
16040	-1574.328	-1625.486	51.15772	1	0.99663	1.00343	1.00622	1.00079	0.965343	0.976313	0.973471	0.956706	0.992845
16050	-1574.06	-1625.218	51.15772	1	0.99663	1.00343	1.00622	1.00079	0.965343	0.976313	0.973471	0.956706	0.992845
16060	-1573.924	-1625.081	51.15772	1	0.99663	1.00343	1.00622	1.00079	0.965343	0.976313	0.973471	0.956706	0.992845
16070	-1573.974	-1625.132	51.15772	1	0.99663	1.00343	1.00622	1.00079	0.965343	0.976313	0.973471	0.956706	0.992845
16080	-1574.231	-1625.389	51.15772	1	0.99663	1.00343	1.00622	1.00079	0.965343	0.976313	0.973471	0.956706	0.992845
16090	-1574.111	-1625.269	51.15772	1	0.99663	1.00343	1.00622	1.00079	0.965343	0.976313	0.973471	0.956706	0.992845
16100	-1573.912	-1625.069	51.15772	1	0.99663	1.00343	1.00622	1.00079	0.965343	0.976313	0.973471	0.956706	0.992845
16110	-1573.932	-1625.09	51.15772	1	0.99663	1.00343	1.00622	1.00079	0.965343	0.976313	0.973471	0.956706	0.992845
16120	-1574.261	-1625.419	51.15772	1	0.99663	1.00343	1.00622	1.00079	0.965343	0.976313	0.973471	0.956706	0.992845
16130	-1577.942	-1629.1	51.15772	1	0.99663	1.00343	1.00622	1.00079	0.965343	0.976313	0.973471	0.956706	0.992845
16140	-1575.084	-1626.241	51.15772	1	0.99663	1.00343	1.00622	1.00079	0.965343	0.976313	0.973471	0.956706	0.992845
16150	-1574.068	-1625.225	51.15772	1	0.99663	1.00343	1.00622	1.00079	0.965343	0.976313	0.973471	0.956706	0.992845
16160	-1574.019	-1625.177	51.15772	1	0.99663	1.00343	1.00622	1.00079	0.965343	0.976313	0.973471	0.956706	0.992845
16170	-1574.008	-1625.166	51.15772	1	0.99663	1.00343	1.00622	1.00079	0.965343	0.976313	0.973471	0.956706	0.992845
16180	-1575.132	-1626.289	51.15772	1	0.99663	1.00343	1.00622	1.00079	0.965343	0.976313	0.973471	0.956706	0.992845
16190	-1574.262	-1625.42	51.15772	1	0.99663	1.00343	1.00622	1.00079	0.965343	0.976313	0.973471	0.956706	0.992845
16200	-1573.913	-1625.071	51.15772	1	0.99663	1.00343	1.00622	1.00079	0.965343	0.976313	0.973471	0.956706	0.992845
16210	-1574.721	-1625.878	51.15772	1	0.99663	1.00343	1.00622	1.00079	0.965343	0.976313	0.973471	0.956706	0.992845
16220	-1574.403	-1625.561	51.15772	1	0.99663	1.00343	1.00622	1.00079	0.965343	0.976313	0.973471	0.956706	0.992845
16230	-1575.98	-1627.138	51.15772	1	0.99663	1.00343	1.00622	1.00079	0.965343	0.976313	0.973471	0.956706	0.992845
16240	-1573.919	-1625.076	51.15772	1	0.99663	1.00343	1.00622	1.00079	0.965343	0.976313	0.973471	0.956706	0.992845
16250	-1576.242	-1627.399	51.15772	1	0.99663	1.00343	1.00622	1.00079	0.965343	0.976313	0.973471	0.956706	0.992845
16260	-1574.017	-1625.174	51.15772	1	0.99663	1.00343	1.00622	1.00079	0.965343	0.976313	0.973471	0.956706	0.992845
16270	-1573.916	-1625.073	51.15772	1	0.99663	1.00343	1.00622	1.00079	0.965343	0.976313	0.973471	0.956706	0.992845
16280	-1574.15	-1625.308	51.15772	1	0.99663	1.00343	1.00622	1.00079	0.965343	0.976313	0.973471	0.956706	0.992845
16290	-1574.637	-1625.795	51.15772	1	0.99663	1.00343	1.00622	1.00079	0.965343	0.976313	0.973471	0.956706	0.992845
16300	-1574.161	-1625.319	51.15772	1	0.99663	1.00343	1.00622	1.00079	0.965343	0.976313	0.973471	0.956706	0.992845
16310	-1574.065	-1625.223	51.15772	1	0.99663	1.00343	1.00622	1.00079	0.965343	0.976313	0.973471	0.956706	0.992845
16320	-1573.926	-1625.084	51.15772	1	0.99663	1.00343	1.00622	1.00079	0.965343	0.976313	0.973471	0.956706	0.992845
16330	-1573.927	-1625.085	51.15772	1	0.99663	1.00343	1.00622	1.00079	0.965343	0.976313	0.973471	0.956706	0.992845
16340	-1573.919	-1625.077	51.15772	1	0.99663	1.00343	1.00622	1.00079	0.965343	0.976313	0.973471	0.956706	0.992845
16350	-1574.122	-1625.28	51.15772	1	0.99663	1.00343	1.00622	1.00079	0.965343	0.976313	0.973471	0.956706	0.992845
16360	-1574.03	-1625.188	51.15772	1	0.99663	1.00343	1.00622	1.00079	0.965343	0.976313	0.973471	0.956706	0.992845
16370	-1576.219	-1627.377	51.15772	1	0.99663	1.00343	1.00622	1.00079	0.965343	0.976313	0.973471	0.956706	0.992845
16380	-1573.916	-1625.074	51.15772	1	0.99663	1.00343	1.00622	1.00079	0.965343	0.976313	0.973471	0.956706	0.992845
16390	-1576.547	-1627.705	51.15772	1	0.99663	1.00343	1.00622	1.00079	0.965343	0.976313	0.973471	0.956706	0.992845
16400	-1574.08	-1625.238	51.15772	1	0.99663	1.00343	1.00622	1.00079	0.965343	0.976313	0.973471	0.956706	0.992845
16410	-1574.803	-1625.961	51.15772	1	0.99663	1.00343	1.00622	1.00079	0.965343	0.976313	0.973471	0.956706	0.992845
16420	-1574.118	-1625.276	51.15772	1	0.99663	1.00343	1.00622	1.00079	0.965343	0.976313	0.973471	0.956706	0.992845
16430	-1574.506	-1625.664	51.15772	1	0.99663	1.00343	1.00622	1.00079	0.965343	0.976313	0.973471	0.956706	0.992845
16440	-1574.468	-1625.625	51.15772	1	0.99663	1.00343	1.00622	1.00079	0.965343	0.976313	0.973471	0.956706	0.992845
16450	-1575.727	-1626.885	51.15772	1	0.99663	1.00343	1.00622	1.00079	0.965343	0.976313	0.973471	0.956706	0.992845
16460	-1573.925	-1625.083	51.15772	1	0.99663	1.00343	1.00622	1.00079	0.965343	0.976313	0.973471	0.956706	0.992845
16470	-1575.585	-1626.743	51.15772	1	0.99663	1.00343	1.00622	1.00079	0.965343	0.976313	0.973471	0.956706	0.992845
16480	-1573.937	-1625.095	51.15772	1	0.99663	1.00343	1.00622	1.00079	0.965343	0.976313	0.973471	0.956706	0.992845
16490	-1574.382	-1625.539	51.15772	1	0.99663	1.00343	1.00622	1.00079	0.965343	0.976313	0.973471	0.956706	0.992845
16500	-1574.714	-1625.872	51.15772	1	0.99663	1.00343	1.00622	1.00079	0.965343	0.976313	0.973471	0.956706	0.992845
16510	-1573.922	-1625.08	51.15772	1	0.99663	1.00343	1.00622	1.00079	0.965343	0.976313	0.973471	0.956706	0.992845
16520	-1574.774	-1625.931	51.15772	1	0.99663	1.00343	1.00622	1.00079	0.965343	0.976313	0.973471	0.956706	0.992845
16530	-1573.911	-1625.069	51.15772	1	0.99663	1.00343	1.00622	1.00079	0.965343	0.976313	0.973471	0.956706	0.992845
16540	-1573.937	-1625.095	51.15772	1	0.99663	1.00343	1.00622	1.00079	0.965343	0.976313	0.973471	0.956706	0.992845
16550	-1573.91	-1625.067	51.15772	1	0.99663	1.00343	1.00622	1.00079	0.965343	0.976313	0.973471	0.956706	0.992845
16560	-1575.059	-1626.216	51.15772	1	0.99663	1.00343	1.00622	1.00079	0.965343	0.976313	0.973471	0.956706	0.992845
16570	-1574.028	-1625.186	51.15772	1	0.99663	1.00343	1.00622	1.00079	0.965343	0.976313	0.973471	0.956706	0.992845
16580	-1574.313	-1625.471	51.15772	1	0.99663	1.00343	1.00622	1.00079	0.965343	0.976313	0.973471	0.956706	0.992845
16590	-1574.583	-1625.74	51.15772	1	0.99663	1.00343	1.00622	1.00079	0.965343	0.976313	0.973471	0.956706	0.992845
16600	-1573.939	-1625.097	51.15772	1	0.99663	1.00343	1.00622	1.00079	0.965343	0.976313	0.973471	0.956706	0.992845
16610	-1574.059	-1625.217	51.15772	1	0.99663	1.00343	1.00622	1.00079	0.965343	0.976313	0.973471	0.956706	0.992845
16620	-1573.93	-1625.087	51.15772	1	0.99663	1.00343	1.00622	1.00079	0.965343	0.976313	0.973471	0.956706	0.992845
16630	-1574.752	-1625.91	51.15772	1	0.99663	1.00343	1.00622	1.00079	0.965343	0.976313	0.973471	0.956706	0.992845
16640	-1573.976	-1625.134	51.15772	1	0.99663	1.00343	1.00622	1.00079	0.965343	0.976313	0.973471	0.956706	0.992845
16650	-1574.288	-1625.446	51.15772	1	0.99663	1.00343	1.00622	1.00079	0.965343	0.976313	0.973471	0.956706	0.992845
16660	-1573.992	-1625.149	51.15772	1	0.99663	1.00343	1.00622	1.00079	0.965343	0.976313	0.973471	0.956706	0.992845
16670	-1574.141	-1625.298	51.15772	1	0.99663	1.00343	1.00622	1.00079	0.965343	0.976313	0.973471	0.956706	0.992845
16680	-1574.852	-1626.009	51.15772	1	0.99663	1.00343	1.00622	1.00079	0.965343	0.976313	0.973471	0.956706	0.992845
16690	-1574.389	-1625.546	51.15772	1	0.99663	1.00343	1.00622	1.00079	0.965343	0.976313	0.973471	0.956706	0.992845
16700	-1573.925	-1625.082	51.15772	1	0.99663	1.00343	1.00622	1.00079	0.965343	0.976313	0.973471	0.956706	0.992845
16710	-1575.675	-1626.833	51.15772	1	0.99663	1.00343	1.00622	1.00079	0.965343	0.976313	0.973471	0.956706	0.992845
16720	-1574.117	-1625.275	51.15772	1	0.99663	1.00343	1.00622	1.00079	0.965343	0.976313	0.973471	0.956706	0.992845
16730	-1576.958	-1628.115	51.15772	1	0.99663	1.00343	1.00622	1.00079	0.965343	0.976313	0.973471	0.956706	0.992845
16740	-1574.533	-1625.69	51.15772	1	0.99663	1.00343	1.00622	1.00079	0.965343	0.976313	0.973471	0.956706	0.992845
16750	-1574.226	-1625.384	51.15772	1	0.99663	1.00343	1.00622	1.00079	0.965343	0.976313	0.973471	0.956706	0.992845
16760	-1574.015	-1625.172	51.15772	1	0.99663	1.00343	1.00622	1.00079	0.965343	0.976313	0.973471	0.956706	0.992845
16770	-1574.416	-1625.574	51.15772	1	0.99663	1.00343	1.00622	1.00079	0.965343	0.976313	0.973471	0.956706	0.992845
16780	-1573.955	-1625.113	51.15772	1	0.99663	1.00343	1.00622	1.00079	0.965343	0.976313	0.973471	0.956706	0.992845
16790	-1574.57	-1625.728	51.15772	1	0.99663	1.00343	1.00622	1.00079	0.965343	0.976313	0.973471	0.956706	0.992845
16800	-1573.937	-1625.095	51.15772	1	0.99663	1.00343	1.00622	1.00079	0.965343	0.976313	0.973471	0.956706	0.992845
16810	-1574.001	-1625.158	51.15772	1	0.99663	1.00343	1.00622	1.00079	0.965343	0.976313	0.973471	0.956706	0.992845
16820	-1574.127	-1625.284	51.15772	1	0.99663	1.00343	1.00622	1.00079	0.965343	0.976313	0.973471	0.956706	0.992845
16830	-1574.2	-1625.358	51.15772	1	0.99663	1.00343	1.00622	1.00079	0.965343	0.976313	0.973471	0.956706	0.992845
16840	-1574.279	-1625.436	51.15772	1	0.99663	1.00343	1.00622	1.00079	0.965343	0.976313	0.973471	0.956706	0.992845
16850	-1573.949	-1625.107	51.15772	1	0.99663	1.00343	1.00622	1.00079	0.965343	0.976313	0.973471	0.956706	0.992845
16860	-1574.309	-1625.466	51.15772	1	0.99663	1.00343	1.00622	1.00079	0.965343	0.976313	0.973471	0.956706	0.992845
16870	-1575.162	-1626.32	51.15772	1	0.99663	1.00343	1.00622	1.00079	0.965343	0.976313	0.973471	0.956706	0.992845
16880	-1573.925	-1625.083	51.15772	1	0.99663	1.00343	1.00622	1.00079	0.965343	0.976313	0.973471	0.956706	0.992845
16890	-1574.318	-1625.476	51.15772	1	0.99663	1.00343	1.00622	1.00079	0.965343	0.976313	0.973471	0.956706	0.992845
16900	-1574.035	-1625.192	51.15772	1	0.99663	1.00343	1.00622	1.00079	0.965343	0.976313	0.973471	0.956706	0.992845
16910	-1573.981	-1625.139	51.15772	1	0.99663	1.00343	1.00622	1.00079	0.965343	0.976313	0.973471	0.956706	0.992845
16920	-1574.225	-1625.382	51.15772	1	0.99663	1.00343	1.00622	1.00079	0.965343	0.976313	0.973471	0.956706	0.992845
16930	-1575.998	-1627.156	51.15772	1	0.99663	1.00343	1.00622	1.00079	0.965343	0.976313	0.973471	0.956706	0.992845
16940	-1574.707	-1625.865	51.15772	1	0.99663	1.00343	1.00622	1.00079	0.965343	0.976313	0.973471	0.956706	0.992845
16950	-1574.057	-1625.215	51.15772	1	0.99663	1.00343	1.00622	1.00079	0.965343	0.976313	0.973471	0.956706	0.992845
16960	-1574.234	-1625.391	51.15772	1	0.99663	1.00343	1.00622	1.00079	0.965343	0.976313	0.973471	0.956706	0.992845
16970	-1574.899	-1626.057	51.15772	1	0.99663	1.00343	1.00622	1.00079	0.965343	0.976313	0.973471	0.956706	0.992845
16980	-1574.454	-1625.611	51.15772	1	0.99663	1.00343	1.00622	1.00079	0.965343	0.976313	0.973471	0.956706	0.992845
16990	-1574.048	-1625.206	51.15772	1	0.99663	1.00343	1.00622	1.00079	0.965343	0.976313	0.973471	0.956706	0.992845
17000	-1574.309	-1625.467	51.15772	1	0.99663	1.00343	1.00622	1.00079	0.965343	0.976313	0.973471	0.956706	0.992845
17010	-1573.999	-1625.157	51.15772	1	0.99663	1.00343	1.00622	1.00079	0.965343	0.976313	0.973471	0.956706	0.992845
17020	-1574.12	-1625.277	51.15772	1	0.99663	1.00343	1.00622	1.00079	0.965343	0.976313	0.973471	0.956706	0.992845
17030	-1574.236	-1625.393	51.15772	1	0.99663	1.00343	1.00622	1.00079	0.965343	0.976313	0.973471	0.956706	0.992845
17040	-1574.297	-1625.455	51.15772	1	0.99663	1.00343	1.00622	1.00079	0.965343	0.976313	0.973471	0.956706	0.992845
17050	-1573.952	-1625.11	51.15772	1	0.99663	1.00343	1.00622	1.00079	0.965343	0.976313	0.973471	0.956706	0.992845
17060	-1574.242	-1625.399	51.15772	1	0.99663	1.00343	1.00622	1.00079	0.965343	0.976313	0.973471	0.956706	0.992845
17070	-1574.645	-1625.802	51.15772	1	0.99663	1.00343	1.00622	1.00079	0.965343	0.976313	0.973471	0.956706	0.992845
17080	-1575.713	-1626.871	51.15772	1	0.99663	1.00343	1.00622	1.00079	0.965343	0.976313	0.973471	0.956706	0.992845
17090	-1574.195	-1625.353	51.15772	1	0.99663	1.00343	1.00622	1.00079	0.965343	0.976313	0.973471	0.956706	0.992845
17100	-1574.322	-1625.48	51.15772	1	0.99663	1.00343	1.00622	1.00079	0.965343	0.976313	0.973471	0.956706	0.992845
17110	-1574.358	-1625.516	51.15772	1	0.99663	1.00343	1.00622	1.00079	0.965343	0.976313	0.973471	0.956706	0.992845
17120	-1573.958	-1625.115	51.15772	1	0.99663	1.00343	1.00622	1.00079	0.965343	0.976313	0.973471	0.956706	0.992845
17130	-1573.92	-1625.077	51.15772	1	0.99663	1.00343	1.00622	1.00079	0.965343	0.976313	0.973471	0.956706	0.992845
17140	-1578.004	-1629.161	51.15772	1	0.99663	1.00343	1.00622	1.00079	0.965343	0.976313	0.973471	0.956706	0.992845
17150	-1574.134	-1625.291	51.15772	1	0.99663	1.00343	1.00622	1.00079	0.965343	0.976313	0.973471	0.956706	0.992845
17160	-1573.944	-1625.102	51.15772	1	0.99663	1.00343	1.00622	1.00079	0.965343	0.976313	0.973471	0.956706	0.992845
17170	-1573.94	-1625.098	51.15772	1	0.99663	1.00343	1.00622	1.00079	0.965343	0.976313	0.973471	0.956706	0.992845
17180	-1573.976	-1625.134	51.15772	1	0.99663	1.00343	1.00622	1.00079	0.965343	0.976313	0.973471	0.956706	0.992845
17190	-1574.234	-1625.392	51.15772	1	0.99663	1.00343	1.00622	1.00079	0.965343	0.976313	0.973471	0.956706	0.992845
17200	-1574.316	-1625.473	51.15772	1	0.99663	1.00343	1.00622	1.00079	0.965343	0.976313	0.973471	0.956706	0.992845
17210	-1574.522	-1625.68	51.15772	1	0.99663	1.00343	1.00622	1.00079	0.965343	0.976313	0.973471	0.956706	0.992845
17220	-1574.293	-1625.451	51.15772	1	0.99663	1.00343	1.00622	1.00079	0.965343	0.976313	0.973471	0.956706	0.992845
17230	-1573.923	-1625.081	51.15772	1	0.99663	1.00343	1.00622	1.00079	0.965343	0.976313	0.973471	0.956706	0.992845
17240	-1575.772	-1626.93	51.15772	1	0.99663	1.00343	1.00622	1.00079	0.965343	0.976313	0.973471	0.956706	0.992845
17250	-1574.383	-1625.541	51.15772	1	0.99663	1.00343	1.00622	1.00079	0.965343	0.976313	0.973471	0.956706	0.992845
17260	-1574.114	-1625.272	51.15772	1	0.99663	1.00343	1.00622	1.00079	0.965343	0.976313	0.973471	0.956706	0.992845
17270	-1574.052	-1625.21	51.15772	1	0.99663	1.00343	1.00622	1.00079	0.965343	0.976313	0.973471	0.956706	0.992845
17280	-1574.632	-1625.79	51.15772	1	0.99663	1.00343	1.00622	1.00079	0.965343	0.976313	0.973471	0.956706	0.992845
17290	-1574.803	-1625.96	51.15772	1	0.99663	1.00343	1.00622	1.00079	0.965343	0.976313	0.973471	0.956706	0.992845
17300	-1576.575	-1627.733	51.15772	1	0.99663	1.00343	1.00622	1.00079	0.965343	0.976313	0.973471	0.956706	0.992845
17310	-1575.024	-1626.182	51.15772	1	0.99663	1.00343	1.00622	1.00079	0.965343	0.976313	0.973471	0.956706	0.992845
17320	-1575.411	-1626.569	51.15772	1	0.99663	1.00343	1.00622	1.00079	0.965343	0.976313	0.973471	0.956706	0.992845
17330	-1574.625	-1625.783	51.15772	1	0.99663	1.00343	1.00622	1.00079	0.965343	0.976313	0.973471	0.956706	0.992845
17340	-1574.081	-1625.239	51.15772	1	0.99663	1.00343	1.00622	1.00079	0.965343	0.976313	0.973471	0.956706	0.992845
17350	-1574.407	-1625.565	51.15772	1	0.99663	1.00343	1.00622	1.00079	0.965343	0.976313	0.973471	0.956706	0.992845
17360	-1575.266	-1626.423	51.15772	1	0.99663	1.00343	1.00622	1.00079	0.965343	0.976313	0.973471	0.956706	0.992845
17370	-1574.146	-1625.303	51.15772	1	0.99663	1.00343	1.00622	1.00079	0.965343	0.976313	0.973471	0.956706	0.992845
17380	-1574.036	-1625.193	51.15772	1	0.99663	1.00343	1.00622	1.00079	0.965343	0.976313	0.973471	0.956706	0.992845
17390	-1574.66	-1625.818	51.15772	1	0.99663	1.00343	1.00622	1.00079	0.965343	0.976313	0.973471	0.956706	0.992845
17400	-1574.329	-1625.487	51.15772	1	0.99663	1.00343	1.00622	1.00079	0.965343	0.976313	0.973471	0.956706	0.992845
17410	-1574.44	-1625.597	51.15772	1	0.99663	1.00343	1.00622	1.00079	0.965343	0.976313	0.973471	0.956706	0.992845
17420	-1574.114	-1625.271	51.15772	1	0.99663	1.00343	1.00622	1.00079	0.965343	0.976313	0.973471	0.956706	0.992845
17430	-1574.026	-1625.184	51.15772	1	0.99663	1.00343	1.00622	1.00079	0.965343	0.976313	0.973471	0.956706	0.992845
17440	-1573.92	-1625.078	51.15772	1	0.99663	1.00343	1.00622	1.00079	0.965343	0.976313	0.973471	0.956706	0.992845
17450	-1574.391	-1625.549	51.15772	1	0.99663	1.00343	1.00622	1.00079	0.965343	0.976313	0.973471	0.956706	0.992845
17460	-1573.91	-1625.068	51.15772	1	0.99663	1.00343	1.00622	1.00079	0.965343	0.976313	0.973471	0.956706	0.992845
17470	-1574.132	-1625.289	51.15772	1	0.99663	1.00343	1.00622	1.00079	0.965343	0.976313	0.973471	0.956706	0.992845
17480	-1574.395	-1625.553	51.15772	1	0.99663	1.00343	1.00622	1.00079	0.965343	0.976313	0.973471	0.956706	0.992845
17490	-1573.918	-1625.075	51.15772	1	0.99663	1.00343	1.00622	1.00079	0.965343	0.976313	0.973471	0.956706	0.992845
17500	-1575.297	-1626.455	51.15772	1	0.99663	1.00343	1.00622	1.00079	0.965343	0.976313	0.973471	0.956706	0.992845
17510	-1575.521	-1626.679	51.15772	1	0.99663	1.00343	1.00622	1.00079	0.965343	0.976313	0.973471	0.956706	0.992845
17520	-1574.858	-1626.016	51.15772	1	0.99663	1.00343	1.00622	1.00079	0.965343	0.976313	0.973471	0.956706	0.992845
17530	-1574.862	-1626.019	51.15772	1	0.99663	1.00343	1.00622	1.00079	0.965343	0.976313	0.973471	0.956706	0.992845
17540	-1574.893	-1626.051	51.15772	1	0.99663	1.00343	1.00622	1.00079	0.965343	0.976313	0.973471	0.956706	0.992845
17550	-1574.582	-1625.739	51.15772	1	0.99663	1.00343	1.00622	1.00079	0.965343	0.976313	0.973471	0.956706	0.992845
17560	-1573.943	-1625.101	51.15772	1	0.99663	1.00343	1.00622	1.00079	0.965343	0.976313	0.973471	0.956706	0.992845
17570	-1574.055	-1625.213	51.15772	1	0.99663	1.00343	1.00622	1.00079	0.965343	0.976313	0.973471	0.956706	0.992845
17580	-1573.922	-1625.079	51.15772	1	0.99663	1.00343	1.00622	1.00079	0.965343	0.976313	0.973471	0.956706	0.992845
17590	-1574.868	-1626.026	51.15772	1	0.99663	1.00343	1.00622	1.00079	0.965343	0.976313	0.973471	0.956706	0.992845
17600	-1574.593	-1625.751	51.15772	1	0.99663	1.00343	1.00622	1.00079	0.965343	0.976313	0.973471	0.956706	0.992845
17610	-1573.966	-1625.124	51.15772	1	0.99663	1.00343	1.00622	1.00079	0.965343	0.976313	0.973471	0.956706	0.992845
17620	-1574.029	-1625.187	51.15772	1	0.99663	1.00343	1.00622	1.00079	0.965343	0.976313	0.973471	0.956706	0.992845
17630	-1573.919	-1625.077	51.15772	1	0.99663	1.00343	1.00622	1.00079	0.965343	0.976313	0.973471	0.956706	0.992845
17640	-1573.919	-1625.077	51.15772	1	0.99663	1.00343	1.00622	1.00079	0.965343	0.976313	0.973471	0.956706	0.992845
17650	-1573.981	-1625.139	51.15772	1	0.99663	1.00343	1.00622	1.00079	0.965343	0.976313	0.973471	0.956706	0.992845
17660	-1573.926	-1625.084	51.15772	1	0.99663	1.00343	1.00622	1.00079	0.965343	0.976313	0.973471	0.956706	0.992845
17670	-1575.037	-1626.195	51.15772	1	0.99663	1.00343	1.00622	1.00079	0.965343	0.976313	0.973471	0.956706	0.992845
17680	-1574.418	-1625.576	51.15772	1	0.99663	1.00343	1.00622	1.00079	0.965343	0.976313	0.973471	0.956706	0.992845
17690	-1574.686	-1625.844	51.15772	1	0.99663	1.00343	1.00622	1.00079	0.965343	0.976313	0.973471	0.956706	0.992845
17700	-1574.163	-1625.321	51.15772	1	0.99663	1.00343	1.00622	1.00079	0.965343	0.976313	0.973471	0.956706	0.992845
17710	-1574.167	-1625.325	51.15772	1	0.99663	1.00343	1.00622	1.00079	0.965343	0.976313	0.973471	0.956706	0.992845
17720	-1574.545	-1625.703	51.15772	1	0.99663	1.00343	1.00622	1.00079	0.965343	0.976313	0.973471	0.956706	0.992845
17730	-1573.924	-1625.082	51.15772	1	0.99663	1.00343	1.00622	1.00079	0.965343	0.976313	0.973471	0.956706	0.992845
17740	-1573.91	-1625.068	51.15772	1	0.99663	1.00343	1.00622	1.00079	0.965343	0.976313	0.973471	0.956706	0.992845
17750	-1574.903	-1626.061	51.15772	1	0.99663	1.00343	1.00622	1.00079	0.965343	0.976313	0.973471	0.956706	0.992845
17760	-1574.056	-1625.214	51.15772	1	0.99663	1.00343	1.00622	1.00079	0.965343	0.976313	0.973471	0.956706	0.992845
17770	-1574.005	-1625.163	51.15772	1	0.99663	1.00343	1.00622	1.00079	0.965343	0.976313	0.973471	0.956706	0.992845
17780	-1573.976	-1625.134	51.15772	1	0.99663	1.00343	1.00622	1.00079	0.965343	0.976313	0.973471	0.956706	0.992845
17790	-1574.308	-1625.466	51.15772	1	0.99663	1.00343	1.00622	1.00079	0.965343	0.976313	0.973471	0.956706	0.992845
17800	-1574.077	-1625.235	51.15772	1	0.99663	1.00343	1.00622	1.00079	0.965343	0.976313	0.973471	0.956706	0.992845
17810	-1573.933	-1625.091	51.15772	1	0.99663	1.00343	1.00622	1.00079	0.965343	0.976313	0.973471	0.956706	0.992845
17820	-1574.588	-1625.746	51.15772	1	0.99663	1.00343	1.00622	1.00079	0.965343	0.976313	0.973471	0.956706	0.992845
17830	-1573.944	-1625.102	51.15772	1	0.99663	1.00343	1.00622	1.00079	0.965343	0.976313	0.973471	0.956706	0.992845
17840	-1574.799	-1625.957	51.15772	1	0.99663	1.00343	1.00622	1.00079	0.965343	0.976313	0.973471	0.956706	0.992845
17850	-1574.311	-1625.469	51.15772	1	0.99663	1.00343	1.00622	1.00079	0.965343	0.976313	0.973471	0.956706	0.992845
17860	-1573.919	-1625.077	51.15772	1	0.99663	1.00343	1.00622	1.00079	0.965343	0.976313	0.973471	0.956706	0.992845
17870	-1574.141	-1625.299	51.15772	1	0.99663	1.00343	1.00622	1.00079	0.965343	0.976313	0.973471	0.956706	0.992845
17880	-1574.002	-1625.159	51.15772	1	0.99663	1.00343	1.00622	1.00079	0.965343	0.976313	0.973471	0.956706	0.992845
17890	-1575.276	-1626.434	51.15772	1	0.99663	1.00343	1.00622	1.00079	0.965343	0.976313	0.973471	0.956706	0.992845
17900	-1574.121	-1625.279	51.15772	1	0.99663	1.00343	1.00622	1.00079	0.965343	0.976313	0.973471	0.956706	0.992845
17910	-1574.28	-1625.438	51.15772	1	0.99663	1.00343	1.00622	1.00079	0.965343	0.976313	0.973471	0.956706	0.992845
17920	-1574.154	-1625.311	51.15772	1	0.99663	1.00343	1.00622	1.00079	0.965343	0.976313	0.973471	0.956706	0.992845
17930	-1575.051	-1626.209	51.15772	1	0.99663	1.00343	1.00622	1.00079	0.965343	0.976313	0.973471	0.956706	0.992845
17940	-1574.565	-1625.723	51.15772	1	0.99663	1.00343	1.00622	1.00079	0.965343	0.976313	0.973471	0.956706	0.992845
17950	-1574.91	-1626.067	51.15772	1	0.99663	1.00343	1.00622	1.00079	0.965343	0.976313	0.973471	0.956706	0.992845
17960	-1574.529	-1625.686	51.15772	1	0.99663	1.00343	1.00622	1.00079	0.965343	0.976313	0.973471	0.956706	0.992845
17970	-1574.608	-1625.765	51.15772	1	0.99663	1.00343	1.00622	1.00079	0.965343	0.976313	0.973471	0.956706	0.992845
17980	-1574.383	-1625.541	51.15772	1	0.99663	1.00343	1.00622	1.00079	0.965343	0.976313	0.973471	0.956706	0.992845
17990	-1573.941	-1625.099	51.15772	1	0.99663	1.00343	1.00622	1.00079	0.965343	0.976313	0.973471	0.956706	0.992845
18000	-1574.559	-1625.716	51.15772	1	0.99663	1.00343	1.00622	1.00079	0.965343	0.976313	0.973471	0.956706	0.992845
18010	-1574.868	-1626.026	51.15772	1	0.99663	1.00343	1.00622	1.00079	0.965343	0.976313	0.973471	0.956706	0.992845
18020	-1574.354	-1625.512	51.15772	1	0.99663	1.00343	1.00622	1.00079	0.965343	0.976313	0.973471	0.956706	0.992845
18030	-1574.713	-1625.871	51.15772	1	0.99663	1.00343	1.00622	1.00079	0.965343	0.976313	0.973471	0.956706	0.992845
18040	-1573.911	-1625.069	51.15772	1	0.99663	1.00343	1.00622	1.00079	0.965343	0.976313	0.973471	0.956706	0.992845
18050	-1575.753	-1626.911	51.15772	1	0.99663	1.00343	1.00622	1.00079	0.965343	0.976313	0.973471	0.956706	0.992845
18060	-1573.918	-1625.076	51.15772	1	0.99663	1.00343	1.00622	1.00079	0.965343	0.976313	0.973471	0.956706	0.992845
18070	-1574.68	-1625.838	51.15772	1	0.99663	1.00343	1.00622	1.00079	0.965343	0.976313	0.973471	0.956706	0.992845
18080	-1573.924	-1625.082	51.15772	1	0.99663	1.00343	1.00622	1.00079	0.965343	0.976313	0.973471	0.956706	0.992845
18090	-1574.046	-1625.204	51.15772	1	0.99663	1.00343	1.00622	1.00079	0.965343	0.976313	0.973471	0.956706	0.992845
18100	-1574.421	-1625.578	51.15772	1	0.99663	1.00343	1.00622	1.00079	0.965343	0.976313	0.973471	0.956706	0.992845
18110	-1574.249	-1625.407	51.15772	1	0.99663	1.00343	1.00622	1.00079	0.965343	0.976313	0.973471	0.956706	0.992845
18120	-1573.909	-1625.067	51.15772	1	0.99663	1.00343	1.00622	1.00079	0.965343	0.976313	0.973471	0.956706	0.992845
18130	-1574.53	-1625.688	51.15772	1	0.99663	1.00343	1.00622	1.00079	0.965343	0.976313	0.973471	0.956706	0.992845
18140	-1574.054	-1625.212	51.15772	1	0.99663	1.00343	1.00622	1.00079	0.965343	0.976313	0.973471	0.956706	0.992845
18150	-1574.285	-1625.443	51.15772	1	0.99663	1.00343	1.00622	1.00079	0.965343	0.976313	0.973471	0.956706	0.992845
18160	-1573.949	-1625.107	51.15772	1	0.99663	1.00343	1.00622	1.00079	0.965343	0.976313	0.973471	0.956706	0.992845
18170	-1574.149	-1625.306	51.15772	1	0.99663	1.00343	1.00622	1.00079	0.965343	0.976313	0.973471	0.956706	0.992845
18180	-1574.476	-1625.634	51.15772	1	0.99663	1.00343	1.00622	1.00079	0.965343	0.976313	0.973471	0.956706	0.992845
18190	-1574.342	-1625.5	51.15772	1	0.99663	1.00343	1.00622	1.00079	0.965343	0.976313	0.973471	0.956706	0.992845
18200	-1574.01	-1625.168	51.15772	1	0.99663	1.00343	1.00622	1.00079	0.965343	0.976313	0.973471	0.956706	0.992845
18210	-1574.445	-1625.603	51.15772	1	0.99663	1.00343	1.00622	1.00079	0.965343	0.976313	0.973471	0.956706	0.992845
18220	-1574.102	-1625.26	51.15772	1	0.99663	1.00343	1.00622	1.00079	0.965343	0.976313	0.973471	0.956706	0.992845
18230	-1574.057	-1625.215	51.15772	1	0.99663	1.00343	1.00622	1.00079	0.965343	0.976313	0.973471	0.956706	0.992845
18240	-1573.992	-1625.15	51.15772	1	0.99663	1.00343	1.00622	1.00079	0.965343	0.976313	0.973471	0.956706	0.992845
18250	-1573.91	-1625.067	51.15772	1	0.99663	1.00343	1.00622	1.00079	0.965343	0.976313	0.973471	0.956706	0.992845
18260	-1574.303	-1625.461	51.15772	1	0.99663	1.00343	1.00622	1.00079	0.965343	0.976313	0.973471	0.956706	0.992845
18270	-1574.099	-1625.257	51.15772	1	0.99663	1.00343	1.00622	1.00079	0.965343	0.976313	0.973471	0.956706	0.992845
18280	-1574.073	-1625.231	51.15772	1	0.99663	1.00343	1.00622	1.00079	0.965343	0.976313	0.973471	0.956706	0.992845
18290	-1575.326	-1626.484	51.15772	1	0.99663	1.00343	1.00622	1.00079	0.965343	0.976313	0.973471	0.956706	0.992845
18300	-1574.62	-1625.778	51.15772	1	0.99663	1.00343	1.00622	1.00079	0.965343	0.976313	0.973471	0.956706	0.992845
18310	-1574.012	-1625.169	51.15772	1	0.99663	1.00343	1.00622	1.00079	0.965343	0.976313	0.973471	0.956706	0.992845
18320	-1574.829	-1625.987	51.15772	1	0.99663	1.00343	1.00622	1.00079	0.965343	0.976313	0.973471	0.956706	0.992845
18330	-1573.929	-1625.087	51.15772	1	0.99663	1.00343	1.00622	1.00079	0.965343	0.976313	0.973471	0.956706	0.992845
18340	-1574.134	-1625.292	51.15772	1	0.99663	1.00343	1.00622	1.00079	0.965343	0.976313	0.973471	0.956706	0.992845
18350	-1573.909	-1625.067	51.15772	1	0.99663	1.00343	1.00622	1.00079	0.965343	0.976313	0.973471	0.956706	0.992845
18360	-1573.91	-1625.068	51.15772	1	0.99663	1.00343	1.00622	1.00079	0.965343	0.976313	0.973471	0.956706	0.992845
18370	-1573.91	-1625.067	51.15772	1	0.99663	1.00343	1.00622	1.00079	0.965343	0.976313	0.973471	0.956706	0.992845
18380	-1574.043	-1625.2	51.15772	1	0.99663	1.00343	1.00622	1.00079	0.965343	0.976313	0.973471	0.956706	0.992845
18390	-1574.892	-1626.049	51.15772	1	0.99663	1.00343	1.00622	1.00079	0.965343	0.976313	0.973471	0.956706	0.992845
18400	-1574.039	-1625.197	51.15772	1	0.99663	1.00343	1.00622	1.00079	0.965343	0.976313	0.973471	0.956706	0.992845
18410	-1573.962	-1625.12	51.15772	1	0.99663	1.00343	1.00622	1.00079	0.965343	0.976313	0.973471	0.956706	0.992845
18420	-1573.913	-1625.071	51.15772	1	0.99663	1.00343	1.00622	1.00079	0.965343	0.976313	0.973471	0.956706	0.992845
18430	-1575.086	-1626.244	51.15772	1	0.99663	1.00343	1.00622	1.00079	0.965343	0.976313	0.973471	0.956706	0.992845
18440	-1573.946	-1625.104	51.15772	1	0.99663	1.00343	1.00622	1.00079	0.965343	0.976313	0.973471	0.956706	0.992845
18450	-1573.943	-1625.101	51.15772	1	0.99663	1.00343	1.00622	1.00079	0.965343	0.976313	0.973471	0.956706	0.992845
18460	-1573.911	-1625.069	51.15772	1	0.99663	1.00343	1.00622	1.00079	0.965343	0.976313	0.973471	0.956706	0.992845
18470	-1574.163	-1625.321	51.15772	1	0.99663	1.00343	1.00622	1.00079	0.965343	0.976313	0.973471	0.956706	0.992845
18480	-1573.922	-1625.08	51.15772	1	0.99663	1.00343	1.00622	1.00079	0.965343	0.976313	0.973471	0.956706	0.992845
18490	-1573.915	-1625.072	51.15772	1	0.99663	1.00343	1.00622	1.00079	0.965343	0.976313	0.973471	0.956706	0.992845
18500	-1574.104	-1625.262	51.15772	1	0.99663	1.00343	1.00622	1.00079	0.965343	0.976313	0.973471	0.956706	0.992845
18510	-1575.454	-1626.612	51.15772	1	0.99663	1.00343	1.00622	1.00079	0.965343	0.976313	0.973471	0.956706	0.992845
18520	-1574.452	-1625.61	51.15772	1	0.99663	1.00343	1.00622	1.00079	0.965343	0.976313	0.973471	0.956706	0.992845
18530	-1574.374	-1625.531	51.15772	1	0.99663	1.00343	1.00622	1.00079	0.965343	0.976313	0.973471	0.956706	0.992845
18540	-1574.186	-1625.344	51.15772	1	0.99663	1.00343	1.00622	1.00079	0.965343	0.976313	0.973471	0.956706	0.992845
18550	-1575.189	-1626.347	51.15772	1	0.99663	1.00343	1.00622	1.00079	0.965343	0.976313	0.973471	0.956706	0.992845
18560	-1574.283	-1625.441	51.15772	1	0.99663	1.00343	1.00622	1.00079	0.965343	0.976313	0.973471	0.956706	0.992845
18570	-1573.91	-1625.068	51.15772	1	0.99663	1.00343	1.00622	1.00079	0.965343	0.976313	0.973471	0.956706	0.992845
18580	-1573.938	-1625.096	51.15772	1	0.99663	1.00343	1.00622	1.00079	0.965343	0.976313	0.973471	0.956706	0.992845
18590	-1574.189	-1625.347	51.15772	1	0.99663	1.00343	1.00622	1.00079	0.965343	0.976313	0.973471	0.956706	0.992845
18600	-1573.999	-1625.157	51.15772	1	0.99663	1.00343	1.00622	1.00079	0.965343	0.976313	0.973471	0.956706	0.992845
18610	-1573.992	-1625.15	51.15772	1	0.99663	1.00343	1.00622	1.00079	0.965343	0.976313	0.973471	0.956706	0.992845
18620	-1573.935	-1625.093	51.15772	1	0.99663	1.00343	1.00622	1.00079	0.965343	0.976313	0.973471	0.956706	0.992845
18630	-1574.468	-1625.626	51.15772	1	0.99663	1.00343	1.00622	1.00079	0.965343	0.976313	0.973471	0.956706	0.992845
18640	-1573.966	-1625.124	51.15772	1	0.99663	1.00343	1.00622	1.00079	0.965343	0.976313	0.973471	0.956706	0.992845
18650	-1574.154	-1625.312	51.15772	1	0.99663	1.00343	1.00622	1.00079	0.965343	0.976313	0.973471	0.956706	0.992845
18660	-1574.832	-1625.99	51.15772	1	0.99663	1.00343	1.00622	1.00079	0.965343	0.976313	0.973471	0.956706	0.992845
18670	-1574.02	-1625.178	51.15772	1	0.99663	1.00343	1.00622	1.00079	0.965343	0.976313	0.973471	0.956706	0.992845
18680	-1573.996	-1625.154	51.15772	1	0.99663	1.00343	1.00622	1.00079	0.965343	0.976313	0.973471	0.956706	0.992845
18690	-1574.632	-1625.79	51.15772	1	0.99663	1.00343	1.00622	1.00079	0.965343	0.976313	0.973471	0.956706	0.992845
18700	-1573.931	-1625.089	51.15772	1	0.99663	1.00343	1.00622	1.00079	0.965343	0.976313	0.973471	0.956706	0.992845
18710	-1574.724	-1625.882	51.15772	1	0.99663	1.00343	1.00622	1.00079	0.965343	0.976313	0.973471	0.956706	0.992845
18720	-1575.143	-1626.301	51.15772	1	0.99663	1.00343	1.00622	1.00079	0.965343	0.976313	0.973471	0.956706	0.992845
18730	-1574.03	-1625.187	51.15772	1	0.99663	1.00343	1.00622	1.00079	0.965343	0.976313	0.973471	0.956706	0.992845
18740	-1573.971	-1625.129	51.15772	1	0.99663	1.00343	1.00622	1.00079	0.965343	0.976313	0.973471	0.956706	0.992845
18750	-1573.91	-1625.067	51.15772	1	0.99663	1.00343	1.00622	1.00079	0.965343	0.976313	0.973471	0.956706	0.992845
18760	-1573.945	-1625.103	51.15772	1	0.99663	1.00343	1.00622	1.00079	0.965343	0.976313	0.973471	0.956706	0.992845
18770	-1574.139	-1625.297	51.15772	1	0.99663	1.00343	1.00622	1.00079	0.965343	0.976313	0.973471	0.956706	0.992845
18780	-1574.655	-1625.813	51.15772	1	0.99663	1.00343	1.00622	1.00079	0.965343	0.976313	0.973471	0.956706	0.992845
18790	-1573.913	-1625.07	51.15772	1	0.99663	1.00343	1.00622	1.00079	0.965343	0.976313	0.973471	0.956706	0.992845
18800	-1574.087	-1625.245	51.15772	1	0.99663	1.00343	1.00622	1.00079	0.965343	0.976313	0.973471	0.956706	0.992845
18810	-1575.181	-1626.338	51.15772	1	0.99663	1.00343	1.00622	1.00079	0.965343	0.976313	0.973471	0.956706	0.992845
18820	-1573.923	-1625.081	51.15772	1	0.99663	1.00343	1.00622	1.00079	0.965343	0.976313	0.973471	0.956706	0.992845
18830	-1573.92	-1625.077	51.15772	1	0.99663	1.00343	1.00622	1.00079	0.965343	0.976313	0.973471	0.956706	0.992845
18840	-1573.911	-1625.068	51.15772	1	0.99663	1.00343	1.00622	1.00079	0.965343	0.976313	0.973471	0.956706	0.992845
18850	-1575.137	-1626.295	51.15772	1	0.99663	1.00343	1.00622	1.00079	0.965343	0.976313	0.973471	0.956706	0.992845
18860	-1575.148	-1626.306	51.15772	1	0.99663	1.00343	1.00622	1.00079	0.965343	0.976313	0.973471	0.956706	0.992845
18870	-1573.954	-1625.111	51.15772	1	0.99663	1.00343	1.00622	1.00079	0.965343	0.976313	0.973471	0.956706	0.992845
18880	-1573.961	-1625.119	51.15772	1	0.99663	1.00343	1.00622	1.00079	0.965343	0.976313	0.973471	0.956706	0.992845
18890	-1574.291	-1625.449	51.15772	1	0.99663	1.00343	1.00622	1.00079	0.965343	0.976313	0.973471	0.956706	0.992845
18900	-1574.707	-1625.865	51.15772	1	0.99663	1.00343	1.00622	1.00079	0.965343	0.976313	0.973471	0.956706	0.992845
18910	-1574.043	-1625.201	51.15772	1	0.99663	1.00343	1.00622	1.00079	0.965343	0.976313	0.973471	0.956706	0.992845
18920	-1575.022	-1626.18	51.15772	1	0.99663	1.00343	1.00622	1.00079	0.965343	0.976313	0.973471	0.956706	0.992845
18930	-1574.025	-1625.183	51.15772	1	0.99663	1.00343	1.00622	1.00079	0.965343	0.976313	0.973471	0.956706	0.992845
18940	-1574.626	-1625.784	51.15772	1	0.99663	1.00343	1.00622	1.00079	0.965343	0.976313	0.973471	0.956706	0.992845
18950	-1573.914	-1625.072	51.15772	1	0.99663	1.00343	1.00622	1.00079	0.965343	0.976313	0.973471	0.956706	0.992845
18960	-1574.289	-1625.446	51.15772	1	0.99663	1.00343	1.00622	1.00079	0.965343	0.976313	0.973471	0.956706	0.992845
18970	-1575.396	-1626.554	51.15772	1	0.99663	1.00343	1.00622	1.00079	0.965343	0.976313	0.973471	0.956706	0.992845
18980	-1574.187	-1625.345	51.15772	1	0.99663	1.00343	1.00622	1.00079	0.965343	0.976313	0.973471	0.956706	0.992845
18990	-1574.308	-1625.465	51.15772	1	0.99663	1.00343	1.00622	1.00079	0.965343	0.976313	0.973471	0.956706	0.992845
19000	-1575.618	-1626.776	51.15772	1	0.99663	1.00343	1.00622	1.00079	0.965343	0.976313	0.973471	0.956706	0.992845
19010	-1573.994	-1625.151	51.15772	1	0.99663	1.00343	1.00622	1.00079	0.965343	0.976313	0.973471	0.956706	0.992845
19020	-1573.978	-1625.136	51.15772	1	0.99663	1.00343	1.00622	1.00079	0.965343	0.976313	0.973471	0.956706	0.992845
19030	-1573.913	-1625.071	51.15772	1	0.99663	1.00343	1.00622	1.00079	0.965343	0.976313	0.973471	0.956706	0.992845
19040	-1573.919	-1625.077	51.15772	1	0.99663	1.00343	1.00622	1.00079	0.965343	0.976313	0.973471	0.956706	0.992845
19050	-1573.928	-1625.086	51.15772	1	0.99663	1.00343	1.00622	1.00079	0.965343	0.976313	0.973471	0.956706	0.992845
19060	-1574.135	-1625.293	51.15772	1	0.99663	1.00343	1.00622	1.00079	0.965343	0.976313	0.973471	0.956706	0.992845
19070	-1573.987	-1625.145	51.15772	1	0.99663	1.00343	1.00622	1.00079	0.965343	0.976313	0.973471	0.956706	0.992845
19080	-1574.79	-1625.948	51.15772	1	0.99663	1.00343	1.00622	1.00079	0.965343	0.976313	0.973471	0.956706	0.992845
19090	-1574.135	-1625.293	51.15772	1	0.99663	1.00343	1.00622	1.00079	0.965343	0.976313	0.973471	0.956706	0.992845
19100	-1573.962	-1625.12	51.15772	1	0.99663	1.00343	1.00622	1.00079	0.965343	0.976313	0.973471	0.956706	0.992845
19110	-1575.275	-1626.433	51.15772	1	0.99663	1.00343	1.00622	1.00079	0.965343	0.976313	0.973471	0.956706	0.992845
19120	-1573.916	-1625.074	51.15772	1	0.99663	1.00343	1.00622	1.00079	0.965343	0.976313	0.973471	0.956706	0.992845
19130	-1573.917	-1625.074	51.15772	1	0.99663	1.00343	1.00622	1.00079	0.965343	0.976313	0.973471	0.956706	0.992845
19140	-1574.664	-1625.822	51.15772	1	0.99663	1.00343	1.00622	1.00079	0.965343	0.976313	0.973471	0.956706	0.992845
19150	-1574.57	-1625.728	51.15772	1	0.99663	1.00343	1.00622	1.00079	0.965343	0.976313	0.973471	0.956706	0.992845
19160	-1574.702	-1625.86	51.15772	1	0.99663	1.00343	1.00622	1.00079	0.965343	0.976313	0.973471	0.956706	0.992845
19170	-1575.027	-1626.184	51.15772	1	0.99663	1.00343	1.00622	1.00079	0.965343	0.976313	0.973471	0.956706	0.992845
19180	-1574.079	-1625.237	51.15772	1	0.99663	1.00343	1.00622	1.00079	0.965343	0.976313	0.973471	0.956706	0.992845
19190	-1573.961	-1625.119	51.15772	1	0.99663	1.00343	1.00622	1.00079	0.965343	0.976313	0.973471	0.956706	0.992845
19200	-1574.173	-1625.33	51.15772	1	0.99663	1.00343	1.00622	1.00079	0.965343	0.976313	0.973471	0.956706	0.992845
19210	-1574.495	-1625.652	51.15772	1	0.99663	1.00343	1.00622	1.00079	0.965343	0.976313	0.973471	0.956706	0.992845
19220	-1573.94	-1625.098	51.15772	1	0.99663	1.00343	1.00622	1.00079	0.965343	0.976313	0.973471	0.956706	0.992845
19230	-1575.901	-1627.059	51.15772	1	0.99663	1.00343	1.00622	1.00079	0.965343	0.976313	0.973471	0.956706	0.992845
19240	-1574.004	-1625.161	51.15772	1	0.99663	1.00343	1.00622	1.00079	0.965343	0.976313	0.973471	0.956706	0.992845
19250	-1574.003	-1625.16	51.15772	1	0.99663	1.00343	1.00622	1.00079	0.965343	0.976313	0.973471	0.956706	0.992845
19260	-1574.064	-1625.222	51.15772	1	0.99663	1.00343	1.00622	1.00079	0.965343	0.976313	0.973471	0.956706	0.992845
19270	-1574.597	-1625.755	51.15772	1	0.99663	1.00343	1.00622	1.00079	0.965343	0.976313	0.973471	0.956706	0.992845
19280	-1574.164	-1625.321	51.15772	1	0.99663	1.00343	1.00622	1.00079	0.965343	0.976313	0.973471	0.956706	0.992845
19290	-1574.049	-1625.207	51.15772	1	0.99663	1.00343	1.00622	1.00079	0.965343	0.976313	0.973471	0.956706	0.992845
19300	-1574.42	-1625.578	51.15772	1	0.99663	1.00343	1.00622	1.00079	0.965343	0.976313	0.973471	0.956706	0.992845
19310	-1573.957	-1625.114	51.15772	1	0.99663	1.00343	1.00622	1.00079	0.965343	0.976313	0.973471	0.956706	0.992845
19320	-1574.152	-1625.31	51.15772	1	0.99663	1.00343	1.00622	1.00079	0.965343	0.976313	0.973471	0.956706	0.992845
19330	-1573.965	-1625.123	51.15772	1	0.99663	1.00343	1.00622	1.00079	0.965343	0.976313	0.973471	0.956706	0.992845
19340	-1574.395	-1625.552	51.15772	1	0.99663	1.00343	1.00622	1.00079	0.965343	0.976313	0.973471	0.956706	0.992845
19350	-1575.011	-1626.169	51.15772	1	0.99663	1.00343	1.00622	1.00079	0.965343	0.976313	0.973471	0.956706	0.992845
19360	-1573.967	-1625.124	51.15772	1	0.99663	1.00343	1.00622	1.00079	0.965343	0.976313	0.973471	0.956706	0.992845
19370	-1575.333	-1626.491	51.15772	1	0.99663	1.00343	1.00622	1.00079	0.965343	0.976313	0.973471	0.956706	0.992845
19380	-1573.919	-1625.077	51.15772	1	0.99663	1.00343	1.00622	1.00079	0.965343	0.976313	0.973471	0.956706	0.992845
19390	-1574.108	-1625.265	51.15772	1	0.99663	1.00343	1.00622	1.00079	0.965343	0.976313	0.973471	0.956706	0.992845
19400	-1573.926	-1625.084	51.15772	1	0.99663	1.00343	1.00622	1.00079	0.965343	0.976313	0.973471	0.956706	0.992845
19410	-1574.064	-1625.222	51.15772	1	0.99663	1.00343	1.00622	1.00079	0.965343	0.976313	0.973471	0.956706	0.992845
19420	-1574.126	-1625.284	51.15772	1	0.99663	1.00343	1.00622	1.00079	0.965343	0.976313	0.973471	0.956706	0.992845
19430	-1573.974	-1625.132	51.15772	1	0.99663	1.00343	1.00622	1.00079	0.965343	0.976313	0.973471	0.956706	0.992845
19440	-1574.35	-1625.508	51.15772	1	0.99663	1.00343	1.00622	1.00079	0.965343	0.976313	0.973471	0.956706	0.992845
19450	-1575.739	-1626.896	51.15772	1	0.99663	1.00343	1.00622	1.00079	0.965343	0.976313	0.973471	0.956706	0.992845
19460	-1575.426	-1626.584	51.15772	1	0.99663	1.00343	1.00622	1.00079	0.965343	0.976313	0.973471	0.956706	0.992845
19470	-1574.644	-1625.801	51.15772	1	0.99663	1.00343	1.00622	1.00079	0.965343	0.976313	0.973471	0.956706	0.992845
19480	-1575.111	-1626.268	51.15772	1	0.99663	1.00343	1.00622	1.00079	0.965343	0.976313	0.973471	0.956706	0.992845
19490	-1574.324	-1625.481	51.15772	1	0.99663	1.00343	1.00622	1.00079	0.965343	0.976313	0.973471	0.956706	0.992845
19500	-1574.163	-1625.32	51.15772	1	0.99663	1.00343	1.00622	1.00079	0.965343	0.976313	0.973471	0.956706	0.992845
19510	-1574.216	-1625.373	51.15772	1	0.99663	1.00343	1.00622	1.00079	0.965343	0.976313	0.973471	0.956706	0.992845
19520	-1575.174	-1626.332	51.15772	1	0.99663	1.00343	1.00622	1.00079	0.965343	0.976313	0.973471	0.956706	0.992845
19530	-1573.944	-1625.102	51.15772	1	0.99663	1.00343	1.00622	1.00079	0.965343	0.976313	0.973471	0.956706	0.992845
19540	-1574.12	-1625.278	51.15772	1	0.99663	1.00343	1.00622	1.00079	0.965343	0.976313	0.973471	0.956706	0.992845
19550	-1574.363	-1625.52	51.15772	1	0.99663	1.00343	1.00622	1.00079	0.965343	0.976313	0.973471	0.956706	0.992845
19560	-1574.982	-1626.14	51.15772	1	0.99663	1.00343	1.00622	1.00079	0.965343	0.976313	0.973471	0.956706	0.992845
19570	-1573.97	-1625.128	51.15772	1	0.99663	1.00343	1.00622	1.00079	0.965343	0.976313	0.973471	0.956706	0.992845
19580	-1574.249	-1625.407	51.15772	1	0.99663	1.00343	1.00622	1.00079	0.965343	0.976313	0.973471	0.956706	0.992845
19590	-1575.947	-1627.104	51.15772	1	0.99663	1.00343	1.00622	1.00079	0.965343	0.976313	0.973471	0.956706	0.992845
19600	-1574.017	-1625.174	51.15772	1	0.99663	1.00343	1.00622	1.00079	0.965343	0.976313	0.973471	0.956706	0.992845
19610	-1574.344	-1625.502	51.15772	1	0.99663	1.00343	1.00622	1.00079	0.965343	0.976313	0.973471	0.956706	0.992845
19620	-1573.925	-1625.083	51.15772	1	0.99663	1.00343	1.00622	1.00079	0.965343	0.976313	0.973471	0.956706	0.992845
19630	-1574.078	-1625.236	51.15772	1	0.99663	1.00343	1.00622	1.00079	0.965343	0.976313	0.973471	0.956706	0.992845
19640	-1575.01	-1626.168	51.15772	1	0.99663	1.00343	1.00622	1.00079	0.965343	0.976313	0.973471	0.956706	0.992845
19650	-1574.432	-1625.59	51.15772	1	0.99663	1.00343	1.00622	1.00079	0.965343	0.976313	0.973471	0.956706	0.992845
19660	-1574.086	-1625.244	51.15772	1	0.99663	1.00343	1.00622	1.00079	0.965343	0.976313	0.973471	0.956706	0.992845
19670	-1573.921	-1625.079	51.15772	1	0.99663	1.00343	1.00622	1.00079	0.965343	0.976313	0.973471	0.956706	0.992845
19680	-1573.932	-1625.089	51.15772	1	0.99663	1.00343	1.00622	1.00079	0.965343	0.976313	0.973471	0.956706	0.992845
19690	-1574.405	-1625.563	51.15772	1	0.99663	1.00343	1.00622	1.00079	0.965343	0.976313	0.973471	0.956706	0.992845
19700	-1573.928	-1625.086	51.15772	1	0.99663	1.00343	1.00622	1.00079	0.965343	0.976313	0.973471	0.956706	0.992845
19710	-1574.063	-1625.221	51.15772	1	0.99663	1.00343	1.00622	1.00079	0.965343	0.976313	0.973471	0.956706	0.992845
19720	-1573.96	-1625.118	51.15772	1	0.99663	1.00343	1.00622	1.00079	0.965343	0.976313	0.973471	0.956706	0.992845
19730	-1574.009	-1625.167	51.15772	1	0.99663	1.00343	1.00622	1.00079	0.965343	0.976313	0.973471	0.956706	0.992845
19740	-1574.542	-1625.7	51.15772	1	0.99663	1.00343	1.00622	1.00079	0.965343	0.976313	0.973471	0.956706	0.992845
19750	-1574.323	-1625.481	51.15772	1	0.99663	1.00343	1.00622	1.00079	0.965343	0.976313	0.973471	0.956706	0.992845
19760	-1575.233	-1626.39	51.15772	1	0.99663	1.00343	1.00622	1.00079	0.965343	0.976313	0.973471	0.956706	0.992845
19770	-1574.497	-1625.655	51.15772	1	0.99663	1.00343	1.00622	1.00079	0.965343	0.976313	0.973471	0.956706	0.992845
19780	-1573.912	-1625.069	51.15772	1	0.99663	1.00343	1.00622	1.00079	0.965343	0.976313	0.973471	0.956706	0.992845
19790	-1573.912	-1625.07	51.15772	1	0.99663	1.00343	1.00622	1.00079	0.965343	0.976313	0.973471	0.956706	0.992845
19800	-1574.17	-1625.328	51.15772	1	0.99663	1.00343	1.00622	1.00079	0.965343	0.976313	0.973471	0.956706	0.992845
19810	-1573.925	-1625.083	51.15772	1	0.99663	1.00343	1.00622	1.00079	0.965343	0.976313	0.973471	0.956706	0.992845
19820	-1573.91	-1625.067	51.15772	1	0.99663	1.00343	1.00622	1.00079	0.965343	0.976313	0.973471	0.956706	0.992845
19830	-1574.417	-1625.575	51.15772	1	0.99663	1.00343	1.00622	1.00079	0.965343	0.976313	0.973471	0.956706	0.992845
19840	-1574.595	-1625.752	51.15772	1	0.99663	1.00343	1.00622	1.00079	0.965343	0.976313	0.973471	0.956706	0.992845
19850	-1575.442	-1626.6	51.15772	1	0.99663	1.00343	1.00622	1.00079	0.965343	0.976313	0.973471	0.956706	0.992845
19860	-1573.914	-1625.072	51.15772	1	0.99663	1.00343	1.00622	1.00079	0.965343	0.976313	0.973471	0.956706	0.992845
19870	-1573.916	-1625.074	51.15772	1	0.99663	1.00343	1.00622	1.00079	0.965343	0.976313	0.973471	0.956706	0.992845
19880	-1574.376	-1625.533	51.15772	1	0.99663	1.00343	1.00622	1.00079	0.965343	0.976313	0.973471	0.956706	0.992845
19890	-1576.295	-1627.453	51.15772	1	0.99663	1.00343	1.00622	1.00079	0.965343	0.976313	0.973471	0.956706	0.992845
19900	-1573.942	-1625.1	51.15772	1	0.99663	1.00343	1.00622	1.00079	0.965343	0.976313	0.973471	0.956706	0.992845
19910	-1573.999	-1625.156	51.15772	1	0.99663	1.00343	1.00622	1.00079	0.965343	0.976313	0.973471	0.956706	0.992845
19920	-1577.63	-1628.788	51.15772	1	0.99663	1.00343	1.00622	1.00079	0.965343	0.976313	0.973471	0.956706	0.992845
19930	-1573.971	-1625.128	51.15772	1	0.99663	1.00343	1.00622	1.00079	0.965343	0.976313	0.973471	0.956706	0.992845
19940	-1573.98	-1625.137	51.15772	1	0.99663	1.00343	1.00622	1.00079	0.965343	0.976313	0.973471	0.956706	0.992845
19950	-1573.975	-1625.132	51.15772	1	0.99663	1.00343	1.00622	1.00079	0.965343	0.976313	0.973471	0.956706	0.992845
19960	-1574.131	-1625.289	51.15772	1	0.99663	1.00343	1.00622	1.00079	0.965343	0.976313	0.973471	0.956706	0.992845
19970	-1576.659	-1627.817	51.15772	1	0.99663	1.00343	1.00622	1.00079	0.965343	0.976313	0.973471	0.956706	0.992845
19980	-1574.02	-1625.177	51.15772	1	0.99663	1.00343	1.00622	1.00079	0.965343	0.976313	0.973471	0.956706	0.992845
19990	-1573.954	-1625.112	51.15772	1	0.99663	1.00343	1.00622	1.00079	0.965343	0.976313	0.973471	0.956706	0.992845
20000	-1573.94	-1625.098	51.15772	1	0.99663	1.00343	1.00622	1.00079	0.965343	0.976313	0.973471	0.956706	0.992845
20010	-1573.922	-1625.08	51.15772	1	0.99663	1.00343	1.00622	1.00079	0.965343	0.976313	0.973471	0.956706	0.992845
20020	-1573.935	-1625.093	51.15772	1	0.99663	1.00343	1.00622	1.00079	0.965343	0.976313	0.973471	0.956706	0.992845
20030	-1574.754	-1625.912	51.15772	1	0.99663	1.00343	1.00622	1.00079	0.965343	0.976313	0.973471	0.956706	0.992845
20040	-1573.909	-1625.067	51.15772	1	0.99663	1.00343	1.00622	1.00079	0.965343	0.976313	0.973471	0.956706	0.992845
20050	-1573.913	-1625.07	51.15772	1	0.99663	1.00343	1.00622	1.00079	0.965343	0.976313	0.973471	0.956706	0.992845
20060	-1574.729	-1625.887	51.15772	1	0.99663	1.00343	1.00622	1.00079	0.965343	0.976313	0.973471	0.956706	0.992845
20070	-1574.315	-1625.473	51.15772	1	0.99663	1.00343	1.00622	1.00079	0.965343	0.976313	0.973471	0.956706	0.992845
20080	-1573.926	-1625.084	51.15772	1	0.99663	1.00343	1.00622	1.00079	0.965343	0.976313	0.973471	0.956706	0.992845
20090	-1574.093	-1625.251	51.15772	1	0.99663	1.00343	1.00622	1.00079	0.965343	0.976313	0.973471	0.956706	0.992845
20100	-1574.028	-1625.186	51.15772	1	0.99663	1.00343	1.00622	1.00079	0.965343	0.976313	0.973471	0.956706	0.992845
20110	-1574.509	-1625.667	51.15772	1	0.99663	1.00343	1.00622	1.00079	0.965343	0.976313	0.973471	0.956706	0.992845
20120	-1573.91	-1625.068	51.15772	1	0.99663	1.00343	1.00622	1.00079	0.965343	0.976313	0.973471	0.956706	0.992845
20130	-1574.777	-1625.935	51.15772	1	0.99663	1.00343	1.00622	1.00079	0.965343	0.976313	0.973471	0.956706	0.992845
20140	-1575.805	-1626.963	51.15772	1	0.99663	1.00343	1.00622	1.00079	0.965343	0.976313	0.973471	0.956706	0.992845
20150	-1574.341	-1625.498	51.15772	1	0.99663	1.00343	1.00622	1.00079	0.965343	0.976313	0.973471	0.956706	0.992845
20160	-1573.977	-1625.135	51.15772	1	0.99663	1.00343	1.00622	1.00079	0.965343	0.976313	0.973471	0.956706	0.992845
20170	-1575.758	-1626.916	51.15772	1	0.99663	1.00343	1.00622	1.00079	0.965343	0.976313	0.973471	0.956706	0.992845
20180	-1574.133	-1625.291	51.15772	1	0.99663	1.00343	1.00622	1.00079	0.965343	0.976313	0.973471	0.956706	0.992845
20190	-1576.192	-1627.35	51.15772	1	0.99663	1.00343	1.00622	1.00079	0.965343	0.976313	0.973471	0.956706	0.992845
20200	-1573.965	-1625.123	51.15772	1	0.99663	1.00343	1.00622	1.00079	0.965343	0.976313	0.973471	0.956706	0.992845
20210	-1576.511	-1627.669	51.15772	1	0.99663	1.00343	1.00622	1.00079	0.965343	0.976313	0.973471	0.956706	0.992845
20220	-1573.935	-1625.093	51.15772	1	0.99663	1.00343	1.00622	1.00079	0.965343	0.976313	0.973471	0.956706	0.992845
20230	-1573.91	-1625.068	51.15772	1	0.99663	1.00343	1.00622	1.00079	0.965343	0.976313	0.973471	0.956706	0.992845
20240	-1573.968	-1625.126	51.15772	1	0.99663	1.00343	1.00622	1.00079	0.965343	0.976313	0.973471	0.956706	0.992845
20250	-1573.91	-1625.068	51.15772	1	0.99663	1.00343	1.00622	1.00079	0.965343	0.976313	0.973471	0.956706	0.992845
20260	-1574.516	-1625.674	51.15772	1	0.99663	1.00343	1.00622	1.00079	0.965343	0.976313	0.973471	0.956706	0.992845
20270	-1574.289	-1625.447	51.15772	1	0.99663	1.00343	1.00622	1.00079	0.965343	0.976313	0.973471	0.956706	0.992845
20280	-1573.937	-1625.094	51.15772	1	0.99663	1.00343	1.00622	1.00079	0.965343	0.976313	0.973471	0.956706	0.992845
20290	-1574.022	-1625.179	51.15772	1	0.99663	1.00343	1.00622	1.00079	0.965343	0.976313	0.973471	0.956706	0.992845
20300	-1574.313	-1625.471	51.15772	1	0.99663	1.00343	1.00622	1.00079	0.965343	0.976313	0.973471	0.956706	0.992845
20310	-1574.492	-1625.65	51.15772	1	0.99663	1.00343	1.00622	1.00079	0.965343	0.976313	0.973471	0.956706	0.992845
20320	-1573.915	-1625.073	51.15772	1	0.99663	1.00343	1.00622	1.00079	0.965343	0.976313	0.973471	0.956706	0.992845
20330	-1573.954	-1625.112	51.15772	1	0.99663	1.00343	1.00622	1.00079	0.965343	0.976313	0.973471	0.956706	0.992845
20340	-1573.941	-1625.098	51.15772	1	0.99663	1.00343	1.00622	1.00079	0.965343	0.976313	0.973471	0.956706	0.992845
20350	-1575.1	-1626.258	51.15772	1	0.99663	1.00343	1.00622	1.00079	0.965343	0.976313	0.973471	0.956706	0.992845
20360	-1574.336	-1625.494	51.15772	1	0.99663	1.00343	1.00622	1.00079	0.965343	0.976313	0.973471	0.956706	0.992845
20370	-1574.307	-1625.465	51.15772	1	0.99663	1.00343	1.00622	1.00079	0.965343	0.976313	0.973471	0.956706	0.992845
20380	-1573.922	-1625.08	51.15772	1	0.99663	1.00343	1.00622	1.00079	0.965343	0.976313	0.973471	0.956706	0.992845
20390	-1573.92	-1625.078	51.15772	1	0.99663	1.00343	1.00622	1.00079	0.965343	0.976313	0.973471	0.956706	0.992845
20400	-1574	-1625.157	51.15772	1	0.99663	1.00343	1.00622	1.00079	0.965343	0.976313	0.973471	0.956706	0.992845
20410	-1573.959	-1625.117	51.15772	1	0.99663	1.00343	1.00622	1.00079	0.965343	0.976313	0.973471	0.956706	0.992845
20420	-1573.929	-1625.087	51.15772	1	0.99663	1.00343	1.00622	1.00079	0.965343	0.976313	0.973471	0.956706	0.992845
20430	-1574.218	-1625.375	51.15772	1	0.99663	1.00343	1.00622	1.00079	0.965343	0.976313	0.973471	0.956706	0.992845
20440	-1574.39	-1625.548	51.15772	1	0.99663	1.00343	1.00622	1.00079	0.965343	0.976313	0.973471	0.956706	0.992845
20450	-1574.031	-1625.189	51.15772	1	0.99663	1.00343	1.00622	1.00079	0.965343	0.976313	0.973471	0.956706	0.992845
20460	-1574.133	-1625.291	51.15772	1	0.99663	1.00343	1.00622	1.00079	0.965343	0.976313	0.973471	0.956706	0.992845
20470	-1575.087	-1626.245	51.15772	1	0.99663	1.00343	1.00622	1.00079	0.965343	0.976313	0.973471	0.956706	0.992845
20480	-1573.909	-1625.067	51.15772	1	0.99663	1.00343	1.00622	1.00079	0.965343	0.976313	0.973471	0.956706	0.992845
20490	-1574.106	-1625.264	51.15772	1	0.99663	1.00343	1.00622	1.00079	0.965343	0.976313	0.973471	0.956706	0.992845
20500	-1574.06	-1625.217	51.15772	1	0.99663	1.00343	1.00622	1.00079	0.965343	0.976313	0.973471	0.956706	0.992845
20510	-1574.733	-1625.891	51.15772	1	0.99663	1.00343	1.00622	1.00079	0.965343	0.976313	0.973471	0.956706	0.992845
20520	-1574.759	-1625.917	51.15772	1	0.99663	1.00343	1.00622	1.00079	0.965343	0.976313	0.973471	0.956706	0.992845
20530	-1573.91	-1625.068	51.15772	1	0.99663	1.00343	1.00622	1.00079	0.965343	0.976313	0.973471	0.956706	0.992845
20540	-1575.065	-1626.222	51.15772	1	0.99663	1.00343	1.00622	1.00079	0.965343	0.976313	0.973471	0.956706	0.992845
20550	-1573.961	-1625.119	51.15772	1	0.99663	1.00343	1.00622	1.00079	0.965343	0.976313	0.973471	0.956706	0.992845
20560	-1573.919	-1625.077	51.15772	1	0.99663	1.00343	1.00622	1.00079	0.965343	0.976313	0.973471	0.956706	0.992845
20570	-1573.963	-1625.121	51.15772	1	0.99663	1.00343	1.00622	1.00079	0.965343	0.976313	0.973471	0.956706	0.992845
20580	-1574.103	-1625.261	51.15772	1	0.99663	1.00343	1.00622	1.00079	0.965343	0.976313	0.973471	0.956706	0.992845
20590	-1574.595	-1625.753	51.15772	1	0.99663	1.00343	1.00622	1.00079	0.965343	0.976313	0.973471	0.956706	0.992845
20600	-1577.861	-1629.018	51.15772	1	0.99663	1.00343	1.00622	1.00079	0.965343	0.976313	0.973471	0.956706	0.992845
20610	-1574.436	-1625.594	51.15772	1	0.99663	1.00343	1.00622	1.00079	0.965343	0.976313	0.973471	0.956706	0.992845
20620	-1574.623	-1625.781	51.15772	1	0.99663	1.00343	1.00622	1.00079	0.965343	0.976313	0.973471	0.956706	0.992845
20630	-1574.213	-1625.37	51.15772	1	0.99663	1.00343	1.00622	1.00079	0.965343	0.976313	0.973471	0.956706	0.992845
20640	-1573.983	-1625.14	51.15772	1	0.99663	1.00343	1.00622	1.00079	0.965343	0.976313	0.973471	0.956706	0.992845
20650	-1573.939	-1625.096	51.15772	1	0.99663	1.00343	1.00622	1.00079	0.965343	0.976313	0.973471	0.956706	0.992845
20660	-1575.019	-1626.177	51.15772	1	0.99663	1.00343	1.00622	1.00079	0.965343	0.976313	0.973471	0.956706	0.992845
20670	-1574.15	-1625.307	51.15772	1	0.99663	1.00343	1.00622	1.00079	0.965343	0.976313	0.973471	0.956706	0.992845
20680	-1573.929	-1625.086	51.15772	1	0.99663	1.00343	1.00622	1.00079	0.965343	0.976313	0.973471	0.956706	0.992845
20690	-1574.175	-1625.333	51.15772	1	0.99663	1.00343	1.00622	1.00079	0.965343	0.976313	0.973471	0.956706	0.992845
20700	-1574.019	-1625.177	51.15772	1	0.99663	1.00343	1.00622	1.00079	0.965343	0.976313	0.973471	0.956706	0.992845
20710	-1574.332	-1625.489	51.15772	1	0.99663	1.00343	1.00622	1.00079	0.965343	0.976313	0.973471	0.956706	0.992845
20720	-1573.911	-1625.069	51.15772	1	0.99663	1.00343	1.00622	1.00079	0.965343	0.976313	0.973471	0.956706	0.992845
20730	-1573.911	-1625.069	51.15772	1	0.99663	1.00343	1.00622	1.00079	0.965343	0.976313	0.973471	0.956706	0.992845
20740	-1574.158	-1625.315	51.15772	1	0.99663	1.00343	1.00622	1.00079	0.965343	0.976313	0.973471	0.956706	0.992845
20750	-1573.968	-1625.126	51.15772	1	0.99663	1.00343	1.00622	1.00079	0.965343	0.976313	0.973471	0.956706	0.992845
20760	-1573.917	-1625.074	51.15772	1	0.99663	1.00343	1.00622	1.00079	0.965343	0.976313	0.973471	0.956706	0.992845
20770	-1574	-1625.158	51.15772	1	0.99663	1.00343	1.00622	1.00079	0.965343	0.976313	0.973471	0.956706	0.992845
20780	-1574.152	-1625.31	51.15772	1	0.99663	1.00343	1.00622	1.00079	0.965343	0.976313	0.973471	0.956706	0.992845
20790	-1574.938	-1626.096	51.15772	1	0.99663	1.00343	1.00622	1.00079	0.965343	0.976313	0.973471	0.956706	0.992845
20800	-1574.109	-1625.266	51.15772	1	0.99663	1.00343	1.00622	1.00079	0.965343	0.976313	0.973471	0.956706	0.992845
20810	-1575	-1626.158	51.15772	1	0.99663	1.00343	1.00622	1.00079	0.965343	0.976313	0.973471	0.956706	0.992845
20820	-1574.297	-1625.454	51.15772	1	0.99663	1.00343	1.00622	1.00079	0.965343	0.976313	0.973471	0.956706	0.992845
20830	-1573.962	-1625.12	51.15772	1	0.99663	1.00343	1.00622	1.00079	0.965343	0.976313	0.973471	0.956706	0.992845
20840	-1573.949	-1625.107	51.15772	1	0.99663	1.00343	1.00622	1.00079	0.965343	0.976313	0.973471	0.956706	0.992845
20850	-1574.14	-1625.297	51.15772	1	0.99663	1.00343	1.00622	1.00079	0.965343	0.976313	0.973471	0.956706	0.992845
20860	-1574.61	-1625.768	51.15772	1	0.99663	1.00343	1.00622	1.00079	0.965343	0.976313	0.973471	0.956706	0.992845
20870	-1573.943	-1625.1	51.15772	1	0.99663	1.00343	1.00622	1.00079	0.965343	0.976313	0.973471	0.956706	0.992845
20880	-1575.42	-1626.578	51.15772	1	0.99663	1.00343	1.00622	1.00079	0.965343	0.976313	0.973471	0.956706	0.992845
20890	-1574.676	-1625.834	51.15772	1	0.99663	1.00343	1.00622	1.00079	0.965343	0.976313	0.973471	0.956706	0.992845
20900	-1573.912	-1625.07	51.15772	1	0.99663	1.00343	1.00622	1.00079	0.965343	0.976313	0.973471	0.956706	0.992845
20910	-1573.911	-1625.069	51.15772	1	0.99663	1.00343	1.00622	1.00079	0.965343	0.976313	0.973471	0.956706	0.992845
20920	-1574.57	-1625.728	51.15772	1	0.99663	1.00343	1.00622	1.00079	0.965343	0.976313	0.973471	0.956706	0.992845
20930	-1574.288	-1625.446	51.15772	1	0.99663	1.00343	1.00622	1.00079	0.965343	0.976313	0.973471	0.956706	0.992845
20940	-1574.19	-1625.348	51.15772	1	0.99663	1.00343	1.00622	1.00079	0.965343	0.976313	0.973471	0.956706	0.992845
20950	-1574.363	-1625.521	51.15772	1	0.99663	1.00343	1.00622	1.00079	0.965343	0.976313	0.973471	0.956706	0.992845
20960	-1574.394	-1625.552	51.15772	1	0.99663	1.00343	1.00622	1.00079	0.965343	0.976313	0.973471	0.956706	0.992845
20970	-1574.488	-1625.646	51.15772	1	0.99663	1.00343	1.00622	1.00079	0.965343	0.976313	0.973471	0.956706	0.992845
20980	-1573.923	-1625.081	51.15772	1	0.99663	1.00343	1.00622	1.00079	0.965343	0.976313	0.973471	0.956706	0.992845
20990	-1573.911	-1625.068	51.15772	1	0.99663	1.00343	1.00622	1.00079	0.965343	0.976313	0.973471	0.956706	0.992845
21000	-1573.931	-1625.089	51.15772	1	0.99663	1.00343	1.00622	1.00079	0.965343	0.976313	0.973471	0.956706	0.992845
21010	-1574.971	-1626.129	51.15772	1	0.99663	1.00343	1.00622	1.00079	0.965343	0.976313	0.973471	0.956706	0.992845
21020	-1573.921	-1625.078	51.15772	1	0.99663	1.00343	1.00622	1.00079	0.965343	0.976313	0.973471	0.956706	0.992845
21030	-1574.529	-1625.686	51.15772	1	0.99663	1.00343	1.00622	1.00079	0.965343	0.976313	0.973471	0.956706	0.992845
21040	-1574.69	-1625.848	51.15772	1	0.99663	1.00343	1.00622	1.00079	0.965343	0.976313	0.973471	0.956706	0.992845
21050	-1574.362	-1625.52	51.15772	1	0.99663	1.00343	1.00622	1.00079	0.965343	0.976313	0.973471	0.956706	0.992845
21060	-1574.167	-1625.324	51.15772	1	0.99663	1.00343	1.00622	1.00079	0.965343	0.976313	0.973471	0.956706	0.992845
21070	-1574.475	-1625.633	51.15772	1	0.99663	1.00343	1.00622	1.00079	0.965343	0.976313	0.973471	0.956706	0.992845
21080	-1574.049	-1625.206	51.15772	1	0.99663	1.00343	1.00622	1.00079	0.965343	0.976313	0.973471	0.956706	0.992845
21090	-1574.359	-1625.517	51.15772	1	0.99663	1.00343	1.00622	1.00079	0.965343	0.976313	0.973471	0.956706	0.992845
21100	-1574.775	-1625.933	51.15772	1	0.99663	1.00343	1.00622	1.00079	0.965343	0.976313	0.973471	0.956706	0.992845
21110	-1575.85	-1627.008	51.15772	1	0.99663	1.00343	1.00622	1.00079	0.965343	0.976313	0.973471	0.956706	0.992845
21120	-1574.331	-1625.488	51.15772	1	0.99663	1.00343	1.00622	1.00079	0.965343	0.976313	0.973471	0.956706	0.992845
21130	-1574.053	-1625.211	51.15772	1	0.99663	1.00343	1.00622	1.00079	0.965343	0.976313	0.973471	0.956706	0.992845
21140	-1573.914	-1625.072	51.15772	1	0.99663	1.00343	1.00622	1.00079	0.965343	0.976313	0.973471	0.956706	0.992845
21150	-1573.936	-1625.094	51.15772	1	0.99663	1.00343	1.00622	1.00079	0.965343	0.976313	0.973471	0.956706	0.992845
21160	-1573.946	-1625.103	51.15772	1	0.99663	1.00343	1.00622	1.00079	0.965343	0.976313	0.973471	0.956706	0.992845
21170	-1575.922	-1627.079	51.15772	1	0.99663	1.00343	1.00622	1.00079	0.965343	0.976313	0.973471	0.956706	0.992845
21180	-1573.94	-1625.098	51.15772	1	0.99663	1.00343	1.00622	1.00079	0.965343	0.976313	0.973471	0.956706	0.992845
21190	-1573.921	-1625.078	51.15772	1	0.99663	1.00343	1.00622	1.00079	0.965343	0.976313	0.973471	0.956706	0.992845
21200	-1573.957	-1625.115	51.15772	1	0.99663	1.00343	1.00622	1.00079	0.965343	0.976313	0.973471	0.956706	0.992845
21210	-1574.33	-1625.488	51.15772	1	0.99663	1.00343	1.00622	1.00079	0.965343	0.976313	0.973471	0.956706	0.992845
21220	-1574.563	-1625.721	51.15772	1	0.99663	1.00343	1.00622	1.00079	0.965343	0.976313	0.973471	0.956706	0.992845
21230	-1574.687	-1625.845	51.15772	1	0.99663	1.00343	1.00622	1.00079	0.965343	0.976313	0.973471	0.956706	0.992845
21240	-1573.933	-1625.09	51.15772	1	0.99663	1.00343	1.00622	1.00079	0.965343	0.976313	0.973471	0.956706	0.992845
21250	-1574.021	-1625.179	51.15772	1	0.99663	1.00343	1.00622	1.00079	0.965343	0.976313	0.973471	0.956706	0.992845
21260	-1574.452	-1625.61	51.15772	1	0.99663	1.00343	1.00622	1.00079	0.965343	0.976313	0.973471	0.956706	0.992845
21270	-1574.004	-1625.162	51.15772	1	0.99663	1.00343	1.00622	1.00079	0.965343	0.976313	0.973471	0.956706	0.992845
21280	-1573.927	-1625.085	51.15772	1	0.99663	1.00343	1.00622	1.00079	0.965343	0.976313	0.973471	0.956706	0.992845
21290	-1573.981	-1625.139	51.15772	1	0.99663	1.00343	1.00622	1.00079	0.965343	0.976313	0.973471	0.956706	0.992845
21300	-1573.91	-1625.068	51.15772	1	0.99663	1.00343	1.00622	1.00079	0.965343	0.976313	0.973471	0.956706	0.992845
21310	-1574.621	-1625.779	51.15772	1	0.99663	1.00343	1.00622	1.00079	0.965343	0.976313	0.973471	0.956706	0.992845
21320	-1573.919	-1625.076	51.15772	1	0.99663	1.00343	1.00622	1.00079	0.965343	0.976313	0.973471	0.956706	0.992845
21330	-1573.935	-1625.093	51.15772	1	0.99663	1.00343	1.00622	1.00079	0.965343	0.976313	0.973471	0.956706	0.992845
21340	-1574.239	-1625.396	51.15772	1	0.99663	1.00343	1.00622	1.00079	0.965343	0.976313	0.973471	0.956706	0.992845
21350	-1573.968	-1625.126	51.15772	1	0.99663	1.00343	1.00622	1.00079	0.965343	0.976313	0.973471	0.956706	0.992845
21360	-1574.218	-1625.376	51.15772	1	0.99663	1.00343	1.00622	1.00079	0.965343	0.976313	0.973471	0.956706	0.992845
21370	-1573.947	-1625.105	51.15772	1	0.99663	1.00343	1.00622	1.00079	0.965343	0.976313	0.973471	0.956706	0.992845
21380	-1574.147	-1625.305	51.15772	1	0.99663	1.00343	1.00622	1.00079	0.965343	0.976313	0.973471	0.956706	0.992845
21390	-1574.631	-1625.789	51.15772	1	0.99663	1.00343	1.00622	1.00079	0.965343	0.976313	0.973471	0.956706	0.992845
21400	-1575.877	-1627.035	51.15772	1	0.99663	1.00343	1.00622	1.00079	0.965343	0.976313	0.973471	0.956706	0.992845
21410	-1575.11	-1626.268	51.15772	1	0.99663	1.00343	1.00622	1.00079	0.965343	0.976313	0.973471	0.956706	0.992845
21420	-1574.286	-1625.443	51.15772	1	0.99663	1.00343	1.00622	1.00079	0.965343	0.976313	0.973471	0.956706	0.992845
21430	-1574.319	-1625.476	51.15772	1	0.99663	1.00343	1.00622	1.00079	0.965343	0.976313	0.973471	0.956706	0.992845
21440	-1573.979	-1625.136	51.15772	1	0.99663	1.00343	1.00622	1.00079	0.965343	0.976313	0.973471	0.956706	0.992845
21450	-1575.43	-1626.587	51.15772	1	0.99663	1.00343	1.00622	1.00079	0.965343	0.976313	0.973471	0.956706	0.992845
21460	-1573.97	-1625.128	51.15772	1	0.99663	1.00343	1.00622	1.00079	0.965343	0.976313	0.973471	0.956706	0.992845
21470	-1573.956	-1625.113	51.15772	1	0.99663	1.00343	1.00622	1.00079	0.965343	0.976313	0.973471	0.956706	0.992845
21480	-1573.998	-1625.155	51.15772	1	0.99663	1.00343	1.00622	1.00079	0.965343	0.976313	0.973471	0.956706	0.992845
21490	-1574.063	-1625.22	51.15772	1	0.99663	1.00343	1.00622	1.00079	0.965343	0.976313	0.973471	0.956706	0.992845
21500	-1574.542	-1625.699	51.15772	1	0.99663	1.00343	1.00622	1.00079	0.965343	0.976313	0.973471	0.956706	0.992845
21510	-1573.966	-1625.123	51.15772	1	0.99663	1.00343	1.00622	1.00079	0.965343	0.976313	0.973471	0.956706	0.992845
21520	-1574.248	-1625.406	51.15772	1	0.99663	1.00343	1.00622	1.00079	0.965343	0.976313	0.973471	0.956706	0.992845
21530	-1573.913	-1625.071	51.15772	1	0.99663	1.00343	1.00622	1.00079	0.965343	0.976313	0.973471	0.956706	0.992845
21540	-1573.912	-1625.069	51.15772	1	0.99663	1.00343	1.00622	1.00079	0.965343	0.976313	0.973471	0.956706	0.992845
21550	-1573.958	-1625.116	51.15772	1	0.99663	1.00343	1.00622	1.00079	0.965343	0.976313	0.973471	0.956706	0.992845
21560	-1574.339	-1625.496	51.15772	1	0.99663	1.00343	1.00622	1.00079	0.965343	0.976313	0.973471	0.956706	0.992845
21570	-1575.904	-1627.062	51.15772	1	0.99663	1.00343	1.00622	1.00079	0.965343	0.976313	0.973471	0.956706	0.992845
21580	-1573.918	-1625.076	51.15772	1	0.99663	1.00343	1.00622	1.00079	0.965343	0.976313	0.973471	0.956706	0.992845
21590	-1575.447	-1626.605	51.15772	1	0.99663	1.00343	1.00622	1.00079	0.965343	0.976313	0.973471	0.956706	0.992845
21600	-1574.159	-1625.317	51.15772	1	0.99663	1.00343	1.00622	1.00079	0.965343	0.976313	0.973471	0.956706	0.992845
21610	-1574.051	-1625.209	51.15772	1	0.99663	1.00343	1.00622	1.00079	0.965343	0.976313	0.973471	0.956706	0.992845
21620	-1573.925	-1625.082	51.15772	1	0.99663	1.00343	1.00622	1.00079	0.965343	0.976313	0.973471	0.956706	0.992845
21630	-1573.909	-1625.067	51.15772	1	0.99663	1.00343	1.00622	1.00079	0.965343	0.976313	0.973471	0.956706	0.992845
21640	-1573.921	-1625.078	51.15772	1	0.99663	1.00343	1.00622	1.00079	0.965343	0.976313	0.973471	0.956706	0.992845
21650	-1575.289	-1626.446	51.15772	1	0.99663	1.00343	1.00622	1.00079	0.965343	0.976313	0.973471	0.956706	0.992845
21660	-1574.222	-1625.379	51.15772	1	0.99663	1.00343	1.00622	1.00079	0.965343	0.976313	0.973471	0.956706	0.992845
21670	-1574.02	-1625.177	51.15772	1	0.99663	1.00343	1.00622	1.00079	0.965343	0.976313	0.973471	0.956706	0.992845
21680	-1574.026	-1625.184	51.15772	1	0.99663	1.00343	1.00622	1.00079	0.965343	0.976313	0.973471	0.956706	0.992845
21690	-1573.924	-1625.082	51.15772	1	0.99663	1.00343	1.00622	1.00079	0.965343	0.976313	0.973471	0.956706	0.992845
21700	-1574.046	-1625.203	51.15772	1	0.99663	1.00343	1.00622	1.00079	0.965343	0.976313	0.973471	0.956706	0.992845
21710	-1574.052	-1625.21	51.15772	1	0.99663	1.00343	1.00622	1.00079	0.965343	0.976313	0.973471	0.956706	0.992845
21720	-1575.641	-1626.799	51.15772	1	0.99663	1.00343	1.00622	1.00079	0.965343	0.976313	0.973471	0.956706	0.992845
21730	-1574.06	-1625.217	51.15772	1	0.99663	1.00343	1.00622	1.00079	0.965343	0.976313	0.973471	0.956706	0.992845
21740	-1574.116	-1625.274	51.15772	1	0.99663	1.00343	1.00622	1.00079	0.965343	0.976313	0.973471	0.956706	0.992845
21750	-1574.537	-1625.694	51.15772	1	0.99663	1.00343	1.00622	1.00079	0.965343	0.976313	0.973471	0.956706	0.992845
21760	-1574.635	-1625.793	51.15772	1	0.99663	1.00343	1.00622	1.00079	0.965343	0.976313	0.973471	0.956706	0.992845
21770	-1574.12	-1625.278	51.15772	1	0.99663	1.00343	1.00622	1.00079	0.965343	0.976313	0.973471	0.956706	0.992845
21780	-1573.989	-1625.147	51.15772	1	0.99663	1.00343	1.00622	1.00079	0.965343	0.976313	0.973471	0.956706	0.992845
21790	-1573.91	-1625.068	51.15772	1	0.99663	1.00343	1.00622	1.00079	0.965343	0.976313	0.973471	0.956706	0.992845
21800	-1574.997	-1626.155	51.15772	1	0.99663	1.00343	1.00622	1.00079	0.965343	0.976313	0.973471	0.956706	0.992845
21810	-1574.045	-1625.202	51.15772	1	0.99663	1.00343	1.00622	1.00079	0.965343	0.976313	0.973471	0.956706	0.992845
21820	-1574.068	-1625.226	51.15772	1	0.99663	1.00343	1.00622	1.00079	0.965343	0.976313	0.973471	0.956706	0.992845
21830	-1574.033	-1625.191	51.15772	1	0.99663	1.00343	1.00622	1.00079	0.965343	0.976313	0.973471	0.956706	0.992845
21840	-1573.91	-1625.068	51.15772	1	0.99663	1.00343	1.00622	1.00079	0.965343	0.976313	0.973471	0.956706	0.992845
21850	-1574.216	-1625.374	51.15772	1	0.99663	1.00343	1.00622	1.00079	0.965343	0.976313	0.973471	0.956706	0.992845
21860	-1573.909	-1625.067	51.15772	1	0.99663	1.00343	1.00622	1.00079	0.965343	0.976313	0.973471	0.956706	0.992845
21870	-1574.232	-1625.389	51.15772	1	0.99663	1.00343	1.00622	1.00079	0.965343	0.976313	0.973471	0.956706	0.992845
21880	-1573.96	-1625.118	51.15772	1	0.99663	1.00343	1.00622	1.00079	0.965343	0.976313	0.973471	0.956706	0.992845
21890	-1575.061	-1626.218	51.15772	1	0.99663	1.00343	1.00622	1.00079	0.965343	0.976313	0.973471	0.956706	0.992845
21900	-1574.455	-1625.613	51.15772	1	0.99663	1.00343	1.00622	1.00079	0.965343	0.976313	0.973471	0.956706	0.992845
21910	-1573.912	-1625.069	51.15772	1	0.99663	1.00343	1.00622	1.00079	0.965343	0.976313	0.973471	0.956706	0.992845
21920	-1575.233	-1626.391	51.15772	1	0.99663	1.00343	1.00622	1.00079	0.965343	0.976313	0.973471	0.956706	0.992845
21930	-1573.926	-1625.084	51.15772	1	0.99663	1.00343	1.00622	1.00079	0.965343	0.976313	0.973471	0.956706	0.992845
21940	-1576.257	-1627.415	51.15772	1	0.99663	1.00343	1.00622	1.00079	0.965343	0.976313	0.973471	0.956706	0.992845
21950	-1573.913	-1625.07	51.15772	1	0.99663	1.00343	1.00622	1.00079	0.965343	0.976313	0.973471	0.956706	0.992845
21960	-1574.036	-1625.194	51.15772	1	0.99663	1.00343	1.00622	1.00079	0.965343	0.976313	0.973471	0.956706	0.992845
21970	-1574.344	-1625.502	51.15772	1	0.99663	1.00343	1.00622	1.00079	0.965343	0.976313	0.973471	0.956706	0.992845
21980	-1573.91	-1625.068	51.15772	1	0.99663	1.00343	1.00622	1.00079	0.965343	0.976313	0.973471	0.956706	0.992845
21990	-1574.162	-1625.32	51.15772	1	0.99663	1.00343	1.00622	1.00079	0.965343	0.976313	0.973471	0.956706	0.992845
22000	-1574.908	-1626.066	51.15772	1	0.99663	1.00343	1.00622	1.00079	0.965343	0.976313	0.973471	0.956706	0.992845
22010	-1576.272	-1627.43	51.15772	1	0.99663	1.00343	1.00622	1.00079	0.965343	0.976313	0.973471	0.956706	0.992845
22020	-1575.057	-1626.214	51.15772	1	0.99663	1.00343	1.00622	1.00079	0.965343	0.976313	0.973471	0.956706	0.992845
22030	-1575.212	-1626.37	51.15772	1	0.99663	1.00343	1.00622	1.00079	0.965343	0.976313	0.973471	0.956706	0.992845
22040	-1574.144	-1625.302	51.15772	1	0.99663	1.00343	1.00622	1.00079	0.965343	0.976313	0.973471	0.956706	0.992845
22050	-1574.144	-1625.301	51.15772	1	0.99663	1.00343	1.00622	1.00079	0.965343	0.976313	0.973471	0.956706	0.992845
22060	-1574.73	-1625.887	51.15772	1	0.99663	1.00343	1.00622	1.00079	0.965343	0.976313	0.973471	0.956706	0.992845
22070	-1575.152	-1626.31	51.15772	1	0.99663	1.00343	1.00622	1.00079	0.965343	0.976313	0.973471	0.956706	0.992845
22080	-1574.076	-1625.234	51.15772	1	0.99663	1.00343	1.00622	1.00079	0.965343	0.976313	0.973471	0.956706	0.992845
22090	-1574	-1625.158	51.15772	1	0.99663	1.00343	1.00622	1.00079	0.965343	0.976313	0.973471	0.956706	0.992845
22100	-1575.918	-1627.075	51.15772	1	0.99663	1.00343	1.00622	1.00079	0.965343	0.976313	0.973471	0.956706	0.992845
22110	-1573.945	-1625.103	51.15772	1	0.99663	1.00343	1.00622	1.00079	0.965343	0.976313	0.973471	0.956706	0.992845
22120	-1574.089	-1625.246	51.15772	1	0.99663	1.00343	1.00622	1.00079	0.965343	0.976313	0.973471	0.956706	0.992845
22130	-1574.029	-1625.187	51.15772	1	0.99663	1.00343	1.00622	1.00079	0.965343	0.976313	0.973471	0.956706	0.992845
22140	-1574.776	-1625.934	51.15772	1	0.99663	1.00343	1.00622	1.00079	0.965343	0.976313	0.973471	0.956706	0.992845
22150	-1574.077	-1625.234	51.15772	1	0.99663	1.00343	1.00622	1.00079	0.965343	0.976313	0.973471	0.956706	0.992845
22160	-1576.09	-1627.247	51.15772	1	0.99663	1.00343	1.00622	1.00079	0.965343	0.976313	0.973471	0.956706	0.992845
22170	-1574.513	-1625.671	51.15772	1	0.99663	1.00343	1.00622	1.00079	0.965343	0.976313	0.973471	0.956706	0.992845
22180	-1574.477	-1625.634	51.15772	1	0.99663	1.00343	1.00622	1.00079	0.965343	0.976313	0.973471	0.956706	0.992845
22190	-1574.094	-1625.251	51.15772	1	0.99663	1.00343	1.00622	1.00079	0.965343	0.976313	0.973471	0.956706	0.992845
22200	-1573.948	-1625.105	51.15772	1	0.99663	1.00343	1.00622	1.00079	0.965343	0.976313	0.973471	0.956706	0.992845
22210	-1573.914	-1625.072	51.15772	1	0.99663	1.00343	1.00622	1.00079	0.965343	0.976313	0.973471	0.956706	0.992845
22220	-1573.948	-1625.106	51.15772	1	0.99663	1.00343	1.00622	1.00079	0.965343	0.976313	0.973471	0.956706	0.992845
22230	-1574.434	-1625.592	51.15772	1	0.99663	1.00343	1.00622	1.00079	0.965343	0.976313	0.973471	0.956706	0.992845
22240	-1574.297	-1625.454	51.15772	1	0.99663	1.00343	1.00622	1.00079	0.965343	0.976313	0.973471	0.956706	0.992845
22250	-1574.029	-1625.186	51.15772	1	0.99663	1.00343	1.00622	1.00079	0.965343	0.976313	0.973471	0.956706	0.992845
22260	-1575.269	-1626.426	51.15772	1	0.99663	1.00343	1.00622	1.00079	0.965343	0.976313	0.973471	0.956706	0.992845
22270	-1575.032	-1626.189	51.15772	1	0.99663	1.00343	1.00622	1.00079	0.965343	0.976313	0.973471	0.956706	0.992845
22280	-1574.032	-1625.19	51.15772	1	0.99663	1.00343	1.00622	1.00079	0.965343	0.976313	0.973471	0.956706	0.992845
22290	-1573.974	-1625.132	51.15772	1	0.99663	1.00343	1.00622	1.00079	0.965343	0.976313	0.973471	0.956706	0.992845
22300	-1573.915	-1625.073	51.15772	1	0.99663	1.00343	1.00622	1.00079	0.965343	0.976313	0.973471	0.956706	0.992845
22310	-1574.602	-1625.76	51.15772	1	0.99663	1.00343	1.00622	1.00079	0.965343	0.976313	0.973471	0.956706	0.992845
22320	-1573.997	-1625.155	51.15772	1	0.99663	1.00343	1.00622	1.00079	0.965343	0.976313	0.973471	0.956706	0.992845
22330	-1574.186	-1625.344	51.15772	1	0.99663	1.00343	1.00622	1.00079	0.965343	0.976313	0.973471	0.956706	0.992845
22340	-1573.972	-1625.129	51.15772	1	0.99663	1.00343	1.00622	1.00079	0.965343	0.976313	0.973471	0.956706	0.992845
22350	-1574.237	-1625.394	51.15772	1	0.99663	1.00343	1.00622	1.00079	0.965343	0.976313	0.973471	0.956706	0.992845
22360	-1573.96	-1625.118	51.15772	1	0.99663	1.00343	1.00622	1.00079	0.965343	0.976313	0.973471	0.956706	0.992845
22370	-1573.925	-1625.083	51.15772	1	0.99663	1.00343	1.00622	1.00079	0.965343	0.976313	0.973471	0.956706	0.992845
22380	-1574.12	-1625.278	51.15772	1	0.99663	1.00343	1.00622	1.00079	0.965343	0.976313	0.973471	0.956706	0.992845
22390	-1575.693	-1626.85	51.15772	1	0.99663	1.00343	1.00622	1.00079	0.965343	0.976313	0.973471	0.956706	0.992845
22400	-1573.945	-1625.103	51.15772	1	0.99663	1.00343	1.00622	1.00079	0.965343	0.976313	0.973471	0.956706	0.992845
22410	-1574.135	-1625.293	51.15772	1	0.99663	1.00343	1.00622	1.00079	0.965343	0.976313	0.973471	0.956706	0.992845
22420	-1573.952	-1625.11	51.15772	1	0.99663	1.00343	1.00622	1.00079	0.965343	0.976313	0.973471	0.956706	0.992845
22430	-1575.544	-1626.702	51.15772	1	0.99663	1.00343	1.00622	1.00079	0.965343	0.976313	0.973471	0.956706	0.992845
22440	-1574.023	-1625.18	51.15772	1	0.99663	1.00343	1.00622	1.00079	0.965343	0.976313	0.973471	0.956706	0.992845
22450	-1574.804	-1625.961	51.15772	1	0.99663	1.00343	1.00622	1.00079	0.965343	0.976313	0.973471	0.956706	0.992845
22460	-1574.177	-1625.334	51.15772	1	0.99663	1.00343	1.00622	1.00079	0.965343	0.976313	0.973471	0.956706	0.992845
22470	-1575.349	-1626.507	51.15772	1	0.99663	1.00343	1.00622	1.00079	0.965343	0.976313	0.973471	0.956706	0.992845
22480	-1574.07	-1625.228	51.15772	1	0.99663	1.00343	1.00622	1.00079	0.965343	0.976313	0.973471	0.956706	0.992845
22490	-1574.675	-1625.833	51.15772	1	0.99663	1.00343	1.00622	1.00079	0.965343	0.976313	0.973471	0.956706	0.992845
22500	-1573.973	-1625.131	51.15772	1	0.99663	1.00343	1.00622	1.00079	0.965343	0.976313	0.973471	0.956706	0.992845
22510	-1574.58	-1625.738	51.15772	1	0.99663	1.00343	1.00622	1.00079	0.965343	0.976313	0.973471	0.956706	0.992845
22520	-1573.95	-1625.107	51.15772	1	0.99663	1.00343	1.00622	1.00079	0.965343	0.976313	0.973471	0.956706	0.992845
22530	-1574.768	-1625.926	51.15772	1	0.99663	1.00343	1.00622	1.00079	0.965343	0.976313	0.973471	0.956706	0.992845
22540	-1575.031	-1626.189	51.15772	1	0.99663	1.00343	1.00622	1.00079	0.965343	0.976313	0.973471	0.956706	0.992845
22550	-1573.971	-1625.129	51.15772	1	0.99663	1.00343	1.00622	1.00079	0.965343	0.976313	0.973471	0.956706	0.992845
22560	-1573.913	-1625.07	51.15772	1	0.99663	1.00343	1.00622	1.00079	0.965343	0.976313	0.973471	0.956706	0.992845
22570	-1573.961	-1625.119	51.15772	1	0.99663	1.00343	1.00622	1.00079	0.965343	0.976313	0.973471	0.956706	0.992845
22580	-1574.266	-1625.424	51.15772	1	0.99663	1.00343	1.00622	1.00079	0.965343	0.976313	0.973471	0.956706	0.992845
22590	-1574.42	-1625.578	51.15772	1	0.99663	1.00343	1.00622	1.00079	0.965343	0.976313	0.973471	0.956706	0.992845
22600	-1574.24	-1625.397	51.15772	1	0.99663	1.00343	1.00622	1.00079	0.965343	0.976313	0.973471	0.956706	0.992845
22610	-1574.36	-1625.518	51.15772	1	0.99663	1.00343	1.00622	1.00079	0.965343	0.976313	0.973471	0.956706	0.992845
22620	-1574.538	-1625.695	51.15772	1	0.99663	1.00343	1.00622	1.00079	0.965343	0.976313	0.973471	0.956706	0.992845
22630	-1573.914	-1625.072	51.15772	1	0.99663	1.00343	1.00622	1.00079	0.965343	0.976313	0.973471	0.956706	0.992845
22640	-1574.19	-1625.348	51.15772	1	0.99663	1.00343	1.00622	1.00079	0.965343	0.976313	0.973471	0.956706	0.992845
22650	-1574.202	-1625.36	51.15772	1	0.99663	1.00343	1.00622	1.00079	0.965343	0.976313	0.973471	0.956706	0.992845
22660	-1573.973	-1625.131	51.15772	1	0.99663	1.00343	1.00622	1.00079	0.965343	0.976313	0.973471	0.956706	0.992845
22670	-1574.115	-1625.273	51.15772	1	0.99663	1.00343	1.00622	1.00079	0.965343	0.976313	0.973471	0.956706	0.992845
22680	-1574.644	-1625.802	51.15772	1	0.99663	1.00343	1.00622	1.00079	0.965343	0.976313	0.973471	0.956706	0.992845
22690	-1574.351	-1625.509	51.15772	1	0.99663	1.00343	1.00622	1.00079	0.965343	0.976313	0.973471	0.956706	0.992845
22700	-1574.027	-1625.185	51.15772	1	0.99663	1.00343	1.00622	1.00079	0.965343	0.976313	0.973471	0.956706	0.992845
22710	-1574.086	-1625.244	51.15772	1	0.99663	1.00343	1.00622	1.00079	0.965343	0.976313	0.973471	0.956706	0.992845
22720	-1574.19	-1625.348	51.15772	1	0.99663	1.00343	1.00622	1.00079	0.965343	0.976313	0.973471	0.956706	0.992845
22730	-1574.056	-1625.214	51.15772	1	0.99663	1.00343	1.00622	1.00079	0.965343	0.976313	0.973471	0.956706	0.992845
22740	-1574.193	-1625.351	51.15772	1	0.99663	1.00343	1.00622	1.00079	0.965343	0.976313	0.973471	0.956706	0.992845
22750	-1573.913	-1625.071	51.15772	1	0.99663	1.00343	1.00622	1.00079	0.965343	0.976313	0.973471	0.956706	0.992845
22760	-1573.923	-1625.081	51.15772	1	0.99663	1.00343	1.00622	1.00079	0.965343	0.976313	0.973471	0.956706	0.992845
22770	-1574.825	-1625.983	51.15772	1	0.99663	1.00343	1.00622	1.00079	0.965343	0.976313	0.973471	0.956706	0.992845
22780	-1574.576	-1625.734	51.15772	1	0.99663	1.00343	1.00622	1.00079	0.965343	0.976313	0.973471	0.956706	0.992845
22790	-1573.981	-1625.139	51.15772	1	0.99663	1.00343	1.00622	1.00079	0.965343	0.976313	0.973471	0.956706	0.992845
22800	-1573.919	-1625.077	51.15772	1	0.99663	1.00343	1.00622	1.00079	0.965343	0.976313	0.973471	0.956706	0.992845
22810	-1573.963	-1625.121	51.15772	1	0.99663	1.00343	1.00622	1.00079	0.965343	0.976313	0.973471	0.956706	0.992845
22820	-1573.952	-1625.109	51.15772	1	0.99663	1.00343	1.00622	1.00079	0.965343	0.976313	0.973471	0.956706	0.992845
22830	-1574.771	-1625.929	51.15772	1	0.99663	1.00343	1.00622	1.00079	0.965343	0.976313	0.973471	0.956706	0.992845
22840	-1575.116	-1626.274	51.15772	1	0.99663	1.00343	1.00622	1.00079	0.965343	0.976313	0.973471	0.956706	0.992845
22850	-1573.91	-1625.068	51.15772	1	0.99663	1.00343	1.00622	1.00079	0.965343	0.976313	0.973471	0.956706	0.992845
22860	-1573.933	-1625.09	51.15772	1	0.99663	1.00343	1.00622	1.00079	0.965343	0.976313	0.973471	0.956706	0.992845
22870	-1573.909	-1625.067	51.15772	1	0.99663	1.00343	1.00622	1.00079	0.965343	0.976313	0.973471	0.956706	0.992845
22880	-1574.153	-1625.311	51.15772	1	0.99663	1.00343	1.00622	1.00079	0.965343	0.976313	0.973471	0.956706	0.992845
22890	-1574.163	-1625.321	51.15772	1	0.99663	1.00343	1.00622	1.00079	0.965343	0.976313	0.973471	0.956706	0.992845
22900	-1574.208	-1625.365	51.15772	1	0.99663	1.00343	1.00622	1.00079	0.965343	0.976313	0.973471	0.956706	0.992845
22910	-1574.618	-1625.776	51.15772	1	0.99663	1.00343	1.00622	1.00079	0.965343	0.976313	0.973471	0.956706	0.992845
22920	-1574.871	-1626.029	51.15772	1	0.99663	1.00343	1.00622	1.00079	0.965343	0.976313	0.973471	0.956706	0.992845
22930	-1573.928	-1625.086	51.15772	1	0.99663	1.00343	1.00622	1.00079	0.965343	0.976313	0.973471	0.956706	0.992845
22940	-1574	-1625.158	51.15772	1	0.99663	1.00343	1.00622	1.00079	0.965343	0.976313	0.973471	0.956706	0.992845
22950	-1574.014	-1625.171	51.15772	1	0.99663	1.00343	1.00622	1.00079	0.965343	0.976313	0.973471	0.956706	0.992845
22960	-1574.001	-1625.159	51.15772	1	0.99663	1.00343	1.00622	1.00079	0.965343	0.976313	0.973471	0.956706	0.992845
22970	-1573.913	-1625.071	51.15772	1	0.99663	1.00343	1.00622	1.00079	0.965343	0.976313	0.973471	0.956706	0.992845
22980	-1574.618	-1625.775	51.15772	1	0.99663	1.00343	1.00622	1.00079	0.965343	0.976313	0.973471	0.956706	0.992845
22990	-1574.101	-1625.259	51.15772	1	0.99663	1.00343	1.00622	1.00079	0.965343	0.976313	0.973471	0.956706	0.992845
23000	-1574.141	-1625.299	51.15772	1	0.99663	1.00343	1.00622	1.00079	0.965343	0.976313	0.973471	0.956706	0.992845
23010	-1574.04	-1625.197	51.15772	1	0.99663	1.00343	1.00622	1.00079	0.965343	0.976313	0.973471	0.956706	0.992845
23020	-1574.375	-1625.533	51.15772	1	0.99663	1.00343	1.00622	1.00079	0.965343	0.976313	0.973471	0.956706	0.992845
23030	-1574.032	-1625.189	51.15772	1	0.99663	1.00343	1.00622	1.00079	0.965343	0.976313	0.973471	0.956706	0.992845
23040	-1574.091	-1625.249	51.15772	1	0.99663	1.00343	1.00622	1.00079	0.965343	0.976313	0.973471	0.956706	0.992845
23050	-1574.284	-1625.442	51.15772	1	0.99663	1.00343	1.00622	1.00079	0.965343	0.976313	0.973471	0.956706	0.992845
23060	-1573.91	-1625.068	51.15772	1	0.99663	1.00343	1.00622	1.00079	0.965343	0.976313	0.973471	0.956706	0.992845
23070	-1574.634	-1625.791	51.15772	1	0.99663	1.00343	1.00622	1.00079	0.965343	0.976313	0.973471	0.956706	0.992845
23080	-1574.433	-1625.591	51.15772	1	0.99663	1.00343	1.00622	1.00079	0.965343	0.976313	0.973471	0.956706	0.992845
23090	-1574.181	-1625.339	51.15772	1	0.99663	1.00343	1.00622	1.00079	0.965343	0.976313	0.973471	0.956706	0.992845
23100	-1574.022	-1625.179	51.15772	1	0.99663	1.00343	1.00622	1.00079	0.965343	0.976313	0.973471	0.956706	0.992845
23110	-1573.91	-1625.068	51.15772	1	0.99663	1.00343	1.00622	1.00079	0.965343	0.976313	0.973471	0.956706	0.992845
23120	-1573.944	-1625.101	51.15772	1	0.99663	1.00343	1.00622	1.00079	0.965343	0.976313	0.973471	0.956706	0.992845
23130	-1574.668	-1625.826	51.15772	1	0.99663	1.00343	1.00622	1.00079	0.965343	0.976313	0.973471	0.956706	0.992845
23140	-1574.395	-1625.553	51.15772	1	0.99663	1.00343	1.00622	1.00079	0.965343	0.976313	0.973471	0.956706	0.992845
23150	-1576.069	-1627.227	51.15772	1	0.99663	1.00343	1.00622	1.00079	0.965343	0.976313	0.973471	0.956706	0.992845
23160	-1574.881	-1626.038	51.15772	1	0.99663	1.00343	1.00622	1.00079	0.965343	0.976313	0.973471	0.956706	0.992845
23170	-1574.516	-1625.674	51.15772	1	0.99663	1.00343	1.00622	1.00079	0.965343	0.976313	0.973471	0.956706	0.992845
23180	-1573.913	-1625.071	51.15772	1	0.99663	1.00343	1.00622	1.00079	0.965343	0.976313	0.973471	0.956706	0.992845
23190	-1573.932	-1625.089	51.15772	1	0.99663	1.00343	1.00622	1.00079	0.965343	0.976313	0.973471	0.956706	0.992845
23200	-1574.039	-1625.196	51.15772	1	0.99663	1.00343	1.00622	1.00079	0.965343	0.976313	0.973471	0.956706	0.992845
23210	-1574.486	-1625.644	51.15772	1	0.99663	1.00343	1.00622	1.00079	0.965343	0.976313	0.973471	0.956706	0.992845
23220	-1574.5	-1625.658	51.15772	1	0.99663	1.00343	1.00622	1.00079	0.965343	0.976313	0.973471	0.956706	0.992845
23230	-1574.788	-1625.945	51.15772	1	0.99663	1.00343	1.00622	1.00079	0.965343	0.976313	0.973471	0.956706	0.992845
23240	-1574.776	-1625.933	51.15772	1	0.99663	1.00343	1.00622	1.00079	0.965343	0.976313	0.973471	0.956706	0.992845
23250	-1574.259	-1625.417	51.15772	1	0.99663	1.00343	1.00622	1.00079	0.965343	0.976313	0.973471	0.956706	0.992845
23260	-1573.924	-1625.082	51.15772	1	0.99663	1.00343	1.00622	1.00079	0.965343	0.976313	0.973471	0.956706	0.992845
23270	-1574.094	-1625.251	51.15772	1	0.99663	1.00343	1.00622	1.00079	0.965343	0.976313	0.973471	0.956706	0.992845
23280	-1574.023	-1625.181	51.15772	1	0.99663	1.00343	1.00622	1.00079	0.965343	0.976313	0.973471	0.956706	0.992845
23290	-1573.923	-1625.08	51.15772	1	0.99663	1.00343	1.00622	1.00079	0.965343	0.976313	0.973471	0.956706	0.992845
23300	-1573.978	-1625.136	51.15772	1	0.99663	1.00343	1.00622	1.00079	0.965343	0.976313	0.973471	0.956706	0.992845
23310	-1574.529	-1625.687	51.15772	1	0.99663	1.00343	1.00622	1.00079	0.965343	0.976313	0.973471	0.956706	0.992845
23320	-1573.916	-1625.074	51.15772	1	0.99663	1.00343	1.00622	1.00079	0.965343	0.976313	0.973471	0.956706	0.992845
23330	-1573.985	-1625.143	51.15772	1	0.99663	1.00343	1.00622	1.00079	0.965343	0.976313	0.973471	0.956706	0.992845
23340	-1573.932	-1625.09	51.15772	1	0.99663	1.00343	1.00622	1.00079	0.965343	0.976313	0.973471	0.956706	0.992845
23350	-1573.939	-1625.097	51.15772	1	0.99663	1.00343	1.00622	1.00079	0.965343	0.976313	0.973471	0.956706	0.992845
23360	-1575.02	-1626.177	51.15772	1	0.99663	1.00343	1.00622	1.00079	0.965343	0.976313	0.973471	0.956706	0.992845
23370	-1574.141	-1625.298	51.15772	1	0.99663	1.00343	1.00622	1.00079	0.965343	0.976313	0.973471	0.956706	0.992845
23380	-1574.229	-1625.387	51.15772	1	0.99663	1.00343	1.00622	1.00079	0.965343	0.976313	0.973471	0.956706	0.992845
23390	-1574.125	-1625.282	51.15772	1	0.99663	1.00343	1.00622	1.00079	0.965343	0.976313	0.973471	0.956706	0.992845
23400	-1573.969	-1625.126	51.15772	1	0.99663	1.00343	1.00622	1.00079	0.965343	0.976313	0.973471	0.956706	0.992845
23410	-1574.244	-1625.401	51.15772	1	0.99663	1.00343	1.00622	1.00079	0.965343	0.976313	0.973471	0.956706	0.992845
23420	-1574.226	-1625.384	51.15772	1	0.99663	1.00343	1.00622	1.00079	0.965343	0.976313	0.973471	0.956706	0.992845
23430	-1573.923	-1625.081	51.15772	1	0.99663	1.00343	1.00622	1.00079	0.965343	0.976313	0.973471	0.956706	0.992845
23440	-1574.059	-1625.217	51.15772	1	0.99663	1.00343	1.00622	1.00079	0.965343	0.976313	0.973471	0.956706	0.992845
23450	-1574.113	-1625.27	51.15772	1	0.99663	1.00343	1.00622	1.00079	0.965343	0.976313	0.973471	0.956706	0.992845
23460	-1576.189	-1627.347	51.15772	1	0.99663	1.00343	1.00622	1.00079	0.965343	0.976313	0.973471	0.956706	0.992845
23470	-1573.94	-1625.097	51.15772	1	0.99663	1.00343	1.00622	1.00079	0.965343	0.976313	0.973471	0.956706	0.992845
23480	-1574.993	-1626.151	51.15772	1	0.99663	1.00343	1.00622	1.00079	0.965343	0.976313	0.973471	0.956706	0.992845
23490	-1574.002	-1625.16	51.15772	1	0.99663	1.00343	1.00622	1.00079	0.965343	0.976313	0.973471	0.956706	0.992845
23500	-1574.211	-1625.369	51.15772	1	0.99663	1.00343	1.00622	1.00079	0.965343	0.976313	0.973471	0.956706	0.992845
23510	-1574.718	-1625.876	51.15772	1	0.99663	1.00343	1.00622	1.00079	0.965343	0.976313	0.973471	0.956706	0.992845
23520	-1573.925	-1625.083	51.15772	1	0.99663	1.00343	1.00622	1.00079	0.965343	0.976313	0.973471	0.956706	0.992845
23530	-1573.91	-1625.068	51.15772	1	0.99663	1.00343	1.00622	1.00079	0.965343	0.976313	0.973471	0.956706	0.992845
23540	-1574.047	-1625.205	51.15772	1	0.99663	1.00343	1.00622	1.00079	0.965343	0.976313	0.973471	0.956706	0.992845
23550	-1574.544	-1625.702	51.15772	1	0.99663	1.00343	1.00622	1.00079	0.965343	0.976313	0.973471	0.956706	0.992845
23560	-1575.033	-1626.191	51.15772	1	0.99663	1.00343	1.00622	1.00079	0.965343	0.976313	0.973471	0.956706	0.992845
23570	-1574.613	-1625.771	51.15772	1	0.99663	1.00343	1.00622	1.00079	0.965343	0.976313	0.973471	0.956706	0.992845
23580	-1573.911	-1625.069	51.15772	1	0.99663	1.00343	1.00622	1.00079	0.965343	0.976313	0.973471	0.956706	0.992845
23590	-1573.924	-1625.082	51.15772	1	0.99663	1.00343	1.00622	1.00079	0.965343	0.976313	0.973471	0.956706	0.992845
23600	-1574.118	-1625.276	51.15772	1	0.99663	1.00343	1.00622	1.00079	0.965343	0.976313	0.973471	0.956706	0.992845
23610	-1574.674	-1625.832	51.15772	1	0.99663	1.00343	1.00622	1.00079	0.965343	0.976313	0.973471	0.956706	0.992845
23620	-1574.193	-1625.351	51.15772	1	0.99663	1.00343	1.00622	1.00079	0.965343	0.976313	0.973471	0.956706	0.992845
23630	-1575.383	-1626.541	51.15772	1	0.99663	1.00343	1.00622	1.00079	0.965343	0.976313	0.973471	0.956706	0.992845
23640	-1575.653	-1626.811	51.15772	1	0.99663	1.00343	1.00622	1.00079	0.965343	0.976313	0.973471	0.956706	0.992845
23650	-1575.439	-1626.597	51.15772	1	0.99663	1.00343	1.00622	1.00079	0.965343	0.976313	0.973471	0.956706	0.992845
23660	-1575.302	-1626.46	51.15772	1	0.99663	1.00343	1.00622	1.00079	0.965343	0.976313	0.973471	0.956706	0.992845
23670	-1573.952	-1625.11	51.15772	1	0.99663	1.00343	1.00622	1.00079	0.965343	0.976313	0.973471	0.956706	0.992845
23680	-1573.915	-1625.072	51.15772	1	0.99663	1.00343	1.00622	1.00079	0.965343	0.976313	0.973471	0.956706	0.992845
23690	-1574.172	-1625.33	51.15772	1	0.99663	1.00343	1.00622	1.00079	0.965343	0.976313	0.973471	0.956706	0.992845
23700	-1575.053	-1626.211	51.15772	1	0.99663	1.00343	1.00622	1.00079	0.965343	0.976313	0.973471	0.956706	0.992845
23710	-1573.996	-1625.153	51.15772	1	0.99663	1.00343	1.00622	1.00079	0.965343	0.976313	0.973471	0.956706	0.992845
23720	-1573.957	-1625.115	51.15772	1	0.99663	1.00343	1.00622	1.00079	0.965343	0.976313	0.973471	0.956706	0.992845
23730	-1574.414	-1625.572	51.15772	1	0.99663	1.00343	1.00622	1.00079	0.965343	0.976313	0.973471	0.956706	0.992845
23740	-1574.046	-1625.203	51.15772	1	0.99663	1.00343	1.00622	1.00079	0.965343	0.976313	0.973471	0.956706	0.992845
23750	-1574.036	-1625.193	51.15772	1	0.99663	1.00343	1.00622	1.00079	0.965343	0.976313	0.973471	0.956706	0.992845
23760	-1573.929	-1625.087	51.15772	1	0.99663	1.00343	1.00622	1.00079	0.965343	0.976313	0.973471	0.956706	0.992845
23770	-1573.928	-1625.086	51.15772	1	0.99663	1.00343	1.00622	1.00079	0.965343	0.976313	0.973471	0.956706	0.992845
23780	-1574.88	-1626.038	51.15772	1	0.99663	1.00343	1.00622	1.00079	0.965343	0.976313	0.973471	0.956706	0.992845
23790	-1574.803	-1625.961	51.15772	1	0.99663	1.00343	1.00622	1.00079	0.965343	0.976313	0.973471	0.956706	0.992845
23800	-1574.473	-1625.631	51.15772	1	0.99663	1.00343	1.00622	1.00079	0.965343	0.976313	0.973471	0.956706	0.992845
23810	-1573.959	-1625.117	51.15772	1	0.99663	1.00343	1.00622	1.00079	0.965343	0.976313	0.973471	0.956706	0.992845
23820	-1574.286	-1625.444	51.15772	1	0.99663	1.00343	1.00622	1.00079	0.965343	0.976313	0.973471	0.956706	0.992845
23830	-1573.965	-1625.122	51.15772	1	0.99663	1.00343	1.00622	1.00079	0.965343	0.976313	0.973471	0.956706	0.992845
23840	-1573.917	-1625.074	51.15772	1	0.99663	1.00343	1.00622	1.00079	0.965343	0.976313	0.973471	0.956706	0.992845
23850	-1574.057	-1625.214	51.15772	1	0.99663	1.00343	1.00622	1.00079	0.965343	0.976313	0.973471	0.956706	0.992845
23860	-1574.109	-1625.267	51.15772	1	0.99663	1.00343	1.00622	1.00079	0.965343	0.976313	0.973471	0.956706	0.992845
23870	-1574.933	-1626.091	51.15772	1	0.99663	1.00343	1.00622	1.00079	0.965343	0.976313	0.973471	0.956706	0.992845
23880	-1573.95	-1625.107	51.15772	1	0.99663	1.00343	1.00622	1.00079	0.965343	0.976313	0.973471	0.956706	0.992845
23890	-1574.563	-1625.721	51.15772	1	0.99663	1.00343	1.00622	1.00079	0.965343	0.976313	0.973471	0.956706	0.992845
23900	-1573.909	-1625.067	51.15772	1	0.99663	1.00343	1.00622	1.00079	0.965343	0.976313	0.973471	0.956706	0.992845
23910	-1573.946	-1625.103	51.15772	1	0.99663	1.00343	1.00622	1.00079	0.965343	0.976313	0.973471	0.956706	0.992845
23920	-1573.909	-1625.067	51.15772	1	0.99663	1.00343	1.00622	1.00079	0.965343	0.976313	0.973471	0.956706	0.992845
23930	-1577.896	-1629.054	51.15772	1	0.99663	1.00343	1.00622	1.00079	0.965343	0.976313	0.973471	0.956706	0.992845
23940	-1573.97	-1625.128	51.15772	1	0.99663	1.00343	1.00622	1.00079	0.965343	0.976313	0.973471	0.956706	0.992845
23950	-1573.932	-1625.09	51.15772	1	0.99663	1.00343	1.00622	1.00079	0.965343	0.976313	0.973471	0.956706	0.992845
23960	-1574.087	-1625.245	51.15772	1	0.99663	1.00343	1.00622	1.00079	0.965343	0.976313	0.973471	0.956706	0.992845
23970	-1575.822	-1626.98	51.15772	1	0.99663	1.00343	1.00622	1.00079	0.965343	0.976313	0.973471	0.956706	0.992845
23980	-1574.721	-1625.878	51.15772	1	0.99663	1.00343	1.00622	1.00079	0.965343	0.976313	0.973471	0.956706	0.992845
23990	-1574.069	-1625.227	51.15772	1	0.99663	1.00343	1.00622	1.00079	0.965343	0.976313	0.973471	0.956706	0.992845
24000	-1574.216	-1625.374	51.15772	1	0.99663	1.00343	1.00622	1.00079	0.965343	0.976313	0.973471	0.956706	0.992845
24010	-1575.657	-1626.815	51.15772	1	0.99663	1.00343	1.00622	1.00079	0.965343	0.976313	0.973471	0.956706	0.992845
24020	-1574.52	-1625.678	51.15772	1	0.99663	1.00343	1.00622	1.00079	0.965343	0.976313	0.973471	0.956706	0.992845
24030	-1575.415	-1626.573	51.15772	1	0.99663	1.00343	1.00622	1.00079	0.965343	0.976313	0.973471	0.956706	0.992845
24040	-1574.087	-1625.245	51.15772	1	0.99663	1.00343	1.00622	1.00079	0.965343	0.976313	0.973471	0.956706	0.992845
24050	-1574.526	-1625.684	51.15772	1	0.99663	1.00343	1.00622	1.00079	0.965343	0.976313	0.973471	0.956706	0.992845
24060	-1574.054	-1625.211	51.15772	1	0.99663	1.00343	1.00622	1.00079	0.965343	0.976313	0.973471	0.956706	0.992845
24070	-1574.933	-1626.091	51.15772	1	0.99663	1.00343	1.00622	1.00079	0.965343	0.976313	0.973471	0.956706	0.992845
24080	-1573.909	-1625.067	51.15772	1	0.99663	1.00343	1.00622	1.00079	0.965343	0.976313	0.973471	0.956706	0.992845
24090	-1575.383	-1626.541	51.15772	1	0.99663	1.00343	1.00622	1.00079	0.965343	0.976313	0.973471	0.956706	0.992845
24100	-1573.98	-1625.138	51.15772	1	0.99663	1.00343	1.00622	1.00079	0.965343	0.976313	0.973471	0.956706	0.992845
24110	-1573.909	-1625.067	51.15772	1	0.99663	1.00343	1.00622	1.00079	0.965343	0.976313	0.973471	0.956706	0.992845
24120	-1574.673	-1625.831	51.15772	1	0.99663	1.00343	1.00622	1.00079	0.965343	0.976313	0.973471	0.956706	0.992845
24130	-1575.079	-1626.237	51.15772	1	0.99663	1.00343	1.00622	1.00079	0.965343	0.976313	0.973471	0.956706	0.992845
24140	-1574.247	-1625.405	51.15772	1	0.99663	1.00343	1.00622	1.00079	0.965343	0.976313	0.973471	0.956706	0.992845
24150	-1573.97	-1625.127	51.15772	1	0.99663	1.00343	1.00622	1.00079	0.965343	0.976313	0.973471	0.956706	0.992845
24160	-1573.956	-1625.114	51.15772	1	0.99663	1.00343	1.00622	1.00079	0.965343	0.976313	0.973471	0.956706	0.992845
24170	-1573.932	-1625.089	51.15772	1	0.99663	1.00343	1.00622	1.00079	0.965343	0.976313	0.973471	0.956706	0.992845
24180	-1574.966	-1626.124	51.15772	1	0.99663	1.00343	1.00622	1.00079	0.965343	0.976313	0.973471	0.956706	0.992845
24190	-1574.09	-1625.248	51.15772	1	0.99663	1.00343	1.00622	1.00079	0.965343	0.976313	0.973471	0.956706	0.992845
24200	-1573.959	-1625.116	51.15772	1	0.99663	1.00343	1.00622	1.00079	0.965343	0.976313	0.973471	0.956706	0.992845
24210	-1574.31	-1625.468	51.15772	1	0.99663	1.00343	1.00622	1.00079	0.965343	0.976313	0.973471	0.956706	0.992845
24220	-1574.133	-1625.29	51.15772	1	0.99663	1.00343	1.00622	1.00079	0.965343	0.976313	0.973471	0.956706	0.992845
24230	-1574.498	-1625.655	51.15772	1	0.99663	1.00343	1.00622	1.00079	0.965343	0.976313	0.973471	0.956706	0.992845
24240	-1574.039	-1625.197	51.15772	1	0.99663	1.00343	1.00622	1.00079	0.965343	0.976313	0.973471	0.956706	0.992845
24250	-1574.313	-1625.47	51.15772	1	0.99663	1.00343	1.00622	1.00079	0.965343	0.976313	0.973471	0.956706	0.992845
24260	-1574.3	-1625.457	51.15772	1	0.99663	1.00343	1.00622	1.00079	0.965343	0.976313	0.973471	0.956706	0.992845
24270	-1574.163	-1625.321	51.15772	1	0.99663	1.00343	1.00622	1.00079	0.965343	0.976313	0.973471	0.956706	0.992845
24280	-1574.212	-1625.37	51.15772	1	0.99663	1.00343	1.00622	1.00079	0.965343	0.976313	0.973471	0.956706	0.992845
24290	-1576.83	-1627.988	51.15772	1	0.99663	1.00343	1.00622	1.00079	0.965343	0.976313	0.973471	0.956706	0.992845
24300	-1573.938	-1625.095	51.15772	1	0.99663	1.00343	1.00622	1.00079	0.965343	0.976313	0.973471	0.956706	0.992845
24310	-1573.988	-1625.146	51.15772	1	0.99663	1.00343	1.00622	1.00079	0.965343	0.976313	0.973471	0.956706	0.992845
24320	-1573.944	-1625.101	51.15772	1	0.99663	1.00343	1.00622	1.00079	0.965343	0.976313	0.973471	0.956706	0.992845
24330	-1573.997	-1625.155	51.15772	1	0.99663	1.00343	1.00622	1.00079	0.965343	0.976313	0.973471	0.956706	0.992845
24340	-1574.086	-1625.244	51.15772	1	0.99663	1.00343	1.00622	1.00079	0.965343	0.976313	0.973471	0.956706	0.992845
24350	-1576.478	-1627.635	51.15772	1	0.99663	1.00343	1.00622	1.00079	0.965343	0.976313	0.973471	0.956706	0.992845
24360	-1573.994	-1625.152	51.15772	1	0.99663	1.00343	1.00622	1.00079	0.965343	0.976313	0.973471	0.956706	0.992845
24370	-1573.98	-1625.138	51.15772	1	0.99663	1.00343	1.00622	1.00079	0.965343	0.976313	0.973471	0.956706	0.992845
24380	-1574.7	-1625.858	51.15772	1	0.99663	1.00343	1.00622	1.00079	0.965343	0.976313	0.973471	0.956706	0.992845
24390	-1574.656	-1625.813	51.15772	1	0.99663	1.00343	1.00622	1.00079	0.965343	0.976313	0.973471	0.956706	0.992845
24400	-1575.012	-1626.17	51.15772	1	0.99663	1.00343	1.00622	1.00079	0.965343	0.976313	0.973471	0.956706	0.992845
24410	-1573.919	-1625.077	51.15772	1	0.99663	1.00343	1.00622	1.00079	0.965343	0.976313	0.973471	0.956706	0.992845
24420	-1574.564	-1625.722	51.15772	1	0.99663	1.00343	1.00622	1.00079	0.965343	0.976313	0.973471	0.956706	0.992845
24430	-1573.912	-1625.07	51.15772	1	0.99663	1.00343	1.00622	1.00079	0.965343	0.976313	0.973471	0.956706	0.992845
24440	-1574.074	-1625.231	51.15772	1	0.99663	1.00343	1.00622	1.00079	0.965343	0.976313	0.973471	0.956706	0.992845
24450	-1574.003	-1625.161	51.15772	1	0.99663	1.00343	1.00622	1.00079	0.965343	0.976313	0.973471	0.956706	0.992845
24460	-1573.999	-1625.156	51.15772	1	0.99663	1.00343	1.00622	1.00079	0.965343	0.976313	0.973471	0.956706	0.992845
24470	-1574.205	-1625.363	51.15772	1	0.99663	1.00343	1.00622	1.00079	0.965343	0.976313	0.973471	0.956706	0.992845
24480	-1574.238	-1625.395	51.15772	1	0.99663	1.00343	1.00622	1.00079	0.965343	0.976313	0.973471	0.956706	0.992845
24490	-1574.381	-1625.538	51.15772	1	0.99663	1.00343	1.00622	1.00079	0.965343	0.976313	0.973471	0.956706	0.992845
24500	-1574.239	-1625.397	51.15772	1	0.99663	1.00343	1.00622	1.00079	0.965343	0.976313	0.973471	0.956706	0.992845
24510	-1573.999	-1625.157	51.15772	1	0.99663	1.00343	1.00622	1.00079	0.965343	0.976313	0.973471	0.956706	0.992845
24520	-1574.323	-1625.481	51.15772	1	0.99663	1.00343	1.00622	1.00079	0.965343	0.976313	0.973471	0.956706	0.992845
24530	-1573.931	-1625.089	51.15772	1	0.99663	1.00343	1.00622	1.00079	0.965343	0.976313	0.973471	0.956706	0.992845
24540	-1575.452	-1626.61	51.15772	1	0.99663	1.00343	1.00622	1.00079	0.965343	0.976313	0.973471	0.956706	0.992845
24550	-1574.173	-1625.331	51.15772	1	0.99663	1.00343	1.00622	1.00079	0.965343	0.976313	0.973471	0.956706	0.992845
24560	-1573.967	-1625.125	51.15772	1	0.99663	1.00343	1.00622	1.00079	0.965343	0.976313	0.973471	0.956706	0.992845
24570	-1575.285	-1626.443	51.15772	1	0.99663	1.00343	1.00622	1.00079	0.965343	0.976313	0.973471	0.956706	0.992845
24580	-1573.987	-1625.145	51.15772	1	0.99663	1.00343	1.00622	1.00079	0.965343	0.976313	0.973471	0.956706	0.992845
24590	-1574.252	-1625.41	51.15772	1	0.99663	1.00343	1.00622	1.00079	0.965343	0.976313	0.973471	0.956706	0.992845
24600	-1574.369	-1625.527	51.15772	1	0.99663	1.00343	1.00622	1.00079	0.965343	0.976313	0.973471	0.956706	0.992845
24610	-1574.293	-1625.451	51.15772	1	0.99663	1.00343	1.00622	1.00079	0.965343	0.976313	0.973471	0.956706	0.992845
24620	-1573.912	-1625.07	51.15772	1	0.99663	1.00343	1.00622	1.00079	0.965343	0.976313	0.973471	0.956706	0.992845
24630	-1574.481	-1625.639	51.15772	1	0.99663	1.00343	1.00622	1.00079	0.965343	0.976313	0.973471	0.956706	0.992845
24640	-1574.055	-1625.213	51.15772	1	0.99663	1.00343	1.00622	1.00079	0.965343	0.976313	0.973471	0.956706	0.992845
24650	-1573.956	-1625.114	51.15772	1	0.99663	1.00343	1.00622	1.00079	0.965343	0.976313	0.973471	0.956706	0.992845
24660	-1574.137	-1625.295	51.15772	1	0.99663	1.00343	1.00622	1.00079	0.965343	0.976313	0.973471	0.956706	0.992845
24670	-1574.144	-1625.302	51.15772	1	0.99663	1.00343	1.00622	1.00079	0.965343	0.976313	0.973471	0.956706	0.992845
24680	-1574.048	-1625.206	51.15772	1	0.99663	1.00343	1.00622	1.00079	0.965343	0.976313	0.973471	0.956706	0.992845
24690	-1574.864	-1626.022	51.15772	1	0.99663	1.00343	1.00622	1.00079	0.965343	0.976313	0.973471	0.956706	0.992845
24700	-1574.143	-1625.301	51.15772	1	0.99663	1.00343	1.00622	1.00079	0.965343	0.976313	0.973471	0.956706	0.992845
24710	-1574.006	-1625.164	51.15772	1	0.99663	1.00343	1.00622	1.00079	0.965343	0.976313	0.973471	0.956706	0.992845
24720	-1573.922	-1625.079	51.15772	1	0.99663	1.00343	1.00622	1.00079	0.965343	0.976313	0.973471	0.956706	0.992845
24730	-1573.923	-1625.081	51.15772	1	0.99663	1.00343	1.00622	1.00079	0.965343	0.976313	0.973471	0.956706	0.992845
24740	-1574.2	-1625.358	51.15772	1	0.99663	1.00343	1.00622	1.00079	0.965343	0.976313	0.973471	0.956706	0.992845
24750	-1573.946	-1625.104	51.15772	1	0.99663	1.00343	1.00622	1.00079	0.965343	0.976313	0.973471	0.956706	0.992845
24760	-1574.691	-1625.848	51.15772	1	0.99663	1.00343	1.00622	1.00079	0.965343	0.976313	0.973471	0.956706	0.992845
24770	-1574.348	-1625.505	51.15772	1	0.99663	1.00343	1.00622	1.00079	0.965343	0.976313	0.973471	0.956706	0.992845
24780	-1574.944	-1626.101	51.15772	1	0.99663	1.00343	1.00622	1.00079	0.965343	0.976313	0.973471	0.956706	0.992845
24790	-1574.266	-1625.424	51.15772	1	0.99663	1.00343	1.00622	1.00079	0.965343	0.976313	0.973471	0.956706	0.992845
24800	-1574.965	-1626.123	51.15772	1	0.99663	1.00343	1.00622	1.00079	0.965343	0.976313	0.973471	0.956706	0.992845
24810	-1574.098	-1625.256	51.15772	1	0.99663	1.00343	1.00622	1.00079	0.965343	0.976313	0.973471	0.956706	0.992845
24820	-1573.936	-1625.094	51.15772	1	0.99663	1.00343	1.00622	1.00079	0.965343	0.976313	0.973471	0.956706	0.992845
24830	-1574.009	-1625.167	51.15772	1	0.99663	1.00343	1.00622	1.00079	0.965343	0.976313	0.973471	0.956706	0.992845
24840	-1574.533	-1625.691	51.15772	1	0.99663	1.00343	1.00622	1.00079	0.965343	0.976313	0.973471	0.956706	0.992845
24850	-1573.923	-1625.081	51.15772	1	0.99663	1.00343	1.00622	1.00079	0.965343	0.976313	0.973471	0.956706	0.992845
24860	-1574.979	-1626.137	51.15772	1	0.99663	1.00343	1.00622	1.00079	0.965343	0.976313	0.973471	0.956706	0.992845
24870	-1574.765	-1625.922	51.15772	1	0.99663	1.00343	1.00622	1.00079	0.965343	0.976313	0.973471	0.956706	0.992845
24880	-1574.493	-1625.65	51.15772	1	0.99663	1.00343	1.00622	1.00079	0.965343	0.976313	0.973471	0.956706	0.992845
24890	-1574.566	-1625.724	51.15772	1	0.99663	1.00343	1.00622	1.00079	0.965343	0.976313	0.973471	0.956706	0.992845
24900	-1574.016	-1625.174	51.15772	1	0.99663	1.00343	1.00622	1.00079	0.965343	0.976313	0.973471	0.956706	0.992845
24910	-1574.326	-1625.484	51.15772	1	0.99663	1.00343	1.00622	1.00079	0.965343	0.976313	0.973471	0.956706	0.992845
24920	-1574.569	-1625.727	51.15772	1	0.99663	1.00343	1.00622	1.00079	0.965343	0.976313	0.973471	0.956706	0.992845
24930	-1574.931	-1626.089	51.15772	1	0.99663	1.00343	1.00622	1.00079	0.965343	0.976313	0.973471	0.956706	0.992845
24940	-1574.895	-1626.052	51.15772	1	0.99663	1.00343	1.00622	1.00079	0.965343	0.976313	0.973471	0.956706	0.992845
24950	-1574.417	-1625.574	51.15772	1	0.99663	1.00343	1.00622	1.00079	0.965343	0.976313	0.973471	0.956706	0.992845
24960	-1574.041	-1625.198	51.15772	1	0.99663	1.00343	1.00622	1.00079	0.965343	0.976313	0.973471	0.956706	0.992845
24970	-1575.563	-1626.721	51.15772	1	0.99663	1.00343	1.00622	1.00079	0.965343	0.976313	0.973471	0.956706	0.992845
24980	-1575.303	-1626.461	51.15772	1	0.99663	1.00343	1.00622	1.00079	0.965343	0.976313	0.973471	0.956706	0.992845
24990	-1574.136	-1625.293	51.15772	1	0.99663	1.00343	1.00622	1.00079	0.965343	0.976313	0.973471	0.956706	0.992845
25000	-1574.044	-1625.202	51.15772	1	0.99663	1.00343	1.00622	1.00079	0.965343	0.976313	0.973471	0.956706	0.992845
25010	-1574.103	-1625.26	51.15772	1	0.99663	1.00343	1.00622	1.00079	0.965343	0.976313	0.973471	0.956706	0.992845
25020	-1574.147	-1625.305	51.15772	1	0.99663	1.00343	1.00622	1.00079	0.965343	0.976313	0.973471	0.956706	0.992845
25030	-1573.909	-1625.067	51.15772	1	0.99663	1.00343	1.00622	1.00079	0.965343	0.976313	0.973471	0.956706	0.992845
25040	-1573.977	-1625.135	51.15772	1	0.99663	1.00343	1.00622	1.00079	0.965343	0.976313	0.973471	0.956706	0.992845
25050	-1573.986	-1625.143	51.15772	1	0.99663	1.00343	1.00622	1.00079	0.965343	0.976313	0.973471	0.956706	0.992845
25060	-1573.993	-1625.151	51.15772	1	0.99663	1.00343	1.00622	1.00079	0.965343	0.976313	0.973471	0.956706	0.992845
25070	-1578.918	-1630.075	51.15772	1	0.99663	1.00343	1.00622	1.00079	0.965343	0.976313	0.973471	0.956706	0.992845
25080	-1574.063	-1625.22	51.15772	1	0.99663	1.00343	1.00622	1.00079	0.965343	0.976313	0.973471	0.956706	0.992845
25090	-1574.223	-1625.381	51.15772	1	0.99663	1.00343	1.00622	1.00079	0.965343	0.976313	0.973471	0.956706	0.992845
25100	-1575.874	-1627.032	51.15772	1	0.99663	1.00343	1.00622	1.00079	0.965343	0.976313	0.973471	0.956706	0.992845
25110	-1574.262	-1625.419	51.15772	1	0.99663	1.00343	1.00622	1.00079	0.965343	0.976313	0.973471	0.956706	0.992845
25120	-1574.836	-1625.994	51.15772	1	0.99663	1.00343	1.00622	1.00079	0.965343	0.976313	0.973471	0.956706	0.992845
25130	-1573.988	-1625.146	51.15772	1	0.99663	1.00343	1.00622	1.00079	0.965343	0.976313	0.973471	0.956706	0.992845
25140	-1574.056	-1625.214	51.15772	1	0.99663	1.00343	1.00622	1.00079	0.965343	0.976313	0.973471	0.956706	0.992845
25150	-1574.797	-1625.955	51.15772	1	0.99663	1.00343	1.00622	1.00079	0.965343	0.976313	0.973471	0.956706	0.992845
25160	-1573.913	-1625.07	51.15772	1	0.99663	1.00343	1.00622	1.00079	0.965343	0.976313	0.973471	0.956706	0.992845
25170	-1574.091	-1625.248	51.15772	1	0.99663	1.00343	1.00622	1.00079	0.965343	0.976313	0.973471	0.956706	0.992845
25180	-1573.971	-1625.129	51.15772	1	0.99663	1.00343	1.00622	1.00079	0.965343	0.976313	0.973471	0.956706	0.992845
25190	-1574.204	-1625.362	51.15772	1	0.99663	1.00343	1.00622	1.00079	0.965343	0.976313	0.973471	0.956706	0.992845
25200	-1576.043	-1627.201	51.15772	1	0.99663	1.00343	1.00622	1.00079	0.965343	0.976313	0.973471	0.956706	0.992845
25210	-1573.911	-1625.069	51.15772	1	0.99663	1.00343	1.00622	1.00079	0.965343	0.976313	0.973471	0.956706	0.992845
25220	-1574.334	-1625.491	51.15772	1	0.99663	1.00343	1.00622	1.00079	0.965343	0.976313	0.973471	0.956706	0.992845
25230	-1574.099	-1625.257	51.15772	1	0.99663	1.00343	1.00622	1.00079	0.965343	0.976313	0.973471	0.956706	0.992845
25240	-1573.917	-1625.074	51.15772	1	0.99663	1.00343	1.00622	1.00079	0.965343	0.976313	0.973471	0.956706	0.992845
25250	-1575.245	-1626.403	51.15772	1	0.99663	1.00343	1.00622	1.00079	0.965343	0.976313	0.973471	0.956706	0.992845
25260	-1573.986	-1625.143	51.15772	1	0.99663	1.00343	1.00622	1.00079	0.965343	0.976313	0.973471	0.956706	0.992845
25270	-1574.727	-1625.885	51.15772	1	0.99663	1.00343	1.00622	1.00079	0.965343	0.976313	0.973471	0.956706	0.992845
25280	-1573.926	-1625.084	51.15772	1	0.99663	1.00343	1.00622	1.00079	0.965343	0.976313	0.973471	0.956706	0.992845
25290	-1573.982	-1625.14	51.15772	1	0.99663	1.00343	1.00622	1.00079	0.965343	0.976313	0.973471	0.956706	0.992845
25300	-1574.162	-1625.319	51.15772	1	0.99663	1.00343	1.00622	1.00079	0.965343	0.976313	0.973471	0.956706	0.992845
25310	-1574.011	-1625.169	51.15772	1	0.99663	1.00343	1.00622	1.00079	0.965343	0.976313	0.973471	0.956706	0.992845
25320	-1573.917	-1625.075	51.15772	1	0.99663	1.00343	1.00622	1.00079	0.965343	0.976313	0.973471	0.956706	0.992845
25330	-1573.911	-1625.069	51.15772	1	0.99663	1.00343	1.00622	1.00079	0.965343	0.976313	0.973471	0.956706	0.992845
25340	-1573.991	-1625.149	51.15772	1	0.99663	1.00343	1.00622	1.00079	0.965343	0.976313	0.973471	0.956706	0.992845
25350	-1574.084	-1625.242	51.15772	1	0.99663	1.00343	1.00622	1.00079	0.965343	0.976313	0.973471	0.956706	0.992845
25360	-1576.492	-1627.65	51.15772	1	0.99663	1.00343	1.00622	1.00079	0.965343	0.976313	0.973471	0.956706	0.992845
25370	-1574.676	-1625.834	51.15772	1	0.99663	1.00343	1.00622	1.00079	0.965343	0.976313	0.973471	0.956706	0.992845
25380	-1574.58	-1625.738	51.15772	1	0.99663	1.00343	1.00622	1.00079	0.965343	0.976313	0.973471	0.956706	0.992845
25390	-1574.064	-1625.221	51.15772	1	0.99663	1.00343	1.00622	1.00079	0.965343	0.976313	0.973471	0.956706	0.992845
25400	-1574.324	-1625.482	51.15772	1	0.99663	1.00343	1.00622	1.00079	0.965343	0.976313	0.973471	0.956706	0.992845
25410	-1573.932	-1625.09	51.15772	1	0.99663	1.00343	1.00622	1.00079	0.965343	0.976313	0.973471	0.956706	0.992845
25420	-1573.922	-1625.08	51.15772	1	0.99663	1.00343	1.00622	1.00079	0.965343	0.976313	0.973471	0.956706	0.992845
25430	-1573.962	-1625.12	51.15772	1	0.99663	1.00343	1.00622	1.00079	0.965343	0.976313	0.973471	0.956706	0.992845
25440	-1574.535	-1625.692	51.15772	1	0.99663	1.00343	1.00622	1.00079	0.965343	0.976313	0.973471	0.956706	0.992845
25450	-1574.283	-1625.44	51.15772	1	0.99663	1.00343	1.00622	1.00079	0.965343	0.976313	0.973471	0.956706	0.992845
25460	-1573.912	-1625.07	51.15772	1	0.99663	1.00343	1.00622	1.00079	0.965343	0.976313	0.973471	0.956706	0.992845
25470	-1576.072	-1627.229	51.15772	1	0.99663	1.00343	1.00622	1.00079	0.965343	0.976313	0.973471	0.956706	0.992845
25480	-1574.261	-1625.419	51.15772	1	0.99663	1.00343	1.00622	1.00079	0.965343	0.976313	0.973471	0.956706	0.992845
25490	-1573.917	-1625.075	51.15772	1	0.99663	1.00343	1.00622	1.00079	0.965343	0.976313	0.973471	0.956706	0.992845
25500	-1573.96	-1625.117	51.15772	1	0.99663	1.00343	1.00622	1.00079	0.965343	0.976313	0.973471	0.956706	0.992845
25510	-1575.387	-1626.544	51.15772	1	0.99663	1.00343	1.00622	1.00079	0.965343	0.976313	0.973471	0.956706	0.992845
25520	-1574.805	-1625.963	51.15772	1	0.99663	1.00343	1.00622	1.00079	0.965343	0.976313	0.973471	0.956706	0.992845
25530	-1574.553	-1625.71	51.15772	1	0.99663	1.00343	1.00622	1.00079	0.965343	0.976313	0.973471	0.956706	0.992845
25540	-1574.176	-1625.334	51.15772	1	0.99663	1.00343	1.00622	1.00079	0.965343	0.976313	0.973471	0.956706	0.992845
25550	-1574.128	-1625.285	51.15772	1	0.99663	1.00343	1.00622	1.00079	0.965343	0.976313	0.973471	0.956706	0.992845
25560	-1575.122	-1626.279	51.15772	1	0.99663	1.00343	1.00622	1.00079	0.965343	0.976313	0.973471	0.956706	0.992845
25570	-1574.017	-1625.175	51.15772	1	0.99663	1.00343	1.00622	1.00079	0.965343	0.976313	0.973471	0.956706	0.992845
25580	-1575.879	-1627.036	51.15772	1	0.99663	1.00343	1.00622	1.00079	0.965343	0.976313	0.973471	0.956706	0.992845
25590	-1575.584	-1626.741	51.15772	1	0.99663	1.00343	1.00622	1.00079	0.965343	0.976313	0.973471	0.956706	0.992845
25600	-1574.139	-1625.297	51.15772	1	0.99663	1.00343	1.00622	1.00079	0.965343	0.976313	0.973471	0.956706	0.992845
25610	-1573.922	-1625.079	51.15772	1	0.99663	1.00343	1.00622	1.00079	0.965343	0.976313	0.973471	0.956706	0.992845
25620	-1573.978	-1625.135	51.15772	1	0.99663	1.00343	1.00622	1.00079	0.965343	0.976313	0.973471	0.956706	0.992845
25630	-1574.525	-1625.682	51.15772	1	0.99663	1.00343	1.00622	1.00079	0.965343	0.976313	0.973471	0.956706	0.992845
25640	-1573.91	-1625.067	51.15772	1	0.99663	1.00343	1.00622	1.00079	0.965343	0.976313	0.973471	0.956706	0.992845
25650	-1574.587	-1625.745	51.15772	1	0.99663	1.00343	1.00622	1.00079	0.965343	0.976313	0.973471	0.956706	0.992845
25660	-1574.33	-1625.488	51.15772	1	0.99663	1.00343	1.00622	1.00079	0.965343	0.976313	0.973471	0.956706	0.992845
25670	-1573.937	-1625.094	51.15772	1	0.99663	1.00343	1.00622	1.00079	0.965343	0.976313	0.973471	0.956706	0.992845
25680	-1574.389	-1625.546	51.15772	1	0.99663	1.00343	1.00622	1.00079	0.965343	0.976313	0.973471	0.956706	0.992845
25690	-1573.916	-1625.074	51.15772	1	0.99663	1.00343	1.00622	1.00079	0.965343	0.976313	0.973471	0.956706	0.992845
25700	-1574.257	-1625.415	51.15772	1	0.99663	1.00343	1.00622	1.00079	0.965343	0.976313	0.973471	0.956706	0.992845
25710	-1574.661	-1625.819	51.15772	1	0.99663	1.00343	1.00622	1.00079	0.965343	0.976313	0.973471	0.956706	0.992845
25720	-1576.539	-1627.696	51.15772	1	0.99663	1.00343	1.00622	1.00079	0.965343	0.976313	0.973471	0.956706	0.992845
25730	-1573.92	-1625.078	51.15772	1	0.99663	1.00343	1.00622	1.00079	0.965343	0.976313	0.973471	0.956706	0.992845
25740	-1573.925	-1625.082	51.15772	1	0.99663	1.00343	1.00622	1.00079	0.965343	0.976313	0.973471	0.956706	0.992845
25750	-1574.999	-1626.157	51.15772	1	0.99663	1.00343	1.00622	1.00079	0.965343	0.976313	0.973471	0.956706	0.992845
25760	-1574.107	-1625.264	51.15772	1	0.99663	1.00343	1.00622	1.00079	0.965343	0.976313	0.973471	0.956706	0.992845
25770	-1573.914	-1625.072	51.15772	1	0.99663	1.00343	1.00622	1.00079	0.965343	0.976313	0.973471	0.956706	0.992845
25780	-1573.924	-1625.082	51.15772	1	0.99663	1.00343	1.00622	1.00079	0.965343	0.976313	0.973471	0.956706	0.992845
25790	-1574.065	-1625.222	51.15772	1	0.99663	1.00343	1.00622	1.00079	0.965343	0.976313	0.973471	0.956706	0.992845
25800	-1573.92	-1625.077	51.15772	1	0.99663	1.00343	1.00622	1.00079	0.965343	0.976313	0.973471	0.956706	0.992845
25810	-1574.146	-1625.304	51.15772	1	0.99663	1.00343	1.00622	1.00079	0.965343	0.976313	0.973471	0.956706	0.992845
25820	-1574.498	-1625.656	51.15772	1	0.99663	1.00343	1.00622	1.00079	0.965343	0.976313	0.973471	0.956706	0.992845
25830	-1574.002	-1625.16	51.15772	1	0.99663	1.00343	1.00622	1.00079	0.965343	0.976313	0.973471	0.956706	0.992845
25840	-1573.909	-1625.067	51.15772	1	0.99663	1.00343	1.00622	1.00079	0.965343	0.976313	0.973471	0.956706	0.992845
25850	-1574.496	-1625.654	51.15772	1	0.99663	1.00343	1.00622	1.00079	0.965343	0.976313	0.973471	0.956706	0.992845
25860	-1574.09	-1625.247	51.15772	1	0.99663	1.00343	1.00622	1.00079	0.965343	0.976313	0.973471	0.956706	0.992845
25870	-1574.091	-1625.249	51.15772	1	0.99663	1.00343	1.00622	1.00079	0.965343	0.976313	0.973471	0.956706	0.992845
25880	-1573.917	-1625.075	51.15772	1	0.99663	1.00343	1.00622	1.00079	0.965343	0.976313	0.973471	0.956706	0.992845
25890	-1574.468	-1625.626	51.15772	1	0.99663	1.00343	1.00622	1.00079	0.965343	0.976313	0.973471	0.956706	0.992845
25900	-1573.948	-1625.106	51.15772	1	0.99663	1.00343	1.00622	1.00079	0.965343	0.976313	0.973471	0.956706	0.992845
25910	-1573.956	-1625.113	51.15772	1	0.99663	1.00343	1.00622	1.00079	0.965343	0.976313	0.973471	0.956706	0.992845
25920	-1573.932	-1625.089	51.15772	1	0.99663	1.00343	1.00622	1.00079	0.965343	0.976313	0.973471	0.956706	0.992845
25930	-1573.909	-1625.067	51.15772	1	0.99663	1.00343	1.00622	1.00079	0.965343	0.976313	0.973471	0.956706	0.992845
25940	-1573.925	-1625.083	51.15772	1	0.99663	1.00343	1.00622	1.00079	0.965343	0.976313	0.973471	0.956706	0.992845
25950	-1574.466	-1625.624	51.15772	1	0.99663	1.00343	1.00622	1.00079	0.965343	0.976313	0.973471	0.956706	0.992845
25960	-1573.943	-1625.101	51.15772	1	0.99663	1.00343	1.00622	1.00079	0.965343	0.976313	0.973471	0.956706	0.992845
25970	-1574.248	-1625.406	51.15772	1	0.99663	1.00343	1.00622	1.00079	0.965343	0.976313	0.973471	0.956706	0.992845
25980	-1573.911	-1625.069	51.15772	1	0.99663	1.00343	1.00622	1.00079	0.965343	0.976313	0.973471	0.956706	0.992845
25990	-1574.124	-1625.281	51.15772	1	0.99663	1.00343	1.00622	1.00079	0.965343	0.976313	0.973471	0.956706	0.992845
26000	-1575.025	-1626.182	51.15772	1	0.99663	1.00343	1.00622	1.00079	0.965343	0.976313	0.973471	0.956706	0.992845
26010	-1574.051	-1625.208	51.15772	1	0.99663	1.00343	1.00622	1.00079	0.965343	0.976313	0.973471	0.956706	0.992845
26020	-1574.307	-1625.464	51.15772	1	0.99663	1.00343	1.00622	1.00079	0.965343	0.976313	0.973471	0.956706	0.992845
26030	-1574.795	-1625.953	51.15772	1	0.99663	1.00343	1.00622	1.00079	0.965343	0.976313	0.973471	0.956706	0.992845
26040	-1574.114	-1625.272	51.15772	1	0.99663	1.00343	1.00622	1.00079	0.965343	0.976313	0.973471	0.956706	0.992845
26050	-1573.917	-1625.075	51.15772	1	0.99663	1.00343	1.00622	1.00079	0.965343	0.976313	0.973471	0.956706	0.992845
26060	-1575.569	-1626.727	51.15772	1	0.99663	1.00343	1.00622	1.00079	0.965343	0.976313	0.973471	0.956706	0.992845
26070	-1573.913	-1625.07	51.15772	1	0.99663	1.00343	1.00622	1.00079	0.965343	0.976313	0.973471	0.956706	0.992845
26080	-1574.038	-1625.196	51.15772	1	0.99663	1.00343	1.00622	1.00079	0.965343	0.976313	0.973471	0.956706	0.992845
26090	-1574.047	-1625.205	51.15772	1	0.99663	1.00343	1.00622	1.00079	0.965343	0.976313	0.973471	0.956706	0.992845
26100	-1573.918	-1625.076	51.15772	1	0.99663	1.00343	1.00622	1.00079	0.965343	0.976313	0.973471	0.956706	0.992845
26110	-1574.113	-1625.271	51.15772	1	0.99663	1.00343	1.00622	1.00079	0.965343	0.976313	0.973471	0.956706	0.992845
26120	-1573.995	-1625.153	51.15772	1	0.99663	1.00343	1.00622	1.00079	0.965343	0.976313	0.973471	0.956706	0.992845
26130	-1574.043	-1625.2	51.15772	1	0.99663	1.00343	1.00622	1.00079	0.965343	0.976313	0.973471	0.956706	0.992845
26140	-1574.328	-1625.486	51.15772	1	0.99663	1.00343	1.00622	1.00079	0.965343	0.976313	0.973471	0.956706	0.992845
26150	-1574.622	-1625.78	51.15772	1	0.99663	1.00343	1.00622	1.00079	0.965343	0.976313	0.973471	0.956706	0.992845
26160	-1579.446	-1630.603	51.15772	1	0.99663	1.00343	1.00622	1.00079	0.965343	0.976313	0.973471	0.956706	0.992845
26170	-1574.944	-1626.102	51.15772	1	0.99663	1.00343	1.00622	1.00079	0.965343	0.976313	0.973471	0.956706	0.992845
26180	-1573.922	-1625.08	51.15772	1	0.99663	1.00343	1.00622	1.00079	0.965343	0.976313	0.973471	0.956706	0.992845
26190	-1574.976	-1626.134	51.15772	1	0.99663	1.00343	1.00622	1.00079	0.965343	0.976313	0.973471	0.956706	0.992845
26200	-1575.116	-1626.274	51.15772	1	0.99663	1.00343	1.00622	1.00079	0.965343	0.976313	0.973471	0.956706	0.992845
26210	-1573.934	-1625.092	51.15772	1	0.99663	1.00343	1.00622	1.00079	0.965343	0.976313	0.973471	0.956706	0.992845
26220	-1574.253	-1625.41	51.15772	1	0.99663	1.00343	1.00622	1.00079	0.965343	0.976313	0.973471	0.956706	0.992845
26230	-1574.905	-1626.063	51.15772	1	0.99663	1.00343	1.00622	1.00079	0.965343	0.976313	0.973471	0.956706	0.992845
26240	-1574.185	-1625.342	51.15772	1	0.99663	1.00343	1.00622	1.00079	0.965343	0.976313	0.973471	0.956706	0.992845
26250	-1574.362	-1625.519	51.15772	1	0.99663	1.00343	1.00622	1.00079	0.965343	0.976313	0.973471	0.956706	0.992845
26260	-1574.507	-1625.665	51.15772	1	0.99663	1.00343	1.00622	1.00079	0.965343	0.976313	0.973471	0.956706	0.992845
26270	-1573.935	-1625.093	51.15772	1	0.99663	1.00343	1.00622	1.00079	0.965343	0.976313	0.973471	0.956706	0.992845
26280	-1574.341	-1625.498	51.15772	1	0.99663	1.00343	1.00622	1.00079	0.965343	0.976313	0.973471	0.956706	0.992845
26290	-1573.939	-1625.097	51.15772	1	0.99663	1.00343	1.00622	1.00079	0.965343	0.976313	0.973471	0.956706	0.992845
26300	-1574.189	-1625.347	51.15772	1	0.99663	1.00343	1.00622	1.00079	0.965343	0.976313	0.973471	0.956706	0.992845
26310	-1574.117	-1625.274	51.15772	1	0.99663	1.00343	1.00622	1.00079	0.965343	0.976313	0.973471	0.956706	0.992845
26320	-1573.912	-1625.07	51.15772	1	0.99663	1.00343	1.00622	1.00079	0.965343	0.976313	0.973471	0.956706	0.992845
26330	-1574.305	-1625.463	51.15772	1	0.99663	1.00343	1.00622	1.00079	0.965343	0.976313	0.973471	0.956706	0.992845
26340	-1574.145	-1625.303	51.15772	1	0.99663	1.00343	1.00622	1.00079	0.965343	0.976313	0.973471	0.956706	0.992845
26350	-1575.247	-1626.405	51.15772	1	0.99663	1.00343	1.00622	1.00079	0.965343	0.976313	0.973471	0.956706	0.992845
26360	-1574.267	-1625.425	51.15772	1	0.99663	1.00343	1.00622	1.00079	0.965343	0.976313	0.973471	0.956706	0.992845
26370	-1574.335	-1625.492	51.15772	1	0.99663	1.00343	1.00622	1.00079	0.965343	0.976313	0.973471	0.956706	0.992845
26380	-1573.928	-1625.086	51.15772	1	0.99663	1.00343	1.00622	1.00079	0.965343	0.976313	0.973471	0.956706	0.992845
26390	-1574.232	-1625.39	51.15772	1	0.99663	1.00343	1.00622	1.00079	0.965343	0.976313	0.973471	0.956706	0.992845
26400	-1574.053	-1625.211	51.15772	1	0.99663	1.00343	1.00622	1.00079	0.965343	0.976313	0.973471	0.956706	0.992845
26410	-1574.256	-1625.414	51.15772	1	0.99663	1.00343	1.00622	1.00079	0.965343	0.976313	0.973471	0.956706	0.992845
26420	-1573.93	-1625.088	51.15772	1	0.99663	1.00343	1.00622	1.00079	0.965343	0.976313	0.973471	0.956706	0.992845
26430	-1574.668	-1625.825	51.15772	1	0.99663	1.00343	1.00622	1.00079	0.965343	0.976313	0.973471	0.956706	0.992845
26440	-1574.035	-1625.193	51.15772	1	0.99663	1.00343	1.00622	1.00079	0.965343	0.976313	0.973471	0.956706	0.992845
26450	-1575.989	-1627.147	51.15772	1	0.99663	1.00343	1.00622	1.00079	0.965343	0.976313	0.973471	0.956706	0.992845
26460	-1574.28	-1625.438	51.15772	1	0.99663	1.00343	1.00622	1.00079	0.965343	0.976313	0.973471	0.956706	0.992845
26470	-1576.098	-1627.256	51.15772	1	0.99663	1.00343	1.00622	1.00079	0.965343	0.976313	0.973471	0.956706	0.992845
26480	-1574.057	-1625.215	51.15772	1	0.99663	1.00343	1.00622	1.00079	0.965343	0.976313	0.973471	0.956706	0.992845
26490	-1575.047	-1626.205	51.15772	1	0.99663	1.00343	1.00622	1.00079	0.965343	0.976313	0.973471	0.956706	0.992845
26500	-1575.712	-1626.87	51.15772	1	0.99663	1.00343	1.00622	1.00079	0.965343	0.976313	0.973471	0.956706	0.992845
26510	-1576.567	-1627.724	51.15772	1	0.99663	1.00343	1.00622	1.00079	0.965343	0.976313	0.973471	0.956706	0.992845
26520	-1574.158	-1625.316	51.15772	1	0.99663	1.00343	1.00622	1.00079	0.965343	0.976313	0.973471	0.956706	0.992845
26530	-1574.157	-1625.315	51.15772	1	0.99663	1.00343	1.00622	1.00079	0.965343	0.976313	0.973471	0.956706	0.992845
26540	-1574.207	-1625.364	51.15772	1	0.99663	1.00343	1.00622	1.00079	0.965343	0.976313	0.973471	0.956706	0.992845
26550	-1574.751	-1625.909	51.15772	1	0.99663	1.00343	1.00622	1.00079	0.965343	0.976313	0.973471	0.956706	0.992845
26560	-1573.913	-1625.071	51.15772	1	0.99663	1.00343	1.00622	1.00079	0.965343	0.976313	0.973471	0.956706	0.992845
26570	-1573.915	-1625.073	51.15772	1	0.99663	1.00343	1.00622	1.00079	0.965343	0.976313	0.973471	0.956706	0.992845
26580	-1575.041	-1626.199	51.15772	1	0.99663	1.00343	1.00622	1.00079	0.965343	0.976313	0.973471	0.956706	0.992845
26590	-1573.92	-1625.078	51.15772	1	0.99663	1.00343	1.00622	1.00079	0.965343	0.976313	0.973471	0.956706	0.992845
26600	-1573.909	-1625.067	51.15772	1	0.99663	1.00343	1.00622	1.00079	0.965343	0.976313	0.973471	0.956706	0.992845
26610	-1573.932	-1625.09	51.15772	1	0.99663	1.00343	1.00622	1.00079	0.965343	0.976313	0.973471	0.956706	0.992845
26620	-1573.951	-1625.109	51.15772	1	0.99663	1.00343	1.00622	1.00079	0.965343	0.976313	0.973471	0.956706	0.992845
26630	-1574.242	-1625.4	51.15772	1	0.99663	1.00343	1.00622	1.00079	0.965343	0.976313	0.973471	0.956706	0.992845
26640	-1573.911	-1625.068	51.15772	1	0.99663	1.00343	1.00622	1.00079	0.965343	0.976313	0.973471	0.956706	0.992845
26650	-1574.094	-1625.251	51.15772	1	0.99663	1.00343	1.00622	1.00079	0.965343	0.976313	0.973471	0.956706	0.992845
26660	-1573.909	-1625.067	51.15772	1	0.99663	1.00343	1.00622	1.00079	0.965343	0.976313	0.973471	0.956706	0.992845
26670	-1575.164	-1626.322	51.15772	1	0.99663	1.00343	1.00622	1.00079	0.965343	0.976313	0.973471	0.956706	0.992845
26680	-1574.518	-1625.676	51.15772	1	0.99663	1.00343	1.00622	1.00079	0.965343	0.976313	0.973471	0.956706	0.992845
26690	-1573.911	-1625.069	51.15772	1	0.99663	1.00343	1.00622	1.00079	0.965343	0.976313	0.973471	0.956706	0.992845
26700	-1574.063	-1625.221	51.15772	1	0.99663	1.00343	1.00622	1.00079	0.965343	0.976313	0.973471	0.956706	0.992845
26710	-1574.58	-1625.738	51.15772	1	0.99663	1.00343	1.00622	1.00079	0.965343	0.976313	0.973471	0.956706	0.992845
26720	-1573.92	-1625.077	51.15772	1	0.99663	1.00343	1.00622	1.00079	0.965343	0.976313	0.973471	0.956706	0.992845
26730	-1574.045	-1625.203	51.15772	1	0.99663	1.00343	1.00622	1.00079	0.965343	0.976313	0.973471	0.956706	0.992845
26740	-1576.377	-1627.534	51.15772	1	0.99663	1.00343	1.00622	1.00079	0.965343	0.976313	0.973471	0.956706	0.992845
26750	-1574.107	-1625.265	51.15772	1	0.99663	1.00343	1.00622	1.00079	0.965343	0.976313	0.973471	0.956706	0.992845
26760	-1574.524	-1625.682	51.15772	1	0.99663	1.00343	1.00622	1.00079	0.965343	0.976313	0.973471	0.956706	0.992845
26770	-1573.949	-1625.107	51.15772	1	0.99663	1.00343	1.00622	1.00079	0.965343	0.976313	0.973471	0.956706	0.992845
26780	-1575.57	-1626.728	51.15772	1	0.99663	1.00343	1.00622	1.00079	0.965343	0.976313	0.973471	0.956706	0.992845
26790	-1574.847	-1626.005	51.15772	1	0.99663	1.00343	1.00622	1.00079	0.965343	0.976313	0.973471	0.956706	0.992845
26800	-1575.096	-1626.254	51.15772	1	0.99663	1.00343	1.00622	1.00079	0.965343	0.976313	0.973471	0.956706	0.992845
26810	-1574.009	-1625.166	51.15772	1	0.99663	1.00343	1.00622	1.00079	0.965343	0.976313	0.973471	0.956706	0.992845
26820	-1575.243	-1626.4	51.15772	1	0.99663	1.00343	1.00622	1.00079	0.965343	0.976313	0.973471	0.956706	0.992845
26830	-1573.963	-1625.121	51.15772	1	0.99663	1.00343	1.00622	1.00079	0.965343	0.976313	0.973471	0.956706	0.992845
26840	-1574.161	-1625.318	51.15772	1	0.99663	1.00343	1.00622	1.00079	0.965343	0.976313	0.973471	0.956706	0.992845
26850	-1573.946	-1625.104	51.15772	1	0.99663	1.00343	1.00622	1.00079	0.965343	0.976313	0.973471	0.956706	0.992845
26860	-1574.161	-1625.319	51.15772	1	0.99663	1.00343	1.00622	1.00079	0.965343	0.976313	0.973471	0.956706	0.992845
26870	-1573.95	-1625.108	51.15772	1	0.99663	1.00343	1.00622	1.00079	0.965343	0.976313	0.973471	0.956706	0.992845
26880	-1573.989	-1625.146	51.15772	1	0.99663	1.00343	1.00622	1.00079	0.965343	0.976313	0.973471	0.956706	0.992845
26890	-1573.979	-1625.137	51.15772	1	0.99663	1.00343	1.00622	1.00079	0.965343	0.976313	0.973471	0.956706	0.992845
26900	-1574.254	-1625.412	51.15772	1	0.99663	1.00343	1.00622	1.00079	0.965343	0.976313	0.973471	0.956706	0.992845
26910	-1574.568	-1625.726	51.15772	1	0.99663	1.00343	1.00622	1.00079	0.965343	0.976313	0.973471	0.956706	0.992845
26920	-1574.396	-1625.553	51.15772	1	0.99663	1.00343	1.00622	1.00079	0.965343	0.976313	0.973471	0.956706	0.992845
26930	-1573.919	-1625.077	51.15772	1	0.99663	1.00343	1.00622	1.00079	0.965343	0.976313	0.973471	0.956706	0.992845
26940	-1573.923	-1625.08	51.15772	1	0.99663	1.00343	1.00622	1.00079	0.965343	0.976313	0.973471	0.956706	0.992845
26950	-1573.965	-1625.123	51.15772	1	0.99663	1.00343	1.00622	1.00079	0.965343	0.976313	0.973471	0.956706	0.992845
26960	-1574.366	-1625.523	51.15772	1	0.99663	1.00343	1.00622	1.00079	0.965343	0.976313	0.973471	0.956706	0.992845
26970	-1574.741	-1625.898	51.15772	1	0.99663	1.00343	1.00622	1.00079	0.965343	0.976313	0.973471	0.956706	0.992845
26980	-1574.485	-1625.643	51.15772	1	0.99663	1.00343	1.00622	1.00079	0.965343	0.976313	0.973471	0.956706	0.992845
26990	-1575.207	-1626.365	51.15772	1	0.99663	1.00343	1.00622	1.00079	0.965343	0.976313	0.973471	0.956706	0.992845
27000	-1574.778	-1625.936	51.15772	1	0.99663	1.00343	1.00622	1.00079	0.965343	0.976313	0.973471	0.956706	0.992845
27010	-1574.233	-1625.39	51.15772	1	0.99663	1.00343	1.00622	1.00079	0.965343	0.976313	0.973471	0.956706	0.992845
27020	-1573.947	-1625.105	51.15772	1	0.99663	1.00343	1.00622	1.00079	0.965343	0.976313	0.973471	0.956706	0.992845
27030	-1573.925	-1625.083	51.15772	1	0.99663	1.00343	1.00622	1.00079	0.965343	0.976313	0.973471	0.956706	0.992845
27040	-1574.225	-1625.383	51.15772	1	0.99663	1.00343	1.00622	1.00079	0.965343	0.976313	0.973471	0.956706	0.992845
27050	-1574.28	-1625.438	51.15772	1	0.99663	1.00343	1.00622	1.00079	0.965343	0.976313	0.973471	0.956706	0.992845
27060	-1575.157	-1626.314	51.15772	1	0.99663	1.00343	1.00622	1.00079	0.965343	0.976313	0.973471	0.956706	0.992845
27070	-1573.996	-1625.154	51.15772	1	0.99663	1.00343	1.00622	1.00079	0.965343	0.976313	0.973471	0.956706	0.992845
27080	-1574.207	-1625.364	51.15772	1	0.99663	1.00343	1.00622	1.00079	0.965343	0.976313	0.973471	0.956706	0.992845
27090	-1574.128	-1625.286	51.15772	1	0.99663	1.00343	1.00622	1.00079	0.965343	0.976313	0.973471	0.956706	0.992845
27100	-1573.91	-1625.067	51.15772	1	0.99663	1.00343	1.00622	1.00079	0.965343	0.976313	0.973471	0.956706	0.992845
27110	-1575.675	-1626.832	51.15772	1	0.99663	1.00343	1.00622	1.00079	0.965343	0.976313	0.973471	0.956706	0.992845
27120	-1574.469	-1625.627	51.15772	1	0.99663	1.00343	1.00622	1.00079	0.965343	0.976313	0.973471	0.956706	0.992845
27130	-1573.958	-1625.116	51.15772	1	0.99663	1.00343	1.00622	1.00079	0.965343	0.976313	0.973471	0.956706	0.992845
27140	-1573.911	-1625.069	51.15772	1	0.99663	1.00343	1.00622	1.00079	0.965343	0.976313	0.973471	0.956706	0.992845
27150	-1574.384	-1625.541	51.15772	1	0.99663	1.00343	1.00622	1.00079	0.965343	0.976313	0.973471	0.956706	0.992845
27160	-1573.911	-1625.069	51.15772	1	0.99663	1.00343	1.00622	1.00079	0.965343	0.976313	0.973471	0.956706	0.992845
27170	-1576.003	-1627.161	51.15772	1	0.99663	1.00343	1.00622	1.00079	0.965343	0.976313	0.973471	0.956706	0.992845
27180	-1574.151	-1625.309	51.15772	1	0.99663	1.00343	1.00622	1.00079	0.965343	0.976313	0.973471	0.956706	0.992845
27190	-1574.038	-1625.196	51.15772	1	0.99663	1.00343	1.00622	1.00079	0.965343	0.976313	0.973471	0.956706	0.992845
27200	-1574.92	-1626.078	51.15772	1	0.99663	1.00343	1.00622	1.00079	0.965343	0.976313	0.973471	0.956706	0.992845
27210	-1574.065	-1625.223	51.15772	1	0.99663	1.00343	1.00622	1.00079	0.965343	0.976313	0.973471	0.956706	0.992845
27220	-1573.913	-1625.07	51.15772	1	0.99663	1.00343	1.00622	1.00079	0.965343	0.976313	0.973471	0.956706	0.992845
27230	-1574.039	-1625.196	51.15772	1	0.99663	1.00343	1.00622	1.00079	0.965343	0.976313	0.973471	0.956706	0.992845
27240	-1574.571	-1625.728	51.15772	1	0.99663	1.00343	1.00622	1.00079	0.965343	0.976313	0.973471	0.956706	0.992845
27250	-1573.914	-1625.071	51.15772	1	0.99663	1.00343	1.00622	1.00079	0.965343	0.976313	0.973471	0.956706	0.992845
27260	-1574.241	-1625.399	51.15772	1	0.99663	1.00343	1.00622	1.00079	0.965343	0.976313	0.973471	0.956706	0.992845
27270	-1573.975	-1625.133	51.15772	1	0.99663	1.00343	1.00622	1.00079	0.965343	0.976313	0.973471	0.956706	0.992845
27280	-1573.935	-1625.093	51.15772	1	0.99663	1.00343	1.00622	1.00079	0.965343	0.976313	0.973471	0.956706	0.992845
27290	-1573.914	-1625.071	51.15772	1	0.99663	1.00343	1.00622	1.00079	0.965343	0.976313	0.973471	0.956706	0.992845
27300	-1575.08	-1626.237	51.15772	1	0.99663	1.00343	1.00622	1.00079	0.965343	0.976313	0.973471	0.956706	0.992845
27310	-1574.764	-1625.922	51.15772	1	0.99663	1.00343	1.00622	1.00079	0.965343	0.976313	0.973471	0.956706	0.992845
27320	-1574.207	-1625.364	51.15772	1	0.99663	1.00343	1.00622	1.00079	0.965343	0.976313	0.973471	0.956706	0.992845
27330	-1574.139	-1625.297	51.15772	1	0.99663	1.00343	1.00622	1.00079	0.965343	0.976313	0.973471	0.956706	0.992845
27340	-1573.997	-1625.155	51.15772	1	0.99663	1.00343	1.00622	1.00079	0.965343	0.976313	0.973471	0.956706	0.992845
27350	-1573.943	-1625.1	51.15772	1	0.99663	1.00343	1.00622	1.00079	0.965343	0.976313	0.973471	0.956706	0.992845
27360	-1573.94	-1625.097	51.15772	1	0.99663	1.00343	1.00622	1.00079	0.965343	0.976313	0.973471	0.956706	0.992845
27370	-1573.987	-1625.145	51.15772	1	0.99663	1.00343	1.00622	1.00079	0.965343	0.976313	0.973471	0.956706	0.992845
27380	-1574.616	-1625.773	51.15772	1	0.99663	1.00343	1.00622	1.00079	0.965343	0.976313	0.973471	0.956706	0.992845
27390	-1574.623	-1625.781	51.15772	1	0.99663	1.00343	1.00622	1.00079	0.965343	0.976313	0.973471	0.956706	0.992845
27400	-1574.881	-1626.039	51.15772	1	0.99663	1.00343	1.00622	1.00079	0.965343	0.976313	0.973471	0.956706	0.992845
27410	-1574.631	-1625.789	51.15772	1	0.99663	1.00343	1.00622	1.00079	0.965343	0.976313	0.973471	0.956706	0.992845
27420	-1574.849	-1626.007	51.15772	1	0.99663	1.00343	1.00622	1.00079	0.965343	0.976313	0.973471	0.956706	0.992845
27430	-1574.019	-1625.177	51.15772	1	0.99663	1.00343	1.00622	1.00079	0.965343	0.976313	0.973471	0.956706	0.992845
27440	-1574.271	-1625.429	51.15772	1	0.99663	1.00343	1.00622	1.00079	0.965343	0.976313	0.973471	0.956706	0.992845
27450	-1574.747	-1625.905	51.15772	1	0.99663	1.00343	1.00622	1.00079	0.965343	0.976313	0.973471	0.956706	0.992845
27460	-1573.985	-1625.142	51.15772	1	0.99663	1.00343	1.00622	1.00079	0.965343	0.976313	0.973471	0.956706	0.992845
27470	-1575.772	-1626.93	51.15772	1	0.99663	1.00343	1.00622	1.00079	0.965343	0.976313	0.973471	0.956706	0.992845
27480	-1573.921	-1625.079	51.15772	1	0.99663	1.00343	1.00622	1.00079	0.965343	0.976313	0.973471	0.956706	0.992845
27490	-1574.396	-1625.554	51.15772	1	0.99663	1.00343	1.00622	1.00079	0.965343	0.976313	0.973471	0.956706	0.992845
27500	-1573.965	-1625.122	51.15772	1	0.99663	1.00343	1.00622	1.00079	0.965343	0.976313	0.973471	0.956706	0.992845
27510	-1573.921	-1625.079	51.15772	1	0.99663	1.00343	1.00622	1.00079	0.965343	0.976313	0.973471	0.956706	0.992845
27520	-1573.987	-1625.144	51.15772	1	0.99663	1.00343	1.00622	1.00079	0.965343	0.976313	0.973471	0.956706	0.992845
27530	-1576.194	-1627.352	51.15772	1	0.99663	1.00343	1.00622	1.00079	0.965343	0.976313	0.973471	0.956706	0.992845
27540	-1575.626	-1626.784	51.15772	1	0.99663	1.00343	1.00622	1.00079	0.965343	0.976313	0.973471	0.956706	0.992845
27550	-1574.473	-1625.63	51.15772	1	0.99663	1.00343	1.00622	1.00079	0.965343	0.976313	0.973471	0.956706	0.992845
27560	-1574.406	-1625.563	51.15772	1	0.99663	1.00343	1.00622	1.00079	0.965343	0.976313	0.973471	0.956706	0.992845
27570	-1574.025	-1625.183	51.15772	1	0.99663	1.00343	1.00622	1.00079	0.965343	0.976313	0.973471	0.956706	0.992845
27580	-1576.301	-1627.459	51.15772	1	0.99663	1.00343	1.00622	1.00079	0.965343	0.976313	0.973471	0.956706	0.992845
27590	-1574.08	-1625.237	51.15772	1	0.99663	1.00343	1.00622	1.00079	0.965343	0.976313	0.973471	0.956706	0.992845
27600	-1574.945	-1626.103	51.15772	1	0.99663	1.00343	1.00622	1.00079	0.965343	0.976313	0.973471	0.956706	0.992845
27610	-1573.975	-1625.132	51.15772	1	0.99663	1.00343	1.00622	1.00079	0.965343	0.976313	0.973471	0.956706	0.992845
27620	-1573.966	-1625.124	51.15772	1	0.99663	1.00343	1.00622	1.00079	0.965343	0.976313	0.973471	0.956706	0.992845
27630	-1573.975	-1625.132	51.15772	1	0.99663	1.00343	1.00622	1.00079	0.965343	0.976313	0.973471	0.956706	0.992845
27640	-1574.344	-1625.502	51.15772	1	0.99663	1.00343	1.00622	1.00079	0.965343	0.976313	0.973471	0.956706	0.992845
27650	-1573.966	-1625.124	51.15772	1	0.99663	1.00343	1.00622	1.00079	0.965343	0.976313	0.973471	0.956706	0.992845
27660	-1574.177	-1625.335	51.15772	1	0.99663	1.00343	1.00622	1.00079	0.965343	0.976313	0.973471	0.956706	0.992845
27670	-1574.279	-1625.436	51.15772	1	0.99663	1.00343	1.00622	1.00079	0.965343	0.976313	0.973471	0.956706	0.992845
27680	-1574.173	-1625.331	51.15772	1	0.99663	1.00343	1.00622	1.00079	0.965343	0.976313	0.973471	0.956706	0.992845
27690	-1574.601	-1625.759	51.15772	1	0.99663	1.00343	1.00622	1.00079	0.965343	0.976313	0.973471	0.956706	0.992845
27700	-1573.992	-1625.15	51.15772	1	0.99663	1.00343	1.00622	1.00079	0.965343	0.976313	0.973471	0.956706	0.992845
27710	-1573.952	-1625.109	51.15772	1	0.99663	1.00343	1.00622	1.00079	0.965343	0.976313	0.973471	0.956706	0.992845
27720	-1573.913	-1625.07	51.15772	1	0.99663	1.00343	1.00622	1.00079	0.965343	0.976313	0.973471	0.956706	0.992845
27730	-1573.915	-1625.072	51.15772	1	0.99663	1.00343	1.00622	1.00079	0.965343	0.976313	0.973471	0.956706	0.992845
27740	-1573.909	-1625.067	51.15772	1	0.99663	1.00343	1.00622	1.00079	0.965343	0.976313	0.973471	0.956706	0.992845
27750	-1574.01	-1625.168	51.15772	1	0.99663	1.00343	1.00622	1.00079	0.965343	0.976313	0.973471	0.956706	0.992845
27760	-1574.148	-1625.306	51.15772	1	0.99663	1.00343	1.00622	1.00079	0.965343	0.976313	0.973471	0.956706	0.992845
27770	-1573.981	-1625.139	51.15772	1	0.99663	1.00343	1.00622	1.00079	0.965343	0.976313	0.973471	0.956706	0.992845
27780	-1573.976	-1625.134	51.15772	1	0.99663	1.00343	1.00622	1.00079	0.965343	0.976313	0.973471	0.956706	0.992845
27790	-1574.115	-1625.273	51.15772	1	0.99663	1.00343	1.00622	1.00079	0.965343	0.976313	0.973471	0.956706	0.992845
27800	-1573.911	-1625.068	51.15772	1	0.99663	1.00343	1.00622	1.00079	0.965343	0.976313	0.973471	0.956706	0.992845
27810	-1573.93	-1625.088	51.15772	1	0.99663	1.00343	1.00622	1.00079	0.965343	0.976313	0.973471	0.956706	0.992845
27820	-1573.911	-1625.069	51.15772	1	0.99663	1.00343	1.00622	1.00079	0.965343	0.976313	0.973471	0.956706	0.992845
27830	-1574.012	-1625.169	51.15772	1	0.99663	1.00343	1.00622	1.00079	0.965343	0.976313	0.973471	0.956706	0.992845
27840	-1574.454	-1625.611	51.15772	1	0.99663	1.00343	1.00622	1.00079	0.965343	0.976313	0.973471	0.956706	0.992845
27850	-1573.912	-1625.07	51.15772	1	0.99663	1.00343	1.00622	1.00079	0.965343	0.976313	0.973471	0.956706	0.992845
27860	-1574.135	-1625.293	51.15772	1	0.99663	1.00343	1.00622	1.00079	0.965343	0.976313	0.973471	0.956706	0.992845
27870	-1574.062	-1625.22	51.15772	1	0.99663	1.00343	1.00622	1.00079	0.965343	0.976313	0.973471	0.956706	0.992845
27880	-1574.221	-1625.379	51.15772	1	0.99663	1.00343	1.00622	1.00079	0.965343	0.976313	0.973471	0.956706	0.992845
27890	-1576.338	-1627.496	51.15772	1	0.99663	1.00343	1.00622	1.00079	0.965343	0.976313	0.973471	0.956706	0.992845
27900	-1574.126	-1625.284	51.15772	1	0.99663	1.00343	1.00622	1.00079	0.965343	0.976313	0.973471	0.956706	0.992845
27910	-1574.176	-1625.334	51.15772	1	0.99663	1.00343	1.00622	1.00079	0.965343	0.976313	0.973471	0.956706	0.992845
27920	-1574.051	-1625.209	51.15772	1	0.99663	1.00343	1.00622	1.00079	0.965343	0.976313	0.973471	0.956706	0.992845
27930	-1574.761	-1625.919	51.15772	1	0.99663	1.00343	1.00622	1.00079	0.965343	0.976313	0.973471	0.956706	0.992845
27940	-1576.805	-1627.963	51.15772	1	0.99663	1.00343	1.00622	1.00079	0.965343	0.976313	0.973471	0.956706	0.992845
27950	-1574.411	-1625.569	51.15772	1	0.99663	1.00343	1.00622	1.00079	0.965343	0.976313	0.973471	0.956706	0.992845
27960	-1576.181	-1627.339	51.15772	1	0.99663	1.00343	1.00622	1.00079	0.965343	0.976313	0.973471	0.956706	0.992845
27970	-1573.916	-1625.074	51.15772	1	0.99663	1.00343	1.00622	1.00079	0.965343	0.976313	0.973471	0.956706	0.992845
27980	-1573.987	-1625.145	51.15772	1	0.99663	1.00343	1.00622	1.00079	0.965343	0.976313	0.973471	0.956706	0.992845
27990	-1575.031	-1626.189	51.15772	1	0.99663	1.00343	1.00622	1.00079	0.965343	0.976313	0.973471	0.956706	0.992845
28000	-1573.919	-1625.076	51.15772	1	0.99663	1.00343	1.00622	1.00079	0.965343	0.976313	0.973471	0.956706	0.992845
28010	-1575.021	-1626.179	51.15772	1	0.99663	1.00343	1.00622	1.00079	0.965343	0.976313	0.973471	0.956706	0.992845
28020	-1574.522	-1625.68	51.15772	1	0.99663	1.00343	1.00622	1.00079	0.965343	0.976313	0.973471	0.956706	0.992845
28030	-1573.933	-1625.091	51.15772	1	0.99663	1.00343	1.00622	1.00079	0.965343	0.976313	0.973471	0.956706	0.992845
28040	-1573.946	-1625.103	51.15772	1	0.99663	1.00343	1.00622	1.00079	0.965343	0.976313	0.973471	0.956706	0.992845
28050	-1573.929	-1625.087	51.15772	1	0.99663	1.00343	1.00622	1.00079	0.965343	0.976313	0.973471	0.956706	0.992845
28060	-1574.226	-1625.384	51.15772	1	0.99663	1.00343	1.00622	1.00079	0.965343	0.976313	0.973471	0.956706	0.992845
28070	-1573.942	-1625.1	51.15772	1	0.99663	1.00343	1.00622	1.00079	0.965343	0.976313	0.973471	0.956706	0.992845
28080	-1575.67	-1626.828	51.15772	1	0.99663	1.00343	1.00622	1.00079	0.965343	0.976313	0.973471	0.956706	0.992845
28090	-1574.357	-1625.515	51.15772	1	0.99663	1.00343	1.00622	1.00079	0.965343	0.976313	0.973471	0.956706	0.992845
28100	-1574.07	-1625.228	51.15772	1	0.99663	1.00343	1.00622	1.00079	0.965343	0.976313	0.973471	0.956706	0.992845
28110	-1574.054	-1625.212	51.15772	1	0.99663	1.00343	1.00622	1.00079	0.965343	0.976313	0.973471	0.956706	0.992845
28120	-1576.597	-1627.755	51.15772	1	0.99663	1.00343	1.00622	1.00079	0.965343	0.976313	0.973471	0.956706	0.992845
28130	-1574.483	-1625.64	51.15772	1	0.99663	1.00343	1.00622	1.00079	0.965343	0.976313	0.973471	0.956706	0.992845
28140	-1574.214	-1625.371	51.15772	1	0.99663	1.00343	1.00622	1.00079	0.965343	0.976313	0.973471	0.956706	0.992845
28150	-1574.085	-1625.243	51.15772	1	0.99663	1.00343	1.00622	1.00079	0.965343	0.976313	0.973471	0.956706	0.992845
28160	-1574.235	-1625.393	51.15772	1	0.99663	1.00343	1.00622	1.00079	0.965343	0.976313	0.973471	0.956706	0.992845
28170	-1573.957	-1625.115	51.15772	1	0.99663	1.00343	1.00622	1.00079	0.965343	0.976313	0.973471	0.956706	0.992845
28180	-1574.011	-1625.169	51.15772	1	0.99663	1.00343	1.00622	1.00079	0.965343	0.976313	0.973471	0.956706	0.992845
28190	-1574.368	-1625.526	51.15772	1	0.99663	1.00343	1.00622	1.00079	0.965343	0.976313	0.973471	0.956706	0.992845
28200	-1574.69	-1625.848	51.15772	1	0.99663	1.00343	1.00622	1.00079	0.965343	0.976313	0.973471	0.956706	0.992845
28210	-1573.948	-1625.105	51.15772	1	0.99663	1.00343	1.00622	1.00079	0.965343	0.976313	0.973471	0.956706	0.992845
28220	-1574.158	-1625.315	51.15772	1	0.99663	1.00343	1.00622	1.00079	0.965343	0.976313	0.973471	0.956706	0.992845
28230	-1573.963	-1625.12	51.15772	1	0.99663	1.00343	1.00622	1.00079	0.965343	0.976313	0.973471	0.956706	0.992845
28240	-1575.661	-1626.818	51.15772	1	0.99663	1.00343	1.00622	1.00079	0.965343	0.976313	0.973471	0.956706	0.992845
28250	-1574.279	-1625.437	51.15772	1	0.99663	1.00343	1.00622	1.00079	0.965343	0.976313	0.973471	0.956706	0.992845
28260	-1574.022	-1625.179	51.15772	1	0.99663	1.00343	1.00622	1.00079	0.965343	0.976313	0.973471	0.956706	0.992845
28270	-1574.961	-1626.119	51.15772	1	0.99663	1.00343	1.00622	1.00079	0.965343	0.976313	0.973471	0.956706	0.992845
28280	-1574.133	-1625.291	51.15772	1	0.99663	1.00343	1.00622	1.00079	0.965343	0.976313	0.973471	0.956706	0.992845
28290	-1573.928	-1625.085	51.15772	1	0.99663	1.00343	1.00622	1.00079	0.965343	0.976313	0.973471	0.956706	0.992845
28300	-1575.087	-1626.245	51.15772	1	0.99663	1.00343	1.00622	1.00079	0.965343	0.976313	0.973471	0.956706	0.992845
28310	-1574.141	-1625.298	51.15772	1	0.99663	1.00343	1.00622	1.00079	0.965343	0.976313	0.973471	0.956706	0.992845
28320	-1574.48	-1625.637	51.15772	1	0.99663	1.00343	1.00622	1.00079	0.965343	0.976313	0.973471	0.956706	0.992845
28330	-1574.007	-1625.165	51.15772	1	0.99663	1.00343	1.00622	1.00079	0.965343	0.976313	0.973471	0.956706	0.992845
28340	-1575.075	-1626.233	51.15772	1	0.99663	1.00343	1.00622	1.00079	0.965343	0.976313	0.973471	0.956706	0.992845
28350	-1574.296	-1625.454	51.15772	1	0.99663	1.00343	1.00622	1.00079	0.965343	0.976313	0.973471	0.956706	0.992845
28360	-1574.631	-1625.788	51.15772	1	0.99663	1.00343	1.00622	1.00079	0.965343	0.976313	0.973471	0.956706	0.992845
28370	-1573.986	-1625.144	51.15772	1	0.99663	1.00343	1.00622	1.00079	0.965343	0.976313	0.973471	0.956706	0.992845
28380	-1573.926	-1625.084	51.15772	1	0.99663	1.00343	1.00622	1.00079	0.965343	0.976313	0.973471	0.956706	0.992845
28390	-1573.993	-1625.15	51.15772	1	0.99663	1.00343	1.00622	1.00079	0.965343	0.976313	0.973471	0.956706	0.992845
28400	-1574.501	-1625.659	51.15772	1	0.99663	1.00343	1.00622	1.00079	0.965343	0.976313	0.973471	0.956706	0.992845
28410	-1575.373	-1626.53	51.15772	1	0.99663	1.00343	1.00622	1.00079	0.965343	0.976313	0.973471	0.956706	0.992845
28420	-1573.91	-1625.068	51.15772	1	0.99663	1.00343	1.00622	1.00079	0.965343	0.976313	0.973471	0.956706	0.992845
28430	-1574.002	-1625.16	51.15772	1	0.99663	1.00343	1.00622	1.00079	0.965343	0.976313	0.973471	0.956706	0.992845
28440	-1575.711	-1626.869	51.15772	1	0.99663	1.00343	1.00622	1.00079	0.965343	0.976313	0.973471	0.956706	0.992845
28450	-1574.94	-1626.098	51.15772	1	0.99663	1.00343	1.00622	1.00079	0.965343	0.976313	0.973471	0.956706	0.992845
28460	-1573.941	-1625.099	51.15772	1	0.99663	1.00343	1.00622	1.00079	0.965343	0.976313	0.973471	0.956706	0.992845
28470	-1574.119	-1625.277	51.15772	1	0.99663	1.00343	1.00622	1.00079	0.965343	0.976313	0.973471	0.956706	0.992845
28480	-1575.683	-1626.84	51.15772	1	0.99663	1.00343	1.00622	1.00079	0.965343	0.976313	0.973471	0.956706	0.992845
28490	-1573.912	-1625.07	51.15772	1	0.99663	1.00343	1.00622	1.00079	0.965343	0.976313	0.973471	0.956706	0.992845
28500	-1574.758	-1625.916	51.15772	1	0.99663	1.00343	1.00622	1.00079	0.965343	0.976313	0.973471	0.956706	0.992845
28510	-1573.917	-1625.074	51.15772	1	0.99663	1.00343	1.00622	1.00079	0.965343	0.976313	0.973471	0.956706	0.992845
28520	-1573.914	-1625.072	51.15772	1	0.99663	1.00343	1.00622	1.00079	0.965343	0.976313	0.973471	0.956706	0.992845
28530	-1573.956	-1625.114	51.15772	1	0.99663	1.00343	1.00622	1.00079	0.965343	0.976313	0.973471	0.956706	0.992845
28540	-1574.988	-1626.146	51.15772	1	0.99663	1.00343	1.00622	1.00079	0.965343	0.976313	0.973471	0.956706	0.992845
28550	-1574.29	-1625.447	51.15772	1	0.99663	1.00343	1.00622	1.00079	0.965343	0.976313	0.973471	0.956706	0.992845
28560	-1573.949	-1625.107	51.15772	1	0.99663	1.00343	1.00622	1.00079	0.965343	0.976313	0.973471	0.956706	0.992845
28570	-1576.872	-1628.03	51.15772	1	0.99663	1.00343	1.00622	1.00079	0.965343	0.976313	0.973471	0.956706	0.992845
28580	-1574.706	-1625.864	51.15772	1	0.99663	1.00343	1.00622	1.00079	0.965343	0.976313	0.973471	0.956706	0.992845
28590	-1573.973	-1625.13	51.15772	1	0.99663	1.00343	1.00622	1.00079	0.965343	0.976313	0.973471	0.956706	0.992845
28600	-1575.806	-1626.963	51.15772	1	0.99663	1.00343	1.00622	1.00079	0.965343	0.976313	0.973471	0.956706	0.992845
28610	-1574.667	-1625.824	51.15772	1	0.99663	1.00343	1.00622	1.00079	0.965343	0.976313	0.973471	0.956706	0.992845
28620	-1574.02	-1625.178	51.15772	1	0.99663	1.00343	1.00622	1.00079	0.965343	0.976313	0.973471	0.956706	0.992845
28630	-1575.251	-1626.409	51.15772	1	0.99663	1.00343	1.00622	1.00079	0.965343	0.976313	0.973471	0.956706	0.992845
28640	-1573.965	-1625.123	51.15772	1	0.99663	1.00343	1.00622	1.00079	0.965343	0.976313	0.973471	0.956706	0.992845
28650	-1574.145	-1625.303	51.15772	1	0.99663	1.00343	1.00622	1.00079	0.965343	0.976313	0.973471	0.956706	0.992845
28660	-1574.387	-1625.545	51.15772	1	0.99663	1.00343	1.00622	1.00079	0.965343	0.976313	0.973471	0.956706	0.992845
28670	-1574.668	-1625.826	51.15772	1	0.99663	1.00343	1.00622	1.00079	0.965343	0.976313	0.973471	0.956706	0.992845
28680	-1575.969	-1627.126	51.15772	1	0.99663	1.00343	1.00622	1.00079	0.965343	0.976313	0.973471	0.956706	0.992845
28690	-1574.075	-1625.232	51.15772	1	0.99663	1.00343	1.00622	1.00079	0.965343	0.976313	0.973471	0.956706	0.992845
28700	-1573.909	-1625.067	51.15772	1	0.99663	1.00343	1.00622	1.00079	0.965343	0.976313	0.973471	0.956706	0.992845
28710	-1575.025	-1626.183	51.15772	1	0.99663	1.00343	1.00622	1.00079	0.965343	0.976313	0.973471	0.956706	0.992845
28720	-1578.805	-1629.962	51.15772	1	0.99663	1.00343	1.00622	1.00079	0.965343	0.976313	0.973471	0.956706	0.992845
28730	-1574.074	-1625.231	51.15772	1	0.99663	1.00343	1.00622	1.00079	0.965343	0.976313	0.973471	0.956706	0.992845
28740	-1574.907	-1626.065	51.15772	1	0.99663	1.00343	1.00622	1.00079	0.965343	0.976313	0.973471	0.956706	0.992845
28750	-1575.018	-1626.175	51.15772	1	0.99663	1.00343	1.00622	1.00079	0.965343	0.976313	0.973471	0.956706	0.992845
28760	-1574.19	-1625.348	51.15772	1	0.99663	1.00343	1.00622	1.00079	0.965343	0.976313	0.973471	0.956706	0.992845
28770	-1574.206	-1625.363	51.15772	1	0.99663	1.00343	1.00622	1.00079	0.965343	0.976313	0.973471	0.956706	0.992845
28780	-1573.919	-1625.076	51.15772	1	0.99663	1.00343	1.00622	1.00079	0.965343	0.976313	0.973471	0.956706	0.992845
28790	-1574.538	-1625.695	51.15772	1	0.99663	1.00343	1.00622	1.00079	0.965343	0.976313	0.973471	0.956706	0.992845
28800	-1574.835	-1625.993	51.15772	1	0.99663	1.00343	1.00622	1.00079	0.965343	0.976313	0.973471	0.956706	0.992845
28810	-1573.945	-1625.102	51.15772	1	0.99663	1.00343	1.00622	1.00079	0.965343	0.976313	0.973471	0.956706	0.992845
28820	-1573.923	-1625.081	51.15772	1	0.99663	1.00343	1.00622	1.00079	0.965343	0.976313	0.973471	0.956706	0.992845
28830	-1573.931	-1625.089	51.15772	1	0.99663	1.00343	1.00622	1.00079	0.965343	0.976313	0.973471	0.956706	0.992845
28840	-1573.91	-1625.067	51.15772	1	0.99663	1.00343	1.00622	1.00079	0.965343	0.976313	0.973471	0.956706	0.992845
28850	-1573.936	-1625.093	51.15772	1	0.99663	1.00343	1.00622	1.00079	0.965343	0.976313	0.973471	0.956706	0.992845
28860	-1573.912	-1625.07	51.15772	1	0.99663	1.00343	1.00622	1.00079	0.965343	0.976313	0.973471	0.956706	0.992845
28870	-1573.976	-1625.134	51.15772	1	0.99663	1.00343	1.00622	1.00079	0.965343	0.976313	0.973471	0.956706	0.992845
28880	-1573.958	-1625.116	51.15772	1	0.99663	1.00343	1.00622	1.00079	0.965343	0.976313	0.973471	0.956706	0.992845
28890	-1574.591	-1625.749	51.15772	1	0.99663	1.00343	1.00622	1.00079	0.965343	0.976313	0.973471	0.956706	0.992845
28900	-1573.914	-1625.071	51.15772	1	0.99663	1.00343	1.00622	1.00079	0.965343	0.976313	0.973471	0.956706	0.992845
28910	-1574.006	-1625.164	51.15772	1	0.99663	1.00343	1.00622	1.00079	0.965343	0.976313	0.973471	0.956706	0.992845
28920	-1573.996	-1625.154	51.15772	1	0.99663	1.00343	1.00622	1.00079	0.965343	0.976313	0.973471	0.956706	0.992845
28930	-1574.354	-1625.511	51.15772	1	0.99663	1.00343	1.00622	1.00079	0.965343	0.976313	0.973471	0.956706	0.992845
28940	-1576.235	-1627.392	51.15772	1	0.99663	1.00343	1.00622	1.00079	0.965343	0.976313	0.973471	0.956706	0.992845
28950	-1574.031	-1625.189	51.15772	1	0.99663	1.00343	1.00622	1.00079	0.965343	0.976313	0.973471	0.956706	0.992845
28960	-1574.217	-1625.374	51.15772	1	0.99663	1.00343	1.00622	1.00079	0.965343	0.976313	0.973471	0.956706	0.992845
28970	-1574.86	-1626.018	51.15772	1	0.99663	1.00343	1.00622	1.00079	0.965343	0.976313	0.973471	0.956706	0.992845
28980	-1574.627	-1625.784	51.15772	1	0.99663	1.00343	1.00622	1.00079	0.965343	0.976313	0.973471	0.956706	0.992845
28990	-1574.009	-1625.167	51.15772	1	0.99663	1.00343	1.00622	1.00079	0.965343	0.976313	0.973471	0.956706	0.992845
29000	-1576.181	-1627.339	51.15772	1	0.99663	1.00343	1.00622	1.00079	0.965343	0.976313	0.973471	0.956706	0.992845
29010	-1574.662	-1625.82	51.15772	1	0.99663	1.00343	1.00622	1.00079	0.965343	0.976313	0.973471	0.956706	0.992845
29020	-1574.689	-1625.846	51.15772	1	0.99663	1.00343	1.00622	1.00079	0.965343	0.976313	0.973471	0.956706	0.992845
29030	-1575.481	-1626.638	51.15772	1	0.99663	1.00343	1.00622	1.00079	0.965343	0.976313	0.973471	0.956706	0.992845
29040	-1574.529	-1625.687	51.15772	1	0.99663	1.00343	1.00622	1.00079	0.965343	0.976313	0.973471	0.956706	0.992845
29050	-1574.727	-1625.885	51.15772	1	0.99663	1.00343	1.00622	1.00079	0.965343	0.976313	0.973471	0.956706	0.992845
29060	-1573.918	-1625.076	51.15772	1	0.99663	1.00343	1.00622	1.00079	0.965343	0.976313	0.973471	0.956706	0.992845
29070	-1574.698	-1625.855	51.15772	1	0.99663	1.00343	1.00622	1.00079	0.965343	0.976313	0.973471	0.956706	0.992845
29080	-1573.966	-1625.124	51.15772	1	0.99663	1.00343	1.00622	1.00079	0.965343	0.976313	0.973471	0.956706	0.992845
29090	-1573.934	-1625.091	51.15772	1	0.99663	1.00343	1.00622	1.00079	0.965343	0.976313	0.973471	0.956706	0.992845
29100	-1573.959	-1625.117	51.15772	1	0.99663	1.00343	1.00622	1.00079	0.965343	0.976313	0.973471	0.956706	0.992845
29110	-1575.039	-1626.197	51.15772	1	0.99663	1.00343	1.00622	1.00079	0.965343	0.976313	0.973471	0.956706	0.992845
29120	-1574.489	-1625.647	51.15772	1	0.99663	1.00343	1.00622	1.00079	0.965343	0.976313	0.973471	0.956706	0.992845
29130	-1575.036	-1626.194	51.15772	1	0.99663	1.00343	1.00622	1.00079	0.965343	0.976313	0.973471	0.956706	0.992845
29140	-1573.909	-1625.067	51.15772	1	0.99663	1.00343	1.00622	1.00079	0.965343	0.976313	0.973471	0.956706	0.992845
29150	-1573.914	-1625.072	51.15772	1	0.99663	1.00343	1.00622	1.00079	0.965343	0.976313	0.973471	0.956706	0.992845
29160	-1576.477	-1627.635	51.15772	1	0.99663	1.00343	1.00622	1.00079	0.965343	0.976313	0.973471	0.956706	0.992845
29170	-1576.286	-1627.444	51.15772	1	0.99663	1.00343	1.00622	1.00079	0.965343	0.976313	0.973471	0.956706	0.992845
29180	-1574.422	-1625.579	51.15772	1	0.99663	1.00343	1.00622	1.00079	0.965343	0.976313	0.973471	0.956706	0.992845
29190	-1574.317	-1625.474	51.15772	1	0.99663	1.00343	1.00622	1.00079	0.965343	0.976313	0.973471	0.956706	0.992845
29200	-1573.921	-1625.079	51.15772	1	0.99663	1.00343	1.00622	1.00079	0.965343	0.976313	0.973471	0.956706	0.992845
29210	-1574.525	-1625.682	51.15772	1	0.99663	1.00343	1.00622	1.00079	0.965343	0.976313	0.973471	0.956706	0.992845
29220	-1574.397	-1625.554	51.15772	1	0.99663	1.00343	1.00622	1.00079	0.965343	0.976313	0.973471	0.956706	0.992845
29230	-1574.65	-1625.808	51.15772	1	0.99663	1.00343	1.00622	1.00079	0.965343	0.976313	0.973471	0.956706	0.992845
29240	-1574.788	-1625.946	51.15772	1	0.99663	1.00343	1.00622	1.00079	0.965343	0.976313	0.973471	0.956706	0.992845
29250	-1574.505	-1625.663	51.15772	1	0.99663	1.00343	1.00622	1.00079	0.965343	0.976313	0.973471	0.956706	0.992845
29260	-1574.612	-1625.77	51.15772	1	0.99663	1.00343	1.00622	1.00079	0.965343	0.976313	0.973471	0.956706	0.992845
29270	-1574.935	-1626.093	51.15772	1	0.99663	1.00343	1.00622	1.00079	0.965343	0.976313	0.973471	0.956706	0.992845
29280	-1573.953	-1625.111	51.15772	1	0.99663	1.00343	1.00622	1.00079	0.965343	0.976313	0.973471	0.956706	0.992845
29290	-1574.059	-1625.216	51.15772	1	0.99663	1.00343	1.00622	1.00079	0.965343	0.976313	0.973471	0.956706	0.992845
29300	-1573.914	-1625.072	51.15772	1	0.99663	1.00343	1.00622	1.00079	0.965343	0.976313	0.973471	0.956706	0.992845
29310	-1574.124	-1625.281	51.15772	1	0.99663	1.00343	1.00622	1.00079	0.965343	0.976313	0.973471	0.956706	0.992845
29320	-1574.304	-1625.461	51.15772	1	0.99663	1.00343	1.00622	1.00079	0.965343	0.976313	0.973471	0.956706	0.992845
29330	-1574.052	-1625.209	51.15772	1	0.99663	1.00343	1.00622	1.00079	0.965343	0.976313	0.973471	0.956706	0.992845
29340	-1574.36	-1625.518	51.15772	1	0.99663	1.00343	1.00622	1.00079	0.965343	0.976313	0.973471	0.956706	0.992845
29350	-1574.546	-1625.704	51.15772	1	0.99663	1.00343	1.00622	1.00079	0.965343	0.976313	0.973471	0.956706	0.992845
29360	-1574.828	-1625.986	51.15772	1	0.99663	1.00343	1.00622	1.00079	0.965343	0.976313	0.973471	0.956706	0.992845
29370	-1573.948	-1625.106	51.15772	1	0.99663	1.00343	1.00622	1.00079	0.965343	0.976313	0.973471	0.956706	0.992845
29380	-1574.349	-1625.507	51.15772	1	0.99663	1.00343	1.00622	1.00079	0.965343	0.976313	0.973471	0.956706	0.992845
29390	-1573.91	-1625.067	51.15772	1	0.99663	1.00343	1.00622	1.00079	0.965343	0.976313	0.973471	0.956706	0.992845
29400	-1575.98	-1627.138	51.15772	1	0.99663	1.00343	1.00622	1.00079	0.965343	0.976313	0.973471	0.956706	0.992845
29410	-1574.056	-1625.214	51.15772	1	0.99663	1.00343	1.00622	1.00079	0.965343	0.976313	0.973471	0.956706	0.992845
29420	-1574.1	-1625.258	51.15772	1	0.99663	1.00343	1.00622	1.00079	0.965343	0.976313	0.973471	0.956706	0.992845
29430	-1575.051	-1626.209	51.15772	1	0.99663	1.00343	1.00622	1.00079	0.965343	0.976313	0.973471	0.956706	0.992845
29440	-1573.945	-1625.103	51.15772	1	0.99663	1.00343	1.00622	1.00079	0.965343	0.976313	0.973471	0.956706	0.992845
29450	-1573.965	-1625.123	51.15772	1	0.99663	1.00343	1.00622	1.00079	0.965343	0.976313	0.973471	0.956706	0.992845
29460	-1573.946	-1625.104	51.15772	1	0.99663	1.00343	1.00622	1.00079	0.965343	0.976313	0.973471	0.956706	0.992845
29470	-1574.078	-1625.236	51.15772	1	0.99663	1.00343	1.00622	1.00079	0.965343	0.976313	0.973471	0.956706	0.992845
29480	-1573.943	-1625.101	51.15772	1	0.99663	1.00343	1.00622	1.00079	0.965343	0.976313	0.973471	0.956706	0.992845
29490	-1575.383	-1626.541	51.15772	1	0.99663	1.00343	1.00622	1.00079	0.965343	0.976313	0.973471	0.956706	0.992845
29500	-1574.32	-1625.478	51.15772	1	0.99663	1.00343	1.00622	1.00079	0.965343	0.976313	0.973471	0.956706	0.992845
29510	-1573.909	-1625.067	51.15772	1	0.99663	1.00343	1.00622	1.00079	0.965343	0.976313	0.973471	0.956706	0.992845
29520	-1573.92	-1625.078	51.15772	1	0.99663	1.00343	1.00622	1.00079	0.965343	0.976313	0.973471	0.956706	0.992845
29530	-1574.305	-1625.463	51.15772	1	0.99663	1.00343	1.00622	1.00079	0.965343	0.976313	0.973471	0.956706	0.992845
29540	-1574.295	-1625.453	51.15772	1	0.99663	1.00343	1.00622	1.00079	0.965343	0.976313	0.973471	0.956706	0.992845
29550	-1574.318	-1625.476	51.15772	1	0.99663	1.00343	1.00622	1.00079	0.965343	0.976313	0.973471	0.956706	0.992845
29560	-1575.554	-1626.712	51.15772	1	0.99663	1.00343	1.00622	1.00079	0.965343	0.976313	0.973471	0.956706	0.992845
29570	-1574.321	-1625.479	51.15772	1	0.99663	1.00343	1.00622	1.00079	0.965343	0.976313	0.973471	0.956706	0.992845
29580	-1573.976	-1625.133	51.15772	1	0.99663	1.00343	1.00622	1.00079	0.965343	0.976313	0.973471	0.956706	0.992845
29590	-1574.57	-1625.728	51.15772	1	0.99663	1.00343	1.00622	1.00079	0.965343	0.976313	0.973471	0.956706	0.992845
29600	-1574.435	-1625.593	51.15772	1	0.99663	1.00343	1.00622	1.00079	0.965343	0.976313	0.973471	0.956706	0.992845
29610	-1573.917	-1625.075	51.15772	1	0.99663	1.00343	1.00622	1.00079	0.965343	0.976313	0.973471	0.956706	0.992845
29620	-1573.91	-1625.068	51.15772	1	0.99663	1.00343	1.00622	1.00079	0.965343	0.976313	0.973471	0.956706	0.992845
29630	-1575.188	-1626.346	51.15772	1	0.99663	1.00343	1.00622	1.00079	0.965343	0.976313	0.973471	0.956706	0.992845
29640	-1574.107	-1625.265	51.15772	1	0.99663	1.00343	1.00622	1.00079	0.965343	0.976313	0.973471	0.956706	0.992845
29650	-1574.112	-1625.269	51.15772	1	0.99663	1.00343	1.00622	1.00079	0.965343	0.976313	0.973471	0.956706	0.992845
29660	-1573.914	-1625.071	51.15772	1	0.99663	1.00343	1.00622	1.00079	0.965343	0.976313	0.973471	0.956706	0.992845
29670	-1574.125	-1625.283	51.15772	1	0.99663	1.00343	1.00622	1.00079	0.965343	0.976313	0.973471	0.956706	0.992845
29680	-1573.924	-1625.082	51.15772	1	0.99663	1.00343	1.00622	1.00079	0.965343	0.976313	0.973471	0.956706	0.992845
29690	-1574.275	-1625.433	51.15772	1	0.99663	1.00343	1.00622	1.00079	0.965343	0.976313	0.973471	0.956706	0.992845
29700	-1573.921	-1625.079	51.15772	1	0.99663	1.00343	1.00622	1.00079	0.965343	0.976313	0.973471	0.956706	0.992845
29710	-1573.926	-1625.084	51.15772	1	0.99663	1.00343	1.00622	1.00079	0.965343	0.976313	0.973471	0.956706	0.992845
29720	-1574.068	-1625.226	51.15772	1	0.99663	1.00343	1.00622	1.00079	0.965343	0.976313	0.973471	0.956706	0.992845
29730	-1574.237	-1625.394	51.15772	1	0.99663	1.00343	1.00622	1.00079	0.965343	0.976313	0.973471	0.956706	0.992845
29740	-1574.001	-1625.159	51.15772	1	0.99663	1.00343	1.00622	1.00079	0.965343	0.976313	0.973471	0.956706	0.992845
29750	-1573.966	-1625.124	51.15772	1	0.99663	1.00343	1.00622	1.00079	0.965343	0.976313	0.973471	0.956706	0.992845
29760	-1574.992	-1626.15	51.15772	1	0.99663	1.00343	1.00622	1.00079	0.965343	0.976313	0.973471	0.956706	0.992845
29770	-1574.156	-1625.314	51.15772	1	0.99663	1.00343	1.00622	1.00079	0.965343	0.976313	0.973471	0.956706	0.992845
29780	-1576.548	-1627.706	51.15772	1	0.99663	1.00343	1.00622	1.00079	0.965343	0.976313	0.973471	0.956706	0.992845
29790	-1574.215	-1625.373	51.15772	1	0.99663	1.00343	1.00622	1.00079	0.965343	0.976313	0.973471	0.956706	0.992845
29800	-1574.203	-1625.361	51.15772	1	0.99663	1.00343	1.00622	1.00079	0.965343	0.976313	0.973471	0.956706	0.992845
29810	-1574.247	-1625.405	51.15772	1	0.99663	1.00343	1.00622	1.00079	0.965343	0.976313	0.973471	0.956706	0.992845
29820	-1573.926	-1625.084	51.15772	1	0.99663	1.00343	1.00622	1.00079	0.965343	0.976313	0.973471	0.956706	0.992845
29830	-1573.911	-1625.069	51.15772	1	0.99663	1.00343	1.00622	1.00079	0.965343	0.976313	0.973471	0.956706	0.992845
29840	-1573.947	-1625.105	51.15772	1	0.99663	1.00343	1.00622	1.00079	0.965343	0.976313	0.973471	0.956706	0.992845
29850	-1574.977	-1626.135	51.15772	1	0.99663	1.00343	1.00622	1.00079	0.965343	0.976313	0.973471	0.956706	0.992845
29860	-1574.377	-1625.535	51.15772	1	0.99663	1.00343	1.00622	1.00079	0.965343	0.976313	0.973471	0.956706	0.992845
29870	-1574.13	-1625.288	51.15772	1	0.99663	1.00343	1.00622	1.00079	0.965343	0.976313	0.973471	0.956706	0.992845
29880	-1574.443	-1625.601	51.15772	1	0.99663	1.00343	1.00622	1.00079	0.965343	0.976313	0.973471	0.956706	0.992845
29890	-1574.99	-1626.148	51.15772	1	0.99663	1.00343	1.00622	1.00079	0.965343	0.976313	0.973471	0.956706	0.992845
29900	-1576.3	-1627.458	51.15772	1	0.99663	1.00343	1.00622	1.00079	0.965343	0.976313	0.973471	0.956706	0.992845
29910	-1575.562	-1626.72	51.15772	1	0.99663	1.00343	1.00622	1.00079	0.965343	0.976313	0.973471	0.956706	0.992845
29920	-1573.963	-1625.12	51.15772	1	0.99663	1.00343	1.00622	1.00079	0.965343	0.976313	0.973471	0.956706	0.992845
29930	-1574.027	-1625.185	51.15772	1	0.99663	1.00343	1.00622	1.00079	0.965343	0.976313	0.973471	0.956706	0.992845
29940	-1575.259	-1626.417	51.15772	1	0.99663	1.00343	1.00622	1.00079	0.965343	0.976313	0.973471	0.956706	0.992845
29950	-1573.99	-1625.148	51.15772	1	0.99663	1.00343	1.00622	1.00079	0.965343	0.976313	0.973471	0.956706	0.992845
29960	-1574.236	-1625.394	51.15772	1	0.99663	1.00343	1.00622	1.00079	0.965343	0.976313	0.973471	0.956706	0.992845
29970	-1575.458	-1626.616	51.15772	1	0.99663	1.00343	1.00622	1.00079	0.965343	0.976313	0.973471	0.956706	0.992845
29980	-1574.77	-1625.927	51.15772	1	0.99663	1.00343	1.00622	1.00079	0.965343	0.976313	0.973471	0.956706	0.992845
29990	-1574.331	-1625.489	51.15772	1	0.99663	1.00343	1.00622	1.00079	0.965343	0.976313	0.973471	0.956706	0.992845
30000	-1573.916	-1625.074	51.15772	1	0.99663	1.00343	1.00622	1.00079	0.965343	0.976313	0.973471	0.956706	0.992845
30010	-1573.914	-1625.071	51.15772	1	0.99663	1.00343	1.00622	1.00079	0.965343	0.976313	0.973471	0.956706	0.992845
30020	-1574.422	-1625.58	51.15772	1	0.99663	1.00343	1.00622	1.00079	0.965343	0.976313	0.973471	0.956706	0.992845
30030	-1573.925	-1625.083	51.15772	1	0.99663	1.00343	1.00622	1.00079	0.965343	0.976313	0.973471	0.956706	0.992845
30040	-1573.915	-1625.072	51.15772	1	0.99663	1.00343	1.00622	1.00079	0.965343	0.976313	0.973471	0.956706	0.992845
30050	-1574.331	-1625.489	51.15772	1	0.99663	1.00343	1.00622	1.00079	0.965343	0.976313	0.973471	0.956706	0.992845
30060	-1576.379	-1627.537	51.15772	1	0.99663	1.00343	1.00622	1.00079	0.965343	0.976313	0.973471	0.956706	0.992845
30070	-1576.062	-1627.22	51.15772	1	0.99663	1.00343	1.00622	1.00079	0.965343	0.976313	0.973471	0.956706	0.992845
30080	-1573.936	-1625.093	51.15772	1	0.99663	1.00343	1.00622	1.00079	0.965343	0.976313	0.973471	0.956706	0.992845
30090	-1574.717	-1625.875	51.15772	1	0.99663	1.00343	1.00622	1.00079	0.965343	0.976313	0.973471	0.956706	0.992845
30100	-1574.261	-1625.419	51.15772	1	0.99663	1.00343	1.00622	1.00079	0.965343	0.976313	0.973471	0.956706	0.992845
30110	-1574.143	-1625.3	51.15772	1	0.99663	1.00343	1.00622	1.00079	0.965343	0.976313	0.973471	0.956706	0.992845
30120	-1574.211	-1625.369	51.15772	1	0.99663	1.00343	1.00622	1.00079	0.965343	0.976313	0.973471	0.956706	0.992845
30130	-1574.18	-1625.338	51.15772	1	0.99663	1.00343	1.00622	1.00079	0.965343	0.976313	0.973471	0.956706	0.992845
30140	-1574.059	-1625.217	51.15772	1	0.99663	1.00343	1.00622	1.00079	0.965343	0.976313	0.973471	0.956706	0.992845
30150	-1574.485	-1625.643	51.15772	1	0.99663	1.00343	1.00622	1.00079	0.965343	0.976313	0.973471	0.956706	0.992845
30160	-1573.918	-1625.076	51.15772	1	0.99663	1.00343	1.00622	1.00079	0.965343	0.976313	0.973471	0.956706	0.992845
30170	-1574.524	-1625.682	51.15772	1	0.99663	1.00343	1.00622	1.00079	0.965343	0.976313	0.973471	0.956706	0.992845
30180	-1574.019	-1625.177	51.15772	1	0.99663	1.00343	1.00622	1.00079	0.965343	0.976313	0.973471	0.956706	0.992845
30190	-1573.98	-1625.138	51.15772	1	0.99663	1.00343	1.00622	1.00079	0.965343	0.976313	0.973471	0.956706	0.992845
30200	-1574.822	-1625.98	51.15772	1	0.99663	1.00343	1.00622	1.00079	0.965343	0.976313	0.973471	0.956706	0.992845
30210	-1574.65	-1625.808	51.15772	1	0.99663	1.00343	1.00622	1.00079	0.965343	0.976313	0.973471	0.956706	0.992845
30220	-1576.17	-1627.328	51.15772	1	0.99663	1.00343	1.00622	1.00079	0.965343	0.976313	0.973471	0.956706	0.992845
30230	-1574.472	-1625.629	51.15772	1	0.99663	1.00343	1.00622	1.00079	0.965343	0.976313	0.973471	0.956706	0.992845
30240	-1574.323	-1625.48	51.15772	1	0.99663	1.00343	1.00622	1.00079	0.965343	0.976313	0.973471	0.956706	0.992845
30250	-1574.416	-1625.574	51.15772	1	0.99663	1.00343	1.00622	1.00079	0.965343	0.976313	0.973471	0.956706	0.992845
30260	-1574.428	-1625.586	51.15772	1	0.99663	1.00343	1.00622	1.00079	0.965343	0.976313	0.973471	0.956706	0.992845
30270	-1574.459	-1625.617	51.15772	1	0.99663	1.00343	1.00622	1.00079	0.965343	0.976313	0.973471	0.956706	0.992845
30280	-1574.652	-1625.81	51.15772	1	0.99663	1.00343	1.00622	1.00079	0.965343	0.976313	0.973471	0.956706	0.992845
30290	-1575.699	-1626.856	51.15772	1	0.99663	1.00343	1.00622	1.00079	0.965343	0.976313	0.973471	0.956706	0.992845
30300	-1573.997	-1625.155	51.15772	1	0.99663	1.00343	1.00622	1.00079	0.965343	0.976313	0.973471	0.956706	0.992845
30310	-1573.92	-1625.078	51.15772	1	0.99663	1.00343	1.00622	1.00079	0.965343	0.976313	0.973471	0.956706	0.992845
30320	-1573.977	-1625.135	51.15772	1	0.99663	1.00343	1.00622	1.00079	0.965343	0.976313	0.973471	0.956706	0.992845
30330	-1575.11	-1626.268	51.15772	1	0.99663	1.00343	1.00622	1.00079	0.965343	0.976313	0.973471	0.956706	0.992845
30340	-1573.915	-1625.073	51.15772	1	0.99663	1.00343	1.00622	1.00079	0.965343	0.976313	0.973471	0.956706	0.992845
30350	-1574.978	-1626.136	51.15772	1	0.99663	1.00343	1.00622	1.00079	0.965343	0.976313	0.973471	0.956706	0.992845
30360	-1574.195	-1625.353	51.15772	1	0.99663	1.00343	1.00622	1.00079	0.965343	0.976313	0.973471	0.956706	0.992845
30370	-1574.331	-1625.489	51.15772	1	0.99663	1.00343	1.00622	1.00079	0.965343	0.976313	0.973471	0.956706	0.992845
30380	-1576.499	-1627.657	51.15772	1	0.99663	1.00343	1.00622	1.00079	0.965343	0.976313	0.973471	0.956706	0.992845
30390	-1575.441	-1626.598	51.15772	1	0.99663	1.00343	1.00622	1.00079	0.965343	0.976313	0.973471	0.956706	0.992845
30400	-1574.867	-1626.024	51.15772	1	0.99663	1.00343	1.00622	1.00079	0.965343	0.976313	0.973471	0.956706	0.992845
30410	-1574.977	-1626.135	51.15772	1	0.99663	1.00343	1.00622	1.00079	0.965343	0.976313	0.973471	0.956706	0.992845
30420	-1573.991	-1625.149	51.15772	1	0.99663	1.00343	1.00622	1.00079	0.965343	0.976313	0.973471	0.956706	0.992845
30430	-1575.485	-1626.643	51.15772	1	0.99663	1.00343	1.00622	1.00079	0.965343	0.976313	0.973471	0.956706	0.992845
30440	-1574.178	-1625.336	51.15772	1	0.99663	1.00343	1.00622	1.00079	0.965343	0.976313	0.973471	0.956706	0.992845
30450	-1575.043	-1626.201	51.15772	1	0.99663	1.00343	1.00622	1.00079	0.965343	0.976313	0.973471	0.956706	0.992845
30460	-1574.137	-1625.295	51.15772	1	0.99663	1.00343	1.00622	1.00079	0.965343	0.976313	0.973471	0.956706	0.992845
30470	-1575.405	-1626.563	51.15772	1	0.99663	1.00343	1.00622	1.00079	0.965343	0.976313	0.973471	0.956706	0.992845
30480	-1574.056	-1625.214	51.15772	1	0.99663	1.00343	1.00622	1.00079	0.965343	0.976313	0.973471	0.956706	0.992845
30490	-1574.253	-1625.411	51.15772	1	0.99663	1.00343	1.00622	1.00079	0.965343	0.976313	0.973471	0.956706	0.992845
30500	-1575.147	-1626.305	51.15772	1	0.99663	1.00343	1.00622	1.00079	0.965343	0.976313	0.973471	0.956706	0.992845
30510	-1574.214	-1625.372	51.15772	1	0.99663	1.00343	1.00622	1.00079	0.965343	0.976313	0.973471	0.956706	0.992845
30520	-1574.506	-1625.664	51.15772	1	0.99663	1.00343	1.00622	1.00079	0.965343	0.976313	0.973471	0.956706	0.992845
30530	-1574.244	-1625.402	51.15772	1	0.99663	1.00343	1.00622	1.00079	0.965343	0.976313	0.973471	0.956706	0.992845
30540	-1575.742	-1626.9	51.15772	1	0.99663	1.00343	1.00622	1.00079	0.965343	0.976313	0.973471	0.956706	0.992845
30550	-1573.974	-1625.132	51.15772	1	0.99663	1.00343	1.00622	1.00079	0.965343	0.976313	0.973471	0.956706	0.992845
30560	-1576.376	-1627.534	51.15772	1	0.99663	1.00343	1.00622	1.00079	0.965343	0.976313	0.973471	0.956706	0.992845
30570	-1575.101	-1626.259	51.15772	1	0.99663	1.00343	1.00622	1.00079	0.965343	0.976313	0.973471	0.956706	0.992845
30580	-1573.997	-1625.155	51.15772	1	0.99663	1.00343	1.00622	1.00079	0.965343	0.976313	0.973471	0.956706	0.992845
30590	-1574.666	-1625.824	51.15772	1	0.99663	1.00343	1.00622	1.00079	0.965343	0.976313	0.973471	0.956706	0.992845
30600	-1573.912	-1625.07	51.15772	1	0.99663	1.00343	1.00622	1.00079	0.965343	0.976313	0.973471	0.956706	0.992845
30610	-1573.987	-1625.144	51.15772	1	0.99663	1.00343	1.00622	1.00079	0.965343	0.976313	0.973471	0.956706	0.992845
30620	-1574.171	-1625.329	51.15772	1	0.99663	1.00343	1.00622	1.00079	0.965343	0.976313	0.973471	0.956706	0.992845
30630	-1577.043	-1628.201	51.15772	1	0.99663	1.00343	1.00622	1.00079	0.965343	0.976313	0.973471	0.956706	0.992845
30640	-1573.934	-1625.091	51.15772	1	0.99663	1.00343	1.00622	1.00079	0.965343	0.976313	0.973471	0.956706	0.992845
30650	-1574.691	-1625.848	51.15772	1	0.99663	1.00343	1.00622	1.00079	0.965343	0.976313	0.973471	0.956706	0.992845
30660	-1574.309	-1625.467	51.15772	1	0.99663	1.00343	1.00622	1.00079	0.965343	0.976313	0.973471	0.956706	0.992845
30670	-1574.193	-1625.351	51.15772	1	0.99663	1.00343	1.00622	1.00079	0.965343	0.976313	0.973471	0.956706	0.992845
30680	-1573.929	-1625.086	51.15772	1	0.99663	1.00343	1.00622	1.00079	0.965343	0.976313	0.973471	0.956706	0.992845
30690	-1573.918	-1625.076	51.15772	1	0.99663	1.00343	1.00622	1.00079	0.965343	0.976313	0.973471	0.956706	0.992845
30700	-1574.254	-1625.411	51.15772	1	0.99663	1.00343	1.00622	1.00079	0.965343	0.976313	0.973471	0.956706	0.992845
30710	-1575.018	-1626.176	51.15772	1	0.99663	1.00343	1.00622	1.00079	0.965343	0.976313	0.973471	0.956706	0.992845
30720	-1575.805	-1626.963	51.15772	1	0.99663	1.00343	1.00622	1.00079	0.965343	0.976313	0.973471	0.956706	0.992845
30730	-1574.194	-1625.352	51.15772	1	0.99663	1.00343	1.00622	1.00079	0.965343	0.976313	0.973471	0.956706	0.992845
30740	-1574.064	-1625.221	51.15772	1	0.99663	1.00343	1.00622	1.00079	0.965343	0.976313	0.973471	0.956706	0.992845
30750	-1574.702	-1625.86	51.15772	1	0.99663	1.00343	1.00622	1.00079	0.965343	0.976313	0.973471	0.956706	0.992845
30760	-1573.944	-1625.101	51.15772	1	0.99663	1.00343	1.00622	1.00079	0.965343	0.976313	0.973471	0.956706	0.992845
30770	-1574.195	-1625.353	51.15772	1	0.99663	1.00343	1.00622	1.00079	0.965343	0.976313	0.973471	0.956706	0.992845
30780	-1573.947	-1625.105	51.15772	1	0.99663	1.00343	1.00622	1.00079	0.965343	0.976313	0.973471	0.956706	0.992845
30790	-1573.994	-1625.151	51.15772	1	0.99663	1.00343	1.00622	1.00079	0.965343	0.976313	0.973471	0.956706	0.992845
30800	-1576.166	-1627.324	51.15772	1	0.99663	1.00343	1.00622	1.00079	0.965343	0.976313	0.973471	0.956706	0.992845
30810	-1573.924	-1625.082	51.15772	1	0.99663	1.00343	1.00622	1.00079	0.965343	0.976313	0.973471	0.956706	0.992845
30820	-1573.987	-1625.145	51.15772	1	0.99663	1.00343	1.00622	1.00079	0.965343	0.976313	0.973471	0.956706	0.992845
30830	-1573.93	-1625.088	51.15772	1	0.99663	1.00343	1.00622	1.00079	0.965343	0.976313	0.973471	0.956706	0.992845
30840	-1573.964	-1625.122	51.15772	1	0.99663	1.00343	1.00622	1.00079	0.965343	0.976313	0.973471	0.956706	0.992845
30850	-1574.082	-1625.24	51.15772	1	0.99663	1.00343	1.00622	1.00079	0.965343	0.976313	0.973471	0.956706	0.992845
30860	-1576.223	-1627.381	51.15772	1	0.99663	1.00343	1.00622	1.00079	0.965343	0.976313	0.973471	0.956706	0.992845
30870	-1574.097	-1625.255	51.15772	1	0.99663	1.00343	1.00622	1.00079	0.965343	0.976313	0.973471	0.956706	0.992845
30880	-1573.92	-1625.077	51.15772	1	0.99663	1.00343	1.00622	1.00079	0.965343	0.976313	0.973471	0.956706	0.992845
30890	-1574.87	-1626.028	51.15772	1	0.99663	1.00343	1.00622	1.00079	0.965343	0.976313	0.973471	0.956706	0.992845
30900	-1574.513	-1625.67	51.15772	1	0.99663	1.00343	1.00622	1.00079	0.965343	0.976313	0.973471	0.956706	0.992845
30910	-1573.922	-1625.08	51.15772	1	0.99663	1.00343	1.00622	1.00079	0.965343	0.976313	0.973471	0.956706	0.992845
30920	-1573.909	-1625.067	51.15772	1	0.99663	1.00343	1.00622	1.00079	0.965343	0.976313	0.973471	0.956706	0.992845
30930	-1573.935	-1625.093	51.15772	1	0.99663	1.00343	1.00622	1.00079	0.965343	0.976313	0.973471	0.956706	0.992845
30940	-1573.921	-1625.079	51.15772	1	0.99663	1.00343	1.00622	1.00079	0.965343	0.976313	0.973471	0.956706	0.992845
30950	-1575.21	-1626.368	51.15772	1	0.99663	1.00343	1.00622	1.00079	0.965343	0.976313	0.973471	0.956706	0.992845
30960	-1573.928	-1625.086	51.15772	1	0.99663	1.00343	1.00622	1.00079	0.965343	0.976313	0.973471	0.956706	0.992845
30970	-1574.121	-1625.278	51.15772	1	0.99663	1.00343	1.00622	1.00079	0.965343	0.976313	0.973471	0.956706	0.992845
30980	-1573.988	-1625.145	51.15772	1	0.99663	1.00343	1.00622	1.00079	0.965343	0.976313	0.973471	0.956706	0.992845
30990	-1575.786	-1626.944	51.15772	1	0.99663	1.00343	1.00622	1.00079	0.965343	0.976313	0.973471	0.956706	0.992845
31000	-1573.932	-1625.09	51.15772	1	0.99663	1.00343	1.00622	1.00079	0.965343	0.976313	0.973471	0.956706	0.992845
31010	-1575.74	-1626.898	51.15772	1	0.99663	1.00343	1.00622	1.00079	0.965343	0.976313	0.973471	0.956706	0.992845
31020	-1573.916	-1625.074	51.15772	1	0.99663	1.00343	1.00622	1.00079	0.965343	0.976313	0.973471	0.956706	0.992845
31030	-1574.355	-1625.512	51.15772	1	0.99663	1.00343	1.00622	1.00079	0.965343	0.976313	0.973471	0.956706	0.992845
31040	-1574.659	-1625.817	51.15772	1	0.99663	1.00343	1.00622	1.00079	0.965343	0.976313	0.973471	0.956706	0.992845
31050	-1574.464	-1625.622	51.15772	1	0.99663	1.00343	1.00622	1.00079	0.965343	0.976313	0.973471	0.956706	0.992845
31060	-1574.233	-1625.391	51.15772	1	0.99663	1.00343	1.00622	1.00079	0.965343	0.976313	0.973471	0.956706	0.992845
31070	-1573.925	-1625.082	51.15772	1	0.99663	1.00343	1.00622	1.00079	0.965343	0.976313	0.973471	0.956706	0.992845
31080	-1574.568	-1625.726	51.15772	1	0.99663	1.00343	1.00622	1.00079	0.965343	0.976313	0.973471	0.956706	0.992845
31090	-1574.323	-1625.48	51.15772	1	0.99663	1.00343	1.00622	1.00079	0.965343	0.976313	0.973471	0.956706	0.992845
31100	-1573.986	-1625.144	51.15772	1	0.99663	1.00343	1.00622	1.00079	0.965343	0.976313	0.973471	0.956706	0.992845
31110	-1574.232	-1625.39	51.15772	1	0.99663	1.00343	1.00622	1.00079	0.965343	0.976313	0.973471	0.956706	0.992845
31120	-1574.918	-1626.076	51.15772	1	0.99663	1.00343	1.00622	1.00079	0.965343	0.976313	0.973471	0.956706	0.992845
31130	-1574.727	-1625.885	51.15772	1	0.99663	1.00343	1.00622	1.00079	0.965343	0.976313	0.973471	0.956706	0.992845
31140	-1575.197	-1626.355	51.15772	1	0.99663	1.00343	1.00622	1.00079	0.965343	0.976313	0.973471	0.956706	0.992845
31150	-1574.111	-1625.269	51.15772	1	0.99663	1.00343	1.00622	1.00079	0.965343	0.976313	0.973471	0.956706	0.992845
31160	-1573.982	-1625.139	51.15772	1	0.99663	1.00343	1.00622	1.00079	0.965343	0.976313	0.973471	0.956706	0.992845
31170	-1573.926	-1625.083	51.15772	1	0.99663	1.00343	1.00622	1.00079	0.965343	0.976313	0.973471	0.956706	0.992845
31180	-1574.771	-1625.929	51.15772	1	0.99663	1.00343	1.00622	1.00079	0.965343	0.976313	0.973471	0.956706	0.992845
31190	-1574.01	-1625.168	51.15772	1	0.99663	1.00343	1.00622	1.00079	0.965343	0.976313	0.973471	0.956706	0.992845
31200	-1574.69	-1625.847	51.15772	1	0.99663	1.00343	1.00622	1.00079	0.965343	0.976313	0.973471	0.956706	0.992845
31210	-1573.965	-1625.123	51.15772	1	0.99663	1.00343	1.00622	1.00079	0.965343	0.976313	0.973471	0.956706	0.992845
31220	-1575.216	-1626.374	51.15772	1	0.99663	1.00343	1.00622	1.00079	0.965343	0.976313	0.973471	0.956706	0.992845
31230	-1574.149	-1625.307	51.15772	1	0.99663	1.00343	1.00622	1.00079	0.965343	0.976313	0.973471	0.956706	0.992845
31240	-1575.436	-1626.593	51.15772	1	0.99663	1.00343	1.00622	1.00079	0.965343	0.976313	0.973471	0.956706	0.992845
31250	-1575.842	-1627	51.15772	1	0.99663	1.00343	1.00622	1.00079	0.965343	0.976313	0.973471	0.956706	0.992845
31260	-1574.496	-1625.654	51.15772	1	0.99663	1.00343	1.00622	1.00079	0.965343	0.976313	0.973471	0.956706	0.992845
31270	-1574.405	-1625.562	51.15772	1	0.99663	1.00343	1.00622	1.00079	0.965343	0.976313	0.973471	0.956706	0.992845
31280	-1574.779	-1625.936	51.15772	1	0.99663	1.00343	1.00622	1.00079	0.965343	0.976313	0.973471	0.956706	0.992845
31290	-1574.231	-1625.389	51.15772	1	0.99663	1.00343	1.00622	1.00079	0.965343	0.976313	0.973471	0.956706	0.992845
31300	-1573.91	-1625.068	51.15772	1	0.99663	1.00343	1.00622	1.00079	0.965343	0.976313	0.973471	0.956706	0.992845
31310	-1574.026	-1625.184	51.15772	1	0.99663	1.00343	1.00622	1.00079	0.965343	0.976313	0.973471	0.956706	0.992845
31320	-1574.338	-1625.495	51.15772	1	0.99663	1.00343	1.00622	1.00079	0.965343	0.976313	0.973471	0.956706	0.992845
31330	-1573.92	-1625.078	51.15772	1	0.99663	1.00343	1.00622	1.00079	0.965343	0.976313	0.973471	0.956706	0.992845
31340	-1574.004	-1625.162	51.15772	1	0.99663	1.00343	1.00622	1.00079	0.965343	0.976313	0.973471	0.956706	0.992845
31350	-1573.964	-1625.121	51.15772	1	0.99663	1.00343	1.00622	1.00079	0.965343	0.976313	0.973471	0.956706	0.992845
31360	-1573.931	-1625.089	51.15772	1	0.99663	1.00343	1.00622	1.00079	0.965343	0.976313	0.973471	0.956706	0.992845
31370	-1574.123	-1625.281	51.15772	1	0.99663	1.00343	1.00622	1.00079	0.965343	0.976313	0.973471	0.956706	0.992845
31380	-1574.444	-1625.602	51.15772	1	0.99663	1.00343	1.00622	1.00079	0.965343	0.976313	0.973471	0.956706	0.992845
31390	-1580.111	-1631.268	51.15772	1	0.99663	1.00343	1.00622	1.00079	0.965343	0.976313	0.973471	0.956706	0.992845
31400	-1574.341	-1625.499	51.15772	1	0.99663	1.00343	1.00622	1.00079	0.965343	0.976313	0.973471	0.956706	0.992845
31410	-1574.199	-1625.356	51.15772	1	0.99663	1.00343	1.00622	1.00079	0.965343	0.976313	0.973471	0.956706	0.992845
31420	-1575.575	-1626.733	51.15772	1	0.99663	1.00343	1.00622	1.00079	0.965343	0.976313	0.973471	0.956706	0.992845
31430	-1575.087	-1626.245	51.15772	1	0.99663	1.00343	1.00622	1.00079	0.965343	0.976313	0.973471	0.956706	0.992845
31440	-1573.911	-1625.069	51.15772	1	0.99663	1.00343	1.00622	1.00079	0.965343	0.976313	0.973471	0.956706	0.992845
31450	-1573.912	-1625.07	51.15772	1	0.99663	1.00343	1.00622	1.00079	0.965343	0.976313	0.973471	0.956706	0.992845
31460	-1574.092	-1625.25	51.15772	1	0.99663	1.00343	1.00622	1.00079	0.965343	0.976313	0.973471	0.956706	0.992845
31470	-1573.928	-1625.085	51.15772	1	0.99663	1.00343	1.00622	1.00079	0.965343	0.976313	0.973471	0.956706	0.992845
31480	-1574.534	-1625.692	51.15772	1	0.99663	1.00343	1.00622	1.00079	0.965343	0.976313	0.973471	0.956706	0.992845
31490	-1574.452	-1625.61	51.15772	1	0.99663	1.00343	1.00622	1.00079	0.965343	0.976313	0.973471	0.956706	0.992845
31500	-1574.62	-1625.778	51.15772	1	0.99663	1.00343	1.00622	1.00079	0.965343	0.976313	0.973471	0.956706	0.992845
31510	-1575.618	-1626.776	51.15772	1	0.99663	1.00343	1.00622	1.00079	0.965343	0.976313	0.973471	0.956706	0.992845
31520	-1573.938	-1625.096	51.15772	1	0.99663	1.00343	1.00622	1.00079	0.965343	0.976313	0.973471	0.956706	0.992845
31530	-1574.238	-1625.396	51.15772	1	0.99663	1.00343	1.00622	1.00079	0.965343	0.976313	0.973471	0.956706	0.992845
31540	-1573.916	-1625.074	51.15772	1	0.99663	1.00343	1.00622	1.00079	0.965343	0.976313	0.973471	0.956706	0.992845
31550	-1573.915	-1625.073	51.15772	1	0.99663	1.00343	1.00622	1.00079	0.965343	0.976313	0.973471	0.956706	0.992845
31560	-1574.181	-1625.339	51.15772	1	0.99663	1.00343	1.00622	1.00079	0.965343	0.976313	0.973471	0.956706	0.992845
31570	-1573.922	-1625.079	51.15772	1	0.99663	1.00343	1.00622	1.00079	0.965343	0.976313	0.973471	0.956706	0.992845
31580	-1573.913	-1625.071	51.15772	1	0.99663	1.00343	1.00622	1.00079	0.965343	0.976313	0.973471	0.956706	0.992845
31590	-1574.598	-1625.756	51.15772	1	0.99663	1.00343	1.00622	1.00079	0.965343	0.976313	0.973471	0.956706	0.992845
31600	-1574.938	-1626.095	51.15772	1	0.99663	1.00343	1.00622	1.00079	0.965343	0.976313	0.973471	0.956706	0.992845
31610	-1575.108	-1626.266	51.15772	1	0.99663	1.00343	1.00622	1.00079	0.965343	0.976313	0.973471	0.956706	0.992845
31620	-1574.758	-1625.915	51.15772	1	0.99663	1.00343	1.00622	1.00079	0.965343	0.976313	0.973471	0.956706	0.992845
31630	-1574.686	-1625.843	51.15772	1	0.99663	1.00343	1.00622	1.00079	0.965343	0.976313	0.973471	0.956706	0.992845
31640	-1574.219	-1625.377	51.15772	1	0.99663	1.00343	1.00622	1.00079	0.965343	0.976313	0.973471	0.956706	0.992845
31650	-1575.468	-1626.626	51.15772	1	0.99663	1.00343	1.00622	1.00079	0.965343	0.976313	0.973471	0.956706	0.992845
31660	-1575.534	-1626.692	51.15772	1	0.99663	1.00343	1.00622	1.00079	0.965343	0.976313	0.973471	0.956706	0.992845
31670	-1574.218	-1625.375	51.15772	1	0.99663	1.00343	1.00622	1.00079	0.965343	0.976313	0.973471	0.956706	0.992845
31680	-1573.916	-1625.074	51.15772	1	0.99663	1.00343	1.00622	1.00079	0.965343	0.976313	0.973471	0.956706	0.992845
31690	-1574.036	-1625.194	51.15772	1	0.99663	1.00343	1.00622	1.00079	0.965343	0.976313	0.973471	0.956706	0.992845
31700	-1573.927	-1625.085	51.15772	1	0.99663	1.00343	1.00622	1.00079	0.965343	0.976313	0.973471	0.956706	0.992845
31710	-1573.927	-1625.085	51.15772	1	0.99663	1.00343	1.00622	1.00079	0.965343	0.976313	0.973471	0.956706	0.992845
31720	-1575.124	-1626.282	51.15772	1	0.99663	1.00343	1.00622	1.00079	0.965343	0.976313	0.973471	0.956706	0.992845
31730	-1574.284	-1625.442	51.15772	1	0.99663	1.00343	1.00622	1.00079	0.965343	0.976313	0.973471	0.956706	0.992845
31740	-1574.424	-1625.582	51.15772	1	0.99663	1.00343	1.00622	1.00079	0.965343	0.976313	0.973471	0.956706	0.992845
31750	-1574.325	-1625.482	51.15772	1	0.99663	1.00343	1.00622	1.00079	0.965343	0.976313	0.973471	0.956706	0.992845
31760	-1574.182	-1625.34	51.15772	1	0.99663	1.00343	1.00622	1.00079	0.965343	0.976313	0.973471	0.956706	0.992845
31770	-1575.337	-1626.494	51.15772	1	0.99663	1.00343	1.00622	1.00079	0.965343	0.976313	0.973471	0.956706	0.992845
31780	-1573.915	-1625.073	51.15772	1	0.99663	1.00343	1.00622	1.00079	0.965343	0.976313	0.973471	0.956706	0.992845
31790	-1575.102	-1626.26	51.15772	1	0.99663	1.00343	1.00622	1.00079	0.965343	0.976313	0.973471	0.956706	0.992845
31800	-1574.884	-1626.041	51.15772	1	0.99663	1.00343	1.00622	1.00079	0.965343	0.976313	0.973471	0.956706	0.992845
31810	-1574.94	-1626.098	51.15772	1	0.99663	1.00343	1.00622	1.00079	0.965343	0.976313	0.973471	0.956706	0.992845
31820	-1575.134	-1626.292	51.15772	1	0.99663	1.00343	1.00622	1.00079	0.965343	0.976313	0.973471	0.956706	0.992845
31830	-1573.989	-1625.147	51.15772	1	0.99663	1.00343	1.00622	1.00079	0.965343	0.976313	0.973471	0.956706	0.992845
31840	-1575.077	-1626.235	51.15772	1	0.99663	1.00343	1.00622	1.00079	0.965343	0.976313	0.973471	0.956706	0.992845
31850	-1574.767	-1625.924	51.15772	1	0.99663	1.00343	1.00622	1.00079	0.965343	0.976313	0.973471	0.956706	0.992845
31860	-1574.494	-1625.652	51.15772	1	0.99663	1.00343	1.00622	1.00079	0.965343	0.976313	0.973471	0.956706	0.992845
31870	-1574.707	-1625.865	51.15772	1	0.99663	1.00343	1.00622	1.00079	0.965343	0.976313	0.973471	0.956706	0.992845
31880	-1578.035	-1629.193	51.15772	1	0.99663	1.00343	1.00622	1.00079	0.965343	0.976313	0.973471	0.956706	0.992845
31890	-1573.909	-1625.067	51.15772	1	0.99663	1.00343	1.00622	1.00079	0.965343	0.976313	0.973471	0.956706	0.992845
31900	-1574.025	-1625.183	51.15772	1	0.99663	1.00343	1.00622	1.00079	0.965343	0.976313	0.973471	0.956706	0.992845
31910	-1574.84	-1625.998	51.15772	1	0.99663	1.00343	1.00622	1.00079	0.965343	0.976313	0.973471	0.956706	0.992845
31920	-1573.931	-1625.089	51.15772	1	0.99663	1.00343	1.00622	1.00079	0.965343	0.976313	0.973471	0.956706	0.992845
31930	-1573.936	-1625.094	51.15772	1	0.99663	1.00343	1.00622	1.00079	0.965343	0.976313	0.973471	0.956706	0.992845
31940	-1573.98	-1625.138	51.15772	1	0.99663	1.00343	1.00622	1.00079	0.965343	0.976313	0.973471	0.956706	0.992845
31950	-1574.935	-1626.092	51.15772	1	0.99663	1.00343	1.00622	1.00079	0.965343	0.976313	0.973471	0.956706	0.992845
31960	-1574.257	-1625.414	51.15772	1	0.99663	1.00343	1.00622	1.00079	0.965343	0.976313	0.973471	0.956706	0.992845
31970	-1574.172	-1625.33	51.15772	1	0.99663	1.00343	1.00622	1.00079	0.965343	0.976313	0.973471	0.956706	0.992845
31980	-1573.91	-1625.068	51.15772	1	0.99663	1.00343	1.00622	1.00079	0.965343	0.976313	0.973471	0.956706	0.992845
31990	-1574.304	-1625.462	51.15772	1	0.99663	1.00343	1.00622	1.00079	0.965343	0.976313	0.973471	0.956706	0.992845
32000	-1574.364	-1625.522	51.15772	1	0.99663	1.00343	1.00622	1.00079	0.965343	0.976313	0.973471	0.956706	0.992845
32010	-1573.951	-1625.108	51.15772	1	0.99663	1.00343	1.00622	1.00079	0.965343	0.976313	0.973471	0.956706	0.992845
32020	-1573.909	-1625.067	51.15772	1	0.99663	1.00343	1.00622	1.00079	0.965343	0.976313	0.973471	0.956706	0.992845
32030	-1574.944	-1626.101	51.15772	1	0.99663	1.00343	1.00622	1.00079	0.965343	0.976313	0.973471	0.956706	0.992845
32040	-1574.033	-1625.191	51.15772	1	0.99663	1.00343	1.00622	1.00079	0.965343	0.976313	0.973471	0.956706	0.992845
32050	-1574.164	-1625.322	51.15772	1	0.99663	1.00343	1.00622	1.00079	0.965343	0.976313	0.973471	0.956706	0.992845
32060	-1573.93	-1625.088	51.15772	1	0.99663	1.00343	1.00622	1.00079	0.965343	0.976313	0.973471	0.956706	0.992845
32070	-1574.616	-1625.773	51.15772	1	0.99663	1.00343	1.00622	1.00079	0.965343	0.976313	0.973471	0.956706	0.992845
32080	-1574.05	-1625.207	51.15772	1	0.99663	1.00343	1.00622	1.00079	0.965343	0.976313	0.973471	0.956706	0.992845
32090	-1573.949	-1625.107	51.15772	1	0.99663	1.00343	1.00622	1.00079	0.965343	0.976313	0.973471	0.956706	0.992845
32100	-1575.437	-1626.594	51.15772	1	0.99663	1.00343	1.00622	1.00079	0.965343	0.976313	0.973471	0.956706	0.992845
32110	-1573.964	-1625.121	51.15772	1	0.99663	1.00343	1.00622	1.00079	0.965343	0.976313	0.973471	0.956706	0.992845
32120	-1574.135	-1625.293	51.15772	1	0.99663	1.00343	1.00622	1.00079	0.965343	0.976313	0.973471	0.956706	0.992845
32130	-1573.913	-1625.071	51.15772	1	0.99663	1.00343	1.00622	1.00079	0.965343	0.976313	0.973471	0.956706	0.992845
32140	-1574.109	-1625.267	51.15772	1	0.99663	1.00343	1.00622	1.00079	0.965343	0.976313	0.973471	0.956706	0.992845
32150	-1574.234	-1625.392	51.15772	1	0.99663	1.00343	1.00622	1.00079	0.965343	0.976313	0.973471	0.956706	0.992845
32160	-1575.387	-1626.545	51.15772	1	0.99663	1.00343	1.00622	1.00079	0.965343	0.976313	0.973471	0.956706	0.992845
32170	-1575.025	-1626.183	51.15772	1	0.99663	1.00343	1.00622	1.00079	0.965343	0.976313	0.973471	0.956706	0.992845
32180	-1574.201	-1625.359	51.15772	1	0.99663	1.00343	1.00622	1.00079	0.965343	0.976313	0.973471	0.956706	0.992845
32190	-1574.062	-1625.22	51.15772	1	0.99663	1.00343	1.00622	1.00079	0.965343	0.976313	0.973471	0.956706	0.992845
32200	-1573.985	-1625.143	51.15772	1	0.99663	1.00343	1.00622	1.00079	0.965343	0.976313	0.973471	0.956706	0.992845
32210	-1574.168	-1625.326	51.15772	1	0.99663	1.00343	1.00622	1.00079	0.965343	0.976313	0.973471	0.956706	0.992845
32220	-1574.474	-1625.632	51.15772	1	0.99663	1.00343	1.00622	1.00079	0.965343	0.976313	0.973471	0.956706	0.992845
32230	-1574.739	-1625.897	51.15772	1	0.99663	1.00343	1.00622	1.00079	0.965343	0.976313	0.973471	0.956706	0.992845
32240	-1574.232	-1625.39	51.15772	1	0.99663	1.00343	1.00622	1.00079	0.965343	0.976313	0.973471	0.956706	0.992845
32250	-1573.917	-1625.075	51.15772	1	0.99663	1.00343	1.00622	1.00079	0.965343	0.976313	0.973471	0.956706	0.992845
32260	-1573.961	-1625.119	51.15772	1	0.99663	1.00343	1.00622	1.00079	0.965343	0.976313	0.973471	0.956706	0.992845
32270	-1573.959	-1625.117	51.15772	1	0.99663	1.00343	1.00622	1.00079	0.965343	0.976313	0.973471	0.956706	0.992845
32280	-1575.357	-1626.515	51.15772	1	0.99663	1.00343	1.00622	1.00079	0.965343	0.976313	0.973471	0.956706	0.992845
32290	-1577.837	-1628.994	51.15772	1	0.99663	1.00343	1.00622	1.00079	0.965343	0.976313	0.973471	0.956706	0.992845
32300	-1573.978	-1625.136	51.15772	1	0.99663	1.00343	1.00622	1.00079	0.965343	0.976313	0.973471	0.956706	0.992845
32310	-1573.909	-1625.067	51.15772	1	0.99663	1.00343	1.00622	1.00079	0.965343	0.976313	0.973471	0.956706	0.992845
32320	-1574.04	-1625.198	51.15772	1	0.99663	1.00343	1.00622	1.00079	0.965343	0.976313	0.973471	0.956706	0.992845
32330	-1574.083	-1625.241	51.15772	1	0.99663	1.00343	1.00622	1.00079	0.965343	0.976313	0.973471	0.956706	0.992845
32340	-1573.934	-1625.092	51.15772	1	0.99663	1.00343	1.00622	1.00079	0.965343	0.976313	0.973471	0.956706	0.992845
32350	-1574.758	-1625.916	51.15772	1	0.99663	1.00343	1.00622	1.00079	0.965343	0.976313	0.973471	0.956706	0.992845
32360	-1574.54	-1625.698	51.15772	1	0.99663	1.00343	1.00622	1.00079	0.965343	0.976313	0.973471	0.956706	0.992845
32370	-1575.669	-1626.826	51.15772	1	0.99663	1.00343	1.00622	1.00079	0.965343	0.976313	0.973471	0.956706	0.992845
32380	-1573.909	-1625.067	51.15772	1	0.99663	1.00343	1.00622	1.00079	0.965343	0.976313	0.973471	0.956706	0.992845
32390	-1574.296	-1625.454	51.15772	1	0.99663	1.00343	1.00622	1.00079	0.965343	0.976313	0.973471	0.956706	0.992845
32400	-1574.172	-1625.33	51.15772	1	0.99663	1.00343	1.00622	1.00079	0.965343	0.976313	0.973471	0.956706	0.992845
32410	-1573.919	-1625.076	51.15772	1	0.99663	1.00343	1.00622	1.00079	0.965343	0.976313	0.973471	0.956706	0.992845
32420	-1575.261	-1626.419	51.15772	1	0.99663	1.00343	1.00622	1.00079	0.965343	0.976313	0.973471	0.956706	0.992845
32430	-1574.995	-1626.153	51.15772	1	0.99663	1.00343	1.00622	1.00079	0.965343	0.976313	0.973471	0.956706	0.992845
32440	-1573.92	-1625.078	51.15772	1	0.99663	1.00343	1.00622	1.00079	0.965343	0.976313	0.973471	0.956706	0.992845
32450	-1573.97	-1625.127	51.15772	1	0.99663	1.00343	1.00622	1.00079	0.965343	0.976313	0.973471	0.956706	0.992845
32460	-1573.91	-1625.068	51.15772	1	0.99663	1.00343	1.00622	1.00079	0.965343	0.976313	0.973471	0.956706	0.992845
32470	-1574.082	-1625.24	51.15772	1	0.99663	1.00343	1.00622	1.00079	0.965343	0.976313	0.973471	0.956706	0.992845
32480	-1573.91	-1625.068	51.15772	1	0.99663	1.00343	1.00622	1.00079	0.965343	0.976313	0.973471	0.956706	0.992845
32490	-1574.261	-1625.418	51.15772	1	0.99663	1.00343	1.00622	1.00079	0.965343	0.976313	0.973471	0.956706	0.992845
32500	-1574.335	-1625.493	51.15772	1	0.99663	1.00343	1.00622	1.00079	0.965343	0.976313	0.973471	0.956706	0.992845
32510	-1574.277	-1625.435	51.15772	1	0.99663	1.00343	1.00622	1.00079	0.965343	0.976313	0.973471	0.956706	0.992845
32520	-1573.955	-1625.112	51.15772	1	0.99663	1.00343	1.00622	1.00079	0.965343	0.976313	0.973471	0.956706	0.992845
32530	-1573.914	-1625.072	51.15772	1	0.99663	1.00343	1.00622	1.00079	0.965343	0.976313	0.973471	0.956706	0.992845
32540	-1576.376	-1627.534	51.15772	1	0.99663	1.00343	1.00622	1.00079	0.965343	0.976313	0.973471	0.956706	0.992845
32550	-1573.945	-1625.102	51.15772	1	0.99663	1.00343	1.00622	1.00079	0.965343	0.976313	0.973471	0.956706	0.992845
32560	-1573.941	-1625.098	51.15772	1	0.99663	1.00343	1.00622	1.00079	0.965343	0.976313	0.973471	0.956706	0.992845
32570	-1574.349	-1625.507	51.15772	1	0.99663	1.00343	1.00622	1.00079	0.965343	0.976313	0.973471	0.956706	0.992845
32580	-1574.308	-1625.466	51.15772	1	0.99663	1.00343	1.00622	1.00079	0.965343	0.976313	0.973471	0.956706	0.992845
32590	-1574.428	-1625.586	51.15772	1	0.99663	1.00343	1.00622	1.00079	0.965343	0.976313	0.973471	0.956706	0.992845
32600	-1574.19	-1625.348	51.15772	1	0.99663	1.00343	1.00622	1.00079	0.965343	0.976313	0.973471	0.956706	0.992845
32610	-1574.009	-1625.167	51.15772	1	0.99663	1.00343	1.00622	1.00079	0.965343	0.976313	0.973471	0.956706	0.992845
32620	-1573.924	-1625.081	51.15772	1	0.99663	1.00343	1.00622	1.00079	0.965343	0.976313	0.973471	0.956706	0.992845
32630	-1574.491	-1625.649	51.15772	1	0.99663	1.00343	1.00622	1.00079	0.965343	0.976313	0.973471	0.956706	0.992845
32640	-1574.033	-1625.19	51.15772	1	0.99663	1.00343	1.00622	1.00079	0.965343	0.976313	0.973471	0.956706	0.992845
32650	-1573.964	-1625.121	51.15772	1	0.99663	1.00343	1.00622	1.00079	0.965343	0.976313	0.973471	0.956706	0.992845
32660	-1574.806	-1625.964	51.15772	1	0.99663	1.00343	1.00622	1.00079	0.965343	0.976313	0.973471	0.956706	0.992845
32670	-1573.947	-1625.104	51.15772	1	0.99663	1.00343	1.00622	1.00079	0.965343	0.976313	0.973471	0.956706	0.992845
32680	-1574.4	-1625.558	51.15772	1	0.99663	1.00343	1.00622	1.00079	0.965343	0.976313	0.973471	0.956706	0.992845
32690	-1575.062	-1626.219	51.15772	1	0.99663	1.00343	1.00622	1.00079	0.965343	0.976313	0.973471	0.956706	0.992845
32700	-1574.407	-1625.565	51.15772	1	0.99663	1.00343	1.00622	1.00079	0.965343	0.976313	0.973471	0.956706	0.992845
32710	-1574.412	-1625.57	51.15772	1	0.99663	1.00343	1.00622	1.00079	0.965343	0.976313	0.973471	0.956706	0.992845
32720	-1574.297	-1625.455	51.15772	1	0.99663	1.00343	1.00622	1.00079	0.965343	0.976313	0.973471	0.956706	0.992845
32730	-1574.529	-1625.687	51.15772	1	0.99663	1.00343	1.00622	1.00079	0.965343	0.976313	0.973471	0.956706	0.992845
32740	-1574.631	-1625.789	51.15772	1	0.99663	1.00343	1.00622	1.00079	0.965343	0.976313	0.973471	0.956706	0.992845
32750	-1574.115	-1625.273	51.15772	1	0.99663	1.00343	1.00622	1.00079	0.965343	0.976313	0.973471	0.956706	0.992845
32760	-1574.115	-1625.272	51.15772	1	0.99663	1.00343	1.00622	1.00079	0.965343	0.976313	0.973471	0.956706	0.992845
32770	-1574.048	-1625.206	51.15772	1	0.99663	1.00343	1.00622	1.00079	0.965343	0.976313	0.973471	0.956706	0.992845
32780	-1573.977	-1625.135	51.15772	1	0.99663	1.00343	1.00622	1.00079	0.965343	0.976313	0.973471	0.956706	0.992845
32790	-1575.581	-1626.739	51.15772	1	0.99663	1.00343	1.00622	1.00079	0.965343	0.976313	0.973471	0.956706	0.992845
32800	-1576.193	-1627.35	51.15772	1	0.99663	1.00343	1.00622	1.00079	0.965343	0.976313	0.973471	0.956706	0.992845
32810	-1573.933	-1625.091	51.15772	1	0.99663	1.00343	1.00622	1.00079	0.965343	0.976313	0.973471	0.956706	0.992845
32820	-1573.911	-1625.068	51.15772	1	0.99663	1.00343	1.00622	1.00079	0.965343	0.976313	0.973471	0.956706	0.992845
32830	-1573.94	-1625.098	51.15772	1	0.99663	1.00343	1.00622	1.00079	0.965343	0.976313	0.973471	0.956706	0.992845
32840	-1574.628	-1625.786	51.15772	1	0.99663	1.00343	1.00622	1.00079	0.965343	0.976313	0.973471	0.956706	0.992845
32850	-1573.975	-1625.132	51.15772	1	0.99663	1.00343	1.00622	1.00079	0.965343	0.976313	0.973471	0.956706	0.992845
32860	-1574.131	-1625.289	51.15772	1	0.99663	1.00343	1.00622	1.00079	0.965343	0.976313	0.973471	0.956706	0.992845
32870	-1573.927	-1625.084	51.15772	1	0.99663	1.00343	1.00622	1.00079	0.965343	0.976313	0.973471	0.956706	0.992845
32880	-1574.197	-1625.355	51.15772	1	0.99663	1.00343	1.00622	1.00079	0.965343	0.976313	0.973471	0.956706	0.992845
32890	-1573.935	-1625.092	51.15772	1	0.99663	1.00343	1.00622	1.00079	0.965343	0.976313	0.973471	0.956706	0.992845
32900	-1574.647	-1625.804	51.15772	1	0.99663	1.00343	1.00622	1.00079	0.965343	0.976313	0.973471	0.956706	0.992845
32910	-1574.503	-1625.661	51.15772	1	0.99663	1.00343	1.00622	1.00079	0.965343	0.976313	0.973471	0.956706	0.992845
32920	-1574.046	-1625.204	51.15772	1	0.99663	1.00343	1.00622	1.00079	0.965343	0.976313	0.973471	0.956706	0.992845
32930	-1574.32	-1625.478	51.15772	1	0.99663	1.00343	1.00622	1.00079	0.965343	0.976313	0.973471	0.956706	0.992845
32940	-1573.913	-1625.07	51.15772	1	0.99663	1.00343	1.00622	1.00079	0.965343	0.976313	0.973471	0.956706	0.992845
32950	-1574.021	-1625.179	51.15772	1	0.99663	1.00343	1.00622	1.00079	0.965343	0.976313	0.973471	0.956706	0.992845
32960	-1574.15	-1625.308	51.15772	1	0.99663	1.00343	1.00622	1.00079	0.965343	0.976313	0.973471	0.956706	0.992845
32970	-1574.152	-1625.31	51.15772	1	0.99663	1.00343	1.00622	1.00079	0.965343	0.976313	0.973471	0.956706	0.992845
32980	-1575.083	-1626.241	51.15772	1	0.99663	1.00343	1.00622	1.00079	0.965343	0.976313	0.973471	0.956706	0.992845
32990	-1573.922	-1625.08	51.15772	1	0.99663	1.00343	1.00622	1.00079	0.965343	0.976313	0.973471	0.956706	0.992845
33000	-1574.103	-1625.26	51.15772	1	0.99663	1.00343	1.00622	1.00079	0.965343	0.976313	0.973471	0.956706	0.992845
33010	-1573.918	-1625.075	51.15772	1	0.99663	1.00343	1.00622	1.00079	0.965343	0.976313	0.973471	0.956706	0.992845
33020	-1575.437	-1626.594	51.15772	1	0.99663	1.00343	1.00622	1.00079	0.965343	0.976313	0.973471	0.956706	0.992845
33030	-1573.915	-1625.073	51.15772	1	0.99663	1.00343	1.00622	1.00079	0.965343	0.976313	0.973471	0.956706	0.992845
33040	-1573.951	-1625.109	51.15772	1	0.99663	1.00343	1.00622	1.00079	0.965343	0.976313	0.973471	0.956706	0.992845
33050	-1574.233	-1625.391	51.15772	1	0.99663	1.00343	1.00622	1.00079	0.965343	0.976313	0.973471	0.956706	0.992845
33060	-1574.531	-1625.689	51.15772	1	0.99663	1.00343	1.00622	1.00079	0.965343	0.976313	0.973471	0.956706	0.992845
33070	-1574.103	-1625.261	51.15772	1	0.99663	1.00343	1.00622	1.00079	0.965343	0.976313	0.973471	0.956706	0.992845
33080	-1576.584	-1627.741	51.15772	1	0.99663	1.00343	1.00622	1.00079	0.965343	0.976313	0.973471	0.956706	0.992845
33090	-1574.487	-1625.644	51.15772	1	0.99663	1.00343	1.00622	1.00079	0.965343	0.976313	0.973471	0.956706	0.992845
33100	-1574.034	-1625.192	51.15772	1	0.99663	1.00343	1.00622	1.00079	0.965343	0.976313	0.973471	0.956706	0.992845
33110	-1574.015	-1625.173	51.15772	1	0.99663	1.00343	1.00622	1.00079	0.965343	0.976313	0.973471	0.956706	0.992845
33120	-1574.004	-1625.161	51.15772	1	0.99663	1.00343	1.00622	1.00079	0.965343	0.976313	0.973471	0.956706	0.992845
33130	-1574.625	-1625.783	51.15772	1	0.99663	1.00343	1.00622	1.00079	0.965343	0.976313	0.973471	0.956706	0.992845
33140	-1575.129	-1626.287	51.15772	1	0.99663	1.00343	1.00622	1.00079	0.965343	0.976313	0.973471	0.956706	0.992845
33150	-1576.687	-1627.845	51.15772	1	0.99663	1.00343	1.00622	1.00079	0.965343	0.976313	0.973471	0.956706	0.992845
33160	-1573.945	-1625.103	51.15772	1	0.99663	1.00343	1.00622	1.00079	0.965343	0.976313	0.973471	0.956706	0.992845
33170	-1574.699	-1625.857	51.15772	1	0.99663	1.00343	1.00622	1.00079	0.965343	0.976313	0.973471	0.956706	0.992845
33180	-1573.914	-1625.072	51.15772	1	0.99663	1.00343	1.00622	1.00079	0.965343	0.976313	0.973471	0.956706	0.992845
33190	-1573.929	-1625.087	51.15772	1	0.99663	1.00343	1.00622	1.00079	0.965343	0.976313	0.973471	0.956706	0.992845
33200	-1575.046	-1626.203	51.15772	1	0.99663	1.00343	1.00622	1.00079	0.965343	0.976313	0.973471	0.956706	0.992845
33210	-1576.482	-1627.64	51.15772	1	0.99663	1.00343	1.00622	1.00079	0.965343	0.976313	0.973471	0.956706	0.992845
33220	-1573.979	-1625.137	51.15772	1	0.99663	1.00343	1.00622	1.00079	0.965343	0.976313	0.973471	0.956706	0.992845
33230	-1573.946	-1625.104	51.15772	1	0.99663	1.00343	1.00622	1.00079	0.965343	0.976313	0.973471	0.956706	0.992845
33240	-1575.613	-1626.771	51.15772	1	0.99663	1.00343	1.00622	1.00079	0.965343	0.976313	0.973471	0.956706	0.992845
33250	-1574.15	-1625.308	51.15772	1	0.99663	1.00343	1.00622	1.00079	0.965343	0.976313	0.973471	0.956706	0.992845
33260	-1574.123	-1625.281	51.15772	1	0.99663	1.00343	1.00622	1.00079	0.965343	0.976313	0.973471	0.956706	0.992845
33270	-1575.485	-1626.643	51.15772	1	0.99663	1.00343	1.00622	1.00079	0.965343	0.976313	0.973471	0.956706	0.992845
33280	-1575.611	-1626.769	51.15772	1	0.99663	1.00343	1.00622	1.00079	0.965343	0.976313	0.973471	0.956706	0.992845
33290	-1574.929	-1626.087	51.15772	1	0.99663	1.00343	1.00622	1.00079	0.965343	0.976313	0.973471	0.956706	0.992845
33300	-1574.066	-1625.224	51.15772	1	0.99663	1.00343	1.00622	1.00079	0.965343	0.976313	0.973471	0.956706	0.992845
33310	-1574.25	-1625.408	51.15772	1	0.99663	1.00343	1.00622	1.00079	0.965343	0.976313	0.973471	0.956706	0.992845
33320	-1574.113	-1625.271	51.15772	1	0.99663	1.00343	1.00622	1.00079	0.965343	0.976313	0.973471	0.956706	0.992845
33330	-1573.93	-1625.087	51.15772	1	0.99663	1.00343	1.00622	1.00079	0.965343	0.976313	0.973471	0.956706	0.992845
33340	-1573.915	-1625.072	51.15772	1	0.99663	1.00343	1.00622	1.00079	0.965343	0.976313	0.973471	0.956706	0.992845
33350	-1574.596	-1625.753	51.15772	1	0.99663	1.00343	1.00622	1.00079	0.965343	0.976313	0.973471	0.956706	0.992845
33360	-1573.924	-1625.082	51.15772	1	0.99663	1.00343	1.00622	1.00079	0.965343	0.976313	0.973471	0.956706	0.992845
33370	-1574.597	-1625.754	51.15772	1	0.99663	1.00343	1.00622	1.00079	0.965343	0.976313	0.973471	0.956706	0.992845
33380	-1573.975	-1625.133	51.15772	1	0.99663	1.00343	1.00622	1.00079	0.965343	0.976313	0.973471	0.956706	0.992845
33390	-1573.99	-1625.148	51.15772	1	0.99663	1.00343	1.00622	1.00079	0.965343	0.976313	0.973471	0.956706	0.992845
33400	-1574.231	-1625.389	51.15772	1	0.99663	1.00343	1.00622	1.00079	0.965343	0.976313	0.973471	0.956706	0.992845
33410	-1574.925	-1626.083	51.15772	1	0.99663	1.00343	1.00622	1.00079	0.965343	0.976313	0.973471	0.956706	0.992845
33420	-1573.975	-1625.132	51.15772	1	0.99663	1.00343	1.00622	1.00079	0.965343	0.976313	0.973471	0.956706	0.992845
33430	-1575.309	-1626.467	51.15772	1	0.99663	1.00343	1.00622	1.00079	0.965343	0.976313	0.973471	0.956706	0.992845
33440	-1575.717	-1626.874	51.15772	1	0.99663	1.00343	1.00622	1.00079	0.965343	0.976313	0.973471	0.956706	0.992845
33450	-1573.926	-1625.084	51.15772	1	0.99663	1.00343	1.00622	1.00079	0.965343	0.976313	0.973471	0.956706	0.992845
33460	-1574.026	-1625.184	51.15772	1	0.99663	1.00343	1.00622	1.00079	0.965343	0.976313	0.973471	0.956706	0.992845
33470	-1574.118	-1625.275	51.15772	1	0.99663	1.00343	1.00622	1.00079	0.965343	0.976313	0.973471	0.956706	0.992845
33480	-1575.192	-1626.349	51.15772	1	0.99663	1.00343	1.00622	1.00079	0.965343	0.976313	0.973471	0.956706	0.992845
33490	-1575.012	-1626.17	51.15772	1	0.99663	1.00343	1.00622	1.00079	0.965343	0.976313	0.973471	0.956706	0.992845
33500	-1574.383	-1625.541	51.15772	1	0.99663	1.00343	1.00622	1.00079	0.965343	0.976313	0.973471	0.956706	0.992845
33510	-1574.584	-1625.742	51.15772	1	0.99663	1.00343	1.00622	1.00079	0.965343	0.976313	0.973471	0.956706	0.992845
33520	-1574.196	-1625.354	51.15772	1	0.99663	1.00343	1.00622	1.00079	0.965343	0.976313	0.973471	0.956706	0.992845
33530	-1574.151	-1625.309	51.15772	1	0.99663	1.00343	1.00622	1.00079	0.965343	0.976313	0.973471	0.956706	0.992845
33540	-1574.769	-1625.927	51.15772	1	0.99663	1.00343	1.00622	1.00079	0.965343	0.976313	0.973471	0.956706	0.992845
33550	-1574.021	-1625.179	51.15772	1	0.99663	1.00343	1.00622	1.00079	0.965343	0.976313	0.973471	0.956706	0.992845
33560	-1573.935	-1625.093	51.15772	1	0.99663	1.00343	1.00622	1.00079	0.965343	0.976313	0.973471	0.956706	0.992845
33570	-1574.018	-1625.175	51.15772	1	0.99663	1.00343	1.00622	1.00079	0.965343	0.976313	0.973471	0.956706	0.992845
33580	-1574.691	-1625.849	51.15772	1	0.99663	1.00343	1.00622	1.00079	0.965343	0.976313	0.973471	0.956706	0.992845
33590	-1573.967	-1625.124	51.15772	1	0.99663	1.00343	1.00622	1.00079	0.965343	0.976313	0.973471	0.956706	0.992845
33600	-1575.451	-1626.609	51.15772	1	0.99663	1.00343	1.00622	1.00079	0.965343	0.976313	0.973471	0.956706	0.992845
33610	-1576.457	-1627.615	51.15772	1	0.99663	1.00343	1.00622	1.00079	0.965343	0.976313	0.973471	0.956706	0.992845
33620	-1575.936	-1627.094	51.15772	1	0.99663	1.00343	1.00622	1.00079	0.965343	0.976313	0.973471	0.956706	0.992845
33630	-1573.912	-1625.07	51.15772	1	0.99663	1.00343	1.00622	1.00079	0.965343	0.976313	0.973471	0.956706	0.992845
33640	-1573.959	-1625.117	51.15772	1	0.99663	1.00343	1.00622	1.00079	0.965343	0.976313	0.973471	0.956706	0.992845
33650	-1574.299	-1625.457	51.15772	1	0.99663	1.00343	1.00622	1.00079	0.965343	0.976313	0.973471	0.956706	0.992845
33660	-1574.9	-1626.058	51.15772	1	0.99663	1.00343	1.00622	1.00079	0.965343	0.976313	0.973471	0.956706	0.992845
33670	-1574.731	-1625.889	51.15772	1	0.99663	1.00343	1.00622	1.00079	0.965343	0.976313	0.973471	0.956706	0.992845
33680	-1574.13	-1625.287	51.15772	1	0.99663	1.00343	1.00622	1.00079	0.965343	0.976313	0.973471	0.956706	0.992845
33690	-1573.914	-1625.072	51.15772	1	0.99663	1.00343	1.00622	1.00079	0.965343	0.976313	0.973471	0.956706	0.992845
33700	-1573.912	-1625.07	51.15772	1	0.99663	1.00343	1.00622	1.00079	0.965343	0.976313	0.973471	0.956706	0.992845
33710	-1574.674	-1625.831	51.15772	1	0.99663	1.00343	1.00622	1.00079	0.965343	0.976313	0.973471	0.956706	0.992845
33720	-1573.915	-1625.073	51.15772	1	0.99663	1.00343	1.00622	1.00079	0.965343	0.976313	0.973471	0.956706	0.992845
33730	-1573.914	-1625.072	51.15772	1	0.99663	1.00343	1.00622	1.00079	0.965343	0.976313	0.973471	0.956706	0.992845
33740	-1574.409	-1625.567	51.15772	1	0.99663	1.00343	1.00622	1.00079	0.965343	0.976313	0.973471	0.956706	0.992845
33750	-1573.936	-1625.094	51.15772	1	0.99663	1.00343	1.00622	1.00079	0.965343	0.976313	0.973471	0.956706	0.992845
33760	-1574.036	-1625.194	51.15772	1	0.99663	1.00343	1.00622	1.00079	0.965343	0.976313	0.973471	0.956706	0.992845
33770	-1574.397	-1625.555	51.15772	1	0.99663	1.00343	1.00622	1.00079	0.965343	0.976313	0.973471	0.956706	0.992845
33780	-1574.471	-1625.629	51.15772	1	0.99663	1.00343	1.00622	1.00079	0.965343	0.976313	0.973471	0.956706	0.992845
33790	-1573.965	-1625.122	51.15772	1	0.99663	1.00343	1.00622	1.00079	0.965343	0.976313	0.973471	0.956706	0.992845
33800	-1574.061	-1625.219	51.15772	1	0.99663	1.00343	1.00622	1.00079	0.965343	0.976313	0.973471	0.956706	0.992845
33810	-1573.979	-1625.136	51.15772	1	0.99663	1.00343	1.00622	1.00079	0.965343	0.976313	0.973471	0.956706	0.992845
33820	-1573.962	-1625.119	51.15772	1	0.99663	1.00343	1.00622	1.00079	0.965343	0.976313	0.973471	0.956706	0.992845
33830	-1574.189	-1625.347	51.15772	1	0.99663	1.00343	1.00622	1.00079	0.965343	0.976313	0.973471	0.956706	0.992845
33840	-1574.822	-1625.979	51.15772	1	0.99663	1.00343	1.00622	1.00079	0.965343	0.976313	0.973471	0.956706	0.992845
33850	-1573.969	-1625.127	51.15772	1	0.99663	1.00343	1.00622	1.00079	0.965343	0.976313	0.973471	0.956706	0.992845
33860	-1573.958	-1625.116	51.15772	1	0.99663	1.00343	1.00622	1.00079	0.965343	0.976313	0.973471	0.956706	0.992845
33870	-1574.369	-1625.526	51.15772	1	0.99663	1.00343	1.00622	1.00079	0.965343	0.976313	0.973471	0.956706	0.992845
33880	-1573.955	-1625.112	51.15772	1	0.99663	1.00343	1.00622	1.00079	0.965343	0.976313	0.973471	0.956706	0.992845
33890	-1574.033	-1625.19	51.15772	1	0.99663	1.00343	1.00622	1.00079	0.965343	0.976313	0.973471	0.956706	0.992845
33900	-1573.911	-1625.069	51.15772	1	0.99663	1.00343	1.00622	1.00079	0.965343	0.976313	0.973471	0.956706	0.992845
33910	-1574.067	-1625.224	51.15772	1	0.99663	1.00343	1.00622	1.00079	0.965343	0.976313	0.973471	0.956706	0.992845
33920	-1574.277	-1625.435	51.15772	1	0.99663	1.00343	1.00622	1.00079	0.965343	0.976313	0.973471	0.956706	0.992845
33930	-1574.041	-1625.198	51.15772	1	0.99663	1.00343	1.00622	1.00079	0.965343	0.976313	0.973471	0.956706	0.992845
33940	-1573.932	-1625.09	51.15772	1	0.99663	1.00343	1.00622	1.00079	0.965343	0.976313	0.973471	0.956706	0.992845
33950	-1574.146	-1625.304	51.15772	1	0.99663	1.00343	1.00622	1.00079	0.965343	0.976313	0.973471	0.956706	0.992845
33960	-1574.573	-1625.731	51.15772	1	0.99663	1.00343	1.00622	1.00079	0.965343	0.976313	0.973471	0.956706	0.992845
33970	-1573.913	-1625.07	51.15772	1	0.99663	1.00343	1.00622	1.00079	0.965343	0.976313	0.973471	0.956706	0.992845
33980	-1573.911	-1625.068	51.15772	1	0.99663	1.00343	1.00622	1.00079	0.965343	0.976313	0.973471	0.956706	0.992845
33990	-1574.41	-1625.568	51.15772	1	0.99663	1.00343	1.00622	1.00079	0.965343	0.976313	0.973471	0.956706	0.992845
34000	-1573.937	-1625.094	51.15772	1	0.99663	1.00343	1.00622	1.00079	0.965343	0.976313	0.973471	0.956706	0.992845
34010	-1575.69	-1626.848	51.15772	1	0.99663	1.00343	1.00622	1.00079	0.965343	0.976313	0.973471	0.956706	0.992845
34020	-1574.257	-1625.415	51.15772	1	0.99663	1.00343	1.00622	1.00079	0.965343	0.976313	0.973471	0.956706	0.992845
34030	-1574.015	-1625.173	51.15772	1	0.99663	1.00343	1.00622	1.00079	0.965343	0.976313	0.973471	0.956706	0.992845
34040	-1574.764	-1625.921	51.15772	1	0.99663	1.00343	1.00622	1.00079	0.965343	0.976313	0.973471	0.956706	0.992845
34050	-1574.176	-1625.334	51.15772	1	0.99663	1.00343	1.00622	1.00079	0.965343	0.976313	0.973471	0.956706	0.992845
34060	-1574.08	-1625.237	51.15772	1	0.99663	1.00343	1.00622	1.00079	0.965343	0.976313	0.973471	0.956706	0.992845
34070	-1573.931	-1625.088	51.15772	1	0.99663	1.00343	1.00622	1.00079	0.965343	0.976313	0.973471	0.956706	0.992845
34080	-1574.653	-1625.811	51.15772	1	0.99663	1.00343	1.00622	1.00079	0.965343	0.976313	0.973471	0.956706	0.992845
34090	-1573.911	-1625.069	51.15772	1	0.99663	1.00343	1.00622	1.00079	0.965343	0.976313	0.973471	0.956706	0.992845
34100	-1574.001	-1625.159	51.15772	1	0.99663	1.00343	1.00622	1.00079	0.965343	0.976313	0.973471	0.956706	0.992845
34110	-1573.967	-1625.125	51.15772	1	0.99663	1.00343	1.00622	1.00079	0.965343	0.976313	0.973471	0.956706	0.992845
34120	-1573.995	-1625.153	51.15772	1	0.99663	1.00343	1.00622	1.00079	0.965343	0.976313	0.973471	0.956706	0.992845
34130	-1574.917	-1626.075	51.15772	1	0.99663	1.00343	1.00622	1.00079	0.965343	0.976313	0.973471	0.956706	0.992845
34140	-1575.059	-1626.217	51.15772	1	0.99663	1.00343	1.00622	1.00079	0.965343	0.976313	0.973471	0.956706	0.992845
34150	-1574.776	-1625.934	51.15772	1	0.99663	1.00343	1.00622	1.00079	0.965343	0.976313	0.973471	0.956706	0.992845
34160	-1574.23	-1625.387	51.15772	1	0.99663	1.00343	1.00622	1.00079	0.965343	0.976313	0.973471	0.956706	0.992845
34170	-1573.915	-1625.072	51.15772	1	0.99663	1.00343	1.00622	1.00079	0.965343	0.976313	0.973471	0.956706	0.992845
34180	-1574.111	-1625.269	51.15772	1	0.99663	1.00343	1.00622	1.00079	0.965343	0.976313	0.973471	0.956706	0.992845
34190	-1573.986	-1625.144	51.15772	1	0.99663	1.00343	1.00622	1.00079	0.965343	0.976313	0.973471	0.956706	0.992845
34200	-1575.52	-1626.678	51.15772	1	0.99663	1.00343	1.00622	1.00079	0.965343	0.976313	0.973471	0.956706	0.992845
34210	-1573.912	-1625.07	51.15772	1	0.99663	1.00343	1.00622	1.00079	0.965343	0.976313	0.973471	0.956706	0.992845
34220	-1574.465	-1625.623	51.15772	1	0.99663	1.00343	1.00622	1.00079	0.965343	0.976313	0.973471	0.956706	0.992845
34230	-1574.432	-1625.59	51.15772	1	0.99663	1.00343	1.00622	1.00079	0.965343	0.976313	0.973471	0.956706	0.992845
34240	-1574.85	-1626.008	51.15772	1	0.99663	1.00343	1.00622	1.00079	0.965343	0.976313	0.973471	0.956706	0.992845
34250	-1573.932	-1625.089	51.15772	1	0.99663	1.00343	1.00622	1.00079	0.965343	0.976313	0.973471	0.956706	0.992845
34260	-1573.909	-1625.067	51.15772	1	0.99663	1.00343	1.00622	1.00079	0.965343	0.976313	0.973471	0.956706	0.992845
34270	-1574.283	-1625.44	51.15772	1	0.99663	1.00343	1.00622	1.00079	0.965343	0.976313	0.973471	0.956706	0.992845
34280	-1574.119	-1625.277	51.15772	1	0.99663	1.00343	1.00622	1.00079	0.965343	0.976313	0.973471	0.956706	0.992845
34290	-1576.247	-1627.404	51.15772	1	0.99663	1.00343	1.00622	1.00079	0.965343	0.976313	0.973471	0.956706	0.992845
34300	-1574.803	-1625.96	51.15772	1	0.99663	1.00343	1.00622	1.00079	0.965343	0.976313	0.973471	0.956706	0.992845
34310	-1573.975	-1625.133	51.15772	1	0.99663	1.00343	1.00622	1.00079	0.965343	0.976313	0.973471	0.956706	0.992845
34320	-1574.459	-1625.616	51.15772	1	0.99663	1.00343	1.00622	1.00079	0.965343	0.976313	0.973471	0.956706	0.992845
34330	-1574	-1625.157	51.15772	1	0.99663	1.00343	1.00622	1.00079	0.965343	0.976313	0.973471	0.956706	0.992845
34340	-1574.444	-1625.601	51.15772	1	0.99663	1.00343	1.00622	1.00079	0.965343	0.976313	0.973471	0.956706	0.992845
34350	-1574.095	-1625.253	51.15772	1	0.99663	1.00343	1.00622	1.00079	0.965343	0.976313	0.973471	0.956706	0.992845
34360	-1574.039	-1625.197	51.15772	1	0.99663	1.00343	1.00622	1.00079	0.965343	0.976313	0.973471	0.956706	0.992845
34370	-1574.463	-1625.621	51.15772	1	0.99663	1.00343	1.00622	1.00079	0.965343	0.976313	0.973471	0.956706	0.992845
34380	-1575.418	-1626.576	51.15772	1	0.99663	1.00343	1.00622	1.00079	0.965343	0.976313	0.973471	0.956706	0.992845
34390	-1574.066	-1625.224	51.15772	1	0.99663	1.00343	1.00622	1.00079	0.965343	0.976313	0.973471	0.956706	0.992845
34400	-1574.307	-1625.464	51.15772	1	0.99663	1.00343	1.00622	1.00079	0.965343	0.976313	0.973471	0.956706	0.992845
34410	-1573.955	-1625.113	51.15772	1	0.99663	1.00343	1.00622	1.00079	0.965343	0.976313	0.973471	0.956706	0.992845
34420	-1574.07	-1625.228	51.15772	1	0.99663	1.00343	1.00622	1.00079	0.965343	0.976313	0.973471	0.956706	0.992845
34430	-1576.456	-1627.614	51.15772	1	0.99663	1.00343	1.00622	1.00079	0.965343	0.976313	0.973471	0.956706	0.992845
34440	-1574.614	-1625.772	51.15772	1	0.99663	1.00343	1.00622	1.00079	0.965343	0.976313	0.973471	0.956706	0.992845
34450	-1574.09	-1625.248	51.15772	1	0.99663	1.00343	1.00622	1.00079	0.965343	0.976313	0.973471	0.956706	0.992845
34460	-1574.356	-1625.514	51.15772	1	0.99663	1.00343	1.00622	1.00079	0.965343	0.976313	0.973471	0.956706	0.992845
34470	-1574	-1625.158	51.15772	1	0.99663	1.00343	1.00622	1.00079	0.965343	0.976313	0.973471	0.956706	0.992845
34480	-1574.113	-1625.27	51.15772	1	0.99663	1.00343	1.00622	1.00079	0.965343	0.976313	0.973471	0.956706	0.992845
34490	-1575.659	-1626.817	51.15772	1	0.99663	1.00343	1.00622	1.00079	0.965343	0.976313	0.973471	0.956706	0.992845
34500	-1574.36	-1625.518	51.15772	1	0.99663	1.00343	1.00622	1.00079	0.965343	0.976313	0.973471	0.956706	0.992845
34510	-1573.909	-1625.067	51.15772	1	0.99663	1.00343	1.00622	1.00079	0.965343	0.976313	0.973471	0.956706	0.992845
34520	-1574.362	-1625.52	51.15772	1	0.99663	1.00343	1.00622	1.00079	0.965343	0.976313	0.973471	0.956706	0.992845
34530	-1574.496	-1625.654	51.15772	1	0.99663	1.00343	1.00622	1.00079	0.965343	0.976313	0.973471	0.956706	0.992845
34540	-1574.278	-1625.436	51.15772	1	0.99663	1.00343	1.00622	1.00079	0.965343	0.976313	0.973471	0.956706	0.992845
34550	-1573.909	-1625.067	51.15772	1	0.99663	1.00343	1.00622	1.00079	0.965343	0.976313	0.973471	0.956706	0.992845
34560	-1573.913	-1625.071	51.15772	1	0.99663	1.00343	1.00622	1.00079	0.965343	0.976313	0.973471	0.956706	0.992845
34570	-1574.085	-1625.243	51.15772	1	0.99663	1.00343	1.00622	1.00079	0.965343	0.976313	0.973471	0.956706	0.992845
34580	-1573.914	-1625.072	51.15772	1	0.99663	1.00343	1.00622	1.00079	0.965343	0.976313	0.973471	0.956706	0.992845
34590	-1573.921	-1625.079	51.15772	1	0.99663	1.00343	1.00622	1.00079	0.965343	0.976313	0.973471	0.956706	0.992845
34600	-1574.86	-1626.018	51.15772	1	0.99663	1.00343	1.00622	1.00079	0.965343	0.976313	0.973471	0.956706	0.992845
34610	-1573.923	-1625.081	51.15772	1	0.99663	1.00343	1.00622	1.00079	0.965343	0.976313	0.973471	0.956706	0.992845
34620	-1573.91	-1625.067	51.15772	1	0.99663	1.00343	1.00622	1.00079	0.965343	0.976313	0.973471	0.956706	0.992845
34630	-1574.674	-1625.832	51.15772	1	0.99663	1.00343	1.00622	1.00079	0.965343	0.976313	0.973471	0.956706	0.992845
34640	-1573.952	-1625.11	51.15772	1	0.99663	1.00343	1.00622	1.00079	0.965343	0.976313	0.973471	0.956706	0.992845
34650	-1574.089	-1625.246	51.15772	1	0.99663	1.00343	1.00622	1.00079	0.965343	0.976313	0.973471	0.956706	0.992845
34660	-1574.294	-1625.451	51.15772	1	0.99663	1.00343	1.00622	1.00079	0.965343	0.976313	0.973471	0.956706	0.992845
34670	-1573.975	-1625.133	51.15772	1	0.99663	1.00343	1.00622	1.00079	0.965343	0.976313	0.973471	0.956706	0.992845
34680	-1574.042	-1625.2	51.15772	1	0.99663	1.00343	1.00622	1.00079	0.965343	0.976313	0.973471	0.956706	0.992845
34690	-1574.429	-1625.586	51.15772	1	0.99663	1.00343	1.00622	1.00079	0.965343	0.976313	0.973471	0.956706	0.992845
34700	-1573.91	-1625.067	51.15772	1	0.99663	1.00343	1.00622	1.00079	0.965343	0.976313	0.973471	0.956706	0.992845
34710	-1574.291	-1625.449	51.15772	1	0.99663	1.00343	1.00622	1.00079	0.965343	0.976313	0.973471	0.956706	0.992845
34720	-1573.989	-1625.147	51.15772	1	0.99663	1.00343	1.00622	1.00079	0.965343	0.976313	0.973471	0.956706	0.992845
34730	-1574.133	-1625.29	51.15772	1	0.99663	1.00343	1.00622	1.00079	0.965343	0.976313	0.973471	0.956706	0.992845
34740	-1574.218	-1625.376	51.15772	1	0.99663	1.00343	1.00622	1.00079	0.965343	0.976313	0.973471	0.956706	0.992845
34750	-1573.988	-1625.146	51.15772	1	0.99663	1.00343	1.00622	1.00079	0.965343	0.976313	0.973471	0.956706	0.992845
34760	-1573.994	-1625.152	51.15772	1	0.99663	1.00343	1.00622	1.00079	0.965343	0.976313	0.973471	0.956706	0.992845
34770	-1574.718	-1625.876	51.15772	1	0.99663	1.00343	1.00622	1.00079	0.965343	0.976313	0.973471	0.956706	0.992845
34780	-1573.937	-1625.095	51.15772	1	0.99663	1.00343	1.00622	1.00079	0.965343	0.976313	0.973471	0.956706	0.992845
34790	-1573.918	-1625.076	51.15772	1	0.99663	1.00343	1.00622	1.00079	0.965343	0.976313	0.973471	0.956706	0.992845
34800	-1574.056	-1625.213	51.15772	1	0.99663	1.00343	1.00622	1.00079	0.965343	0.976313	0.973471	0.956706	0.992845
34810	-1574.944	-1626.102	51.15772	1	0.99663	1.00343	1.00622	1.00079	0.965343	0.976313	0.973471	0.956706	0.992845
34820	-1576.254	-1627.411	51.15772	1	0.99663	1.00343	1.00622	1.00079	0.965343	0.976313	0.973471	0.956706	0.992845
34830	-1574.614	-1625.771	51.15772	1	0.99663	1.00343	1.00622	1.00079	0.965343	0.976313	0.973471	0.956706	0.992845
34840	-1573.937	-1625.095	51.15772	1	0.99663	1.00343	1.00622	1.00079	0.965343	0.976313	0.973471	0.956706	0.992845
34850	-1574.628	-1625.786	51.15772	1	0.99663	1.00343	1.00622	1.00079	0.965343	0.976313	0.973471	0.956706	0.992845
34860	-1574.161	-1625.319	51.15772	1	0.99663	1.00343	1.00622	1.00079	0.965343	0.976313	0.973471	0.956706	0.992845
34870	-1574.12	-1625.278	51.15772	1	0.99663	1.00343	1.00622	1.00079	0.965343	0.976313	0.973471	0.956706	0.992845
34880	-1575.409	-1626.567	51.15772	1	0.99663	1.00343	1.00622	1.00079	0.965343	0.976313	0.973471	0.956706	0.992845
34890	-1575.105	-1626.263	51.15772	1	0.99663	1.00343	1.00622	1.00079	0.965343	0.976313	0.973471	0.956706	0.992845
34900	-1574.325	-1625.483	51.15772	1	0.99663	1.00343	1.00622	1.00079	0.965343	0.976313	0.973471	0.956706	0.992845
34910	-1573.91	-1625.067	51.15772	1	0.99663	1.00343	1.00622	1.00079	0.965343	0.976313	0.973471	0.956706	0.992845
34920	-1574.312	-1625.47	51.15772	1	0.99663	1.00343	1.00622	1.00079	0.965343	0.976313	0.973471	0.956706	0.992845
34930	-1574.233	-1625.391	51.15772	1	0.99663	1.00343	1.00622	1.00079	0.965343	0.976313	0.973471	0.956706	0.992845
34940	-1573.921	-1625.079	51.15772	1	0.99663	1.00343	1.00622	1.00079	0.965343	0.976313	0.973471	0.956706	0.992845
34950	-1575.241	-1626.399	51.15772	1	0.99663	1.00343	1.00622	1.00079	0.965343	0.976313	0.973471	0.956706	0.992845
34960	-1575.821	-1626.979	51.15772	1	0.99663	1.00343	1.00622	1.00079	0.965343	0.976313	0.973471	0.956706	0.992845
34970	-1574.966	-1626.124	51.15772	1	0.99663	1.00343	1.00622	1.00079	0.965343	0.976313	0.973471	0.956706	0.992845
34980	-1573.999	-1625.157	51.15772	1	0.99663	1.00343	1.00622	1.00079	0.965343	0.976313	0.973471	0.956706	0.992845
34990	-1573.954	-1625.112	51.15772	1	0.99663	1.00343	1.00622	1.00079	0.965343	0.976313	0.973471	0.956706	0.992845
35000	-1574.182	-1625.34	51.15772	1	0.99663	1.00343	1.00622	1.00079	0.965343	0.976313	0.973471	0.956706	0.992845
35010	-1575.635	-1626.792	51.15772	1	0.99663	1.00343	1.00622	1.00079	0.965343	0.976313	0.973471	0.956706	0.992845
35020	-1574.348	-1625.506	51.15772	1	0.99663	1.00343	1.00622	1.00079	0.965343	0.976313	0.973471	0.956706	0.992845
35030	-1573.93	-1625.088	51.15772	1	0.99663	1.00343	1.00622	1.00079	0.965343	0.976313	0.973471	0.956706	0.992845
35040	-1574.004	-1625.161	51.15772	1	0.99663	1.00343	1.00622	1.00079	0.965343	0.976313	0.973471	0.956706	0.992845
35050	-1574.68	-1625.838	51.15772	1	0.99663	1.00343	1.00622	1.00079	0.965343	0.976313	0.973471	0.956706	0.992845
35060	-1573.914	-1625.072	51.15772	1	0.99663	1.00343	1.00622	1.00079	0.965343	0.976313	0.973471	0.956706	0.992845
35070	-1574.082	-1625.24	51.15772	1	0.99663	1.00343	1.00622	1.00079	0.965343	0.976313	0.973471	0.956706	0.992845
35080	-1574.355	-1625.513	51.15772	1	0.99663	1.00343	1.00622	1.00079	0.965343	0.976313	0.973471	0.956706	0.992845
35090	-1575.058	-1626.216	51.15772	1	0.99663	1.00343	1.00622	1.00079	0.965343	0.976313	0.973471	0.956706	0.992845
35100	-1574.452	-1625.61	51.15772	1	0.99663	1.00343	1.00622	1.00079	0.965343	0.976313	0.973471	0.956706	0.992845
35110	-1573.966	-1625.124	51.15772	1	0.99663	1.00343	1.00622	1.00079	0.965343	0.976313	0.973471	0.956706	0.992845
35120	-1573.983	-1625.14	51.15772	1	0.99663	1.00343	1.00622	1.00079	0.965343	0.976313	0.973471	0.956706	0.992845
35130	-1573.918	-1625.076	51.15772	1	0.99663	1.00343	1.00622	1.00079	0.965343	0.976313	0.973471	0.956706	0.992845
35140	-1574.18	-1625.338	51.15772	1	0.99663	1.00343	1.00622	1.00079	0.965343	0.976313	0.973471	0.956706	0.992845
35150	-1573.913	-1625.071	51.15772	1	0.99663	1.00343	1.00622	1.00079	0.965343	0.976313	0.973471	0.956706	0.992845
35160	-1573.916	-1625.074	51.15772	1	0.99663	1.00343	1.00622	1.00079	0.965343	0.976313	0.973471	0.956706	0.992845
35170	-1573.946	-1625.104	51.15772	1	0.99663	1.00343	1.00622	1.00079	0.965343	0.976313	0.973471	0.956706	0.992845
35180	-1573.99	-1625.148	51.15772	1	0.99663	1.00343	1.00622	1.00079	0.965343	0.976313	0.973471	0.956706	0.992845
35190	-1574.017	-1625.175	51.15772	1	0.99663	1.00343	1.00622	1.00079	0.965343	0.976313	0.973471	0.956706	0.992845
35200	-1574.046	-1625.204	51.15772	1	0.99663	1.00343	1.00622	1.00079	0.965343	0.976313	0.973471	0.956706	0.992845
35210	-1574.083	-1625.241	51.15772	1	0.99663	1.00343	1.00622	1.00079	0.965343	0.976313	0.973471	0.956706	0.992845
35220	-1574.3	-1625.458	51.15772	1	0.99663	1.00343	1.00622	1.00079	0.965343	0.976313	0.973471	0.956706	0.992845
35230	-1574.031	-1625.189	51.15772	1	0.99663	1.00343	1.00622	1.00079	0.965343	0.976313	0.973471	0.956706	0.992845
35240	-1574.16	-1625.318	51.15772	1	0.99663	1.00343	1.00622	1.00079	0.965343	0.976313	0.973471	0.956706	0.992845
35250	-1574.27	-1625.428	51.15772	1	0.99663	1.00343	1.00622	1.00079	0.965343	0.976313	0.973471	0.956706	0.992845
35260	-1573.914	-1625.071	51.15772	1	0.99663	1.00343	1.00622	1.00079	0.965343	0.976313	0.973471	0.956706	0.992845
35270	-1574.624	-1625.782	51.15772	1	0.99663	1.00343	1.00622	1.00079	0.965343	0.976313	0.973471	0.956706	0.992845
35280	-1573.941	-1625.099	51.15772	1	0.99663	1.00343	1.00622	1.00079	0.965343	0.976313	0.973471	0.956706	0.992845
35290	-1575.428	-1626.586	51.15772	1	0.99663	1.00343	1.00622	1.00079	0.965343	0.976313	0.973471	0.956706	0.992845
35300	-1573.937	-1625.094	51.15772	1	0.99663	1.00343	1.00622	1.00079	0.965343	0.976313	0.973471	0.956706	0.992845
35310	-1573.945	-1625.103	51.15772	1	0.99663	1.00343	1.00622	1.00079	0.965343	0.976313	0.973471	0.956706	0.992845
35320	-1575.314	-1626.472	51.15772	1	0.99663	1.00343	1.00622	1.00079	0.965343	0.976313	0.973471	0.956706	0.992845
35330	-1574.021	-1625.179	51.15772	1	0.99663	1.00343	1.00622	1.00079	0.965343	0.976313	0.973471	0.956706	0.992845
35340	-1574.519	-1625.677	51.15772	1	0.99663	1.00343	1.00622	1.00079	0.965343	0.976313	0.973471	0.956706	0.992845
35350	-1573.919	-1625.076	51.15772	1	0.99663	1.00343	1.00622	1.00079	0.965343	0.976313	0.973471	0.956706	0.992845
35360	-1574.687	-1625.845	51.15772	1	0.99663	1.00343	1.00622	1.00079	0.965343	0.976313	0.973471	0.956706	0.992845
35370	-1573.962	-1625.12	51.15772	1	0.99663	1.00343	1.00622	1.00079	0.965343	0.976313	0.973471	0.956706	0.992845
35380	-1573.934	-1625.092	51.15772	1	0.99663	1.00343	1.00622	1.00079	0.965343	0.976313	0.973471	0.956706	0.992845
35390	-1573.934	-1625.092	51.15772	1	0.99663	1.00343	1.00622	1.00079	0.965343	0.976313	0.973471	0.956706	0.992845
35400	-1573.918	-1625.076	51.15772	1	0.99663	1.00343	1.00622	1.00079	0.965343	0.976313	0.973471	0.956706	0.992845
35410	-1573.924	-1625.082	51.15772	1	0.99663	1.00343	1.00622	1.00079	0.965343	0.976313	0.973471	0.956706	0.992845
35420	-1573.912	-1625.069	51.15772	1	0.99663	1.00343	1.00622	1.00079	0.965343	0.976313	0.973471	0.956706	0.992845
35430	-1574.892	-1626.05	51.15772	1	0.99663	1.00343	1.00622	1.00079	0.965343	0.976313	0.973471	0.956706	0.992845
35440	-1573.913	-1625.07	51.15772	1	0.99663	1.00343	1.00622	1.00079	0.965343	0.976313	0.973471	0.956706	0.992845
35450	-1574.228	-1625.386	51.15772	1	0.99663	1.00343	1.00622	1.00079	0.965343	0.976313	0.973471	0.956706	0.992845
35460	-1574.29	-1625.447	51.15772	1	0.99663	1.00343	1.00622	1.00079	0.965343	0.976313	0.973471	0.956706	0.992845
35470	-1574.096	-1625.254	51.15772	1	0.99663	1.00343	1.00622	1.00079	0.965343	0.976313	0.973471	0.956706	0.992845
35480	-1574.279	-1625.436	51.15772	1	0.99663	1.00343	1.00622	1.00079	0.965343	0.976313	0.973471	0.956706	0.992845
35490	-1574.08	-1625.237	51.15772	1	0.99663	1.00343	1.00622	1.00079	0.965343	0.976313	0.973471	0.956706	0.992845
35500	-1575.249	-1626.406	51.15772	1	0.99663	1.00343	1.00622	1.00079	0.965343	0.976313	0.973471	0.956706	0.992845
35510	-1573.911	-1625.068	51.15772	1	0.99663	1.00343	1.00622	1.00079	0.965343	0.976313	0.973471	0.956706	0.992845
35520	-1573.921	-1625.079	51.15772	1	0.99663	1.00343	1.00622	1.00079	0.965343	0.976313	0.973471	0.956706	0.992845
35530	-1574.731	-1625.888	51.15772	1	0.99663	1.00343	1.00622	1.00079	0.965343	0.976313	0.973471	0.956706	0.992845
35540	-1574.081	-1625.239	51.15772	1	0.99663	1.00343	1.00622	1.00079	0.965343	0.976313	0.973471	0.956706	0.992845
35550	-1574.839	-1625.997	51.15772	1	0.99663	1.00343	1.00622	1.00079	0.965343	0.976313	0.973471	0.956706	0.992845
35560	-1574.287	-1625.445	51.15772	1	0.99663	1.00343	1.00622	1.00079	0.965343	0.976313	0.973471	0.956706	0.992845
35570	-1574.518	-1625.676	51.15772	1	0.99663	1.00343	1.00622	1.00079	0.965343	0.976313	0.973471	0.956706	0.992845
35580	-1575.692	-1626.85	51.15772	1	0.99663	1.00343	1.00622	1.00079	0.965343	0.976313	0.973471	0.956706	0.992845
35590	-1573.909	-1625.067	51.15772	1	0.99663	1.00343	1.00622	1.00079	0.965343	0.976313	0.973471	0.956706	0.992845
35600	-1573.914	-1625.072	51.15772	1	0.99663	1.00343	1.00622	1.00079	0.965343	0.976313	0.973471	0.956706	0.992845
35610	-1573.949	-1625.107	51.15772	1	0.99663	1.00343	1.00622	1.00079	0.965343	0.976313	0.973471	0.956706	0.992845
35620	-1574.094	-1625.252	51.15772	1	0.99663	1.00343	1.00622	1.00079	0.965343	0.976313	0.973471	0.956706	0.992845
35630	-1574.283	-1625.44	51.15772	1	0.99663	1.00343	1.00622	1.00079	0.965343	0.976313	0.973471	0.956706	0.992845
35640	-1575.799	-1626.957	51.15772	1	0.99663	1.00343	1.00622	1.00079	0.965343	0.976313	0.973471	0.956706	0.992845
35650	-1574.884	-1626.041	51.15772	1	0.99663	1.00343	1.00622	1.00079	0.965343	0.976313	0.973471	0.956706	0.992845
35660	-1574.081	-1625.239	51.15772	1	0.99663	1.00343	1.00622	1.00079	0.965343	0.976313	0.973471	0.956706	0.992845
35670	-1573.909	-1625.067	51.15772	1	0.99663	1.00343	1.00622	1.00079	0.965343	0.976313	0.973471	0.956706	0.992845
35680	-1574.978	-1626.136	51.15772	1	0.99663	1.00343	1.00622	1.00079	0.965343	0.976313	0.973471	0.956706	0.992845
35690	-1574.493	-1625.651	51.15772	1	0.99663	1.00343	1.00622	1.00079	0.965343	0.976313	0.973471	0.956706	0.992845
35700	-1573.921	-1625.079	51.15772	1	0.99663	1.00343	1.00622	1.00079	0.965343	0.976313	0.973471	0.956706	0.992845
35710	-1574.035	-1625.193	51.15772	1	0.99663	1.00343	1.00622	1.00079	0.965343	0.976313	0.973471	0.956706	0.992845
35720	-1573.987	-1625.145	51.15772	1	0.99663	1.00343	1.00622	1.00079	0.965343	0.976313	0.973471	0.956706	0.992845
35730	-1574.025	-1625.182	51.15772	1	0.99663	1.00343	1.00622	1.00079	0.965343	0.976313	0.973471	0.956706	0.992845
35740	-1573.909	-1625.067	51.15772	1	0.99663	1.00343	1.00622	1.00079	0.965343	0.976313	0.973471	0.956706	0.992845
35750	-1574.104	-1625.262	51.15772	1	0.99663	1.00343	1.00622	1.00079	0.965343	0.976313	0.973471	0.956706	0.992845
35760	-1574.038	-1625.196	51.15772	1	0.99663	1.00343	1.00622	1.00079	0.965343	0.976313	0.973471	0.956706	0.992845
35770	-1573.91	-1625.068	51.15772	1	0.99663	1.00343	1.00622	1.00079	0.965343	0.976313	0.973471	0.956706	0.992845
35780	-1575.451	-1626.609	51.15772	1	0.99663	1.00343	1.00622	1.00079	0.965343	0.976313	0.973471	0.956706	0.992845
35790	-1574.065	-1625.223	51.15772	1	0.99663	1.00343	1.00622	1.00079	0.965343	0.976313	0.973471	0.956706	0.992845
35800	-1575.327	-1626.485	51.15772	1	0.99663	1.00343	1.00622	1.00079	0.965343	0.976313	0.973471	0.956706	0.992845
35810	-1573.909	-1625.067	51.15772	1	0.99663	1.00343	1.00622	1.00079	0.965343	0.976313	0.973471	0.956706	0.992845
35820	-1574.314	-1625.472	51.15772	1	0.99663	1.00343	1.00622	1.00079	0.965343	0.976313	0.973471	0.956706	0.992845
35830	-1574.099	-1625.257	51.15772	1	0.99663	1.00343	1.00622	1.00079	0.965343	0.976313	0.973471	0.956706	0.992845
35840	-1573.909	-1625.067	51.15772	1	0.99663	1.00343	1.00622	1.00079	0.965343	0.976313	0.973471	0.956706	0.992845
35850	-1573.985	-1625.143	51.15772	1	0.99663	1.00343	1.00622	1.00079	0.965343	0.976313	0.973471	0.956706	0.992845
35860	-1574.266	-1625.424	51.15772	1	0.99663	1.00343	1.00622	1.00079	0.965343	0.976313	0.973471	0.956706	0.992845
35870	-1574.112	-1625.269	51.15772	1	0.99663	1.00343	1.00622	1.00079	0.965343	0.976313	0.973471	0.956706	0.992845
35880	-1573.911	-1625.068	51.15772	1	0.99663	1.00343	1.00622	1.00079	0.965343	0.976313	0.973471	0.956706	0.992845
35890	-1574.307	-1625.465	51.15772	1	0.99663	1.00343	1.00622	1.00079	0.965343	0.976313	0.973471	0.956706	0.992845
35900	-1574.018	-1625.176	51.15772	1	0.99663	1.00343	1.00622	1.00079	0.965343	0.976313	0.973471	0.956706	0.992845
35910	-1574.142	-1625.299	51.15772	1	0.99663	1.00343	1.00622	1.00079	0.965343	0.976313	0.973471	0.956706	0.992845
35920	-1576.841	-1627.999	51.15772	1	0.99663	1.00343	1.00622	1.00079	0.965343	0.976313	0.973471	0.956706	0.992845
35930	-1573.909	-1625.067	51.15772	1	0.99663	1.00343	1.00622	1.00079	0.965343	0.976313	0.973471	0.956706	0.992845
35940	-1575.029	-1626.186	51.15772	1	0.99663	1.00343	1.00622	1.00079	0.965343	0.976313	0.973471	0.956706	0.992845
35950	-1575.098	-1626.256	51.15772	1	0.99663	1.00343	1.00622	1.00079	0.965343	0.976313	0.973471	0.956706	0.992845
35960	-1574.09	-1625.247	51.15772	1	0.99663	1.00343	1.00622	1.00079	0.965343	0.976313	0.973471	0.956706	0.992845
35970	-1573.995	-1625.153	51.15772	1	0.99663	1.00343	1.00622	1.00079	0.965343	0.976313	0.973471	0.956706	0.992845
35980	-1574.181	-1625.339	51.15772	1	0.99663	1.00343	1.00622	1.00079	0.965343	0.976313	0.973471	0.956706	0.992845
35990	-1573.957	-1625.114	51.15772	1	0.99663	1.00343	1.00622	1.00079	0.965343	0.976313	0.973471	0.956706	0.992845
36000	-1574.51	-1625.668	51.15772	1	0.99663	1.00343	1.00622	1.00079	0.965343	0.976313	0.973471	0.956706	0.992845
36010	-1574.086	-1625.244	51.15772	1	0.99663	1.00343	1.00622	1.00079	0.965343	0.976313	0.973471	0.956706	0.992845
36020	-1573.978	-1625.136	51.15772	1	0.99663	1.00343	1.00622	1.00079	0.965343	0.976313	0.973471	0.956706	0.992845
36030	-1574.126	-1625.284	51.15772	1	0.99663	1.00343	1.00622	1.00079	0.965343	0.976313	0.973471	0.956706	0.992845
36040	-1575.111	-1626.268	51.15772	1	0.99663	1.00343	1.00622	1.00079	0.965343	0.976313	0.973471	0.956706	0.992845
36050	-1573.911	-1625.069	51.15772	1	0.99663	1.00343	1.00622	1.00079	0.965343	0.976313	0.973471	0.956706	0.992845
36060	-1574.177	-1625.335	51.15772	1	0.99663	1.00343	1.00622	1.00079	0.965343	0.976313	0.973471	0.956706	0.992845
36070	-1574.14	-1625.298	51.15772	1	0.99663	1.00343	1.00622	1.00079	0.965343	0.976313	0.973471	0.956706	0.992845
36080	-1574.041	-1625.198	51.15772	1	0.99663	1.00343	1.00622	1.00079	0.965343	0.976313	0.973471	0.956706	0.992845
36090	-1574.143	-1625.3	51.15772	1	0.99663	1.00343	1.00622	1.00079	0.965343	0.976313	0.973471	0.956706	0.992845
36100	-1573.937	-1625.095	51.15772	1	0.99663	1.00343	1.00622	1.00079	0.965343	0.976313	0.973471	0.956706	0.992845
36110	-1574.827	-1625.985	51.15772	1	0.99663	1.00343	1.00622	1.00079	0.965343	0.976313	0.973471	0.956706	0.992845
36120	-1576.022	-1627.18	51.15772	1	0.99663	1.00343	1.00622	1.00079	0.965343	0.976313	0.973471	0.956706	0.992845
36130	-1573.958	-1625.115	51.15772	1	0.99663	1.00343	1.00622	1.00079	0.965343	0.976313	0.973471	0.956706	0.992845
36140	-1573.965	-1625.123	51.15772	1	0.99663	1.00343	1.00622	1.00079	0.965343	0.976313	0.973471	0.956706	0.992845
36150	-1576.036	-1627.194	51.15772	1	0.99663	1.00343	1.00622	1.00079	0.965343	0.976313	0.973471	0.956706	0.992845
36160	-1573.97	-1625.128	51.15772	1	0.99663	1.00343	1.00622	1.00079	0.965343	0.976313	0.973471	0.956706	0.992845
36170	-1573.911	-1625.069	51.15772	1	0.99663	1.00343	1.00622	1.00079	0.965343	0.976313	0.973471	0.956706	0.992845
36180	-1573.965	-1625.123	51.15772	1	0.99663	1.00343	1.00622	1.00079	0.965343	0.976313	0.973471	0.956706	0.992845
36190	-1573.91	-1625.067	51.15772	1	0.99663	1.00343	1.00622	1.00079	0.965343	0.976313	0.973471	0.956706	0.992845
36200	-1574.137	-1625.294	51.15772	1	0.99663	1.00343	1.00622	1.00079	0.965343	0.976313	0.973471	0.956706	0.992845
36210	-1574.086	-1625.244	51.15772	1	0.99663	1.00343	1.00622	1.00079	0.965343	0.976313	0.973471	0.956706	0.992845
36220	-1575.853	-1627.01	51.15772	1	0.99663	1.00343	1.00622	1.00079	0.965343	0.976313	0.973471	0.956706	0.992845
36230	-1574.014	-1625.172	51.15772	1	0.99663	1.00343	1.00622	1.00079	0.965343	0.976313	0.973471	0.956706	0.992845
36240	-1574.396	-1625.554	51.15772	1	0.99663	1.00343	1.00622	1.00079	0.965343	0.976313	0.973471	0.956706	0.992845
36250	-1574.17	-1625.327	51.15772	1	0.99663	1.00343	1.00622	1.00079	0.965343	0.976313	0.973471	0.956706	0.992845
36260	-1574.043	-1625.201	51.15772	1	0.99663	1.00343	1.00622	1.00079	0.965343	0.976313	0.973471	0.956706	0.992845
36270	-1574.009	-1625.167	51.15772	1	0.99663	1.00343	1.00622	1.00079	0.965343	0.976313	0.973471	0.956706	0.992845
36280	-1573.909	-1625.067	51.15772	1	0.99663	1.00343	1.00622	1.00079	0.965343	0.976313	0.973471	0.956706	0.992845
36290	-1574.406	-1625.563	51.15772	1	0.99663	1.00343	1.00622	1.00079	0.965343	0.976313	0.973471	0.956706	0.992845
36300	-1574.104	-1625.262	51.15772	1	0.99663	1.00343	1.00622	1.00079	0.965343	0.976313	0.973471	0.956706	0.992845
36310	-1574.097	-1625.254	51.15772	1	0.99663	1.00343	1.00622	1.00079	0.965343	0.976313	0.973471	0.956706	0.992845
36320	-1574.284	-1625.442	51.15772	1	0.99663	1.00343	1.00622	1.00079	0.965343	0.976313	0.973471	0.956706	0.992845
36330	-1573.949	-1625.106	51.15772	1	0.99663	1.00343	1.00622	1.00079	0.965343	0.976313	0.973471	0.956706	0.992845
36340	-1574.212	-1625.37	51.15772	1	0.99663	1.00343	1.00622	1.00079	0.965343	0.976313	0.973471	0.956706	0.992845
36350	-1573.923	-1625.081	51.15772	1	0.99663	1.00343	1.00622	1.00079	0.965343	0.976313	0.973471	0.956706	0.992845
36360	-1573.913	-1625.071	51.15772	1	0.99663	1.00343	1.00622	1.00079	0.965343	0.976313	0.973471	0.956706	0.992845
36370	-1574.022	-1625.18	51.15772	1	0.99663	1.00343	1.00622	1.00079	0.965343	0.976313	0.973471	0.956706	0.992845
36380	-1574.731	-1625.889	51.15772	1	0.99663	1.00343	1.00622	1.00079	0.965343	0.976313	0.973471	0.956706	0.992845
36390	-1574.978	-1626.136	51.15772	1	0.99663	1.00343	1.00622	1.00079	0.965343	0.976313	0.973471	0.956706	0.992845
36400	-1574.146	-1625.303	51.15772	1	0.99663	1.00343	1.00622	1.00079	0.965343	0.976313	0.973471	0.956706	0.992845
36410	-1573.975	-1625.132	51.15772	1	0.99663	1.00343	1.00622	1.00079	0.965343	0.976313	0.973471	0.956706	0.992845
36420	-1573.911	-1625.069	51.15772	1	0.99663	1.00343	1.00622	1.00079	0.965343	0.976313	0.973471	0.956706	0.992845
36430	-1574.513	-1625.671	51.15772	1	0.99663	1.00343	1.00622	1.00079	0.965343	0.976313	0.973471	0.956706	0.992845
36440	-1573.911	-1625.069	51.15772	1	0.99663	1.00343	1.00622	1.00079	0.965343	0.976313	0.973471	0.956706	0.992845
36450	-1573.913	-1625.071	51.15772	1	0.99663	1.00343	1.00622	1.00079	0.965343	0.976313	0.973471	0.956706	0.992845
36460	-1574.149	-1625.306	51.15772	1	0.99663	1.00343	1.00622	1.00079	0.965343	0.976313	0.973471	0.956706	0.992845
36470	-1573.98	-1625.138	51.15772	1	0.99663	1.00343	1.00622	1.00079	0.965343	0.976313	0.973471	0.956706	0.992845
36480	-1573.943	-1625.1	51.15772	1	0.99663	1.00343	1.00622	1.00079	0.965343	0.976313	0.973471	0.956706	0.992845
36490	-1574.579	-1625.737	51.15772	1	0.99663	1.00343	1.00622	1.00079	0.965343	0.976313	0.973471	0.956706	0.992845
36500	-1574.245	-1625.403	51.15772	1	0.99663	1.00343	1.00622	1.00079	0.965343	0.976313	0.973471	0.956706	0.992845
36510	-1574.474	-1625.632	51.15772	1	0.99663	1.00343	1.00622	1.00079	0.965343	0.976313	0.973471	0.956706	0.992845
36520	-1574.006	-1625.164	51.15772	1	0.99663	1.00343	1.00622	1.00079	0.965343	0.976313	0.973471	0.956706	0.992845
36530	-1573.963	-1625.121	51.15772	1	0.99663	1.00343	1.00622	1.00079	0.965343	0.976313	0.973471	0.956706	0.992845
36540	-1574.535	-1625.693	51.15772	1	0.99663	1.00343	1.00622	1.00079	0.965343	0.976313	0.973471	0.956706	0.992845
36550	-1573.974	-1625.132	51.15772	1	0.99663	1.00343	1.00622	1.00079	0.965343	0.976313	0.973471	0.956706	0.992845
36560	-1574.329	-1625.487	51.15772	1	0.99663	1.00343	1.00622	1.00079	0.965343	0.976313	0.973471	0.956706	0.992845
36570	-1574.04	-1625.197	51.15772	1	0.99663	1.00343	1.00622	1.00079	0.965343	0.976313	0.973471	0.956706	0.992845
36580	-1573.934	-1625.092	51.15772	1	0.99663	1.00343	1.00622	1.00079	0.965343	0.976313	0.973471	0.956706	0.992845
36590	-1574.306	-1625.464	51.15772	1	0.99663	1.00343	1.00622	1.00079	0.965343	0.976313	0.973471	0.956706	0.992845
36600	-1574.075	-1625.232	51.15772	1	0.99663	1.00343	1.00622	1.00079	0.965343	0.976313	0.973471	0.956706	0.992845
36610	-1575.472	-1626.63	51.15772	1	0.99663	1.00343	1.00622	1.00079	0.965343	0.976313	0.973471	0.956706	0.992845
36620	-1574.366	-1625.523	51.15772	1	0.99663	1.00343	1.00622	1.00079	0.965343	0.976313	0.973471	0.956706	0.992845
36630	-1573.971	-1625.129	51.15772	1	0.99663	1.00343	1.00622	1.00079	0.965343	0.976313	0.973471	0.956706	0.992845
36640	-1574.876	-1626.034	51.15772	1	0.99663	1.00343	1.00622	1.00079	0.965343	0.976313	0.973471	0.956706	0.992845
36650	-1573.922	-1625.08	51.15772	1	0.99663	1.00343	1.00622	1.00079	0.965343	0.976313	0.973471	0.956706	0.992845
36660	-1574.022	-1625.18	51.15772	1	0.99663	1.00343	1.00622	1.00079	0.965343	0.976313	0.973471	0.956706	0.992845
36670	-1574.601	-1625.759	51.15772	1	0.99663	1.00343	1.00622	1.00079	0.965343	0.976313	0.973471	0.956706	0.992845
36680	-1574.892	-1626.05	51.15772	1	0.99663	1.00343	1.00622	1.00079	0.965343	0.976313	0.973471	0.956706	0.992845
36690	-1574.023	-1625.18	51.15772	1	0.99663	1.00343	1.00622	1.00079	0.965343	0.976313	0.973471	0.956706	0.992845
36700	-1574.884	-1626.042	51.15772	1	0.99663	1.00343	1.00622	1.00079	0.965343	0.976313	0.973471	0.956706	0.992845
36710	-1574.529	-1625.686	51.15772	1	0.99663	1.00343	1.00622	1.00079	0.965343	0.976313	0.973471	0.956706	0.992845
36720	-1574.888	-1626.046	51.15772	1	0.99663	1.00343	1.00622	1.00079	0.965343	0.976313	0.973471	0.956706	0.992845
36730	-1576.161	-1627.319	51.15772	1	0.99663	1.00343	1.00622	1.00079	0.965343	0.976313	0.973471	0.956706	0.992845
36740	-1574.135	-1625.293	51.15772	1	0.99663	1.00343	1.00622	1.00079	0.965343	0.976313	0.973471	0.956706	0.992845
36750	-1573.911	-1625.069	51.15772	1	0.99663	1.00343	1.00622	1.00079	0.965343	0.976313	0.973471	0.956706	0.992845
36760	-1574.165	-1625.323	51.15772	1	0.99663	1.00343	1.00622	1.00079	0.965343	0.976313	0.973471	0.956706	0.992845
36770	-1574.504	-1625.662	51.15772	1	0.99663	1.00343	1.00622	1.00079	0.965343	0.976313	0.973471	0.956706	0.992845
36780	-1574.077	-1625.234	51.15772	1	0.99663	1.00343	1.00622	1.00079	0.965343	0.976313	0.973471	0.956706	0.992845
36790	-1574.836	-1625.994	51.15772	1	0.99663	1.00343	1.00622	1.00079	0.965343	0.976313	0.973471	0.956706	0.992845
36800	-1574.158	-1625.315	51.15772	1	0.99663	1.00343	1.00622	1.00079	0.965343	0.976313	0.973471	0.956706	0.992845
36810	-1575.415	-1626.572	51.15772	1	0.99663	1.00343	1.00622	1.00079	0.965343	0.976313	0.973471	0.956706	0.992845
36820	-1573.986	-1625.144	51.15772	1	0.99663	1.00343	1.00622	1.00079	0.965343	0.976313	0.973471	0.956706	0.992845
36830	-1573.975	-1625.132	51.15772	1	0.99663	1.00343	1.00622	1.00079	0.965343	0.976313	0.973471	0.956706	0.992845
36840	-1574.01	-1625.168	51.15772	1	0.99663	1.00343	1.00622	1.00079	0.965343	0.976313	0.973471	0.956706	0.992845
36850	-1574.23	-1625.387	51.15772	1	0.99663	1.00343	1.00622	1.00079	0.965343	0.976313	0.973471	0.956706	0.992845
36860	-1575.853	-1627.011	51.15772	1	0.99663	1.00343	1.00622	1.00079	0.965343	0.976313	0.973471	0.956706	0.992845
36870	-1574.654	-1625.812	51.15772	1	0.99663	1.00343	1.00622	1.00079	0.965343	0.976313	0.973471	0.956706	0.992845
36880	-1574.389	-1625.547	51.15772	1	0.99663	1.00343	1.00622	1.00079	0.965343	0.976313	0.973471	0.956706	0.992845
36890	-1574.076	-1625.234	51.15772	1	0.99663	1.00343	1.00622	1.00079	0.965343	0.976313	0.973471	0.956706	0.992845
36900	-1573.909	-1625.067	51.15772	1	0.99663	1.00343	1.00622	1.00079	0.965343	0.976313	0.973471	0.956706	0.992845
36910	-1573.949	-1625.107	51.15772	1	0.99663	1.00343	1.00622	1.00079	0.965343	0.976313	0.973471	0.956706	0.992845
36920	-1574.227	-1625.385	51.15772	1	0.99663	1.00343	1.00622	1.00079	0.965343	0.976313	0.973471	0.956706	0.992845
36930	-1574.825	-1625.983	51.15772	1	0.99663	1.00343	1.00622	1.00079	0.965343	0.976313	0.973471	0.956706	0.992845
36940	-1574.149	-1625.307	51.15772	1	0.99663	1.00343	1.00622	1.00079	0.965343	0.976313	0.973471	0.956706	0.992845
36950	-1574.056	-1625.214	51.15772	1	0.99663	1.00343	1.00622	1.00079	0.965343	0.976313	0.973471	0.956706	0.992845
36960	-1574.336	-1625.494	51.15772	1	0.99663	1.00343	1.00622	1.00079	0.965343	0.976313	0.973471	0.956706	0.992845
36970	-1575.969	-1627.127	51.15772	1	0.99663	1.00343	1.00622	1.00079	0.965343	0.976313	0.973471	0.956706	0.992845
36980	-1574.002	-1625.16	51.15772	1	0.99663	1.00343	1.00622	1.00079	0.965343	0.976313	0.973471	0.956706	0.992845
36990	-1573.911	-1625.069	51.15772	1	0.99663	1.00343	1.00622	1.00079	0.965343	0.976313	0.973471	0.956706	0.992845
37000	-1575.961	-1627.119	51.15772	1	0.99663	1.00343	1.00622	1.00079	0.965343	0.976313	0.973471	0.956706	0.992845
37010	-1574.03	-1625.188	51.15772	1	0.99663	1.00343	1.00622	1.00079	0.965343	0.976313	0.973471	0.956706	0.992845
37020	-1574.712	-1625.869	51.15772	1	0.99663	1.00343	1.00622	1.00079	0.965343	0.976313	0.973471	0.956706	0.992845
37030	-1574.7	-1625.858	51.15772	1	0.99663	1.00343	1.00622	1.00079	0.965343	0.976313	0.973471	0.956706	0.992845
37040	-1575.524	-1626.681	51.15772	1	0.99663	1.00343	1.00622	1.00079	0.965343	0.976313	0.973471	0.956706	0.992845
37050	-1573.924	-1625.082	51.15772	1	0.99663	1.00343	1.00622	1.00079	0.965343	0.976313	0.973471	0.956706	0.992845
37060	-1575.484	-1626.642	51.15772	1	0.99663	1.00343	1.00622	1.00079	0.965343	0.976313	0.973471	0.956706	0.992845
37070	-1573.914	-1625.072	51.15772	1	0.99663	1.00343	1.00622	1.00079	0.965343	0.976313	0.973471	0.956706	0.992845
37080	-1576.029	-1627.187	51.15772	1	0.99663	1.00343	1.00622	1.00079	0.965343	0.976313	0.973471	0.956706	0.992845
37090	-1575.149	-1626.307	51.15772	1	0.99663	1.00343	1.00622	1.00079	0.965343	0.976313	0.973471	0.956706	0.992845
37100	-1574.381	-1625.538	51.15772	1	0.99663	1.00343	1.00622	1.00079	0.965343	0.976313	0.973471	0.956706	0.992845
37110	-1573.969	-1625.127	51.15772	1	0.99663	1.00343	1.00622	1.00079	0.965343	0.976313	0.973471	0.956706	0.992845
37120	-1573.942	-1625.099	51.15772	1	0.99663	1.00343	1.00622	1.00079	0.965343	0.976313	0.973471	0.956706	0.992845
37130	-1573.911	-1625.069	51.15772	1	0.99663	1.00343	1.00622	1.00079	0.965343	0.976313	0.973471	0.956706	0.992845
37140	-1573.943	-1625.101	51.15772	1	0.99663	1.00343	1.00622	1.00079	0.965343	0.976313	0.973471	0.956706	0.992845
37150	-1573.912	-1625.069	51.15772	1	0.99663	1.00343	1.00622	1.00079	0.965343	0.976313	0.973471	0.956706	0.992845
37160	-1575.53	-1626.688	51.15772	1	0.99663	1.00343	1.00622	1.00079	0.965343	0.976313	0.973471	0.956706	0.992845
37170	-1574.096	-1625.254	51.15772	1	0.99663	1.00343	1.00622	1.00079	0.965343	0.976313	0.973471	0.956706	0.992845
37180	-1573.924	-1625.082	51.15772	1	0.99663	1.00343	1.00622	1.00079	0.965343	0.976313	0.973471	0.956706	0.992845
37190	-1574.095	-1625.253	51.15772	1	0.99663	1.00343	1.00622	1.00079	0.965343	0.976313	0.973471	0.956706	0.992845
37200	-1573.915	-1625.073	51.15772	1	0.99663	1.00343	1.00622	1.00079	0.965343	0.976313	0.973471	0.956706	0.992845
37210	-1575.652	-1626.81	51.15772	1	0.99663	1.00343	1.00622	1.00079	0.965343	0.976313	0.973471	0.956706	0.992845
37220	-1573.957	-1625.115	51.15772	1	0.99663	1.00343	1.00622	1.00079	0.965343	0.976313	0.973471	0.956706	0.992845
37230	-1574.24	-1625.397	51.15772	1	0.99663	1.00343	1.00622	1.00079	0.965343	0.976313	0.973471	0.956706	0.992845
37240	-1574.369	-1625.526	51.15772	1	0.99663	1.00343	1.00622	1.00079	0.965343	0.976313	0.973471	0.956706	0.992845
37250	-1574.356	-1625.514	51.15772	1	0.99663	1.00343	1.00622	1.00079	0.965343	0.976313	0.973471	0.956706	0.992845
37260	-1573.975	-1625.133	51.15772	1	0.99663	1.00343	1.00622	1.00079	0.965343	0.976313	0.973471	0.956706	0.992845
37270	-1574.105	-1625.263	51.15772	1	0.99663	1.00343	1.00622	1.00079	0.965343	0.976313	0.973471	0.956706	0.992845
37280	-1574.047	-1625.205	51.15772	1	0.99663	1.00343	1.00622	1.00079	0.965343	0.976313	0.973471	0.956706	0.992845
37290	-1574.14	-1625.298	51.15772	1	0.99663	1.00343	1.00622	1.00079	0.965343	0.976313	0.973471	0.956706	0.992845
37300	-1574.001	-1625.159	51.15772	1	0.99663	1.00343	1.00622	1.00079	0.965343	0.976313	0.973471	0.956706	0.992845
37310	-1576.549	-1627.707	51.15772	1	0.99663	1.00343	1.00622	1.00079	0.965343	0.976313	0.973471	0.956706	0.992845
37320	-1579.023	-1630.181	51.15772	1	0.99663	1.00343	1.00622	1.00079	0.965343	0.976313	0.973471	0.956706	0.992845
37330	-1574.049	-1625.206	51.15772	1	0.99663	1.00343	1.00622	1.00079	0.965343	0.976313	0.973471	0.956706	0.992845
37340	-1574.143	-1625.3	51.15772	1	0.99663	1.00343	1.00622	1.00079	0.965343	0.976313	0.973471	0.956706	0.992845
37350	-1573.966	-1625.124	51.15772	1	0.99663	1.00343	1.00622	1.00079	0.965343	0.976313	0.973471	0.956706	0.992845
37360	-1573.981	-1625.139	51.15772	1	0.99663	1.00343	1.00622	1.00079	0.965343	0.976313	0.973471	0.956706	0.992845
37370	-1573.918	-1625.075	51.15772	1	0.99663	1.00343	1.00622	1.00079	0.965343	0.976313	0.973471	0.956706	0.992845
37380	-1574.077	-1625.234	51.15772	1	0.99663	1.00343	1.00622	1.00079	0.965343	0.976313	0.973471	0.956706	0.992845
37390	-1573.91	-1625.068	51.15772	1	0.99663	1.00343	1.00622	1.00079	0.965343	0.976313	0.973471	0.956706	0.992845
37400	-1573.91	-1625.067	51.15772	1	0.99663	1.00343	1.00622	1.00079	0.965343	0.976313	0.973471	0.956706	0.992845
37410	-1574.06	-1625.217	51.15772	1	0.99663	1.00343	1.00622	1.00079	0.965343	0.976313	0.973471	0.956706	0.992845
37420	-1573.935	-1625.093	51.15772	1	0.99663	1.00343	1.00622	1.00079	0.965343	0.976313	0.973471	0.956706	0.992845
37430	-1573.924	-1625.082	51.15772	1	0.99663	1.00343	1.00622	1.00079	0.965343	0.976313	0.973471	0.956706	0.992845
37440	-1573.991	-1625.149	51.15772	1	0.99663	1.00343	1.00622	1.00079	0.965343	0.976313	0.973471	0.956706	0.992845
37450	-1574.362	-1625.52	51.15772	1	0.99663	1.00343	1.00622	1.00079	0.965343	0.976313	0.973471	0.956706	0.992845
37460	-1574.82	-1625.977	51.15772	1	0.99663	1.00343	1.00622	1.00079	0.965343	0.976313	0.973471	0.956706	0.992845
37470	-1573.91	-1625.067	51.15772	1	0.99663	1.00343	1.00622	1.00079	0.965343	0.976313	0.973471	0.956706	0.992845
37480	-1573.913	-1625.071	51.15772	1	0.99663	1.00343	1.00622	1.00079	0.965343	0.976313	0.973471	0.956706	0.992845
37490	-1573.924	-1625.082	51.15772	1	0.99663	1.00343	1.00622	1.00079	0.965343	0.976313	0.973471	0.956706	0.992845
37500	-1573.946	-1625.104	51.15772	1	0.99663	1.00343	1.00622	1.00079	0.965343	0.976313	0.973471	0.956706	0.992845
37510	-1575.008	-1626.166	51.15772	1	0.99663	1.00343	1.00622	1.00079	0.965343	0.976313	0.973471	0.956706	0.992845
37520	-1575.104	-1626.262	51.15772	1	0.99663	1.00343	1.00622	1.00079	0.965343	0.976313	0.973471	0.956706	0.992845
37530	-1574.172	-1625.329	51.15772	1	0.99663	1.00343	1.00622	1.00079	0.965343	0.976313	0.973471	0.956706	0.992845
37540	-1574.405	-1625.563	51.15772	1	0.99663	1.00343	1.00622	1.00079	0.965343	0.976313	0.973471	0.956706	0.992845
37550	-1574.037	-1625.195	51.15772	1	0.99663	1.00343	1.00622	1.00079	0.965343	0.976313	0.973471	0.956706	0.992845
37560	-1574.276	-1625.434	51.15772	1	0.99663	1.00343	1.00622	1.00079	0.965343	0.976313	0.973471	0.956706	0.992845
37570	-1575.031	-1626.189	51.15772	1	0.99663	1.00343	1.00622	1.00079	0.965343	0.976313	0.973471	0.956706	0.992845
37580	-1575.86	-1627.018	51.15772	1	0.99663	1.00343	1.00622	1.00079	0.965343	0.976313	0.973471	0.956706	0.992845
37590	-1574.238	-1625.396	51.15772	1	0.99663	1.00343	1.00622	1.00079	0.965343	0.976313	0.973471	0.956706	0.992845
37600	-1574.976	-1626.134	51.15772	1	0.99663	1.00343	1.00622	1.00079	0.965343	0.976313	0.973471	0.956706	0.992845
37610	-1574.452	-1625.609	51.15772	1	0.99663	1.00343	1.00622	1.00079	0.965343	0.976313	0.973471	0.956706	0.992845
37620	-1574.435	-1625.592	51.15772	1	0.99663	1.00343	1.00622	1.00079	0.965343	0.976313	0.973471	0.956706	0.992845
37630	-1574.185	-1625.343	51.15772	1	0.99663	1.00343	1.00622	1.00079	0.965343	0.976313	0.973471	0.956706	0.992845
37640	-1573.921	-1625.079	51.15772	1	0.99663	1.00343	1.00622	1.00079	0.965343	0.976313	0.973471	0.956706	0.992845
37650	-1573.915	-1625.072	51.15772	1	0.99663	1.00343	1.00622	1.00079	0.965343	0.976313	0.973471	0.956706	0.992845
37660	-1573.911	-1625.068	51.15772	1	0.99663	1.00343	1.00622	1.00079	0.965343	0.976313	0.973471	0.956706	0.992845
37670	-1575.34	-1626.498	51.15772	1	0.99663	1.00343	1.00622	1.00079	0.965343	0.976313	0.973471	0.956706	0.992845
37680	-1574.93	-1626.088	51.15772	1	0.99663	1.00343	1.00622	1.00079	0.965343	0.976313	0.973471	0.956706	0.992845
37690	-1574.296	-1625.454	51.15772	1	0.99663	1.00343	1.00622	1.00079	0.965343	0.976313	0.973471	0.956706	0.992845
37700	-1573.96	-1625.118	51.15772	1	0.99663	1.00343	1.00622	1.00079	0.965343	0.976313	0.973471	0.956706	0.992845
37710	-1574.249	-1625.407	51.15772	1	0.99663	1.00343	1.00622	1.00079	0.965343	0.976313	0.973471	0.956706	0.992845
37720	-1574.948	-1626.106	51.15772	1	0.99663	1.00343	1.00622	1.00079	0.965343	0.976313	0.973471	0.956706	0.992845
37730	-1574.168	-1625.325	51.15772	1	0.99663	1.00343	1.00622	1.00079	0.965343	0.976313	0.973471	0.956706	0.992845
37740	-1573.998	-1625.155	51.15772	1	0.99663	1.00343	1.00622	1.00079	0.965343	0.976313	0.973471	0.956706	0.992845
37750	-1573.911	-1625.069	51.15772	1	0.99663	1.00343	1.00622	1.00079	0.965343	0.976313	0.973471	0.956706	0.992845
37760	-1573.953	-1625.111	51.15772	1	0.99663	1.00343	1.00622	1.00079	0.965343	0.976313	0.973471	0.956706	0.992845
37770	-1574.01	-1625.168	51.15772	1	0.99663	1.00343	1.00622	1.00079	0.965343	0.976313	0.973471	0.956706	0.992845
37780	-1574.221	-1625.379	51.15772	1	0.99663	1.00343	1.00622	1.00079	0.965343	0.976313	0.973471	0.956706	0.992845
37790	-1574.442	-1625.6	51.15772	1	0.99663	1.00343	1.00622	1.00079	0.965343	0.976313	0.973471	0.956706	0.992845
37800	-1577.048	-1628.206	51.15772	1	0.99663	1.00343	1.00622	1.00079	0.965343	0.976313	0.973471	0.956706	0.992845
37810	-1574.319	-1625.477	51.15772	1	0.99663	1.00343	1.00622	1.00079	0.965343	0.976313	0.973471	0.956706	0.992845
37820	-1573.932	-1625.09	51.15772	1	0.99663	1.00343	1.00622	1.00079	0.965343	0.976313	0.973471	0.956706	0.992845
37830	-1576.119	-1627.277	51.15772	1	0.99663	1.00343	1.00622	1.00079	0.965343	0.976313	0.973471	0.956706	0.992845
37840	-1574.018	-1625.175	51.15772	1	0.99663	1.00343	1.00622	1.00079	0.965343	0.976313	0.973471	0.956706	0.992845
37850	-1574.023	-1625.18	51.15772	1	0.99663	1.00343	1.00622	1.00079	0.965343	0.976313	0.973471	0.956706	0.992845
37860	-1574.885	-1626.043	51.15772	1	0.99663	1.00343	1.00622	1.00079	0.965343	0.976313	0.973471	0.956706	0.992845
37870	-1574.662	-1625.82	51.15772	1	0.99663	1.00343	1.00622	1.00079	0.965343	0.976313	0.973471	0.956706	0.992845
37880	-1573.91	-1625.068	51.15772	1	0.99663	1.00343	1.00622	1.00079	0.965343	0.976313	0.973471	0.956706	0.992845
37890	-1574.293	-1625.451	51.15772	1	0.99663	1.00343	1.00622	1.00079	0.965343	0.976313	0.973471	0.956706	0.992845
37900	-1574.045	-1625.203	51.15772	1	0.99663	1.00343	1.00622	1.00079	0.965343	0.976313	0.973471	0.956706	0.992845
37910	-1574.798	-1625.955	51.15772	1	0.99663	1.00343	1.00622	1.00079	0.965343	0.976313	0.973471	0.956706	0.992845
37920	-1575.607	-1626.765	51.15772	1	0.99663	1.00343	1.00622	1.00079	0.965343	0.976313	0.973471	0.956706	0.992845
37930	-1574.846	-1626.003	51.15772	1	0.99663	1.00343	1.00622	1.00079	0.965343	0.976313	0.973471	0.956706	0.992845
37940	-1574.672	-1625.829	51.15772	1	0.99663	1.00343	1.00622	1.00079	0.965343	0.976313	0.973471	0.956706	0.992845
37950	-1574.316	-1625.473	51.15772	1	0.99663	1.00343	1.00622	1.00079	0.965343	0.976313	0.973471	0.956706	0.992845
37960	-1574.105	-1625.262	51.15772	1	0.99663	1.00343	1.00622	1.00079	0.965343	0.976313	0.973471	0.956706	0.992845
37970	-1576.283	-1627.44	51.15772	1	0.99663	1.00343	1.00622	1.00079	0.965343	0.976313	0.973471	0.956706	0.992845
37980	-1573.91	-1625.067	51.15772	1	0.99663	1.00343	1.00622	1.00079	0.965343	0.976313	0.973471	0.956706	0.992845
37990	-1574.339	-1625.497	51.15772	1	0.99663	1.00343	1.00622	1.00079	0.965343	0.976313	0.973471	0.956706	0.992845
38000	-1573.972	-1625.13	51.15772	1	0.99663	1.00343	1.00622	1.00079	0.965343	0.976313	0.973471	0.956706	0.992845
38010	-1575.898	-1627.055	51.15772	1	0.99663	1.00343	1.00622	1.00079	0.965343	0.976313	0.973471	0.956706	0.992845
38020	-1574.543	-1625.7	51.15772	1	0.99663	1.00343	1.00622	1.00079	0.965343	0.976313	0.973471	0.956706	0.992845
38030	-1574.017	-1625.175	51.15772	1	0.99663	1.00343	1.00622	1.00079	0.965343	0.976313	0.973471	0.956706	0.992845
38040	-1573.915	-1625.073	51.15772	1	0.99663	1.00343	1.00622	1.00079	0.965343	0.976313	0.973471	0.956706	0.992845
38050	-1574.057	-1625.215	51.15772	1	0.99663	1.00343	1.00622	1.00079	0.965343	0.976313	0.973471	0.956706	0.992845
38060	-1573.933	-1625.09	51.15772	1	0.99663	1.00343	1.00622	1.00079	0.965343	0.976313	0.973471	0.956706	0.992845
38070	-1573.932	-1625.09	51.15772	1	0.99663	1.00343	1.00622	1.00079	0.965343	0.976313	0.973471	0.956706	0.992845
38080	-1574.079	-1625.236	51.15772	1	0.99663	1.00343	1.00622	1.00079	0.965343	0.976313	0.973471	0.956706	0.992845
38090	-1574.145	-1625.303	51.15772	1	0.99663	1.00343	1.00622	1.00079	0.965343	0.976313	0.973471	0.956706	0.992845
38100	-1574.285	-1625.443	51.15772	1	0.99663	1.00343	1.00622	1.00079	0.965343	0.976313	0.973471	0.956706	0.992845
38110	-1573.943	-1625.101	51.15772	1	0.99663	1.00343	1.00622	1.00079	0.965343	0.976313	0.973471	0.956706	0.992845
38120	-1573.971	-1625.129	51.15772	1	0.99663	1.00343	1.00622	1.00079	0.965343	0.976313	0.973471	0.956706	0.992845
38130	-1575.857	-1627.015	51.15772	1	0.99663	1.00343	1.00622	1.00079	0.965343	0.976313	0.973471	0.956706	0.992845
38140	-1574.567	-1625.725	51.15772	1	0.99663	1.00343	1.00622	1.00079	0.965343	0.976313	0.973471	0.956706	0.992845
38150	-1573.91	-1625.068	51.15772	1	0.99663	1.00343	1.00622	1.00079	0.965343	0.976313	0.973471	0.956706	0.992845
38160	-1574.439	-1625.597	51.15772	1	0.99663	1.00343	1.00622	1.00079	0.965343	0.976313	0.973471	0.956706	0.992845
38170	-1574.042	-1625.2	51.15772	1	0.99663	1.00343	1.00622	1.00079	0.965343	0.976313	0.973471	0.956706	0.992845
38180	-1573.943	-1625.1	51.15772	1	0.99663	1.00343	1.00622	1.00079	0.965343	0.976313	0.973471	0.956706	0.992845
38190	-1573.921	-1625.079	51.15772	1	0.99663	1.00343	1.00622	1.00079	0.965343	0.976313	0.973471	0.956706	0.992845
38200	-1574.46	-1625.618	51.15772	1	0.99663	1.00343	1.00622	1.00079	0.965343	0.976313	0.973471	0.956706	0.992845
38210	-1573.909	-1625.067	51.15772	1	0.99663	1.00343	1.00622	1.00079	0.965343	0.976313	0.973471	0.956706	0.992845
38220	-1574.317	-1625.475	51.15772	1	0.99663	1.00343	1.00622	1.00079	0.965343	0.976313	0.973471	0.956706	0.992845
38230	-1573.913	-1625.07	51.15772	1	0.99663	1.00343	1.00622	1.00079	0.965343	0.976313	0.973471	0.956706	0.992845
38240	-1573.914	-1625.071	51.15772	1	0.99663	1.00343	1.00622	1.00079	0.965343	0.976313	0.973471	0.956706	0.992845
38250	-1574.139	-1625.297	51.15772	1	0.99663	1.00343	1.00622	1.00079	0.965343	0.976313	0.973471	0.956706	0.992845
38260	-1574.164	-1625.322	51.15772	1	0.99663	1.00343	1.00622	1.00079	0.965343	0.976313	0.973471	0.956706	0.992845
38270	-1574.017	-1625.174	51.15772	1	0.99663	1.00343	1.00622	1.00079	0.965343	0.976313	0.973471	0.956706	0.992845
38280	-1574.571	-1625.729	51.15772	1	0.99663	1.00343	1.00622	1.00079	0.965343	0.976313	0.973471	0.956706	0.992845
38290	-1573.909	-1625.067	51.15772	1	0.99663	1.00343	1.00622	1.00079	0.965343	0.976313	0.973471	0.956706	0.992845
38300	-1574.636	-1625.794	51.15772	1	0.99663	1.00343	1.00622	1.00079	0.965343	0.976313	0.973471	0.956706	0.992845
38310	-1573.972	-1625.129	51.15772	1	0.99663	1.00343	1.00622	1.00079	0.965343	0.976313	0.973471	0.956706	0.992845
38320	-1574.474	-1625.631	51.15772	1	0.99663	1.00343	1.00622	1.00079	0.965343	0.976313	0.973471	0.956706	0.992845
38330	-1574.503	-1625.661	51.15772	1	0.99663	1.00343	1.00622	1.00079	0.965343	0.976313	0.973471	0.956706	0.992845
38340	-1574.032	-1625.19	51.15772	1	0.99663	1.00343	1.00622	1.00079	0.965343	0.976313	0.973471	0.956706	0.992845
38350	-1574.229	-1625.387	51.15772	1	0.99663	1.00343	1.00622	1.00079	0.965343	0.976313	0.973471	0.956706	0.992845
38360	-1573.938	-1625.096	51.15772	1	0.99663	1.00343	1.00622	1.00079	0.965343	0.976313	0.973471	0.956706	0.992845
38370	-1574.363	-1625.521	51.15772	1	0.99663	1.00343	1.00622	1.00079	0.965343	0.976313	0.973471	0.956706	0.992845
38380	-1573.91	-1625.068	51.15772	1	0.99663	1.00343	1.00622	1.00079	0.965343	0.976313	0.973471	0.956706	0.992845
38390	-1573.963	-1625.121	51.15772	1	0.99663	1.00343	1.00622	1.00079	0.965343	0.976313	0.973471	0.956706	0.992845
38400	-1573.961	-1625.119	51.15772	1	0.99663	1.00343	1.00622	1.00079	0.965343	0.976313	0.973471	0.956706	0.992845
38410	-1573.91	-1625.068	51.15772	1	0.99663	1.00343	1.00622	1.00079	0.965343	0.976313	0.973471	0.956706	0.992845
38420	-1574.347	-1625.504	51.15772	1	0.99663	1.00343	1.00622	1.00079	0.965343	0.976313	0.973471	0.956706	0.992845
38430	-1574.103	-1625.261	51.15772	1	0.99663	1.00343	1.00622	1.00079	0.965343	0.976313	0.973471	0.956706	0.992845
38440	-1573.91	-1625.068	51.15772	1	0.99663	1.00343	1.00622	1.00079	0.965343	0.976313	0.973471	0.956706	0.992845
38450	-1575.022	-1626.18	51.15772	1	0.99663	1.00343	1.00622	1.00079	0.965343	0.976313	0.973471	0.956706	0.992845
38460	-1573.968	-1625.126	51.15772	1	0.99663	1.00343	1.00622	1.00079	0.965343	0.976313	0.973471	0.956706	0.992845
38470	-1574.71	-1625.867	51.15772	1	0.99663	1.00343	1.00622	1.00079	0.965343	0.976313	0.973471	0.956706	0.992845
38480	-1575.34	-1626.498	51.15772	1	0.99663	1.00343	1.00622	1.00079	0.965343	0.976313	0.973471	0.956706	0.992845
38490	-1575.208	-1626.366	51.15772	1	0.99663	1.00343	1.00622	1.00079	0.965343	0.976313	0.973471	0.956706	0.992845
38500	-1574.168	-1625.326	51.15772	1	0.99663	1.00343	1.00622	1.00079	0.965343	0.976313	0.973471	0.956706	0.992845
38510	-1575.271	-1626.429	51.15772	1	0.99663	1.00343	1.00622	1.00079	0.965343	0.976313	0.973471	0.956706	0.992845
38520	-1574.385	-1625.542	51.15772	1	0.99663	1.00343	1.00622	1.00079	0.965343	0.976313	0.973471	0.956706	0.992845
38530	-1573.912	-1625.07	51.15772	1	0.99663	1.00343	1.00622	1.00079	0.965343	0.976313	0.973471	0.956706	0.992845
38540	-1574.421	-1625.579	51.15772	1	0.99663	1.00343	1.00622	1.00079	0.965343	0.976313	0.973471	0.956706	0.992845
38550	-1573.958	-1625.116	51.15772	1	0.99663	1.00343	1.00622	1.00079	0.965343	0.976313	0.973471	0.956706	0.992845
38560	-1573.932	-1625.09	51.15772	1	0.99663	1.00343	1.00622	1.00079	0.965343	0.976313	0.973471	0.956706	0.992845
38570	-1574.632	-1625.79	51.15772	1	0.99663	1.00343	1.00622	1.00079	0.965343	0.976313	0.973471	0.956706	0.992845
38580	-1574.049	-1625.207	51.15772	1	0.99663	1.00343	1.00622	1.00079	0.965343	0.976313	0.973471	0.956706	0.992845
38590	-1574.326	-1625.484	51.15772	1	0.99663	1.00343	1.00622	1.00079	0.965343	0.976313	0.973471	0.956706	0.992845
38600	-1573.959	-1625.116	51.15772	1	0.99663	1.00343	1.00622	1.00079	0.965343	0.976313	0.973471	0.956706	0.992845
38610	-1574.855	-1626.013	51.15772	1	0.99663	1.00343	1.00622	1.00079	0.965343	0.976313	0.973471	0.956706	0.992845
38620	-1574.156	-1625.314	51.15772	1	0.99663	1.00343	1.00622	1.00079	0.965343	0.976313	0.973471	0.956706	0.992845
38630	-1574.484	-1625.642	51.15772	1	0.99663	1.00343	1.00622	1.00079	0.965343	0.976313	0.973471	0.956706	0.992845
38640	-1574.301	-1625.459	51.15772	1	0.99663	1.00343	1.00622	1.00079	0.965343	0.976313	0.973471	0.956706	0.992845
38650	-1575.596	-1626.754	51.15772	1	0.99663	1.00343	1.00622	1.00079	0.965343	0.976313	0.973471	0.956706	0.992845
38660	-1573.963	-1625.121	51.15772	1	0.99663	1.00343	1.00622	1.00079	0.965343	0.976313	0.973471	0.956706	0.992845
38670	-1574.006	-1625.164	51.15772	1	0.99663	1.00343	1.00622	1.00079	0.965343	0.976313	0.973471	0.956706	0.992845
38680	-1574.042	-1625.199	51.15772	1	0.99663	1.00343	1.00622	1.00079	0.965343	0.976313	0.973471	0.956706	0.992845
38690	-1574.637	-1625.795	51.15772	1	0.99663	1.00343	1.00622	1.00079	0.965343	0.976313	0.973471	0.956706	0.992845
38700	-1573.911	-1625.069	51.15772	1	0.99663	1.00343	1.00622	1.00079	0.965343	0.976313	0.973471	0.956706	0.992845
38710	-1574.102	-1625.26	51.15772	1	0.99663	1.00343	1.00622	1.00079	0.965343	0.976313	0.973471	0.956706	0.992845
38720	-1574.305	-1625.463	51.15772	1	0.99663	1.00343	1.00622	1.00079	0.965343	0.976313	0.973471	0.956706	0.992845
38730	-1573.909	-1625.067	51.15772	1	0.99663	1.00343	1.00622	1.00079	0.965343	0.976313	0.973471	0.956706	0.992845
38740	-1575.618	-1626.776	51.15772	1	0.99663	1.00343	1.00622	1.00079	0.965343	0.976313	0.973471	0.956706	0.992845
38750	-1573.91	-1625.068	51.15772	1	0.99663	1.00343	1.00622	1.00079	0.965343	0.976313	0.973471	0.956706	0.992845
38760	-1574.118	-1625.276	51.15772	1	0.99663	1.00343	1.00622	1.00079	0.965343	0.976313	0.973471	0.956706	0.992845
38770	-1573.968	-1625.126	51.15772	1	0.99663	1.00343	1.00622	1.00079	0.965343	0.976313	0.973471	0.956706	0.992845
38780	-1575.646	-1626.804	51.15772	1	0.99663	1.00343	1.00622	1.00079	0.965343	0.976313	0.973471	0.956706	0.992845
38790	-1574.14	-1625.298	51.15772	1	0.99663	1.00343	1.00622	1.00079	0.965343	0.976313	0.973471	0.956706	0.992845
38800	-1574.214	-1625.372	51.15772	1	0.99663	1.00343	1.00622	1.00079	0.965343	0.976313	0.973471	0.956706	0.992845
38810	-1573.932	-1625.09	51.15772	1	0.99663	1.00343	1.00622	1.00079	0.965343	0.976313	0.973471	0.956706	0.992845
38820	-1575.128	-1626.285	51.15772	1	0.99663	1.00343	1.00622	1.00079	0.965343	0.976313	0.973471	0.956706	0.992845
38830	-1574.068	-1625.225	51.15772	1	0.99663	1.00343	1.00622	1.00079	0.965343	0.976313	0.973471	0.956706	0.992845
38840	-1574.119	-1625.277	51.15772	1	0.99663	1.00343	1.00622	1.00079	0.965343	0.976313	0.973471	0.956706	0.992845
38850	-1573.915	-1625.072	51.15772	1	0.99663	1.00343	1.00622	1.00079	0.965343	0.976313	0.973471	0.956706	0.992845
38860	-1574.38	-1625.538	51.15772	1	0.99663	1.00343	1.00622	1.00079	0.965343	0.976313	0.973471	0.956706	0.992845
38870	-1575.335	-1626.493	51.15772	1	0.99663	1.00343	1.00622	1.00079	0.965343	0.976313	0.973471	0.956706	0.992845
38880	-1573.91	-1625.068	51.15772	1	0.99663	1.00343	1.00622	1.00079	0.965343	0.976313	0.973471	0.956706	0.992845
38890	-1573.987	-1625.145	51.15772	1	0.99663	1.00343	1.00622	1.00079	0.965343	0.976313	0.973471	0.956706	0.992845
38900	-1574.844	-1626.002	51.15772	1	0.99663	1.00343	1.00622	1.00079	0.965343	0.976313	0.973471	0.956706	0.992845
38910	-1574.074	-1625.232	51.15772	1	0.99663	1.00343	1.00622	1.00079	0.965343	0.976313	0.973471	0.956706	0.992845
38920	-1573.962	-1625.12	51.15772	1	0.99663	1.00343	1.00622	1.00079	0.965343	0.976313	0.973471	0.956706	0.992845
38930	-1574.221	-1625.379	51.15772	1	0.99663	1.00343	1.00622	1.00079	0.965343	0.976313	0.973471	0.956706	0.992845
38940	-1574.642	-1625.8	51.15772	1	0.99663	1.00343	1.00622	1.00079	0.965343	0.976313	0.973471	0.956706	0.992845
38950	-1574.218	-1625.376	51.15772	1	0.99663	1.00343	1.00622	1.00079	0.965343	0.976313	0.973471	0.956706	0.992845
38960	-1574.755	-1625.913	51.15772	1	0.99663	1.00343	1.00622	1.00079	0.965343	0.976313	0.973471	0.956706	0.992845
38970	-1575.472	-1626.63	51.15772	1	0.99663	1.00343	1.00622	1.00079	0.965343	0.976313	0.973471	0.956706	0.992845
38980	-1573.991	-1625.149	51.15772	1	0.99663	1.00343	1.00622	1.00079	0.965343	0.976313	0.973471	0.956706	0.992845
38990	-1576.373	-1627.53	51.15772	1	0.99663	1.00343	1.00622	1.00079	0.965343	0.976313	0.973471	0.956706	0.992845
39000	-1575.012	-1626.17	51.15772	1	0.99663	1.00343	1.00622	1.00079	0.965343	0.976313	0.973471	0.956706	0.992845
39010	-1574.074	-1625.232	51.15772	1	0.99663	1.00343	1.00622	1.00079	0.965343	0.976313	0.973471	0.956706	0.992845
39020	-1574.017	-1625.175	51.15772	1	0.99663	1.00343	1.00622	1.00079	0.965343	0.976313	0.973471	0.956706	0.992845
39030	-1573.983	-1625.141	51.15772	1	0.99663	1.00343	1.00622	1.00079	0.965343	0.976313	0.973471	0.956706	0.992845
39040	-1574.028	-1625.186	51.15772	1	0.99663	1.00343	1.00622	1.00079	0.965343	0.976313	0.973471	0.956706	0.992845
39050	-1574.936	-1626.094	51.15772	1	0.99663	1.00343	1.00622	1.00079	0.965343	0.976313	0.973471	0.956706	0.992845
39060	-1575.678	-1626.835	51.15772	1	0.99663	1.00343	1.00622	1.00079	0.965343	0.976313	0.973471	0.956706	0.992845
39070	-1573.916	-1625.074	51.15772	1	0.99663	1.00343	1.00622	1.00079	0.965343	0.976313	0.973471	0.956706	0.992845
39080	-1574.679	-1625.837	51.15772	1	0.99663	1.00343	1.00622	1.00079	0.965343	0.976313	0.973471	0.956706	0.992845
39090	-1574.129	-1625.287	51.15772	1	0.99663	1.00343	1.00622	1.00079	0.965343	0.976313	0.973471	0.956706	0.992845
39100	-1574.126	-1625.283	51.15772	1	0.99663	1.00343	1.00622	1.00079	0.965343	0.976313	0.973471	0.956706	0.992845
39110	-1573.979	-1625.137	51.15772	1	0.99663	1.00343	1.00622	1.00079	0.965343	0.976313	0.973471	0.956706	0.992845
39120	-1575.596	-1626.754	51.15772	1	0.99663	1.00343	1.00622	1.00079	0.965343	0.976313	0.973471	0.956706	0.992845
39130	-1573.938	-1625.095	51.15772	1	0.99663	1.00343	1.00622	1.00079	0.965343	0.976313	0.973471	0.956706	0.992845
39140	-1573.948	-1625.106	51.15772	1	0.99663	1.00343	1.00622	1.00079	0.965343	0.976313	0.973471	0.956706	0.992845
39150	-1573.954	-1625.112	51.15772	1	0.99663	1.00343	1.00622	1.00079	0.965343	0.976313	0.973471	0.956706	0.992845
39160	-1574.337	-1625.495	51.15772	1	0.99663	1.00343	1.00622	1.00079	0.965343	0.976313	0.973471	0.956706	0.992845
39170	-1575.412	-1626.57	51.15772	1	0.99663	1.00343	1.00622	1.00079	0.965343	0.976313	0.973471	0.956706	0.992845
39180	-1573.932	-1625.09	51.15772	1	0.99663	1.00343	1.00622	1.00079	0.965343	0.976313	0.973471	0.956706	0.992845
39190	-1573.909	-1625.067	51.15772	1	0.99663	1.00343	1.00622	1.00079	0.965343	0.976313	0.973471	0.956706	0.992845
39200	-1574.012	-1625.169	51.15772	1	0.99663	1.00343	1.00622	1.00079	0.965343	0.976313	0.973471	0.956706	0.992845
39210	-1574.425	-1625.583	51.15772	1	0.99663	1.00343	1.00622	1.00079	0.965343	0.976313	0.973471	0.956706	0.992845
39220	-1574.528	-1625.686	51.15772	1	0.99663	1.00343	1.00622	1.00079	0.965343	0.976313	0.973471	0.956706	0.992845
39230	-1574.546	-1625.704	51.15772	1	0.99663	1.00343	1.00622	1.00079	0.965343	0.976313	0.973471	0.956706	0.992845
39240	-1574.877	-1626.035	51.15772	1	0.99663	1.00343	1.00622	1.00079	0.965343	0.976313	0.973471	0.956706	0.992845
39250	-1574.654	-1625.812	51.15772	1	0.99663	1.00343	1.00622	1.00079	0.965343	0.976313	0.973471	0.956706	0.992845
39260	-1573.91	-1625.068	51.15772	1	0.99663	1.00343	1.00622	1.00079	0.965343	0.976313	0.973471	0.956706	0.992845
39270	-1573.947	-1625.104	51.15772	1	0.99663	1.00343	1.00622	1.00079	0.965343	0.976313	0.973471	0.956706	0.992845
39280	-1574.27	-1625.428	51.15772	1	0.99663	1.00343	1.00622	1.00079	0.965343	0.976313	0.973471	0.956706	0.992845
39290	-1574.185	-1625.342	51.15772	1	0.99663	1.00343	1.00622	1.00079	0.965343	0.976313	0.973471	0.956706	0.992845
39300	-1574.378	-1625.536	51.15772	1	0.99663	1.00343	1.00622	1.00079	0.965343	0.976313	0.973471	0.956706	0.992845
39310	-1573.915	-1625.072	51.15772	1	0.99663	1.00343	1.00622	1.00079	0.965343	0.976313	0.973471	0.956706	0.992845
39320	-1574.093	-1625.251	51.15772	1	0.99663	1.00343	1.00622	1.00079	0.965343	0.976313	0.973471	0.956706	0.992845
39330	-1574.45	-1625.608	51.15772	1	0.99663	1.00343	1.00622	1.00079	0.965343	0.976313	0.973471	0.956706	0.992845
39340	-1574.09	-1625.248	51.15772	1	0.99663	1.00343	1.00622	1.00079	0.965343	0.976313	0.973471	0.956706	0.992845
39350	-1574.576	-1625.734	51.15772	1	0.99663	1.00343	1.00622	1.00079	0.965343	0.976313	0.973471	0.956706	0.992845
39360	-1573.911	-1625.069	51.15772	1	0.99663	1.00343	1.00622	1.00079	0.965343	0.976313	0.973471	0.956706	0.992845
39370	-1574.156	-1625.314	51.15772	1	0.99663	1.00343	1.00622	1.00079	0.965343	0.976313	0.973471	0.956706	0.992845
39380	-1574.089	-1625.247	51.15772	1	0.99663	1.00343	1.00622	1.00079	0.965343	0.976313	0.973471	0.956706	0.992845
39390	-1574.098	-1625.255	51.15772	1	0.99663	1.00343	1.00622	1.00079	0.965343	0.976313	0.973471	0.956706	0.992845
39400	-1575.312	-1626.47	51.15772	1	0.99663	1.00343	1.00622	1.00079	0.965343	0.976313	0.973471	0.956706	0.992845
39410	-1574.149	-1625.307	51.15772	1	0.99663	1.00343	1.00622	1.00079	0.965343	0.976313	0.973471	0.956706	0.992845
39420	-1573.933	-1625.09	51.15772	1	0.99663	1.00343	1.00622	1.00079	0.965343	0.976313	0.973471	0.956706	0.992845
39430	-1574.244	-1625.402	51.15772	1	0.99663	1.00343	1.00622	1.00079	0.965343	0.976313	0.973471	0.956706	0.992845
39440	-1573.955	-1625.113	51.15772	1	0.99663	1.00343	1.00622	1.00079	0.965343	0.976313	0.973471	0.956706	0.992845
39450	-1573.967	-1625.125	51.15772	1	0.99663	1.00343	1.00622	1.00079	0.965343	0.976313	0.973471	0.956706	0.992845
39460	-1574.731	-1625.889	51.15772	1	0.99663	1.00343	1.00622	1.00079	0.965343	0.976313	0.973471	0.956706	0.992845
39470	-1574.931	-1626.088	51.15772	1	0.99663	1.00343	1.00622	1.00079	0.965343	0.976313	0.973471	0.956706	0.992845
39480	-1574.388	-1625.546	51.15772	1	0.99663	1.00343	1.00622	1.00079	0.965343	0.976313	0.973471	0.956706	0.992845
39490	-1574.096	-1625.254	51.15772	1	0.99663	1.00343	1.00622	1.00079	0.965343	0.976313	0.973471	0.956706	0.992845
39500	-1574.13	-1625.287	51.15772	1	0.99663	1.00343	1.00622	1.00079	0.965343	0.976313	0.973471	0.956706	0.992845
39510	-1574.41	-1625.567	51.15772	1	0.99663	1.00343	1.00622	1.00079	0.965343	0.976313	0.973471	0.956706	0.992845
39520	-1574.473	-1625.631	51.15772	1	0.99663	1.00343	1.00622	1.00079	0.965343	0.976313	0.973471	0.956706	0.992845
39530	-1574.394	-1625.552	51.15772	1	0.99663	1.00343	1.00622	1.00079	0.965343	0.976313	0.973471	0.956706	0.992845
39540	-1574.75	-1625.908	51.15772	1	0.99663	1.00343	1.00622	1.00079	0.965343	0.976313	0.973471	0.956706	0.992845
39550	-1574.078	-1625.235	51.15772	1	0.99663	1.00343	1.00622	1.00079	0.965343	0.976313	0.973471	0.956706	0.992845
39560	-1573.969	-1625.127	51.15772	1	0.99663	1.00343	1.00622	1.00079	0.965343	0.976313	0.973471	0.956706	0.992845
39570	-1575.053	-1626.21	51.15772	1	0.99663	1.00343	1.00622	1.00079	0.965343	0.976313	0.973471	0.956706	0.992845
39580	-1574.006	-1625.164	51.15772	1	0.99663	1.00343	1.00622	1.00079	0.965343	0.976313	0.973471	0.956706	0.992845
39590	-1575.838	-1626.996	51.15772	1	0.99663	1.00343	1.00622	1.00079	0.965343	0.976313	0.973471	0.956706	0.992845
39600	-1574.351	-1625.509	51.15772	1	0.99663	1.00343	1.00622	1.00079	0.965343	0.976313	0.973471	0.956706	0.992845
39610	-1574.392	-1625.549	51.15772	1	0.99663	1.00343	1.00622	1.00079	0.965343	0.976313	0.973471	0.956706	0.992845
39620	-1574.591	-1625.749	51.15772	1	0.99663	1.00343	1.00622	1.00079	0.965343	0.976313	0.973471	0.956706	0.992845
39630	-1574.188	-1625.345	51.15772	1	0.99663	1.00343	1.00622	1.00079	0.965343	0.976313	0.973471	0.956706	0.992845
39640	-1574.808	-1625.965	51.15772	1	0.99663	1.00343	1.00622	1.00079	0.965343	0.976313	0.973471	0.956706	0.992845
39650	-1574.947	-1626.105	51.15772	1	0.99663	1.00343	1.00622	1.00079	0.965343	0.976313	0.973471	0.956706	0.992845
39660	-1573.912	-1625.07	51.15772	1	0.99663	1.00343	1.00622	1.00079	0.965343	0.976313	0.973471	0.956706	0.992845
39670	-1574.028	-1625.186	51.15772	1	0.99663	1.00343	1.00622	1.00079	0.965343	0.976313	0.973471	0.956706	0.992845
39680	-1573.915	-1625.073	51.15772	1	0.99663	1.00343	1.00622	1.00079	0.965343	0.976313	0.973471	0.956706	0.992845
39690	-1574.189	-1625.346	51.15772	1	0.99663	1.00343	1.00622	1.00079	0.965343	0.976313	0.973471	0.956706	0.992845
39700	-1573.984	-1625.142	51.15772	1	0.99663	1.00343	1.00622	1.00079	0.965343	0.976313	0.973471	0.956706	0.992845
39710	-1573.934	-1625.092	51.15772	1	0.99663	1.00343	1.00622	1.00079	0.965343	0.976313	0.973471	0.956706	0.992845
39720	-1576.865	-1628.022	51.15772	1	0.99663	1.00343	1.00622	1.00079	0.965343	0.976313	0.973471	0.956706	0.992845
39730	-1574.117	-1625.275	51.15772	1	0.99663	1.00343	1.00622	1.00079	0.965343	0.976313	0.973471	0.956706	0.992845
39740	-1574.876	-1626.034	51.15772	1	0.99663	1.00343	1.00622	1.00079	0.965343	0.976313	0.973471	0.956706	0.992845
39750	-1573.935	-1625.093	51.15772	1	0.99663	1.00343	1.00622	1.00079	0.965343	0.976313	0.973471	0.956706	0.992845
39760	-1574.002	-1625.16	51.15772	1	0.99663	1.00343	1.00622	1.00079	0.965343	0.976313	0.973471	0.956706	0.992845
39770	-1574.295	-1625.453	51.15772	1	0.99663	1.00343	1.00622	1.00079	0.965343	0.976313	0.973471	0.956706	0.992845
39780	-1576.507	-1627.665	51.15772	1	0.99663	1.00343	1.00622	1.00079	0.965343	0.976313	0.973471	0.956706	0.992845
39790	-1573.911	-1625.069	51.15772	1	0.99663	1.00343	1.00622	1.00079	0.965343	0.976313	0.973471	0.956706	0.992845
39800	-1573.909	-1625.067	51.15772	1	0.99663	1.00343	1.00622	1.00079	0.965343	0.976313	0.973471	0.956706	0.992845
39810	-1573.912	-1625.069	51.15772	1	0.99663	1.00343	1.00622	1.00079	0.965343	0.976313	0.973471	0.956706	0.992845
39820	-1576.068	-1627.225	51.15772	1	0.99663	1.00343	1.00622	1.00079	0.965343	0.976313	0.973471	0.956706	0.992845
39830	-1573.961	-1625.119	51.15772	1	0.99663	1.00343	1.00622	1.00079	0.965343	0.976313	0.973471	0.956706	0.992845
39840	-1574.057	-1625.215	51.15772	1	0.99663	1.00343	1.00622	1.00079	0.965343	0.976313	0.973471	0.956706	0.992845
39850	-1574.01	-1625.168	51.15772	1	0.99663	1.00343	1.00622	1.00079	0.965343	0.976313	0.973471	0.956706	0.992845
39860	-1574.094	-1625.252	51.15772	1	0.99663	1.00343	1.00622	1.00079	0.965343	0.976313	0.973471	0.956706	0.992845
39870	-1573.924	-1625.082	51.15772	1	0.99663	1.00343	1.00622	1.00079	0.965343	0.976313	0.973471	0.956706	0.992845
39880	-1574.647	-1625.805	51.15772	1	0.99663	1.00343	1.00622	1.00079	0.965343	0.976313	0.973471	0.956706	0.992845
39890	-1574.151	-1625.308	51.15772	1	0.99663	1.00343	1.00622	1.00079	0.965343	0.976313	0.973471	0.956706	0.992845
39900	-1573.923	-1625.081	51.15772	1	0.99663	1.00343	1.00622	1.00079	0.965343	0.976313	0.973471	0.956706	0.992845
39910	-1574.212	-1625.37	51.15772	1	0.99663	1.00343	1.00622	1.00079	0.965343	0.976313	0.973471	0.956706	0.992845
39920	-1575.295	-1626.453	51.15772	1	0.99663	1.00343	1.00622	1.00079	0.965343	0.976313	0.973471	0.956706	0.992845
39930	-1573.911	-1625.069	51.15772	1	0.99663	1.00343	1.00622	1.00079	0.965343	0.976313	0.973471	0.956706	0.992845
39940	-1574.595	-1625.753	51.15772	1	0.99663	1.00343	1.00622	1.00079	0.965343	0.976313	0.973471	0.956706	0.992845
39950	-1574.227	-1625.385	51.15772	1	0.99663	1.00343	1.00622	1.00079	0.965343	0.976313	0.973471	0.956706	0.992845
39960	-1574.117	-1625.274	51.15772	1	0.99663	1.00343	1.00622	1.00079	0.965343	0.976313	0.973471	0.956706	0.992845
39970	-1573.91	-1625.068	51.15772	1	0.99663	1.00343	1.00622	1.00079	0.965343	0.976313	0.973471	0.956706	0.992845
39980	-1573.916	-1625.074	51.15772	1	0.99663	1.00343	1.00622	1.00079	0.965343	0.976313	0.973471	0.956706	0.992845
39990	-1574.891	-1626.049	51.15772	1	0.99663	1.00343	1.00622	1.00079	0.965343	0.976313	0.973471	0.956706	0.992845
40000	-1574.213	-1625.371	51.15772	1	0.99663	1.00343	1.00622	1.00079	0.965343	0.976313	0.973471	0.956706	0.992845
40010	-1573.92	-1625.078	51.15772	1	0.99663	1.00343	1.00622	1.00079	0.965343	0.976313	0.973471	0.956706	0.992845
40020	-1574.231	-1625.388	51.15772	1	0.99663	1.00343	1.00622	1.00079	0.965343	0.976313	0.973471	0.956706	0.992845
40030	-1574.557	-1625.714	51.15772	1	0.99663	1.00343	1.00622	1.00079	0.965343	0.976313	0.973471	0.956706	0.992845
40040	-1574.739	-1625.897	51.15772	1	0.99663	1.00343	1.00622	1.00079	0.965343	0.976313	0.973471	0.956706	0.992845
40050	-1574.524	-1625.682	51.15772	1	0.99663	1.00343	1.00622	1.00079	0.965343	0.976313	0.973471	0.956706	0.992845
40060	-1574.424	-1625.582	51.15772	1	0.99663	1.00343	1.00622	1.00079	0.965343	0.976313	0.973471	0.956706	0.992845
40070	-1574.864	-1626.022	51.15772	1	0.99663	1.00343	1.00622	1.00079	0.965343	0.976313	0.973471	0.956706	0.992845
40080	-1575.287	-1626.445	51.15772	1	0.99663	1.00343	1.00622	1.00079	0.965343	0.976313	0.973471	0.956706	0.992845
40090	-1573.909	-1625.067	51.15772	1	0.99663	1.00343	1.00622	1.00079	0.965343	0.976313	0.973471	0.956706	0.992845
40100	-1574.743	-1625.901	51.15772	1	0.99663	1.00343	1.00622	1.00079	0.965343	0.976313	0.973471	0.956706	0.992845
40110	-1573.909	-1625.067	51.15772	1	0.99663	1.00343	1.00622	1.00079	0.965343	0.976313	0.973471	0.956706	0.992845
40120	-1574.261	-1625.418	51.15772	1	0.99663	1.00343	1.00622	1.00079	0.965343	0.976313	0.973471	0.956706	0.992845
40130	-1574.156	-1625.314	51.15772	1	0.99663	1.00343	1.00622	1.00079	0.965343	0.976313	0.973471	0.956706	0.992845
40140	-1573.913	-1625.071	51.15772	1	0.99663	1.00343	1.00622	1.00079	0.965343	0.976313	0.973471	0.956706	0.992845
40150	-1574.103	-1625.261	51.15772	1	0.99663	1.00343	1.00622	1.00079	0.965343	0.976313	0.973471	0.956706	0.992845
40160	-1574.322	-1625.48	51.15772	1	0.99663	1.00343	1.00622	1.00079	0.965343	0.976313	0.973471	0.956706	0.992845
40170	-1575.807	-1626.965	51.15772	1	0.99663	1.00343	1.00622	1.00079	0.965343	0.976313	0.973471	0.956706	0.992845
40180	-1575.393	-1626.551	51.15772	1	0.99663	1.00343	1.00622	1.00079	0.965343	0.976313	0.973471	0.956706	0.992845
40190	-1574.102	-1625.26	51.15772	1	0.99663	1.00343	1.00622	1.00079	0.965343	0.976313	0.973471	0.956706	0.992845
40200	-1574.442	-1625.599	51.15772	1	0.99663	1.00343	1.00622	1.00079	0.965343	0.976313	0.973471	0.956706	0.992845
40210	-1574.031	-1625.189	51.15772	1	0.99663	1.00343	1.00622	1.00079	0.965343	0.976313	0.973471	0.956706	0.992845
40220	-1574.107	-1625.264	51.15772	1	0.99663	1.00343	1.00622	1.00079	0.965343	0.976313	0.973471	0.956706	0.992845
40230	-1573.935	-1625.093	51.15772	1	0.99663	1.00343	1.00622	1.00079	0.965343	0.976313	0.973471	0.956706	0.992845
40240	-1573.957	-1625.115	51.15772	1	0.99663	1.00343	1.00622	1.00079	0.965343	0.976313	0.973471	0.956706	0.992845
40250	-1574.381	-1625.539	51.15772	1	0.99663	1.00343	1.00622	1.00079	0.965343	0.976313	0.973471	0.956706	0.992845
40260	-1574.568	-1625.726	51.15772	1	0.99663	1.00343	1.00622	1.00079	0.965343	0.976313	0.973471	0.956706	0.992845
40270	-1574.033	-1625.19	51.15772	1	0.99663	1.00343	1.00622	1.00079	0.965343	0.976313	0.973471	0.956706	0.992845
40280	-1573.942	-1625.099	51.15772	1	0.99663	1.00343	1.00622	1.00079	0.965343	0.976313	0.973471	0.956706	0.992845
40290	-1575.378	-1626.536	51.15772	1	0.99663	1.00343	1.00622	1.00079	0.965343	0.976313	0.973471	0.956706	0.992845
40300	-1573.933	-1625.09	51.15772	1	0.99663	1.00343	1.00622	1.00079	0.965343	0.976313	0.973471	0.956706	0.992845
40310	-1574.097	-1625.255	51.15772	1	0.99663	1.00343	1.00622	1.00079	0.965343	0.976313	0.973471	0.956706	0.992845
40320	-1574.886	-1626.043	51.15772	1	0.99663	1.00343	1.00622	1.00079	0.965343	0.976313	0.973471	0.956706	0.992845
40330	-1574.651	-1625.808	51.15772	1	0.99663	1.00343	1.00622	1.00079	0.965343	0.976313	0.973471	0.956706	0.992845
40340	-1574.026	-1625.184	51.15772	1	0.99663	1.00343	1.00622	1.00079	0.965343	0.976313	0.973471	0.956706	0.992845
40350	-1573.976	-1625.134	51.15772	1	0.99663	1.00343	1.00622	1.00079	0.965343	0.976313	0.973471	0.956706	0.992845
40360	-1573.916	-1625.074	51.15772	1	0.99663	1.00343	1.00622	1.00079	0.965343	0.976313	0.973471	0.956706	0.992845
40370	-1574.053	-1625.21	51.15772	1	0.99663	1.00343	1.00622	1.00079	0.965343	0.976313	0.973471	0.956706	0.992845
40380	-1573.96	-1625.118	51.15772	1	0.99663	1.00343	1.00622	1.00079	0.965343	0.976313	0.973471	0.956706	0.992845
40390	-1574.028	-1625.185	51.15772	1	0.99663	1.00343	1.00622	1.00079	0.965343	0.976313	0.973471	0.956706	0.992845
40400	-1574.558	-1625.716	51.15772	1	0.99663	1.00343	1.00622	1.00079	0.965343	0.976313	0.973471	0.956706	0.992845
40410	-1574.279	-1625.436	51.15772	1	0.99663	1.00343	1.00622	1.00079	0.965343	0.976313	0.973471	0.956706	0.992845
40420	-1574.958	-1626.116	51.15772	1	0.99663	1.00343	1.00622	1.00079	0.965343	0.976313	0.973471	0.956706	0.992845
40430	-1574.125	-1625.282	51.15772	1	0.99663	1.00343	1.00622	1.00079	0.965343	0.976313	0.973471	0.956706	0.992845
40440	-1574.245	-1625.403	51.15772	1	0.99663	1.00343	1.00622	1.00079	0.965343	0.976313	0.973471	0.956706	0.992845
40450	-1573.986	-1625.144	51.15772	1	0.99663	1.00343	1.00622	1.00079	0.965343	0.976313	0.973471	0.956706	0.992845
40460	-1573.965	-1625.123	51.15772	1	0.99663	1.00343	1.00622	1.00079	0.965343	0.976313	0.973471	0.956706	0.992845
40470	-1574.065	-1625.222	51.15772	1	0.99663	1.00343	1.00622	1.00079	0.965343	0.976313	0.973471	0.956706	0.992845
40480	-1574.653	-1625.811	51.15772	1	0.99663	1.00343	1.00622	1.00079	0.965343	0.976313	0.973471	0.956706	0.992845
40490	-1574.064	-1625.222	51.15772	1	0.99663	1.00343	1.00622	1.00079	0.965343	0.976313	0.973471	0.956706	0.992845
40500	-1573.932	-1625.089	51.15772	1	0.99663	1.00343	1.00622	1.00079	0.965343	0.976313	0.973471	0.956706	0.992845
40510	-1573.911	-1625.068	51.15772	1	0.99663	1.00343	1.00622	1.00079	0.965343	0.976313	0.973471	0.956706	0.992845
40520	-1574.119	-1625.277	51.15772	1	0.99663	1.00343	1.00622	1.00079	0.965343	0.976313	0.973471	0.956706	0.992845
40530	-1574.574	-1625.731	51.15772	1	0.99663	1.00343	1.00622	1.00079	0.965343	0.976313	0.973471	0.956706	0.992845
40540	-1574.437	-1625.595	51.15772	1	0.99663	1.00343	1.00622	1.00079	0.965343	0.976313	0.973471	0.956706	0.992845
40550	-1575.412	-1626.57	51.15772	1	0.99663	1.00343	1.00622	1.00079	0.965343	0.976313	0.973471	0.956706	0.992845
40560	-1573.91	-1625.068	51.15772	1	0.99663	1.00343	1.00622	1.00079	0.965343	0.976313	0.973471	0.956706	0.992845
40570	-1574.048	-1625.206	51.15772	1	0.99663	1.00343	1.00622	1.00079	0.965343	0.976313	0.973471	0.956706	0.992845
40580	-1574.785	-1625.942	51.15772	1	0.99663	1.00343	1.00622	1.00079	0.965343	0.976313	0.973471	0.956706	0.992845
40590	-1574.28	-1625.438	51.15772	1	0.99663	1.00343	1.00622	1.00079	0.965343	0.976313	0.973471	0.956706	0.992845
40600	-1573.92	-1625.077	51.15772	1	0.99663	1.00343	1.00622	1.00079	0.965343	0.976313	0.973471	0.956706	0.992845
40610	-1574.599	-1625.756	51.15772	1	0.99663	1.00343	1.00622	1.00079	0.965343	0.976313	0.973471	0.956706	0.992845
40620	-1574.649	-1625.806	51.15772	1	0.99663	1.00343	1.00622	1.00079	0.965343	0.976313	0.973471	0.956706	0.992845
40630	-1573.976	-1625.134	51.15772	1	0.99663	1.00343	1.00622	1.00079	0.965343	0.976313	0.973471	0.956706	0.992845
40640	-1574.419	-1625.577	51.15772	1	0.99663	1.00343	1.00622	1.00079	0.965343	0.976313	0.973471	0.956706	0.992845
40650	-1573.998	-1625.156	51.15772	1	0.99663	1.00343	1.00622	1.00079	0.965343	0.976313	0.973471	0.956706	0.992845
40660	-1573.91	-1625.068	51.15772	1	0.99663	1.00343	1.00622	1.00079	0.965343	0.976313	0.973471	0.956706	0.992845
40670	-1574.691	-1625.849	51.15772	1	0.99663	1.00343	1.00622	1.00079	0.965343	0.976313	0.973471	0.956706	0.992845
40680	-1573.915	-1625.072	51.15772	1	0.99663	1.00343	1.00622	1.00079	0.965343	0.976313	0.973471	0.956706	0.992845
40690	-1576.206	-1627.364	51.15772	1	0.99663	1.00343	1.00622	1.00079	0.965343	0.976313	0.973471	0.956706	0.992845
40700	-1573.942	-1625.1	51.15772	1	0.99663	1.00343	1.00622	1.00079	0.965343	0.976313	0.973471	0.956706	0.992845
40710	-1573.934	-1625.092	51.15772	1	0.99663	1.00343	1.00622	1.00079	0.965343	0.976313	0.973471	0.956706	0.992845
40720	-1574.797	-1625.955	51.15772	1	0.99663	1.00343	1.00622	1.00079	0.965343	0.976313	0.973471	0.956706	0.992845
40730	-1574.144	-1625.302	51.15772	1	0.99663	1.00343	1.00622	1.00079	0.965343	0.976313	0.973471	0.956706	0.992845
40740	-1573.91	-1625.068	51.15772	1	0.99663	1.00343	1.00622	1.00079	0.965343	0.976313	0.973471	0.956706	0.992845
40750	-1575.609	-1626.767	51.15772	1	0.99663	1.00343	1.00622	1.00079	0.965343	0.976313	0.973471	0.956706	0.992845
40760	-1573.928	-1625.085	51.15772	1	0.99663	1.00343	1.00622	1.00079	0.965343	0.976313	0.973471	0.956706	0.992845
40770	-1574.972	-1626.13	51.15772	1	0.99663	1.00343	1.00622	1.00079	0.965343	0.976313	0.973471	0.956706	0.992845
40780	-1574.001	-1625.159	51.15772	1	0.99663	1.00343	1.00622	1.00079	0.965343	0.976313	0.973471	0.956706	0.992845
40790	-1574.033	-1625.191	51.15772	1	0.99663	1.00343	1.00622	1.00079	0.965343	0.976313	0.973471	0.956706	0.992845
40800	-1574.52	-1625.678	51.15772	1	0.99663	1.00343	1.00622	1.00079	0.965343	0.976313	0.973471	0.956706	0.992845
40810	-1574.244	-1625.401	51.15772	1	0.99663	1.00343	1.00622	1.00079	0.965343	0.976313	0.973471	0.956706	0.992845
40820	-1574.035	-1625.193	51.15772	1	0.99663	1.00343	1.00622	1.00079	0.965343	0.976313	0.973471	0.956706	0.992845
40830	-1574.029	-1625.187	51.15772	1	0.99663	1.00343	1.00622	1.00079	0.965343	0.976313	0.973471	0.956706	0.992845
40840	-1573.91	-1625.068	51.15772	1	0.99663	1.00343	1.00622	1.00079	0.965343	0.976313	0.973471	0.956706	0.992845
40850	-1573.92	-1625.078	51.15772	1	0.99663	1.00343	1.00622	1.00079	0.965343	0.976313	0.973471	0.956706	0.992845
40860	-1574.142	-1625.299	51.15772	1	0.99663	1.00343	1.00622	1.00079	0.965343	0.976313	0.973471	0.956706	0.992845
40870	-1573.918	-1625.075	51.15772	1	0.99663	1.00343	1.00622	1.00079	0.965343	0.976313	0.973471	0.956706	0.992845
40880	-1573.966	-1625.123	51.15772	1	0.99663	1.00343	1.00622	1.00079	0.965343	0.976313	0.973471	0.956706	0.992845
40890	-1575.301	-1626.459	51.15772	1	0.99663	1.00343	1.00622	1.00079	0.965343	0.976313	0.973471	0.956706	0.992845
40900	-1574.214	-1625.372	51.15772	1	0.99663	1.00343	1.00622	1.00079	0.965343	0.976313	0.973471	0.956706	0.992845
40910	-1575.132	-1626.29	51.15772	1	0.99663	1.00343	1.00622	1.00079	0.965343	0.976313	0.973471	0.956706	0.992845
40920	-1574.074	-1625.232	51.15772	1	0.99663	1.00343	1.00622	1.00079	0.965343	0.976313	0.973471	0.956706	0.992845
40930	-1574.798	-1625.955	51.15772	1	0.99663	1.00343	1.00622	1.00079	0.965343	0.976313	0.973471	0.956706	0.992845
40940	-1573.931	-1625.088	51.15772	1	0.99663	1.00343	1.00622	1.00079	0.965343	0.976313	0.973471	0.956706	0.992845
40950	-1573.913	-1625.071	51.15772	1	0.99663	1.00343	1.00622	1.00079	0.965343	0.976313	0.973471	0.956706	0.992845
40960	-1574.089	-1625.247	51.15772	1	0.99663	1.00343	1.00622	1.00079	0.965343	0.976313	0.973471	0.956706	0.992845
40970	-1574.766	-1625.924	51.15772	1	0.99663	1.00343	1.00622	1.00079	0.965343	0.976313	0.973471	0.956706	0.992845
40980	-1573.91	-1625.067	51.15772	1	0.99663	1.00343	1.00622	1.00079	0.965343	0.976313	0.973471	0.956706	0.992845
40990	-1573.946	-1625.103	51.15772	1	0.99663	1.00343	1.00622	1.00079	0.965343	0.976313	0.973471	0.956706	0.992845
41000	-1574.234	-1625.391	51.15772	1	0.99663	1.00343	1.00622	1.00079	0.965343	0.976313	0.973471	0.956706	0.992845
41010	-1574.169	-1625.326	51.15772	1	0.99663	1.00343	1.00622	1.00079	0.965343	0.976313	0.973471	0.956706	0.992845
41020	-1575.024	-1626.182	51.15772	1	0.99663	1.00343	1.00622	1.00079	0.965343	0.976313	0.973471	0.956706	0.992845
41030	-1573.927	-1625.085	51.15772	1	0.99663	1.00343	1.00622	1.00079	0.965343	0.976313	0.973471	0.956706	0.992845
41040	-1575.409	-1626.567	51.15772	1	0.99663	1.00343	1.00622	1.00079	0.965343	0.976313	0.973471	0.956706	0.992845
41050	-1573.91	-1625.068	51.15772	1	0.99663	1.00343	1.00622	1.00079	0.965343	0.976313	0.973471	0.956706	0.992845
41060	-1575.312	-1626.469	51.15772	1	0.99663	1.00343	1.00622	1.00079	0.965343	0.976313	0.973471	0.956706	0.992845
41070	-1574.211	-1625.368	51.15772	1	0.99663	1.00343	1.00622	1.00079	0.965343	0.976313	0.973471	0.956706	0.992845
41080	-1574.79	-1625.948	51.15772	1	0.99663	1.00343	1.00622	1.00079	0.965343	0.976313	0.973471	0.956706	0.992845
41090	-1574.17	-1625.328	51.15772	1	0.99663	1.00343	1.00622	1.00079	0.965343	0.976313	0.973471	0.956706	0.992845
41100	-1573.913	-1625.071	51.15772	1	0.99663	1.00343	1.00622	1.00079	0.965343	0.976313	0.973471	0.956706	0.992845
41110	-1574.167	-1625.325	51.15772	1	0.99663	1.00343	1.00622	1.00079	0.965343	0.976313	0.973471	0.956706	0.992845
41120	-1575.074	-1626.231	51.15772	1	0.99663	1.00343	1.00622	1.00079	0.965343	0.976313	0.973471	0.956706	0.992845
41130	-1574.685	-1625.842	51.15772	1	0.99663	1.00343	1.00622	1.00079	0.965343	0.976313	0.973471	0.956706	0.992845
41140	-1573.909	-1625.067	51.15772	1	0.99663	1.00343	1.00622	1.00079	0.965343	0.976313	0.973471	0.956706	0.992845
41150	-1574.72	-1625.878	51.15772	1	0.99663	1.00343	1.00622	1.00079	0.965343	0.976313	0.973471	0.956706	0.992845
41160	-1574.338	-1625.495	51.15772	1	0.99663	1.00343	1.00622	1.00079	0.965343	0.976313	0.973471	0.956706	0.992845
41170	-1575.304	-1626.462	51.15772	1	0.99663	1.00343	1.00622	1.00079	0.965343	0.976313	0.973471	0.956706	0.992845
41180	-1573.919	-1625.076	51.15772	1	0.99663	1.00343	1.00622	1.00079	0.965343	0.976313	0.973471	0.956706	0.992845
41190	-1573.942	-1625.1	51.15772	1	0.99663	1.00343	1.00622	1.00079	0.965343	0.976313	0.973471	0.956706	0.992845
41200	-1573.909	-1625.067	51.15772	1	0.99663	1.00343	1.00622	1.00079	0.965343	0.976313	0.973471	0.956706	0.992845
41210	-1574.242	-1625.399	51.15772	1	0.99663	1.00343	1.00622	1.00079	0.965343	0.976313	0.973471	0.956706	0.992845
41220	-1574.279	-1625.436	51.15772	1	0.99663	1.00343	1.00622	1.00079	0.965343	0.976313	0.973471	0.956706	0.992845
41230	-1574.078	-1625.236	51.15772	1	0.99663	1.00343	1.00622	1.00079	0.965343	0.976313	0.973471	0.956706	0.992845
41240	-1574.148	-1625.306	51.15772	1	0.99663	1.00343	1.00622	1.00079	0.965343	0.976313	0.973471	0.956706	0.992845
41250	-1573.92	-1625.077	51.15772	1	0.99663	1.00343	1.00622	1.00079	0.965343	0.976313	0.973471	0.956706	0.992845
41260	-1573.912	-1625.07	51.15772	1	0.99663	1.00343	1.00622	1.00079	0.965343	0.976313	0.973471	0.956706	0.992845
41270	-1574.33	-1625.488	51.15772	1	0.99663	1.00343	1.00622	1.00079	0.965343	0.976313	0.973471	0.956706	0.992845
41280	-1573.928	-1625.086	51.15772	1	0.99663	1.00343	1.00622	1.00079	0.965343	0.976313	0.973471	0.956706	0.992845
41290	-1573.966	-1625.123	51.15772	1	0.99663	1.00343	1.00622	1.00079	0.965343	0.976313	0.973471	0.956706	0.992845
41300	-1574.064	-1625.222	51.15772	1	0.99663	1.00343	1.00622	1.00079	0.965343	0.976313	0.973471	0.956706	0.992845
41310	-1577.233	-1628.391	51.15772	1	0.99663	1.00343	1.00622	1.00079	0.965343	0.976313	0.973471	0.956706	0.992845
41320	-1573.911	-1625.068	51.15772	1	0.99663	1.00343	1.00622	1.00079	0.965343	0.976313	0.973471	0.956706	0.992845
41330	-1573.923	-1625.08	51.15772	1	0.99663	1.00343	1.00622	1.00079	0.965343	0.976313	0.973471	0.956706	0.992845
41340	-1575.048	-1626.205	51.15772	1	0.99663	1.00343	1.00622	1.00079	0.965343	0.976313	0.973471	0.956706	0.992845
41350	-1574.384	-1625.542	51.15772	1	0.99663	1.00343	1.00622	1.00079	0.965343	0.976313	0.973471	0.956706	0.992845
41360	-1574.068	-1625.226	51.15772	1	0.99663	1.00343	1.00622	1.00079	0.965343	0.976313	0.973471	0.956706	0.992845
41370	-1574.22	-1625.377	51.15772	1	0.99663	1.00343	1.00622	1.00079	0.965343	0.976313	0.973471	0.956706	0.992845
41380	-1574.476	-1625.633	51.15772	1	0.99663	1.00343	1.00622	1.00079	0.965343	0.976313	0.973471	0.956706	0.992845
41390	-1573.91	-1625.068	51.15772	1	0.99663	1.00343	1.00622	1.00079	0.965343	0.976313	0.973471	0.956706	0.992845
41400	-1573.909	-1625.067	51.15772	1	0.99663	1.00343	1.00622	1.00079	0.965343	0.976313	0.973471	0.956706	0.992845
41410	-1576.867	-1628.025	51.15772	1	0.99663	1.00343	1.00622	1.00079	0.965343	0.976313	0.973471	0.956706	0.992845
41420	-1575.352	-1626.509	51.15772	1	0.99663	1.00343	1.00622	1.00079	0.965343	0.976313	0.973471	0.956706	0.992845
41430	-1575.888	-1627.046	51.15772	1	0.99663	1.00343	1.00622	1.00079	0.965343	0.976313	0.973471	0.956706	0.992845
41440	-1574.067	-1625.225	51.15772	1	0.99663	1.00343	1.00622	1.00079	0.965343	0.976313	0.973471	0.956706	0.992845
41450	-1574.973	-1626.13	51.15772	1	0.99663	1.00343	1.00622	1.00079	0.965343	0.976313	0.973471	0.956706	0.992845
41460	-1573.947	-1625.105	51.15772	1	0.99663	1.00343	1.00622	1.00079	0.965343	0.976313	0.973471	0.956706	0.992845
41470	-1574.315	-1625.473	51.15772	1	0.99663	1.00343	1.00622	1.00079	0.965343	0.976313	0.973471	0.956706	0.992845
41480	-1574.44	-1625.598	51.15772	1	0.99663	1.00343	1.00622	1.00079	0.965343	0.976313	0.973471	0.956706	0.992845
41490	-1574.063	-1625.221	51.15772	1	0.99663	1.00343	1.00622	1.00079	0.965343	0.976313	0.973471	0.956706	0.992845
41500	-1574.25	-1625.408	51.15772	1	0.99663	1.00343	1.00622	1.00079	0.965343	0.976313	0.973471	0.956706	0.992845
41510	-1574.65	-1625.807	51.15772	1	0.99663	1.00343	1.00622	1.00079	0.965343	0.976313	0.973471	0.956706	0.992845
41520	-1573.985	-1625.142	51.15772	1	0.99663	1.00343	1.00622	1.00079	0.965343	0.976313	0.973471	0.956706	0.992845
41530	-1573.91	-1625.068	51.15772	1	0.99663	1.00343	1.00622	1.00079	0.965343	0.976313	0.973471	0.956706	0.992845
41540	-1573.928	-1625.086	51.15772	1	0.99663	1.00343	1.00622	1.00079	0.965343	0.976313	0.973471	0.956706	0.992845
41550	-1574.263	-1625.421	51.15772	1	0.99663	1.00343	1.00622	1.00079	0.965343	0.976313	0.973471	0.956706	0.992845
41560	-1575.026	-1626.183	51.15772	1	0.99663	1.00343	1.00622	1.00079	0.965343	0.976313	0.973471	0.956706	0.992845
41570	-1573.91	-1625.068	51.15772	1	0.99663	1.00343	1.00622	1.00079	0.965343	0.976313	0.973471	0.956706	0.992845
41580	-1574.204	-1625.362	51.15772	1	0.99663	1.00343	1.00622	1.00079	0.965343	0.976313	0.973471	0.956706	0.992845
41590	-1576.391	-1627.548	51.15772	1	0.99663	1.00343	1.00622	1.00079	0.965343	0.976313	0.973471	0.956706	0.992845
41600	-1574.066	-1625.224	51.15772	1	0.99663	1.00343	1.00622	1.00079	0.965343	0.976313	0.973471	0.956706	0.992845
41610	-1574.178	-1625.336	51.15772	1	0.99663	1.00343	1.00622	1.00079	0.965343	0.976313	0.973471	0.956706	0.992845
41620	-1574.42	-1625.578	51.15772	1	0.99663	1.00343	1.00622	1.00079	0.965343	0.976313	0.973471	0.956706	0.992845
41630	-1573.955	-1625.113	51.15772	1	0.99663	1.00343	1.00622	1.00079	0.965343	0.976313	0.973471	0.956706	0.992845
41640	-1576.434	-1627.592	51.15772	1	0.99663	1.00343	1.00622	1.00079	0.965343	0.976313	0.973471	0.956706	0.992845
41650	-1573.945	-1625.102	51.15772	1	0.99663	1.00343	1.00622	1.00079	0.965343	0.976313	0.973471	0.956706	0.992845
41660	-1574.598	-1625.755	51.15772	1	0.99663	1.00343	1.00622	1.00079	0.965343	0.976313	0.973471	0.956706	0.992845
41670	-1574.682	-1625.839	51.15772	1	0.99663	1.00343	1.00622	1.00079	0.965343	0.976313	0.973471	0.956706	0.992845
41680	-1574	-1625.158	51.15772	1	0.99663	1.00343	1.00622	1.00079	0.965343	0.976313	0.973471	0.956706	0.992845
41690	-1576.505	-1627.662	51.15772	1	0.99663	1.00343	1.00622	1.00079	0.965343	0.976313	0.973471	0.956706	0.992845
41700	-1575.933	-1627.09	51.15772	1	0.99663	1.00343	1.00622	1.00079	0.965343	0.976313	0.973471	0.956706	0.992845
41710	-1574.11	-1625.268	51.15772	1	0.99663	1.00343	1.00622	1.00079	0.965343	0.976313	0.973471	0.956706	0.992845
41720	-1575.255	-1626.413	51.15772	1	0.99663	1.00343	1.00622	1.00079	0.965343	0.976313	0.973471	0.956706	0.992845
41730	-1574.049	-1625.206	51.15772	1	0.99663	1.00343	1.00622	1.00079	0.965343	0.976313	0.973471	0.956706	0.992845
41740	-1574.613	-1625.771	51.15772	1	0.99663	1.00343	1.00622	1.00079	0.965343	0.976313	0.973471	0.956706	0.992845
41750	-1573.97	-1625.128	51.15772	1	0.99663	1.00343	1.00622	1.00079	0.965343	0.976313	0.973471	0.956706	0.992845
41760	-1574.851	-1626.009	51.15772	1	0.99663	1.00343	1.00622	1.00079	0.965343	0.976313	0.973471	0.956706	0.992845
41770	-1573.915	-1625.073	51.15772	1	0.99663	1.00343	1.00622	1.00079	0.965343	0.976313	0.973471	0.956706	0.992845
41780	-1575.583	-1626.741	51.15772	1	0.99663	1.00343	1.00622	1.00079	0.965343	0.976313	0.973471	0.956706	0.992845
41790	-1574.25	-1625.408	51.15772	1	0.99663	1.00343	1.00622	1.00079	0.965343	0.976313	0.973471	0.956706	0.992845
41800	-1573.93	-1625.087	51.15772	1	0.99663	1.00343	1.00622	1.00079	0.965343	0.976313	0.973471	0.956706	0.992845
41810	-1573.931	-1625.089	51.15772	1	0.99663	1.00343	1.00622	1.00079	0.965343	0.976313	0.973471	0.956706	0.992845
41820	-1574.318	-1625.476	51.15772	1	0.99663	1.00343	1.00622	1.00079	0.965343	0.976313	0.973471	0.956706	0.992845
41830	-1574.226	-1625.384	51.15772	1	0.99663	1.00343	1.00622	1.00079	0.965343	0.976313	0.973471	0.956706	0.992845
41840	-1574.329	-1625.487	51.15772	1	0.99663	1.00343	1.00622	1.00079	0.965343	0.976313	0.973471	0.956706	0.992845
41850	-1573.913	-1625.071	51.15772	1	0.99663	1.00343	1.00622	1.00079	0.965343	0.976313	0.973471	0.956706	0.992845
41860	-1574.057	-1625.214	51.15772	1	0.99663	1.00343	1.00622	1.00079	0.965343	0.976313	0.973471	0.956706	0.992845
41870	-1573.924	-1625.082	51.15772	1	0.99663	1.00343	1.00622	1.00079	0.965343	0.976313	0.973471	0.956706	0.992845
41880	-1578.625	-1629.783	51.15772	1	0.99663	1.00343	1.00622	1.00079	0.965343	0.976313	0.973471	0.956706	0.992845
41890	-1574.749	-1625.906	51.15772	1	0.99663	1.00343	1.00622	1.00079	0.965343	0.976313	0.973471	0.956706	0.992845
41900	-1574.043	-1625.2	51.15772	1	0.99663	1.00343	1.00622	1.00079	0.965343	0.976313	0.973471	0.956706	0.992845
41910	-1574.655	-1625.812	51.15772	1	0.99663	1.00343	1.00622	1.00079	0.965343	0.976313	0.973471	0.956706	0.992845
41920	-1575.95	-1627.108	51.15772	1	0.99663	1.00343	1.00622	1.00079	0.965343	0.976313	0.973471	0.956706	0.992845
41930	-1573.962	-1625.12	51.15772	1	0.99663	1.00343	1.00622	1.00079	0.965343	0.976313	0.973471	0.956706	0.992845
41940	-1574.638	-1625.796	51.15772	1	0.99663	1.00343	1.00622	1.00079	0.965343	0.976313	0.973471	0.956706	0.992845
41950	-1574.313	-1625.471	51.15772	1	0.99663	1.00343	1.00622	1.00079	0.965343	0.976313	0.973471	0.956706	0.992845
41960	-1574.747	-1625.905	51.15772	1	0.99663	1.00343	1.00622	1.00079	0.965343	0.976313	0.973471	0.956706	0.992845
41970	-1574.233	-1625.39	51.15772	1	0.99663	1.00343	1.00622	1.00079	0.965343	0.976313	0.973471	0.956706	0.992845
41980	-1574.011	-1625.168	51.15772	1	0.99663	1.00343	1.00622	1.00079	0.965343	0.976313	0.973471	0.956706	0.992845
41990	-1575.858	-1627.016	51.15772	1	0.99663	1.00343	1.00622	1.00079	0.965343	0.976313	0.973471	0.956706	0.992845
42000	-1574.067	-1625.225	51.15772	1	0.99663	1.00343	1.00622	1.00079	0.965343	0.976313	0.973471	0.956706	0.992845
42010	-1573.917	-1625.075	51.15772	1	0.99663	1.00343	1.00622	1.00079	0.965343	0.976313	0.973471	0.956706	0.992845
42020	-1573.921	-1625.078	51.15772	1	0.99663	1.00343	1.00622	1.00079	0.965343	0.976313	0.973471	0.956706	0.992845
42030	-1574.03	-1625.187	51.15772	1	0.99663	1.00343	1.00622	1.00079	0.965343	0.976313	0.973471	0.956706	0.992845
42040	-1574.107	-1625.265	51.15772	1	0.99663	1.00343	1.00622	1.00079	0.965343	0.976313	0.973471	0.956706	0.992845
42050	-1574.528	-1625.686	51.15772	1	0.99663	1.00343	1.00622	1.00079	0.965343	0.976313	0.973471	0.956706	0.992845
42060	-1574.486	-1625.644	51.15772	1	0.99663	1.00343	1.00622	1.00079	0.965343	0.976313	0.973471	0.956706	0.992845
42070	-1573.953	-1625.111	51.15772	1	0.99663	1.00343	1.00622	1.00079	0.965343	0.976313	0.973471	0.956706	0.992845
42080	-1573.955	-1625.112	51.15772	1	0.99663	1.00343	1.00622	1.00079	0.965343	0.976313	0.973471	0.956706	0.992845
42090	-1574.82	-1625.978	51.15772	1	0.99663	1.00343	1.00622	1.00079	0.965343	0.976313	0.973471	0.956706	0.992845
42100	-1574.002	-1625.16	51.15772	1	0.99663	1.00343	1.00622	1.00079	0.965343	0.976313	0.973471	0.956706	0.992845
42110	-1573.923	-1625.081	51.15772	1	0.99663	1.00343	1.00622	1.00079	0.965343	0.976313	0.973471	0.956706	0.992845
42120	-1574.454	-1625.612	51.15772	1	0.99663	1.00343	1.00622	1.00079	0.965343	0.976313	0.973471	0.956706	0.992845
42130	-1574.068	-1625.226	51.15772	1	0.99663	1.00343	1.00622	1.00079	0.965343	0.976313	0.973471	0.956706	0.992845
42140	-1573.917	-1625.075	51.15772	1	0.99663	1.00343	1.00622	1.00079	0.965343	0.976313	0.973471	0.956706	0.992845
42150	-1574.506	-1625.663	51.15772	1	0.99663	1.00343	1.00622	1.00079	0.965343	0.976313	0.973471	0.956706	0.992845
42160	-1574.278	-1625.436	51.15772	1	0.99663	1.00343	1.00622	1.00079	0.965343	0.976313	0.973471	0.956706	0.992845
42170	-1574.007	-1625.164	51.15772	1	0.99663	1.00343	1.00622	1.00079	0.965343	0.976313	0.973471	0.956706	0.992845
42180	-1574.62	-1625.777	51.15772	1	0.99663	1.00343	1.00622	1.00079	0.965343	0.976313	0.973471	0.956706	0.992845
42190	-1574.14	-1625.298	51.15772	1	0.99663	1.00343	1.00622	1.00079	0.965343	0.976313	0.973471	0.956706	0.992845
42200	-1574.691	-1625.849	51.15772	1	0.99663	1.00343	1.00622	1.00079	0.965343	0.976313	0.973471	0.956706	0.992845
42210	-1574.368	-1625.526	51.15772	1	0.99663	1.00343	1.00622	1.00079	0.965343	0.976313	0.973471	0.956706	0.992845
42220	-1574.467	-1625.625	51.15772	1	0.99663	1.00343	1.00622	1.00079	0.965343	0.976313	0.973471	0.956706	0.992845
42230	-1573.917	-1625.075	51.15772	1	0.99663	1.00343	1.00622	1.00079	0.965343	0.976313	0.973471	0.956706	0.992845
42240	-1574.558	-1625.716	51.15772	1	0.99663	1.00343	1.00622	1.00079	0.965343	0.976313	0.973471	0.956706	0.992845
42250	-1575.19	-1626.348	51.15772	1	0.99663	1.00343	1.00622	1.00079	0.965343	0.976313	0.973471	0.956706	0.992845
42260	-1574.517	-1625.675	51.15772	1	0.99663	1.00343	1.00622	1.00079	0.965343	0.976313	0.973471	0.956706	0.992845
42270	-1575.14	-1626.298	51.15772	1	0.99663	1.00343	1.00622	1.00079	0.965343	0.976313	0.973471	0.956706	0.992845
42280	-1574.261	-1625.418	51.15772	1	0.99663	1.00343	1.00622	1.00079	0.965343	0.976313	0.973471	0.956706	0.992845
42290	-1574.688	-1625.846	51.15772	1	0.99663	1.00343	1.00622	1.00079	0.965343	0.976313	0.973471	0.956706	0.992845
42300	-1574.126	-1625.284	51.15772	1	0.99663	1.00343	1.00622	1.00079	0.965343	0.976313	0.973471	0.956706	0.992845
42310	-1576.099	-1627.256	51.15772	1	0.99663	1.00343	1.00622	1.00079	0.965343	0.976313	0.973471	0.956706	0.992845
42320	-1573.918	-1625.076	51.15772	1	0.99663	1.00343	1.00622	1.00079	0.965343	0.976313	0.973471	0.956706	0.992845
42330	-1573.925	-1625.083	51.15772	1	0.99663	1.00343	1.00622	1.00079	0.965343	0.976313	0.973471	0.956706	0.992845
42340	-1574.602	-1625.759	51.15772	1	0.99663	1.00343	1.00622	1.00079	0.965343	0.976313	0.973471	0.956706	0.992845
42350	-1575.109	-1626.267	51.15772	1	0.99663	1.00343	1.00622	1.00079	0.965343	0.976313	0.973471	0.956706	0.992845
42360	-1573.971	-1625.128	51.15772	1	0.99663	1.00343	1.00622	1.00079	0.965343	0.976313	0.973471	0.956706	0.992845
42370	-1573.998	-1625.156	51.15772	1	0.99663	1.00343	1.00622	1.00079	0.965343	0.976313	0.973471	0.956706	0.992845
42380	-1574.249	-1625.406	51.15772	1	0.99663	1.00343	1.00622	1.00079	0.965343	0.976313	0.973471	0.956706	0.992845
42390	-1574.107	-1625.265	51.15772	1	0.99663	1.00343	1.00622	1.00079	0.965343	0.976313	0.973471	0.956706	0.992845
42400	-1574.103	-1625.261	51.15772	1	0.99663	1.00343	1.00622	1.00079	0.965343	0.976313	0.973471	0.956706	0.992845
42410	-1573.983	-1625.141	51.15772	1	0.99663	1.00343	1.00622	1.00079	0.965343	0.976313	0.973471	0.956706	0.992845
42420	-1575.261	-1626.419	51.15772	1	0.99663	1.00343	1.00622	1.00079	0.965343	0.976313	0.973471	0.956706	0.992845
42430	-1573.973	-1625.131	51.15772	1	0.99663	1.00343	1.00622	1.00079	0.965343	0.976313	0.973471	0.956706	0.992845
42440	-1574.329	-1625.487	51.15772	1	0.99663	1.00343	1.00622	1.00079	0.965343	0.976313	0.973471	0.956706	0.992845
42450	-1573.983	-1625.141	51.15772	1	0.99663	1.00343	1.00622	1.00079	0.965343	0.976313	0.973471	0.956706	0.992845
42460	-1574.662	-1625.82	51.15772	1	0.99663	1.00343	1.00622	1.00079	0.965343	0.976313	0.973471	0.956706	0.992845
42470	-1575.333	-1626.49	51.15772	1	0.99663	1.00343	1.00622	1.00079	0.965343	0.976313	0.973471	0.956706	0.992845
42480	-1574.654	-1625.811	51.15772	1	0.99663	1.00343	1.00622	1.00079	0.965343	0.976313	0.973471	0.956706	0.992845
42490	-1573.976	-1625.133	51.15772	1	0.99663	1.00343	1.00622	1.00079	0.965343	0.976313	0.973471	0.956706	0.992845
42500	-1573.956	-1625.114	51.15772	1	0.99663	1.00343	1.00622	1.00079	0.965343	0.976313	0.973471	0.956706	0.992845
42510	-1574.926	-1626.084	51.15772	1	0.99663	1.00343	1.00622	1.00079	0.965343	0.976313	0.973471	0.956706	0.992845
42520	-1574.183	-1625.341	51.15772	1	0.99663	1.00343	1.00622	1.00079	0.965343	0.976313	0.973471	0.956706	0.992845
42530	-1574.344	-1625.502	51.15772	1	0.99663	1.00343	1.00622	1.00079	0.965343	0.976313	0.973471	0.956706	0.992845
42540	-1574.533	-1625.691	51.15772	1	0.99663	1.00343	1.00622	1.00079	0.965343	0.976313	0.973471	0.956706	0.992845
42550	-1574.129	-1625.287	51.15772	1	0.99663	1.00343	1.00622	1.00079	0.965343	0.976313	0.973471	0.956706	0.992845
42560	-1573.925	-1625.083	51.15772	1	0.99663	1.00343	1.00622	1.00079	0.965343	0.976313	0.973471	0.956706	0.992845
42570	-1575.276	-1626.434	51.15772	1	0.99663	1.00343	1.00622	1.00079	0.965343	0.976313	0.973471	0.956706	0.992845
42580	-1573.974	-1625.132	51.15772	1	0.99663	1.00343	1.00622	1.00079	0.965343	0.976313	0.973471	0.956706	0.992845
42590	-1573.933	-1625.091	51.15772	1	0.99663	1.00343	1.00622	1.00079	0.965343	0.976313	0.973471	0.956706	0.992845
42600	-1573.934	-1625.092	51.15772	1	0.99663	1.00343	1.00622	1.00079	0.965343	0.976313	0.973471	0.956706	0.992845
42610	-1575.269	-1626.427	51.15772	1	0.99663	1.00343	1.00622	1.00079	0.965343	0.976313	0.973471	0.956706	0.992845
42620	-1573.92	-1625.078	51.15772	1	0.99663	1.00343	1.00622	1.00079	0.965343	0.976313	0.973471	0.956706	0.992845
42630	-1574.261	-1625.419	51.15772	1	0.99663	1.00343	1.00622	1.00079	0.965343	0.976313	0.973471	0.956706	0.992845
42640	-1574.079	-1625.237	51.15772	1	0.99663	1.00343	1.00622	1.00079	0.965343	0.976313	0.973471	0.956706	0.992845
42650	-1574.012	-1625.17	51.15772	1	0.99663	1.00343	1.00622	1.00079	0.965343	0.976313	0.973471	0.956706	0.992845
42660	-1575.127	-1626.285	51.15772	1	0.99663	1.00343	1.00622	1.00079	0.965343	0.976313	0.973471	0.956706	0.992845
42670	-1574.478	-1625.636	51.15772	1	0.99663	1.00343	1.00622	1.00079	0.965343	0.976313	0.973471	0.956706	0.992845
42680	-1574.806	-1625.964	51.15772	1	0.99663	1.00343	1.00622	1.00079	0.965343	0.976313	0.973471	0.956706	0.992845
42690	-1574.813	-1625.971	51.15772	1	0.99663	1.00343	1.00622	1.00079	0.965343	0.976313	0.973471	0.956706	0.992845
42700	-1575.258	-1626.416	51.15772	1	0.99663	1.00343	1.00622	1.00079	0.965343	0.976313	0.973471	0.956706	0.992845
42710	-1573.917	-1625.075	51.15772	1	0.99663	1.00343	1.00622	1.00079	0.965343	0.976313	0.973471	0.956706	0.992845
42720	-1573.913	-1625.071	51.15772	1	0.99663	1.00343	1.00622	1.00079	0.965343	0.976313	0.973471	0.956706	0.992845
42730	-1574.392	-1625.55	51.15772	1	0.99663	1.00343	1.00622	1.00079	0.965343	0.976313	0.973471	0.956706	0.992845
42740	-1574.568	-1625.725	51.15772	1	0.99663	1.00343	1.00622	1.00079	0.965343	0.976313	0.973471	0.956706	0.992845
42750	-1574.071	-1625.229	51.15772	1	0.99663	1.00343	1.00622	1.00079	0.965343	0.976313	0.973471	0.956706	0.992845
42760	-1574.205	-1625.363	51.15772	1	0.99663	1.00343	1.00622	1.00079	0.965343	0.976313	0.973471	0.956706	0.992845
42770	-1575.387	-1626.545	51.15772	1	0.99663	1.00343	1.00622	1.00079	0.965343	0.976313	0.973471	0.956706	0.992845
42780	-1573.91	-1625.068	51.15772	1	0.99663	1.00343	1.00622	1.00079	0.965343	0.976313	0.973471	0.956706	0.992845
42790	-1573.911	-1625.069	51.15772	1	0.99663	1.00343	1.00622	1.00079	0.965343	0.976313	0.973471	0.956706	0.992845
42800	-1574.113	-1625.271	51.15772	1	0.99663	1.00343	1.00622	1.00079	0.965343	0.976313	0.973471	0.956706	0.992845
42810	-1574.488	-1625.646	51.15772	1	0.99663	1.00343	1.00622	1.00079	0.965343	0.976313	0.973471	0.956706	0.992845
42820	-1575.54	-1626.697	51.15772	1	0.99663	1.00343	1.00622	1.00079	0.965343	0.976313	0.973471	0.956706	0.992845
42830	-1574.036	-1625.193	51.15772	1	0.99663	1.00343	1.00622	1.00079	0.965343	0.976313	0.973471	0.956706	0.992845
42840	-1574.024	-1625.182	51.15772	1	0.99663	1.00343	1.00622	1.00079	0.965343	0.976313	0.973471	0.956706	0.992845
42850	-1574.129	-1625.287	51.15772	1	0.99663	1.00343	1.00622	1.00079	0.965343	0.976313	0.973471	0.956706	0.992845
42860	-1574.1	-1625.258	51.15772	1	0.99663	1.00343	1.00622	1.00079	0.965343	0.976313	0.973471	0.956706	0.992845
42870	-1573.988	-1625.146	51.15772	1	0.99663	1.00343	1.00622	1.00079	0.965343	0.976313	0.973471	0.956706	0.992845
42880	-1573.939	-1625.096	51.15772	1	0.99663	1.00343	1.00622	1.00079	0.965343	0.976313	0.973471	0.956706	0.992845
42890	-1574.187	-1625.344	51.15772	1	0.99663	1.00343	1.00622	1.00079	0.965343	0.976313	0.973471	0.956706	0.992845
42900	-1574.019	-1625.177	51.15772	1	0.99663	1.00343	1.00622	1.00079	0.965343	0.976313	0.973471	0.956706	0.992845
42910	-1573.995	-1625.153	51.15772	1	0.99663	1.00343	1.00622	1.00079	0.965343	0.976313	0.973471	0.956706	0.992845
42920	-1574.316	-1625.474	51.15772	1	0.99663	1.00343	1.00622	1.00079	0.965343	0.976313	0.973471	0.956706	0.992845
42930	-1573.998	-1625.155	51.15772	1	0.99663	1.00343	1.00622	1.00079	0.965343	0.976313	0.973471	0.956706	0.992845
42940	-1573.909	-1625.067	51.15772	1	0.99663	1.00343	1.00622	1.00079	0.965343	0.976313	0.973471	0.956706	0.992845
42950	-1573.967	-1625.124	51.15772	1	0.99663	1.00343	1.00622	1.00079	0.965343	0.976313	0.973471	0.956706	0.992845
42960	-1574.184	-1625.342	51.15772	1	0.99663	1.00343	1.00622	1.00079	0.965343	0.976313	0.973471	0.956706	0.992845
42970	-1574.026	-1625.184	51.15772	1	0.99663	1.00343	1.00622	1.00079	0.965343	0.976313	0.973471	0.956706	0.992845
42980	-1573.966	-1625.124	51.15772	1	0.99663	1.00343	1.00622	1.00079	0.965343	0.976313	0.973471	0.956706	0.992845
42990	-1574.045	-1625.202	51.15772	1	0.99663	1.00343	1.00622	1.00079	0.965343	0.976313	0.973471	0.956706	0.992845
43000	-1574.638	-1625.795	51.15772	1	0.99663	1.00343	1.00622	1.00079	0.965343	0.976313	0.973471	0.956706	0.992845
43010	-1574.169	-1625.327	51.15772	1	0.99663	1.00343	1.00622	1.00079	0.965343	0.976313	0.973471	0.956706	0.992845
43020	-1574.945	-1626.103	51.15772	1	0.99663	1.00343	1.00622	1.00079	0.965343	0.976313	0.973471	0.956706	0.992845
43030	-1574	-1625.158	51.15772	1	0.99663	1.00343	1.00622	1.00079	0.965343	0.976313	0.973471	0.956706	0.992845
43040	-1574.156	-1625.313	51.15772	1	0.99663	1.00343	1.00622	1.00079	0.965343	0.976313	0.973471	0.956706	0.992845
43050	-1574.064	-1625.221	51.15772	1	0.99663	1.00343	1.00622	1.00079	0.965343	0.976313	0.973471	0.956706	0.992845
43060	-1573.996	-1625.154	51.15772	1	0.99663	1.00343	1.00622	1.00079	0.965343	0.976313	0.973471	0.956706	0.992845
43070	-1573.969	-1625.127	51.15772	1	0.99663	1.00343	1.00622	1.00079	0.965343	0.976313	0.973471	0.956706	0.992845
43080	-1574.032	-1625.19	51.15772	1	0.99663	1.00343	1.00622	1.00079	0.965343	0.976313	0.973471	0.956706	0.992845
43090	-1574.597	-1625.755	51.15772	1	0.99663	1.00343	1.00622	1.00079	0.965343	0.976313	0.973471	0.956706	0.992845
43100	-1574.076	-1625.234	51.15772	1	0.99663	1.00343	1.00622	1.00079	0.965343	0.976313	0.973471	0.956706	0.992845
43110	-1573.937	-1625.095	51.15772	1	0.99663	1.00343	1.00622	1.00079	0.965343	0.976313	0.973471	0.956706	0.992845
43120	-1573.93	-1625.087	51.15772	1	0.99663	1.00343	1.00622	1.00079	0.965343	0.976313	0.973471	0.956706	0.992845
43130	-1573.975	-1625.133	51.15772	1	0.99663	1.00343	1.00622	1.00079	0.965343	0.976313	0.973471	0.956706	0.992845
43140	-1574.191	-1625.348	51.15772	1	0.99663	1.00343	1.00622	1.00079	0.965343	0.976313	0.973471	0.956706	0.992845
43150	-1574.078	-1625.236	51.15772	1	0.99663	1.00343	1.00622	1.00079	0.965343	0.976313	0.973471	0.956706	0.992845
43160	-1574.309	-1625.467	51.15772	1	0.99663	1.00343	1.00622	1.00079	0.965343	0.976313	0.973471	0.956706	0.992845
43170	-1573.962	-1625.119	51.15772	1	0.99663	1.00343	1.00622	1.00079	0.965343	0.976313	0.973471	0.956706	0.992845
43180	-1574.186	-1625.344	51.15772	1	0.99663	1.00343	1.00622	1.00079	0.965343	0.976313	0.973471	0.956706	0.992845
43190	-1574.233	-1625.391	51.15772	1	0.99663	1.00343	1.00622	1.00079	0.965343	0.976313	0.973471	0.956706	0.992845
43200	-1573.984	-1625.141	51.15772	1	0.99663	1.00343	1.00622	1.00079	0.965343	0.976313	0.973471	0.956706	0.992845
43210	-1573.949	-1625.107	51.15772	1	0.99663	1.00343	1.00622	1.00079	0.965343	0.976313	0.973471	0.956706	0.992845
43220	-1573.936	-1625.094	51.15772	1	0.99663	1.00343	1.00622	1.00079	0.965343	0.976313	0.973471	0.956706	0.992845
43230	-1574.302	-1625.459	51.15772	1	0.99663	1.00343	1.00622	1.00079	0.965343	0.976313	0.973471	0.956706	0.992845
43240	-1574.01	-1625.168	51.15772	1	0.99663	1.00343	1.00622	1.00079	0.965343	0.976313	0.973471	0.956706	0.992845
43250	-1574.529	-1625.686	51.15772	1	0.99663	1.00343	1.00622	1.00079	0.965343	0.976313	0.973471	0.956706	0.992845
43260	-1574.523	-1625.68	51.15772	1	0.99663	1.00343	1.00622	1.00079	0.965343	0.976313	0.973471	0.956706	0.992845
43270	-1574.061	-1625.218	51.15772	1	0.99663	1.00343	1.00622	1.00079	0.965343	0.976313	0.973471	0.956706	0.992845
43280	-1573.916	-1625.074	51.15772	1	0.99663	1.00343	1.00622	1.00079	0.965343	0.976313	0.973471	0.956706	0.992845
43290	-1573.958	-1625.116	51.15772	1	0.99663	1.00343	1.00622	1.00079	0.965343	0.976313	0.973471	0.956706	0.992845
43300	-1573.923	-1625.081	51.15772	1	0.99663	1.00343	1.00622	1.00079	0.965343	0.976313	0.973471	0.956706	0.992845
43310	-1575.486	-1626.644	51.15772	1	0.99663	1.00343	1.00622	1.00079	0.965343	0.976313	0.973471	0.956706	0.992845
43320	-1575.468	-1626.626	51.15772	1	0.99663	1.00343	1.00622	1.00079	0.965343	0.976313	0.973471	0.956706	0.992845
43330	-1574.275	-1625.432	51.15772	1	0.99663	1.00343	1.00622	1.00079	0.965343	0.976313	0.973471	0.956706	0.992845
43340	-1575.564	-1626.721	51.15772	1	0.99663	1.00343	1.00622	1.00079	0.965343	0.976313	0.973471	0.956706	0.992845
43350	-1575.843	-1627.001	51.15772	1	0.99663	1.00343	1.00622	1.00079	0.965343	0.976313	0.973471	0.956706	0.992845
43360	-1573.911	-1625.069	51.15772	1	0.99663	1.00343	1.00622	1.00079	0.965343	0.976313	0.973471	0.956706	0.992845
43370	-1574.314	-1625.472	51.15772	1	0.99663	1.00343	1.00622	1.00079	0.965343	0.976313	0.973471	0.956706	0.992845
43380	-1574.517	-1625.675	51.15772	1	0.99663	1.00343	1.00622	1.00079	0.965343	0.976313	0.973471	0.956706	0.992845
43390	-1574.11	-1625.268	51.15772	1	0.99663	1.00343	1.00622	1.00079	0.965343	0.976313	0.973471	0.956706	0.992845
43400	-1574.065	-1625.222	51.15772	1	0.99663	1.00343	1.00622	1.00079	0.965343	0.976313	0.973471	0.956706	0.992845
43410	-1575.561	-1626.718	51.15772	1	0.99663	1.00343	1.00622	1.00079	0.965343	0.976313	0.973471	0.956706	0.992845
43420	-1574.604	-1625.762	51.15772	1	0.99663	1.00343	1.00622	1.00079	0.965343	0.976313	0.973471	0.956706	0.992845
43430	-1574.059	-1625.217	51.15772	1	0.99663	1.00343	1.00622	1.00079	0.965343	0.976313	0.973471	0.956706	0.992845
43440	-1573.959	-1625.117	51.15772	1	0.99663	1.00343	1.00622	1.00079	0.965343	0.976313	0.973471	0.956706	0.992845
43450	-1574.325	-1625.483	51.15772	1	0.99663	1.00343	1.00622	1.00079	0.965343	0.976313	0.973471	0.956706	0.992845
43460	-1577.639	-1628.797	51.15772	1	0.99663	1.00343	1.00622	1.00079	0.965343	0.976313	0.973471	0.956706	0.992845
43470	-1574.194	-1625.352	51.15772	1	0.99663	1.00343	1.00622	1.00079	0.965343	0.976313	0.973471	0.956706	0.992845
43480	-1573.985	-1625.143	51.15772	1	0.99663	1.00343	1.00622	1.00079	0.965343	0.976313	0.973471	0.956706	0.992845
43490	-1573.971	-1625.128	51.15772	1	0.99663	1.00343	1.00622	1.00079	0.965343	0.976313	0.973471	0.956706	0.992845
43500	-1574.455	-1625.613	51.15772	1	0.99663	1.00343	1.00622	1.00079	0.965343	0.976313	0.973471	0.956706	0.992845
43510	-1573.91	-1625.068	51.15772	1	0.99663	1.00343	1.00622	1.00079	0.965343	0.976313	0.973471	0.956706	0.992845
43520	-1574.151	-1625.309	51.15772	1	0.99663	1.00343	1.00622	1.00079	0.965343	0.976313	0.973471	0.956706	0.992845
43530	-1574.464	-1625.621	51.15772	1	0.99663	1.00343	1.00622	1.00079	0.965343	0.976313	0.973471	0.956706	0.992845
43540	-1574.322	-1625.479	51.15772	1	0.99663	1.00343	1.00622	1.00079	0.965343	0.976313	0.973471	0.956706	0.992845
43550	-1574.084	-1625.242	51.15772	1	0.99663	1.00343	1.00622	1.00079	0.965343	0.976313	0.973471	0.956706	0.992845
43560	-1573.91	-1625.067	51.15772	1	0.99663	1.00343	1.00622	1.00079	0.965343	0.976313	0.973471	0.956706	0.992845
43570	-1573.911	-1625.069	51.15772	1	0.99663	1.00343	1.00622	1.00079	0.965343	0.976313	0.973471	0.956706	0.992845
43580	-1573.911	-1625.069	51.15772	1	0.99663	1.00343	1.00622	1.00079	0.965343	0.976313	0.973471	0.956706	0.992845
43590	-1574.204	-1625.362	51.15772	1	0.99663	1.00343	1.00622	1.00079	0.965343	0.976313	0.973471	0.956706	0.992845
43600	-1573.919	-1625.077	51.15772	1	0.99663	1.00343	1.00622	1.00079	0.965343	0.976313	0.973471	0.956706	0.992845
43610	-1575.198	-1626.356	51.15772	1	0.99663	1.00343	1.00622	1.00079	0.965343	0.976313	0.973471	0.956706	0.992845
43620	-1575.176	-1626.334	51.15772	1	0.99663	1.00343	1.00622	1.00079	0.965343	0.976313	0.973471	0.956706	0.992845
43630	-1574.155	-1625.313	51.15772	1	0.99663	1.00343	1.00622	1.00079	0.965343	0.976313	0.973471	0.956706	0.992845
43640	-1574.134	-1625.292	51.15772	1	0.99663	1.00343	1.00622	1.00079	0.965343	0.976313	0.973471	0.956706	0.992845
43650	-1574.102	-1625.26	51.15772	1	0.99663	1.00343	1.00622	1.00079	0.965343	0.976313	0.973471	0.956706	0.992845
43660	-1574.093	-1625.251	51.15772	1	0.99663	1.00343	1.00622	1.00079	0.965343	0.976313	0.973471	0.956706	0.992845
43670	-1573.924	-1625.082	51.15772	1	0.99663	1.00343	1.00622	1.00079	0.965343	0.976313	0.973471	0.956706	0.992845
43680	-1574.617	-1625.775	51.15772	1	0.99663	1.00343	1.00622	1.00079	0.965343	0.976313	0.973471	0.956706	0.992845
43690	-1574.075	-1625.233	51.15772	1	0.99663	1.00343	1.00622	1.00079	0.965343	0.976313	0.973471	0.956706	0.992845
43700	-1573.935	-1625.093	51.15772	1	0.99663	1.00343	1.00622	1.00079	0.965343	0.976313	0.973471	0.956706	0.992845
43710	-1574.211	-1625.369	51.15772	1	0.99663	1.00343	1.00622	1.00079	0.965343	0.976313	0.973471	0.956706	0.992845
43720	-1576.305	-1627.463	51.15772	1	0.99663	1.00343	1.00622	1.00079	0.965343	0.976313	0.973471	0.956706	0.992845
43730	-1575.103	-1626.261	51.15772	1	0.99663	1.00343	1.00622	1.00079	0.965343	0.976313	0.973471	0.956706	0.992845
43740	-1573.935	-1625.093	51.15772	1	0.99663	1.00343	1.00622	1.00079	0.965343	0.976313	0.973471	0.956706	0.992845
43750	-1574.053	-1625.211	51.15772	1	0.99663	1.00343	1.00622	1.00079	0.965343	0.976313	0.973471	0.956706	0.992845
43760	-1573.931	-1625.088	51.15772	1	0.99663	1.00343	1.00622	1.00079	0.965343	0.976313	0.973471	0.956706	0.992845
43770	-1574.325	-1625.483	51.15772	1	0.99663	1.00343	1.00622	1.00079	0.965343	0.976313	0.973471	0.956706	0.992845
43780	-1573.997	-1625.154	51.15772	1	0.99663	1.00343	1.00622	1.00079	0.965343	0.976313	0.973471	0.956706	0.992845
43790	-1574.013	-1625.17	51.15772	1	0.99663	1.00343	1.00622	1.00079	0.965343	0.976313	0.973471	0.956706	0.992845
43800	-1573.924	-1625.082	51.15772	1	0.99663	1.00343	1.00622	1.00079	0.965343	0.976313	0.973471	0.956706	0.992845
43810	-1575.021	-1626.179	51.15772	1	0.99663	1.00343	1.00622	1.00079	0.965343	0.976313	0.973471	0.956706	0.992845
43820	-1575.04	-1626.197	51.15772	1	0.99663	1.00343	1.00622	1.00079	0.965343	0.976313	0.973471	0.956706	0.992845
43830	-1573.916	-1625.074	51.15772	1	0.99663	1.00343	1.00622	1.00079	0.965343	0.976313	0.973471	0.956706	0.992845
43840	-1574.289	-1625.447	51.15772	1	0.99663	1.00343	1.00622	1.00079	0.965343	0.976313	0.973471	0.956706	0.992845
43850	-1573.925	-1625.083	51.15772	1	0.99663	1.00343	1.00622	1.00079	0.965343	0.976313	0.973471	0.956706	0.992845
43860	-1575.407	-1626.564	51.15772	1	0.99663	1.00343	1.00622	1.00079	0.965343	0.976313	0.973471	0.956706	0.992845
43870	-1574.217	-1625.374	51.15772	1	0.99663	1.00343	1.00622	1.00079	0.965343	0.976313	0.973471	0.956706	0.992845
43880	-1574.881	-1626.039	51.15772	1	0.99663	1.00343	1.00622	1.00079	0.965343	0.976313	0.973471	0.956706	0.992845
43890	-1573.91	-1625.068	51.15772	1	0.99663	1.00343	1.00622	1.00079	0.965343	0.976313	0.973471	0.956706	0.992845
43900	-1574.02	-1625.178	51.15772	1	0.99663	1.00343	1.00622	1.00079	0.965343	0.976313	0.973471	0.956706	0.992845
43910	-1574.907	-1626.065	51.15772	1	0.99663	1.00343	1.00622	1.00079	0.965343	0.976313	0.973471	0.956706	0.992845
43920	-1574.376	-1625.534	51.15772	1	0.99663	1.00343	1.00622	1.00079	0.965343	0.976313	0.973471	0.956706	0.992845
43930	-1574.562	-1625.719	51.15772	1	0.99663	1.00343	1.00622	1.00079	0.965343	0.976313	0.973471	0.956706	0.992845
43940	-1574.362	-1625.519	51.15772	1	0.99663	1.00343	1.00622	1.00079	0.965343	0.976313	0.973471	0.956706	0.992845
43950	-1574.979	-1626.136	51.15772	1	0.99663	1.00343	1.00622	1.00079	0.965343	0.976313	0.973471	0.956706	0.992845
43960	-1573.964	-1625.122	51.15772	1	0.99663	1.00343	1.00622	1.00079	0.965343	0.976313	0.973471	0.956706	0.992845
43970	-1573.911	-1625.069	51.15772	1	0.99663	1.00343	1.00622	1.00079	0.965343	0.976313	0.973471	0.956706	0.992845
43980	-1573.97	-1625.128	51.15772	1	0.99663	1.00343	1.00622	1.00079	0.965343	0.976313	0.973471	0.956706	0.992845
43990	-1573.919	-1625.077	51.15772	1	0.99663	1.00343	1.00622	1.00079	0.965343	0.976313	0.973471	0.956706	0.992845
44000	-1574.535	-1625.693	51.15772	1	0.99663	1.00343	1.00622	1.00079	0.965343	0.976313	0.973471	0.956706	0.992845
44010	-1574.329	-1625.487	51.15772	1	0.99663	1.00343	1.00622	1.00079	0.965343	0.976313	0.973471	0.956706	0.992845
44020	-1574.244	-1625.402	51.15772	1	0.99663	1.00343	1.00622	1.00079	0.965343	0.976313	0.973471	0.956706	0.992845
44030	-1573.912	-1625.07	51.15772	1	0.99663	1.00343	1.00622	1.00079	0.965343	0.976313	0.973471	0.956706	0.992845
44040	-1573.912	-1625.07	51.15772	1	0.99663	1.00343	1.00622	1.00079	0.965343	0.976313	0.973471	0.956706	0.992845
44050	-1573.92	-1625.077	51.15772	1	0.99663	1.00343	1.00622	1.00079	0.965343	0.976313	0.973471	0.956706	0.992845
44060	-1574.023	-1625.181	51.15772	1	0.99663	1.00343	1.00622	1.00079	0.965343	0.976313	0.973471	0.956706	0.992845
44070	-1573.923	-1625.081	51.15772	1	0.99663	1.00343	1.00622	1.00079	0.965343	0.976313	0.973471	0.956706	0.992845
44080	-1573.988	-1625.146	51.15772	1	0.99663	1.00343	1.00622	1.00079	0.965343	0.976313	0.973471	0.956706	0.992845
44090	-1574.204	-1625.362	51.15772	1	0.99663	1.00343	1.00622	1.00079	0.965343	0.976313	0.973471	0.956706	0.992845
44100	-1579.694	-1630.852	51.15772	1	0.99663	1.00343	1.00622	1.00079	0.965343	0.976313	0.973471	0.956706	0.992845
44110	-1573.933	-1625.091	51.15772	1	0.99663	1.00343	1.00622	1.00079	0.965343	0.976313	0.973471	0.956706	0.992845
44120	-1573.922	-1625.08	51.15772	1	0.99663	1.00343	1.00622	1.00079	0.965343	0.976313	0.973471	0.956706	0.992845
44130	-1575.025	-1626.182	51.15772	1	0.99663	1.00343	1.00622	1.00079	0.965343	0.976313	0.973471	0.956706	0.992845
44140	-1575.268	-1626.426	51.15772	1	0.99663	1.00343	1.00622	1.00079	0.965343	0.976313	0.973471	0.956706	0.992845
44150	-1573.919	-1625.077	51.15772	1	0.99663	1.00343	1.00622	1.00079	0.965343	0.976313	0.973471	0.956706	0.992845
44160	-1574.636	-1625.793	51.15772	1	0.99663	1.00343	1.00622	1.00079	0.965343	0.976313	0.973471	0.956706	0.992845
44170	-1574.318	-1625.475	51.15772	1	0.99663	1.00343	1.00622	1.00079	0.965343	0.976313	0.973471	0.956706	0.992845
44180	-1574.368	-1625.525	51.15772	1	0.99663	1.00343	1.00622	1.00079	0.965343	0.976313	0.973471	0.956706	0.992845
44190	-1576.329	-1627.487	51.15772	1	0.99663	1.00343	1.00622	1.00079	0.965343	0.976313	0.973471	0.956706	0.992845
44200	-1574.235	-1625.393	51.15772	1	0.99663	1.00343	1.00622	1.00079	0.965343	0.976313	0.973471	0.956706	0.992845
44210	-1574.864	-1626.022	51.15772	1	0.99663	1.00343	1.00622	1.00079	0.965343	0.976313	0.973471	0.956706	0.992845
44220	-1574.529	-1625.687	51.15772	1	0.99663	1.00343	1.00622	1.00079	0.965343	0.976313	0.973471	0.956706	0.992845
44230	-1574.148	-1625.306	51.15772	1	0.99663	1.00343	1.00622	1.00079	0.965343	0.976313	0.973471	0.956706	0.992845
44240	-1574.816	-1625.974	51.15772	1	0.99663	1.00343	1.00622	1.00079	0.965343	0.976313	0.973471	0.956706	0.992845
44250	-1574.202	-1625.359	51.15772	1	0.99663	1.00343	1.00622	1.00079	0.965343	0.976313	0.973471	0.956706	0.992845
44260	-1574.633	-1625.791	51.15772	1	0.99663	1.00343	1.00622	1.00079	0.965343	0.976313	0.973471	0.956706	0.992845
44270	-1574.172	-1625.329	51.15772	1	0.99663	1.00343	1.00622	1.00079	0.965343	0.976313	0.973471	0.956706	0.992845
44280	-1573.974	-1625.132	51.15772	1	0.99663	1.00343	1.00622	1.00079	0.965343	0.976313	0.973471	0.956706	0.992845
44290	-1573.955	-1625.112	51.15772	1	0.99663	1.00343	1.00622	1.00079	0.965343	0.976313	0.973471	0.956706	0.992845
44300	-1574.347	-1625.505	51.15772	1	0.99663	1.00343	1.00622	1.00079	0.965343	0.976313	0.973471	0.956706	0.992845
44310	-1573.925	-1625.083	51.15772	1	0.99663	1.00343	1.00622	1.00079	0.965343	0.976313	0.973471	0.956706	0.992845
44320	-1573.913	-1625.071	51.15772	1	0.99663	1.00343	1.00622	1.00079	0.965343	0.976313	0.973471	0.956706	0.992845
44330	-1575.543	-1626.701	51.15772	1	0.99663	1.00343	1.00622	1.00079	0.965343	0.976313	0.973471	0.956706	0.992845
44340	-1573.926	-1625.084	51.15772	1	0.99663	1.00343	1.00622	1.00079	0.965343	0.976313	0.973471	0.956706	0.992845
44350	-1574.582	-1625.739	51.15772	1	0.99663	1.00343	1.00622	1.00079	0.965343	0.976313	0.973471	0.956706	0.992845
44360	-1575.6	-1626.757	51.15772	1	0.99663	1.00343	1.00622	1.00079	0.965343	0.976313	0.973471	0.956706	0.992845
44370	-1573.909	-1625.067	51.15772	1	0.99663	1.00343	1.00622	1.00079	0.965343	0.976313	0.973471	0.956706	0.992845
44380	-1573.92	-1625.077	51.15772	1	0.99663	1.00343	1.00622	1.00079	0.965343	0.976313	0.973471	0.956706	0.992845
44390	-1574.084	-1625.242	51.15772	1	0.99663	1.00343	1.00622	1.00079	0.965343	0.976313	0.973471	0.956706	0.992845
44400	-1573.926	-1625.084	51.15772	1	0.99663	1.00343	1.00622	1.00079	0.965343	0.976313	0.973471	0.956706	0.992845
44410	-1576.061	-1627.218	51.15772	1	0.99663	1.00343	1.00622	1.00079	0.965343	0.976313	0.973471	0.956706	0.992845
44420	-1573.937	-1625.094	51.15772	1	0.99663	1.00343	1.00622	1.00079	0.965343	0.976313	0.973471	0.956706	0.992845
44430	-1573.924	-1625.082	51.15772	1	0.99663	1.00343	1.00622	1.00079	0.965343	0.976313	0.973471	0.956706	0.992845
44440	-1574.391	-1625.548	51.15772	1	0.99663	1.00343	1.00622	1.00079	0.965343	0.976313	0.973471	0.956706	0.992845
44450	-1574.017	-1625.174	51.15772	1	0.99663	1.00343	1.00622	1.00079	0.965343	0.976313	0.973471	0.956706	0.992845
44460	-1574.208	-1625.365	51.15772	1	0.99663	1.00343	1.00622	1.00079	0.965343	0.976313	0.973471	0.956706	0.992845
44470	-1574.032	-1625.19	51.15772	1	0.99663	1.00343	1.00622	1.00079	0.965343	0.976313	0.973471	0.956706	0.992845
44480	-1574.118	-1625.276	51.15772	1	0.99663	1.00343	1.00622	1.00079	0.965343	0.976313	0.973471	0.956706	0.992845
44490	-1575.854	-1627.011	51.15772	1	0.99663	1.00343	1.00622	1.00079	0.965343	0.976313	0.973471	0.956706	0.992845
44500	-1574.605	-1625.763	51.15772	1	0.99663	1.00343	1.00622	1.00079	0.965343	0.976313	0.973471	0.956706	0.992845
44510	-1573.909	-1625.067	51.15772	1	0.99663	1.00343	1.00622	1.00079	0.965343	0.976313	0.973471	0.956706	0.992845
44520	-1574.256	-1625.414	51.15772	1	0.99663	1.00343	1.00622	1.00079	0.965343	0.976313	0.973471	0.956706	0.992845
44530	-1574.463	-1625.621	51.15772	1	0.99663	1.00343	1.00622	1.00079	0.965343	0.976313	0.973471	0.956706	0.992845
44540	-1577.639	-1628.796	51.15772	1	0.99663	1.00343	1.00622	1.00079	0.965343	0.976313	0.973471	0.956706	0.992845
44550	-1574.536	-1625.693	51.15772	1	0.99663	1.00343	1.00622	1.00079	0.965343	0.976313	0.973471	0.956706	0.992845
44560	-1574.055	-1625.213	51.15772	1	0.99663	1.00343	1.00622	1.00079	0.965343	0.976313	0.973471	0.956706	0.992845
44570	-1573.952	-1625.11	51.15772	1	0.99663	1.00343	1.00622	1.00079	0.965343	0.976313	0.973471	0.956706	0.992845
44580	-1573.941	-1625.098	51.15772	1	0.99663	1.00343	1.00622	1.00079	0.965343	0.976313	0.973471	0.956706	0.992845
44590	-1573.932	-1625.09	51.15772	1	0.99663	1.00343	1.00622	1.00079	0.965343	0.976313	0.973471	0.956706	0.992845
44600	-1574.4	-1625.558	51.15772	1	0.99663	1.00343	1.00622	1.00079	0.965343	0.976313	0.973471	0.956706	0.992845
44610	-1574.635	-1625.792	51.15772	1	0.99663	1.00343	1.00622	1.00079	0.965343	0.976313	0.973471	0.956706	0.992845
44620	-1574.205	-1625.363	51.15772	1	0.99663	1.00343	1.00622	1.00079	0.965343	0.976313	0.973471	0.956706	0.992845
44630	-1573.934	-1625.092	51.15772	1	0.99663	1.00343	1.00622	1.00079	0.965343	0.976313	0.973471	0.956706	0.992845
44640	-1573.943	-1625.1	51.15772	1	0.99663	1.00343	1.00622	1.00079	0.965343	0.976313	0.973471	0.956706	0.992845
44650	-1573.937	-1625.095	51.15772	1	0.99663	1.00343	1.00622	1.00079	0.965343	0.976313	0.973471	0.956706	0.992845
44660	-1573.934	-1625.092	51.15772	1	0.99663	1.00343	1.00622	1.00079	0.965343	0.976313	0.973471	0.956706	0.992845
44670	-1573.911	-1625.068	51.15772	1	0.99663	1.00343	1.00622	1.00079	0.965343	0.976313	0.973471	0.956706	0.992845
44680	-1574.027	-1625.184	51.15772	1	0.99663	1.00343	1.00622	1.00079	0.965343	0.976313	0.973471	0.956706	0.992845
44690	-1573.944	-1625.102	51.15772	1	0.99663	1.00343	1.00622	1.00079	0.965343	0.976313	0.973471	0.956706	0.992845
44700	-1574.2	-1625.358	51.15772	1	0.99663	1.00343	1.00622	1.00079	0.965343	0.976313	0.973471	0.956706	0.992845
44710	-1573.993	-1625.151	51.15772	1	0.99663	1.00343	1.00622	1.00079	0.965343	0.976313	0.973471	0.956706	0.992845
44720	-1574.048	-1625.206	51.15772	1	0.99663	1.00343	1.00622	1.00079	0.965343	0.976313	0.973471	0.956706	0.992845
44730	-1575.896	-1627.054	51.15772	1	0.99663	1.00343	1.00622	1.00079	0.965343	0.976313	0.973471	0.956706	0.992845
44740	-1575.38	-1626.537	51.15772	1	0.99663	1.00343	1.00622	1.00079	0.965343	0.976313	0.973471	0.956706	0.992845
44750	-1573.955	-1625.112	51.15772	1	0.99663	1.00343	1.00622	1.00079	0.965343	0.976313	0.973471	0.956706	0.992845
44760	-1573.929	-1625.087	51.15772	1	0.99663	1.00343	1.00622	1.00079	0.965343	0.976313	0.973471	0.956706	0.992845
44770	-1574.128	-1625.285	51.15772	1	0.99663	1.00343	1.00622	1.00079	0.965343	0.976313	0.973471	0.956706	0.992845
44780	-1574.106	-1625.264	51.15772	1	0.99663	1.00343	1.00622	1.00079	0.965343	0.976313	0.973471	0.956706	0.992845
44790	-1574.891	-1626.048	51.15772	1	0.99663	1.00343	1.00622	1.00079	0.965343	0.976313	0.973471	0.956706	0.992845
44800	-1574.042	-1625.199	51.15772	1	0.99663	1.00343	1.00622	1.00079	0.965343	0.976313	0.973471	0.956706	0.992845
44810	-1576.826	-1627.984	51.15772	1	0.99663	1.00343	1.00622	1.00079	0.965343	0.976313	0.973471	0.956706	0.992845
44820	-1575.306	-1626.464	51.15772	1	0.99663	1.00343	1.00622	1.00079	0.965343	0.976313	0.973471	0.956706	0.992845
44830	-1575.081	-1626.239	51.15772	1	0.99663	1.00343	1.00622	1.00079	0.965343	0.976313	0.973471	0.956706	0.992845
44840	-1574.086	-1625.244	51.15772	1	0.99663	1.00343	1.00622	1.00079	0.965343	0.976313	0.973471	0.956706	0.992845
44850	-1574.041	-1625.199	51.15772	1	0.99663	1.00343	1.00622	1.00079	0.965343	0.976313	0.973471	0.956706	0.992845
44860	-1573.913	-1625.071	51.15772	1	0.99663	1.00343	1.00622	1.00079	0.965343	0.976313	0.973471	0.956706	0.992845
44870	-1574.955	-1626.113	51.15772	1	0.99663	1.00343	1.00622	1.00079	0.965343	0.976313	0.973471	0.956706	0.992845
44880	-1574.204	-1625.361	51.15772	1	0.99663	1.00343	1.00622	1.00079	0.965343	0.976313	0.973471	0.956706	0.992845
44890	-1573.912	-1625.07	51.15772	1	0.99663	1.00343	1.00622	1.00079	0.965343	0.976313	0.973471	0.956706	0.992845
44900	-1574.419	-1625.577	51.15772	1	0.99663	1.00343	1.00622	1.00079	0.965343	0.976313	0.973471	0.956706	0.992845
44910	-1573.911	-1625.068	51.15772	1	0.99663	1.00343	1.00622	1.00079	0.965343	0.976313	0.973471	0.956706	0.992845
44920	-1573.97	-1625.128	51.15772	1	0.99663	1.00343	1.00622	1.00079	0.965343	0.976313	0.973471	0.956706	0.992845
44930	-1573.972	-1625.129	51.15772	1	0.99663	1.00343	1.00622	1.00079	0.965343	0.976313	0.973471	0.956706	0.992845
44940	-1573.947	-1625.105	51.15772	1	0.99663	1.00343	1.00622	1.00079	0.965343	0.976313	0.973471	0.956706	0.992845
44950	-1574.61	-1625.768	51.15772	1	0.99663	1.00343	1.00622	1.00079	0.965343	0.976313	0.973471	0.956706	0.992845
44960	-1574.971	-1626.129	51.15772	1	0.99663	1.00343	1.00622	1.00079	0.965343	0.976313	0.973471	0.956706	0.992845
44970	-1574.31	-1625.468	51.15772	1	0.99663	1.00343	1.00622	1.00079	0.965343	0.976313	0.973471	0.956706	0.992845
44980	-1573.922	-1625.079	51.15772	1	0.99663	1.00343	1.00622	1.00079	0.965343	0.976313	0.973471	0.956706	0.992845
44990	-1573.921	-1625.079	51.15772	1	0.99663	1.00343	1.00622	1.00079	0.965343	0.976313	0.973471	0.956706	0.992845
45000	-1574.334	-1625.491	51.15772	1	0.99663	1.00343	1.00622	1.00079	0.965343	0.976313	0.973471	0.956706	0.992845
45010	-1576.021	-1627.179	51.15772	1	0.99663	1.00343	1.00622	1.00079	0.965343	0.976313	0.973471	0.956706	0.992845
45020	-1573.984	-1625.142	51.15772	1	0.99663	1.00343	1.00622	1.00079	0.965343	0.976313	0.973471	0.956706	0.992845
45030	-1573.911	-1625.068	51.15772	1	0.99663	1.00343	1.00622	1.00079	0.965343	0.976313	0.973471	0.956706	0.992845
45040	-1574.082	-1625.24	51.15772	1	0.99663	1.00343	1.00622	1.00079	0.965343	0.976313	0.973471	0.956706	0.992845
45050	-1574.41	-1625.568	51.15772	1	0.99663	1.00343	1.00622	1.00079	0.965343	0.976313	0.973471	0.956706	0.992845
45060	-1574.535	-1625.693	51.15772	1	0.99663	1.00343	1.00622	1.00079	0.965343	0.976313	0.973471	0.956706	0.992845
45070	-1574.013	-1625.171	51.15772	1	0.99663	1.00343	1.00622	1.00079	0.965343	0.976313	0.973471	0.956706	0.992845
45080	-1573.991	-1625.148	51.15772	1	0.99663	1.00343	1.00622	1.00079	0.965343	0.976313	0.973471	0.956706	0.992845
45090	-1573.974	-1625.131	51.15772	1	0.99663	1.00343	1.00622	1.00079	0.965343	0.976313	0.973471	0.956706	0.992845
45100	-1574.929	-1626.087	51.15772	1	0.99663	1.00343	1.00622	1.00079	0.965343	0.976313	0.973471	0.956706	0.992845
45110	-1574.421	-1625.579	51.15772	1	0.99663	1.00343	1.00622	1.00079	0.965343	0.976313	0.973471	0.956706	0.992845
45120	-1574.167	-1625.325	51.15772	1	0.99663	1.00343	1.00622	1.00079	0.965343	0.976313	0.973471	0.956706	0.992845
45130	-1574.026	-1625.184	51.15772	1	0.99663	1.00343	1.00622	1.00079	0.965343	0.976313	0.973471	0.956706	0.992845
45140	-1574.577	-1625.735	51.15772	1	0.99663	1.00343	1.00622	1.00079	0.965343	0.976313	0.973471	0.956706	0.992845
45150	-1574.194	-1625.351	51.15772	1	0.99663	1.00343	1.00622	1.00079	0.965343	0.976313	0.973471	0.956706	0.992845
45160	-1574.315	-1625.473	51.15772	1	0.99663	1.00343	1.00622	1.00079	0.965343	0.976313	0.973471	0.956706	0.992845
45170	-1573.947	-1625.105	51.15772	1	0.99663	1.00343	1.00622	1.00079	0.965343	0.976313	0.973471	0.956706	0.992845
45180	-1573.965	-1625.123	51.15772	1	0.99663	1.00343	1.00622	1.00079	0.965343	0.976313	0.973471	0.956706	0.992845
45190	-1574.761	-1625.919	51.15772	1	0.99663	1.00343	1.00622	1.00079	0.965343	0.976313	0.973471	0.956706	0.992845
45200	-1574.045	-1625.203	51.15772	1	0.99663	1.00343	1.00622	1.00079	0.965343	0.976313	0.973471	0.956706	0.992845
45210	-1575.683	-1626.841	51.15772	1	0.99663	1.00343	1.00622	1.00079	0.965343	0.976313	0.973471	0.956706	0.992845
45220	-1573.912	-1625.07	51.15772	1	0.99663	1.00343	1.00622	1.00079	0.965343	0.976313	0.973471	0.956706	0.992845
45230	-1574.169	-1625.326	51.15772	1	0.99663	1.00343	1.00622	1.00079	0.965343	0.976313	0.973471	0.956706	0.992845
45240	-1576.793	-1627.951	51.15772	1	0.99663	1.00343	1.00622	1.00079	0.965343	0.976313	0.973471	0.956706	0.992845
45250	-1575.726	-1626.884	51.15772	1	0.99663	1.00343	1.00622	1.00079	0.965343	0.976313	0.973471	0.956706	0.992845
45260	-1574.139	-1625.297	51.15772	1	0.99663	1.00343	1.00622	1.00079	0.965343	0.976313	0.973471	0.956706	0.992845
45270	-1573.968	-1625.126	51.15772	1	0.99663	1.00343	1.00622	1.00079	0.965343	0.976313	0.973471	0.956706	0.992845
45280	-1573.914	-1625.072	51.15772	1	0.99663	1.00343	1.00622	1.00079	0.965343	0.976313	0.973471	0.956706	0.992845
45290	-1574.185	-1625.343	51.15772	1	0.99663	1.00343	1.00622	1.00079	0.965343	0.976313	0.973471	0.956706	0.992845
45300	-1574.52	-1625.678	51.15772	1	0.99663	1.00343	1.00622	1.00079	0.965343	0.976313	0.973471	0.956706	0.992845
45310	-1573.91	-1625.068	51.15772	1	0.99663	1.00343	1.00622	1.00079	0.965343	0.976313	0.973471	0.956706	0.992845
45320	-1574.063	-1625.22	51.15772	1	0.99663	1.00343	1.00622	1.00079	0.965343	0.976313	0.973471	0.956706	0.992845
45330	-1573.983	-1625.141	51.15772	1	0.99663	1.00343	1.00622	1.00079	0.965343	0.976313	0.973471	0.956706	0.992845
45340	-1574.334	-1625.492	51.15772	1	0.99663	1.00343	1.00622	1.00079	0.965343	0.976313	0.973471	0.956706	0.992845
45350	-1573.91	-1625.068	51.15772	1	0.99663	1.00343	1.00622	1.00079	0.965343	0.976313	0.973471	0.956706	0.992845
45360	-1574.531	-1625.689	51.15772	1	0.99663	1.00343	1.00622	1.00079	0.965343	0.976313	0.973471	0.956706	0.992845
45370	-1575.3	-1626.458	51.15772	1	0.99663	1.00343	1.00622	1.00079	0.965343	0.976313	0.973471	0.956706	0.992845
45380	-1574.057	-1625.214	51.15772	1	0.99663	1.00343	1.00622	1.00079	0.965343	0.976313	0.973471	0.956706	0.992845
45390	-1574.32	-1625.477	51.15772	1	0.99663	1.00343	1.00622	1.00079	0.965343	0.976313	0.973471	0.956706	0.992845
45400	-1574.664	-1625.821	51.15772	1	0.99663	1.00343	1.00622	1.00079	0.965343	0.976313	0.973471	0.956706	0.992845
45410	-1575.071	-1626.229	51.15772	1	0.99663	1.00343	1.00622	1.00079	0.965343	0.976313	0.973471	0.956706	0.992845
45420	-1574.066	-1625.223	51.15772	1	0.99663	1.00343	1.00622	1.00079	0.965343	0.976313	0.973471	0.956706	0.992845
45430	-1574.237	-1625.394	51.15772	1	0.99663	1.00343	1.00622	1.00079	0.965343	0.976313	0.973471	0.956706	0.992845
45440	-1574.854	-1626.011	51.15772	1	0.99663	1.00343	1.00622	1.00079	0.965343	0.976313	0.973471	0.956706	0.992845
45450	-1573.91	-1625.068	51.15772	1	0.99663	1.00343	1.00622	1.00079	0.965343	0.976313	0.973471	0.956706	0.992845
45460	-1575.686	-1626.844	51.15772	1	0.99663	1.00343	1.00622	1.00079	0.965343	0.976313	0.973471	0.956706	0.992845
45470	-1574.253	-1625.411	51.15772	1	0.99663	1.00343	1.00622	1.00079	0.965343	0.976313	0.973471	0.956706	0.992845
45480	-1573.962	-1625.12	51.15772	1	0.99663	1.00343	1.00622	1.00079	0.965343	0.976313	0.973471	0.956706	0.992845
45490	-1575.965	-1627.123	51.15772	1	0.99663	1.00343	1.00622	1.00079	0.965343	0.976313	0.973471	0.956706	0.992845
45500	-1574.355	-1625.513	51.15772	1	0.99663	1.00343	1.00622	1.00079	0.965343	0.976313	0.973471	0.956706	0.992845
45510	-1574.985	-1626.143	51.15772	1	0.99663	1.00343	1.00622	1.00079	0.965343	0.976313	0.973471	0.956706	0.992845
45520	-1573.939	-1625.096	51.15772	1	0.99663	1.00343	1.00622	1.00079	0.965343	0.976313	0.973471	0.956706	0.992845
45530	-1574.555	-1625.712	51.15772	1	0.99663	1.00343	1.00622	1.00079	0.965343	0.976313	0.973471	0.956706	0.992845
45540	-1573.959	-1625.117	51.15772	1	0.99663	1.00343	1.00622	1.00079	0.965343	0.976313	0.973471	0.956706	0.992845
45550	-1574.324	-1625.481	51.15772	1	0.99663	1.00343	1.00622	1.00079	0.965343	0.976313	0.973471	0.956706	0.992845
45560	-1573.918	-1625.076	51.15772	1	0.99663	1.00343	1.00622	1.00079	0.965343	0.976313	0.973471	0.956706	0.992845
45570	-1574.564	-1625.721	51.15772	1	0.99663	1.00343	1.00622	1.00079	0.965343	0.976313	0.973471	0.956706	0.992845
45580	-1574.262	-1625.42	51.15772	1	0.99663	1.00343	1.00622	1.00079	0.965343	0.976313	0.973471	0.956706	0.992845
45590	-1577.513	-1628.671	51.15772	1	0.99663	1.00343	1.00622	1.00079	0.965343	0.976313	0.973471	0.956706	0.992845
45600	-1578.297	-1629.455	51.15772	1	0.99663	1.00343	1.00622	1.00079	0.965343	0.976313	0.973471	0.956706	0.992845
45610	-1574.618	-1625.776	51.15772	1	0.99663	1.00343	1.00622	1.00079	0.965343	0.976313	0.973471	0.956706	0.992845
45620	-1574.042	-1625.2	51.15772	1	0.99663	1.00343	1.00622	1.00079	0.965343	0.976313	0.973471	0.956706	0.992845
45630	-1574.23	-1625.388	51.15772	1	0.99663	1.00343	1.00622	1.00079	0.965343	0.976313	0.973471	0.956706	0.992845
45640	-1574.455	-1625.613	51.15772	1	0.99663	1.00343	1.00622	1.00079	0.965343	0.976313	0.973471	0.956706	0.992845
45650	-1576.862	-1628.02	51.15772	1	0.99663	1.00343	1.00622	1.00079	0.965343	0.976313	0.973471	0.956706	0.992845
45660	-1573.91	-1625.067	51.15772	1	0.99663	1.00343	1.00622	1.00079	0.965343	0.976313	0.973471	0.956706	0.992845
45670	-1574.858	-1626.016	51.15772	1	0.99663	1.00343	1.00622	1.00079	0.965343	0.976313	0.973471	0.956706	0.992845
45680	-1573.965	-1625.123	51.15772	1	0.99663	1.00343	1.00622	1.00079	0.965343	0.976313	0.973471	0.956706	0.992845
45690	-1575.299	-1626.457	51.15772	1	0.99663	1.00343	1.00622	1.00079	0.965343	0.976313	0.973471	0.956706	0.992845
45700	-1575.195	-1626.353	51.15772	1	0.99663	1.00343	1.00622	1.00079	0.965343	0.976313	0.973471	0.956706	0.992845
45710	-1573.927	-1625.085	51.15772	1	0.99663	1.00343	1.00622	1.00079	0.965343	0.976313	0.973471	0.956706	0.992845
45720	-1574.194	-1625.352	51.15772	1	0.99663	1.00343	1.00622	1.00079	0.965343	0.976313	0.973471	0.956706	0.992845
45730	-1574.139	-1625.297	51.15772	1	0.99663	1.00343	1.00622	1.00079	0.965343	0.976313	0.973471	0.956706	0.992845
45740	-1574.033	-1625.191	51.15772	1	0.99663	1.00343	1.00622	1.00079	0.965343	0.976313	0.973471	0.956706	0.992845
45750	-1576.479	-1627.637	51.15772	1	0.99663	1.00343	1.00622	1.00079	0.965343	0.976313	0.973471	0.956706	0.992845
45760	-1574.02	-1625.177	51.15772	1	0.99663	1.00343	1.00622	1.00079	0.965343	0.976313	0.973471	0.956706	0.992845
45770	-1574.227	-1625.384	51.15772	1	0.99663	1.00343	1.00622	1.00079	0.965343	0.976313	0.973471	0.956706	0.992845
45780	-1574.225	-1625.383	51.15772	1	0.99663	1.00343	1.00622	1.00079	0.965343	0.976313	0.973471	0.956706	0.992845
45790	-1574.704	-1625.862	51.15772	1	0.99663	1.00343	1.00622	1.00079	0.965343	0.976313	0.973471	0.956706	0.992845
45800	-1575.746	-1626.904	51.15772	1	0.99663	1.00343	1.00622	1.00079	0.965343	0.976313	0.973471	0.956706	0.992845
45810	-1574.224	-1625.382	51.15772	1	0.99663	1.00343	1.00622	1.00079	0.965343	0.976313	0.973471	0.956706	0.992845
45820	-1574.944	-1626.101	51.15772	1	0.99663	1.00343	1.00622	1.00079	0.965343	0.976313	0.973471	0.956706	0.992845
45830	-1573.952	-1625.11	51.15772	1	0.99663	1.00343	1.00622	1.00079	0.965343	0.976313	0.973471	0.956706	0.992845
45840	-1573.936	-1625.094	51.15772	1	0.99663	1.00343	1.00622	1.00079	0.965343	0.976313	0.973471	0.956706	0.992845
45850	-1573.921	-1625.078	51.15772	1	0.99663	1.00343	1.00622	1.00079	0.965343	0.976313	0.973471	0.956706	0.992845
45860	-1574.189	-1625.347	51.15772	1	0.99663	1.00343	1.00622	1.00079	0.965343	0.976313	0.973471	0.956706	0.992845
45870	-1575.241	-1626.399	51.15772	1	0.99663	1.00343	1.00622	1.00079	0.965343	0.976313	0.973471	0.956706	0.992845
45880	-1575.09	-1626.248	51.15772	1	0.99663	1.00343	1.00622	1.00079	0.965343	0.976313	0.973471	0.956706	0.992845
45890	-1573.966	-1625.124	51.15772	1	0.99663	1.00343	1.00622	1.00079	0.965343	0.976313	0.973471	0.956706	0.992845
45900	-1574.38	-1625.538	51.15772	1	0.99663	1.00343	1.00622	1.00079	0.965343	0.976313	0.973471	0.956706	0.992845
45910	-1574.022	-1625.18	51.15772	1	0.99663	1.00343	1.00622	1.00079	0.965343	0.976313	0.973471	0.956706	0.992845
45920	-1573.912	-1625.07	51.15772	1	0.99663	1.00343	1.00622	1.00079	0.965343	0.976313	0.973471	0.956706	0.992845
45930	-1574.028	-1625.186	51.15772	1	0.99663	1.00343	1.00622	1.00079	0.965343	0.976313	0.973471	0.956706	0.992845
45940	-1574.391	-1625.549	51.15772	1	0.99663	1.00343	1.00622	1.00079	0.965343	0.976313	0.973471	0.956706	0.992845
45950	-1574.253	-1625.411	51.15772	1	0.99663	1.00343	1.00622	1.00079	0.965343	0.976313	0.973471	0.956706	0.992845
45960	-1573.94	-1625.098	51.15772	1	0.99663	1.00343	1.00622	1.00079	0.965343	0.976313	0.973471	0.956706	0.992845
45970	-1574.772	-1625.93	51.15772	1	0.99663	1.00343	1.00622	1.00079	0.965343	0.976313	0.973471	0.956706	0.992845
45980	-1573.955	-1625.112	51.15772	1	0.99663	1.00343	1.00622	1.00079	0.965343	0.976313	0.973471	0.956706	0.992845
45990	-1573.91	-1625.068	51.15772	1	0.99663	1.00343	1.00622	1.00079	0.965343	0.976313	0.973471	0.956706	0.992845
46000	-1574.022	-1625.179	51.15772	1	0.99663	1.00343	1.00622	1.00079	0.965343	0.976313	0.973471	0.956706	0.992845
46010	-1574.509	-1625.667	51.15772	1	0.99663	1.00343	1.00622	1.00079	0.965343	0.976313	0.973471	0.956706	0.992845
46020	-1573.947	-1625.105	51.15772	1	0.99663	1.00343	1.00622	1.00079	0.965343	0.976313	0.973471	0.956706	0.992845
46030	-1573.928	-1625.086	51.15772	1	0.99663	1.00343	1.00622	1.00079	0.965343	0.976313	0.973471	0.956706	0.992845
46040	-1573.91	-1625.068	51.15772	1	0.99663	1.00343	1.00622	1.00079	0.965343	0.976313	0.973471	0.956706	0.992845
46050	-1573.989	-1625.147	51.15772	1	0.99663	1.00343	1.00622	1.00079	0.965343	0.976313	0.973471	0.956706	0.992845
46060	-1573.909	-1625.067	51.15772	1	0.99663	1.00343	1.00622	1.00079	0.965343	0.976313	0.973471	0.956706	0.992845
46070	-1574.021	-1625.179	51.15772	1	0.99663	1.00343	1.00622	1.00079	0.965343	0.976313	0.973471	0.956706	0.992845
46080	-1574.208	-1625.366	51.15772	1	0.99663	1.00343	1.00622	1.00079	0.965343	0.976313	0.973471	0.956706	0.992845
46090	-1574.328	-1625.485	51.15772	1	0.99663	1.00343	1.00622	1.00079	0.965343	0.976313	0.973471	0.956706	0.992845
46100	-1573.96	-1625.118	51.15772	1	0.99663	1.00343	1.00622	1.00079	0.965343	0.976313	0.973471	0.956706	0.992845
46110	-1573.943	-1625.101	51.15772	1	0.99663	1.00343	1.00622	1.00079	0.965343	0.976313	0.973471	0.956706	0.992845
46120	-1576.379	-1627.537	51.15772	1	0.99663	1.00343	1.00622	1.00079	0.965343	0.976313	0.973471	0.956706	0.992845
46130	-1574.06	-1625.217	51.15772	1	0.99663	1.00343	1.00622	1.00079	0.965343	0.976313	0.973471	0.956706	0.992845
46140	-1573.931	-1625.089	51.15772	1	0.99663	1.00343	1.00622	1.00079	0.965343	0.976313	0.973471	0.956706	0.992845
46150	-1574.101	-1625.259	51.15772	1	0.99663	1.00343	1.00622	1.00079	0.965343	0.976313	0.973471	0.956706	0.992845
46160	-1574.124	-1625.282	51.15772	1	0.99663	1.00343	1.00622	1.00079	0.965343	0.976313	0.973471	0.956706	0.992845
46170	-1573.971	-1625.128	51.15772	1	0.99663	1.00343	1.00622	1.00079	0.965343	0.976313	0.973471	0.956706	0.992845
46180	-1574.104	-1625.261	51.15772	1	0.99663	1.00343	1.00622	1.00079	0.965343	0.976313	0.973471	0.956706	0.992845
46190	-1574.553	-1625.711	51.15772	1	0.99663	1.00343	1.00622	1.00079	0.965343	0.976313	0.973471	0.956706	0.992845
46200	-1574.051	-1625.208	51.15772	1	0.99663	1.00343	1.00622	1.00079	0.965343	0.976313	0.973471	0.956706	0.992845
46210	-1573.909	-1625.067	51.15772	1	0.99663	1.00343	1.00622	1.00079	0.965343	0.976313	0.973471	0.956706	0.992845
46220	-1574.944	-1626.102	51.15772	1	0.99663	1.00343	1.00622	1.00079	0.965343	0.976313	0.973471	0.956706	0.992845
46230	-1573.989	-1625.146	51.15772	1	0.99663	1.00343	1.00622	1.00079	0.965343	0.976313	0.973471	0.956706	0.992845
46240	-1574.047	-1625.204	51.15772	1	0.99663	1.00343	1.00622	1.00079	0.965343	0.976313	0.973471	0.956706	0.992845
46250	-1575.486	-1626.644	51.15772	1	0.99663	1.00343	1.00622	1.00079	0.965343	0.976313	0.973471	0.956706	0.992845
46260	-1573.911	-1625.068	51.15772	1	0.99663	1.00343	1.00622	1.00079	0.965343	0.976313	0.973471	0.956706	0.992845
46270	-1574.471	-1625.629	51.15772	1	0.99663	1.00343	1.00622	1.00079	0.965343	0.976313	0.973471	0.956706	0.992845
46280	-1574.396	-1625.554	51.15772	1	0.99663	1.00343	1.00622	1.00079	0.965343	0.976313	0.973471	0.956706	0.992845
46290	-1574.436	-1625.594	51.15772	1	0.99663	1.00343	1.00622	1.00079	0.965343	0.976313	0.973471	0.956706	0.992845
46300	-1575.023	-1626.181	51.15772	1	0.99663	1.00343	1.00622	1.00079	0.965343	0.976313	0.973471	0.956706	0.992845
46310	-1576.198	-1627.356	51.15772	1	0.99663	1.00343	1.00622	1.00079	0.965343	0.976313	0.973471	0.956706	0.992845
46320	-1574.168	-1625.326	51.15772	1	0.99663	1.00343	1.00622	1.00079	0.965343	0.976313	0.973471	0.956706	0.992845
46330	-1574.055	-1625.213	51.15772	1	0.99663	1.00343	1.00622	1.00079	0.965343	0.976313	0.973471	0.956706	0.992845
46340	-1573.946	-1625.103	51.15772	1	0.99663	1.00343	1.00622	1.00079	0.965343	0.976313	0.973471	0.956706	0.992845
46350	-1573.96	-1625.118	51.15772	1	0.99663	1.00343	1.00622	1.00079	0.965343	0.976313	0.973471	0.956706	0.992845
46360	-1575.201	-1626.358	51.15772	1	0.99663	1.00343	1.00622	1.00079	0.965343	0.976313	0.973471	0.956706	0.992845
46370	-1573.939	-1625.097	51.15772	1	0.99663	1.00343	1.00622	1.00079	0.965343	0.976313	0.973471	0.956706	0.992845
46380	-1574.4	-1625.557	51.15772	1	0.99663	1.00343	1.00622	1.00079	0.965343	0.976313	0.973471	0.956706	0.992845
46390	-1574.261	-1625.419	51.15772	1	0.99663	1.00343	1.00622	1.00079	0.965343	0.976313	0.973471	0.956706	0.992845
46400	-1573.944	-1625.101	51.15772	1	0.99663	1.00343	1.00622	1.00079	0.965343	0.976313	0.973471	0.956706	0.992845
46410	-1574.339	-1625.496	51.15772	1	0.99663	1.00343	1.00622	1.00079	0.965343	0.976313	0.973471	0.956706	0.992845
46420	-1574.241	-1625.399	51.15772	1	0.99663	1.00343	1.00622	1.00079	0.965343	0.976313	0.973471	0.956706	0.992845
46430	-1574.042	-1625.2	51.15772	1	0.99663	1.00343	1.00622	1.00079	0.965343	0.976313	0.973471	0.956706	0.992845
46440	-1574.378	-1625.536	51.15772	1	0.99663	1.00343	1.00622	1.00079	0.965343	0.976313	0.973471	0.956706	0.992845
46450	-1574.67	-1625.828	51.15772	1	0.99663	1.00343	1.00622	1.00079	0.965343	0.976313	0.973471	0.956706	0.992845
46460	-1574.4	-1625.557	51.15772	1	0.99663	1.00343	1.00622	1.00079	0.965343	0.976313	0.973471	0.956706	0.992845
46470	-1574.564	-1625.722	51.15772	1	0.99663	1.00343	1.00622	1.00079	0.965343	0.976313	0.973471	0.956706	0.992845
46480	-1574.633	-1625.791	51.15772	1	0.99663	1.00343	1.00622	1.00079	0.965343	0.976313	0.973471	0.956706	0.992845
46490	-1573.918	-1625.076	51.15772	1	0.99663	1.00343	1.00622	1.00079	0.965343	0.976313	0.973471	0.956706	0.992845
46500	-1574.047	-1625.205	51.15772	1	0.99663	1.00343	1.00622	1.00079	0.965343	0.976313	0.973471	0.956706	0.992845
46510	-1574.432	-1625.59	51.15772	1	0.99663	1.00343	1.00622	1.00079	0.965343	0.976313	0.973471	0.956706	0.992845
46520	-1575.422	-1626.58	51.15772	1	0.99663	1.00343	1.00622	1.00079	0.965343	0.976313	0.973471	0.956706	0.992845
46530	-1573.932	-1625.09	51.15772	1	0.99663	1.00343	1.00622	1.00079	0.965343	0.976313	0.973471	0.956706	0.992845
46540	-1574.403	-1625.561	51.15772	1	0.99663	1.00343	1.00622	1.00079	0.965343	0.976313	0.973471	0.956706	0.992845
46550	-1573.911	-1625.068	51.15772	1	0.99663	1.00343	1.00622	1.00079	0.965343	0.976313	0.973471	0.956706	0.992845
46560	-1575.356	-1626.514	51.15772	1	0.99663	1.00343	1.00622	1.00079	0.965343	0.976313	0.973471	0.956706	0.992845
46570	-1574	-1625.157	51.15772	1	0.99663	1.00343	1.00622	1.00079	0.965343	0.976313	0.973471	0.956706	0.992845
46580	-1575.148	-1626.306	51.15772	1	0.99663	1.00343	1.00622	1.00079	0.965343	0.976313	0.973471	0.956706	0.992845
46590	-1574.119	-1625.277	51.15772	1	0.99663	1.00343	1.00622	1.00079	0.965343	0.976313	0.973471	0.956706	0.992845
46600	-1574.99	-1626.148	51.15772	1	0.99663	1.00343	1.00622	1.00079	0.965343	0.976313	0.973471	0.956706	0.992845
46610	-1575.059	-1626.217	51.15772	1	0.99663	1.00343	1.00622	1.00079	0.965343	0.976313	0.973471	0.956706	0.992845
46620	-1574.35	-1625.507	51.15772	1	0.99663	1.00343	1.00622	1.00079	0.965343	0.976313	0.973471	0.956706	0.992845
46630	-1574.074	-1625.231	51.15772	1	0.99663	1.00343	1.00622	1.00079	0.965343	0.976313	0.973471	0.956706	0.992845
46640	-1573.916	-1625.074	51.15772	1	0.99663	1.00343	1.00622	1.00079	0.965343	0.976313	0.973471	0.956706	0.992845
46650	-1573.91	-1625.067	51.15772	1	0.99663	1.00343	1.00622	1.00079	0.965343	0.976313	0.973471	0.956706	0.992845
46660	-1573.942	-1625.099	51.15772	1	0.99663	1.00343	1.00622	1.00079	0.965343	0.976313	0.973471	0.956706	0.992845
46670	-1573.946	-1625.104	51.15772	1	0.99663	1.00343	1.00622	1.00079	0.965343	0.976313	0.973471	0.956706	0.992845
46680	-1574.485	-1625.642	51.15772	1	0.99663	1.00343	1.00622	1.00079	0.965343	0.976313	0.973471	0.956706	0.992845
46690	-1573.91	-1625.068	51.15772	1	0.99663	1.00343	1.00622	1.00079	0.965343	0.976313	0.973471	0.956706	0.992845
46700	-1574.411	-1625.569	51.15772	1	0.99663	1.00343	1.00622	1.00079	0.965343	0.976313	0.973471	0.956706	0.992845
46710	-1574.112	-1625.269	51.15772	1	0.99663	1.00343	1.00622	1.00079	0.965343	0.976313	0.973471	0.956706	0.992845
46720	-1575.343	-1626.501	51.15772	1	0.99663	1.00343	1.00622	1.00079	0.965343	0.976313	0.973471	0.956706	0.992845
46730	-1575.133	-1626.291	51.15772	1	0.99663	1.00343	1.00622	1.00079	0.965343	0.976313	0.973471	0.956706	0.992845
46740	-1574.999	-1626.156	51.15772	1	0.99663	1.00343	1.00622	1.00079	0.965343	0.976313	0.973471	0.956706	0.992845
46750	-1574	-1625.158	51.15772	1	0.99663	1.00343	1.00622	1.00079	0.965343	0.976313	0.973471	0.956706	0.992845
46760	-1573.998	-1625.156	51.15772	1	0.99663	1.00343	1.00622	1.00079	0.965343	0.976313	0.973471	0.956706	0.992845
46770	-1575.058	-1626.215	51.15772	1	0.99663	1.00343	1.00622	1.00079	0.965343	0.976313	0.973471	0.956706	0.992845
46780	-1574.075	-1625.233	51.15772	1	0.99663	1.00343	1.00622	1.00079	0.965343	0.976313	0.973471	0.956706	0.992845
46790	-1574.029	-1625.187	51.15772	1	0.99663	1.00343	1.00622	1.00079	0.965343	0.976313	0.973471	0.956706	0.992845
46800	-1574.223	-1625.38	51.15772	1	0.99663	1.00343	1.00622	1.00079	0.965343	0.976313	0.973471	0.956706	0.992845
46810	-1574.393	-1625.55	51.15772	1	0.99663	1.00343	1.00622	1.00079	0.965343	0.976313	0.973471	0.956706	0.992845
46820	-1574.311	-1625.469	51.15772	1	0.99663	1.00343	1.00622	1.00079	0.965343	0.976313	0.973471	0.956706	0.992845
46830	-1574.492	-1625.65	51.15772	1	0.99663	1.00343	1.00622	1.00079	0.965343	0.976313	0.973471	0.956706	0.992845
46840	-1574.31	-1625.468	51.15772	1	0.99663	1.00343	1.00622	1.00079	0.965343	0.976313	0.973471	0.956706	0.992845
46850	-1574.625	-1625.783	51.15772	1	0.99663	1.00343	1.00622	1.00079	0.965343	0.976313	0.973471	0.956706	0.992845
46860	-1573.913	-1625.071	51.15772	1	0.99663	1.00343	1.00622	1.00079	0.965343	0.976313	0.973471	0.956706	0.992845
46870	-1574.87	-1626.028	51.15772	1	0.99663	1.00343	1.00622	1.00079	0.965343	0.976313	0.973471	0.956706	0.992845
46880	-1574.271	-1625.429	51.15772	1	0.99663	1.00343	1.00622	1.00079	0.965343	0.976313	0.973471	0.956706	0.992845
46890	-1573.97	-1625.128	51.15772	1	0.99663	1.00343	1.00622	1.00079	0.965343	0.976313	0.973471	0.956706	0.992845
46900	-1573.913	-1625.071	51.15772	1	0.99663	1.00343	1.00622	1.00079	0.965343	0.976313	0.973471	0.956706	0.992845
46910	-1573.945	-1625.102	51.15772	1	0.99663	1.00343	1.00622	1.00079	0.965343	0.976313	0.973471	0.956706	0.992845
46920	-1574.041	-1625.198	51.15772	1	0.99663	1.00343	1.00622	1.00079	0.965343	0.976313	0.973471	0.956706	0.992845
46930	-1574.034	-1625.192	51.15772	1	0.99663	1.00343	1.00622	1.00079	0.965343	0.976313	0.973471	0.956706	0.992845
46940	-1574.32	-1625.478	51.15772	1	0.99663	1.00343	1.00622	1.00079	0.965343	0.976313	0.973471	0.956706	0.992845
46950	-1573.976	-1625.134	51.15772	1	0.99663	1.00343	1.00622	1.00079	0.965343	0.976313	0.973471	0.956706	0.992845
46960	-1573.909	-1625.067	51.15772	1	0.99663	1.00343	1.00622	1.00079	0.965343	0.976313	0.973471	0.956706	0.992845
46970	-1574.467	-1625.625	51.15772	1	0.99663	1.00343	1.00622	1.00079	0.965343	0.976313	0.973471	0.956706	0.992845
46980	-1573.913	-1625.071	51.15772	1	0.99663	1.00343	1.00622	1.00079	0.965343	0.976313	0.973471	0.956706	0.992845
46990	-1575.139	-1626.297	51.15772	1	0.99663	1.00343	1.00622	1.00079	0.965343	0.976313	0.973471	0.956706	0.992845
47000	-1575.901	-1627.059	51.15772	1	0.99663	1.00343	1.00622	1.00079	0.965343	0.976313	0.973471	0.956706	0.992845
47010	-1575.015	-1626.173	51.15772	1	0.99663	1.00343	1.00622	1.00079	0.965343	0.976313	0.973471	0.956706	0.992845
47020	-1573.911	-1625.069	51.15772	1	0.99663	1.00343	1.00622	1.00079	0.965343	0.976313	0.973471	0.956706	0.992845
47030	-1575.228	-1626.386	51.15772	1	0.99663	1.00343	1.00622	1.00079	0.965343	0.976313	0.973471	0.956706	0.992845
47040	-1574.448	-1625.606	51.15772	1	0.99663	1.00343	1.00622	1.00079	0.965343	0.976313	0.973471	0.956706	0.992845
47050	-1575.773	-1626.93	51.15772	1	0.99663	1.00343	1.00622	1.00079	0.965343	0.976313	0.973471	0.956706	0.992845
47060	-1574.982	-1626.14	51.15772	1	0.99663	1.00343	1.00622	1.00079	0.965343	0.976313	0.973471	0.956706	0.992845
47070	-1573.916	-1625.073	51.15772	1	0.99663	1.00343	1.00622	1.00079	0.965343	0.976313	0.973471	0.956706	0.992845
47080	-1574.759	-1625.917	51.15772	1	0.99663	1.00343	1.00622	1.00079	0.965343	0.976313	0.973471	0.956706	0.992845
47090	-1574.152	-1625.31	51.15772	1	0.99663	1.00343	1.00622	1.00079	0.965343	0.976313	0.973471	0.956706	0.992845
47100	-1573.911	-1625.069	51.15772	1	0.99663	1.00343	1.00622	1.00079	0.965343	0.976313	0.973471	0.956706	0.992845
47110	-1574.37	-1625.528	51.15772	1	0.99663	1.00343	1.00622	1.00079	0.965343	0.976313	0.973471	0.956706	0.992845
47120	-1574.019	-1625.177	51.15772	1	0.99663	1.00343	1.00622	1.00079	0.965343	0.976313	0.973471	0.956706	0.992845
47130	-1576.908	-1628.066	51.15772	1	0.99663	1.00343	1.00622	1.00079	0.965343	0.976313	0.973471	0.956706	0.992845
47140	-1574.916	-1626.074	51.15772	1	0.99663	1.00343	1.00622	1.00079	0.965343	0.976313	0.973471	0.956706	0.992845
47150	-1574.046	-1625.204	51.15772	1	0.99663	1.00343	1.00622	1.00079	0.965343	0.976313	0.973471	0.956706	0.992845
47160	-1573.923	-1625.081	51.15772	1	0.99663	1.00343	1.00622	1.00079	0.965343	0.976313	0.973471	0.956706	0.992845
47170	-1573.989	-1625.147	51.15772	1	0.99663	1.00343	1.00622	1.00079	0.965343	0.976313	0.973471	0.956706	0.992845
47180	-1573.959	-1625.117	51.15772	1	0.99663	1.00343	1.00622	1.00079	0.965343	0.976313	0.973471	0.956706	0.992845
47190	-1575.161	-1626.319	51.15772	1	0.99663	1.00343	1.00622	1.00079	0.965343	0.976313	0.973471	0.956706	0.992845
47200	-1574.093	-1625.251	51.15772	1	0.99663	1.00343	1.00622	1.00079	0.965343	0.976313	0.973471	0.956706	0.992845
47210	-1574.182	-1625.34	51.15772	1	0.99663	1.00343	1.00622	1.00079	0.965343	0.976313	0.973471	0.956706	0.992845
47220	-1575.22	-1626.377	51.15772	1	0.99663	1.00343	1.00622	1.00079	0.965343	0.976313	0.973471	0.956706	0.992845
47230	-1574.27	-1625.428	51.15772	1	0.99663	1.00343	1.00622	1.00079	0.965343	0.976313	0.973471	0.956706	0.992845
47240	-1574.29	-1625.448	51.15772	1	0.99663	1.00343	1.00622	1.00079	0.965343	0.976313	0.973471	0.956706	0.992845
47250	-1575.551	-1626.709	51.15772	1	0.99663	1.00343	1.00622	1.00079	0.965343	0.976313	0.973471	0.956706	0.992845
47260	-1574.259	-1625.417	51.15772	1	0.99663	1.00343	1.00622	1.00079	0.965343	0.976313	0.973471	0.956706	0.992845
47270	-1575.089	-1626.247	51.15772	1	0.99663	1.00343	1.00622	1.00079	0.965343	0.976313	0.973471	0.956706	0.992845
47280	-1574.411	-1625.569	51.15772	1	0.99663	1.00343	1.00622	1.00079	0.965343	0.976313	0.973471	0.956706	0.992845
47290	-1574.077	-1625.235	51.15772	1	0.99663	1.00343	1.00622	1.00079	0.965343	0.976313	0.973471	0.956706	0.992845
47300	-1574.143	-1625.301	51.15772	1	0.99663	1.00343	1.00622	1.00079	0.965343	0.976313	0.973471	0.956706	0.992845
47310	-1574.627	-1625.785	51.15772	1	0.99663	1.00343	1.00622	1.00079	0.965343	0.976313	0.973471	0.956706	0.992845
47320	-1574.105	-1625.263	51.15772	1	0.99663	1.00343	1.00622	1.00079	0.965343	0.976313	0.973471	0.956706	0.992845
47330	-1574.242	-1625.4	51.15772	1	0.99663	1.00343	1.00622	1.00079	0.965343	0.976313	0.973471	0.956706	0.992845
47340	-1574.168	-1625.326	51.15772	1	0.99663	1.00343	1.00622	1.00079	0.965343	0.976313	0.973471	0.956706	0.992845
47350	-1574.483	-1625.641	51.15772	1	0.99663	1.00343	1.00622	1.00079	0.965343	0.976313	0.973471	0.956706	0.992845
47360	-1573.952	-1625.11	51.15772	1	0.99663	1.00343	1.00622	1.00079	0.965343	0.976313	0.973471	0.956706	0.992845
47370	-1574.485	-1625.643	51.15772	1	0.99663	1.00343	1.00622	1.00079	0.965343	0.976313	0.973471	0.956706	0.992845
47380	-1573.988	-1625.146	51.15772	1	0.99663	1.00343	1.00622	1.00079	0.965343	0.976313	0.973471	0.956706	0.992845
47390	-1573.911	-1625.068	51.15772	1	0.99663	1.00343	1.00622	1.00079	0.965343	0.976313	0.973471	0.956706	0.992845
47400	-1574.145	-1625.302	51.15772	1	0.99663	1.00343	1.00622	1.00079	0.965343	0.976313	0.973471	0.956706	0.992845
47410	-1573.935	-1625.093	51.15772	1	0.99663	1.00343	1.00622	1.00079	0.965343	0.976313	0.973471	0.956706	0.992845
47420	-1575.538	-1626.696	51.15772	1	0.99663	1.00343	1.00622	1.00079	0.965343	0.976313	0.973471	0.956706	0.992845
47430	-1574.112	-1625.27	51.15772	1	0.99663	1.00343	1.00622	1.00079	0.965343	0.976313	0.973471	0.956706	0.992845
47440	-1575.373	-1626.531	51.15772	1	0.99663	1.00343	1.00622	1.00079	0.965343	0.976313	0.973471	0.956706	0.992845
47450	-1574.577	-1625.735	51.15772	1	0.99663	1.00343	1.00622	1.00079	0.965343	0.976313	0.973471	0.956706	0.992845
47460	-1574.42	-1625.577	51.15772	1	0.99663	1.00343	1.00622	1.00079	0.965343	0.976313	0.973471	0.956706	0.992845
47470	-1573.975	-1625.132	51.15772	1	0.99663	1.00343	1.00622	1.00079	0.965343	0.976313	0.973471	0.956706	0.992845
47480	-1573.927	-1625.085	51.15772	1	0.99663	1.00343	1.00622	1.00079	0.965343	0.976313	0.973471	0.956706	0.992845
47490	-1577.279	-1628.436	51.15772	1	0.99663	1.00343	1.00622	1.00079	0.965343	0.976313	0.973471	0.956706	0.992845
47500	-1574.061	-1625.218	51.15772	1	0.99663	1.00343	1.00622	1.00079	0.965343	0.976313	0.973471	0.956706	0.992845
47510	-1574.08	-1625.238	51.15772	1	0.99663	1.00343	1.00622	1.00079	0.965343	0.976313	0.973471	0.956706	0.992845
47520	-1573.984	-1625.141	51.15772	1	0.99663	1.00343	1.00622	1.00079	0.965343	0.976313	0.973471	0.956706	0.992845
47530	-1573.954	-1625.112	51.15772	1	0.99663	1.00343	1.00622	1.00079	0.965343	0.976313	0.973471	0.956706	0.992845
47540	-1574.049	-1625.207	51.15772	1	0.99663	1.00343	1.00622	1.00079	0.965343	0.976313	0.973471	0.956706	0.992845
47550	-1574.422	-1625.58	51.15772	1	0.99663	1.00343	1.00622	1.00079	0.965343	0.976313	0.973471	0.956706	0.992845
47560	-1574.27	-1625.428	51.15772	1	0.99663	1.00343	1.00622	1.00079	0.965343	0.976313	0.973471	0.956706	0.992845
47570	-1574.106	-1625.263	51.15772	1	0.99663	1.00343	1.00622	1.00079	0.965343	0.976313	0.973471	0.956706	0.992845
47580	-1574.75	-1625.908	51.15772	1	0.99663	1.00343	1.00622	1.00079	0.965343	0.976313	0.973471	0.956706	0.992845
47590	-1573.913	-1625.071	51.15772	1	0.99663	1.00343	1.00622	1.00079	0.965343	0.976313	0.973471	0.956706	0.992845
47600	-1574.874	-1626.032	51.15772	1	0.99663	1.00343	1.00622	1.00079	0.965343	0.976313	0.973471	0.956706	0.992845
47610	-1573.925	-1625.083	51.15772	1	0.99663	1.00343	1.00622	1.00079	0.965343	0.976313	0.973471	0.956706	0.992845
47620	-1574.828	-1625.986	51.15772	1	0.99663	1.00343	1.00622	1.00079	0.965343	0.976313	0.973471	0.956706	0.992845
47630	-1573.916	-1625.074	51.15772	1	0.99663	1.00343	1.00622	1.00079	0.965343	0.976313	0.973471	0.956706	0.992845
47640	-1573.969	-1625.127	51.15772	1	0.99663	1.00343	1.00622	1.00079	0.965343	0.976313	0.973471	0.956706	0.992845
47650	-1574.219	-1625.377	51.15772	1	0.99663	1.00343	1.00622	1.00079	0.965343	0.976313	0.973471	0.956706	0.992845
47660	-1576.016	-1627.173	51.15772	1	0.99663	1.00343	1.00622	1.00079	0.965343	0.976313	0.973471	0.956706	0.992845
47670	-1574.298	-1625.456	51.15772	1	0.99663	1.00343	1.00622	1.00079	0.965343	0.976313	0.973471	0.956706	0.992845
47680	-1574.563	-1625.721	51.15772	1	0.99663	1.00343	1.00622	1.00079	0.965343	0.976313	0.973471	0.956706	0.992845
47690	-1574.716	-1625.874	51.15772	1	0.99663	1.00343	1.00622	1.00079	0.965343	0.976313	0.973471	0.956706	0.992845
47700	-1574.14	-1625.298	51.15772	1	0.99663	1.00343	1.00622	1.00079	0.965343	0.976313	0.973471	0.956706	0.992845
47710	-1575.481	-1626.638	51.15772	1	0.99663	1.00343	1.00622	1.00079	0.965343	0.976313	0.973471	0.956706	0.992845
47720	-1576.003	-1627.161	51.15772	1	0.99663	1.00343	1.00622	1.00079	0.965343	0.976313	0.973471	0.956706	0.992845
47730	-1573.928	-1625.086	51.15772	1	0.99663	1.00343	1.00622	1.00079	0.965343	0.976313	0.973471	0.956706	0.992845
47740	-1574.128	-1625.285	51.15772	1	0.99663	1.00343	1.00622	1.00079	0.965343	0.976313	0.973471	0.956706	0.992845
47750	-1573.915	-1625.073	51.15772	1	0.99663	1.00343	1.00622	1.00079	0.965343	0.976313	0.973471	0.956706	0.992845
47760	-1574.077	-1625.235	51.15772	1	0.99663	1.00343	1.00622	1.00079	0.965343	0.976313	0.973471	0.956706	0.992845
47770	-1573.91	-1625.068	51.15772	1	0.99663	1.00343	1.00622	1.00079	0.965343	0.976313	0.973471	0.956706	0.992845
47780	-1574.081	-1625.238	51.15772	1	0.99663	1.00343	1.00622	1.00079	0.965343	0.976313	0.973471	0.956706	0.992845
47790	-1575.129	-1626.286	51.15772	1	0.99663	1.00343	1.00622	1.00079	0.965343	0.976313	0.973471	0.956706	0.992845
47800	-1573.936	-1625.093	51.15772	1	0.99663	1.00343	1.00622	1.00079	0.965343	0.976313	0.973471	0.956706	0.992845
47810	-1573.911	-1625.069	51.15772	1	0.99663	1.00343	1.00622	1.00079	0.965343	0.976313	0.973471	0.956706	0.992845
47820	-1573.938	-1625.095	51.15772	1	0.99663	1.00343	1.00622	1.00079	0.965343	0.976313	0.973471	0.956706	0.992845
47830	-1574.626	-1625.784	51.15772	1	0.99663	1.00343	1.00622	1.00079	0.965343	0.976313	0.973471	0.956706	0.992845
47840	-1573.909	-1625.067	51.15772	1	0.99663	1.00343	1.00622	1.00079	0.965343	0.976313	0.973471	0.956706	0.992845
47850	-1574.155	-1625.313	51.15772	1	0.99663	1.00343	1.00622	1.00079	0.965343	0.976313	0.973471	0.956706	0.992845
47860	-1574.781	-1625.939	51.15772	1	0.99663	1.00343	1.00622	1.00079	0.965343	0.976313	0.973471	0.956706	0.992845
47870	-1574.412	-1625.569	51.15772	1	0.99663	1.00343	1.00622	1.00079	0.965343	0.976313	0.973471	0.956706	0.992845
47880	-1574.726	-1625.884	51.15772	1	0.99663	1.00343	1.00622	1.00079	0.965343	0.976313	0.973471	0.956706	0.992845
47890	-1574.133	-1625.29	51.15772	1	0.99663	1.00343	1.00622	1.00079	0.965343	0.976313	0.973471	0.956706	0.992845
47900	-1575.612	-1626.77	51.15772	1	0.99663	1.00343	1.00622	1.00079	0.965343	0.976313	0.973471	0.956706	0.992845
47910	-1573.929	-1625.087	51.15772	1	0.99663	1.00343	1.00622	1.00079	0.965343	0.976313	0.973471	0.956706	0.992845
47920	-1573.978	-1625.136	51.15772	1	0.99663	1.00343	1.00622	1.00079	0.965343	0.976313	0.973471	0.956706	0.992845
47930	-1575.513	-1626.671	51.15772	1	0.99663	1.00343	1.00622	1.00079	0.965343	0.976313	0.973471	0.956706	0.992845
47940	-1573.934	-1625.092	51.15772	1	0.99663	1.00343	1.00622	1.00079	0.965343	0.976313	0.973471	0.956706	0.992845
47950	-1575.703	-1626.861	51.15772	1	0.99663	1.00343	1.00622	1.00079	0.965343	0.976313	0.973471	0.956706	0.992845
47960	-1573.92	-1625.077	51.15772	1	0.99663	1.00343	1.00622	1.00079	0.965343	0.976313	0.973471	0.956706	0.992845
47970	-1574.381	-1625.538	51.15772	1	0.99663	1.00343	1.00622	1.00079	0.965343	0.976313	0.973471	0.956706	0.992845
47980	-1574.086	-1625.243	51.15772	1	0.99663	1.00343	1.00622	1.00079	0.965343	0.976313	0.973471	0.956706	0.992845
47990	-1574.084	-1625.242	51.15772	1	0.99663	1.00343	1.00622	1.00079	0.965343	0.976313	0.973471	0.956706	0.992845
48000	-1575.073	-1626.23	51.15772	1	0.99663	1.00343	1.00622	1.00079	0.965343	0.976313	0.973471	0.956706	0.992845
48010	-1574.007	-1625.165	51.15772	1	0.99663	1.00343	1.00622	1.00079	0.965343	0.976313	0.973471	0.956706	0.992845
48020	-1574.57	-1625.727	51.15772	1	0.99663	1.00343	1.00622	1.00079	0.965343	0.976313	0.973471	0.956706	0.992845
48030	-1573.916	-1625.074	51.15772	1	0.99663	1.00343	1.00622	1.00079	0.965343	0.976313	0.973471	0.956706	0.992845
48040	-1574.001	-1625.158	51.15772	1	0.99663	1.00343	1.00622	1.00079	0.965343	0.976313	0.973471	0.956706	0.992845
48050	-1573.929	-1625.087	51.15772	1	0.99663	1.00343	1.00622	1.00079	0.965343	0.976313	0.973471	0.956706	0.992845
48060	-1576.263	-1627.421	51.15772	1	0.99663	1.00343	1.00622	1.00079	0.965343	0.976313	0.973471	0.956706	0.992845
48070	-1574.026	-1625.183	51.15772	1	0.99663	1.00343	1.00622	1.00079	0.965343	0.976313	0.973471	0.956706	0.992845
48080	-1574.627	-1625.785	51.15772	1	0.99663	1.00343	1.00622	1.00079	0.965343	0.976313	0.973471	0.956706	0.992845
48090	-1576.451	-1627.608	51.15772	1	0.99663	1.00343	1.00622	1.00079	0.965343	0.976313	0.973471	0.956706	0.992845
48100	-1574.436	-1625.594	51.15772	1	0.99663	1.00343	1.00622	1.00079	0.965343	0.976313	0.973471	0.956706	0.992845
48110	-1574.18	-1625.337	51.15772	1	0.99663	1.00343	1.00622	1.00079	0.965343	0.976313	0.973471	0.956706	0.992845
48120	-1574.142	-1625.3	51.15772	1	0.99663	1.00343	1.00622	1.00079	0.965343	0.976313	0.973471	0.956706	0.992845
48130	-1574.898	-1626.055	51.15772	1	0.99663	1.00343	1.00622	1.00079	0.965343	0.976313	0.973471	0.956706	0.992845
48140	-1574.246	-1625.404	51.15772	1	0.99663	1.00343	1.00622	1.00079	0.965343	0.976313	0.973471	0.956706	0.992845
48150	-1574.048	-1625.206	51.15772	1	0.99663	1.00343	1.00622	1.00079	0.965343	0.976313	0.973471	0.956706	0.992845
48160	-1574.313	-1625.47	51.15772	1	0.99663	1.00343	1.00622	1.00079	0.965343	0.976313	0.973471	0.956706	0.992845
48170	-1574.198	-1625.355	51.15772	1	0.99663	1.00343	1.00622	1.00079	0.965343	0.976313	0.973471	0.956706	0.992845
48180	-1573.919	-1625.076	51.15772	1	0.99663	1.00343	1.00622	1.00079	0.965343	0.976313	0.973471	0.956706	0.992845
48190	-1574.458	-1625.615	51.15772	1	0.99663	1.00343	1.00622	1.00079	0.965343	0.976313	0.973471	0.956706	0.992845
48200	-1574.166	-1625.324	51.15772	1	0.99663	1.00343	1.00622	1.00079	0.965343	0.976313	0.973471	0.956706	0.992845
48210	-1574.095	-1625.253	51.15772	1	0.99663	1.00343	1.00622	1.00079	0.965343	0.976313	0.973471	0.956706	0.992845
48220	-1574.177	-1625.334	51.15772	1	0.99663	1.00343	1.00622	1.00079	0.965343	0.976313	0.973471	0.956706	0.992845
48230	-1574.081	-1625.239	51.15772	1	0.99663	1.00343	1.00622	1.00079	0.965343	0.976313	0.973471	0.956706	0.992845
48240	-1576.313	-1627.47	51.15772	1	0.99663	1.00343	1.00622	1.00079	0.965343	0.976313	0.973471	0.956706	0.992845
48250	-1574.023	-1625.181	51.15772	1	0.99663	1.00343	1.00622	1.00079	0.965343	0.976313	0.973471	0.956706	0.992845
48260	-1574.555	-1625.713	51.15772	1	0.99663	1.00343	1.00622	1.00079	0.965343	0.976313	0.973471	0.956706	0.992845
48270	-1573.923	-1625.081	51.15772	1	0.99663	1.00343	1.00622	1.00079	0.965343	0.976313	0.973471	0.956706	0.992845
48280	-1573.987	-1625.145	51.15772	1	0.99663	1.00343	1.00622	1.00079	0.965343	0.976313	0.973471	0.956706	0.992845
48290	-1575.126	-1626.284	51.15772	1	0.99663	1.00343	1.00622	1.00079	0.965343	0.976313	0.973471	0.956706	0.992845
48300	-1574.119	-1625.277	51.15772	1	0.99663	1.00343	1.00622	1.00079	0.965343	0.976313	0.973471	0.956706	0.992845
48310	-1574.051	-1625.208	51.15772	1	0.99663	1.00343	1.00622	1.00079	0.965343	0.976313	0.973471	0.956706	0.992845
48320	-1573.988	-1625.146	51.15772	1	0.99663	1.00343	1.00622	1.00079	0.965343	0.976313	0.973471	0.956706	0.992845
48330	-1574.987	-1626.144	51.15772	1	0.99663	1.00343	1.00622	1.00079	0.965343	0.976313	0.973471	0.956706	0.992845
48340	-1573.957	-1625.115	51.15772	1	0.99663	1.00343	1.00622	1.00079	0.965343	0.976313	0.973471	0.956706	0.992845
48350	-1574.163	-1625.32	51.15772	1	0.99663	1.00343	1.00622	1.00079	0.965343	0.976313	0.973471	0.956706	0.992845
48360	-1576.522	-1627.679	51.15772	1	0.99663	1.00343	1.00622	1.00079	0.965343	0.976313	0.973471	0.956706	0.992845
48370	-1574.053	-1625.211	51.15772	1	0.99663	1.00343	1.00622	1.00079	0.965343	0.976313	0.973471	0.956706	0.992845
48380	-1573.911	-1625.068	51.15772	1	0.99663	1.00343	1.00622	1.00079	0.965343	0.976313	0.973471	0.956706	0.992845
48390	-1574.293	-1625.45	51.15772	1	0.99663	1.00343	1.00622	1.00079	0.965343	0.976313	0.973471	0.956706	0.992845
48400	-1574.001	-1625.159	51.15772	1	0.99663	1.00343	1.00622	1.00079	0.965343	0.976313	0.973471	0.956706	0.992845
48410	-1573.916	-1625.074	51.15772	1	0.99663	1.00343	1.00622	1.00079	0.965343	0.976313	0.973471	0.956706	0.992845
48420	-1574.577	-1625.735	51.15772	1	0.99663	1.00343	1.00622	1.00079	0.965343	0.976313	0.973471	0.956706	0.992845
48430	-1573.998	-1625.156	51.15772	1	0.99663	1.00343	1.00622	1.00079	0.965343	0.976313	0.973471	0.956706	0.992845
48440	-1574.29	-1625.448	51.15772	1	0.99663	1.00343	1.00622	1.00079	0.965343	0.976313	0.973471	0.956706	0.992845
48450	-1574.03	-1625.187	51.15772	1	0.99663	1.00343	1.00622	1.00079	0.965343	0.976313	0.973471	0.956706	0.992845
48460	-1574.382	-1625.539	51.15772	1	0.99663	1.00343	1.00622	1.00079	0.965343	0.976313	0.973471	0.956706	0.992845
48470	-1574.716	-1625.874	51.15772	1	0.99663	1.00343	1.00622	1.00079	0.965343	0.976313	0.973471	0.956706	0.992845
48480	-1576.196	-1627.353	51.15772	1	0.99663	1.00343	1.00622	1.00079	0.965343	0.976313	0.973471	0.956706	0.992845
48490	-1574.202	-1625.36	51.15772	1	0.99663	1.00343	1.00622	1.00079	0.965343	0.976313	0.973471	0.956706	0.992845
48500	-1573.998	-1625.155	51.15772	1	0.99663	1.00343	1.00622	1.00079	0.965343	0.976313	0.973471	0.956706	0.992845
48510	-1574.11	-1625.268	51.15772	1	0.99663	1.00343	1.00622	1.00079	0.965343	0.976313	0.973471	0.956706	0.992845
48520	-1573.983	-1625.141	51.15772	1	0.99663	1.00343	1.00622	1.00079	0.965343	0.976313	0.973471	0.956706	0.992845
48530	-1574.589	-1625.747	51.15772	1	0.99663	1.00343	1.00622	1.00079	0.965343	0.976313	0.973471	0.956706	0.992845
48540	-1573.991	-1625.149	51.15772	1	0.99663	1.00343	1.00622	1.00079	0.965343	0.976313	0.973471	0.956706	0.992845
48550	-1574.817	-1625.975	51.15772	1	0.99663	1.00343	1.00622	1.00079	0.965343	0.976313	0.973471	0.956706	0.992845
48560	-1573.944	-1625.101	51.15772	1	0.99663	1.00343	1.00622	1.00079	0.965343	0.976313	0.973471	0.956706	0.992845
48570	-1575.736	-1626.894	51.15772	1	0.99663	1.00343	1.00622	1.00079	0.965343	0.976313	0.973471	0.956706	0.992845
48580	-1574.063	-1625.22	51.15772	1	0.99663	1.00343	1.00622	1.00079	0.965343	0.976313	0.973471	0.956706	0.992845
48590	-1574.903	-1626.06	51.15772	1	0.99663	1.00343	1.00622	1.00079	0.965343	0.976313	0.973471	0.956706	0.992845
48600	-1575.331	-1626.488	51.15772	1	0.99663	1.00343	1.00622	1.00079	0.965343	0.976313	0.973471	0.956706	0.992845
48610	-1575.004	-1626.161	51.15772	1	0.99663	1.00343	1.00622	1.00079	0.965343	0.976313	0.973471	0.956706	0.992845
48620	-1573.988	-1625.146	51.15772	1	0.99663	1.00343	1.00622	1.00079	0.965343	0.976313	0.973471	0.956706	0.992845
48630	-1573.911	-1625.069	51.15772	1	0.99663	1.00343	1.00622	1.00079	0.965343	0.976313	0.973471	0.956706	0.992845
48640	-1574.94	-1626.098	51.15772	1	0.99663	1.00343	1.00622	1.00079	0.965343	0.976313	0.973471	0.956706	0.992845
48650	-1574.015	-1625.173	51.15772	1	0.99663	1.00343	1.00622	1.00079	0.965343	0.976313	0.973471	0.956706	0.992845
48660	-1573.922	-1625.08	51.15772	1	0.99663	1.00343	1.00622	1.00079	0.965343	0.976313	0.973471	0.956706	0.992845
48670	-1573.925	-1625.082	51.15772	1	0.99663	1.00343	1.00622	1.00079	0.965343	0.976313	0.973471	0.956706	0.992845
48680	-1573.924	-1625.082	51.15772	1	0.99663	1.00343	1.00622	1.00079	0.965343	0.976313	0.973471	0.956706	0.992845
48690	-1575.785	-1626.943	51.15772	1	0.99663	1.00343	1.00622	1.00079	0.965343	0.976313	0.973471	0.956706	0.992845
48700	-1574.709	-1625.866	51.15772	1	0.99663	1.00343	1.00622	1.00079	0.965343	0.976313	0.973471	0.956706	0.992845
48710	-1574.154	-1625.312	51.15772	1	0.99663	1.00343	1.00622	1.00079	0.965343	0.976313	0.973471	0.956706	0.992845
48720	-1573.96	-1625.118	51.15772	1	0.99663	1.00343	1.00622	1.00079	0.965343	0.976313	0.973471	0.956706	0.992845
48730	-1574.744	-1625.902	51.15772	1	0.99663	1.00343	1.00622	1.00079	0.965343	0.976313	0.973471	0.956706	0.992845
48740	-1574.889	-1626.047	51.15772	1	0.99663	1.00343	1.00622	1.00079	0.965343	0.976313	0.973471	0.956706	0.992845
48750	-1574.193	-1625.351	51.15772	1	0.99663	1.00343	1.00622	1.00079	0.965343	0.976313	0.973471	0.956706	0.992845
48760	-1573.932	-1625.09	51.15772	1	0.99663	1.00343	1.00622	1.00079	0.965343	0.976313	0.973471	0.956706	0.992845
48770	-1576.175	-1627.333	51.15772	1	0.99663	1.00343	1.00622	1.00079	0.965343	0.976313	0.973471	0.956706	0.992845
48780	-1574.172	-1625.33	51.15772	1	0.99663	1.00343	1.00622	1.00079	0.965343	0.976313	0.973471	0.956706	0.992845
48790	-1573.925	-1625.082	51.15772	1	0.99663	1.00343	1.00622	1.00079	0.965343	0.976313	0.973471	0.956706	0.992845
48800	-1575.149	-1626.306	51.15772	1	0.99663	1.00343	1.00622	1.00079	0.965343	0.976313	0.973471	0.956706	0.992845
48810	-1574.087	-1625.245	51.15772	1	0.99663	1.00343	1.00622	1.00079	0.965343	0.976313	0.973471	0.956706	0.992845
48820	-1574.263	-1625.421	51.15772	1	0.99663	1.00343	1.00622	1.00079	0.965343	0.976313	0.973471	0.956706	0.992845
48830	-1574.442	-1625.6	51.15772	1	0.99663	1.00343	1.00622	1.00079	0.965343	0.976313	0.973471	0.956706	0.992845
48840	-1573.937	-1625.095	51.15772	1	0.99663	1.00343	1.00622	1.00079	0.965343	0.976313	0.973471	0.956706	0.992845
48850	-1574.002	-1625.16	51.15772	1	0.99663	1.00343	1.00622	1.00079	0.965343	0.976313	0.973471	0.956706	0.992845
48860	-1573.971	-1625.129	51.15772	1	0.99663	1.00343	1.00622	1.00079	0.965343	0.976313	0.973471	0.956706	0.992845
48870	-1573.922	-1625.08	51.15772	1	0.99663	1.00343	1.00622	1.00079	0.965343	0.976313	0.973471	0.956706	0.992845
48880	-1573.975	-1625.132	51.15772	1	0.99663	1.00343	1.00622	1.00079	0.965343	0.976313	0.973471	0.956706	0.992845
48890	-1574.322	-1625.48	51.15772	1	0.99663	1.00343	1.00622	1.00079	0.965343	0.976313	0.973471	0.956706	0.992845
48900	-1574.067	-1625.225	51.15772	1	0.99663	1.00343	1.00622	1.00079	0.965343	0.976313	0.973471	0.956706	0.992845
48910	-1574.004	-1625.162	51.15772	1	0.99663	1.00343	1.00622	1.00079	0.965343	0.976313	0.973471	0.956706	0.992845
48920	-1574.503	-1625.661	51.15772	1	0.99663	1.00343	1.00622	1.00079	0.965343	0.976313	0.973471	0.956706	0.992845
48930	-1576.295	-1627.453	51.15772	1	0.99663	1.00343	1.00622	1.00079	0.965343	0.976313	0.973471	0.956706	0.992845
48940	-1573.911	-1625.069	51.15772	1	0.99663	1.00343	1.00622	1.00079	0.965343	0.976313	0.973471	0.956706	0.992845
48950	-1573.918	-1625.075	51.15772	1	0.99663	1.00343	1.00622	1.00079	0.965343	0.976313	0.973471	0.956706	0.992845
48960	-1574.472	-1625.63	51.15772	1	0.99663	1.00343	1.00622	1.00079	0.965343	0.976313	0.973471	0.956706	0.992845
48970	-1574.898	-1626.056	51.15772	1	0.99663	1.00343	1.00622	1.00079	0.965343	0.976313	0.973471	0.956706	0.992845
48980	-1574.36	-1625.518	51.15772	1	0.99663	1.00343	1.00622	1.00079	0.965343	0.976313	0.973471	0.956706	0.992845
48990	-1573.936	-1625.093	51.15772	1	0.99663	1.00343	1.00622	1.00079	0.965343	0.976313	0.973471	0.956706	0.992845
49000	-1574.445	-1625.603	51.15772	1	0.99663	1.00343	1.00622	1.00079	0.965343	0.976313	0.973471	0.956706	0.992845
49010	-1574.561	-1625.719	51.15772	1	0.99663	1.00343	1.00622	1.00079	0.965343	0.976313	0.973471	0.956706	0.992845
49020	-1573.918	-1625.076	51.15772	1	0.99663	1.00343	1.00622	1.00079	0.965343	0.976313	0.973471	0.956706	0.992845
49030	-1573.935	-1625.093	51.15772	1	0.99663	1.00343	1.00622	1.00079	0.965343	0.976313	0.973471	0.956706	0.992845
49040	-1573.928	-1625.086	51.15772	1	0.99663	1.00343	1.00622	1.00079	0.965343	0.976313	0.973471	0.956706	0.992845
49050	-1575.617	-1626.775	51.15772	1	0.99663	1.00343	1.00622	1.00079	0.965343	0.976313	0.973471	0.956706	0.992845
49060	-1574.507	-1625.665	51.15772	1	0.99663	1.00343	1.00622	1.00079	0.965343	0.976313	0.973471	0.956706	0.992845
49070	-1574.097	-1625.255	51.15772	1	0.99663	1.00343	1.00622	1.00079	0.965343	0.976313	0.973471	0.956706	0.992845
49080	-1574.265	-1625.423	51.15772	1	0.99663	1.00343	1.00622	1.00079	0.965343	0.976313	0.973471	0.956706	0.992845
49090	-1574.381	-1625.539	51.15772	1	0.99663	1.00343	1.00622	1.00079	0.965343	0.976313	0.973471	0.956706	0.992845
49100	-1574.29	-1625.447	51.15772	1	0.99663	1.00343	1.00622	1.00079	0.965343	0.976313	0.973471	0.956706	0.992845
49110	-1574.702	-1625.86	51.15772	1	0.99663	1.00343	1.00622	1.00079	0.965343	0.976313	0.973471	0.956706	0.992845
49120	-1575.039	-1626.197	51.15772	1	0.99663	1.00343	1.00622	1.00079	0.965343	0.976313	0.973471	0.956706	0.992845
49130	-1573.909	-1625.067	51.15772	1	0.99663	1.00343	1.00622	1.00079	0.965343	0.976313	0.973471	0.956706	0.992845
49140	-1573.912	-1625.07	51.15772	1	0.99663	1.00343	1.00622	1.00079	0.965343	0.976313	0.973471	0.956706	0.992845
49150	-1574.016	-1625.174	51.15772	1	0.99663	1.00343	1.00622	1.00079	0.965343	0.976313	0.973471	0.956706	0.992845
49160	-1574.648	-1625.806	51.15772	1	0.99663	1.00343	1.00622	1.00079	0.965343	0.976313	0.973471	0.956706	0.992845
49170	-1573.928	-1625.086	51.15772	1	0.99663	1.00343	1.00622	1.00079	0.965343	0.976313	0.973471	0.956706	0.992845
49180	-1574.029	-1625.186	51.15772	1	0.99663	1.00343	1.00622	1.00079	0.965343	0.976313	0.973471	0.956706	0.992845
49190	-1574.176	-1625.334	51.15772	1	0.99663	1.00343	1.00622	1.00079	0.965343	0.976313	0.973471	0.956706	0.992845
49200	-1573.954	-1625.111	51.15772	1	0.99663	1.00343	1.00622	1.00079	0.965343	0.976313	0.973471	0.956706	0.992845
49210	-1574.356	-1625.514	51.15772	1	0.99663	1.00343	1.00622	1.00079	0.965343	0.976313	0.973471	0.956706	0.992845
49220	-1574.911	-1626.069	51.15772	1	0.99663	1.00343	1.00622	1.00079	0.965343	0.976313	0.973471	0.956706	0.992845
49230	-1574.271	-1625.429	51.15772	1	0.99663	1.00343	1.00622	1.00079	0.965343	0.976313	0.973471	0.956706	0.992845
49240	-1573.958	-1625.116	51.15772	1	0.99663	1.00343	1.00622	1.00079	0.965343	0.976313	0.973471	0.956706	0.992845
49250	-1574.887	-1626.044	51.15772	1	0.99663	1.00343	1.00622	1.00079	0.965343	0.976313	0.973471	0.956706	0.992845
49260	-1575.271	-1626.428	51.15772	1	0.99663	1.00343	1.00622	1.00079	0.965343	0.976313	0.973471	0.956706	0.992845
49270	-1574.775	-1625.933	51.15772	1	0.99663	1.00343	1.00622	1.00079	0.965343	0.976313	0.973471	0.956706	0.992845
49280	-1575.492	-1626.65	51.15772	1	0.99663	1.00343	1.00622	1.00079	0.965343	0.976313	0.973471	0.956706	0.992845
49290	-1574.2	-1625.358	51.15772	1	0.99663	1.00343	1.00622	1.00079	0.965343	0.976313	0.973471	0.956706	0.992845
49300	-1573.99	-1625.148	51.15772	1	0.99663	1.00343	1.00622	1.00079	0.965343	0.976313	0.973471	0.956706	0.992845
49310	-1574.042	-1625.2	51.15772	1	0.99663	1.00343	1.00622	1.00079	0.965343	0.976313	0.973471	0.956706	0.992845
49320	-1574.029	-1625.187	51.15772	1	0.99663	1.00343	1.00622	1.00079	0.965343	0.976313	0.973471	0.956706	0.992845
49330	-1574.068	-1625.225	51.15772	1	0.99663	1.00343	1.00622	1.00079	0.965343	0.976313	0.973471	0.956706	0.992845
49340	-1573.977	-1625.135	51.15772	1	0.99663	1.00343	1.00622	1.00079	0.965343	0.976313	0.973471	0.956706	0.992845
49350	-1574.047	-1625.205	51.15772	1	0.99663	1.00343	1.00622	1.00079	0.965343	0.976313	0.973471	0.956706	0.992845
49360	-1574.914	-1626.072	51.15772	1	0.99663	1.00343	1.00622	1.00079	0.965343	0.976313	0.973471	0.956706	0.992845
49370	-1573.998	-1625.156	51.15772	1	0.99663	1.00343	1.00622	1.00079	0.965343	0.976313	0.973471	0.956706	0.992845
49380	-1574.183	-1625.34	51.15772	1	0.99663	1.00343	1.00622	1.00079	0.965343	0.976313	0.973471	0.956706	0.992845
49390	-1574.009	-1625.167	51.15772	1	0.99663	1.00343	1.00622	1.00079	0.965343	0.976313	0.973471	0.956706	0.992845
49400	-1574.031	-1625.188	51.15772	1	0.99663	1.00343	1.00622	1.00079	0.965343	0.976313	0.973471	0.956706	0.992845
49410	-1573.991	-1625.149	51.15772	1	0.99663	1.00343	1.00622	1.00079	0.965343	0.976313	0.973471	0.956706	0.992845
49420	-1574.219	-1625.377	51.15772	1	0.99663	1.00343	1.00622	1.00079	0.965343	0.976313	0.973471	0.956706	0.992845
49430	-1574.528	-1625.685	51.15772	1	0.99663	1.00343	1.00622	1.00079	0.965343	0.976313	0.973471	0.956706	0.992845
49440	-1573.919	-1625.077	51.15772	1	0.99663	1.00343	1.00622	1.00079	0.965343	0.976313	0.973471	0.956706	0.992845
49450	-1574.192	-1625.35	51.15772	1	0.99663	1.00343	1.00622	1.00079	0.965343	0.976313	0.973471	0.956706	0.992845
49460	-1575.518	-1626.676	51.15772	1	0.99663	1.00343	1.00622	1.00079	0.965343	0.976313	0.973471	0.956706	0.992845
49470	-1573.91	-1625.068	51.15772	1	0.99663	1.00343	1.00622	1.00079	0.965343	0.976313	0.973471	0.956706	0.992845
49480	-1574.146	-1625.303	51.15772	1	0.99663	1.00343	1.00622	1.00079	0.965343	0.976313	0.973471	0.956706	0.992845
49490	-1573.935	-1625.093	51.15772	1	0.99663	1.00343	1.00622	1.00079	0.965343	0.976313	0.973471	0.956706	0.992845
49500	-1575.486	-1626.644	51.15772	1	0.99663	1.00343	1.00622	1.00079	0.965343	0.976313	0.973471	0.956706	0.992845
49510	-1574.026	-1625.184	51.15772	1	0.99663	1.00343	1.00622	1.00079	0.965343	0.976313	0.973471	0.956706	0.992845
49520	-1575.179	-1626.337	51.15772	1	0.99663	1.00343	1.00622	1.00079	0.965343	0.976313	0.973471	0.956706	0.992845
49530	-1574.244	-1625.401	51.15772	1	0.99663	1.00343	1.00622	1.00079	0.965343	0.976313	0.973471	0.956706	0.992845
49540	-1573.95	-1625.108	51.15772	1	0.99663	1.00343	1.00622	1.00079	0.965343	0.976313	0.973471	0.956706	0.992845
49550	-1573.914	-1625.072	51.15772	1	0.99663	1.00343	1.00622	1.00079	0.965343	0.976313	0.973471	0.956706	0.992845
49560	-1574.193	-1625.351	51.15772	1	0.99663	1.00343	1.00622	1.00079	0.965343	0.976313	0.973471	0.956706	0.992845
49570	-1573.912	-1625.07	51.15772	1	0.99663	1.00343	1.00622	1.00079	0.965343	0.976313	0.973471	0.956706	0.992845
49580	-1574.456	-1625.614	51.15772	1	0.99663	1.00343	1.00622	1.00079	0.965343	0.976313	0.973471	0.956706	0.992845
49590	-1574.714	-1625.872	51.15772	1	0.99663	1.00343	1.00622	1.00079	0.965343	0.976313	0.973471	0.956706	0.992845
49600	-1574.159	-1625.317	51.15772	1	0.99663	1.00343	1.00622	1.00079	0.965343	0.976313	0.973471	0.956706	0.992845
49610	-1575.029	-1626.187	51.15772	1	0.99663	1.00343	1.00622	1.00079	0.965343	0.976313	0.973471	0.956706	0.992845
49620	-1574.005	-1625.163	51.15772	1	0.99663	1.00343	1.00622	1.00079	0.965343	0.976313	0.973471	0.956706	0.992845
49630	-1574.968	-1626.126	51.15772	1	0.99663	1.00343	1.00622	1.00079	0.965343	0.976313	0.973471	0.956706	0.992845
49640	-1575.281	-1626.439	51.15772	1	0.99663	1.00343	1.00622	1.00079	0.965343	0.976313	0.973471	0.956706	0.992845
49650	-1573.978	-1625.136	51.15772	1	0.99663	1.00343	1.00622	1.00079	0.965343	0.976313	0.973471	0.956706	0.992845
49660	-1574.205	-1625.363	51.15772	1	0.99663	1.00343	1.00622	1.00079	0.965343	0.976313	0.973471	0.956706	0.992845
49670	-1573.92	-1625.078	51.15772	1	0.99663	1.00343	1.00622	1.00079	0.965343	0.976313	0.973471	0.956706	0.992845
49680	-1573.965	-1625.122	51.15772	1	0.99663	1.00343	1.00622	1.00079	0.965343	0.976313	0.973471	0.956706	0.992845
49690	-1573.913	-1625.071	51.15772	1	0.99663	1.00343	1.00622	1.00079	0.965343	0.976313	0.973471	0.956706	0.992845
49700	-1573.92	-1625.078	51.15772	1	0.99663	1.00343	1.00622	1.00079	0.965343	0.976313	0.973471	0.956706	0.992845
49710	-1574.906	-1626.064	51.15772	1	0.99663	1.00343	1.00622	1.00079	0.965343	0.976313	0.973471	0.956706	0.992845
49720	-1573.986	-1625.144	51.15772	1	0.99663	1.00343	1.00622	1.00079	0.965343	0.976313	0.973471	0.956706	0.992845
49730	-1574.101	-1625.258	51.15772	1	0.99663	1.00343	1.00622	1.00079	0.965343	0.976313	0.973471	0.956706	0.992845
49740	-1573.915	-1625.073	51.15772	1	0.99663	1.00343	1.00622	1.00079	0.965343	0.976313	0.973471	0.956706	0.992845
49750	-1573.912	-1625.07	51.15772	1	0.99663	1.00343	1.00622	1.00079	0.965343	0.976313	0.973471	0.956706	0.992845
49760	-1574.065	-1625.223	51.15772	1	0.99663	1.00343	1.00622	1.00079	0.965343	0.976313	0.973471	0.956706	0.992845
49770	-1573.923	-1625.08	51.15772	1	0.99663	1.00343	1.00622	1.00079	0.965343	0.976313	0.973471	0.956706	0.992845
49780	-1573.947	-1625.104	51.15772	1	0.99663	1.00343	1.00622	1.00079	0.965343	0.976313	0.973471	0.956706	0.992845
49790	-1574.16	-1625.317	51.15772	1	0.99663	1.00343	1.00622	1.00079	0.965343	0.976313	0.973471	0.956706	0.992845
49800	-1573.931	-1625.088	51.15772	1	0.99663	1.00343	1.00622	1.00079	0.965343	0.976313	0.973471	0.956706	0.992845
49810	-1573.961	-1625.119	51.15772	1	0.99663	1.00343	1.00622	1.00079	0.965343	0.976313	0.973471	0.956706	0.992845
49820	-1573.949	-1625.107	51.15772	1	0.99663	1.00343	1.00622	1.00079	0.965343	0.976313	0.973471	0.956706	0.992845
49830	-1576.296	-1627.454	51.15772	1	0.99663	1.00343	1.00622	1.00079	0.965343	0.976313	0.973471	0.956706	0.992845
49840	-1574.366	-1625.524	51.15772	1	0.99663	1.00343	1.00622	1.00079	0.965343	0.976313	0.973471	0.956706	0.992845
49850	-1573.945	-1625.102	51.15772	1	0.99663	1.00343	1.00622	1.00079	0.965343	0.976313	0.973471	0.956706	0.992845
49860	-1574.342	-1625.5	51.15772	1	0.99663	1.00343	1.00622	1.00079	0.965343	0.976313	0.973471	0.956706	0.992845
49870	-1575	-1626.157	51.15772	1	0.99663	1.00343	1.00622	1.00079	0.965343	0.976313	0.973471	0.956706	0.992845
49880	-1575.033	-1626.19	51.15772	1	0.99663	1.00343	1.00622	1.00079	0.965343	0.976313	0.973471	0.956706	0.992845
49890	-1573.948	-1625.106	51.15772	1	0.99663	1.00343	1.00622	1.00079	0.965343	0.976313	0.973471	0.956706	0.992845
49900	-1575.298	-1626.455	51.15772	1	0.99663	1.00343	1.00622	1.00079	0.965343	0.976313	0.973471	0.956706	0.992845
49910	-1574.154	-1625.311	51.15772	1	0.99663	1.00343	1.00622	1.00079	0.965343	0.976313	0.973471	0.956706	0.992845
49920	-1574.064	-1625.222	51.15772	1	0.99663	1.00343	1.00622	1.00079	0.965343	0.976313	0.973471	0.956706	0.992845
49930	-1574.06	-1625.218	51.15772	1	0.99663	1.00343	1.00622	1.00079	0.965343	0.976313	0.973471	0.956706	0.992845
49940	-1574.662	-1625.819	51.15772	1	0.99663	1.00343	1.00622	1.00079	0.965343	0.976313	0.973471	0.956706	0.992845
49950	-1575.493	-1626.651	51.15772	1	0.99663	1.00343	1.00622	1.00079	0.965343	0.976313	0.973471	0.956706	0.992845
49960	-1574.824	-1625.982	51.15772	1	0.99663	1.00343	1.00622	1.00079	0.965343	0.976313	0.973471	0.956706	0.992845
49970	-1574.403	-1625.561	51.15772	1	0.99663	1.00343	1.00622	1.00079	0.965343	0.976313	0.973471	0.956706	0.992845
49980	-1574.025	-1625.182	51.15772	1	0.99663	1.00343	1.00622	1.00079	0.965343	0.976313	0.973471	0.956706	0.992845
49990	-1574.383	-1625.541	51.15772	1	0.99663	1.00343	1.00622	1.00079	0.965343	0.976313	0.973471	0.956706	0.992845
50000	-1574.178	-1625.336	51.15772	1	0.99663	1.00343	1.00622	1.00079	0.965343	0.976313	0.973471	0.956706	0.992845
