"","spp_name","trait_name","value","unit","kind","source","comment"
"1","Araripia florifera","ovary position","0",NA,"ancestral reconstruction","Lopez-Martinez et al. (2023) | PROTEUS",NA
"2","Archaeanthus linnenbergeri","no ovules","2",NA,"ancestral reconstruction","Lopez-Martinez et al. (2023) | PROTEUS",NA
"3","Archaeanthus linnenbergeri","sex of flowers","0",NA,"ancestral reconstruction","Lopez-Martinez et al. (2023) | PROTEUS",NA
"4","Archaeanthus linnenbergeri","ovary position","0",NA,"ancestral reconstruction","Lopez-Martinez et al. (2023) | PROTEUS",NA
"5","Archaeanthus linnenbergeri","fusion of ovaries","0",NA,"ancestral reconstruction","Lopez-Martinez et al. (2023) | PROTEUS",NA
"6","Archaefructus eoflora","sex of flowers","0",NA,"ancestral reconstruction","Lopez-Martinez et al. (2023) | PROTEUS",NA
"7","Canrightia resinifera","no ovules","0",NA,"ancestral reconstruction","Lopez-Martinez et al. (2023) | PROTEUS",NA
"8","Canrightia resinifera","sex of flowers","0",NA,"ancestral reconstruction","Lopez-Martinez et al. (2023) | PROTEUS",NA
"9","Canrightia resinifera","ovary position","1",NA,"ancestral reconstruction","Lopez-Martinez et al. (2023) | PROTEUS",NA
"10","Canrightia resinifera","anther attachment","0",NA,"ancestral reconstruction","Lopez-Martinez et al. (2023) | PROTEUS",NA
"11","Canrightia resinifera","fusion of ovaries","1",NA,"ancestral reconstruction","Lopez-Martinez et al. (2023) | PROTEUS",NA
"12","Carpestella lacunata","sex of flowers","0",NA,"ancestral reconstruction","Lopez-Martinez et al. (2023) | PROTEUS",NA
"13","Carpestella lacunata","ovary position","1",NA,"ancestral reconstruction","Lopez-Martinez et al. (2023) | PROTEUS",NA
"14","Catanthus dolichostemon","sex of flowers","0",NA,"ancestral reconstruction","Lopez-Martinez et al. (2023) | PROTEUS",NA
"15","Catanthus dolichostemon","ovary position","0",NA,"ancestral reconstruction","Lopez-Martinez et al. (2023) | PROTEUS",NA
"16","Catanthus dolichostemon","anther orientation","2",NA,"ancestral reconstruction","Lopez-Martinez et al. (2023) | PROTEUS",NA
"17","Catanthus dolichostemon","fusion of ovaries","0",NA,"ancestral reconstruction","Lopez-Martinez et al. (2023) | PROTEUS",NA
"18","Cohongarootonia hispida","no ovules","0",NA,"ancestral reconstruction","Lopez-Martinez et al. (2023) | PROTEUS",NA
"19","Cohongarootonia hispida","sex of flowers","0",NA,"ancestral reconstruction","Lopez-Martinez et al. (2023) | PROTEUS",NA
"20","Cohongarootonia hispida","ovary position","0",NA,"ancestral reconstruction","Lopez-Martinez et al. (2023) | PROTEUS",NA
"21","Cohongarootonia hispida","anther orientation","0&1",NA,"ancestral reconstruction","Lopez-Martinez et al. (2023) | PROTEUS",NA
"22","Cohongarootonia hispida","anther attachment","0",NA,"ancestral reconstruction","Lopez-Martinez et al. (2023) | PROTEUS",NA
"23","Cohongarootonia hispida","anther dehiscence","2",NA,"ancestral reconstruction","Lopez-Martinez et al. (2023) | PROTEUS",NA
"24","Dakotanthus cordiformis","sex of flowers","0",NA,"ancestral reconstruction","Lopez-Martinez et al. (2023) | PROTEUS",NA
"25","Dakotanthus cordiformis","ovary position","0",NA,"ancestral reconstruction","Lopez-Martinez et al. (2023) | PROTEUS",NA
"26","Dakotanthus cordiformis","anther orientation","0&1",NA,"ancestral reconstruction","Lopez-Martinez et al. (2023) | PROTEUS",NA
"27","Dakotanthus cordiformis","anther attachment","1",NA,"ancestral reconstruction","Lopez-Martinez et al. (2023) | PROTEUS",NA
"28","Dakotanthus cordiformis","anther dehiscence","0",NA,"ancestral reconstruction","Lopez-Martinez et al. (2023) | PROTEUS",NA
"29","Dakotanthus cordiformis","fusion of ovaries","1",NA,"ancestral reconstruction","Lopez-Martinez et al. (2023) | PROTEUS",NA
"30","Eckhartianthus lusitanicus","sex of flowers","0",NA,"ancestral reconstruction","Lopez-Martinez et al. (2023) | PROTEUS",NA
"31","Eckhartianthus lusitanicus","ovary position","0",NA,"ancestral reconstruction","Lopez-Martinez et al. (2023) | PROTEUS",NA
"32","Eckhartianthus lusitanicus","anther dehiscence","0",NA,"ancestral reconstruction","Lopez-Martinez et al. (2023) | PROTEUS",NA
"33","Endressinia brasiliana","sex of flowers","0",NA,"ancestral reconstruction","Lopez-Martinez et al. (2023) | PROTEUS",NA
"34","Endressinia brasiliana","ovary position","0",NA,"ancestral reconstruction","Lopez-Martinez et al. (2023) | PROTEUS",NA
"35","Endressinia brasiliana","fusion of ovaries","0",NA,"ancestral reconstruction","Lopez-Martinez et al. (2023) | PROTEUS",NA
"36","Hamatia elkneckensis","sex of flowers","1",NA,"ancestral reconstruction","Lopez-Martinez et al. (2023) | PROTEUS",NA
"37","Hamatia elkneckensis","anther attachment","0",NA,"ancestral reconstruction","Lopez-Martinez et al. (2023) | PROTEUS",NA
"38","Hamatia elkneckensis","anther dehiscence","1",NA,"ancestral reconstruction","Lopez-Martinez et al. (2023) | PROTEUS",NA
"39","Hamatia elkneckensis","fusion of ovaries","0",NA,"ancestral reconstruction","Lopez-Martinez et al. (2023) | PROTEUS",NA
"40","Jamesrosea burmensis","no ovules","0",NA,"ancestral reconstruction","Lopez-Martinez et al. (2023) | PROTEUS",NA
"41","Jamesrosea burmensis","sex of flowers","0",NA,"ancestral reconstruction","Lopez-Martinez et al. (2023) | PROTEUS",NA
"42","Jamesrosea burmensis","ovary position","0",NA,"ancestral reconstruction","Lopez-Martinez et al. (2023) | PROTEUS",NA
"43","Jamesrosea burmensis","anther orientation","0",NA,"ancestral reconstruction","Lopez-Martinez et al. (2023) | PROTEUS",NA
"44","Jamesrosea burmensis","anther attachment","0",NA,"ancestral reconstruction","Lopez-Martinez et al. (2023) | PROTEUS",NA
"45","Jamesrosea burmensis","anther dehiscence","2",NA,"ancestral reconstruction","Lopez-Martinez et al. (2023) | PROTEUS",NA
"46","Jamesrosea burmensis","fusion of ovaries","0",NA,"ancestral reconstruction","Lopez-Martinez et al. (2023) | PROTEUS",NA
"47","Kajanthus lusitanicus","no ovules","2",NA,"ancestral reconstruction","Lopez-Martinez et al. (2023) | PROTEUS",NA
"48","Kajanthus lusitanicus","sex of flowers","0",NA,"ancestral reconstruction","Lopez-Martinez et al. (2023) | PROTEUS",NA
"49","Kajanthus lusitanicus","ovary position","0",NA,"ancestral reconstruction","Lopez-Martinez et al. (2023) | PROTEUS",NA
"50","Kajanthus lusitanicus","anther orientation","2",NA,"ancestral reconstruction","Lopez-Martinez et al. (2023) | PROTEUS",NA
"51","Kajanthus lusitanicus","anther attachment","0",NA,"ancestral reconstruction","Lopez-Martinez et al. (2023) | PROTEUS",NA
"52","Kajanthus lusitanicus","anther dehiscence","0",NA,"ancestral reconstruction","Lopez-Martinez et al. (2023) | PROTEUS",NA
"53","Kajanthus lusitanicus","fusion of ovaries","0",NA,"ancestral reconstruction","Lopez-Martinez et al. (2023) | PROTEUS",NA
"54","Kenilanthus marylandensis","sex of flowers","0",NA,"ancestral reconstruction","Lopez-Martinez et al. (2023) | PROTEUS",NA
"55","Kenilanthus marylandensis","ovary position","0",NA,"ancestral reconstruction","Lopez-Martinez et al. (2023) | PROTEUS",NA
"56","Kenilanthus marylandensis","anther orientation","2",NA,"ancestral reconstruction","Lopez-Martinez et al. (2023) | PROTEUS",NA
"57","Kenilanthus marylandensis","anther attachment","0",NA,"ancestral reconstruction","Lopez-Martinez et al. (2023) | PROTEUS",NA
"58","Kenilanthus marylandensis","fusion of ovaries","0",NA,"ancestral reconstruction","Lopez-Martinez et al. (2023) | PROTEUS",NA
"59","Lovellea wintonensis","no ovules","0",NA,"ancestral reconstruction","Lopez-Martinez et al. (2023) | PROTEUS",NA
"60","Lovellea wintonensis","sex of flowers","0",NA,"ancestral reconstruction","Lopez-Martinez et al. (2023) | PROTEUS",NA
"61","Lovellea wintonensis","ovary position","1",NA,"ancestral reconstruction","Lopez-Martinez et al. (2023) | PROTEUS",NA
"62","Lovellea wintonensis","anther orientation","0",NA,"ancestral reconstruction","Lopez-Martinez et al. (2023) | PROTEUS",NA
"63","Lovellea wintonensis","anther attachment","0",NA,"ancestral reconstruction","Lopez-Martinez et al. (2023) | PROTEUS",NA
"64","Lovellea wintonensis","anther dehiscence","2",NA,"ancestral reconstruction","Lopez-Martinez et al. (2023) | PROTEUS",NA
"65","Lovellea wintonensis","fusion of ovaries","1",NA,"ancestral reconstruction","Lopez-Martinez et al. (2023) | PROTEUS",NA
"66","Mauldinia angustiloba","no ovules","0",NA,"ancestral reconstruction","Lopez-Martinez et al. (2023) | PROTEUS",NA
"67","Mauldinia angustiloba","sex of flowers","0",NA,"ancestral reconstruction","Lopez-Martinez et al. (2023) | PROTEUS",NA
"68","Mauldinia angustiloba","ovary position","0",NA,"ancestral reconstruction","Lopez-Martinez et al. (2023) | PROTEUS",NA
"69","Mauldinia angustiloba","anther orientation","0&2",NA,"ancestral reconstruction","Lopez-Martinez et al. (2023) | PROTEUS",NA
"70","Mauldinia angustiloba","anther attachment","0",NA,"ancestral reconstruction","Lopez-Martinez et al. (2023) | PROTEUS",NA
"71","Mauldinia angustiloba","anther dehiscence","2",NA,"ancestral reconstruction","Lopez-Martinez et al. (2023) | PROTEUS",NA
"72","Melloniflora virginiensis","no ovules","2",NA,"ancestral reconstruction","Lopez-Martinez et al. (2023) | PROTEUS",NA
"73","Melloniflora virginiensis","sex of flowers","0",NA,"ancestral reconstruction","Lopez-Martinez et al. (2023) | PROTEUS",NA
"74","Melloniflora virginiensis","ovary position","0",NA,"ancestral reconstruction","Lopez-Martinez et al. (2023) | PROTEUS",NA
"75","Melloniflora virginiensis","anther orientation","0",NA,"ancestral reconstruction","Lopez-Martinez et al. (2023) | PROTEUS",NA
"76","Melloniflora virginiensis","anther dehiscence","0",NA,"ancestral reconstruction","Lopez-Martinez et al. (2023) | PROTEUS",NA
"77","Melloniflora virginiensis","fusion of ovaries","0",NA,"ancestral reconstruction","Lopez-Martinez et al. (2023) | PROTEUS",NA
"78","Monetianthus mirus","no ovules","2",NA,"ancestral reconstruction","Lopez-Martinez et al. (2023) | PROTEUS",NA
"79","Monetianthus mirus","sex of flowers","0",NA,"ancestral reconstruction","Lopez-Martinez et al. (2023) | PROTEUS",NA
"80","Monetianthus mirus","ovary position","1",NA,"ancestral reconstruction","Lopez-Martinez et al. (2023) | PROTEUS",NA
"81","Paisia pantoporata","no ovules","2",NA,"ancestral reconstruction","Lopez-Martinez et al. (2023) | PROTEUS",NA
"82","Paisia pantoporata","sex of flowers","0",NA,"ancestral reconstruction","Lopez-Martinez et al. (2023) | PROTEUS",NA
"83","Paisia pantoporata","ovary position","0",NA,"ancestral reconstruction","Lopez-Martinez et al. (2023) | PROTEUS",NA
"84","Paisia pantoporata","anther orientation","1",NA,"ancestral reconstruction","Lopez-Martinez et al. (2023) | PROTEUS",NA
"85","Paisia pantoporata","anther attachment","0",NA,"ancestral reconstruction","Lopez-Martinez et al. (2023) | PROTEUS",NA
"86","Paisia pantoporata","anther dehiscence","0",NA,"ancestral reconstruction","Lopez-Martinez et al. (2023) | PROTEUS",NA
"87","Paisia pantoporata","fusion of ovaries","0",NA,"ancestral reconstruction","Lopez-Martinez et al. (2023) | PROTEUS",NA
"88","Pennistemon portugallicus","sex of flowers","1",NA,"ancestral reconstruction","Lopez-Martinez et al. (2023) | PROTEUS",NA
"89","Pennistemon portugallicus","anther orientation","2",NA,"ancestral reconstruction","Lopez-Martinez et al. (2023) | PROTEUS",NA
"90","Pennistemon portugallicus","anther dehiscence","0",NA,"ancestral reconstruction","Lopez-Martinez et al. (2023) | PROTEUS",NA
"91","Platananthus synandrus","sex of flowers","1",NA,"ancestral reconstruction","Lopez-Martinez et al. (2023) | PROTEUS",NA
"92","Platananthus synandrus","fusion of ovaries","0",NA,"ancestral reconstruction","Lopez-Martinez et al. (2023) | PROTEUS",NA
"93","Platanocarpus brookensis Aquia brookensis Sapindopsis","no ovules","0",NA,"ancestral reconstruction","Lopez-Martinez et al. (2023) | PROTEUS",NA
"94","Platanocarpus brookensis Aquia brookensis Sapindopsis","sex of flowers","1",NA,"ancestral reconstruction","Lopez-Martinez et al. (2023) | PROTEUS",NA
"95","Platanocarpus brookensis Aquia brookensis Sapindopsis","anther attachment","0",NA,"ancestral reconstruction","Lopez-Martinez et al. (2023) | PROTEUS",NA
"96","Platanocarpus brookensis Aquia brookensis Sapindopsis","anther dehiscence","1",NA,"ancestral reconstruction","Lopez-Martinez et al. (2023) | PROTEUS",NA
"97","Platanocarpus brookensis Aquia brookensis Sapindopsis","fusion of ovaries","0",NA,"ancestral reconstruction","Lopez-Martinez et al. (2023) | PROTEUS",NA
"98","Potomacanthus lobatus","no ovules","0",NA,"ancestral reconstruction","Lopez-Martinez et al. (2023) | PROTEUS",NA
"99","Potomacanthus lobatus","sex of flowers","0",NA,"ancestral reconstruction","Lopez-Martinez et al. (2023) | PROTEUS",NA
"100","Potomacanthus lobatus","ovary position","0",NA,"ancestral reconstruction","Lopez-Martinez et al. (2023) | PROTEUS",NA
"101","Potomacanthus lobatus","anther orientation","1",NA,"ancestral reconstruction","Lopez-Martinez et al. (2023) | PROTEUS",NA
"102","Potomacanthus lobatus","anther attachment","0",NA,"ancestral reconstruction","Lopez-Martinez et al. (2023) | PROTEUS",NA
"103","Potomacanthus lobatus","anther dehiscence","2",NA,"ancestral reconstruction","Lopez-Martinez et al. (2023) | PROTEUS",NA
"104","Saportanthus brachystemon","no ovules","0",NA,"ancestral reconstruction","Lopez-Martinez et al. (2023) | PROTEUS",NA
"105","Saportanthus brachystemon","sex of flowers","0",NA,"ancestral reconstruction","Lopez-Martinez et al. (2023) | PROTEUS",NA
"106","Saportanthus brachystemon","ovary position","1",NA,"ancestral reconstruction","Lopez-Martinez et al. (2023) | PROTEUS",NA
"107","Saportanthus brachystemon","anther orientation","1&2",NA,"ancestral reconstruction","Lopez-Martinez et al. (2023) | PROTEUS",NA
"108","Saportanthus brachystemon","anther attachment","0",NA,"ancestral reconstruction","Lopez-Martinez et al. (2023) | PROTEUS",NA
"109","Saportanthus brachystemon","anther dehiscence","1",NA,"ancestral reconstruction","Lopez-Martinez et al. (2023) | PROTEUS",NA
"110","Saportanthus brachystemon","fusion of ovaries","1",NA,"ancestral reconstruction","Lopez-Martinez et al. (2023) | PROTEUS",NA
"111","Saportanthus dolichostemon","no ovules","0",NA,"ancestral reconstruction","Lopez-Martinez et al. (2023) | PROTEUS",NA
"112","Saportanthus dolichostemon","sex of flowers","0",NA,"ancestral reconstruction","Lopez-Martinez et al. (2023) | PROTEUS",NA
"113","Saportanthus dolichostemon","ovary position","1",NA,"ancestral reconstruction","Lopez-Martinez et al. (2023) | PROTEUS",NA
"114","Saportanthus dolichostemon","anther orientation","1&2",NA,"ancestral reconstruction","Lopez-Martinez et al. (2023) | PROTEUS",NA
"115","Saportanthus dolichostemon","anther attachment","0",NA,"ancestral reconstruction","Lopez-Martinez et al. (2023) | PROTEUS",NA
"116","Saportanthus dolichostemon","anther dehiscence","1",NA,"ancestral reconstruction","Lopez-Martinez et al. (2023) | PROTEUS",NA
"117","Saportanthus dolichostemon","fusion of ovaries","1",NA,"ancestral reconstruction","Lopez-Martinez et al. (2023) | PROTEUS",NA
"118","Saportanthus parvus","no ovules","0",NA,"ancestral reconstruction","Lopez-Martinez et al. (2023) | PROTEUS",NA
"119","Saportanthus parvus","sex of flowers","0",NA,"ancestral reconstruction","Lopez-Martinez et al. (2023) | PROTEUS",NA
"120","Saportanthus parvus","anther orientation","1&2",NA,"ancestral reconstruction","Lopez-Martinez et al. (2023) | PROTEUS",NA
"121","Saportanthus parvus","anther attachment","0",NA,"ancestral reconstruction","Lopez-Martinez et al. (2023) | PROTEUS",NA
"122","Saportanthus parvus","anther dehiscence","1",NA,"ancestral reconstruction","Lopez-Martinez et al. (2023) | PROTEUS",NA
"123","Schenkeriphyllum glanduliferum","sex of flowers","0",NA,"ancestral reconstruction","Lopez-Martinez et al. (2023) | PROTEUS",NA
"124","Schenkeriphyllum glanduliferum","ovary position","0",NA,"ancestral reconstruction","Lopez-Martinez et al. (2023) | PROTEUS",NA
"125","Schenkeriphyllum glanduliferum","fusion of ovaries","0",NA,"ancestral reconstruction","Lopez-Martinez et al. (2023) | PROTEUS",NA
"126","Teixeiraea lusitanica","sex of flowers","1",NA,"ancestral reconstruction","Lopez-Martinez et al. (2023) | PROTEUS",NA
"127","Teixeiraea lusitanica","anther orientation","0",NA,"ancestral reconstruction","Lopez-Martinez et al. (2023) | PROTEUS",NA
"128","Teixeiraea lusitanica","anther attachment","0",NA,"ancestral reconstruction","Lopez-Martinez et al. (2023) | PROTEUS",NA
"129","Teixeiraea lusitanica","anther dehiscence","0",NA,"ancestral reconstruction","Lopez-Martinez et al. (2023) | PROTEUS",NA
"130","Virginianthus calycanthoides","no ovules","1",NA,"ancestral reconstruction","Lopez-Martinez et al. (2023) | PROTEUS",NA
"131","Virginianthus calycanthoides","sex of flowers","0",NA,"ancestral reconstruction","Lopez-Martinez et al. (2023) | PROTEUS",NA
"132","Virginianthus calycanthoides","ovary position","0",NA,"ancestral reconstruction","Lopez-Martinez et al. (2023) | PROTEUS",NA
"133","Virginianthus calycanthoides","anther orientation","2",NA,"ancestral reconstruction","Lopez-Martinez et al. (2023) | PROTEUS",NA
"134","Virginianthus calycanthoides","anther attachment","0",NA,"ancestral reconstruction","Lopez-Martinez et al. (2023) | PROTEUS",NA
"135","Virginianthus calycanthoides","anther dehiscence","1",NA,"ancestral reconstruction","Lopez-Martinez et al. (2023) | PROTEUS",NA
"136","Virginianthus calycanthoides","fusion of ovaries","0",NA,"ancestral reconstruction","Lopez-Martinez et al. (2023) | PROTEUS",NA
"137","Actinocalyx bohrii","sex of flowers","0",NA,"ancestral reconstruction","Lopez-Martinez et al. (2023) | PROTEUS",NA
"138","Actinocalyx bohrii","ovary position","0",NA,"ancestral reconstruction","Lopez-Martinez et al. (2023) | PROTEUS",NA
"139","Actinocalyx bohrii","anther orientation","0",NA,"ancestral reconstruction","Lopez-Martinez et al. (2023) | PROTEUS",NA
"140","Actinocalyx bohrii","anther attachment","0",NA,"ancestral reconstruction","Lopez-Martinez et al. (2023) | PROTEUS",NA
"141","Actinocalyx bohrii","anther dehiscence","0",NA,"ancestral reconstruction","Lopez-Martinez et al. (2023) | PROTEUS",NA
"142","Actinocalyx bohrii","fusion of ovaries","1",NA,"ancestral reconstruction","Lopez-Martinez et al. (2023) | PROTEUS",NA
"143","Allonia decandra","anther orientation","0",NA,"ancestral reconstruction","Lopez-Martinez et al. (2023) | PROTEUS",NA
"144","Allonia decandra","anther attachment","0",NA,"ancestral reconstruction","Lopez-Martinez et al. (2023) | PROTEUS",NA
"145","Allonia decandra","anther dehiscence","1",NA,"ancestral reconstruction","Lopez-Martinez et al. (2023) | PROTEUS",NA
"146","Androdecidua endressii","anther orientation","1",NA,"ancestral reconstruction","Lopez-Martinez et al. (2023) | PROTEUS",NA
"147","Androdecidua endressii","anther attachment","0",NA,"ancestral reconstruction","Lopez-Martinez et al. (2023) | PROTEUS",NA
"148","Androdecidua endressii","anther dehiscence","2",NA,"ancestral reconstruction","Lopez-Martinez et al. (2023) | PROTEUS",NA
"149","Antiquacupula sulcata","no ovules","1",NA,"ancestral reconstruction","Lopez-Martinez et al. (2023) | PROTEUS",NA
"150","Antiquacupula sulcata","sex of flowers","0",NA,"ancestral reconstruction","Lopez-Martinez et al. (2023) | PROTEUS",NA
"151","Antiquacupula sulcata","ovary position","1",NA,"ancestral reconstruction","Lopez-Martinez et al. (2023) | PROTEUS",NA
"152","Antiquacupula sulcata","anther attachment","1",NA,"ancestral reconstruction","Lopez-Martinez et al. (2023) | PROTEUS",NA
"153","Antiquacupula sulcata","anther dehiscence","0",NA,"ancestral reconstruction","Lopez-Martinez et al. (2023) | PROTEUS",NA
"154","Antiquacupula sulcata","fusion of ovaries","1",NA,"ancestral reconstruction","Lopez-Martinez et al. (2023) | PROTEUS",NA
"155","Antiquocarya verruculosa","no ovules","0",NA,"ancestral reconstruction","Lopez-Martinez et al. (2023) | PROTEUS",NA
"156","Antiquocarya verruculosa","sex of flowers","0",NA,"ancestral reconstruction","Lopez-Martinez et al. (2023) | PROTEUS",NA
"157","Antiquocarya verruculosa","ovary position","1",NA,"ancestral reconstruction","Lopez-Martinez et al. (2023) | PROTEUS",NA
"158","Antiquocarya verruculosa","anther orientation","1",NA,"ancestral reconstruction","Lopez-Martinez et al. (2023) | PROTEUS",NA
"159","Antiquocarya verruculosa","anther dehiscence","0",NA,"ancestral reconstruction","Lopez-Martinez et al. (2023) | PROTEUS",NA
"160","Archaefagacea futabensis","no ovules","1",NA,"ancestral reconstruction","Lopez-Martinez et al. (2023) | PROTEUS",NA
"161","Archaefagacea futabensis","sex of flowers","0",NA,"ancestral reconstruction","Lopez-Martinez et al. (2023) | PROTEUS",NA
"162","Archaefagacea futabensis","ovary position","1",NA,"ancestral reconstruction","Lopez-Martinez et al. (2023) | PROTEUS",NA
"163","Archaefagacea futabensis","fusion of ovaries","1",NA,"ancestral reconstruction","Lopez-Martinez et al. (2023) | PROTEUS",NA
"164","Archaestella verticillatus","no ovules","2",NA,"ancestral reconstruction","Lopez-Martinez et al. (2023) | PROTEUS",NA
"165","Archaestella verticillatus","sex of flowers","0",NA,"ancestral reconstruction","Lopez-Martinez et al. (2023) | PROTEUS",NA
"166","Archaestella verticillatus","ovary position","1",NA,"ancestral reconstruction","Lopez-Martinez et al. (2023) | PROTEUS",NA
"167","Archaestella verticillatus","anther attachment","0",NA,"ancestral reconstruction","Lopez-Martinez et al. (2023) | PROTEUS",NA
"168","Archaestella verticillatus","fusion of ovaries","1",NA,"ancestral reconstruction","Lopez-Martinez et al. (2023) | PROTEUS",NA
"169","Archamamelis bivalvis","ovary position","1",NA,"ancestral reconstruction","Lopez-Martinez et al. (2023) | PROTEUS",NA
"170","Archamamelis bivalvis","anther orientation","0",NA,"ancestral reconstruction","Lopez-Martinez et al. (2023) | PROTEUS",NA
"171","Archamamelis bivalvis","anther attachment","0",NA,"ancestral reconstruction","Lopez-Martinez et al. (2023) | PROTEUS",NA
"172","Archamamelis bivalvis","anther dehiscence","2",NA,"ancestral reconstruction","Lopez-Martinez et al. (2023) | PROTEUS",NA
"173","Archamamelis bivalvis","fusion of ovaries","1",NA,"ancestral reconstruction","Lopez-Martinez et al. (2023) | PROTEUS",NA
"174","Bedellia pusilla","sex of flowers","1",NA,"ancestral reconstruction","Lopez-Martinez et al. (2023) | PROTEUS",NA
"175","Bedellia pusilla","anther attachment","0",NA,"ancestral reconstruction","Lopez-Martinez et al. (2023) | PROTEUS",NA
"176","Bedellia pusilla","anther dehiscence","0",NA,"ancestral reconstruction","Lopez-Martinez et al. (2023) | PROTEUS",NA
"177","Bertilanthus scanicus","no ovules","2",NA,"ancestral reconstruction","Lopez-Martinez et al. (2023) | PROTEUS",NA
"178","Bertilanthus scanicus","sex of flowers","0",NA,"ancestral reconstruction","Lopez-Martinez et al. (2023) | PROTEUS",NA
"179","Bertilanthus scanicus","ovary position","1",NA,"ancestral reconstruction","Lopez-Martinez et al. (2023) | PROTEUS",NA
"180","Bertilanthus scanicus","anther orientation","0&1",NA,"ancestral reconstruction","Lopez-Martinez et al. (2023) | PROTEUS",NA
"181","Bertilanthus scanicus","anther attachment","1",NA,"ancestral reconstruction","Lopez-Martinez et al. (2023) | PROTEUS",NA
"182","Bertilanthus scanicus","anther dehiscence","0",NA,"ancestral reconstruction","Lopez-Martinez et al. (2023) | PROTEUS",NA
"183","Bertilanthus scanicus","fusion of ovaries","1",NA,"ancestral reconstruction","Lopez-Martinez et al. (2023) | PROTEUS",NA
"184","Budvaricarpus serialis","no ovules","0",NA,"ancestral reconstruction","Lopez-Martinez et al. (2023) | PROTEUS",NA
"185","Budvaricarpus serialis","sex of flowers","0",NA,"ancestral reconstruction","Lopez-Martinez et al. (2023) | PROTEUS",NA
"186","Budvaricarpus serialis","ovary position","1",NA,"ancestral reconstruction","Lopez-Martinez et al. (2023) | PROTEUS",NA
"187","Budvaricarpus serialis","fusion of ovaries","1",NA,"ancestral reconstruction","Lopez-Martinez et al. (2023) | PROTEUS",NA
"188","Caliciflora mauldiniensis","sex of flowers","0",NA,"ancestral reconstruction","Lopez-Martinez et al. (2023) | PROTEUS",NA
"189","Caliciflora mauldiniensis","ovary position","0",NA,"ancestral reconstruction","Lopez-Martinez et al. (2023) | PROTEUS",NA
"190","Caliciflora mauldiniensis","anther orientation","0&1",NA,"ancestral reconstruction","Lopez-Martinez et al. (2023) | PROTEUS",NA
"191","Caliciflora mauldiniensis","anther attachment","1",NA,"ancestral reconstruction","Lopez-Martinez et al. (2023) | PROTEUS",NA
"192","Caliciflora mauldiniensis","fusion of ovaries","0",NA,"ancestral reconstruction","Lopez-Martinez et al. (2023) | PROTEUS",NA
"193","Callicrypta chlamydea","sex of flowers","1",NA,"ancestral reconstruction","Lopez-Martinez et al. (2023) | PROTEUS",NA
"194","Callicrypta chlamydea","ovary position","0",NA,"ancestral reconstruction","Lopez-Martinez et al. (2023) | PROTEUS",NA
"195","Callicrypta chlamydea","fusion of ovaries","0",NA,"ancestral reconstruction","Lopez-Martinez et al. (2023) | PROTEUS",NA
"196","Caryanthus knoblochii","no ovules","0",NA,"ancestral reconstruction","Lopez-Martinez et al. (2023) | PROTEUS",NA
"197","Caryanthus knoblochii","sex of flowers","0",NA,"ancestral reconstruction","Lopez-Martinez et al. (2023) | PROTEUS",NA
"198","Caryanthus knoblochii","ovary position","1",NA,"ancestral reconstruction","Lopez-Martinez et al. (2023) | PROTEUS",NA
"199","Caryanthus knoblochii","fusion of ovaries","1",NA,"ancestral reconstruction","Lopez-Martinez et al. (2023) | PROTEUS",NA
"200","Cecilanthus polymerus","no ovules","0",NA,"ancestral reconstruction","Lopez-Martinez et al. (2023) | PROTEUS",NA
"201","Cecilanthus polymerus","sex of flowers","0",NA,"ancestral reconstruction","Lopez-Martinez et al. (2023) | PROTEUS",NA
"202","Cecilanthus polymerus","ovary position","0",NA,"ancestral reconstruction","Lopez-Martinez et al. (2023) | PROTEUS",NA
"203","Cecilanthus polymerus","anther orientation","0",NA,"ancestral reconstruction","Lopez-Martinez et al. (2023) | PROTEUS",NA
"204","Cecilanthus polymerus","anther attachment","0",NA,"ancestral reconstruction","Lopez-Martinez et al. (2023) | PROTEUS",NA
"205","Cecilanthus polymerus","anther dehiscence","1",NA,"ancestral reconstruction","Lopez-Martinez et al. (2023) | PROTEUS",NA
"206","Cecilanthus polymerus","fusion of ovaries","0",NA,"ancestral reconstruction","Lopez-Martinez et al. (2023) | PROTEUS",NA
"207","Chloranthistemon alatus","no ovules","0",NA,"ancestral reconstruction","Lopez-Martinez et al. (2023) | PROTEUS",NA
"208","Chloranthistemon alatus","sex of flowers","0",NA,"ancestral reconstruction","Lopez-Martinez et al. (2023) | PROTEUS",NA
"209","Chloranthistemon alatus","anther orientation","0",NA,"ancestral reconstruction","Lopez-Martinez et al. (2023) | PROTEUS",NA
"210","Chloranthistemon alatus","anther dehiscence","1",NA,"ancestral reconstruction","Lopez-Martinez et al. (2023) | PROTEUS",NA
"211","Chloranthistemon endressii","no ovules","0",NA,"ancestral reconstruction","Lopez-Martinez et al. (2023) | PROTEUS",NA
"212","Chloranthistemon endressii","sex of flowers","0",NA,"ancestral reconstruction","Lopez-Martinez et al. (2023) | PROTEUS",NA
"213","Chloranthistemon endressii","anther orientation","0",NA,"ancestral reconstruction","Lopez-Martinez et al. (2023) | PROTEUS",NA
"214","Chloranthistemon endressii","anther attachment","0",NA,"ancestral reconstruction","Lopez-Martinez et al. (2023) | PROTEUS",NA
"215","Chloranthistemon endressii","anther dehiscence","1",NA,"ancestral reconstruction","Lopez-Martinez et al. (2023) | PROTEUS",NA
"216","Coahuilanthus belindae","sex of flowers","0",NA,"ancestral reconstruction","Lopez-Martinez et al. (2023) | PROTEUS",NA
"217","Coahuilanthus belindae","ovary position","0",NA,"ancestral reconstruction","Lopez-Martinez et al. (2023) | PROTEUS",NA
"218","Coahuilanthus belindae","anther attachment","0",NA,"ancestral reconstruction","Lopez-Martinez et al. (2023) | PROTEUS",NA
"219","Cronquistiflora sayrevillensis","no ovules","2",NA,"ancestral reconstruction","Lopez-Martinez et al. (2023) | PROTEUS",NA
"220","Cronquistiflora sayrevillensis","sex of flowers","0",NA,"ancestral reconstruction","Lopez-Martinez et al. (2023) | PROTEUS",NA
"221","Cronquistiflora sayrevillensis","ovary position","0",NA,"ancestral reconstruction","Lopez-Martinez et al. (2023) | PROTEUS",NA
"222","Cronquistiflora sayrevillensis","fusion of ovaries","0",NA,"ancestral reconstruction","Lopez-Martinez et al. (2023) | PROTEUS",NA
"223","Detrusandra mystagoga","sex of flowers","0",NA,"ancestral reconstruction","Lopez-Martinez et al. (2023) | PROTEUS",NA
"224","Detrusandra mystagoga","ovary position","0",NA,"ancestral reconstruction","Lopez-Martinez et al. (2023) | PROTEUS",NA
"225","Detrusandra mystagoga","anther orientation","0",NA,"ancestral reconstruction","Lopez-Martinez et al. (2023) | PROTEUS",NA
"226","Detrusandra mystagoga","anther attachment","0",NA,"ancestral reconstruction","Lopez-Martinez et al. (2023) | PROTEUS",NA
"227","Detrusandra mystagoga","anther dehiscence","1",NA,"ancestral reconstruction","Lopez-Martinez et al. (2023) | PROTEUS",NA
"228","Detrusandra mystagoga","fusion of ovaries","0",NA,"ancestral reconstruction","Lopez-Martinez et al. (2023) | PROTEUS",NA
"229","Divisestylus brevistamineus","no ovules","2",NA,"ancestral reconstruction","Lopez-Martinez et al. (2023) | PROTEUS",NA
"230","Divisestylus brevistamineus","sex of flowers","0",NA,"ancestral reconstruction","Lopez-Martinez et al. (2023) | PROTEUS",NA
"231","Divisestylus brevistamineus","ovary position","1",NA,"ancestral reconstruction","Lopez-Martinez et al. (2023) | PROTEUS",NA
"232","Divisestylus brevistamineus","anther orientation","0&1",NA,"ancestral reconstruction","Lopez-Martinez et al. (2023) | PROTEUS",NA
"233","Divisestylus brevistamineus","anther attachment","0",NA,"ancestral reconstruction","Lopez-Martinez et al. (2023) | PROTEUS",NA
"234","Divisestylus brevistamineus","fusion of ovaries","1",NA,"ancestral reconstruction","Lopez-Martinez et al. (2023) | PROTEUS",NA
"235","Dressiantha bicarpellata","sex of flowers","0",NA,"ancestral reconstruction","Lopez-Martinez et al. (2023) | PROTEUS",NA
"236","Dressiantha bicarpellata","ovary position","0",NA,"ancestral reconstruction","Lopez-Martinez et al. (2023) | PROTEUS",NA
"237","Dressiantha bicarpellata","anther orientation","0",NA,"ancestral reconstruction","Lopez-Martinez et al. (2023) | PROTEUS",NA
"238","Dressiantha bicarpellata","anther attachment","0",NA,"ancestral reconstruction","Lopez-Martinez et al. (2023) | PROTEUS",NA
"239","Dressiantha bicarpellata","anther dehiscence","0",NA,"ancestral reconstruction","Lopez-Martinez et al. (2023) | PROTEUS",NA
"240","Dressiantha bicarpellata","fusion of ovaries","1",NA,"ancestral reconstruction","Lopez-Martinez et al. (2023) | PROTEUS",NA
"241","Endressianthus miraensis","no ovules","0",NA,"ancestral reconstruction","Lopez-Martinez et al. (2023) | PROTEUS",NA
"242","Endressianthus miraensis","sex of flowers","1",NA,"ancestral reconstruction","Lopez-Martinez et al. (2023) | PROTEUS",NA
"243","Endressianthus miraensis","ovary position","1",NA,"ancestral reconstruction","Lopez-Martinez et al. (2023) | PROTEUS",NA
"244","Endressianthus miraensis","anther orientation","1",NA,"ancestral reconstruction","Lopez-Martinez et al. (2023) | PROTEUS",NA
"245","Endressianthus miraensis","anther attachment","0",NA,"ancestral reconstruction","Lopez-Martinez et al. (2023) | PROTEUS",NA
"246","Endressianthus miraensis","anther dehiscence","0",NA,"ancestral reconstruction","Lopez-Martinez et al. (2023) | PROTEUS",NA
"247","Endressianthus miraensis","fusion of ovaries","1",NA,"ancestral reconstruction","Lopez-Martinez et al. (2023) | PROTEUS",NA
"248","Esgueiria adenocarpa","no ovules","1",NA,"ancestral reconstruction","Lopez-Martinez et al. (2023) | PROTEUS",NA
"249","Esgueiria adenocarpa","sex of flowers","0",NA,"ancestral reconstruction","Lopez-Martinez et al. (2023) | PROTEUS",NA
"250","Esgueiria adenocarpa","ovary position","1",NA,"ancestral reconstruction","Lopez-Martinez et al. (2023) | PROTEUS",NA
"251","Esgueiria adenocarpa","anther orientation","0",NA,"ancestral reconstruction","Lopez-Martinez et al. (2023) | PROTEUS",NA
"252","Esgueiria adenocarpa","anther attachment","1",NA,"ancestral reconstruction","Lopez-Martinez et al. (2023) | PROTEUS",NA
"253","Esgueiria adenocarpa","fusion of ovaries","1",NA,"ancestral reconstruction","Lopez-Martinez et al. (2023) | PROTEUS",NA
"254","Esgueiria futabensis","sex of flowers","0",NA,"ancestral reconstruction","Lopez-Martinez et al. (2023) | PROTEUS",NA
"255","Esgueiria futabensis","ovary position","1",NA,"ancestral reconstruction","Lopez-Martinez et al. (2023) | PROTEUS",NA
"256","Esgueiria futabensis","fusion of ovaries","1",NA,"ancestral reconstruction","Lopez-Martinez et al. (2023) | PROTEUS",NA
"257","Futabanthus asamigawaensis","sex of flowers","0",NA,"ancestral reconstruction","Lopez-Martinez et al. (2023) | PROTEUS",NA
"258","Futabanthus asamigawaensis","ovary position","0",NA,"ancestral reconstruction","Lopez-Martinez et al. (2023) | PROTEUS",NA
"259","Futabanthus asamigawaensis","anther orientation","1&2",NA,"ancestral reconstruction","Lopez-Martinez et al. (2023) | PROTEUS",NA
"260","Futabanthus asamigawaensis","fusion of ovaries","0",NA,"ancestral reconstruction","Lopez-Martinez et al. (2023) | PROTEUS",NA
"261","Glandulocalyx upatoiensis","no ovules","2",NA,"ancestral reconstruction","Lopez-Martinez et al. (2023) | PROTEUS",NA
"262","Glandulocalyx upatoiensis","sex of flowers","0",NA,"ancestral reconstruction","Lopez-Martinez et al. (2023) | PROTEUS",NA
"263","Glandulocalyx upatoiensis","ovary position","0",NA,"ancestral reconstruction","Lopez-Martinez et al. (2023) | PROTEUS",NA
"264","Glandulocalyx upatoiensis","fusion of ovaries","1",NA,"ancestral reconstruction","Lopez-Martinez et al. (2023) | PROTEUS",NA
"265","Jerseyanthus calycanthoides","sex of flowers","0",NA,"ancestral reconstruction","Lopez-Martinez et al. (2023) | PROTEUS",NA
"266","Jerseyanthus calycanthoides","ovary position","0",NA,"ancestral reconstruction","Lopez-Martinez et al. (2023) | PROTEUS",NA
"267","Jerseyanthus calycanthoides","anther orientation","1&2",NA,"ancestral reconstruction","Lopez-Martinez et al. (2023) | PROTEUS",NA
"268","Jerseyanthus calycanthoides","anther attachment","0",NA,"ancestral reconstruction","Lopez-Martinez et al. (2023) | PROTEUS",NA
"269","Jerseyanthus calycanthoides","anther dehiscence","1",NA,"ancestral reconstruction","Lopez-Martinez et al. (2023) | PROTEUS",NA
"270","Jerseyanthus calycanthoides","fusion of ovaries","0",NA,"ancestral reconstruction","Lopez-Martinez et al. (2023) | PROTEUS",NA
"271","Lauranthus futabensis","sex of flowers","1",NA,"ancestral reconstruction","Lopez-Martinez et al. (2023) | PROTEUS",NA
"272","Lauranthus futabensis","anther orientation","0&1&2",NA,"ancestral reconstruction","Lopez-Martinez et al. (2023) | PROTEUS",NA
"273","Lauranthus futabensis","anther dehiscence","2",NA,"ancestral reconstruction","Lopez-Martinez et al. (2023) | PROTEUS",NA
"274","Mabelia archaia","sex of flowers","1",NA,"ancestral reconstruction","Lopez-Martinez et al. (2023) | PROTEUS",NA
"275","Mabelia archaia","anther orientation","2",NA,"ancestral reconstruction","Lopez-Martinez et al. (2023) | PROTEUS",NA
"276","Mabelia archaia","anther dehiscence","0",NA,"ancestral reconstruction","Lopez-Martinez et al. (2023) | PROTEUS",NA
"277","Mabelia connatifila","sex of flowers","1",NA,"ancestral reconstruction","Lopez-Martinez et al. (2023) | PROTEUS",NA
"278","Mabelia connatifila","anther orientation","2",NA,"ancestral reconstruction","Lopez-Martinez et al. (2023) | PROTEUS",NA
"279","Mabelia connatifila","anther attachment","1",NA,"ancestral reconstruction","Lopez-Martinez et al. (2023) | PROTEUS",NA
"280","Mabelia connatifila","anther dehiscence","0",NA,"ancestral reconstruction","Lopez-Martinez et al. (2023) | PROTEUS",NA
"281","Manningia crassa","no ovules","0",NA,"ancestral reconstruction","Lopez-Martinez et al. (2023) | PROTEUS",NA
"282","Manningia crassa","sex of flowers","0",NA,"ancestral reconstruction","Lopez-Martinez et al. (2023) | PROTEUS",NA
"283","Manningia crassa","ovary position","1",NA,"ancestral reconstruction","Lopez-Martinez et al. (2023) | PROTEUS",NA
"284","Mauldinia bohemica","sex of flowers","0",NA,"ancestral reconstruction","Lopez-Martinez et al. (2023) | PROTEUS",NA
"285","Mauldinia bohemica","ovary position","0",NA,"ancestral reconstruction","Lopez-Martinez et al. (2023) | PROTEUS",NA
"286","Mauldinia bohemica","anther orientation","0&2",NA,"ancestral reconstruction","Lopez-Martinez et al. (2023) | PROTEUS",NA
"287","Mauldinia bohemica","anther dehiscence","2",NA,"ancestral reconstruction","Lopez-Martinez et al. (2023) | PROTEUS",NA
"288","Mauldinia hirsuta","sex of flowers","0",NA,"ancestral reconstruction","Lopez-Martinez et al. (2023) | PROTEUS",NA
"289","Mauldinia hirsuta","ovary position","0",NA,"ancestral reconstruction","Lopez-Martinez et al. (2023) | PROTEUS",NA
"290","Mauldinia mirabilis","no ovules","0",NA,"ancestral reconstruction","Lopez-Martinez et al. (2023) | PROTEUS",NA
"291","Mauldinia mirabilis","sex of flowers","0",NA,"ancestral reconstruction","Lopez-Martinez et al. (2023) | PROTEUS",NA
"292","Mauldinia mirabilis","ovary position","0",NA,"ancestral reconstruction","Lopez-Martinez et al. (2023) | PROTEUS",NA
"293","Mauldinia mirabilis","anther orientation","0&1&2",NA,"ancestral reconstruction","Lopez-Martinez et al. (2023) | PROTEUS",NA
"294","Mauldinia mirabilis","anther attachment","0",NA,"ancestral reconstruction","Lopez-Martinez et al. (2023) | PROTEUS",NA
"295","Mauldinia mirabilis","anther dehiscence","2",NA,"ancestral reconstruction","Lopez-Martinez et al. (2023) | PROTEUS",NA
"296","Microaltingia apocarpela","no ovules","0&1&2",NA,"ancestral reconstruction","Lopez-Martinez et al. (2023) | PROTEUS",NA
"297","Microaltingia apocarpela","sex of flowers","1",NA,"ancestral reconstruction","Lopez-Martinez et al. (2023) | PROTEUS",NA
"298","Microaltingia apocarpela","ovary position","1",NA,"ancestral reconstruction","Lopez-Martinez et al. (2023) | PROTEUS",NA
"299","Microaltingia apocarpela","fusion of ovaries","1",NA,"ancestral reconstruction","Lopez-Martinez et al. (2023) | PROTEUS",NA
"300","Microlaurus perigynus","no ovules","0",NA,"ancestral reconstruction","Lopez-Martinez et al. (2023) | PROTEUS",NA
"301","Microlaurus perigynus","sex of flowers","0",NA,"ancestral reconstruction","Lopez-Martinez et al. (2023) | PROTEUS",NA
"302","Microlaurus perigynus","ovary position","0",NA,"ancestral reconstruction","Lopez-Martinez et al. (2023) | PROTEUS",NA
"303","Microlaurus perigynus","anther orientation","0&2",NA,"ancestral reconstruction","Lopez-Martinez et al. (2023) | PROTEUS",NA
"304","Microlaurus perigynus","anther dehiscence","2",NA,"ancestral reconstruction","Lopez-Martinez et al. (2023) | PROTEUS",NA
"305","Microvictoria svitkoana","sex of flowers","0",NA,"ancestral reconstruction","Lopez-Martinez et al. (2023) | PROTEUS",NA
"306","Microvictoria svitkoana","ovary position","0",NA,"ancestral reconstruction","Lopez-Martinez et al. (2023) | PROTEUS",NA
"307","Microvictoria svitkoana","anther attachment","0",NA,"ancestral reconstruction","Lopez-Martinez et al. (2023) | PROTEUS",NA
"308","Microvictoria svitkoana","fusion of ovaries","0",NA,"ancestral reconstruction","Lopez-Martinez et al. (2023) | PROTEUS",NA
"309","Miranthus elegans","sex of flowers","0",NA,"ancestral reconstruction","Lopez-Martinez et al. (2023) | PROTEUS",NA
"310","Miranthus elegans","ovary position","1",NA,"ancestral reconstruction","Lopez-Martinez et al. (2023) | PROTEUS",NA
"311","Miranthus elegans","fusion of ovaries","1",NA,"ancestral reconstruction","Lopez-Martinez et al. (2023) | PROTEUS",NA
"312","Neusenia tetrasporangiata","sex of flowers","0",NA,"ancestral reconstruction","Lopez-Martinez et al. (2023) | PROTEUS",NA
"313","Neusenia tetrasporangiata","anther orientation","0&1&2",NA,"ancestral reconstruction","Lopez-Martinez et al. (2023) | PROTEUS",NA
"314","Neusenia tetrasporangiata","anther attachment","0",NA,"ancestral reconstruction","Lopez-Martinez et al. (2023) | PROTEUS",NA
"315","Neusenia tetrasporangiata","anther dehiscence","1",NA,"ancestral reconstruction","Lopez-Martinez et al. (2023) | PROTEUS",NA
"316","Noferinia fusicarpa","sex of flowers","0",NA,"ancestral reconstruction","Lopez-Martinez et al. (2023) | PROTEUS",NA
"317","Noferinia fusicarpa","ovary position","1",NA,"ancestral reconstruction","Lopez-Martinez et al. (2023) | PROTEUS",NA
"318","Noferinia fusicarpa","fusion of ovaries","1",NA,"ancestral reconstruction","Lopez-Martinez et al. (2023) | PROTEUS",NA
"319","Normanthus miraensis","no ovules","0",NA,"ancestral reconstruction","Lopez-Martinez et al. (2023) | PROTEUS",NA
"320","Normanthus miraensis","sex of flowers","0",NA,"ancestral reconstruction","Lopez-Martinez et al. (2023) | PROTEUS",NA
"321","Normanthus miraensis","ovary position","1",NA,"ancestral reconstruction","Lopez-Martinez et al. (2023) | PROTEUS",NA
"322","Normanthus miraensis","anther orientation","1",NA,"ancestral reconstruction","Lopez-Martinez et al. (2023) | PROTEUS",NA
"323","Normanthus miraensis","anther attachment","0",NA,"ancestral reconstruction","Lopez-Martinez et al. (2023) | PROTEUS",NA
"324","Normanthus miraensis","anther dehiscence","0",NA,"ancestral reconstruction","Lopez-Martinez et al. (2023) | PROTEUS",NA
"325","Normanthus miraensis","fusion of ovaries","1",NA,"ancestral reconstruction","Lopez-Martinez et al. (2023) | PROTEUS",NA
"326","Nuhliantha nyanzaiana","sex of flowers","0",NA,"ancestral reconstruction","Lopez-Martinez et al. (2023) | PROTEUS",NA
"327","Nuhliantha nyanzaiana","anther orientation","2",NA,"ancestral reconstruction","Lopez-Martinez et al. (2023) | PROTEUS",NA
"328","Nuhliantha nyanzaiana","anther dehiscence","0",NA,"ancestral reconstruction","Lopez-Martinez et al. (2023) | PROTEUS",NA
"329","Paleoclusia chevalieri","no ovules","2",NA,"ancestral reconstruction","Lopez-Martinez et al. (2023) | PROTEUS",NA
"330","Paleoclusia chevalieri","ovary position","0",NA,"ancestral reconstruction","Lopez-Martinez et al. (2023) | PROTEUS",NA
"331","Paleoclusia chevalieri","anther attachment","1",NA,"ancestral reconstruction","Lopez-Martinez et al. (2023) | PROTEUS",NA
"332","Paleoclusia chevalieri","anther dehiscence","0",NA,"ancestral reconstruction","Lopez-Martinez et al. (2023) | PROTEUS",NA
"333","Paleoclusia chevalieri","fusion of ovaries","1",NA,"ancestral reconstruction","Lopez-Martinez et al. (2023) | PROTEUS",NA
"334","Paleoenkianthus sayrevillensis","sex of flowers","0",NA,"ancestral reconstruction","Lopez-Martinez et al. (2023) | PROTEUS",NA
"335","Paleoenkianthus sayrevillensis","ovary position","0",NA,"ancestral reconstruction","Lopez-Martinez et al. (2023) | PROTEUS",NA
"336","Paleoenkianthus sayrevillensis","anther attachment","0",NA,"ancestral reconstruction","Lopez-Martinez et al. (2023) | PROTEUS",NA
"337","Paleoenkianthus sayrevillensis","anther dehiscence","0",NA,"ancestral reconstruction","Lopez-Martinez et al. (2023) | PROTEUS",NA
"338","Paleoenkianthus sayrevillensis","fusion of ovaries","1",NA,"ancestral reconstruction","Lopez-Martinez et al. (2023) | PROTEUS",NA
"339","Paradinandra suecica","no ovules","2",NA,"ancestral reconstruction","Lopez-Martinez et al. (2023) | PROTEUS",NA
"340","Paradinandra suecica","sex of flowers","0",NA,"ancestral reconstruction","Lopez-Martinez et al. (2023) | PROTEUS",NA
"341","Paradinandra suecica","ovary position","0",NA,"ancestral reconstruction","Lopez-Martinez et al. (2023) | PROTEUS",NA
"342","Paradinandra suecica","anther attachment","0",NA,"ancestral reconstruction","Lopez-Martinez et al. (2023) | PROTEUS",NA
"343","Paradinandra suecica","anther dehiscence","0",NA,"ancestral reconstruction","Lopez-Martinez et al. (2023) | PROTEUS",NA
"344","Paradinandra suecica","fusion of ovaries","1",NA,"ancestral reconstruction","Lopez-Martinez et al. (2023) | PROTEUS",NA
"345","Parasaurauia allonensis","sex of flowers","0",NA,"ancestral reconstruction","Lopez-Martinez et al. (2023) | PROTEUS",NA
"346","Parasaurauia allonensis","ovary position","0",NA,"ancestral reconstruction","Lopez-Martinez et al. (2023) | PROTEUS",NA
"347","Parasaurauia allonensis","anther attachment","0",NA,"ancestral reconstruction","Lopez-Martinez et al. (2023) | PROTEUS",NA
"348","Parasaurauia allonensis","fusion of ovaries","1",NA,"ancestral reconstruction","Lopez-Martinez et al. (2023) | PROTEUS",NA
"349","Pecinovia annonoides","sex of flowers","1",NA,"ancestral reconstruction","Lopez-Martinez et al. (2023) | PROTEUS",NA
"350","Pentapetalum trifasciculandricus","no ovules","2",NA,"ancestral reconstruction","Lopez-Martinez et al. (2023) | PROTEUS",NA
"351","Pentapetalum trifasciculandricus","sex of flowers","0",NA,"ancestral reconstruction","Lopez-Martinez et al. (2023) | PROTEUS",NA
"352","Pentapetalum trifasciculandricus","ovary position","0",NA,"ancestral reconstruction","Lopez-Martinez et al. (2023) | PROTEUS",NA
"353","Pentapetalum trifasciculandricus","anther attachment","0",NA,"ancestral reconstruction","Lopez-Martinez et al. (2023) | PROTEUS",NA
"354","Pentapetalum trifasciculandricus","fusion of ovaries","1",NA,"ancestral reconstruction","Lopez-Martinez et al. (2023) | PROTEUS",NA
"355","Perseanthus crossmanensis","no ovules","0",NA,"ancestral reconstruction","Lopez-Martinez et al. (2023) | PROTEUS",NA
"356","Perseanthus crossmanensis","sex of flowers","0",NA,"ancestral reconstruction","Lopez-Martinez et al. (2023) | PROTEUS",NA
"357","Perseanthus crossmanensis","ovary position","0",NA,"ancestral reconstruction","Lopez-Martinez et al. (2023) | PROTEUS",NA
"358","Platanus quedlinburgensis","sex of flowers","1",NA,"ancestral reconstruction","Lopez-Martinez et al. (2023) | PROTEUS",NA
"359","Platydiscus peltatus","no ovules","2",NA,"ancestral reconstruction","Lopez-Martinez et al. (2023) | PROTEUS",NA
"360","Platydiscus peltatus","sex of flowers","0",NA,"ancestral reconstruction","Lopez-Martinez et al. (2023) | PROTEUS",NA
"361","Platydiscus peltatus","ovary position","1",NA,"ancestral reconstruction","Lopez-Martinez et al. (2023) | PROTEUS",NA
"362","Platydiscus peltatus","anther orientation","0",NA,"ancestral reconstruction","Lopez-Martinez et al. (2023) | PROTEUS",NA
"363","Platydiscus peltatus","anther attachment","1",NA,"ancestral reconstruction","Lopez-Martinez et al. (2023) | PROTEUS",NA
"364","Platydiscus peltatus","fusion of ovaries","1",NA,"ancestral reconstruction","Lopez-Martinez et al. (2023) | PROTEUS",NA
"365","Pragocladus lauroides","sex of flowers","0",NA,"ancestral reconstruction","Lopez-Martinez et al. (2023) | PROTEUS",NA
"366","Pragocladus lauroides","anther attachment","0",NA,"ancestral reconstruction","Lopez-Martinez et al. (2023) | PROTEUS",NA
"367","Pragocladus lauroides","anther dehiscence","2",NA,"ancestral reconstruction","Lopez-Martinez et al. (2023) | PROTEUS",NA
"368","Protofagacea allonensis","sex of flowers","1",NA,"ancestral reconstruction","Lopez-Martinez et al. (2023) | PROTEUS",NA
"369","Protofagacea allonensis","ovary position","1",NA,"ancestral reconstruction","Lopez-Martinez et al. (2023) | PROTEUS",NA
"370","Protofagacea allonensis","anther attachment","1",NA,"ancestral reconstruction","Lopez-Martinez et al. (2023) | PROTEUS",NA
"371","Protofagacea allonensis","anther dehiscence","0",NA,"ancestral reconstruction","Lopez-Martinez et al. (2023) | PROTEUS",NA
"372","Quadriplatanus georgianus","no ovules","0",NA,"ancestral reconstruction","Lopez-Martinez et al. (2023) | PROTEUS",NA
"373","Quadriplatanus georgianus","sex of flowers","0&1",NA,"ancestral reconstruction","Lopez-Martinez et al. (2023) | PROTEUS",NA
"374","Quadriplatanus georgianus","ovary position","0",NA,"ancestral reconstruction","Lopez-Martinez et al. (2023) | PROTEUS",NA
"375","Quadriplatanus georgianus","anther orientation","0&1",NA,"ancestral reconstruction","Lopez-Martinez et al. (2023) | PROTEUS",NA
"376","Quadriplatanus georgianus","anther attachment","0",NA,"ancestral reconstruction","Lopez-Martinez et al. (2023) | PROTEUS",NA
"377","Quadriplatanus georgianus","anther dehiscence","1",NA,"ancestral reconstruction","Lopez-Martinez et al. (2023) | PROTEUS",NA
"378","Quadriplatanus georgianus","fusion of ovaries","0",NA,"ancestral reconstruction","Lopez-Martinez et al. (2023) | PROTEUS",NA
"379","Rariglanda jerseyensis","no ovules","2",NA,"ancestral reconstruction","Lopez-Martinez et al. (2023) | PROTEUS",NA
"380","Rariglanda jerseyensis","sex of flowers","0",NA,"ancestral reconstruction","Lopez-Martinez et al. (2023) | PROTEUS",NA
"381","Rariglanda jerseyensis","ovary position","0",NA,"ancestral reconstruction","Lopez-Martinez et al. (2023) | PROTEUS",NA
"382","Rariglanda jerseyensis","fusion of ovaries","1",NA,"ancestral reconstruction","Lopez-Martinez et al. (2023) | PROTEUS",NA
"383","Raritaniflora glandulosa","no ovules","2",NA,"ancestral reconstruction","Lopez-Martinez et al. (2023) | PROTEUS",NA
"384","Raritaniflora glandulosa","sex of flowers","0",NA,"ancestral reconstruction","Lopez-Martinez et al. (2023) | PROTEUS",NA
"385","Raritaniflora glandulosa","ovary position","0",NA,"ancestral reconstruction","Lopez-Martinez et al. (2023) | PROTEUS",NA
"386","Raritaniflora glandulosa","anther attachment","1",NA,"ancestral reconstruction","Lopez-Martinez et al. (2023) | PROTEUS",NA
"387","Raritaniflora glandulosa","anther dehiscence","0",NA,"ancestral reconstruction","Lopez-Martinez et al. (2023) | PROTEUS",NA
"388","Raritaniflora glandulosa","fusion of ovaries","1",NA,"ancestral reconstruction","Lopez-Martinez et al. (2023) | PROTEUS",NA
"389","Raritaniflora sphaerica","sex of flowers","0",NA,"ancestral reconstruction","Lopez-Martinez et al. (2023) | PROTEUS",NA
"390","Raritaniflora sphaerica","ovary position","0",NA,"ancestral reconstruction","Lopez-Martinez et al. (2023) | PROTEUS",NA
"391","Raritaniflora sphaerica","anther orientation","0&1",NA,"ancestral reconstruction","Lopez-Martinez et al. (2023) | PROTEUS",NA
"392","Raritaniflora sphaerica","anther attachment","1",NA,"ancestral reconstruction","Lopez-Martinez et al. (2023) | PROTEUS",NA
"393","Raritaniflora sphaerica","anther dehiscence","0",NA,"ancestral reconstruction","Lopez-Martinez et al. (2023) | PROTEUS",NA
"394","Raritaniflora tomentosa","no ovules","2",NA,"ancestral reconstruction","Lopez-Martinez et al. (2023) | PROTEUS",NA
"395","Raritaniflora tomentosa","sex of flowers","0",NA,"ancestral reconstruction","Lopez-Martinez et al. (2023) | PROTEUS",NA
"396","Raritaniflora tomentosa","ovary position","0",NA,"ancestral reconstruction","Lopez-Martinez et al. (2023) | PROTEUS",NA
"397","Raritaniflora tomentosa","anther orientation","0&1",NA,"ancestral reconstruction","Lopez-Martinez et al. (2023) | PROTEUS",NA
"398","Raritaniflora tomentosa","anther attachment","1",NA,"ancestral reconstruction","Lopez-Martinez et al. (2023) | PROTEUS",NA
"399","Raritaniflora tomentosa","anther dehiscence","0",NA,"ancestral reconstruction","Lopez-Martinez et al. (2023) | PROTEUS",NA
"400","Raritaniflora tomentosa","fusion of ovaries","1",NA,"ancestral reconstruction","Lopez-Martinez et al. (2023) | PROTEUS",NA
"401","Silvianthemum suecicum","no ovules","2",NA,"ancestral reconstruction","Lopez-Martinez et al. (2023) | PROTEUS",NA
"402","Silvianthemum suecicum","sex of flowers","0",NA,"ancestral reconstruction","Lopez-Martinez et al. (2023) | PROTEUS",NA
"403","Silvianthemum suecicum","ovary position","1",NA,"ancestral reconstruction","Lopez-Martinez et al. (2023) | PROTEUS",NA
"404","Silvianthemum suecicum","anther orientation","0",NA,"ancestral reconstruction","Lopez-Martinez et al. (2023) | PROTEUS",NA
"405","Silvianthemum suecicum","anther attachment","1",NA,"ancestral reconstruction","Lopez-Martinez et al. (2023) | PROTEUS",NA
"406","Silvianthemum suecicum","anther dehiscence","0",NA,"ancestral reconstruction","Lopez-Martinez et al. (2023) | PROTEUS",NA
"407","Silvianthemum suecicum","fusion of ovaries","1",NA,"ancestral reconstruction","Lopez-Martinez et al. (2023) | PROTEUS",NA
"408","Spanomera mauldinensis","sex of flowers","1",NA,"ancestral reconstruction","Lopez-Martinez et al. (2023) | PROTEUS",NA
"409","Spanomera mauldinensis","ovary position","0",NA,"ancestral reconstruction","Lopez-Martinez et al. (2023) | PROTEUS",NA
"410","Spanomera mauldinensis","anther orientation","0&1",NA,"ancestral reconstruction","Lopez-Martinez et al. (2023) | PROTEUS",NA
"411","Spanomera mauldinensis","anther attachment","1",NA,"ancestral reconstruction","Lopez-Martinez et al. (2023) | PROTEUS",NA
"412","Spanomera mauldinensis","anther dehiscence","0",NA,"ancestral reconstruction","Lopez-Martinez et al. (2023) | PROTEUS",NA
"413","Teuschestanthes squamata","no ovules","2",NA,"ancestral reconstruction","Lopez-Martinez et al. (2023) | PROTEUS",NA
"414","Teuschestanthes squamata","sex of flowers","0",NA,"ancestral reconstruction","Lopez-Martinez et al. (2023) | PROTEUS",NA
"415","Teuschestanthes squamata","ovary position","0",NA,"ancestral reconstruction","Lopez-Martinez et al. (2023) | PROTEUS",NA
"416","Teuschestanthes squamata","anther attachment","1",NA,"ancestral reconstruction","Lopez-Martinez et al. (2023) | PROTEUS",NA
"417","Teuschestanthes squamata","anther dehiscence","0",NA,"ancestral reconstruction","Lopez-Martinez et al. (2023) | PROTEUS",NA
"418","Teuschestanthes squamata","fusion of ovaries","1",NA,"ancestral reconstruction","Lopez-Martinez et al. (2023) | PROTEUS",NA
"419","Tylerianthus crossmanensis","no ovules","2",NA,"ancestral reconstruction","Lopez-Martinez et al. (2023) | PROTEUS",NA
"420","Tylerianthus crossmanensis","sex of flowers","0",NA,"ancestral reconstruction","Lopez-Martinez et al. (2023) | PROTEUS",NA
"421","Tylerianthus crossmanensis","ovary position","1",NA,"ancestral reconstruction","Lopez-Martinez et al. (2023) | PROTEUS",NA
"422","Tylerianthus crossmanensis","anther orientation","0",NA,"ancestral reconstruction","Lopez-Martinez et al. (2023) | PROTEUS",NA
"423","Tylerianthus crossmanensis","anther attachment","0",NA,"ancestral reconstruction","Lopez-Martinez et al. (2023) | PROTEUS",NA
"424","Tylerianthus crossmanensis","anther dehiscence","0",NA,"ancestral reconstruction","Lopez-Martinez et al. (2023) | PROTEUS",NA
"425","Tylerianthus crossmanensis","fusion of ovaries","1",NA,"ancestral reconstruction","Lopez-Martinez et al. (2023) | PROTEUS",NA
"426","Verneda hermaphroditica","no ovules","0",NA,"ancestral reconstruction","Lopez-Martinez et al. (2023) | PROTEUS",NA
"427","Verneda hermaphroditica","sex of flowers","0",NA,"ancestral reconstruction","Lopez-Martinez et al. (2023) | PROTEUS",NA
"428","Verneda hermaphroditica","ovary position","0",NA,"ancestral reconstruction","Lopez-Martinez et al. (2023) | PROTEUS",NA
"429","Verneda hermaphroditica","anther attachment","0",NA,"ancestral reconstruction","Lopez-Martinez et al. (2023) | PROTEUS",NA
"430","Verneda hermaphroditica","fusion of ovaries","1",NA,"ancestral reconstruction","Lopez-Martinez et al. (2023) | PROTEUS",NA
"431","Zlivifructus vachae","no ovules","0",NA,"ancestral reconstruction","Lopez-Martinez et al. (2023) | PROTEUS",NA
"432","Zlivifructus vachae","sex of flowers","0",NA,"ancestral reconstruction","Lopez-Martinez et al. (2023) | PROTEUS",NA
"433","Zlivifructus vachae","ovary position","1",NA,"ancestral reconstruction","Lopez-Martinez et al. (2023) | PROTEUS",NA
"434","Zlivifructus vachae","fusion of ovaries","1",NA,"ancestral reconstruction","Lopez-Martinez et al. (2023) | PROTEUS",NA
"435","Acacia eocaribbeanensis","sex of flowers","0&1",NA,"ancestral reconstruction","Lopez-Martinez et al. (2023) | PROTEUS",NA
"436","Acacia eocaribbeanensis","ovary position","0",NA,"ancestral reconstruction","Lopez-Martinez et al. (2023) | PROTEUS",NA
"437","Acacia eocaribbeanensis","anther attachment","1",NA,"ancestral reconstruction","Lopez-Martinez et al. (2023) | PROTEUS",NA
"438","Austrodiospyros cryptostoma","sex of flowers","0",NA,"ancestral reconstruction","Lopez-Martinez et al. (2023) | PROTEUS",NA
"439","Austrodiospyros cryptostoma","ovary position","0",NA,"ancestral reconstruction","Lopez-Martinez et al. (2023) | PROTEUS",NA
"440","Austrodiospyros cryptostoma","anther orientation","0",NA,"ancestral reconstruction","Lopez-Martinez et al. (2023) | PROTEUS",NA
"441","Austrodiospyros cryptostoma","anther attachment","0",NA,"ancestral reconstruction","Lopez-Martinez et al. (2023) | PROTEUS",NA
"442","Austrodiospyros cryptostoma","anther dehiscence","0",NA,"ancestral reconstruction","Lopez-Martinez et al. (2023) | PROTEUS",NA
"443","Barnebyanthus buchananensis","no ovules","2",NA,"ancestral reconstruction","Lopez-Martinez et al. (2023) | PROTEUS",NA
"444","Barnebyanthus buchananensis","sex of flowers","0",NA,"ancestral reconstruction","Lopez-Martinez et al. (2023) | PROTEUS",NA
"445","Barnebyanthus buchananensis","ovary position","0",NA,"ancestral reconstruction","Lopez-Martinez et al. (2023) | PROTEUS",NA
"446","Castaneoidea puryearensis","sex of flowers","1",NA,"ancestral reconstruction","Lopez-Martinez et al. (2023) | PROTEUS",NA
"447","Castanopsis kaulli","sex of flowers","1",NA,"ancestral reconstruction","Lopez-Martinez et al. (2023) | PROTEUS",NA
"448","Castanopsis kaulli","ovary position","1",NA,"ancestral reconstruction","Lopez-Martinez et al. (2023) | PROTEUS",NA
"449","Cedrelospermum nervosum","sex of flowers","1",NA,"ancestral reconstruction","Lopez-Martinez et al. (2023) | PROTEUS",NA
"450","Cedrelospermum nervosum","ovary position","0",NA,"ancestral reconstruction","Lopez-Martinez et al. (2023) | PROTEUS",NA
"451","Cedrelospermum nervosum","anther dehiscence","0",NA,"ancestral reconstruction","Lopez-Martinez et al. (2023) | PROTEUS",NA
"452","Cunoniantha bicarpellata","sex of flowers","0",NA,"ancestral reconstruction","Lopez-Martinez et al. (2023) | PROTEUS",NA
"453","Cunoniantha bicarpellata","ovary position","0",NA,"ancestral reconstruction","Lopez-Martinez et al. (2023) | PROTEUS",NA
"454","Cunoniantha bicarpellata","anther orientation","0",NA,"ancestral reconstruction","Lopez-Martinez et al. (2023) | PROTEUS",NA
"455","Cunoniantha bicarpellata","anther attachment","1",NA,"ancestral reconstruction","Lopez-Martinez et al. (2023) | PROTEUS",NA
"456","Cunoniantha bicarpellata","anther dehiscence","0",NA,"ancestral reconstruction","Lopez-Martinez et al. (2023) | PROTEUS",NA
"457","Cunoniantha bicarpellata","fusion of ovaries","1",NA,"ancestral reconstruction","Lopez-Martinez et al. (2023) | PROTEUS",NA
"458","Eomimosoidea plumosa","sex of flowers","0",NA,"ancestral reconstruction","Lopez-Martinez et al. (2023) | PROTEUS",NA
"459","Eomimosoidea plumosa","anther dehiscence","0",NA,"ancestral reconstruction","Lopez-Martinez et al. (2023) | PROTEUS",NA
"460","Florissantia ashwillii","sex of flowers","0",NA,"ancestral reconstruction","Lopez-Martinez et al. (2023) | PROTEUS",NA
"461","Florissantia ashwillii","ovary position","0",NA,"ancestral reconstruction","Lopez-Martinez et al. (2023) | PROTEUS",NA
"462","Florissantia quilchenensis","sex of flowers","0",NA,"ancestral reconstruction","Lopez-Martinez et al. (2023) | PROTEUS",NA
"463","Florissantia quilchenensis","ovary position","0",NA,"ancestral reconstruction","Lopez-Martinez et al. (2023) | PROTEUS",NA
"464","Florissantia quilchenensis","fusion of ovaries","1",NA,"ancestral reconstruction","Lopez-Martinez et al. (2023) | PROTEUS",NA
"465","Hymenaea protera","sex of flowers","0",NA,"ancestral reconstruction","Lopez-Martinez et al. (2023) | PROTEUS",NA
"466","Hymenaea protera","anther attachment","1",NA,"ancestral reconstruction","Lopez-Martinez et al. (2023) | PROTEUS",NA
"467","Hymenaea protera","anther dehiscence","0",NA,"ancestral reconstruction","Lopez-Martinez et al. (2023) | PROTEUS",NA
"468","Icacinanthium tainiaphorum","sex of flowers","0",NA,"ancestral reconstruction","Lopez-Martinez et al. (2023) | PROTEUS",NA
"469","Icacinanthium tainiaphorum","ovary position","0",NA,"ancestral reconstruction","Lopez-Martinez et al. (2023) | PROTEUS",NA
"470","Lacinipetalum spectabilum","sex of flowers","0",NA,"ancestral reconstruction","Lopez-Martinez et al. (2023) | PROTEUS",NA
"471","Lacinipetalum spectabilum","ovary position","0",NA,"ancestral reconstruction","Lopez-Martinez et al. (2023) | PROTEUS",NA
"472","Lacinipetalum spectabilum","anther attachment","1",NA,"ancestral reconstruction","Lopez-Martinez et al. (2023) | PROTEUS",NA
"473","Lacinipetalum spectabilum","anther dehiscence","0",NA,"ancestral reconstruction","Lopez-Martinez et al. (2023) | PROTEUS",NA
"474","Lacinipetalum spectabilum","fusion of ovaries","1",NA,"ancestral reconstruction","Lopez-Martinez et al. (2023) | PROTEUS",NA
"475","Nahinda axamilpensis","sex of flowers","0",NA,"ancestral reconstruction","Lopez-Martinez et al. (2023) | PROTEUS",NA
"476","Nahinda axamilpensis","anther attachment","0",NA,"ancestral reconstruction","Lopez-Martinez et al. (2023) | PROTEUS",NA
"477","Nahinda axamilpensis","fusion of ovaries","1",NA,"ancestral reconstruction","Lopez-Martinez et al. (2023) | PROTEUS",NA
"478","Notiantha grandensis","sex of flowers","0",NA,"ancestral reconstruction","Lopez-Martinez et al. (2023) | PROTEUS",NA
"479","Notiantha grandensis","ovary position","1",NA,"ancestral reconstruction","Lopez-Martinez et al. (2023) | PROTEUS",NA
"480","Notiantha grandensis","anther attachment","1",NA,"ancestral reconstruction","Lopez-Martinez et al. (2023) | PROTEUS",NA
"481","Paleorosa similkameenensis","no ovules","1",NA,"ancestral reconstruction","Lopez-Martinez et al. (2023) | PROTEUS",NA
"482","Paleorosa similkameenensis","sex of flowers","0",NA,"ancestral reconstruction","Lopez-Martinez et al. (2023) | PROTEUS",NA
"483","Paleorosa similkameenensis","ovary position","0",NA,"ancestral reconstruction","Lopez-Martinez et al. (2023) | PROTEUS",NA
"484","Paleorosa similkameenensis","anther attachment","1",NA,"ancestral reconstruction","Lopez-Martinez et al. (2023) | PROTEUS",NA
"485","Paleorosa similkameenensis","fusion of ovaries","0",NA,"ancestral reconstruction","Lopez-Martinez et al. (2023) | PROTEUS",NA
"486","Princetonia allenbyensis","no ovules","2",NA,"ancestral reconstruction","Lopez-Martinez et al. (2023) | PROTEUS",NA
"487","Princetonia allenbyensis","sex of flowers","0",NA,"ancestral reconstruction","Lopez-Martinez et al. (2023) | PROTEUS",NA
"488","Princetonia allenbyensis","ovary position","0",NA,"ancestral reconstruction","Lopez-Martinez et al. (2023) | PROTEUS",NA
"489","Princetonia allenbyensis","anther attachment","0",NA,"ancestral reconstruction","Lopez-Martinez et al. (2023) | PROTEUS",NA
"490","Princetonia allenbyensis","anther dehiscence","0",NA,"ancestral reconstruction","Lopez-Martinez et al. (2023) | PROTEUS",NA
"491","Princetonia allenbyensis","fusion of ovaries","1",NA,"ancestral reconstruction","Lopez-Martinez et al. (2023) | PROTEUS",NA
"492","Protomimosoidea buchananensis","sex of flowers","0",NA,"ancestral reconstruction","Lopez-Martinez et al. (2023) | PROTEUS",NA
"493","Protomimosoidea buchananensis","ovary position","0",NA,"ancestral reconstruction","Lopez-Martinez et al. (2023) | PROTEUS",NA
"494","Protomimosoidea buchananensis","anther attachment","1",NA,"ancestral reconstruction","Lopez-Martinez et al. (2023) | PROTEUS",NA
"495","Protomimosoidea buchananensis","anther dehiscence","0",NA,"ancestral reconstruction","Lopez-Martinez et al. (2023) | PROTEUS",NA
"496","Prunus cathybrownae","no ovules","1",NA,"ancestral reconstruction","Lopez-Martinez et al. (2023) | PROTEUS",NA
"497","Prunus cathybrownae","sex of flowers","0",NA,"ancestral reconstruction","Lopez-Martinez et al. (2023) | PROTEUS",NA
"498","Prunus cathybrownae","ovary position","0",NA,"ancestral reconstruction","Lopez-Martinez et al. (2023) | PROTEUS",NA
"499","Prunus cathybrownae","anther orientation","0",NA,"ancestral reconstruction","Lopez-Martinez et al. (2023) | PROTEUS",NA
"500","Prunus cathybrownae","anther attachment","1",NA,"ancestral reconstruction","Lopez-Martinez et al. (2023) | PROTEUS",NA
"501","Prunus cathybrownae","anther dehiscence","0",NA,"ancestral reconstruction","Lopez-Martinez et al. (2023) | PROTEUS",NA
"502","Salacia lombardii","sex of flowers","0",NA,"ancestral reconstruction","Lopez-Martinez et al. (2023) | PROTEUS",NA
"503","Salacia lombardii","ovary position","0",NA,"ancestral reconstruction","Lopez-Martinez et al. (2023) | PROTEUS",NA
"504","Salacia lombardii","anther attachment","0",NA,"ancestral reconstruction","Lopez-Martinez et al. (2023) | PROTEUS",NA
"505","Salacia lombardii","anther dehiscence","0",NA,"ancestral reconstruction","Lopez-Martinez et al. (2023) | PROTEUS",NA
"506","Salacia lombardii","fusion of ovaries","1",NA,"ancestral reconstruction","Lopez-Martinez et al. (2023) | PROTEUS",NA
"507","Saururus tuckerae","no ovules","0",NA,"ancestral reconstruction","Lopez-Martinez et al. (2023) | PROTEUS",NA
"508","Saururus tuckerae","sex of flowers","0",NA,"ancestral reconstruction","Lopez-Martinez et al. (2023) | PROTEUS",NA
"509","Saururus tuckerae","ovary position","0",NA,"ancestral reconstruction","Lopez-Martinez et al. (2023) | PROTEUS",NA
"510","Saururus tuckerae","anther orientation","1",NA,"ancestral reconstruction","Lopez-Martinez et al. (2023) | PROTEUS",NA
"511","Saururus tuckerae","anther dehiscence","0",NA,"ancestral reconstruction","Lopez-Martinez et al. (2023) | PROTEUS",NA
"512","Saururus tuckerae","fusion of ovaries","1",NA,"ancestral reconstruction","Lopez-Martinez et al. (2023) | PROTEUS",NA
"513","Solanites pusilus","sex of flowers","0",NA,"ancestral reconstruction","Lopez-Martinez et al. (2023) | PROTEUS",NA
"514","Solanites pusilus","ovary position","1",NA,"ancestral reconstruction","Lopez-Martinez et al. (2023) | PROTEUS",NA
"515","Switenia miocenica","sex of flowers","0",NA,"ancestral reconstruction","Lopez-Martinez et al. (2023) | PROTEUS",NA
"516","Switenia miocenica","ovary position","0",NA,"ancestral reconstruction","Lopez-Martinez et al. (2023) | PROTEUS",NA
"517","Switenia miocenica","anther orientation","0",NA,"ancestral reconstruction","Lopez-Martinez et al. (2023) | PROTEUS",NA
"518","Switenia miocenica","anther dehiscence","0",NA,"ancestral reconstruction","Lopez-Martinez et al. (2023) | PROTEUS",NA
"519","Tinaflora beardiae","no ovules","0",NA,"ancestral reconstruction","Lopez-Martinez et al. (2023) | PROTEUS",NA
"520","Tinaflora beardiae","sex of flowers","0",NA,"ancestral reconstruction","Lopez-Martinez et al. (2023) | PROTEUS",NA
"521","Tinaflora beardiae","ovary position","0",NA,"ancestral reconstruction","Lopez-Martinez et al. (2023) | PROTEUS",NA
"522","Tinaflora beardiae","anther orientation","0&1&2",NA,"ancestral reconstruction","Lopez-Martinez et al. (2023) | PROTEUS",NA
"523","Tinaflora beardiae","anther dehiscence","2",NA,"ancestral reconstruction","Lopez-Martinez et al. (2023) | PROTEUS",NA
"524","Tristaniandra alleyi","sex of flowers","0",NA,"ancestral reconstruction","Lopez-Martinez et al. (2023) | PROTEUS",NA
"525","Tristaniandra alleyi","ovary position","1",NA,"ancestral reconstruction","Lopez-Martinez et al. (2023) | PROTEUS",NA
"526","Abatia parviflora","no ovules","2",NA,"ancestral reconstruction","Lopez-Martinez et al. (2023) | PROTEUS",NA
"527","Abatia parviflora","sex of flowers","0",NA,"ancestral reconstruction","Lopez-Martinez et al. (2023) | PROTEUS",NA
"528","Abatia parviflora","ovary position","0",NA,"ancestral reconstruction","Lopez-Martinez et al. (2023) | PROTEUS",NA
"529","Abatia parviflora","anther orientation","0",NA,"ancestral reconstruction","Lopez-Martinez et al. (2023) | PROTEUS",NA
"530","Abatia parviflora","anther attachment","0",NA,"ancestral reconstruction","Lopez-Martinez et al. (2023) | PROTEUS",NA
"531","Abatia parviflora","anther dehiscence","0",NA,"ancestral reconstruction","Lopez-Martinez et al. (2023) | PROTEUS",NA
"532","Abatia parviflora","fusion of ovaries","1",NA,"ancestral reconstruction","Lopez-Martinez et al. (2023) | PROTEUS",NA
"533","Abolboda macrostachya","sex of flowers","0",NA,"ancestral reconstruction","Lopez-Martinez et al. (2023) | PROTEUS",NA
"534","Abolboda macrostachya","ovary position","0",NA,"ancestral reconstruction","Lopez-Martinez et al. (2023) | PROTEUS",NA
"535","Abolboda macrostachya","anther attachment","0",NA,"ancestral reconstruction","Lopez-Martinez et al. (2023) | PROTEUS",NA
"536","Abolboda macrostachya","anther dehiscence","0",NA,"ancestral reconstruction","Lopez-Martinez et al. (2023) | PROTEUS",NA
"537","Abolboda macrostachya","fusion of ovaries","1",NA,"ancestral reconstruction","Lopez-Martinez et al. (2023) | PROTEUS",NA
"538","Acanthochlamys bracteata","no ovules","2",NA,"ancestral reconstruction","Lopez-Martinez et al. (2023) | PROTEUS",NA
"539","Acanthochlamys bracteata","sex of flowers","0",NA,"ancestral reconstruction","Lopez-Martinez et al. (2023) | PROTEUS",NA
"540","Acanthochlamys bracteata","ovary position","1",NA,"ancestral reconstruction","Lopez-Martinez et al. (2023) | PROTEUS",NA
"541","Acanthochlamys bracteata","anther orientation","0",NA,"ancestral reconstruction","Lopez-Martinez et al. (2023) | PROTEUS",NA
"542","Acanthochlamys bracteata","anther attachment","1",NA,"ancestral reconstruction","Lopez-Martinez et al. (2023) | PROTEUS",NA
"543","Acanthochlamys bracteata","anther dehiscence","0",NA,"ancestral reconstruction","Lopez-Martinez et al. (2023) | PROTEUS",NA
"544","Acanthochlamys bracteata","fusion of ovaries","1",NA,"ancestral reconstruction","Lopez-Martinez et al. (2023) | PROTEUS",NA
"545","Acanthogilia gloriosa","no ovules","2",NA,"ancestral reconstruction","Lopez-Martinez et al. (2023) | PROTEUS",NA
"546","Acanthogilia gloriosa","sex of flowers","0",NA,"ancestral reconstruction","Lopez-Martinez et al. (2023) | PROTEUS",NA
"547","Acanthogilia gloriosa","ovary position","0",NA,"ancestral reconstruction","Lopez-Martinez et al. (2023) | PROTEUS",NA
"548","Acanthogilia gloriosa","anther orientation","1",NA,"ancestral reconstruction","Lopez-Martinez et al. (2023) | PROTEUS",NA
"549","Acanthogilia gloriosa","anther dehiscence","0",NA,"ancestral reconstruction","Lopez-Martinez et al. (2023) | PROTEUS",NA
"550","Acanthogilia gloriosa","fusion of ovaries","1",NA,"ancestral reconstruction","Lopez-Martinez et al. (2023) | PROTEUS",NA
"551","Acanthus montanus","no ovules","0&1",NA,"ancestral reconstruction","Lopez-Martinez et al. (2023) | PROTEUS",NA
"552","Acanthus montanus","sex of flowers","0",NA,"ancestral reconstruction","Lopez-Martinez et al. (2023) | PROTEUS",NA
"553","Acanthus montanus","ovary position","0",NA,"ancestral reconstruction","Lopez-Martinez et al. (2023) | PROTEUS",NA
"554","Acanthus montanus","anther orientation","0",NA,"ancestral reconstruction","Lopez-Martinez et al. (2023) | PROTEUS",NA
"555","Acanthus montanus","anther dehiscence","0",NA,"ancestral reconstruction","Lopez-Martinez et al. (2023) | PROTEUS",NA
"556","Acanthus montanus","fusion of ovaries","1",NA,"ancestral reconstruction","Lopez-Martinez et al. (2023) | PROTEUS",NA
"557","Achatocarpus praecox","no ovules","0",NA,"ancestral reconstruction","Lopez-Martinez et al. (2023) | PROTEUS",NA
"558","Achatocarpus praecox","sex of flowers","1",NA,"ancestral reconstruction","Lopez-Martinez et al. (2023) | PROTEUS",NA
"559","Achatocarpus praecox","ovary position","0",NA,"ancestral reconstruction","Lopez-Martinez et al. (2023) | PROTEUS",NA
"560","Achatocarpus praecox","anther attachment","0",NA,"ancestral reconstruction","Lopez-Martinez et al. (2023) | PROTEUS",NA
"561","Achatocarpus praecox","anther dehiscence","0",NA,"ancestral reconstruction","Lopez-Martinez et al. (2023) | PROTEUS",NA
"562","Achatocarpus praecox","fusion of ovaries","1",NA,"ancestral reconstruction","Lopez-Martinez et al. (2023) | PROTEUS",NA
"563","Acorus calamus","no ovules","2",NA,"ancestral reconstruction","Lopez-Martinez et al. (2023) | PROTEUS",NA
"564","Acorus calamus","sex of flowers","0",NA,"ancestral reconstruction","Lopez-Martinez et al. (2023) | PROTEUS",NA
"565","Acorus calamus","ovary position","0",NA,"ancestral reconstruction","Lopez-Martinez et al. (2023) | PROTEUS",NA
"566","Acorus calamus","anther orientation","0",NA,"ancestral reconstruction","Lopez-Martinez et al. (2023) | PROTEUS",NA
"567","Acorus calamus","anther attachment","1",NA,"ancestral reconstruction","Lopez-Martinez et al. (2023) | PROTEUS",NA
"568","Acorus calamus","anther dehiscence","0",NA,"ancestral reconstruction","Lopez-Martinez et al. (2023) | PROTEUS",NA
"569","Acorus calamus","fusion of ovaries","1",NA,"ancestral reconstruction","Lopez-Martinez et al. (2023) | PROTEUS",NA
"570","Acorus gramineus","no ovules","2",NA,"ancestral reconstruction","Lopez-Martinez et al. (2023) | PROTEUS",NA
"571","Acorus gramineus","sex of flowers","0",NA,"ancestral reconstruction","Lopez-Martinez et al. (2023) | PROTEUS",NA
"572","Acorus gramineus","ovary position","0",NA,"ancestral reconstruction","Lopez-Martinez et al. (2023) | PROTEUS",NA
"573","Acorus gramineus","anther orientation","0",NA,"ancestral reconstruction","Lopez-Martinez et al. (2023) | PROTEUS",NA
"574","Acorus gramineus","anther attachment","1",NA,"ancestral reconstruction","Lopez-Martinez et al. (2023) | PROTEUS",NA
"575","Acorus gramineus","anther dehiscence","0",NA,"ancestral reconstruction","Lopez-Martinez et al. (2023) | PROTEUS",NA
"576","Acorus gramineus","fusion of ovaries","1",NA,"ancestral reconstruction","Lopez-Martinez et al. (2023) | PROTEUS",NA
"577","Acridocarpus natalitius","no ovules","0",NA,"ancestral reconstruction","Lopez-Martinez et al. (2023) | PROTEUS",NA
"578","Acridocarpus natalitius","sex of flowers","0",NA,"ancestral reconstruction","Lopez-Martinez et al. (2023) | PROTEUS",NA
"579","Acridocarpus natalitius","ovary position","0",NA,"ancestral reconstruction","Lopez-Martinez et al. (2023) | PROTEUS",NA
"580","Acridocarpus natalitius","anther attachment","0",NA,"ancestral reconstruction","Lopez-Martinez et al. (2023) | PROTEUS",NA
"581","Acridocarpus natalitius","anther dehiscence","0",NA,"ancestral reconstruction","Lopez-Martinez et al. (2023) | PROTEUS",NA
"582","Acroglochin persicarioides","no ovules","0",NA,"ancestral reconstruction","Lopez-Martinez et al. (2023) | PROTEUS",NA
"583","Acroglochin persicarioides","sex of flowers","0",NA,"ancestral reconstruction","Lopez-Martinez et al. (2023) | PROTEUS",NA
"584","Acroglochin persicarioides","ovary position","0",NA,"ancestral reconstruction","Lopez-Martinez et al. (2023) | PROTEUS",NA
"585","Acroglochin persicarioides","anther dehiscence","0",NA,"ancestral reconstruction","Lopez-Martinez et al. (2023) | PROTEUS",NA
"586","Acroglochin persicarioides","fusion of ovaries","1",NA,"ancestral reconstruction","Lopez-Martinez et al. (2023) | PROTEUS",NA
"587","Actinidia chinensis","no ovules","2",NA,"ancestral reconstruction","Lopez-Martinez et al. (2023) | PROTEUS",NA
"588","Actinidia chinensis","sex of flowers","0",NA,"ancestral reconstruction","Lopez-Martinez et al. (2023) | PROTEUS",NA
"589","Actinidia chinensis","ovary position","0",NA,"ancestral reconstruction","Lopez-Martinez et al. (2023) | PROTEUS",NA
"590","Actinidia chinensis","anther orientation","0&2",NA,"ancestral reconstruction","Lopez-Martinez et al. (2023) | PROTEUS",NA
"591","Actinidia chinensis","anther dehiscence","0",NA,"ancestral reconstruction","Lopez-Martinez et al. (2023) | PROTEUS",NA
"592","Actinidia chinensis","fusion of ovaries","1",NA,"ancestral reconstruction","Lopez-Martinez et al. (2023) | PROTEUS",NA
"593","Actinotus helianthi","no ovules","0",NA,"ancestral reconstruction","Lopez-Martinez et al. (2023) | PROTEUS",NA
"594","Actinotus helianthi","sex of flowers","0&1",NA,"ancestral reconstruction","Lopez-Martinez et al. (2023) | PROTEUS",NA
"595","Actinotus helianthi","ovary position","1",NA,"ancestral reconstruction","Lopez-Martinez et al. (2023) | PROTEUS",NA
"596","Actinotus helianthi","anther dehiscence","0",NA,"ancestral reconstruction","Lopez-Martinez et al. (2023) | PROTEUS",NA
"597","Actinotus helianthi","fusion of ovaries","1",NA,"ancestral reconstruction","Lopez-Martinez et al. (2023) | PROTEUS",NA
"598","Adenanthera microsperma","sex of flowers","0",NA,"ancestral reconstruction","Lopez-Martinez et al. (2023) | PROTEUS",NA
"599","Adenanthera microsperma","ovary position","0",NA,"ancestral reconstruction","Lopez-Martinez et al. (2023) | PROTEUS",NA
"600","Adenanthera microsperma","anther orientation","0",NA,"ancestral reconstruction","Lopez-Martinez et al. (2023) | PROTEUS",NA
"601","Adenanthera microsperma","anther attachment","1",NA,"ancestral reconstruction","Lopez-Martinez et al. (2023) | PROTEUS",NA
"602","Adoxa moschatellina","no ovules","0",NA,"ancestral reconstruction","Lopez-Martinez et al. (2023) | PROTEUS",NA
"603","Adoxa moschatellina","sex of flowers","0",NA,"ancestral reconstruction","Lopez-Martinez et al. (2023) | PROTEUS",NA
"604","Adoxa moschatellina","ovary position","1",NA,"ancestral reconstruction","Lopez-Martinez et al. (2023) | PROTEUS",NA
"605","Adoxa moschatellina","anther orientation","2",NA,"ancestral reconstruction","Lopez-Martinez et al. (2023) | PROTEUS",NA
"606","Adoxa moschatellina","anther attachment","1",NA,"ancestral reconstruction","Lopez-Martinez et al. (2023) | PROTEUS",NA
"607","Adoxa moschatellina","anther dehiscence","0",NA,"ancestral reconstruction","Lopez-Martinez et al. (2023) | PROTEUS",NA
"608","Adoxa moschatellina","fusion of ovaries","1",NA,"ancestral reconstruction","Lopez-Martinez et al. (2023) | PROTEUS",NA
"609","Aerva javanica","no ovules","0",NA,"ancestral reconstruction","Lopez-Martinez et al. (2023) | PROTEUS",NA
"610","Aerva javanica","sex of flowers","1",NA,"ancestral reconstruction","Lopez-Martinez et al. (2023) | PROTEUS",NA
"611","Aerva javanica","ovary position","0",NA,"ancestral reconstruction","Lopez-Martinez et al. (2023) | PROTEUS",NA
"612","Aerva javanica","anther orientation","0",NA,"ancestral reconstruction","Lopez-Martinez et al. (2023) | PROTEUS",NA
"613","Aerva javanica","anther attachment","1",NA,"ancestral reconstruction","Lopez-Martinez et al. (2023) | PROTEUS",NA
"614","Aerva javanica","anther dehiscence","0",NA,"ancestral reconstruction","Lopez-Martinez et al. (2023) | PROTEUS",NA
"615","Aerva javanica","fusion of ovaries","1",NA,"ancestral reconstruction","Lopez-Martinez et al. (2023) | PROTEUS",NA
"616","Aethionema grandiflorum","no ovules","1&2",NA,"ancestral reconstruction","Lopez-Martinez et al. (2023) | PROTEUS",NA
"617","Aethionema grandiflorum","sex of flowers","0",NA,"ancestral reconstruction","Lopez-Martinez et al. (2023) | PROTEUS",NA
"618","Aethionema grandiflorum","ovary position","0",NA,"ancestral reconstruction","Lopez-Martinez et al. (2023) | PROTEUS",NA
"619","Aethionema grandiflorum","anther attachment","0",NA,"ancestral reconstruction","Lopez-Martinez et al. (2023) | PROTEUS",NA
"620","Aethionema grandiflorum","fusion of ovaries","1",NA,"ancestral reconstruction","Lopez-Martinez et al. (2023) | PROTEUS",NA
"621","Aethionema saxatile","no ovules","1&2",NA,"ancestral reconstruction","Lopez-Martinez et al. (2023) | PROTEUS",NA
"622","Aethionema saxatile","sex of flowers","0",NA,"ancestral reconstruction","Lopez-Martinez et al. (2023) | PROTEUS",NA
"623","Aethionema saxatile","ovary position","0",NA,"ancestral reconstruction","Lopez-Martinez et al. (2023) | PROTEUS",NA
"624","Aethionema saxatile","fusion of ovaries","1",NA,"ancestral reconstruction","Lopez-Martinez et al. (2023) | PROTEUS",NA
"625","Aextoxicon punctatum","no ovules","1",NA,"ancestral reconstruction","Lopez-Martinez et al. (2023) | PROTEUS",NA
"626","Aextoxicon punctatum","sex of flowers","0",NA,"ancestral reconstruction","Lopez-Martinez et al. (2023) | PROTEUS",NA
"627","Aextoxicon punctatum","ovary position","0",NA,"ancestral reconstruction","Lopez-Martinez et al. (2023) | PROTEUS",NA
"628","Aextoxicon punctatum","anther orientation","0",NA,"ancestral reconstruction","Lopez-Martinez et al. (2023) | PROTEUS",NA
"629","Afrobrunnichia erecta","no ovules","0",NA,"ancestral reconstruction","Lopez-Martinez et al. (2023) | PROTEUS",NA
"630","Afrobrunnichia erecta","sex of flowers","0",NA,"ancestral reconstruction","Lopez-Martinez et al. (2023) | PROTEUS",NA
"631","Afrobrunnichia erecta","ovary position","0",NA,"ancestral reconstruction","Lopez-Martinez et al. (2023) | PROTEUS",NA
"632","Afrobrunnichia erecta","anther dehiscence","0",NA,"ancestral reconstruction","Lopez-Martinez et al. (2023) | PROTEUS",NA
"633","Afrolicania elaeosperma","no ovules","1",NA,"ancestral reconstruction","Lopez-Martinez et al. (2023) | PROTEUS",NA
"634","Afrolicania elaeosperma","ovary position","0",NA,"ancestral reconstruction","Lopez-Martinez et al. (2023) | PROTEUS",NA
"635","Afrolicania elaeosperma","anther attachment","1",NA,"ancestral reconstruction","Lopez-Martinez et al. (2023) | PROTEUS",NA
"636","Afrolicania elaeosperma","anther dehiscence","0",NA,"ancestral reconstruction","Lopez-Martinez et al. (2023) | PROTEUS",NA
"637","Afrostyrax lepidophyllus","no ovules","0",NA,"ancestral reconstruction","Lopez-Martinez et al. (2023) | PROTEUS",NA
"638","Afrostyrax lepidophyllus","sex of flowers","0",NA,"ancestral reconstruction","Lopez-Martinez et al. (2023) | PROTEUS",NA
"639","Afrostyrax lepidophyllus","ovary position","0",NA,"ancestral reconstruction","Lopez-Martinez et al. (2023) | PROTEUS",NA
"640","Afrostyrax lepidophyllus","anther attachment","0",NA,"ancestral reconstruction","Lopez-Martinez et al. (2023) | PROTEUS",NA
"641","Afrostyrax lepidophyllus","anther dehiscence","0",NA,"ancestral reconstruction","Lopez-Martinez et al. (2023) | PROTEUS",NA
"642","Afrostyrax lepidophyllus","fusion of ovaries","1",NA,"ancestral reconstruction","Lopez-Martinez et al. (2023) | PROTEUS",NA
"643","Afrothismia gesnerioides","sex of flowers","0",NA,"ancestral reconstruction","Lopez-Martinez et al. (2023) | PROTEUS",NA
"644","Afrothismia gesnerioides","ovary position","1",NA,"ancestral reconstruction","Lopez-Martinez et al. (2023) | PROTEUS",NA
"645","Afrothismia gesnerioides","anther orientation","0",NA,"ancestral reconstruction","Lopez-Martinez et al. (2023) | PROTEUS",NA
"646","Afrothismia gesnerioides","anther dehiscence","0",NA,"ancestral reconstruction","Lopez-Martinez et al. (2023) | PROTEUS",NA
"647","Afrothismia winkleri","anther orientation","0",NA,"ancestral reconstruction","Lopez-Martinez et al. (2023) | PROTEUS",NA
"648","Agapanthus africanus","sex of flowers","0",NA,"ancestral reconstruction","Lopez-Martinez et al. (2023) | PROTEUS",NA
"649","Agapanthus africanus","ovary position","0",NA,"ancestral reconstruction","Lopez-Martinez et al. (2023) | PROTEUS",NA
"650","Agapanthus africanus","anther orientation","0",NA,"ancestral reconstruction","Lopez-Martinez et al. (2023) | PROTEUS",NA
"651","Agapanthus africanus","anther attachment","1",NA,"ancestral reconstruction","Lopez-Martinez et al. (2023) | PROTEUS",NA
"652","Agapanthus africanus","anther dehiscence","0",NA,"ancestral reconstruction","Lopez-Martinez et al. (2023) | PROTEUS",NA
"653","Agapanthus africanus","fusion of ovaries","1",NA,"ancestral reconstruction","Lopez-Martinez et al. (2023) | PROTEUS",NA
"654","Agarista populifolia","sex of flowers","0",NA,"ancestral reconstruction","Lopez-Martinez et al. (2023) | PROTEUS",NA
"655","Agarista populifolia","ovary position","0",NA,"ancestral reconstruction","Lopez-Martinez et al. (2023) | PROTEUS",NA
"656","Agarista populifolia","anther orientation","0",NA,"ancestral reconstruction","Lopez-Martinez et al. (2023) | PROTEUS",NA
"657","Agarista populifolia","anther dehiscence","0",NA,"ancestral reconstruction","Lopez-Martinez et al. (2023) | PROTEUS",NA
"658","Agarista populifolia","fusion of ovaries","1",NA,"ancestral reconstruction","Lopez-Martinez et al. (2023) | PROTEUS",NA
"659","Agave ghiesbreghtii","sex of flowers","0",NA,"ancestral reconstruction","Lopez-Martinez et al. (2023) | PROTEUS",NA
"660","Agave ghiesbreghtii","ovary position","1",NA,"ancestral reconstruction","Lopez-Martinez et al. (2023) | PROTEUS",NA
"661","Agave ghiesbreghtii","anther orientation","0",NA,"ancestral reconstruction","Lopez-Martinez et al. (2023) | PROTEUS",NA
"662","Agave ghiesbreghtii","anther attachment","1",NA,"ancestral reconstruction","Lopez-Martinez et al. (2023) | PROTEUS",NA
"663","Agdestis clematidea","ovary position","1",NA,"ancestral reconstruction","Lopez-Martinez et al. (2023) | PROTEUS",NA
"664","Agriophyllum squarrosum","no ovules","0",NA,"ancestral reconstruction","Lopez-Martinez et al. (2023) | PROTEUS",NA
"665","Agriophyllum squarrosum","sex of flowers","0",NA,"ancestral reconstruction","Lopez-Martinez et al. (2023) | PROTEUS",NA
"666","Agriophyllum squarrosum","ovary position","0",NA,"ancestral reconstruction","Lopez-Martinez et al. (2023) | PROTEUS",NA
"667","Agriophyllum squarrosum","anther attachment","1",NA,"ancestral reconstruction","Lopez-Martinez et al. (2023) | PROTEUS",NA
"668","Agriophyllum squarrosum","anther dehiscence","0",NA,"ancestral reconstruction","Lopez-Martinez et al. (2023) | PROTEUS",NA
"669","Agriophyllum squarrosum","fusion of ovaries","1",NA,"ancestral reconstruction","Lopez-Martinez et al. (2023) | PROTEUS",NA
"670","Ailanthus altissima","no ovules","0",NA,"ancestral reconstruction","Lopez-Martinez et al. (2023) | PROTEUS",NA
"671","Ailanthus altissima","sex of flowers","0&1",NA,"ancestral reconstruction","Lopez-Martinez et al. (2023) | PROTEUS",NA
"672","Ailanthus altissima","ovary position","0",NA,"ancestral reconstruction","Lopez-Martinez et al. (2023) | PROTEUS",NA
"673","Ailanthus altissima","anther orientation","0",NA,"ancestral reconstruction","Lopez-Martinez et al. (2023) | PROTEUS",NA
"674","Ainsliaea acerifolia","sex of flowers","0",NA,"ancestral reconstruction","Lopez-Martinez et al. (2023) | PROTEUS",NA
"675","Ainsliaea acerifolia","ovary position","1",NA,"ancestral reconstruction","Lopez-Martinez et al. (2023) | PROTEUS",NA
"676","Ainsliaea acerifolia","anther attachment","0",NA,"ancestral reconstruction","Lopez-Martinez et al. (2023) | PROTEUS",NA
"677","Aizoon africanum","no ovules","0",NA,"ancestral reconstruction","Lopez-Martinez et al. (2023) | PROTEUS",NA
"678","Aizoon africanum","sex of flowers","0",NA,"ancestral reconstruction","Lopez-Martinez et al. (2023) | PROTEUS",NA
"679","Aizoon africanum","ovary position","0",NA,"ancestral reconstruction","Lopez-Martinez et al. (2023) | PROTEUS",NA
"680","Aizoon africanum","anther dehiscence","0",NA,"ancestral reconstruction","Lopez-Martinez et al. (2023) | PROTEUS",NA
"681","Aizoon africanum","fusion of ovaries","1",NA,"ancestral reconstruction","Lopez-Martinez et al. (2023) | PROTEUS",NA
"682","Ajuga reptans","sex of flowers","0",NA,"ancestral reconstruction","Lopez-Martinez et al. (2023) | PROTEUS",NA
"683","Ajuga reptans","ovary position","0",NA,"ancestral reconstruction","Lopez-Martinez et al. (2023) | PROTEUS",NA
"684","Ajuga reptans","anther attachment","1",NA,"ancestral reconstruction","Lopez-Martinez et al. (2023) | PROTEUS",NA
"685","Ajuga reptans","fusion of ovaries","1",NA,"ancestral reconstruction","Lopez-Martinez et al. (2023) | PROTEUS",NA
"686","Akania bidwillii","sex of flowers","0",NA,"ancestral reconstruction","Lopez-Martinez et al. (2023) | PROTEUS",NA
"687","Akania bidwillii","ovary position","0",NA,"ancestral reconstruction","Lopez-Martinez et al. (2023) | PROTEUS",NA
"688","Akania bidwillii","anther orientation","1",NA,"ancestral reconstruction","Lopez-Martinez et al. (2023) | PROTEUS",NA
"689","Akania bidwillii","anther attachment","0",NA,"ancestral reconstruction","Lopez-Martinez et al. (2023) | PROTEUS",NA
"690","Akania bidwillii","anther dehiscence","0",NA,"ancestral reconstruction","Lopez-Martinez et al. (2023) | PROTEUS",NA
"691","Akania bidwillii","fusion of ovaries","1",NA,"ancestral reconstruction","Lopez-Martinez et al. (2023) | PROTEUS",NA
"692","Akebia quinata","no ovules","2",NA,"ancestral reconstruction","Lopez-Martinez et al. (2023) | PROTEUS",NA
"693","Akebia quinata","sex of flowers","0",NA,"ancestral reconstruction","Lopez-Martinez et al. (2023) | PROTEUS",NA
"694","Akebia quinata","ovary position","0",NA,"ancestral reconstruction","Lopez-Martinez et al. (2023) | PROTEUS",NA
"695","Akebia quinata","anther orientation","2",NA,"ancestral reconstruction","Lopez-Martinez et al. (2023) | PROTEUS",NA
"696","Akebia quinata","anther attachment","0",NA,"ancestral reconstruction","Lopez-Martinez et al. (2023) | PROTEUS",NA
"697","Akebia quinata","anther dehiscence","0",NA,"ancestral reconstruction","Lopez-Martinez et al. (2023) | PROTEUS",NA
"698","Akebia quinata","fusion of ovaries","0",NA,"ancestral reconstruction","Lopez-Martinez et al. (2023) | PROTEUS",NA
"699","Alangium chinense","no ovules","0",NA,"ancestral reconstruction","Lopez-Martinez et al. (2023) | PROTEUS",NA
"700","Alangium chinense","sex of flowers","0",NA,"ancestral reconstruction","Lopez-Martinez et al. (2023) | PROTEUS",NA
"701","Alangium chinense","ovary position","1",NA,"ancestral reconstruction","Lopez-Martinez et al. (2023) | PROTEUS",NA
"702","Alangium chinense","anther orientation","0&1",NA,"ancestral reconstruction","Lopez-Martinez et al. (2023) | PROTEUS",NA
"703","Alangium chinense","anther attachment","0",NA,"ancestral reconstruction","Lopez-Martinez et al. (2023) | PROTEUS",NA
"704","Alangium chinense","anther dehiscence","0",NA,"ancestral reconstruction","Lopez-Martinez et al. (2023) | PROTEUS",NA
"705","Alania cunninghamii","no ovules","1&2",NA,"ancestral reconstruction","Lopez-Martinez et al. (2023) | PROTEUS",NA
"706","Alania cunninghamii","sex of flowers","0",NA,"ancestral reconstruction","Lopez-Martinez et al. (2023) | PROTEUS",NA
"707","Alania cunninghamii","ovary position","0",NA,"ancestral reconstruction","Lopez-Martinez et al. (2023) | PROTEUS",NA
"708","Alania cunninghamii","anther orientation","0",NA,"ancestral reconstruction","Lopez-Martinez et al. (2023) | PROTEUS",NA
"709","Alania cunninghamii","anther attachment","0",NA,"ancestral reconstruction","Lopez-Martinez et al. (2023) | PROTEUS",NA
"710","Alania cunninghamii","anther dehiscence","0",NA,"ancestral reconstruction","Lopez-Martinez et al. (2023) | PROTEUS",NA
"711","Alania cunninghamii","fusion of ovaries","1",NA,"ancestral reconstruction","Lopez-Martinez et al. (2023) | PROTEUS",NA
"712","Albizia julibrissin","no ovules","2",NA,"ancestral reconstruction","Lopez-Martinez et al. (2023) | PROTEUS",NA
"713","Albizia julibrissin","sex of flowers","0&1",NA,"ancestral reconstruction","Lopez-Martinez et al. (2023) | PROTEUS",NA
"714","Albizia julibrissin","ovary position","0",NA,"ancestral reconstruction","Lopez-Martinez et al. (2023) | PROTEUS",NA
"715","Albuca bracteata","sex of flowers","0",NA,"ancestral reconstruction","Lopez-Martinez et al. (2023) | PROTEUS",NA
"716","Albuca bracteata","ovary position","0",NA,"ancestral reconstruction","Lopez-Martinez et al. (2023) | PROTEUS",NA
"717","Albuca bracteata","anther orientation","0",NA,"ancestral reconstruction","Lopez-Martinez et al. (2023) | PROTEUS",NA
"718","Albuca bracteata","anther attachment","1",NA,"ancestral reconstruction","Lopez-Martinez et al. (2023) | PROTEUS",NA
"719","Albuca bracteata","anther dehiscence","0",NA,"ancestral reconstruction","Lopez-Martinez et al. (2023) | PROTEUS",NA
"720","Albuca bracteata","fusion of ovaries","1",NA,"ancestral reconstruction","Lopez-Martinez et al. (2023) | PROTEUS",NA
"721","Alectra sessiliflora","sex of flowers","0",NA,"ancestral reconstruction","Lopez-Martinez et al. (2023) | PROTEUS",NA
"722","Alectra sessiliflora","ovary position","0",NA,"ancestral reconstruction","Lopez-Martinez et al. (2023) | PROTEUS",NA
"723","Alectra sessiliflora","anther attachment","1",NA,"ancestral reconstruction","Lopez-Martinez et al. (2023) | PROTEUS",NA
"724","Alectra sessiliflora","anther dehiscence","0",NA,"ancestral reconstruction","Lopez-Martinez et al. (2023) | PROTEUS",NA
"725","Alectra sessiliflora","fusion of ovaries","1",NA,"ancestral reconstruction","Lopez-Martinez et al. (2023) | PROTEUS",NA
"726","Aletris glabra","sex of flowers","0",NA,"ancestral reconstruction","Lopez-Martinez et al. (2023) | PROTEUS",NA
"727","Aletris glabra","ovary position","1",NA,"ancestral reconstruction","Lopez-Martinez et al. (2023) | PROTEUS",NA
"728","Aletris glabra","anther attachment","0",NA,"ancestral reconstruction","Lopez-Martinez et al. (2023) | PROTEUS",NA
"729","Alisma plantagoaquatica","no ovules","0",NA,"ancestral reconstruction","Lopez-Martinez et al. (2023) | PROTEUS",NA
"730","Alisma plantagoaquatica","sex of flowers","0",NA,"ancestral reconstruction","Lopez-Martinez et al. (2023) | PROTEUS",NA
"731","Alisma plantagoaquatica","ovary position","0",NA,"ancestral reconstruction","Lopez-Martinez et al. (2023) | PROTEUS",NA
"732","Alisma plantagoaquatica","anther dehiscence","0",NA,"ancestral reconstruction","Lopez-Martinez et al. (2023) | PROTEUS",NA
"733","Alisma plantagoaquatica","fusion of ovaries","0",NA,"ancestral reconstruction","Lopez-Martinez et al. (2023) | PROTEUS",NA
"734","Allantospermum borneense","no ovules","0",NA,"ancestral reconstruction","Lopez-Martinez et al. (2023) | PROTEUS",NA
"735","Allantospermum borneense","sex of flowers","0",NA,"ancestral reconstruction","Lopez-Martinez et al. (2023) | PROTEUS",NA
"736","Allantospermum borneense","ovary position","0",NA,"ancestral reconstruction","Lopez-Martinez et al. (2023) | PROTEUS",NA
"737","Allantospermum borneense","anther attachment","1",NA,"ancestral reconstruction","Lopez-Martinez et al. (2023) | PROTEUS",NA
"738","Allantospermum borneense","fusion of ovaries","1",NA,"ancestral reconstruction","Lopez-Martinez et al. (2023) | PROTEUS",NA
"739","Allenrolfea occidentalis","no ovules","0",NA,"ancestral reconstruction","Lopez-Martinez et al. (2023) | PROTEUS",NA
"740","Allenrolfea occidentalis","sex of flowers","0",NA,"ancestral reconstruction","Lopez-Martinez et al. (2023) | PROTEUS",NA
"741","Allenrolfea occidentalis","ovary position","0",NA,"ancestral reconstruction","Lopez-Martinez et al. (2023) | PROTEUS",NA
"742","Allenrolfea occidentalis","anther orientation","0",NA,"ancestral reconstruction","Lopez-Martinez et al. (2023) | PROTEUS",NA
"743","Allenrolfea occidentalis","anther dehiscence","0",NA,"ancestral reconstruction","Lopez-Martinez et al. (2023) | PROTEUS",NA
"744","Allenrolfea occidentalis","fusion of ovaries","1",NA,"ancestral reconstruction","Lopez-Martinez et al. (2023) | PROTEUS",NA
"745","Allium fistulosum","no ovules","0&1&2",NA,"ancestral reconstruction","Lopez-Martinez et al. (2023) | PROTEUS",NA
"746","Allium fistulosum","sex of flowers","0",NA,"ancestral reconstruction","Lopez-Martinez et al. (2023) | PROTEUS",NA
"747","Allium fistulosum","ovary position","0",NA,"ancestral reconstruction","Lopez-Martinez et al. (2023) | PROTEUS",NA
"748","Allium fistulosum","anther orientation","0",NA,"ancestral reconstruction","Lopez-Martinez et al. (2023) | PROTEUS",NA
"749","Allium fistulosum","anther attachment","0",NA,"ancestral reconstruction","Lopez-Martinez et al. (2023) | PROTEUS",NA
"750","Allium fistulosum","anther dehiscence","0",NA,"ancestral reconstruction","Lopez-Martinez et al. (2023) | PROTEUS",NA
"751","Allium fistulosum","fusion of ovaries","1",NA,"ancestral reconstruction","Lopez-Martinez et al. (2023) | PROTEUS",NA
"752","Alluaudia procera","no ovules","0",NA,"ancestral reconstruction","Lopez-Martinez et al. (2023) | PROTEUS",NA
"753","Alluaudia procera","sex of flowers","0",NA,"ancestral reconstruction","Lopez-Martinez et al. (2023) | PROTEUS",NA
"754","Alluaudia procera","ovary position","0",NA,"ancestral reconstruction","Lopez-Martinez et al. (2023) | PROTEUS",NA
"755","Alluaudia procera","anther orientation","2",NA,"ancestral reconstruction","Lopez-Martinez et al. (2023) | PROTEUS",NA
"756","Alluaudia procera","anther attachment","1",NA,"ancestral reconstruction","Lopez-Martinez et al. (2023) | PROTEUS",NA
"757","Alluaudia procera","anther dehiscence","0",NA,"ancestral reconstruction","Lopez-Martinez et al. (2023) | PROTEUS",NA
"758","Alluaudia procera","fusion of ovaries","1",NA,"ancestral reconstruction","Lopez-Martinez et al. (2023) | PROTEUS",NA
"759","Alnus alnobetula","no ovules","0&1",NA,"ancestral reconstruction","Lopez-Martinez et al. (2023) | PROTEUS",NA
"760","Alnus alnobetula","sex of flowers","1",NA,"ancestral reconstruction","Lopez-Martinez et al. (2023) | PROTEUS",NA
"761","Alnus alnobetula","ovary position","1",NA,"ancestral reconstruction","Lopez-Martinez et al. (2023) | PROTEUS",NA
"762","Alnus alnobetula","anther dehiscence","0",NA,"ancestral reconstruction","Lopez-Martinez et al. (2023) | PROTEUS",NA
"763","Alnus alnobetula","fusion of ovaries","1",NA,"ancestral reconstruction","Lopez-Martinez et al. (2023) | PROTEUS",NA
"764","Alseuosmia macrophylla","no ovules","2",NA,"ancestral reconstruction","Lopez-Martinez et al. (2023) | PROTEUS",NA
"765","Alseuosmia macrophylla","sex of flowers","0",NA,"ancestral reconstruction","Lopez-Martinez et al. (2023) | PROTEUS",NA
"766","Alseuosmia macrophylla","ovary position","1",NA,"ancestral reconstruction","Lopez-Martinez et al. (2023) | PROTEUS",NA
"767","Alseuosmia macrophylla","anther orientation","0",NA,"ancestral reconstruction","Lopez-Martinez et al. (2023) | PROTEUS",NA
"768","Alseuosmia macrophylla","anther attachment","1",NA,"ancestral reconstruction","Lopez-Martinez et al. (2023) | PROTEUS",NA
"769","Alseuosmia macrophylla","anther dehiscence","0",NA,"ancestral reconstruction","Lopez-Martinez et al. (2023) | PROTEUS",NA
"770","Alstonia scholaris","no ovules","2",NA,"ancestral reconstruction","Lopez-Martinez et al. (2023) | PROTEUS",NA
"771","Alstonia scholaris","sex of flowers","0",NA,"ancestral reconstruction","Lopez-Martinez et al. (2023) | PROTEUS",NA
"772","Alstonia scholaris","ovary position","0",NA,"ancestral reconstruction","Lopez-Martinez et al. (2023) | PROTEUS",NA
"773","Alstonia scholaris","anther orientation","0",NA,"ancestral reconstruction","Lopez-Martinez et al. (2023) | PROTEUS",NA
"774","Alstonia scholaris","anther attachment","0",NA,"ancestral reconstruction","Lopez-Martinez et al. (2023) | PROTEUS",NA
"775","Alstonia scholaris","anther dehiscence","0",NA,"ancestral reconstruction","Lopez-Martinez et al. (2023) | PROTEUS",NA
"776","Alstonia scholaris","fusion of ovaries","1",NA,"ancestral reconstruction","Lopez-Martinez et al. (2023) | PROTEUS",NA
"777","Alstroemeria aurea","no ovules","2",NA,"ancestral reconstruction","Lopez-Martinez et al. (2023) | PROTEUS",NA
"778","Alstroemeria aurea","sex of flowers","0",NA,"ancestral reconstruction","Lopez-Martinez et al. (2023) | PROTEUS",NA
"779","Alstroemeria aurea","ovary position","1",NA,"ancestral reconstruction","Lopez-Martinez et al. (2023) | PROTEUS",NA
"780","Alstroemeria aurea","anther orientation","1",NA,"ancestral reconstruction","Lopez-Martinez et al. (2023) | PROTEUS",NA
"781","Alstroemeria aurea","anther attachment","1",NA,"ancestral reconstruction","Lopez-Martinez et al. (2023) | PROTEUS",NA
"782","Alstroemeria aurea","anther dehiscence","0",NA,"ancestral reconstruction","Lopez-Martinez et al. (2023) | PROTEUS",NA
"783","Altingia excelsa","no ovules","2",NA,"ancestral reconstruction","Lopez-Martinez et al. (2023) | PROTEUS",NA
"784","Altingia excelsa","sex of flowers","0",NA,"ancestral reconstruction","Lopez-Martinez et al. (2023) | PROTEUS",NA
"785","Altingia excelsa","ovary position","1",NA,"ancestral reconstruction","Lopez-Martinez et al. (2023) | PROTEUS",NA
"786","Altingia excelsa","anther attachment","0",NA,"ancestral reconstruction","Lopez-Martinez et al. (2023) | PROTEUS",NA
"787","Altingia excelsa","anther dehiscence","0",NA,"ancestral reconstruction","Lopez-Martinez et al. (2023) | PROTEUS",NA
"788","Alvaradoa amorphoides","no ovules","1",NA,"ancestral reconstruction","Lopez-Martinez et al. (2023) | PROTEUS",NA
"789","Alvaradoa amorphoides","sex of flowers","0&1",NA,"ancestral reconstruction","Lopez-Martinez et al. (2023) | PROTEUS",NA
"790","Alvaradoa amorphoides","ovary position","0",NA,"ancestral reconstruction","Lopez-Martinez et al. (2023) | PROTEUS",NA
"791","Alvaradoa amorphoides","anther attachment","1",NA,"ancestral reconstruction","Lopez-Martinez et al. (2023) | PROTEUS",NA
"792","Alvaradoa amorphoides","anther dehiscence","0",NA,"ancestral reconstruction","Lopez-Martinez et al. (2023) | PROTEUS",NA
"793","Alvaradoa amorphoides","fusion of ovaries","1",NA,"ancestral reconstruction","Lopez-Martinez et al. (2023) | PROTEUS",NA
"794","Alyssum simplex","no ovules","1",NA,"ancestral reconstruction","Lopez-Martinez et al. (2023) | PROTEUS",NA
"795","Alyssum simplex","sex of flowers","0",NA,"ancestral reconstruction","Lopez-Martinez et al. (2023) | PROTEUS",NA
"796","Alyssum simplex","ovary position","0",NA,"ancestral reconstruction","Lopez-Martinez et al. (2023) | PROTEUS",NA
"797","Alyssum simplex","anther orientation","0",NA,"ancestral reconstruction","Lopez-Martinez et al. (2023) | PROTEUS",NA
"798","Alyssum simplex","anther attachment","0",NA,"ancestral reconstruction","Lopez-Martinez et al. (2023) | PROTEUS",NA
"799","Alyssum simplex","anther dehiscence","0",NA,"ancestral reconstruction","Lopez-Martinez et al. (2023) | PROTEUS",NA
"800","Alyssum simplex","fusion of ovaries","1",NA,"ancestral reconstruction","Lopez-Martinez et al. (2023) | PROTEUS",NA
"801","Alzatea verticillata","no ovules","2",NA,"ancestral reconstruction","Lopez-Martinez et al. (2023) | PROTEUS",NA
"802","Alzatea verticillata","sex of flowers","0",NA,"ancestral reconstruction","Lopez-Martinez et al. (2023) | PROTEUS",NA
"803","Alzatea verticillata","ovary position","0",NA,"ancestral reconstruction","Lopez-Martinez et al. (2023) | PROTEUS",NA
"804","Alzatea verticillata","anther orientation","0",NA,"ancestral reconstruction","Lopez-Martinez et al. (2023) | PROTEUS",NA
"805","Alzatea verticillata","anther attachment","1",NA,"ancestral reconstruction","Lopez-Martinez et al. (2023) | PROTEUS",NA
"806","Alzatea verticillata","fusion of ovaries","1",NA,"ancestral reconstruction","Lopez-Martinez et al. (2023) | PROTEUS",NA
"807","Ambavia gerrardii","no ovules","1",NA,"ancestral reconstruction","Lopez-Martinez et al. (2023) | PROTEUS",NA
"808","Ambavia gerrardii","sex of flowers","0",NA,"ancestral reconstruction","Lopez-Martinez et al. (2023) | PROTEUS",NA
"809","Ambavia gerrardii","anther orientation","2",NA,"ancestral reconstruction","Lopez-Martinez et al. (2023) | PROTEUS",NA
"810","Ambavia gerrardii","fusion of ovaries","0",NA,"ancestral reconstruction","Lopez-Martinez et al. (2023) | PROTEUS",NA
"811","Amborella trichopoda","no ovules","0",NA,"ancestral reconstruction","Lopez-Martinez et al. (2023) | PROTEUS",NA
"812","Amborella trichopoda","sex of flowers","0&1",NA,"ancestral reconstruction","Lopez-Martinez et al. (2023) | PROTEUS",NA
"813","Amborella trichopoda","ovary position","0",NA,"ancestral reconstruction","Lopez-Martinez et al. (2023) | PROTEUS",NA
"814","Amborella trichopoda","anther orientation","0",NA,"ancestral reconstruction","Lopez-Martinez et al. (2023) | PROTEUS",NA
"815","Amborella trichopoda","anther attachment","0",NA,"ancestral reconstruction","Lopez-Martinez et al. (2023) | PROTEUS",NA
"816","Amborella trichopoda","anther dehiscence","0",NA,"ancestral reconstruction","Lopez-Martinez et al. (2023) | PROTEUS",NA
"817","Amborella trichopoda","fusion of ovaries","0",NA,"ancestral reconstruction","Lopez-Martinez et al. (2023) | PROTEUS",NA
"818","Ampelocera hottlei","no ovules","0",NA,"ancestral reconstruction","Lopez-Martinez et al. (2023) | PROTEUS",NA
"819","Ampelocera hottlei","sex of flowers","0",NA,"ancestral reconstruction","Lopez-Martinez et al. (2023) | PROTEUS",NA
"820","Ampelocera hottlei","ovary position","0",NA,"ancestral reconstruction","Lopez-Martinez et al. (2023) | PROTEUS",NA
"821","Ampelocera hottlei","anther attachment","0",NA,"ancestral reconstruction","Lopez-Martinez et al. (2023) | PROTEUS",NA
"822","Ampelocera hottlei","anther dehiscence","0",NA,"ancestral reconstruction","Lopez-Martinez et al. (2023) | PROTEUS",NA
"823","Ampelocera hottlei","fusion of ovaries","1",NA,"ancestral reconstruction","Lopez-Martinez et al. (2023) | PROTEUS",NA
"824","Amphibolis griffithii","no ovules","0",NA,"ancestral reconstruction","Lopez-Martinez et al. (2023) | PROTEUS",NA
"825","Amphibolis griffithii","sex of flowers","1",NA,"ancestral reconstruction","Lopez-Martinez et al. (2023) | PROTEUS",NA
"826","Amphibolis griffithii","ovary position","0",NA,"ancestral reconstruction","Lopez-Martinez et al. (2023) | PROTEUS",NA
"827","Amphibolis griffithii","anther attachment","0",NA,"ancestral reconstruction","Lopez-Martinez et al. (2023) | PROTEUS",NA
"828","Amphibolis griffithii","anther dehiscence","0",NA,"ancestral reconstruction","Lopez-Martinez et al. (2023) | PROTEUS",NA
"829","Amphibolis griffithii","fusion of ovaries","0",NA,"ancestral reconstruction","Lopez-Martinez et al. (2023) | PROTEUS",NA
"830","Amphidasya ambigua","sex of flowers","0",NA,"ancestral reconstruction","Lopez-Martinez et al. (2023) | PROTEUS",NA
"831","Amphidasya ambigua","ovary position","1",NA,"ancestral reconstruction","Lopez-Martinez et al. (2023) | PROTEUS",NA
"832","Amphidasya ambigua","anther attachment","1",NA,"ancestral reconstruction","Lopez-Martinez et al. (2023) | PROTEUS",NA
"833","Amphidasya ambigua","anther dehiscence","0",NA,"ancestral reconstruction","Lopez-Martinez et al. (2023) | PROTEUS",NA
"834","Amphidasya ambigua","fusion of ovaries","1",NA,"ancestral reconstruction","Lopez-Martinez et al. (2023) | PROTEUS",NA
"835","Amsonia tabernaemontana","sex of flowers","0",NA,"ancestral reconstruction","Lopez-Martinez et al. (2023) | PROTEUS",NA
"836","Amsonia tabernaemontana","ovary position","0",NA,"ancestral reconstruction","Lopez-Martinez et al. (2023) | PROTEUS",NA
"837","Amsonia tabernaemontana","anther orientation","0",NA,"ancestral reconstruction","Lopez-Martinez et al. (2023) | PROTEUS",NA
"838","Amsonia tabernaemontana","fusion of ovaries","0",NA,"ancestral reconstruction","Lopez-Martinez et al. (2023) | PROTEUS",NA
"839","Anacampseros papyracea","sex of flowers","0",NA,"ancestral reconstruction","Lopez-Martinez et al. (2023) | PROTEUS",NA
"840","Anacampseros papyracea","ovary position","0",NA,"ancestral reconstruction","Lopez-Martinez et al. (2023) | PROTEUS",NA
"841","Anacampseros papyracea","anther orientation","0",NA,"ancestral reconstruction","Lopez-Martinez et al. (2023) | PROTEUS",NA
"842","Anacampseros papyracea","anther attachment","1",NA,"ancestral reconstruction","Lopez-Martinez et al. (2023) | PROTEUS",NA
"843","Anacampseros papyracea","anther dehiscence","0",NA,"ancestral reconstruction","Lopez-Martinez et al. (2023) | PROTEUS",NA
"844","Ananas comosus","no ovules","2",NA,"ancestral reconstruction","Lopez-Martinez et al. (2023) | PROTEUS",NA
"845","Ananas comosus","sex of flowers","0",NA,"ancestral reconstruction","Lopez-Martinez et al. (2023) | PROTEUS",NA
"846","Ananas comosus","ovary position","1",NA,"ancestral reconstruction","Lopez-Martinez et al. (2023) | PROTEUS",NA
"847","Ananas comosus","anther orientation","0",NA,"ancestral reconstruction","Lopez-Martinez et al. (2023) | PROTEUS",NA
"848","Ananas comosus","anther attachment","1",NA,"ancestral reconstruction","Lopez-Martinez et al. (2023) | PROTEUS",NA
"849","Ananas comosus","anther dehiscence","0",NA,"ancestral reconstruction","Lopez-Martinez et al. (2023) | PROTEUS",NA
"850","Ananas comosus","fusion of ovaries","1",NA,"ancestral reconstruction","Lopez-Martinez et al. (2023) | PROTEUS",NA
"851","Anarthria polyphylla","no ovules","0",NA,"ancestral reconstruction","Lopez-Martinez et al. (2023) | PROTEUS",NA
"852","Anarthria polyphylla","sex of flowers","0&1",NA,"ancestral reconstruction","Lopez-Martinez et al. (2023) | PROTEUS",NA
"853","Anarthria polyphylla","ovary position","0",NA,"ancestral reconstruction","Lopez-Martinez et al. (2023) | PROTEUS",NA
"854","Anarthria polyphylla","anther attachment","1",NA,"ancestral reconstruction","Lopez-Martinez et al. (2023) | PROTEUS",NA
"855","Anarthria polyphylla","anther dehiscence","0",NA,"ancestral reconstruction","Lopez-Martinez et al. (2023) | PROTEUS",NA
"856","Anarthria polyphylla","fusion of ovaries","1",NA,"ancestral reconstruction","Lopez-Martinez et al. (2023) | PROTEUS",NA
"857","Anaxagorea javanica","no ovules","1",NA,"ancestral reconstruction","Lopez-Martinez et al. (2023) | PROTEUS",NA
"858","Anaxagorea javanica","sex of flowers","0",NA,"ancestral reconstruction","Lopez-Martinez et al. (2023) | PROTEUS",NA
"859","Anaxagorea javanica","ovary position","0",NA,"ancestral reconstruction","Lopez-Martinez et al. (2023) | PROTEUS",NA
"860","Anaxagorea javanica","anther orientation","2",NA,"ancestral reconstruction","Lopez-Martinez et al. (2023) | PROTEUS",NA
"861","Anaxagorea javanica","anther dehiscence","1",NA,"ancestral reconstruction","Lopez-Martinez et al. (2023) | PROTEUS",NA
"862","Anaxagorea javanica","fusion of ovaries","0",NA,"ancestral reconstruction","Lopez-Martinez et al. (2023) | PROTEUS",NA
"863","Ancistrocladus korupensis","no ovules","0",NA,"ancestral reconstruction","Lopez-Martinez et al. (2023) | PROTEUS",NA
"864","Ancistrocladus korupensis","sex of flowers","0",NA,"ancestral reconstruction","Lopez-Martinez et al. (2023) | PROTEUS",NA
"865","Ancistrocladus korupensis","ovary position","1",NA,"ancestral reconstruction","Lopez-Martinez et al. (2023) | PROTEUS",NA
"866","Ancistrocladus korupensis","anther orientation","0",NA,"ancestral reconstruction","Lopez-Martinez et al. (2023) | PROTEUS",NA
"867","Ancistrocladus korupensis","anther attachment","0",NA,"ancestral reconstruction","Lopez-Martinez et al. (2023) | PROTEUS",NA
"868","Ancistrocladus korupensis","anther dehiscence","0",NA,"ancestral reconstruction","Lopez-Martinez et al. (2023) | PROTEUS",NA
"869","Ancistrocladus korupensis","fusion of ovaries","1",NA,"ancestral reconstruction","Lopez-Martinez et al. (2023) | PROTEUS",NA
"870","Ancistrocladus tectorius","no ovules","0",NA,"ancestral reconstruction","Lopez-Martinez et al. (2023) | PROTEUS",NA
"871","Ancistrocladus tectorius","sex of flowers","0",NA,"ancestral reconstruction","Lopez-Martinez et al. (2023) | PROTEUS",NA
"872","Ancistrocladus tectorius","ovary position","1",NA,"ancestral reconstruction","Lopez-Martinez et al. (2023) | PROTEUS",NA
"873","Ancistrocladus tectorius","anther orientation","0",NA,"ancestral reconstruction","Lopez-Martinez et al. (2023) | PROTEUS",NA
"874","Ancistrocladus tectorius","anther attachment","0",NA,"ancestral reconstruction","Lopez-Martinez et al. (2023) | PROTEUS",NA
"875","Ancistrocladus tectorius","anther dehiscence","0",NA,"ancestral reconstruction","Lopez-Martinez et al. (2023) | PROTEUS",NA
"876","Ancistrocladus tectorius","fusion of ovaries","1",NA,"ancestral reconstruction","Lopez-Martinez et al. (2023) | PROTEUS",NA
"877","Androsace spinulifera","sex of flowers","0",NA,"ancestral reconstruction","Lopez-Martinez et al. (2023) | PROTEUS",NA
"878","Androsace spinulifera","ovary position","0",NA,"ancestral reconstruction","Lopez-Martinez et al. (2023) | PROTEUS",NA
"879","Androsace spinulifera","fusion of ovaries","1",NA,"ancestral reconstruction","Lopez-Martinez et al. (2023) | PROTEUS",NA
"880","Androstachys johnsonii","no ovules","1",NA,"ancestral reconstruction","Lopez-Martinez et al. (2023) | PROTEUS",NA
"881","Androstachys johnsonii","sex of flowers","1",NA,"ancestral reconstruction","Lopez-Martinez et al. (2023) | PROTEUS",NA
"882","Androstachys johnsonii","ovary position","0",NA,"ancestral reconstruction","Lopez-Martinez et al. (2023) | PROTEUS",NA
"883","Androstachys johnsonii","anther orientation","2",NA,"ancestral reconstruction","Lopez-Martinez et al. (2023) | PROTEUS",NA
"884","Androstachys johnsonii","anther attachment","1",NA,"ancestral reconstruction","Lopez-Martinez et al. (2023) | PROTEUS",NA
"885","Androstachys johnsonii","anther dehiscence","0",NA,"ancestral reconstruction","Lopez-Martinez et al. (2023) | PROTEUS",NA
"886","Androstachys johnsonii","fusion of ovaries","1",NA,"ancestral reconstruction","Lopez-Martinez et al. (2023) | PROTEUS",NA
"887","Anemarrhena asphodeloides","no ovules","1",NA,"ancestral reconstruction","Lopez-Martinez et al. (2023) | PROTEUS",NA
"888","Anemarrhena asphodeloides","sex of flowers","0",NA,"ancestral reconstruction","Lopez-Martinez et al. (2023) | PROTEUS",NA
"889","Anemarrhena asphodeloides","ovary position","0",NA,"ancestral reconstruction","Lopez-Martinez et al. (2023) | PROTEUS",NA
"890","Anemarrhena asphodeloides","anther orientation","0",NA,"ancestral reconstruction","Lopez-Martinez et al. (2023) | PROTEUS",NA
"891","Anemarrhena asphodeloides","anther attachment","0",NA,"ancestral reconstruction","Lopez-Martinez et al. (2023) | PROTEUS",NA
"892","Anemarrhena asphodeloides","anther dehiscence","0",NA,"ancestral reconstruction","Lopez-Martinez et al. (2023) | PROTEUS",NA
"893","Anemarrhena asphodeloides","fusion of ovaries","1",NA,"ancestral reconstruction","Lopez-Martinez et al. (2023) | PROTEUS",NA
"894","Aneulophus africanus","no ovules","1",NA,"ancestral reconstruction","Lopez-Martinez et al. (2023) | PROTEUS",NA
"895","Aneulophus africanus","sex of flowers","0",NA,"ancestral reconstruction","Lopez-Martinez et al. (2023) | PROTEUS",NA
"896","Aneulophus africanus","ovary position","0",NA,"ancestral reconstruction","Lopez-Martinez et al. (2023) | PROTEUS",NA
"897","Aneulophus africanus","anther orientation","1",NA,"ancestral reconstruction","Lopez-Martinez et al. (2023) | PROTEUS",NA
"898","Aneulophus africanus","anther attachment","0&1",NA,"ancestral reconstruction","Lopez-Martinez et al. (2023) | PROTEUS",NA
"899","Aneulophus africanus","anther dehiscence","0",NA,"ancestral reconstruction","Lopez-Martinez et al. (2023) | PROTEUS",NA
"900","Aneulophus africanus","fusion of ovaries","1",NA,"ancestral reconstruction","Lopez-Martinez et al. (2023) | PROTEUS",NA
"901","Angelonia pubescens","sex of flowers","0",NA,"ancestral reconstruction","Lopez-Martinez et al. (2023) | PROTEUS",NA
"902","Angelonia pubescens","ovary position","0",NA,"ancestral reconstruction","Lopez-Martinez et al. (2023) | PROTEUS",NA
"903","Angelonia pubescens","anther orientation","2",NA,"ancestral reconstruction","Lopez-Martinez et al. (2023) | PROTEUS",NA
"904","Angelonia pubescens","fusion of ovaries","1",NA,"ancestral reconstruction","Lopez-Martinez et al. (2023) | PROTEUS",NA
"905","Anigozanthos flavidus","sex of flowers","0",NA,"ancestral reconstruction","Lopez-Martinez et al. (2023) | PROTEUS",NA
"906","Anigozanthos flavidus","anther orientation","0",NA,"ancestral reconstruction","Lopez-Martinez et al. (2023) | PROTEUS",NA
"907","Anigozanthos flavidus","anther dehiscence","0",NA,"ancestral reconstruction","Lopez-Martinez et al. (2023) | PROTEUS",NA
"908","Anisophyllea fallax","no ovules","0",NA,"ancestral reconstruction","Lopez-Martinez et al. (2023) | PROTEUS",NA
"909","Anisophyllea fallax","ovary position","1",NA,"ancestral reconstruction","Lopez-Martinez et al. (2023) | PROTEUS",NA
"910","Anisophyllea fallax","anther orientation","1",NA,"ancestral reconstruction","Lopez-Martinez et al. (2023) | PROTEUS",NA
"911","Anisophyllea fallax","anther attachment","1",NA,"ancestral reconstruction","Lopez-Martinez et al. (2023) | PROTEUS",NA
"912","Anisophyllea fallax","anther dehiscence","0",NA,"ancestral reconstruction","Lopez-Martinez et al. (2023) | PROTEUS",NA
"913","Anisoptera marginata","no ovules","1",NA,"ancestral reconstruction","Lopez-Martinez et al. (2023) | PROTEUS",NA
"914","Anisoptera marginata","sex of flowers","0",NA,"ancestral reconstruction","Lopez-Martinez et al. (2023) | PROTEUS",NA
"915","Anisoptera marginata","ovary position","1",NA,"ancestral reconstruction","Lopez-Martinez et al. (2023) | PROTEUS",NA
"916","Anisoptera marginata","anther orientation","0",NA,"ancestral reconstruction","Lopez-Martinez et al. (2023) | PROTEUS",NA
"917","Anisoptera marginata","anther attachment","0",NA,"ancestral reconstruction","Lopez-Martinez et al. (2023) | PROTEUS",NA
"918","Anisoptera marginata","anther dehiscence","0",NA,"ancestral reconstruction","Lopez-Martinez et al. (2023) | PROTEUS",NA
"919","Anisoptera marginata","fusion of ovaries","1",NA,"ancestral reconstruction","Lopez-Martinez et al. (2023) | PROTEUS",NA
"920","Annickia chlorantha","no ovules","0",NA,"ancestral reconstruction","Lopez-Martinez et al. (2023) | PROTEUS",NA
"921","Annickia chlorantha","sex of flowers","0",NA,"ancestral reconstruction","Lopez-Martinez et al. (2023) | PROTEUS",NA
"922","Annickia chlorantha","ovary position","0",NA,"ancestral reconstruction","Lopez-Martinez et al. (2023) | PROTEUS",NA
"923","Annickia chlorantha","anther orientation","2",NA,"ancestral reconstruction","Lopez-Martinez et al. (2023) | PROTEUS",NA
"924","Annickia chlorantha","anther attachment","0",NA,"ancestral reconstruction","Lopez-Martinez et al. (2023) | PROTEUS",NA
"925","Annickia chlorantha","anther dehiscence","0",NA,"ancestral reconstruction","Lopez-Martinez et al. (2023) | PROTEUS",NA
"926","Annickia chlorantha","fusion of ovaries","0",NA,"ancestral reconstruction","Lopez-Martinez et al. (2023) | PROTEUS",NA
"927","Anomochloa marantoidea","no ovules","0",NA,"ancestral reconstruction","Lopez-Martinez et al. (2023) | PROTEUS",NA
"928","Anomochloa marantoidea","sex of flowers","0",NA,"ancestral reconstruction","Lopez-Martinez et al. (2023) | PROTEUS",NA
"929","Anomochloa marantoidea","anther orientation","1",NA,"ancestral reconstruction","Lopez-Martinez et al. (2023) | PROTEUS",NA
"930","Anomochloa marantoidea","anther attachment","0",NA,"ancestral reconstruction","Lopez-Martinez et al. (2023) | PROTEUS",NA
"931","Anomochloa marantoidea","anther dehiscence","0",NA,"ancestral reconstruction","Lopez-Martinez et al. (2023) | PROTEUS",NA
"932","Anredera cordifolia","no ovules","0",NA,"ancestral reconstruction","Lopez-Martinez et al. (2023) | PROTEUS",NA
"933","Anredera cordifolia","sex of flowers","0",NA,"ancestral reconstruction","Lopez-Martinez et al. (2023) | PROTEUS",NA
"934","Anredera cordifolia","ovary position","0",NA,"ancestral reconstruction","Lopez-Martinez et al. (2023) | PROTEUS",NA
"935","Anredera cordifolia","anther attachment","1",NA,"ancestral reconstruction","Lopez-Martinez et al. (2023) | PROTEUS",NA
"936","Anredera cordifolia","anther dehiscence","0",NA,"ancestral reconstruction","Lopez-Martinez et al. (2023) | PROTEUS",NA
"937","Anredera cordifolia","fusion of ovaries","1",NA,"ancestral reconstruction","Lopez-Martinez et al. (2023) | PROTEUS",NA
"938","Anthocercis viscosa","sex of flowers","0",NA,"ancestral reconstruction","Lopez-Martinez et al. (2023) | PROTEUS",NA
"939","Anthocercis viscosa","ovary position","0",NA,"ancestral reconstruction","Lopez-Martinez et al. (2023) | PROTEUS",NA
"940","Anthocercis viscosa","anther orientation","2",NA,"ancestral reconstruction","Lopez-Martinez et al. (2023) | PROTEUS",NA
"941","Anthocercis viscosa","anther attachment","1",NA,"ancestral reconstruction","Lopez-Martinez et al. (2023) | PROTEUS",NA
"942","Anthocercis viscosa","anther dehiscence","0",NA,"ancestral reconstruction","Lopez-Martinez et al. (2023) | PROTEUS",NA
"943","Anthocercis viscosa","fusion of ovaries","1",NA,"ancestral reconstruction","Lopez-Martinez et al. (2023) | PROTEUS",NA
"944","Anthocleista grandiflora","sex of flowers","0",NA,"ancestral reconstruction","Lopez-Martinez et al. (2023) | PROTEUS",NA
"945","Anthocleista grandiflora","ovary position","0",NA,"ancestral reconstruction","Lopez-Martinez et al. (2023) | PROTEUS",NA
"946","Anthocleista grandiflora","anther orientation","0",NA,"ancestral reconstruction","Lopez-Martinez et al. (2023) | PROTEUS",NA
"947","Anthocleista grandiflora","anther dehiscence","0",NA,"ancestral reconstruction","Lopez-Martinez et al. (2023) | PROTEUS",NA
"948","Anthodiscus amazonicus","sex of flowers","0",NA,"ancestral reconstruction","Lopez-Martinez et al. (2023) | PROTEUS",NA
"949","Anthodiscus amazonicus","ovary position","0",NA,"ancestral reconstruction","Lopez-Martinez et al. (2023) | PROTEUS",NA
"950","Anthodiscus amazonicus","anther orientation","0",NA,"ancestral reconstruction","Lopez-Martinez et al. (2023) | PROTEUS",NA
"951","Anthodiscus amazonicus","anther dehiscence","0",NA,"ancestral reconstruction","Lopez-Martinez et al. (2023) | PROTEUS",NA
"952","Anthodiscus amazonicus","fusion of ovaries","1",NA,"ancestral reconstruction","Lopez-Martinez et al. (2023) | PROTEUS",NA
"953","Anthurium acaule","sex of flowers","0",NA,"ancestral reconstruction","Lopez-Martinez et al. (2023) | PROTEUS",NA
"954","Anthurium acaule","ovary position","0",NA,"ancestral reconstruction","Lopez-Martinez et al. (2023) | PROTEUS",NA
"955","Anthurium acaule","anther dehiscence","0",NA,"ancestral reconstruction","Lopez-Martinez et al. (2023) | PROTEUS",NA
"956","Antirrhinum majus","no ovules","2",NA,"ancestral reconstruction","Lopez-Martinez et al. (2023) | PROTEUS",NA
"957","Antirrhinum majus","sex of flowers","0",NA,"ancestral reconstruction","Lopez-Martinez et al. (2023) | PROTEUS",NA
"958","Antirrhinum majus","ovary position","0",NA,"ancestral reconstruction","Lopez-Martinez et al. (2023) | PROTEUS",NA
"959","Antirrhinum majus","anther orientation","0",NA,"ancestral reconstruction","Lopez-Martinez et al. (2023) | PROTEUS",NA
"960","Antirrhinum majus","anther attachment","0",NA,"ancestral reconstruction","Lopez-Martinez et al. (2023) | PROTEUS",NA
"961","Antirrhinum majus","anther dehiscence","0",NA,"ancestral reconstruction","Lopez-Martinez et al. (2023) | PROTEUS",NA
"962","Antirrhinum majus","fusion of ovaries","1",NA,"ancestral reconstruction","Lopez-Martinez et al. (2023) | PROTEUS",NA
"963","Antonia ovata","no ovules","0",NA,"ancestral reconstruction","Lopez-Martinez et al. (2023) | PROTEUS",NA
"964","Antonia ovata","sex of flowers","0",NA,"ancestral reconstruction","Lopez-Martinez et al. (2023) | PROTEUS",NA
"965","Antonia ovata","ovary position","0",NA,"ancestral reconstruction","Lopez-Martinez et al. (2023) | PROTEUS",NA
"966","Antonia ovata","anther attachment","0",NA,"ancestral reconstruction","Lopez-Martinez et al. (2023) | PROTEUS",NA
"967","Antonia ovata","anther dehiscence","0",NA,"ancestral reconstruction","Lopez-Martinez et al. (2023) | PROTEUS",NA
"968","Antonia ovata","fusion of ovaries","1",NA,"ancestral reconstruction","Lopez-Martinez et al. (2023) | PROTEUS",NA
"969","Aphananthe aspera","no ovules","0",NA,"ancestral reconstruction","Lopez-Martinez et al. (2023) | PROTEUS",NA
"970","Aphananthe aspera","sex of flowers","1",NA,"ancestral reconstruction","Lopez-Martinez et al. (2023) | PROTEUS",NA
"971","Aphananthe aspera","ovary position","0",NA,"ancestral reconstruction","Lopez-Martinez et al. (2023) | PROTEUS",NA
"972","Aphananthe aspera","anther attachment","0",NA,"ancestral reconstruction","Lopez-Martinez et al. (2023) | PROTEUS",NA
"973","Aphananthe aspera","anther dehiscence","0",NA,"ancestral reconstruction","Lopez-Martinez et al. (2023) | PROTEUS",NA
"974","Aphananthe aspera","fusion of ovaries","1",NA,"ancestral reconstruction","Lopez-Martinez et al. (2023) | PROTEUS",NA
"975","Aphanopetalum clematideum","no ovules","0",NA,"ancestral reconstruction","Lopez-Martinez et al. (2023) | PROTEUS",NA
"976","Aphanopetalum clematideum","sex of flowers","0",NA,"ancestral reconstruction","Lopez-Martinez et al. (2023) | PROTEUS",NA
"977","Aphanopetalum clematideum","ovary position","1",NA,"ancestral reconstruction","Lopez-Martinez et al. (2023) | PROTEUS",NA
"978","Aphanopetalum clematideum","anther orientation","0&1",NA,"ancestral reconstruction","Lopez-Martinez et al. (2023) | PROTEUS",NA
"979","Aphanopetalum clematideum","anther dehiscence","0",NA,"ancestral reconstruction","Lopez-Martinez et al. (2023) | PROTEUS",NA
"980","Aphanopetalum clematideum","fusion of ovaries","1",NA,"ancestral reconstruction","Lopez-Martinez et al. (2023) | PROTEUS",NA
"981","Aphanopetalum resinosum","no ovules","0",NA,"ancestral reconstruction","Lopez-Martinez et al. (2023) | PROTEUS",NA
"982","Aphanopetalum resinosum","sex of flowers","0",NA,"ancestral reconstruction","Lopez-Martinez et al. (2023) | PROTEUS",NA
"983","Aphanopetalum resinosum","ovary position","1",NA,"ancestral reconstruction","Lopez-Martinez et al. (2023) | PROTEUS",NA
"984","Aphanopetalum resinosum","anther orientation","0&1",NA,"ancestral reconstruction","Lopez-Martinez et al. (2023) | PROTEUS",NA
"985","Aphanopetalum resinosum","anther attachment","1",NA,"ancestral reconstruction","Lopez-Martinez et al. (2023) | PROTEUS",NA
"986","Aphanopetalum resinosum","anther dehiscence","0",NA,"ancestral reconstruction","Lopez-Martinez et al. (2023) | PROTEUS",NA
"987","Aphanopetalum resinosum","fusion of ovaries","1",NA,"ancestral reconstruction","Lopez-Martinez et al. (2023) | PROTEUS",NA
"988","Aphloia theiformis","no ovules","2",NA,"ancestral reconstruction","Lopez-Martinez et al. (2023) | PROTEUS",NA
"989","Aphloia theiformis","sex of flowers","0",NA,"ancestral reconstruction","Lopez-Martinez et al. (2023) | PROTEUS",NA
"990","Aphloia theiformis","ovary position","0",NA,"ancestral reconstruction","Lopez-Martinez et al. (2023) | PROTEUS",NA
"991","Aphloia theiformis","anther orientation","0",NA,"ancestral reconstruction","Lopez-Martinez et al. (2023) | PROTEUS",NA
"992","Aphloia theiformis","anther attachment","0",NA,"ancestral reconstruction","Lopez-Martinez et al. (2023) | PROTEUS",NA
"993","Aphloia theiformis","anther dehiscence","0",NA,"ancestral reconstruction","Lopez-Martinez et al. (2023) | PROTEUS",NA
"994","Aphyllanthes monspeliensis","no ovules","0",NA,"ancestral reconstruction","Lopez-Martinez et al. (2023) | PROTEUS",NA
"995","Aphyllanthes monspeliensis","sex of flowers","0",NA,"ancestral reconstruction","Lopez-Martinez et al. (2023) | PROTEUS",NA
"996","Aphyllanthes monspeliensis","ovary position","0",NA,"ancestral reconstruction","Lopez-Martinez et al. (2023) | PROTEUS",NA
"997","Aphyllanthes monspeliensis","anther orientation","0",NA,"ancestral reconstruction","Lopez-Martinez et al. (2023) | PROTEUS",NA
"998","Aphyllanthes monspeliensis","anther attachment","1",NA,"ancestral reconstruction","Lopez-Martinez et al. (2023) | PROTEUS",NA
"999","Aphyllanthes monspeliensis","anther dehiscence","0",NA,"ancestral reconstruction","Lopez-Martinez et al. (2023) | PROTEUS",NA
"1000","Aphyllanthes monspeliensis","fusion of ovaries","1",NA,"ancestral reconstruction","Lopez-Martinez et al. (2023) | PROTEUS",NA
"1001","Apium graveolens","no ovules","0",NA,"ancestral reconstruction","Lopez-Martinez et al. (2023) | PROTEUS",NA
"1002","Apium graveolens","sex of flowers","0",NA,"ancestral reconstruction","Lopez-Martinez et al. (2023) | PROTEUS",NA
"1003","Apium graveolens","ovary position","1",NA,"ancestral reconstruction","Lopez-Martinez et al. (2023) | PROTEUS",NA
"1004","Apium graveolens","fusion of ovaries","1",NA,"ancestral reconstruction","Lopez-Martinez et al. (2023) | PROTEUS",NA
"1005","Apodanthes caseariae","no ovules","2",NA,"ancestral reconstruction","Lopez-Martinez et al. (2023) | PROTEUS",NA
"1006","Apodanthes caseariae","sex of flowers","0&1",NA,"ancestral reconstruction","Lopez-Martinez et al. (2023) | PROTEUS",NA
"1007","Apodanthes caseariae","ovary position","1",NA,"ancestral reconstruction","Lopez-Martinez et al. (2023) | PROTEUS",NA
"1008","Apodanthes caseariae","anther orientation","2",NA,"ancestral reconstruction","Lopez-Martinez et al. (2023) | PROTEUS",NA
"1009","Apodanthes caseariae","fusion of ovaries","1",NA,"ancestral reconstruction","Lopez-Martinez et al. (2023) | PROTEUS",NA
"1010","Aponogeton crispus","no ovules","1",NA,"ancestral reconstruction","Lopez-Martinez et al. (2023) | PROTEUS",NA
"1011","Aponogeton crispus","sex of flowers","0",NA,"ancestral reconstruction","Lopez-Martinez et al. (2023) | PROTEUS",NA
"1012","Aponogeton crispus","ovary position","0",NA,"ancestral reconstruction","Lopez-Martinez et al. (2023) | PROTEUS",NA
"1013","Aponogeton crispus","anther orientation","2",NA,"ancestral reconstruction","Lopez-Martinez et al. (2023) | PROTEUS",NA
"1014","Aponogeton crispus","anther attachment","0",NA,"ancestral reconstruction","Lopez-Martinez et al. (2023) | PROTEUS",NA
"1015","Aponogeton crispus","anther dehiscence","0",NA,"ancestral reconstruction","Lopez-Martinez et al. (2023) | PROTEUS",NA
"1016","Aponogeton crispus","fusion of ovaries","0",NA,"ancestral reconstruction","Lopez-Martinez et al. (2023) | PROTEUS",NA
"1017","Aponogeton hexatepalus","no ovules","1",NA,"ancestral reconstruction","Lopez-Martinez et al. (2023) | PROTEUS",NA
"1018","Aponogeton hexatepalus","sex of flowers","0",NA,"ancestral reconstruction","Lopez-Martinez et al. (2023) | PROTEUS",NA
"1019","Aponogeton hexatepalus","ovary position","0",NA,"ancestral reconstruction","Lopez-Martinez et al. (2023) | PROTEUS",NA
"1020","Aponogeton hexatepalus","anther orientation","1&2",NA,"ancestral reconstruction","Lopez-Martinez et al. (2023) | PROTEUS",NA
"1021","Aponogeton hexatepalus","anther dehiscence","0",NA,"ancestral reconstruction","Lopez-Martinez et al. (2023) | PROTEUS",NA
"1022","Aponogeton hexatepalus","fusion of ovaries","0",NA,"ancestral reconstruction","Lopez-Martinez et al. (2023) | PROTEUS",NA
"1023","Aporosa frutescens","no ovules","1",NA,"ancestral reconstruction","Lopez-Martinez et al. (2023) | PROTEUS",NA
"1024","Aporosa frutescens","sex of flowers","1",NA,"ancestral reconstruction","Lopez-Martinez et al. (2023) | PROTEUS",NA
"1025","Aporosa frutescens","ovary position","0",NA,"ancestral reconstruction","Lopez-Martinez et al. (2023) | PROTEUS",NA
"1026","Aporosa frutescens","anther orientation","1",NA,"ancestral reconstruction","Lopez-Martinez et al. (2023) | PROTEUS",NA
"1027","Aporosa frutescens","anther attachment","1",NA,"ancestral reconstruction","Lopez-Martinez et al. (2023) | PROTEUS",NA
"1028","Aporosa frutescens","anther dehiscence","0",NA,"ancestral reconstruction","Lopez-Martinez et al. (2023) | PROTEUS",NA
"1029","Aporosa frutescens","fusion of ovaries","1",NA,"ancestral reconstruction","Lopez-Martinez et al. (2023) | PROTEUS",NA
"1030","Apostasia wallichii","no ovules","2",NA,"ancestral reconstruction","Lopez-Martinez et al. (2023) | PROTEUS",NA
"1031","Apostasia wallichii","sex of flowers","0",NA,"ancestral reconstruction","Lopez-Martinez et al. (2023) | PROTEUS",NA
"1032","Apostasia wallichii","ovary position","1",NA,"ancestral reconstruction","Lopez-Martinez et al. (2023) | PROTEUS",NA
"1033","Apostasia wallichii","anther orientation","0",NA,"ancestral reconstruction","Lopez-Martinez et al. (2023) | PROTEUS",NA
"1034","Apostasia wallichii","anther attachment","1",NA,"ancestral reconstruction","Lopez-Martinez et al. (2023) | PROTEUS",NA
"1035","Apostasia wallichii","anther dehiscence","0",NA,"ancestral reconstruction","Lopez-Martinez et al. (2023) | PROTEUS",NA
"1036","Apostasia wallichii","fusion of ovaries","1",NA,"ancestral reconstruction","Lopez-Martinez et al. (2023) | PROTEUS",NA
"1037","Aptandra tubicina","no ovules","1",NA,"ancestral reconstruction","Lopez-Martinez et al. (2023) | PROTEUS",NA
"1038","Aptandra tubicina","sex of flowers","0",NA,"ancestral reconstruction","Lopez-Martinez et al. (2023) | PROTEUS",NA
"1039","Aptandra tubicina","ovary position","0",NA,"ancestral reconstruction","Lopez-Martinez et al. (2023) | PROTEUS",NA
"1040","Aptandra tubicina","anther orientation","2",NA,"ancestral reconstruction","Lopez-Martinez et al. (2023) | PROTEUS",NA
"1041","Aptandra tubicina","anther attachment","0",NA,"ancestral reconstruction","Lopez-Martinez et al. (2023) | PROTEUS",NA
"1042","Aptosimum indivisum","sex of flowers","0",NA,"ancestral reconstruction","Lopez-Martinez et al. (2023) | PROTEUS",NA
"1043","Aptosimum indivisum","ovary position","0",NA,"ancestral reconstruction","Lopez-Martinez et al. (2023) | PROTEUS",NA
"1044","Aptosimum indivisum","anther attachment","1",NA,"ancestral reconstruction","Lopez-Martinez et al. (2023) | PROTEUS",NA
"1045","Aquilegia canadensis","no ovules","2",NA,"ancestral reconstruction","Lopez-Martinez et al. (2023) | PROTEUS",NA
"1046","Aquilegia canadensis","sex of flowers","0",NA,"ancestral reconstruction","Lopez-Martinez et al. (2023) | PROTEUS",NA
"1047","Aquilegia canadensis","ovary position","0",NA,"ancestral reconstruction","Lopez-Martinez et al. (2023) | PROTEUS",NA
"1048","Aquilegia canadensis","anther orientation","1",NA,"ancestral reconstruction","Lopez-Martinez et al. (2023) | PROTEUS",NA
"1049","Aquilegia canadensis","anther attachment","0",NA,"ancestral reconstruction","Lopez-Martinez et al. (2023) | PROTEUS",NA
"1050","Aquilegia canadensis","anther dehiscence","0",NA,"ancestral reconstruction","Lopez-Martinez et al. (2023) | PROTEUS",NA
"1051","Aquilegia canadensis","fusion of ovaries","0",NA,"ancestral reconstruction","Lopez-Martinez et al. (2023) | PROTEUS",NA
"1052","Arabidopsis thaliana","no ovules","2",NA,"ancestral reconstruction","Lopez-Martinez et al. (2023) | PROTEUS",NA
"1053","Arabidopsis thaliana","sex of flowers","0",NA,"ancestral reconstruction","Lopez-Martinez et al. (2023) | PROTEUS",NA
"1054","Arabidopsis thaliana","ovary position","0",NA,"ancestral reconstruction","Lopez-Martinez et al. (2023) | PROTEUS",NA
"1055","Arabidopsis thaliana","anther orientation","1",NA,"ancestral reconstruction","Lopez-Martinez et al. (2023) | PROTEUS",NA
"1056","Arabidopsis thaliana","anther dehiscence","0",NA,"ancestral reconstruction","Lopez-Martinez et al. (2023) | PROTEUS",NA
"1057","Arabidopsis thaliana","fusion of ovaries","1",NA,"ancestral reconstruction","Lopez-Martinez et al. (2023) | PROTEUS",NA
"1058","Arachnitis uniflora","ovary position","1",NA,"ancestral reconstruction","Lopez-Martinez et al. (2023) | PROTEUS",NA
"1059","Arachnitis uniflora","anther orientation","2",NA,"ancestral reconstruction","Lopez-Martinez et al. (2023) | PROTEUS",NA
"1060","Arachnitis uniflora","anther dehiscence","0",NA,"ancestral reconstruction","Lopez-Martinez et al. (2023) | PROTEUS",NA
"1061","Arachnitis uniflora","fusion of ovaries","1",NA,"ancestral reconstruction","Lopez-Martinez et al. (2023) | PROTEUS",NA
"1062","Aralidium pinnatifidum","no ovules","0",NA,"ancestral reconstruction","Lopez-Martinez et al. (2023) | PROTEUS",NA
"1063","Aralidium pinnatifidum","sex of flowers","0",NA,"ancestral reconstruction","Lopez-Martinez et al. (2023) | PROTEUS",NA
"1064","Aralidium pinnatifidum","ovary position","1",NA,"ancestral reconstruction","Lopez-Martinez et al. (2023) | PROTEUS",NA
"1065","Aralidium pinnatifidum","anther orientation","0",NA,"ancestral reconstruction","Lopez-Martinez et al. (2023) | PROTEUS",NA
"1066","Aralidium pinnatifidum","anther attachment","1",NA,"ancestral reconstruction","Lopez-Martinez et al. (2023) | PROTEUS",NA
"1067","Aralidium pinnatifidum","fusion of ovaries","1",NA,"ancestral reconstruction","Lopez-Martinez et al. (2023) | PROTEUS",NA
"1068","Arbutus unedo","no ovules","2",NA,"ancestral reconstruction","Lopez-Martinez et al. (2023) | PROTEUS",NA
"1069","Arbutus unedo","sex of flowers","0",NA,"ancestral reconstruction","Lopez-Martinez et al. (2023) | PROTEUS",NA
"1070","Arbutus unedo","ovary position","0",NA,"ancestral reconstruction","Lopez-Martinez et al. (2023) | PROTEUS",NA
"1071","Arbutus unedo","anther orientation","0",NA,"ancestral reconstruction","Lopez-Martinez et al. (2023) | PROTEUS",NA
"1072","Arbutus unedo","anther attachment","0",NA,"ancestral reconstruction","Lopez-Martinez et al. (2023) | PROTEUS",NA
"1073","Arbutus unedo","anther dehiscence","0",NA,"ancestral reconstruction","Lopez-Martinez et al. (2023) | PROTEUS",NA
"1074","Arbutus unedo","fusion of ovaries","1",NA,"ancestral reconstruction","Lopez-Martinez et al. (2023) | PROTEUS",NA
"1075","Arctopus echinatus","no ovules","0&1",NA,"ancestral reconstruction","Lopez-Martinez et al. (2023) | PROTEUS",NA
"1076","Arctopus echinatus","ovary position","1",NA,"ancestral reconstruction","Lopez-Martinez et al. (2023) | PROTEUS",NA
"1077","Arctopus echinatus","fusion of ovaries","1",NA,"ancestral reconstruction","Lopez-Martinez et al. (2023) | PROTEUS",NA
"1078","Arctostaphylos uvaursi","no ovules","0",NA,"ancestral reconstruction","Lopez-Martinez et al. (2023) | PROTEUS",NA
"1079","Arctostaphylos uvaursi","sex of flowers","0",NA,"ancestral reconstruction","Lopez-Martinez et al. (2023) | PROTEUS",NA
"1080","Arctostaphylos uvaursi","ovary position","0",NA,"ancestral reconstruction","Lopez-Martinez et al. (2023) | PROTEUS",NA
"1081","Arctostaphylos uvaursi","anther orientation","0",NA,"ancestral reconstruction","Lopez-Martinez et al. (2023) | PROTEUS",NA
"1082","Arctostaphylos uvaursi","anther dehiscence","0",NA,"ancestral reconstruction","Lopez-Martinez et al. (2023) | PROTEUS",NA
"1083","Arctostaphylos uvaursi","fusion of ovaries","1",NA,"ancestral reconstruction","Lopez-Martinez et al. (2023) | PROTEUS",NA
"1084","Argophyllum laxum","sex of flowers","0",NA,"ancestral reconstruction","Lopez-Martinez et al. (2023) | PROTEUS",NA
"1085","Argophyllum laxum","ovary position","1",NA,"ancestral reconstruction","Lopez-Martinez et al. (2023) | PROTEUS",NA
"1086","Argophyllum laxum","anther orientation","0",NA,"ancestral reconstruction","Lopez-Martinez et al. (2023) | PROTEUS",NA
"1087","Argophyllum laxum","anther attachment","1",NA,"ancestral reconstruction","Lopez-Martinez et al. (2023) | PROTEUS",NA
"1088","Argophyllum laxum","anther dehiscence","0",NA,"ancestral reconstruction","Lopez-Martinez et al. (2023) | PROTEUS",NA
"1089","Argophyllum laxum","fusion of ovaries","1",NA,"ancestral reconstruction","Lopez-Martinez et al. (2023) | PROTEUS",NA
"1090","Aristea capitata","sex of flowers","0",NA,"ancestral reconstruction","Lopez-Martinez et al. (2023) | PROTEUS",NA
"1091","Aristea capitata","ovary position","1",NA,"ancestral reconstruction","Lopez-Martinez et al. (2023) | PROTEUS",NA
"1092","Aristea capitata","anther orientation","2",NA,"ancestral reconstruction","Lopez-Martinez et al. (2023) | PROTEUS",NA
"1093","Aristea capitata","anther dehiscence","0",NA,"ancestral reconstruction","Lopez-Martinez et al. (2023) | PROTEUS",NA
"1094","Aristea capitata","fusion of ovaries","1",NA,"ancestral reconstruction","Lopez-Martinez et al. (2023) | PROTEUS",NA
"1095","Aristea glauca","sex of flowers","0",NA,"ancestral reconstruction","Lopez-Martinez et al. (2023) | PROTEUS",NA
"1096","Aristea glauca","ovary position","1",NA,"ancestral reconstruction","Lopez-Martinez et al. (2023) | PROTEUS",NA
"1097","Aristea glauca","anther orientation","2",NA,"ancestral reconstruction","Lopez-Martinez et al. (2023) | PROTEUS",NA
"1098","Aristea glauca","anther attachment","0",NA,"ancestral reconstruction","Lopez-Martinez et al. (2023) | PROTEUS",NA
"1099","Aristea glauca","anther dehiscence","0",NA,"ancestral reconstruction","Lopez-Martinez et al. (2023) | PROTEUS",NA
"1100","Aristea glauca","fusion of ovaries","1",NA,"ancestral reconstruction","Lopez-Martinez et al. (2023) | PROTEUS",NA
"1101","Aristida adscensionis","no ovules","0",NA,"ancestral reconstruction","Lopez-Martinez et al. (2023) | PROTEUS",NA
"1102","Aristida adscensionis","sex of flowers","0",NA,"ancestral reconstruction","Lopez-Martinez et al. (2023) | PROTEUS",NA
"1103","Aristida adscensionis","ovary position","0",NA,"ancestral reconstruction","Lopez-Martinez et al. (2023) | PROTEUS",NA
"1104","Aristida adscensionis","anther attachment","1",NA,"ancestral reconstruction","Lopez-Martinez et al. (2023) | PROTEUS",NA
"1105","Aristida adscensionis","anther dehiscence","0",NA,"ancestral reconstruction","Lopez-Martinez et al. (2023) | PROTEUS",NA
"1106","Aristolochia macrophylla","sex of flowers","0",NA,"ancestral reconstruction","Lopez-Martinez et al. (2023) | PROTEUS",NA
"1107","Aristolochia macrophylla","ovary position","1",NA,"ancestral reconstruction","Lopez-Martinez et al. (2023) | PROTEUS",NA
"1108","Aristolochia macrophylla","anther orientation","2",NA,"ancestral reconstruction","Lopez-Martinez et al. (2023) | PROTEUS",NA
"1109","Aristolochia macrophylla","anther attachment","0",NA,"ancestral reconstruction","Lopez-Martinez et al. (2023) | PROTEUS",NA
"1110","Aristolochia macrophylla","anther dehiscence","0",NA,"ancestral reconstruction","Lopez-Martinez et al. (2023) | PROTEUS",NA
"1111","Aristolochia macrophylla","fusion of ovaries","1",NA,"ancestral reconstruction","Lopez-Martinez et al. (2023) | PROTEUS",NA
"1112","Arum maculatum","sex of flowers","1",NA,"ancestral reconstruction","Lopez-Martinez et al. (2023) | PROTEUS",NA
"1113","Arum maculatum","ovary position","0",NA,"ancestral reconstruction","Lopez-Martinez et al. (2023) | PROTEUS",NA
"1114","Arum maculatum","anther dehiscence","0",NA,"ancestral reconstruction","Lopez-Martinez et al. (2023) | PROTEUS",NA
"1115","Arundinaria gigantea","sex of flowers","0",NA,"ancestral reconstruction","Lopez-Martinez et al. (2023) | PROTEUS",NA
"1116","Asclepias albicans","sex of flowers","0",NA,"ancestral reconstruction","Lopez-Martinez et al. (2023) | PROTEUS",NA
"1117","Asclepias albicans","ovary position","0",NA,"ancestral reconstruction","Lopez-Martinez et al. (2023) | PROTEUS",NA
"1118","Asclepias albicans","anther orientation","0",NA,"ancestral reconstruction","Lopez-Martinez et al. (2023) | PROTEUS",NA
"1119","Asclepias albicans","fusion of ovaries","0",NA,"ancestral reconstruction","Lopez-Martinez et al. (2023) | PROTEUS",NA
"1120","Asimina triloba","sex of flowers","0",NA,"ancestral reconstruction","Lopez-Martinez et al. (2023) | PROTEUS",NA
"1121","Asimina triloba","ovary position","0",NA,"ancestral reconstruction","Lopez-Martinez et al. (2023) | PROTEUS",NA
"1122","Asimina triloba","anther orientation","2",NA,"ancestral reconstruction","Lopez-Martinez et al. (2023) | PROTEUS",NA
"1123","Asimina triloba","anther attachment","0",NA,"ancestral reconstruction","Lopez-Martinez et al. (2023) | PROTEUS",NA
"1124","Asimina triloba","anther dehiscence","1",NA,"ancestral reconstruction","Lopez-Martinez et al. (2023) | PROTEUS",NA
"1125","Asimina triloba","fusion of ovaries","0",NA,"ancestral reconstruction","Lopez-Martinez et al. (2023) | PROTEUS",NA
"1126","Asparagus officinalis","sex of flowers","0&1",NA,"ancestral reconstruction","Lopez-Martinez et al. (2023) | PROTEUS",NA
"1127","Asparagus officinalis","ovary position","0",NA,"ancestral reconstruction","Lopez-Martinez et al. (2023) | PROTEUS",NA
"1128","Asparagus officinalis","anther orientation","0",NA,"ancestral reconstruction","Lopez-Martinez et al. (2023) | PROTEUS",NA
"1129","Asparagus officinalis","anther attachment","1",NA,"ancestral reconstruction","Lopez-Martinez et al. (2023) | PROTEUS",NA
"1130","Asparagus officinalis","fusion of ovaries","1",NA,"ancestral reconstruction","Lopez-Martinez et al. (2023) | PROTEUS",NA
"1131","Aspidosperma australe","no ovules","1&2",NA,"ancestral reconstruction","Lopez-Martinez et al. (2023) | PROTEUS",NA
"1132","Aspidosperma australe","sex of flowers","0",NA,"ancestral reconstruction","Lopez-Martinez et al. (2023) | PROTEUS",NA
"1133","Aspidosperma australe","ovary position","0",NA,"ancestral reconstruction","Lopez-Martinez et al. (2023) | PROTEUS",NA
"1134","Aspidosperma australe","anther orientation","0",NA,"ancestral reconstruction","Lopez-Martinez et al. (2023) | PROTEUS",NA
"1135","Aspidosperma australe","anther dehiscence","0",NA,"ancestral reconstruction","Lopez-Martinez et al. (2023) | PROTEUS",NA
"1136","Aspidosperma australe","fusion of ovaries","0",NA,"ancestral reconstruction","Lopez-Martinez et al. (2023) | PROTEUS",NA
"1137","Astelia alpina","no ovules","2",NA,"ancestral reconstruction","Lopez-Martinez et al. (2023) | PROTEUS",NA
"1138","Astelia alpina","sex of flowers","0&1",NA,"ancestral reconstruction","Lopez-Martinez et al. (2023) | PROTEUS",NA
"1139","Astelia alpina","ovary position","0",NA,"ancestral reconstruction","Lopez-Martinez et al. (2023) | PROTEUS",NA
"1140","Astelia alpina","anther orientation","1",NA,"ancestral reconstruction","Lopez-Martinez et al. (2023) | PROTEUS",NA
"1141","Astelia alpina","anther attachment","0",NA,"ancestral reconstruction","Lopez-Martinez et al. (2023) | PROTEUS",NA
"1142","Astelia alpina","anther dehiscence","0",NA,"ancestral reconstruction","Lopez-Martinez et al. (2023) | PROTEUS",NA
"1143","Astelia alpina","fusion of ovaries","1",NA,"ancestral reconstruction","Lopez-Martinez et al. (2023) | PROTEUS",NA
"1144","Asteropeia micraster","no ovules","1",NA,"ancestral reconstruction","Lopez-Martinez et al. (2023) | PROTEUS",NA
"1145","Asteropeia micraster","sex of flowers","0",NA,"ancestral reconstruction","Lopez-Martinez et al. (2023) | PROTEUS",NA
"1146","Asteropeia micraster","ovary position","0",NA,"ancestral reconstruction","Lopez-Martinez et al. (2023) | PROTEUS",NA
"1147","Asteropeia micraster","anther orientation","2",NA,"ancestral reconstruction","Lopez-Martinez et al. (2023) | PROTEUS",NA
"1148","Asteropeia micraster","anther attachment","1",NA,"ancestral reconstruction","Lopez-Martinez et al. (2023) | PROTEUS",NA
"1149","Asteropeia micraster","anther dehiscence","0",NA,"ancestral reconstruction","Lopez-Martinez et al. (2023) | PROTEUS",NA
"1150","Asteropeia micraster","fusion of ovaries","1",NA,"ancestral reconstruction","Lopez-Martinez et al. (2023) | PROTEUS",NA
"1151","Atherosperma moschatum","no ovules","0",NA,"ancestral reconstruction","Lopez-Martinez et al. (2023) | PROTEUS",NA
"1152","Atherosperma moschatum","sex of flowers","0&1",NA,"ancestral reconstruction","Lopez-Martinez et al. (2023) | PROTEUS",NA
"1153","Atherosperma moschatum","ovary position","0",NA,"ancestral reconstruction","Lopez-Martinez et al. (2023) | PROTEUS",NA
"1154","Atherosperma moschatum","anther orientation","2",NA,"ancestral reconstruction","Lopez-Martinez et al. (2023) | PROTEUS",NA
"1155","Atherosperma moschatum","anther attachment","0",NA,"ancestral reconstruction","Lopez-Martinez et al. (2023) | PROTEUS",NA
"1156","Atherosperma moschatum","anther dehiscence","2",NA,"ancestral reconstruction","Lopez-Martinez et al. (2023) | PROTEUS",NA
"1157","Atherosperma moschatum","fusion of ovaries","0",NA,"ancestral reconstruction","Lopez-Martinez et al. (2023) | PROTEUS",NA
"1158","Aucuba japonica","no ovules","0",NA,"ancestral reconstruction","Lopez-Martinez et al. (2023) | PROTEUS",NA
"1159","Aucuba japonica","sex of flowers","1",NA,"ancestral reconstruction","Lopez-Martinez et al. (2023) | PROTEUS",NA
"1160","Aucuba japonica","ovary position","1",NA,"ancestral reconstruction","Lopez-Martinez et al. (2023) | PROTEUS",NA
"1161","Aucuba japonica","anther attachment","1",NA,"ancestral reconstruction","Lopez-Martinez et al. (2023) | PROTEUS",NA
"1162","Aucuba japonica","anther dehiscence","0",NA,"ancestral reconstruction","Lopez-Martinez et al. (2023) | PROTEUS",NA
"1163","Austrobaileya scandens","no ovules","2",NA,"ancestral reconstruction","Lopez-Martinez et al. (2023) | PROTEUS",NA
"1164","Austrobaileya scandens","sex of flowers","0",NA,"ancestral reconstruction","Lopez-Martinez et al. (2023) | PROTEUS",NA
"1165","Austrobaileya scandens","ovary position","0",NA,"ancestral reconstruction","Lopez-Martinez et al. (2023) | PROTEUS",NA
"1166","Austrobaileya scandens","anther orientation","0",NA,"ancestral reconstruction","Lopez-Martinez et al. (2023) | PROTEUS",NA
"1167","Austrobaileya scandens","anther attachment","0",NA,"ancestral reconstruction","Lopez-Martinez et al. (2023) | PROTEUS",NA
"1168","Austrobaileya scandens","anther dehiscence","0",NA,"ancestral reconstruction","Lopez-Martinez et al. (2023) | PROTEUS",NA
"1169","Austrobaileya scandens","fusion of ovaries","0",NA,"ancestral reconstruction","Lopez-Martinez et al. (2023) | PROTEUS",NA
"1170","Averrhoa carambola","no ovules","2",NA,"ancestral reconstruction","Lopez-Martinez et al. (2023) | PROTEUS",NA
"1171","Averrhoa carambola","sex of flowers","0",NA,"ancestral reconstruction","Lopez-Martinez et al. (2023) | PROTEUS",NA
"1172","Averrhoa carambola","ovary position","0",NA,"ancestral reconstruction","Lopez-Martinez et al. (2023) | PROTEUS",NA
"1173","Averrhoa carambola","anther orientation","0",NA,"ancestral reconstruction","Lopez-Martinez et al. (2023) | PROTEUS",NA
"1174","Averrhoa carambola","anther attachment","1",NA,"ancestral reconstruction","Lopez-Martinez et al. (2023) | PROTEUS",NA
"1175","Averrhoa carambola","anther dehiscence","0",NA,"ancestral reconstruction","Lopez-Martinez et al. (2023) | PROTEUS",NA
"1176","Averrhoa carambola","fusion of ovaries","1",NA,"ancestral reconstruction","Lopez-Martinez et al. (2023) | PROTEUS",NA
"1177","Avicennia bicolor","no ovules","1",NA,"ancestral reconstruction","Lopez-Martinez et al. (2023) | PROTEUS",NA
"1178","Avicennia bicolor","sex of flowers","0",NA,"ancestral reconstruction","Lopez-Martinez et al. (2023) | PROTEUS",NA
"1179","Avicennia bicolor","anther orientation","0",NA,"ancestral reconstruction","Lopez-Martinez et al. (2023) | PROTEUS",NA
"1180","Avicennia bicolor","fusion of ovaries","1",NA,"ancestral reconstruction","Lopez-Martinez et al. (2023) | PROTEUS",NA
"1181","Avicennia marina","no ovules","1",NA,"ancestral reconstruction","Lopez-Martinez et al. (2023) | PROTEUS",NA
"1182","Avicennia marina","sex of flowers","0",NA,"ancestral reconstruction","Lopez-Martinez et al. (2023) | PROTEUS",NA
"1183","Avicennia marina","ovary position","0",NA,"ancestral reconstruction","Lopez-Martinez et al. (2023) | PROTEUS",NA
"1184","Avicennia marina","anther orientation","0",NA,"ancestral reconstruction","Lopez-Martinez et al. (2023) | PROTEUS",NA
"1185","Avicennia marina","anther attachment","1",NA,"ancestral reconstruction","Lopez-Martinez et al. (2023) | PROTEUS",NA
"1186","Avicennia marina","anther dehiscence","0",NA,"ancestral reconstruction","Lopez-Martinez et al. (2023) | PROTEUS",NA
"1187","Avicennia marina","fusion of ovaries","1",NA,"ancestral reconstruction","Lopez-Martinez et al. (2023) | PROTEUS",NA
"1188","Azima tetracantha","no ovules","0",NA,"ancestral reconstruction","Lopez-Martinez et al. (2023) | PROTEUS",NA
"1189","Azima tetracantha","sex of flowers","1",NA,"ancestral reconstruction","Lopez-Martinez et al. (2023) | PROTEUS",NA
"1190","Azima tetracantha","ovary position","0",NA,"ancestral reconstruction","Lopez-Martinez et al. (2023) | PROTEUS",NA
"1191","Azima tetracantha","anther orientation","0",NA,"ancestral reconstruction","Lopez-Martinez et al. (2023) | PROTEUS",NA
"1192","Azima tetracantha","anther attachment","1",NA,"ancestral reconstruction","Lopez-Martinez et al. (2023) | PROTEUS",NA
"1193","Azima tetracantha","anther dehiscence","0",NA,"ancestral reconstruction","Lopez-Martinez et al. (2023) | PROTEUS",NA
"1194","Azima tetracantha","fusion of ovaries","1",NA,"ancestral reconstruction","Lopez-Martinez et al. (2023) | PROTEUS",NA
"1195","Azorella selago","sex of flowers","0",NA,"ancestral reconstruction","Lopez-Martinez et al. (2023) | PROTEUS",NA
"1196","Azorella selago","ovary position","1",NA,"ancestral reconstruction","Lopez-Martinez et al. (2023) | PROTEUS",NA
"1197","Azorella selago","anther orientation","1",NA,"ancestral reconstruction","Lopez-Martinez et al. (2023) | PROTEUS",NA
"1198","Azorella selago","anther attachment","1",NA,"ancestral reconstruction","Lopez-Martinez et al. (2023) | PROTEUS",NA
"1199","Azorella selago","anther dehiscence","0",NA,"ancestral reconstruction","Lopez-Martinez et al. (2023) | PROTEUS",NA
"1200","Balanophora laxiflora","sex of flowers","1",NA,"ancestral reconstruction","Lopez-Martinez et al. (2023) | PROTEUS",NA
"1201","Balanophora laxiflora","ovary position","1",NA,"ancestral reconstruction","Lopez-Martinez et al. (2023) | PROTEUS",NA
"1202","Balanops pancheri","no ovules","1",NA,"ancestral reconstruction","Lopez-Martinez et al. (2023) | PROTEUS",NA
"1203","Balanops pancheri","sex of flowers","0&1",NA,"ancestral reconstruction","Lopez-Martinez et al. (2023) | PROTEUS",NA
"1204","Balanops pancheri","anther dehiscence","0",NA,"ancestral reconstruction","Lopez-Martinez et al. (2023) | PROTEUS",NA
"1205","Balanops pancheri","fusion of ovaries","1",NA,"ancestral reconstruction","Lopez-Martinez et al. (2023) | PROTEUS",NA
"1206","Balanops vieillardii","no ovules","1",NA,"ancestral reconstruction","Lopez-Martinez et al. (2023) | PROTEUS",NA
"1207","Balanops vieillardii","sex of flowers","1",NA,"ancestral reconstruction","Lopez-Martinez et al. (2023) | PROTEUS",NA
"1208","Balanops vieillardii","ovary position","0",NA,"ancestral reconstruction","Lopez-Martinez et al. (2023) | PROTEUS",NA
"1209","Balanops vieillardii","anther attachment","0",NA,"ancestral reconstruction","Lopez-Martinez et al. (2023) | PROTEUS",NA
"1210","Balanops vieillardii","anther dehiscence","0",NA,"ancestral reconstruction","Lopez-Martinez et al. (2023) | PROTEUS",NA
"1211","Balanops vieillardii","fusion of ovaries","1",NA,"ancestral reconstruction","Lopez-Martinez et al. (2023) | PROTEUS",NA
"1212","Baloskion tetraphyllum","sex of flowers","0&1",NA,"ancestral reconstruction","Lopez-Martinez et al. (2023) | PROTEUS",NA
"1213","Baloskion tetraphyllum","ovary position","0",NA,"ancestral reconstruction","Lopez-Martinez et al. (2023) | PROTEUS",NA
"1214","Bambusa vulgaris","sex of flowers","0",NA,"ancestral reconstruction","Lopez-Martinez et al. (2023) | PROTEUS",NA
"1215","Bambusa vulgaris","ovary position","0",NA,"ancestral reconstruction","Lopez-Martinez et al. (2023) | PROTEUS",NA
"1216","Bambusa vulgaris","anther attachment","0",NA,"ancestral reconstruction","Lopez-Martinez et al. (2023) | PROTEUS",NA
"1217","Barbeuia madagascariensis","no ovules","1",NA,"ancestral reconstruction","Lopez-Martinez et al. (2023) | PROTEUS",NA
"1218","Barbeuia madagascariensis","sex of flowers","0",NA,"ancestral reconstruction","Lopez-Martinez et al. (2023) | PROTEUS",NA
"1219","Barbeuia madagascariensis","ovary position","0",NA,"ancestral reconstruction","Lopez-Martinez et al. (2023) | PROTEUS",NA
"1220","Barbeuia madagascariensis","anther orientation","0",NA,"ancestral reconstruction","Lopez-Martinez et al. (2023) | PROTEUS",NA
"1221","Barbeuia madagascariensis","anther attachment","1",NA,"ancestral reconstruction","Lopez-Martinez et al. (2023) | PROTEUS",NA
"1222","Barbeuia madagascariensis","anther dehiscence","0",NA,"ancestral reconstruction","Lopez-Martinez et al. (2023) | PROTEUS",NA
"1223","Barbeuia madagascariensis","fusion of ovaries","1",NA,"ancestral reconstruction","Lopez-Martinez et al. (2023) | PROTEUS",NA
"1224","Barbeya oleoides","no ovules","0",NA,"ancestral reconstruction","Lopez-Martinez et al. (2023) | PROTEUS",NA
"1225","Barbeya oleoides","sex of flowers","1",NA,"ancestral reconstruction","Lopez-Martinez et al. (2023) | PROTEUS",NA
"1226","Barbeya oleoides","ovary position","0",NA,"ancestral reconstruction","Lopez-Martinez et al. (2023) | PROTEUS",NA
"1227","Barbeya oleoides","anther attachment","0",NA,"ancestral reconstruction","Lopez-Martinez et al. (2023) | PROTEUS",NA
"1228","Barbeya oleoides","anther dehiscence","0",NA,"ancestral reconstruction","Lopez-Martinez et al. (2023) | PROTEUS",NA
"1229","Barclaya longifolia","sex of flowers","0",NA,"ancestral reconstruction","Lopez-Martinez et al. (2023) | PROTEUS",NA
"1230","Barclaya longifolia","ovary position","1",NA,"ancestral reconstruction","Lopez-Martinez et al. (2023) | PROTEUS",NA
"1231","Barclaya longifolia","anther attachment","0",NA,"ancestral reconstruction","Lopez-Martinez et al. (2023) | PROTEUS",NA
"1232","Barclaya longifolia","anther dehiscence","0",NA,"ancestral reconstruction","Lopez-Martinez et al. (2023) | PROTEUS",NA
"1233","Barclaya longifolia","fusion of ovaries","1",NA,"ancestral reconstruction","Lopez-Martinez et al. (2023) | PROTEUS",NA
"1234","Barnadesia caryophylla","no ovules","0",NA,"ancestral reconstruction","Lopez-Martinez et al. (2023) | PROTEUS",NA
"1235","Barnadesia caryophylla","sex of flowers","0",NA,"ancestral reconstruction","Lopez-Martinez et al. (2023) | PROTEUS",NA
"1236","Barnadesia caryophylla","ovary position","1",NA,"ancestral reconstruction","Lopez-Martinez et al. (2023) | PROTEUS",NA
"1237","Barnadesia caryophylla","anther orientation","0",NA,"ancestral reconstruction","Lopez-Martinez et al. (2023) | PROTEUS",NA
"1238","Barnadesia caryophylla","anther attachment","0",NA,"ancestral reconstruction","Lopez-Martinez et al. (2023) | PROTEUS",NA
"1239","Barringtonia asiatica","no ovules","2",NA,"ancestral reconstruction","Lopez-Martinez et al. (2023) | PROTEUS",NA
"1240","Barringtonia asiatica","sex of flowers","0",NA,"ancestral reconstruction","Lopez-Martinez et al. (2023) | PROTEUS",NA
"1241","Barringtonia asiatica","ovary position","1",NA,"ancestral reconstruction","Lopez-Martinez et al. (2023) | PROTEUS",NA
"1242","Barringtonia asiatica","anther orientation","1",NA,"ancestral reconstruction","Lopez-Martinez et al. (2023) | PROTEUS",NA
"1243","Barringtonia asiatica","anther attachment","0",NA,"ancestral reconstruction","Lopez-Martinez et al. (2023) | PROTEUS",NA
"1244","Barringtonia asiatica","fusion of ovaries","1",NA,"ancestral reconstruction","Lopez-Martinez et al. (2023) | PROTEUS",NA
"1245","Basella alba","no ovules","0",NA,"ancestral reconstruction","Lopez-Martinez et al. (2023) | PROTEUS",NA
"1246","Basella alba","sex of flowers","0",NA,"ancestral reconstruction","Lopez-Martinez et al. (2023) | PROTEUS",NA
"1247","Basella alba","ovary position","0",NA,"ancestral reconstruction","Lopez-Martinez et al. (2023) | PROTEUS",NA
"1248","Basella alba","fusion of ovaries","1",NA,"ancestral reconstruction","Lopez-Martinez et al. (2023) | PROTEUS",NA
"1249","Batis maritima","no ovules","1",NA,"ancestral reconstruction","Lopez-Martinez et al. (2023) | PROTEUS",NA
"1250","Batis maritima","sex of flowers","1",NA,"ancestral reconstruction","Lopez-Martinez et al. (2023) | PROTEUS",NA
"1251","Batis maritima","ovary position","1",NA,"ancestral reconstruction","Lopez-Martinez et al. (2023) | PROTEUS",NA
"1252","Batis maritima","anther orientation","1",NA,"ancestral reconstruction","Lopez-Martinez et al. (2023) | PROTEUS",NA
"1253","Batis maritima","anther attachment","0&1",NA,"ancestral reconstruction","Lopez-Martinez et al. (2023) | PROTEUS",NA
"1254","Batis maritima","anther dehiscence","0",NA,"ancestral reconstruction","Lopez-Martinez et al. (2023) | PROTEUS",NA
"1255","Batis maritima","fusion of ovaries","1",NA,"ancestral reconstruction","Lopez-Martinez et al. (2023) | PROTEUS",NA
"1256","Bauhinia galpinii","sex of flowers","0",NA,"ancestral reconstruction","Lopez-Martinez et al. (2023) | PROTEUS",NA
"1257","Bauhinia galpinii","anther attachment","1",NA,"ancestral reconstruction","Lopez-Martinez et al. (2023) | PROTEUS",NA
"1258","Bdallophytum americanum","sex of flowers","1",NA,"ancestral reconstruction","Lopez-Martinez et al. (2023) | PROTEUS",NA
"1259","Bdallophytum americanum","ovary position","1",NA,"ancestral reconstruction","Lopez-Martinez et al. (2023) | PROTEUS",NA
"1260","Bdallophytum americanum","anther orientation","2",NA,"ancestral reconstruction","Lopez-Martinez et al. (2023) | PROTEUS",NA
"1261","Bdallophytum americanum","anther attachment","1",NA,"ancestral reconstruction","Lopez-Martinez et al. (2023) | PROTEUS",NA
"1262","Bdallophytum americanum","anther dehiscence","0",NA,"ancestral reconstruction","Lopez-Martinez et al. (2023) | PROTEUS",NA
"1263","Beaucarnea recurvata","no ovules","1",NA,"ancestral reconstruction","Lopez-Martinez et al. (2023) | PROTEUS",NA
"1264","Beaucarnea recurvata","sex of flowers","0",NA,"ancestral reconstruction","Lopez-Martinez et al. (2023) | PROTEUS",NA
"1265","Beaucarnea recurvata","anther orientation","0",NA,"ancestral reconstruction","Lopez-Martinez et al. (2023) | PROTEUS",NA
"1266","Beaucarnea recurvata","anther attachment","1",NA,"ancestral reconstruction","Lopez-Martinez et al. (2023) | PROTEUS",NA
"1267","Beaucarnea recurvata","anther dehiscence","0",NA,"ancestral reconstruction","Lopez-Martinez et al. (2023) | PROTEUS",NA
"1268","Beaucarnea recurvata","fusion of ovaries","1",NA,"ancestral reconstruction","Lopez-Martinez et al. (2023) | PROTEUS",NA
"1269","Begonia sanguinea","sex of flowers","1",NA,"ancestral reconstruction","Lopez-Martinez et al. (2023) | PROTEUS",NA
"1270","Begonia sanguinea","ovary position","1",NA,"ancestral reconstruction","Lopez-Martinez et al. (2023) | PROTEUS",NA
"1271","Begonia sanguinea","fusion of ovaries","1",NA,"ancestral reconstruction","Lopez-Martinez et al. (2023) | PROTEUS",NA
"1272","Beilschmiedia anay","no ovules","0",NA,"ancestral reconstruction","Lopez-Martinez et al. (2023) | PROTEUS",NA
"1273","Beilschmiedia anay","sex of flowers","0",NA,"ancestral reconstruction","Lopez-Martinez et al. (2023) | PROTEUS",NA
"1274","Beilschmiedia anay","ovary position","0",NA,"ancestral reconstruction","Lopez-Martinez et al. (2023) | PROTEUS",NA
"1275","Beilschmiedia anay","anther orientation","0&2",NA,"ancestral reconstruction","Lopez-Martinez et al. (2023) | PROTEUS",NA
"1276","Beilschmiedia anay","anther dehiscence","2",NA,"ancestral reconstruction","Lopez-Martinez et al. (2023) | PROTEUS",NA
"1277","Beiselia mexicana","anther orientation","0",NA,"ancestral reconstruction","Lopez-Martinez et al. (2023) | PROTEUS",NA
"1278","Beiselia mexicana","anther attachment","1",NA,"ancestral reconstruction","Lopez-Martinez et al. (2023) | PROTEUS",NA
"1279","Beiselia mexicana","anther dehiscence","0",NA,"ancestral reconstruction","Lopez-Martinez et al. (2023) | PROTEUS",NA
"1280","Beiselia mexicana","fusion of ovaries","1",NA,"ancestral reconstruction","Lopez-Martinez et al. (2023) | PROTEUS",NA
"1281","Bellendena montana","no ovules","1",NA,"ancestral reconstruction","Lopez-Martinez et al. (2023) | PROTEUS",NA
"1282","Bellendena montana","sex of flowers","0",NA,"ancestral reconstruction","Lopez-Martinez et al. (2023) | PROTEUS",NA
"1283","Bellendena montana","ovary position","0",NA,"ancestral reconstruction","Lopez-Martinez et al. (2023) | PROTEUS",NA
"1284","Bellendena montana","anther orientation","0",NA,"ancestral reconstruction","Lopez-Martinez et al. (2023) | PROTEUS",NA
"1285","Bellendena montana","anther attachment","0",NA,"ancestral reconstruction","Lopez-Martinez et al. (2023) | PROTEUS",NA
"1286","Bellendena montana","anther dehiscence","0",NA,"ancestral reconstruction","Lopez-Martinez et al. (2023) | PROTEUS",NA
"1287","Benthamiella patagonica","sex of flowers","0",NA,"ancestral reconstruction","Lopez-Martinez et al. (2023) | PROTEUS",NA
"1288","Benthamiella patagonica","anther orientation","2",NA,"ancestral reconstruction","Lopez-Martinez et al. (2023) | PROTEUS",NA
"1289","Benthamiella patagonica","anther attachment","1",NA,"ancestral reconstruction","Lopez-Martinez et al. (2023) | PROTEUS",NA
"1290","Berberidopsis corallina","no ovules","2",NA,"ancestral reconstruction","Lopez-Martinez et al. (2023) | PROTEUS",NA
"1291","Berberidopsis corallina","sex of flowers","0",NA,"ancestral reconstruction","Lopez-Martinez et al. (2023) | PROTEUS",NA
"1292","Berberidopsis corallina","ovary position","0",NA,"ancestral reconstruction","Lopez-Martinez et al. (2023) | PROTEUS",NA
"1293","Berberidopsis corallina","anther orientation","0",NA,"ancestral reconstruction","Lopez-Martinez et al. (2023) | PROTEUS",NA
"1294","Berberidopsis corallina","anther dehiscence","0",NA,"ancestral reconstruction","Lopez-Martinez et al. (2023) | PROTEUS",NA
"1295","Berberidopsis corallina","fusion of ovaries","1",NA,"ancestral reconstruction","Lopez-Martinez et al. (2023) | PROTEUS",NA
"1296","Bergia texana","sex of flowers","0",NA,"ancestral reconstruction","Lopez-Martinez et al. (2023) | PROTEUS",NA
"1297","Bergia texana","ovary position","0",NA,"ancestral reconstruction","Lopez-Martinez et al. (2023) | PROTEUS",NA
"1298","Bergia texana","anther orientation","0",NA,"ancestral reconstruction","Lopez-Martinez et al. (2023) | PROTEUS",NA
"1299","Bergia texana","anther attachment","1",NA,"ancestral reconstruction","Lopez-Martinez et al. (2023) | PROTEUS",NA
"1300","Bergia texana","anther dehiscence","0",NA,"ancestral reconstruction","Lopez-Martinez et al. (2023) | PROTEUS",NA
"1301","Bergia texana","fusion of ovaries","1",NA,"ancestral reconstruction","Lopez-Martinez et al. (2023) | PROTEUS",NA
"1302","Berrya javanica","sex of flowers","0",NA,"ancestral reconstruction","Lopez-Martinez et al. (2023) | PROTEUS",NA
"1303","Berrya javanica","ovary position","0",NA,"ancestral reconstruction","Lopez-Martinez et al. (2023) | PROTEUS",NA
"1304","Berrya javanica","anther attachment","1",NA,"ancestral reconstruction","Lopez-Martinez et al. (2023) | PROTEUS",NA
"1305","Berrya javanica","anther dehiscence","0",NA,"ancestral reconstruction","Lopez-Martinez et al. (2023) | PROTEUS",NA
"1306","Berrya javanica","fusion of ovaries","1",NA,"ancestral reconstruction","Lopez-Martinez et al. (2023) | PROTEUS",NA
"1307","Berteroa incana","sex of flowers","0",NA,"ancestral reconstruction","Lopez-Martinez et al. (2023) | PROTEUS",NA
"1308","Berteroa incana","ovary position","0",NA,"ancestral reconstruction","Lopez-Martinez et al. (2023) | PROTEUS",NA
"1309","Berteroa incana","anther dehiscence","0",NA,"ancestral reconstruction","Lopez-Martinez et al. (2023) | PROTEUS",NA
"1310","Berteroa incana","fusion of ovaries","1",NA,"ancestral reconstruction","Lopez-Martinez et al. (2023) | PROTEUS",NA
"1311","Berzelia lanuginosa","no ovules","0",NA,"ancestral reconstruction","Lopez-Martinez et al. (2023) | PROTEUS",NA
"1312","Berzelia lanuginosa","sex of flowers","0",NA,"ancestral reconstruction","Lopez-Martinez et al. (2023) | PROTEUS",NA
"1313","Berzelia lanuginosa","ovary position","1",NA,"ancestral reconstruction","Lopez-Martinez et al. (2023) | PROTEUS",NA
"1314","Berzelia lanuginosa","anther orientation","0",NA,"ancestral reconstruction","Lopez-Martinez et al. (2023) | PROTEUS",NA
"1315","Berzelia lanuginosa","anther attachment","1",NA,"ancestral reconstruction","Lopez-Martinez et al. (2023) | PROTEUS",NA
"1316","Berzelia lanuginosa","anther dehiscence","0",NA,"ancestral reconstruction","Lopez-Martinez et al. (2023) | PROTEUS",NA
"1317","Besleria affinis","sex of flowers","0",NA,"ancestral reconstruction","Lopez-Martinez et al. (2023) | PROTEUS",NA
"1318","Besleria affinis","ovary position","0",NA,"ancestral reconstruction","Lopez-Martinez et al. (2023) | PROTEUS",NA
"1319","Besleria affinis","fusion of ovaries","1",NA,"ancestral reconstruction","Lopez-Martinez et al. (2023) | PROTEUS",NA
"1320","Beta vulgaris","no ovules","0",NA,"ancestral reconstruction","Lopez-Martinez et al. (2023) | PROTEUS",NA
"1321","Beta vulgaris","sex of flowers","0",NA,"ancestral reconstruction","Lopez-Martinez et al. (2023) | PROTEUS",NA
"1322","Beta vulgaris","ovary position","1",NA,"ancestral reconstruction","Lopez-Martinez et al. (2023) | PROTEUS",NA
"1323","Beta vulgaris","anther orientation","0",NA,"ancestral reconstruction","Lopez-Martinez et al. (2023) | PROTEUS",NA
"1324","Beta vulgaris","anther attachment","1",NA,"ancestral reconstruction","Lopez-Martinez et al. (2023) | PROTEUS",NA
"1325","Beta vulgaris","anther dehiscence","0",NA,"ancestral reconstruction","Lopez-Martinez et al. (2023) | PROTEUS",NA
"1326","Beta vulgaris","fusion of ovaries","1",NA,"ancestral reconstruction","Lopez-Martinez et al. (2023) | PROTEUS",NA
"1327","Betula ermanii","no ovules","1",NA,"ancestral reconstruction","Lopez-Martinez et al. (2023) | PROTEUS",NA
"1328","Betula ermanii","sex of flowers","1",NA,"ancestral reconstruction","Lopez-Martinez et al. (2023) | PROTEUS",NA
"1329","Betula ermanii","ovary position","1",NA,"ancestral reconstruction","Lopez-Martinez et al. (2023) | PROTEUS",NA
"1330","Betula ermanii","anther dehiscence","0",NA,"ancestral reconstruction","Lopez-Martinez et al. (2023) | PROTEUS",NA
"1331","Bhesa paniculata","no ovules","1",NA,"ancestral reconstruction","Lopez-Martinez et al. (2023) | PROTEUS",NA
"1332","Bhesa paniculata","sex of flowers","0",NA,"ancestral reconstruction","Lopez-Martinez et al. (2023) | PROTEUS",NA
"1333","Bhesa paniculata","ovary position","0",NA,"ancestral reconstruction","Lopez-Martinez et al. (2023) | PROTEUS",NA
"1334","Bhesa paniculata","anther orientation","2",NA,"ancestral reconstruction","Lopez-Martinez et al. (2023) | PROTEUS",NA
"1335","Bhesa paniculata","anther attachment","0",NA,"ancestral reconstruction","Lopez-Martinez et al. (2023) | PROTEUS",NA
"1336","Bhesa paniculata","anther dehiscence","0",NA,"ancestral reconstruction","Lopez-Martinez et al. (2023) | PROTEUS",NA
"1337","Bhesa paniculata","fusion of ovaries","1",NA,"ancestral reconstruction","Lopez-Martinez et al. (2023) | PROTEUS",NA
"1338","Biebersteinia heterostemon","sex of flowers","0",NA,"ancestral reconstruction","Lopez-Martinez et al. (2023) | PROTEUS",NA
"1339","Biebersteinia heterostemon","ovary position","0",NA,"ancestral reconstruction","Lopez-Martinez et al. (2023) | PROTEUS",NA
"1340","Biebersteinia heterostemon","anther orientation","0",NA,"ancestral reconstruction","Lopez-Martinez et al. (2023) | PROTEUS",NA
"1341","Biebersteinia heterostemon","anther attachment","1",NA,"ancestral reconstruction","Lopez-Martinez et al. (2023) | PROTEUS",NA
"1342","Biebersteinia heterostemon","anther dehiscence","0",NA,"ancestral reconstruction","Lopez-Martinez et al. (2023) | PROTEUS",NA
"1343","Biebersteinia orphanidis","no ovules","0",NA,"ancestral reconstruction","Lopez-Martinez et al. (2023) | PROTEUS",NA
"1344","Biebersteinia orphanidis","sex of flowers","0",NA,"ancestral reconstruction","Lopez-Martinez et al. (2023) | PROTEUS",NA
"1345","Biebersteinia orphanidis","ovary position","0",NA,"ancestral reconstruction","Lopez-Martinez et al. (2023) | PROTEUS",NA
"1346","Biebersteinia orphanidis","anther orientation","0",NA,"ancestral reconstruction","Lopez-Martinez et al. (2023) | PROTEUS",NA
"1347","Biebersteinia orphanidis","anther attachment","1",NA,"ancestral reconstruction","Lopez-Martinez et al. (2023) | PROTEUS",NA
"1348","Biebersteinia orphanidis","anther dehiscence","0",NA,"ancestral reconstruction","Lopez-Martinez et al. (2023) | PROTEUS",NA
"1349","Biebersteinia orphanidis","fusion of ovaries","1",NA,"ancestral reconstruction","Lopez-Martinez et al. (2023) | PROTEUS",NA
"1350","Bienertia cycloptera","sex of flowers","0&1",NA,"ancestral reconstruction","Lopez-Martinez et al. (2023) | PROTEUS",NA
"1351","Bienertia cycloptera","ovary position","0",NA,"ancestral reconstruction","Lopez-Martinez et al. (2023) | PROTEUS",NA
"1352","Bienertia cycloptera","anther orientation","1",NA,"ancestral reconstruction","Lopez-Martinez et al. (2023) | PROTEUS",NA
"1353","Bienertia cycloptera","anther dehiscence","0",NA,"ancestral reconstruction","Lopez-Martinez et al. (2023) | PROTEUS",NA
"1354","Bienertia cycloptera","fusion of ovaries","1",NA,"ancestral reconstruction","Lopez-Martinez et al. (2023) | PROTEUS",NA
"1355","Billardiera heterophylla","sex of flowers","0",NA,"ancestral reconstruction","Lopez-Martinez et al. (2023) | PROTEUS",NA
"1356","Billardiera heterophylla","ovary position","0",NA,"ancestral reconstruction","Lopez-Martinez et al. (2023) | PROTEUS",NA
"1357","Billardiera heterophylla","anther orientation","0",NA,"ancestral reconstruction","Lopez-Martinez et al. (2023) | PROTEUS",NA
"1358","Billardiera heterophylla","anther dehiscence","0",NA,"ancestral reconstruction","Lopez-Martinez et al. (2023) | PROTEUS",NA
"1359","Billardiera heterophylla","fusion of ovaries","1",NA,"ancestral reconstruction","Lopez-Martinez et al. (2023) | PROTEUS",NA
"1360","Bischofia javanica","no ovules","1",NA,"ancestral reconstruction","Lopez-Martinez et al. (2023) | PROTEUS",NA
"1361","Bischofia javanica","sex of flowers","1",NA,"ancestral reconstruction","Lopez-Martinez et al. (2023) | PROTEUS",NA
"1362","Bischofia javanica","ovary position","0",NA,"ancestral reconstruction","Lopez-Martinez et al. (2023) | PROTEUS",NA
"1363","Bischofia javanica","anther orientation","0",NA,"ancestral reconstruction","Lopez-Martinez et al. (2023) | PROTEUS",NA
"1364","Bischofia javanica","anther dehiscence","0",NA,"ancestral reconstruction","Lopez-Martinez et al. (2023) | PROTEUS",NA
"1365","Bischofia javanica","fusion of ovaries","1",NA,"ancestral reconstruction","Lopez-Martinez et al. (2023) | PROTEUS",NA
"1366","Biscutella laevigata","no ovules","0",NA,"ancestral reconstruction","Lopez-Martinez et al. (2023) | PROTEUS",NA
"1367","Biscutella laevigata","sex of flowers","0",NA,"ancestral reconstruction","Lopez-Martinez et al. (2023) | PROTEUS",NA
"1368","Biscutella laevigata","ovary position","0",NA,"ancestral reconstruction","Lopez-Martinez et al. (2023) | PROTEUS",NA
"1369","Biscutella laevigata","anther orientation","0",NA,"ancestral reconstruction","Lopez-Martinez et al. (2023) | PROTEUS",NA
"1370","Biscutella laevigata","anther attachment","0",NA,"ancestral reconstruction","Lopez-Martinez et al. (2023) | PROTEUS",NA
"1371","Biscutella laevigata","fusion of ovaries","1",NA,"ancestral reconstruction","Lopez-Martinez et al. (2023) | PROTEUS",NA
"1372","Bixa orellana","no ovules","2",NA,"ancestral reconstruction","Lopez-Martinez et al. (2023) | PROTEUS",NA
"1373","Bixa orellana","sex of flowers","0",NA,"ancestral reconstruction","Lopez-Martinez et al. (2023) | PROTEUS",NA
"1374","Bixa orellana","ovary position","0",NA,"ancestral reconstruction","Lopez-Martinez et al. (2023) | PROTEUS",NA
"1375","Bixa orellana","anther attachment","0",NA,"ancestral reconstruction","Lopez-Martinez et al. (2023) | PROTEUS",NA
"1376","Bixa orellana","anther dehiscence","0",NA,"ancestral reconstruction","Lopez-Martinez et al. (2023) | PROTEUS",NA
"1377","Bixa orellana","fusion of ovaries","1",NA,"ancestral reconstruction","Lopez-Martinez et al. (2023) | PROTEUS",NA
"1378","Blandfordia cunninghamii","sex of flowers","0",NA,"ancestral reconstruction","Lopez-Martinez et al. (2023) | PROTEUS",NA
"1379","Blandfordia cunninghamii","ovary position","0",NA,"ancestral reconstruction","Lopez-Martinez et al. (2023) | PROTEUS",NA
"1380","Blandfordia cunninghamii","anther orientation","1",NA,"ancestral reconstruction","Lopez-Martinez et al. (2023) | PROTEUS",NA
"1381","Blandfordia cunninghamii","anther attachment","1",NA,"ancestral reconstruction","Lopez-Martinez et al. (2023) | PROTEUS",NA
"1382","Blandfordia cunninghamii","anther dehiscence","0",NA,"ancestral reconstruction","Lopez-Martinez et al. (2023) | PROTEUS",NA
"1383","Blandfordia cunninghamii","fusion of ovaries","1",NA,"ancestral reconstruction","Lopez-Martinez et al. (2023) | PROTEUS",NA
"1384","Blandfordia punicea","no ovules","2",NA,"ancestral reconstruction","Lopez-Martinez et al. (2023) | PROTEUS",NA
"1385","Blandfordia punicea","sex of flowers","0",NA,"ancestral reconstruction","Lopez-Martinez et al. (2023) | PROTEUS",NA
"1386","Blandfordia punicea","ovary position","0",NA,"ancestral reconstruction","Lopez-Martinez et al. (2023) | PROTEUS",NA
"1387","Blandfordia punicea","anther orientation","1",NA,"ancestral reconstruction","Lopez-Martinez et al. (2023) | PROTEUS",NA
"1388","Blandfordia punicea","anther attachment","1",NA,"ancestral reconstruction","Lopez-Martinez et al. (2023) | PROTEUS",NA
"1389","Blandfordia punicea","anther dehiscence","0",NA,"ancestral reconstruction","Lopez-Martinez et al. (2023) | PROTEUS",NA
"1390","Blandfordia punicea","fusion of ovaries","1",NA,"ancestral reconstruction","Lopez-Martinez et al. (2023) | PROTEUS",NA
"1391","Boehmeria nivea","no ovules","0",NA,"ancestral reconstruction","Lopez-Martinez et al. (2023) | PROTEUS",NA
"1392","Boehmeria nivea","sex of flowers","1",NA,"ancestral reconstruction","Lopez-Martinez et al. (2023) | PROTEUS",NA
"1393","Bolbostemma paniculatum","no ovules","1",NA,"ancestral reconstruction","Lopez-Martinez et al. (2023) | PROTEUS",NA
"1394","Bolbostemma paniculatum","sex of flowers","1",NA,"ancestral reconstruction","Lopez-Martinez et al. (2023) | PROTEUS",NA
"1395","Bolbostemma paniculatum","ovary position","1",NA,"ancestral reconstruction","Lopez-Martinez et al. (2023) | PROTEUS",NA
"1396","Bolbostemma paniculatum","anther orientation","2",NA,"ancestral reconstruction","Lopez-Martinez et al. (2023) | PROTEUS",NA
"1397","Bonnetia sessilis","no ovules","2",NA,"ancestral reconstruction","Lopez-Martinez et al. (2023) | PROTEUS",NA
"1398","Bonnetia sessilis","sex of flowers","0",NA,"ancestral reconstruction","Lopez-Martinez et al. (2023) | PROTEUS",NA
"1399","Bonnetia sessilis","ovary position","0",NA,"ancestral reconstruction","Lopez-Martinez et al. (2023) | PROTEUS",NA
"1400","Bonnetia sessilis","anther attachment","0",NA,"ancestral reconstruction","Lopez-Martinez et al. (2023) | PROTEUS",NA
"1401","Bonnetia sessilis","anther dehiscence","0",NA,"ancestral reconstruction","Lopez-Martinez et al. (2023) | PROTEUS",NA
"1402","Bonnetia sessilis","fusion of ovaries","1",NA,"ancestral reconstruction","Lopez-Martinez et al. (2023) | PROTEUS",NA
"1403","Boopis graminea","no ovules","0",NA,"ancestral reconstruction","Lopez-Martinez et al. (2023) | PROTEUS",NA
"1404","Boopis graminea","sex of flowers","0",NA,"ancestral reconstruction","Lopez-Martinez et al. (2023) | PROTEUS",NA
"1405","Boopis graminea","ovary position","1",NA,"ancestral reconstruction","Lopez-Martinez et al. (2023) | PROTEUS",NA
"1406","Boopis graminea","anther orientation","0",NA,"ancestral reconstruction","Lopez-Martinez et al. (2023) | PROTEUS",NA
"1407","Boopis graminea","anther attachment","0",NA,"ancestral reconstruction","Lopez-Martinez et al. (2023) | PROTEUS",NA
"1408","Boopis graminea","anther dehiscence","0",NA,"ancestral reconstruction","Lopez-Martinez et al. (2023) | PROTEUS",NA
"1409","Boopis graminea","fusion of ovaries","1",NA,"ancestral reconstruction","Lopez-Martinez et al. (2023) | PROTEUS",NA
"1410","Borago officinalis","no ovules","1",NA,"ancestral reconstruction","Lopez-Martinez et al. (2023) | PROTEUS",NA
"1411","Borago officinalis","sex of flowers","0",NA,"ancestral reconstruction","Lopez-Martinez et al. (2023) | PROTEUS",NA
"1412","Borago officinalis","ovary position","0",NA,"ancestral reconstruction","Lopez-Martinez et al. (2023) | PROTEUS",NA
"1413","Borago officinalis","anther orientation","2",NA,"ancestral reconstruction","Lopez-Martinez et al. (2023) | PROTEUS",NA
"1414","Borago officinalis","fusion of ovaries","1",NA,"ancestral reconstruction","Lopez-Martinez et al. (2023) | PROTEUS",NA
"1415","Borthwickia trifoliata","no ovules","2",NA,"ancestral reconstruction","Lopez-Martinez et al. (2023) | PROTEUS",NA
"1416","Borthwickia trifoliata","sex of flowers","0",NA,"ancestral reconstruction","Lopez-Martinez et al. (2023) | PROTEUS",NA
"1417","Borthwickia trifoliata","anther attachment","1",NA,"ancestral reconstruction","Lopez-Martinez et al. (2023) | PROTEUS",NA
"1418","Borthwickia trifoliata","anther dehiscence","0",NA,"ancestral reconstruction","Lopez-Martinez et al. (2023) | PROTEUS",NA
"1419","Borya septentrionalis","no ovules","2",NA,"ancestral reconstruction","Lopez-Martinez et al. (2023) | PROTEUS",NA
"1420","Borya septentrionalis","sex of flowers","0",NA,"ancestral reconstruction","Lopez-Martinez et al. (2023) | PROTEUS",NA
"1421","Borya septentrionalis","ovary position","0",NA,"ancestral reconstruction","Lopez-Martinez et al. (2023) | PROTEUS",NA
"1422","Borya septentrionalis","anther orientation","1",NA,"ancestral reconstruction","Lopez-Martinez et al. (2023) | PROTEUS",NA
"1423","Borya septentrionalis","anther attachment","0",NA,"ancestral reconstruction","Lopez-Martinez et al. (2023) | PROTEUS",NA
"1424","Borya septentrionalis","anther dehiscence","0",NA,"ancestral reconstruction","Lopez-Martinez et al. (2023) | PROTEUS",NA
"1425","Borya septentrionalis","fusion of ovaries","1",NA,"ancestral reconstruction","Lopez-Martinez et al. (2023) | PROTEUS",NA
"1426","Bourreria succulenta","no ovules","1",NA,"ancestral reconstruction","Lopez-Martinez et al. (2023) | PROTEUS",NA
"1427","Bourreria succulenta","sex of flowers","0",NA,"ancestral reconstruction","Lopez-Martinez et al. (2023) | PROTEUS",NA
"1428","Bourreria succulenta","ovary position","0",NA,"ancestral reconstruction","Lopez-Martinez et al. (2023) | PROTEUS",NA
"1429","Bourreria succulenta","anther orientation","0",NA,"ancestral reconstruction","Lopez-Martinez et al. (2023) | PROTEUS",NA
"1430","Bourreria succulenta","anther attachment","1",NA,"ancestral reconstruction","Lopez-Martinez et al. (2023) | PROTEUS",NA
"1431","Bourreria succulenta","anther dehiscence","0",NA,"ancestral reconstruction","Lopez-Martinez et al. (2023) | PROTEUS",NA
"1432","Bourreria succulenta","fusion of ovaries","1",NA,"ancestral reconstruction","Lopez-Martinez et al. (2023) | PROTEUS",NA
"1433","Bowlesia incana","no ovules","0",NA,"ancestral reconstruction","Lopez-Martinez et al. (2023) | PROTEUS",NA
"1434","Bowlesia incana","sex of flowers","0",NA,"ancestral reconstruction","Lopez-Martinez et al. (2023) | PROTEUS",NA
"1435","Bowlesia incana","ovary position","1",NA,"ancestral reconstruction","Lopez-Martinez et al. (2023) | PROTEUS",NA
"1436","Bowlesia incana","anther orientation","0",NA,"ancestral reconstruction","Lopez-Martinez et al. (2023) | PROTEUS",NA
"1437","Bowlesia incana","anther attachment","1",NA,"ancestral reconstruction","Lopez-Martinez et al. (2023) | PROTEUS",NA
"1438","Bowlesia incana","anther dehiscence","0",NA,"ancestral reconstruction","Lopez-Martinez et al. (2023) | PROTEUS",NA
"1439","Bowlesia incana","fusion of ovaries","1",NA,"ancestral reconstruction","Lopez-Martinez et al. (2023) | PROTEUS",NA
"1440","Brachychiton acerifolius","sex of flowers","0",NA,"ancestral reconstruction","Lopez-Martinez et al. (2023) | PROTEUS",NA
"1441","Brachychiton acerifolius","ovary position","0",NA,"ancestral reconstruction","Lopez-Martinez et al. (2023) | PROTEUS",NA
"1442","Brachychiton acerifolius","anther orientation","2",NA,"ancestral reconstruction","Lopez-Martinez et al. (2023) | PROTEUS",NA
"1443","Brachychiton acerifolius","anther attachment","1",NA,"ancestral reconstruction","Lopez-Martinez et al. (2023) | PROTEUS",NA
"1444","Brachychiton acerifolius","anther dehiscence","0",NA,"ancestral reconstruction","Lopez-Martinez et al. (2023) | PROTEUS",NA
"1445","Brachychiton acerifolius","fusion of ovaries","0",NA,"ancestral reconstruction","Lopez-Martinez et al. (2023) | PROTEUS",NA
"1446","Brachyelytrum aristosum","no ovules","0",NA,"ancestral reconstruction","Lopez-Martinez et al. (2023) | PROTEUS",NA
"1447","Brachyelytrum aristosum","sex of flowers","0",NA,"ancestral reconstruction","Lopez-Martinez et al. (2023) | PROTEUS",NA
"1448","Brachyelytrum aristosum","ovary position","0",NA,"ancestral reconstruction","Lopez-Martinez et al. (2023) | PROTEUS",NA
"1449","Brachyglottis greyi","sex of flowers","0",NA,"ancestral reconstruction","Lopez-Martinez et al. (2023) | PROTEUS",NA
"1450","Brachyglottis greyi","ovary position","1",NA,"ancestral reconstruction","Lopez-Martinez et al. (2023) | PROTEUS",NA
"1451","Brachyglottis greyi","anther attachment","0",NA,"ancestral reconstruction","Lopez-Martinez et al. (2023) | PROTEUS",NA
"1452","Brandisia hancei","no ovules","2",NA,"ancestral reconstruction","Lopez-Martinez et al. (2023) | PROTEUS",NA
"1453","Brandisia hancei","sex of flowers","0",NA,"ancestral reconstruction","Lopez-Martinez et al. (2023) | PROTEUS",NA
"1454","Brandisia hancei","ovary position","0",NA,"ancestral reconstruction","Lopez-Martinez et al. (2023) | PROTEUS",NA
"1455","Brandisia hancei","anther orientation","0",NA,"ancestral reconstruction","Lopez-Martinez et al. (2023) | PROTEUS",NA
"1456","Brandisia hancei","anther attachment","1",NA,"ancestral reconstruction","Lopez-Martinez et al. (2023) | PROTEUS",NA
"1457","Brandisia hancei","anther dehiscence","0",NA,"ancestral reconstruction","Lopez-Martinez et al. (2023) | PROTEUS",NA
"1458","Brasenia schreberi","no ovules","0&1",NA,"ancestral reconstruction","Lopez-Martinez et al. (2023) | PROTEUS",NA
"1459","Brasenia schreberi","sex of flowers","0",NA,"ancestral reconstruction","Lopez-Martinez et al. (2023) | PROTEUS",NA
"1460","Brasenia schreberi","ovary position","0",NA,"ancestral reconstruction","Lopez-Martinez et al. (2023) | PROTEUS",NA
"1461","Brasenia schreberi","anther orientation","2",NA,"ancestral reconstruction","Lopez-Martinez et al. (2023) | PROTEUS",NA
"1462","Brasenia schreberi","anther attachment","0",NA,"ancestral reconstruction","Lopez-Martinez et al. (2023) | PROTEUS",NA
"1463","Brasenia schreberi","anther dehiscence","0",NA,"ancestral reconstruction","Lopez-Martinez et al. (2023) | PROTEUS",NA
"1464","Brasenia schreberi","fusion of ovaries","0",NA,"ancestral reconstruction","Lopez-Martinez et al. (2023) | PROTEUS",NA
"1465","Bretschneidera sinensis","no ovules","1",NA,"ancestral reconstruction","Lopez-Martinez et al. (2023) | PROTEUS",NA
"1466","Bretschneidera sinensis","sex of flowers","0",NA,"ancestral reconstruction","Lopez-Martinez et al. (2023) | PROTEUS",NA
"1467","Bretschneidera sinensis","ovary position","0",NA,"ancestral reconstruction","Lopez-Martinez et al. (2023) | PROTEUS",NA
"1468","Bretschneidera sinensis","anther orientation","1",NA,"ancestral reconstruction","Lopez-Martinez et al. (2023) | PROTEUS",NA
"1469","Bretschneidera sinensis","anther attachment","0",NA,"ancestral reconstruction","Lopez-Martinez et al. (2023) | PROTEUS",NA
"1470","Bretschneidera sinensis","anther dehiscence","0",NA,"ancestral reconstruction","Lopez-Martinez et al. (2023) | PROTEUS",NA
"1471","Bretschneidera sinensis","fusion of ovaries","1",NA,"ancestral reconstruction","Lopez-Martinez et al. (2023) | PROTEUS",NA
"1472","Brexia madagascariensis","no ovules","2",NA,"ancestral reconstruction","Lopez-Martinez et al. (2023) | PROTEUS",NA
"1473","Brexia madagascariensis","sex of flowers","0",NA,"ancestral reconstruction","Lopez-Martinez et al. (2023) | PROTEUS",NA
"1474","Brexia madagascariensis","ovary position","0",NA,"ancestral reconstruction","Lopez-Martinez et al. (2023) | PROTEUS",NA
"1475","Brexia madagascariensis","anther orientation","0",NA,"ancestral reconstruction","Lopez-Martinez et al. (2023) | PROTEUS",NA
"1476","Brexia madagascariensis","anther attachment","1",NA,"ancestral reconstruction","Lopez-Martinez et al. (2023) | PROTEUS",NA
"1477","Brexia madagascariensis","anther dehiscence","0",NA,"ancestral reconstruction","Lopez-Martinez et al. (2023) | PROTEUS",NA
"1478","Brexia madagascariensis","fusion of ovaries","1",NA,"ancestral reconstruction","Lopez-Martinez et al. (2023) | PROTEUS",NA
"1479","Brocchinia micrantha","sex of flowers","0",NA,"ancestral reconstruction","Lopez-Martinez et al. (2023) | PROTEUS",NA
"1480","Brocchinia micrantha","ovary position","1",NA,"ancestral reconstruction","Lopez-Martinez et al. (2023) | PROTEUS",NA
"1481","Brocchinia prismatica","sex of flowers","0",NA,"ancestral reconstruction","Lopez-Martinez et al. (2023) | PROTEUS",NA
"1482","Brocchinia prismatica","ovary position","1",NA,"ancestral reconstruction","Lopez-Martinez et al. (2023) | PROTEUS",NA
"1483","Brodiaea californica","sex of flowers","0",NA,"ancestral reconstruction","Lopez-Martinez et al. (2023) | PROTEUS",NA
"1484","Brodiaea californica","ovary position","0",NA,"ancestral reconstruction","Lopez-Martinez et al. (2023) | PROTEUS",NA
"1485","Brodiaea californica","anther attachment","0",NA,"ancestral reconstruction","Lopez-Martinez et al. (2023) | PROTEUS",NA
"1486","Brodiaea californica","anther dehiscence","0",NA,"ancestral reconstruction","Lopez-Martinez et al. (2023) | PROTEUS",NA
"1487","Brodiaea californica","fusion of ovaries","1",NA,"ancestral reconstruction","Lopez-Martinez et al. (2023) | PROTEUS",NA
"1488","Brownlowia elata","no ovules","1",NA,"ancestral reconstruction","Lopez-Martinez et al. (2023) | PROTEUS",NA
"1489","Brownlowia elata","sex of flowers","0",NA,"ancestral reconstruction","Lopez-Martinez et al. (2023) | PROTEUS",NA
"1490","Brownlowia elata","ovary position","0",NA,"ancestral reconstruction","Lopez-Martinez et al. (2023) | PROTEUS",NA
"1491","Brownlowia elata","anther orientation","2",NA,"ancestral reconstruction","Lopez-Martinez et al. (2023) | PROTEUS",NA
"1492","Brownlowia elata","anther dehiscence","0",NA,"ancestral reconstruction","Lopez-Martinez et al. (2023) | PROTEUS",NA
"1493","Brownlowia elata","fusion of ovaries","0",NA,"ancestral reconstruction","Lopez-Martinez et al. (2023) | PROTEUS",NA
"1494","Bruguiera gymnorhiza","no ovules","1&2",NA,"ancestral reconstruction","Lopez-Martinez et al. (2023) | PROTEUS",NA
"1495","Bruguiera gymnorhiza","sex of flowers","0",NA,"ancestral reconstruction","Lopez-Martinez et al. (2023) | PROTEUS",NA
"1496","Bruguiera gymnorhiza","ovary position","1",NA,"ancestral reconstruction","Lopez-Martinez et al. (2023) | PROTEUS",NA
"1497","Bruguiera gymnorhiza","anther orientation","0",NA,"ancestral reconstruction","Lopez-Martinez et al. (2023) | PROTEUS",NA
"1498","Bruguiera gymnorhiza","anther dehiscence","0",NA,"ancestral reconstruction","Lopez-Martinez et al. (2023) | PROTEUS",NA
"1499","Bruguiera gymnorhiza","fusion of ovaries","1",NA,"ancestral reconstruction","Lopez-Martinez et al. (2023) | PROTEUS",NA
"1500","Brunellia acutangula","no ovules","1",NA,"ancestral reconstruction","Lopez-Martinez et al. (2023) | PROTEUS",NA
"1501","Brunellia acutangula","sex of flowers","0",NA,"ancestral reconstruction","Lopez-Martinez et al. (2023) | PROTEUS",NA
"1502","Brunellia acutangula","ovary position","0",NA,"ancestral reconstruction","Lopez-Martinez et al. (2023) | PROTEUS",NA
"1503","Brunellia acutangula","anther orientation","0",NA,"ancestral reconstruction","Lopez-Martinez et al. (2023) | PROTEUS",NA
"1504","Brunellia acutangula","anther attachment","1",NA,"ancestral reconstruction","Lopez-Martinez et al. (2023) | PROTEUS",NA
"1505","Brunellia acutangula","anther dehiscence","0",NA,"ancestral reconstruction","Lopez-Martinez et al. (2023) | PROTEUS",NA
"1506","Brunellia acutangula","fusion of ovaries","0",NA,"ancestral reconstruction","Lopez-Martinez et al. (2023) | PROTEUS",NA
"1507","Brunfelsia americana","sex of flowers","0",NA,"ancestral reconstruction","Lopez-Martinez et al. (2023) | PROTEUS",NA
"1508","Brunfelsia americana","ovary position","0",NA,"ancestral reconstruction","Lopez-Martinez et al. (2023) | PROTEUS",NA
"1509","Brunfelsia americana","anther attachment","1",NA,"ancestral reconstruction","Lopez-Martinez et al. (2023) | PROTEUS",NA
"1510","Brunfelsia americana","fusion of ovaries","1",NA,"ancestral reconstruction","Lopez-Martinez et al. (2023) | PROTEUS",NA
"1511","Buddleja davidii","sex of flowers","0",NA,"ancestral reconstruction","Lopez-Martinez et al. (2023) | PROTEUS",NA
"1512","Buddleja davidii","ovary position","0",NA,"ancestral reconstruction","Lopez-Martinez et al. (2023) | PROTEUS",NA
"1513","Buddleja davidii","anther orientation","0",NA,"ancestral reconstruction","Lopez-Martinez et al. (2023) | PROTEUS",NA
"1514","Buddleja davidii","anther dehiscence","0",NA,"ancestral reconstruction","Lopez-Martinez et al. (2023) | PROTEUS",NA
"1515","Bulbine succulenta","sex of flowers","0",NA,"ancestral reconstruction","Lopez-Martinez et al. (2023) | PROTEUS",NA
"1516","Bulbine succulenta","ovary position","0",NA,"ancestral reconstruction","Lopez-Martinez et al. (2023) | PROTEUS",NA
"1517","Bulbine succulenta","anther orientation","0",NA,"ancestral reconstruction","Lopez-Martinez et al. (2023) | PROTEUS",NA
"1518","Bulbine succulenta","anther attachment","1",NA,"ancestral reconstruction","Lopez-Martinez et al. (2023) | PROTEUS",NA
"1519","Bulbine succulenta","anther dehiscence","0",NA,"ancestral reconstruction","Lopez-Martinez et al. (2023) | PROTEUS",NA
"1520","Bulbine succulenta","fusion of ovaries","1",NA,"ancestral reconstruction","Lopez-Martinez et al. (2023) | PROTEUS",NA
"1521","Burmannia madagascariensis","sex of flowers","0",NA,"ancestral reconstruction","Lopez-Martinez et al. (2023) | PROTEUS",NA
"1522","Burmannia madagascariensis","ovary position","1",NA,"ancestral reconstruction","Lopez-Martinez et al. (2023) | PROTEUS",NA
"1523","Bursera fagaroides","anther orientation","0",NA,"ancestral reconstruction","Lopez-Martinez et al. (2023) | PROTEUS",NA
"1524","Bursera fagaroides","anther dehiscence","0",NA,"ancestral reconstruction","Lopez-Martinez et al. (2023) | PROTEUS",NA
"1525","Bursera fagaroides","fusion of ovaries","1",NA,"ancestral reconstruction","Lopez-Martinez et al. (2023) | PROTEUS",NA
"1526","Butomus umbellatus","no ovules","2",NA,"ancestral reconstruction","Lopez-Martinez et al. (2023) | PROTEUS",NA
"1527","Butomus umbellatus","sex of flowers","0",NA,"ancestral reconstruction","Lopez-Martinez et al. (2023) | PROTEUS",NA
"1528","Butomus umbellatus","ovary position","0",NA,"ancestral reconstruction","Lopez-Martinez et al. (2023) | PROTEUS",NA
"1529","Butomus umbellatus","anther attachment","0",NA,"ancestral reconstruction","Lopez-Martinez et al. (2023) | PROTEUS",NA
"1530","Butomus umbellatus","anther dehiscence","0",NA,"ancestral reconstruction","Lopez-Martinez et al. (2023) | PROTEUS",NA
"1531","Buxus sempervirens","no ovules","1",NA,"ancestral reconstruction","Lopez-Martinez et al. (2023) | PROTEUS",NA
"1532","Buxus sempervirens","sex of flowers","0&1",NA,"ancestral reconstruction","Lopez-Martinez et al. (2023) | PROTEUS",NA
"1533","Buxus sempervirens","ovary position","0",NA,"ancestral reconstruction","Lopez-Martinez et al. (2023) | PROTEUS",NA
"1534","Buxus sempervirens","anther orientation","0",NA,"ancestral reconstruction","Lopez-Martinez et al. (2023) | PROTEUS",NA
"1535","Buxus sempervirens","anther attachment","1",NA,"ancestral reconstruction","Lopez-Martinez et al. (2023) | PROTEUS",NA
"1536","Buxus sempervirens","anther dehiscence","0",NA,"ancestral reconstruction","Lopez-Martinez et al. (2023) | PROTEUS",NA
"1537","Buxus sempervirens","fusion of ovaries","1",NA,"ancestral reconstruction","Lopez-Martinez et al. (2023) | PROTEUS",NA
"1538","Byblis gigantea","sex of flowers","0",NA,"ancestral reconstruction","Lopez-Martinez et al. (2023) | PROTEUS",NA
"1539","Byblis gigantea","ovary position","0",NA,"ancestral reconstruction","Lopez-Martinez et al. (2023) | PROTEUS",NA
"1540","Byblis gigantea","anther attachment","0",NA,"ancestral reconstruction","Lopez-Martinez et al. (2023) | PROTEUS",NA
"1541","Byblis gigantea","fusion of ovaries","1",NA,"ancestral reconstruction","Lopez-Martinez et al. (2023) | PROTEUS",NA
"1542","Byblis liniflora","no ovules","2",NA,"ancestral reconstruction","Lopez-Martinez et al. (2023) | PROTEUS",NA
"1543","Byblis liniflora","sex of flowers","0",NA,"ancestral reconstruction","Lopez-Martinez et al. (2023) | PROTEUS",NA
"1544","Byblis liniflora","ovary position","0",NA,"ancestral reconstruction","Lopez-Martinez et al. (2023) | PROTEUS",NA
"1545","Byblis liniflora","anther orientation","0",NA,"ancestral reconstruction","Lopez-Martinez et al. (2023) | PROTEUS",NA
"1546","Byblis liniflora","anther attachment","0",NA,"ancestral reconstruction","Lopez-Martinez et al. (2023) | PROTEUS",NA
"1547","Byblis liniflora","anther dehiscence","0",NA,"ancestral reconstruction","Lopez-Martinez et al. (2023) | PROTEUS",NA
"1548","Byblis liniflora","fusion of ovaries","1",NA,"ancestral reconstruction","Lopez-Martinez et al. (2023) | PROTEUS",NA
"1549","Byrsonima crassifolia","no ovules","0",NA,"ancestral reconstruction","Lopez-Martinez et al. (2023) | PROTEUS",NA
"1550","Byrsonima crassifolia","sex of flowers","0",NA,"ancestral reconstruction","Lopez-Martinez et al. (2023) | PROTEUS",NA
"1551","Byrsonima crassifolia","ovary position","0",NA,"ancestral reconstruction","Lopez-Martinez et al. (2023) | PROTEUS",NA
"1552","Byrsonima crassifolia","anther orientation","0",NA,"ancestral reconstruction","Lopez-Martinez et al. (2023) | PROTEUS",NA
"1553","Byrsonima crassifolia","anther attachment","0",NA,"ancestral reconstruction","Lopez-Martinez et al. (2023) | PROTEUS",NA
"1554","Byrsonima crassifolia","anther dehiscence","0",NA,"ancestral reconstruction","Lopez-Martinez et al. (2023) | PROTEUS",NA
"1555","Byrsonima crassifolia","fusion of ovaries","1",NA,"ancestral reconstruction","Lopez-Martinez et al. (2023) | PROTEUS",NA
"1556","Byttneria aculeata","no ovules","1",NA,"ancestral reconstruction","Lopez-Martinez et al. (2023) | PROTEUS",NA
"1557","Byttneria aculeata","sex of flowers","0",NA,"ancestral reconstruction","Lopez-Martinez et al. (2023) | PROTEUS",NA
"1558","Byttneria aculeata","ovary position","0",NA,"ancestral reconstruction","Lopez-Martinez et al. (2023) | PROTEUS",NA
"1559","Byttneria aculeata","anther orientation","2",NA,"ancestral reconstruction","Lopez-Martinez et al. (2023) | PROTEUS",NA
"1560","Byttneria aculeata","anther dehiscence","0",NA,"ancestral reconstruction","Lopez-Martinez et al. (2023) | PROTEUS",NA
"1561","Byttneria aculeata","fusion of ovaries","1",NA,"ancestral reconstruction","Lopez-Martinez et al. (2023) | PROTEUS",NA
"1562","Cabomba caroliniana","no ovules","2",NA,"ancestral reconstruction","Lopez-Martinez et al. (2023) | PROTEUS",NA
"1563","Cabomba caroliniana","sex of flowers","0",NA,"ancestral reconstruction","Lopez-Martinez et al. (2023) | PROTEUS",NA
"1564","Cabomba caroliniana","ovary position","0",NA,"ancestral reconstruction","Lopez-Martinez et al. (2023) | PROTEUS",NA
"1565","Cabomba caroliniana","anther orientation","1&2",NA,"ancestral reconstruction","Lopez-Martinez et al. (2023) | PROTEUS",NA
"1566","Cabomba caroliniana","anther attachment","0",NA,"ancestral reconstruction","Lopez-Martinez et al. (2023) | PROTEUS",NA
"1567","Cabomba caroliniana","anther dehiscence","0",NA,"ancestral reconstruction","Lopez-Martinez et al. (2023) | PROTEUS",NA
"1568","Cabomba caroliniana","fusion of ovaries","0",NA,"ancestral reconstruction","Lopez-Martinez et al. (2023) | PROTEUS",NA
"1569","Calamus aruensis","no ovules","0",NA,"ancestral reconstruction","Lopez-Martinez et al. (2023) | PROTEUS",NA
"1570","Calamus aruensis","sex of flowers","0",NA,"ancestral reconstruction","Lopez-Martinez et al. (2023) | PROTEUS",NA
"1571","Calathea crotalifera","no ovules","0",NA,"ancestral reconstruction","Lopez-Martinez et al. (2023) | PROTEUS",NA
"1572","Calathea crotalifera","sex of flowers","0",NA,"ancestral reconstruction","Lopez-Martinez et al. (2023) | PROTEUS",NA
"1573","Calathea crotalifera","ovary position","1",NA,"ancestral reconstruction","Lopez-Martinez et al. (2023) | PROTEUS",NA
"1574","Calathea crotalifera","anther dehiscence","0",NA,"ancestral reconstruction","Lopez-Martinez et al. (2023) | PROTEUS",NA
"1575","Calceolaria integrifolia","sex of flowers","0",NA,"ancestral reconstruction","Lopez-Martinez et al. (2023) | PROTEUS",NA
"1576","Calceolaria integrifolia","ovary position","0",NA,"ancestral reconstruction","Lopez-Martinez et al. (2023) | PROTEUS",NA
"1577","Calceolaria integrifolia","fusion of ovaries","1",NA,"ancestral reconstruction","Lopez-Martinez et al. (2023) | PROTEUS",NA
"1578","Calectasia intermedia","no ovules","0",NA,"ancestral reconstruction","Lopez-Martinez et al. (2023) | PROTEUS",NA
"1579","Calectasia intermedia","sex of flowers","0",NA,"ancestral reconstruction","Lopez-Martinez et al. (2023) | PROTEUS",NA
"1580","Calectasia intermedia","ovary position","0",NA,"ancestral reconstruction","Lopez-Martinez et al. (2023) | PROTEUS",NA
"1581","Calectasia intermedia","anther attachment","0",NA,"ancestral reconstruction","Lopez-Martinez et al. (2023) | PROTEUS",NA
"1582","Calectasia intermedia","anther dehiscence","0",NA,"ancestral reconstruction","Lopez-Martinez et al. (2023) | PROTEUS",NA
"1583","Calectasia intermedia","fusion of ovaries","1",NA,"ancestral reconstruction","Lopez-Martinez et al. (2023) | PROTEUS",NA
"1584","Callicarpa dichotoma","sex of flowers","0",NA,"ancestral reconstruction","Lopez-Martinez et al. (2023) | PROTEUS",NA
"1585","Callicarpa pentandra","no ovules","1",NA,"ancestral reconstruction","Lopez-Martinez et al. (2023) | PROTEUS",NA
"1586","Callicarpa pentandra","sex of flowers","0",NA,"ancestral reconstruction","Lopez-Martinez et al. (2023) | PROTEUS",NA
"1587","Callicarpa pentandra","ovary position","0",NA,"ancestral reconstruction","Lopez-Martinez et al. (2023) | PROTEUS",NA
"1588","Callicarpa pentandra","anther attachment","1",NA,"ancestral reconstruction","Lopez-Martinez et al. (2023) | PROTEUS",NA
"1589","Callicarpa pentandra","anther dehiscence","0",NA,"ancestral reconstruction","Lopez-Martinez et al. (2023) | PROTEUS",NA
"1590","Callicarpa pentandra","fusion of ovaries","1",NA,"ancestral reconstruction","Lopez-Martinez et al. (2023) | PROTEUS",NA
"1591","Calochortus albus","sex of flowers","0",NA,"ancestral reconstruction","Lopez-Martinez et al. (2023) | PROTEUS",NA
"1592","Calochortus albus","ovary position","0",NA,"ancestral reconstruction","Lopez-Martinez et al. (2023) | PROTEUS",NA
"1593","Calochortus albus","anther attachment","0",NA,"ancestral reconstruction","Lopez-Martinez et al. (2023) | PROTEUS",NA
"1594","Calochortus albus","anther dehiscence","0",NA,"ancestral reconstruction","Lopez-Martinez et al. (2023) | PROTEUS",NA
"1595","Calycanthus floridus","no ovules","1",NA,"ancestral reconstruction","Lopez-Martinez et al. (2023) | PROTEUS",NA
"1596","Calycanthus floridus","sex of flowers","0",NA,"ancestral reconstruction","Lopez-Martinez et al. (2023) | PROTEUS",NA
"1597","Calycanthus floridus","ovary position","0",NA,"ancestral reconstruction","Lopez-Martinez et al. (2023) | PROTEUS",NA
"1598","Calycanthus floridus","anther orientation","2",NA,"ancestral reconstruction","Lopez-Martinez et al. (2023) | PROTEUS",NA
"1599","Calycanthus floridus","anther attachment","0",NA,"ancestral reconstruction","Lopez-Martinez et al. (2023) | PROTEUS",NA
"1600","Calycanthus floridus","anther dehiscence","0",NA,"ancestral reconstruction","Lopez-Martinez et al. (2023) | PROTEUS",NA
"1601","Calycanthus floridus","fusion of ovaries","0",NA,"ancestral reconstruction","Lopez-Martinez et al. (2023) | PROTEUS",NA
"1602","Calycera crassifolia","sex of flowers","0",NA,"ancestral reconstruction","Lopez-Martinez et al. (2023) | PROTEUS",NA
"1603","Calycera crassifolia","ovary position","1",NA,"ancestral reconstruction","Lopez-Martinez et al. (2023) | PROTEUS",NA
"1604","Calycera crassifolia","anther orientation","0",NA,"ancestral reconstruction","Lopez-Martinez et al. (2023) | PROTEUS",NA
"1605","Calycera crassifolia","anther attachment","0",NA,"ancestral reconstruction","Lopez-Martinez et al. (2023) | PROTEUS",NA
"1606","Camellia sinensis","no ovules","2",NA,"ancestral reconstruction","Lopez-Martinez et al. (2023) | PROTEUS",NA
"1607","Camellia sinensis","sex of flowers","0",NA,"ancestral reconstruction","Lopez-Martinez et al. (2023) | PROTEUS",NA
"1608","Camellia sinensis","ovary position","0",NA,"ancestral reconstruction","Lopez-Martinez et al. (2023) | PROTEUS",NA
"1609","Camellia sinensis","anther orientation","1",NA,"ancestral reconstruction","Lopez-Martinez et al. (2023) | PROTEUS",NA
"1610","Camellia sinensis","anther attachment","1",NA,"ancestral reconstruction","Lopez-Martinez et al. (2023) | PROTEUS",NA
"1611","Camellia sinensis","anther dehiscence","0",NA,"ancestral reconstruction","Lopez-Martinez et al. (2023) | PROTEUS",NA
"1612","Camellia sinensis","fusion of ovaries","1",NA,"ancestral reconstruction","Lopez-Martinez et al. (2023) | PROTEUS",NA
"1613","Campanula elatines","sex of flowers","0",NA,"ancestral reconstruction","Lopez-Martinez et al. (2023) | PROTEUS",NA
"1614","Campanula elatines","ovary position","1",NA,"ancestral reconstruction","Lopez-Martinez et al. (2023) | PROTEUS",NA
"1615","Campanula elatines","anther orientation","0",NA,"ancestral reconstruction","Lopez-Martinez et al. (2023) | PROTEUS",NA
"1616","Campanula elatines","anther attachment","0",NA,"ancestral reconstruction","Lopez-Martinez et al. (2023) | PROTEUS",NA
"1617","Campanula elatines","anther dehiscence","0",NA,"ancestral reconstruction","Lopez-Martinez et al. (2023) | PROTEUS",NA
"1618","Campanula elatines","fusion of ovaries","1",NA,"ancestral reconstruction","Lopez-Martinez et al. (2023) | PROTEUS",NA
"1619","Campylosiphon congestus","sex of flowers","0",NA,"ancestral reconstruction","Lopez-Martinez et al. (2023) | PROTEUS",NA
"1620","Campylosiphon congestus","ovary position","1",NA,"ancestral reconstruction","Lopez-Martinez et al. (2023) | PROTEUS",NA
"1621","Campylosiphon congestus","fusion of ovaries","1",NA,"ancestral reconstruction","Lopez-Martinez et al. (2023) | PROTEUS",NA
"1622","Campynema lineare","no ovules","2",NA,"ancestral reconstruction","Lopez-Martinez et al. (2023) | PROTEUS",NA
"1623","Campynema lineare","sex of flowers","0",NA,"ancestral reconstruction","Lopez-Martinez et al. (2023) | PROTEUS",NA
"1624","Campynema lineare","ovary position","1",NA,"ancestral reconstruction","Lopez-Martinez et al. (2023) | PROTEUS",NA
"1625","Campynema lineare","anther orientation","2",NA,"ancestral reconstruction","Lopez-Martinez et al. (2023) | PROTEUS",NA
"1626","Campynema lineare","anther attachment","0",NA,"ancestral reconstruction","Lopez-Martinez et al. (2023) | PROTEUS",NA
"1627","Campynema lineare","anther dehiscence","0",NA,"ancestral reconstruction","Lopez-Martinez et al. (2023) | PROTEUS",NA
"1628","Campynema lineare","fusion of ovaries","1",NA,"ancestral reconstruction","Lopez-Martinez et al. (2023) | PROTEUS",NA
"1629","Campynemanthe viridiflora","sex of flowers","0",NA,"ancestral reconstruction","Lopez-Martinez et al. (2023) | PROTEUS",NA
"1630","Campynemanthe viridiflora","ovary position","1",NA,"ancestral reconstruction","Lopez-Martinez et al. (2023) | PROTEUS",NA
"1631","Campynemanthe viridiflora","anther attachment","0",NA,"ancestral reconstruction","Lopez-Martinez et al. (2023) | PROTEUS",NA
"1632","Campynemanthe viridiflora","anther dehiscence","0",NA,"ancestral reconstruction","Lopez-Martinez et al. (2023) | PROTEUS",NA
"1633","Canacomyrica monticola","no ovules","0",NA,"ancestral reconstruction","Lopez-Martinez et al. (2023) | PROTEUS",NA
"1634","Canacomyrica monticola","sex of flowers","0",NA,"ancestral reconstruction","Lopez-Martinez et al. (2023) | PROTEUS",NA
"1635","Canacomyrica monticola","ovary position","1",NA,"ancestral reconstruction","Lopez-Martinez et al. (2023) | PROTEUS",NA
"1636","Canacomyrica monticola","anther attachment","1",NA,"ancestral reconstruction","Lopez-Martinez et al. (2023) | PROTEUS",NA
"1637","Cananga odorata","no ovules","2",NA,"ancestral reconstruction","Lopez-Martinez et al. (2023) | PROTEUS",NA
"1638","Cananga odorata","sex of flowers","0",NA,"ancestral reconstruction","Lopez-Martinez et al. (2023) | PROTEUS",NA
"1639","Cananga odorata","ovary position","0",NA,"ancestral reconstruction","Lopez-Martinez et al. (2023) | PROTEUS",NA
"1640","Cananga odorata","anther orientation","2",NA,"ancestral reconstruction","Lopez-Martinez et al. (2023) | PROTEUS",NA
"1641","Cananga odorata","anther attachment","0",NA,"ancestral reconstruction","Lopez-Martinez et al. (2023) | PROTEUS",NA
"1642","Cananga odorata","anther dehiscence","1",NA,"ancestral reconstruction","Lopez-Martinez et al. (2023) | PROTEUS",NA
"1643","Cananga odorata","fusion of ovaries","0",NA,"ancestral reconstruction","Lopez-Martinez et al. (2023) | PROTEUS",NA
"1644","Canella winterana","no ovules","1&2",NA,"ancestral reconstruction","Lopez-Martinez et al. (2023) | PROTEUS",NA
"1645","Canella winterana","sex of flowers","0",NA,"ancestral reconstruction","Lopez-Martinez et al. (2023) | PROTEUS",NA
"1646","Canella winterana","ovary position","0",NA,"ancestral reconstruction","Lopez-Martinez et al. (2023) | PROTEUS",NA
"1647","Canella winterana","anther orientation","2",NA,"ancestral reconstruction","Lopez-Martinez et al. (2023) | PROTEUS",NA
"1648","Canella winterana","anther dehiscence","0",NA,"ancestral reconstruction","Lopez-Martinez et al. (2023) | PROTEUS",NA
"1649","Canella winterana","fusion of ovaries","1",NA,"ancestral reconstruction","Lopez-Martinez et al. (2023) | PROTEUS",NA
"1650","Canna flaccida","sex of flowers","0",NA,"ancestral reconstruction","Lopez-Martinez et al. (2023) | PROTEUS",NA
"1651","Canna flaccida","ovary position","1",NA,"ancestral reconstruction","Lopez-Martinez et al. (2023) | PROTEUS",NA
"1652","Canna flaccida","anther orientation","0",NA,"ancestral reconstruction","Lopez-Martinez et al. (2023) | PROTEUS",NA
"1653","Canna flaccida","anther dehiscence","0",NA,"ancestral reconstruction","Lopez-Martinez et al. (2023) | PROTEUS",NA
"1654","Canna flaccida","fusion of ovaries","1",NA,"ancestral reconstruction","Lopez-Martinez et al. (2023) | PROTEUS",NA
"1655","Canna indica","sex of flowers","0",NA,"ancestral reconstruction","Lopez-Martinez et al. (2023) | PROTEUS",NA
"1656","Canna indica","ovary position","1",NA,"ancestral reconstruction","Lopez-Martinez et al. (2023) | PROTEUS",NA
"1657","Canna indica","anther attachment","0",NA,"ancestral reconstruction","Lopez-Martinez et al. (2023) | PROTEUS",NA
"1658","Canna indica","fusion of ovaries","1",NA,"ancestral reconstruction","Lopez-Martinez et al. (2023) | PROTEUS",NA
"1659","Capitularina involucrata","sex of flowers","0",NA,"ancestral reconstruction","Lopez-Martinez et al. (2023) | PROTEUS",NA
"1660","Capitularina involucrata","ovary position","0",NA,"ancestral reconstruction","Lopez-Martinez et al. (2023) | PROTEUS",NA
"1661","Capitularina involucrata","anther orientation","0",NA,"ancestral reconstruction","Lopez-Martinez et al. (2023) | PROTEUS",NA
"1662","Capitularina involucrata","anther attachment","0",NA,"ancestral reconstruction","Lopez-Martinez et al. (2023) | PROTEUS",NA
"1663","Capitularina involucrata","anther dehiscence","0",NA,"ancestral reconstruction","Lopez-Martinez et al. (2023) | PROTEUS",NA
"1664","Capitularina involucrata","fusion of ovaries","1",NA,"ancestral reconstruction","Lopez-Martinez et al. (2023) | PROTEUS",NA
"1665","Capparis spinosa","sex of flowers","0",NA,"ancestral reconstruction","Lopez-Martinez et al. (2023) | PROTEUS",NA
"1666","Capparis spinosa","ovary position","0",NA,"ancestral reconstruction","Lopez-Martinez et al. (2023) | PROTEUS",NA
"1667","Capparis spinosa","anther orientation","0",NA,"ancestral reconstruction","Lopez-Martinez et al. (2023) | PROTEUS",NA
"1668","Capparis spinosa","anther attachment","0",NA,"ancestral reconstruction","Lopez-Martinez et al. (2023) | PROTEUS",NA
"1669","Capparis spinosa","anther dehiscence","0",NA,"ancestral reconstruction","Lopez-Martinez et al. (2023) | PROTEUS",NA
"1670","Carica papaya","no ovules","2",NA,"ancestral reconstruction","Lopez-Martinez et al. (2023) | PROTEUS",NA
"1671","Carica papaya","sex of flowers","0",NA,"ancestral reconstruction","Lopez-Martinez et al. (2023) | PROTEUS",NA
"1672","Carica papaya","ovary position","0",NA,"ancestral reconstruction","Lopez-Martinez et al. (2023) | PROTEUS",NA
"1673","Carica papaya","anther dehiscence","0",NA,"ancestral reconstruction","Lopez-Martinez et al. (2023) | PROTEUS",NA
"1674","Carica papaya","fusion of ovaries","1",NA,"ancestral reconstruction","Lopez-Martinez et al. (2023) | PROTEUS",NA
"1675","Carlemannia tetragona","sex of flowers","0",NA,"ancestral reconstruction","Lopez-Martinez et al. (2023) | PROTEUS",NA
"1676","Carlemannia tetragona","ovary position","1",NA,"ancestral reconstruction","Lopez-Martinez et al. (2023) | PROTEUS",NA
"1677","Carludovica palmata","sex of flowers","1",NA,"ancestral reconstruction","Lopez-Martinez et al. (2023) | PROTEUS",NA
"1678","Carpanthea pomeridiana","sex of flowers","0",NA,"ancestral reconstruction","Lopez-Martinez et al. (2023) | PROTEUS",NA
"1679","Carpanthea pomeridiana","ovary position","1",NA,"ancestral reconstruction","Lopez-Martinez et al. (2023) | PROTEUS",NA
"1680","Carpodetus serratus","no ovules","2",NA,"ancestral reconstruction","Lopez-Martinez et al. (2023) | PROTEUS",NA
"1681","Carpodetus serratus","sex of flowers","0",NA,"ancestral reconstruction","Lopez-Martinez et al. (2023) | PROTEUS",NA
"1682","Carpodetus serratus","ovary position","1",NA,"ancestral reconstruction","Lopez-Martinez et al. (2023) | PROTEUS",NA
"1683","Carpodetus serratus","anther orientation","0",NA,"ancestral reconstruction","Lopez-Martinez et al. (2023) | PROTEUS",NA
"1684","Carpodetus serratus","anther attachment","0",NA,"ancestral reconstruction","Lopez-Martinez et al. (2023) | PROTEUS",NA
"1685","Carpodetus serratus","anther dehiscence","0",NA,"ancestral reconstruction","Lopez-Martinez et al. (2023) | PROTEUS",NA
"1686","Carpodetus serratus","fusion of ovaries","1",NA,"ancestral reconstruction","Lopez-Martinez et al. (2023) | PROTEUS",NA
"1687","Cartonema philydroides","sex of flowers","0",NA,"ancestral reconstruction","Lopez-Martinez et al. (2023) | PROTEUS",NA
"1688","Cartonema philydroides","ovary position","0",NA,"ancestral reconstruction","Lopez-Martinez et al. (2023) | PROTEUS",NA
"1689","Cartonema philydroides","anther dehiscence","0",NA,"ancestral reconstruction","Lopez-Martinez et al. (2023) | PROTEUS",NA
"1690","Cartonema philydroides","fusion of ovaries","1",NA,"ancestral reconstruction","Lopez-Martinez et al. (2023) | PROTEUS",NA
"1691","Caryocar glabrum","no ovules","0",NA,"ancestral reconstruction","Lopez-Martinez et al. (2023) | PROTEUS",NA
"1692","Caryocar glabrum","sex of flowers","0",NA,"ancestral reconstruction","Lopez-Martinez et al. (2023) | PROTEUS",NA
"1693","Caryocar glabrum","ovary position","0",NA,"ancestral reconstruction","Lopez-Martinez et al. (2023) | PROTEUS",NA
"1694","Caryocar glabrum","anther orientation","0",NA,"ancestral reconstruction","Lopez-Martinez et al. (2023) | PROTEUS",NA
"1695","Caryocar glabrum","anther attachment","0&1",NA,"ancestral reconstruction","Lopez-Martinez et al. (2023) | PROTEUS",NA
"1696","Caryocar glabrum","anther dehiscence","0",NA,"ancestral reconstruction","Lopez-Martinez et al. (2023) | PROTEUS",NA
"1697","Caryocar glabrum","fusion of ovaries","1",NA,"ancestral reconstruction","Lopez-Martinez et al. (2023) | PROTEUS",NA
"1698","Caryodaphnopsis tomentosa","sex of flowers","0",NA,"ancestral reconstruction","Lopez-Martinez et al. (2023) | PROTEUS",NA
"1699","Caryodaphnopsis tomentosa","ovary position","0",NA,"ancestral reconstruction","Lopez-Martinez et al. (2023) | PROTEUS",NA
"1700","Caryodaphnopsis tomentosa","anther attachment","0",NA,"ancestral reconstruction","Lopez-Martinez et al. (2023) | PROTEUS",NA
"1701","Caryodaphnopsis tomentosa","anther dehiscence","2",NA,"ancestral reconstruction","Lopez-Martinez et al. (2023) | PROTEUS",NA
"1702","Caryota mitis","sex of flowers","0&1",NA,"ancestral reconstruction","Lopez-Martinez et al. (2023) | PROTEUS",NA
"1703","Casearia sylvestris","sex of flowers","0",NA,"ancestral reconstruction","Lopez-Martinez et al. (2023) | PROTEUS",NA
"1704","Casearia sylvestris","ovary position","0",NA,"ancestral reconstruction","Lopez-Martinez et al. (2023) | PROTEUS",NA
"1705","Casearia sylvestris","anther orientation","0",NA,"ancestral reconstruction","Lopez-Martinez et al. (2023) | PROTEUS",NA
"1706","Casearia sylvestris","anther attachment","0&1",NA,"ancestral reconstruction","Lopez-Martinez et al. (2023) | PROTEUS",NA
"1707","Casearia sylvestris","anther dehiscence","0",NA,"ancestral reconstruction","Lopez-Martinez et al. (2023) | PROTEUS",NA
"1708","Casearia sylvestris","fusion of ovaries","1",NA,"ancestral reconstruction","Lopez-Martinez et al. (2023) | PROTEUS",NA
"1709","Cassinopsis madagascariensis","no ovules","1",NA,"ancestral reconstruction","Lopez-Martinez et al. (2023) | PROTEUS",NA
"1710","Cassinopsis madagascariensis","sex of flowers","0",NA,"ancestral reconstruction","Lopez-Martinez et al. (2023) | PROTEUS",NA
"1711","Cassinopsis madagascariensis","ovary position","0",NA,"ancestral reconstruction","Lopez-Martinez et al. (2023) | PROTEUS",NA
"1712","Cassinopsis madagascariensis","anther orientation","0",NA,"ancestral reconstruction","Lopez-Martinez et al. (2023) | PROTEUS",NA
"1713","Cassinopsis madagascariensis","anther attachment","1",NA,"ancestral reconstruction","Lopez-Martinez et al. (2023) | PROTEUS",NA
"1714","Cassiope fastigiata","sex of flowers","0",NA,"ancestral reconstruction","Lopez-Martinez et al. (2023) | PROTEUS",NA
"1715","Cassiope fastigiata","ovary position","0",NA,"ancestral reconstruction","Lopez-Martinez et al. (2023) | PROTEUS",NA
"1716","Cassiope fastigiata","anther orientation","0",NA,"ancestral reconstruction","Lopez-Martinez et al. (2023) | PROTEUS",NA
"1717","Cassiope fastigiata","anther dehiscence","0",NA,"ancestral reconstruction","Lopez-Martinez et al. (2023) | PROTEUS",NA
"1718","Cassiope fastigiata","fusion of ovaries","1",NA,"ancestral reconstruction","Lopez-Martinez et al. (2023) | PROTEUS",NA
"1719","Cassiope mertensiana","sex of flowers","0",NA,"ancestral reconstruction","Lopez-Martinez et al. (2023) | PROTEUS",NA
"1720","Cassiope mertensiana","ovary position","0",NA,"ancestral reconstruction","Lopez-Martinez et al. (2023) | PROTEUS",NA
"1721","Cassiope mertensiana","anther orientation","0",NA,"ancestral reconstruction","Lopez-Martinez et al. (2023) | PROTEUS",NA
"1722","Cassiope mertensiana","anther dehiscence","0",NA,"ancestral reconstruction","Lopez-Martinez et al. (2023) | PROTEUS",NA
"1723","Cassiope mertensiana","fusion of ovaries","1",NA,"ancestral reconstruction","Lopez-Martinez et al. (2023) | PROTEUS",NA
"1724","Cassipourea lanceolata","no ovules","1",NA,"ancestral reconstruction","Lopez-Martinez et al. (2023) | PROTEUS",NA
"1725","Cassipourea lanceolata","sex of flowers","0",NA,"ancestral reconstruction","Lopez-Martinez et al. (2023) | PROTEUS",NA
"1726","Cassipourea lanceolata","ovary position","0",NA,"ancestral reconstruction","Lopez-Martinez et al. (2023) | PROTEUS",NA
"1727","Cassipourea lanceolata","fusion of ovaries","1",NA,"ancestral reconstruction","Lopez-Martinez et al. (2023) | PROTEUS",NA
"1728","Cassytha filiformis","no ovules","0",NA,"ancestral reconstruction","Lopez-Martinez et al. (2023) | PROTEUS",NA
"1729","Cassytha filiformis","sex of flowers","0",NA,"ancestral reconstruction","Lopez-Martinez et al. (2023) | PROTEUS",NA
"1730","Cassytha filiformis","ovary position","0",NA,"ancestral reconstruction","Lopez-Martinez et al. (2023) | PROTEUS",NA
"1731","Cassytha filiformis","anther orientation","0&2",NA,"ancestral reconstruction","Lopez-Martinez et al. (2023) | PROTEUS",NA
"1732","Cassytha filiformis","anther attachment","0",NA,"ancestral reconstruction","Lopez-Martinez et al. (2023) | PROTEUS",NA
"1733","Cassytha filiformis","anther dehiscence","2",NA,"ancestral reconstruction","Lopez-Martinez et al. (2023) | PROTEUS",NA
"1734","Cassytha pubescens","no ovules","0",NA,"ancestral reconstruction","Lopez-Martinez et al. (2023) | PROTEUS",NA
"1735","Cassytha pubescens","sex of flowers","0",NA,"ancestral reconstruction","Lopez-Martinez et al. (2023) | PROTEUS",NA
"1736","Cassytha pubescens","ovary position","0",NA,"ancestral reconstruction","Lopez-Martinez et al. (2023) | PROTEUS",NA
"1737","Cassytha pubescens","anther orientation","0&2",NA,"ancestral reconstruction","Lopez-Martinez et al. (2023) | PROTEUS",NA
"1738","Cassytha pubescens","anther attachment","0",NA,"ancestral reconstruction","Lopez-Martinez et al. (2023) | PROTEUS",NA
"1739","Cassytha pubescens","anther dehiscence","2",NA,"ancestral reconstruction","Lopez-Martinez et al. (2023) | PROTEUS",NA
"1740","Castela coccinea","no ovules","0",NA,"ancestral reconstruction","Lopez-Martinez et al. (2023) | PROTEUS",NA
"1741","Castela coccinea","sex of flowers","0",NA,"ancestral reconstruction","Lopez-Martinez et al. (2023) | PROTEUS",NA
"1742","Castela coccinea","ovary position","0",NA,"ancestral reconstruction","Lopez-Martinez et al. (2023) | PROTEUS",NA
"1743","Castela coccinea","anther orientation","2",NA,"ancestral reconstruction","Lopez-Martinez et al. (2023) | PROTEUS",NA
"1744","Castela coccinea","anther attachment","0",NA,"ancestral reconstruction","Lopez-Martinez et al. (2023) | PROTEUS",NA
"1745","Castela coccinea","anther dehiscence","0",NA,"ancestral reconstruction","Lopez-Martinez et al. (2023) | PROTEUS",NA
"1746","Castela coccinea","fusion of ovaries","1",NA,"ancestral reconstruction","Lopez-Martinez et al. (2023) | PROTEUS",NA
"1747","Castilleja linariifolia","sex of flowers","0",NA,"ancestral reconstruction","Lopez-Martinez et al. (2023) | PROTEUS",NA
"1748","Castilleja linariifolia","ovary position","0",NA,"ancestral reconstruction","Lopez-Martinez et al. (2023) | PROTEUS",NA
"1749","Castilleja linariifolia","anther orientation","2",NA,"ancestral reconstruction","Lopez-Martinez et al. (2023) | PROTEUS",NA
"1750","Castilleja linariifolia","anther attachment","1",NA,"ancestral reconstruction","Lopez-Martinez et al. (2023) | PROTEUS",NA
"1751","Casuarina cunninghamiana","no ovules","1",NA,"ancestral reconstruction","Lopez-Martinez et al. (2023) | PROTEUS",NA
"1752","Casuarina cunninghamiana","sex of flowers","1",NA,"ancestral reconstruction","Lopez-Martinez et al. (2023) | PROTEUS",NA
"1753","Casuarina cunninghamiana","anther attachment","0",NA,"ancestral reconstruction","Lopez-Martinez et al. (2023) | PROTEUS",NA
"1754","Catalpa speciosa","no ovules","2",NA,"ancestral reconstruction","Lopez-Martinez et al. (2023) | PROTEUS",NA
"1755","Catalpa speciosa","sex of flowers","0",NA,"ancestral reconstruction","Lopez-Martinez et al. (2023) | PROTEUS",NA
"1756","Catalpa speciosa","ovary position","0",NA,"ancestral reconstruction","Lopez-Martinez et al. (2023) | PROTEUS",NA
"1757","Catalpa speciosa","anther dehiscence","0",NA,"ancestral reconstruction","Lopez-Martinez et al. (2023) | PROTEUS",NA
"1758","Catalpa speciosa","fusion of ovaries","1",NA,"ancestral reconstruction","Lopez-Martinez et al. (2023) | PROTEUS",NA
"1759","Catharanthus roseus","sex of flowers","0",NA,"ancestral reconstruction","Lopez-Martinez et al. (2023) | PROTEUS",NA
"1760","Caulophyllum thalictroides","no ovules","1&2",NA,"ancestral reconstruction","Lopez-Martinez et al. (2023) | PROTEUS",NA
"1761","Caulophyllum thalictroides","sex of flowers","0",NA,"ancestral reconstruction","Lopez-Martinez et al. (2023) | PROTEUS",NA
"1762","Caulophyllum thalictroides","ovary position","0",NA,"ancestral reconstruction","Lopez-Martinez et al. (2023) | PROTEUS",NA
"1763","Caulophyllum thalictroides","anther orientation","2",NA,"ancestral reconstruction","Lopez-Martinez et al. (2023) | PROTEUS",NA
"1764","Caulophyllum thalictroides","anther attachment","0",NA,"ancestral reconstruction","Lopez-Martinez et al. (2023) | PROTEUS",NA
"1765","Caulophyllum thalictroides","anther dehiscence","2",NA,"ancestral reconstruction","Lopez-Martinez et al. (2023) | PROTEUS",NA
"1766","Ceanothus sanguineus","sex of flowers","0",NA,"ancestral reconstruction","Lopez-Martinez et al. (2023) | PROTEUS",NA
"1767","Ceanothus sanguineus","ovary position","0",NA,"ancestral reconstruction","Lopez-Martinez et al. (2023) | PROTEUS",NA
"1768","Ceanothus sanguineus","anther attachment","1",NA,"ancestral reconstruction","Lopez-Martinez et al. (2023) | PROTEUS",NA
"1769","Ceanothus sanguineus","anther dehiscence","0",NA,"ancestral reconstruction","Lopez-Martinez et al. (2023) | PROTEUS",NA
"1770","Cecropia insignis","no ovules","0",NA,"ancestral reconstruction","Lopez-Martinez et al. (2023) | PROTEUS",NA
"1771","Cecropia insignis","sex of flowers","1",NA,"ancestral reconstruction","Lopez-Martinez et al. (2023) | PROTEUS",NA
"1772","Celosia argentea","sex of flowers","0",NA,"ancestral reconstruction","Lopez-Martinez et al. (2023) | PROTEUS",NA
"1773","Celosia argentea","ovary position","0",NA,"ancestral reconstruction","Lopez-Martinez et al. (2023) | PROTEUS",NA
"1774","Celosia argentea","anther orientation","0",NA,"ancestral reconstruction","Lopez-Martinez et al. (2023) | PROTEUS",NA
"1775","Celosia argentea","anther attachment","1",NA,"ancestral reconstruction","Lopez-Martinez et al. (2023) | PROTEUS",NA
"1776","Centaurium pulchellum","sex of flowers","0",NA,"ancestral reconstruction","Lopez-Martinez et al. (2023) | PROTEUS",NA
"1777","Centaurium pulchellum","anther dehiscence","0",NA,"ancestral reconstruction","Lopez-Martinez et al. (2023) | PROTEUS",NA
"1778","Centroplacus glaucinus","no ovules","1",NA,"ancestral reconstruction","Lopez-Martinez et al. (2023) | PROTEUS",NA
"1779","Centroplacus glaucinus","sex of flowers","0",NA,"ancestral reconstruction","Lopez-Martinez et al. (2023) | PROTEUS",NA
"1780","Centroplacus glaucinus","anther orientation","0",NA,"ancestral reconstruction","Lopez-Martinez et al. (2023) | PROTEUS",NA
"1781","Centroplacus glaucinus","anther dehiscence","0",NA,"ancestral reconstruction","Lopez-Martinez et al. (2023) | PROTEUS",NA
"1782","Centroplacus glaucinus","fusion of ovaries","1",NA,"ancestral reconstruction","Lopez-Martinez et al. (2023) | PROTEUS",NA
"1783","Centropodia glauca","sex of flowers","0",NA,"ancestral reconstruction","Lopez-Martinez et al. (2023) | PROTEUS",NA
"1784","Cephalotus follicularis","no ovules","0",NA,"ancestral reconstruction","Lopez-Martinez et al. (2023) | PROTEUS",NA
"1785","Cephalotus follicularis","sex of flowers","0",NA,"ancestral reconstruction","Lopez-Martinez et al. (2023) | PROTEUS",NA
"1786","Cephalotus follicularis","ovary position","0",NA,"ancestral reconstruction","Lopez-Martinez et al. (2023) | PROTEUS",NA
"1787","Cephalotus follicularis","anther orientation","1",NA,"ancestral reconstruction","Lopez-Martinez et al. (2023) | PROTEUS",NA
"1788","Cephalotus follicularis","anther attachment","1",NA,"ancestral reconstruction","Lopez-Martinez et al. (2023) | PROTEUS",NA
"1789","Cephalotus follicularis","anther dehiscence","0",NA,"ancestral reconstruction","Lopez-Martinez et al. (2023) | PROTEUS",NA
"1790","Cephalotus follicularis","fusion of ovaries","0",NA,"ancestral reconstruction","Lopez-Martinez et al. (2023) | PROTEUS",NA
"1791","Ceratonia siliqua","no ovules","2",NA,"ancestral reconstruction","Lopez-Martinez et al. (2023) | PROTEUS",NA
"1792","Ceratonia siliqua","sex of flowers","0",NA,"ancestral reconstruction","Lopez-Martinez et al. (2023) | PROTEUS",NA
"1793","Ceratonia siliqua","ovary position","0",NA,"ancestral reconstruction","Lopez-Martinez et al. (2023) | PROTEUS",NA
"1794","Ceratonia siliqua","anther orientation","0",NA,"ancestral reconstruction","Lopez-Martinez et al. (2023) | PROTEUS",NA
"1795","Ceratonia siliqua","anther attachment","1",NA,"ancestral reconstruction","Lopez-Martinez et al. (2023) | PROTEUS",NA
"1796","Ceratonia siliqua","anther dehiscence","0",NA,"ancestral reconstruction","Lopez-Martinez et al. (2023) | PROTEUS",NA
"1797","Ceratophyllum demersum","no ovules","0",NA,"ancestral reconstruction","Lopez-Martinez et al. (2023) | PROTEUS",NA
"1798","Ceratophyllum demersum","sex of flowers","1",NA,"ancestral reconstruction","Lopez-Martinez et al. (2023) | PROTEUS",NA
"1799","Ceratophyllum demersum","anther orientation","2",NA,"ancestral reconstruction","Lopez-Martinez et al. (2023) | PROTEUS",NA
"1800","Ceratophyllum demersum","anther attachment","0",NA,"ancestral reconstruction","Lopez-Martinez et al. (2023) | PROTEUS",NA
"1801","Ceratophyllum demersum","anther dehiscence","0",NA,"ancestral reconstruction","Lopez-Martinez et al. (2023) | PROTEUS",NA
"1802","Ceratophyllum submersum","sex of flowers","1",NA,"ancestral reconstruction","Lopez-Martinez et al. (2023) | PROTEUS",NA
"1803","Cercidiphyllum japonicum","no ovules","2",NA,"ancestral reconstruction","Lopez-Martinez et al. (2023) | PROTEUS",NA
"1804","Cercidiphyllum japonicum","sex of flowers","1",NA,"ancestral reconstruction","Lopez-Martinez et al. (2023) | PROTEUS",NA
"1805","Cercidiphyllum japonicum","ovary position","0",NA,"ancestral reconstruction","Lopez-Martinez et al. (2023) | PROTEUS",NA
"1806","Cercidiphyllum japonicum","anther orientation","1",NA,"ancestral reconstruction","Lopez-Martinez et al. (2023) | PROTEUS",NA
"1807","Cercidiphyllum japonicum","anther attachment","0",NA,"ancestral reconstruction","Lopez-Martinez et al. (2023) | PROTEUS",NA
"1808","Cercidiphyllum japonicum","anther dehiscence","0",NA,"ancestral reconstruction","Lopez-Martinez et al. (2023) | PROTEUS",NA
"1809","Cercidiphyllum japonicum","fusion of ovaries","0",NA,"ancestral reconstruction","Lopez-Martinez et al. (2023) | PROTEUS",NA
"1810","Cercidiphyllum magnificum","no ovules","2",NA,"ancestral reconstruction","Lopez-Martinez et al. (2023) | PROTEUS",NA
"1811","Cercidiphyllum magnificum","sex of flowers","1",NA,"ancestral reconstruction","Lopez-Martinez et al. (2023) | PROTEUS",NA
"1812","Cercidiphyllum magnificum","anther orientation","1",NA,"ancestral reconstruction","Lopez-Martinez et al. (2023) | PROTEUS",NA
"1813","Cercidiphyllum magnificum","anther attachment","0",NA,"ancestral reconstruction","Lopez-Martinez et al. (2023) | PROTEUS",NA
"1814","Cercidiphyllum magnificum","anther dehiscence","0",NA,"ancestral reconstruction","Lopez-Martinez et al. (2023) | PROTEUS",NA
"1815","Cercidiphyllum magnificum","fusion of ovaries","0",NA,"ancestral reconstruction","Lopez-Martinez et al. (2023) | PROTEUS",NA
"1816","Cercis canadensis","no ovules","2",NA,"ancestral reconstruction","Lopez-Martinez et al. (2023) | PROTEUS",NA
"1817","Cercis canadensis","sex of flowers","0",NA,"ancestral reconstruction","Lopez-Martinez et al. (2023) | PROTEUS",NA
"1818","Cercis canadensis","ovary position","0",NA,"ancestral reconstruction","Lopez-Martinez et al. (2023) | PROTEUS",NA
"1819","Cercis canadensis","anther orientation","0",NA,"ancestral reconstruction","Lopez-Martinez et al. (2023) | PROTEUS",NA
"1820","Cercis canadensis","anther attachment","1",NA,"ancestral reconstruction","Lopez-Martinez et al. (2023) | PROTEUS",NA
"1821","Cercocarpus montanus","no ovules","0",NA,"ancestral reconstruction","Lopez-Martinez et al. (2023) | PROTEUS",NA
"1822","Cercocarpus montanus","sex of flowers","0",NA,"ancestral reconstruction","Lopez-Martinez et al. (2023) | PROTEUS",NA
"1823","Cercocarpus montanus","anther attachment","1",NA,"ancestral reconstruction","Lopez-Martinez et al. (2023) | PROTEUS",NA
"1824","Cercocarpus montanus","anther dehiscence","0",NA,"ancestral reconstruction","Lopez-Martinez et al. (2023) | PROTEUS",NA
"1825","Ceroxylon quindiuense","no ovules","2",NA,"ancestral reconstruction","Lopez-Martinez et al. (2023) | PROTEUS",NA
"1826","Ceroxylon quindiuense","sex of flowers","0",NA,"ancestral reconstruction","Lopez-Martinez et al. (2023) | PROTEUS",NA
"1827","Ceroxylon quindiuense","anther attachment","1",NA,"ancestral reconstruction","Lopez-Martinez et al. (2023) | PROTEUS",NA
"1828","Ceroxylon quindiuense","fusion of ovaries","1",NA,"ancestral reconstruction","Lopez-Martinez et al. (2023) | PROTEUS",NA
"1829","Cestrum nocturnum","sex of flowers","0",NA,"ancestral reconstruction","Lopez-Martinez et al. (2023) | PROTEUS",NA
"1830","Cestrum nocturnum","anther orientation","0",NA,"ancestral reconstruction","Lopez-Martinez et al. (2023) | PROTEUS",NA
"1831","Cestrum nocturnum","anther attachment","1",NA,"ancestral reconstruction","Lopez-Martinez et al. (2023) | PROTEUS",NA
"1832","Cestrum nocturnum","anther dehiscence","0",NA,"ancestral reconstruction","Lopez-Martinez et al. (2023) | PROTEUS",NA
"1833","Cestrum nocturnum","fusion of ovaries","1",NA,"ancestral reconstruction","Lopez-Martinez et al. (2023) | PROTEUS",NA
"1834","Cheilosa montana","no ovules","0",NA,"ancestral reconstruction","Lopez-Martinez et al. (2023) | PROTEUS",NA
"1835","Cheilosa montana","sex of flowers","1",NA,"ancestral reconstruction","Lopez-Martinez et al. (2023) | PROTEUS",NA
"1836","Cheilosa montana","ovary position","0",NA,"ancestral reconstruction","Lopez-Martinez et al. (2023) | PROTEUS",NA
"1837","Cheilosa montana","anther orientation","1",NA,"ancestral reconstruction","Lopez-Martinez et al. (2023) | PROTEUS",NA
"1838","Cheilosa montana","anther attachment","0",NA,"ancestral reconstruction","Lopez-Martinez et al. (2023) | PROTEUS",NA
"1839","Cheilosa montana","anther dehiscence","0",NA,"ancestral reconstruction","Lopez-Martinez et al. (2023) | PROTEUS",NA
"1840","Cheilosa montana","fusion of ovaries","1",NA,"ancestral reconstruction","Lopez-Martinez et al. (2023) | PROTEUS",NA
"1841","Chelonanthus purpurascens","sex of flowers","0",NA,"ancestral reconstruction","Lopez-Martinez et al. (2023) | PROTEUS",NA
"1842","Chelonanthus purpurascens","ovary position","0",NA,"ancestral reconstruction","Lopez-Martinez et al. (2023) | PROTEUS",NA
"1843","Chelonanthus purpurascens","anther attachment","0",NA,"ancestral reconstruction","Lopez-Martinez et al. (2023) | PROTEUS",NA
"1844","Chenopodium desertorum","sex of flowers","0",NA,"ancestral reconstruction","Lopez-Martinez et al. (2023) | PROTEUS",NA
"1845","Chenopodium desertorum","ovary position","0",NA,"ancestral reconstruction","Lopez-Martinez et al. (2023) | PROTEUS",NA
"1846","Chenopodium desertorum","anther orientation","1",NA,"ancestral reconstruction","Lopez-Martinez et al. (2023) | PROTEUS",NA
"1847","Chenopodium desertorum","anther dehiscence","0",NA,"ancestral reconstruction","Lopez-Martinez et al. (2023) | PROTEUS",NA
"1848","Chenopodium desertorum","fusion of ovaries","1",NA,"ancestral reconstruction","Lopez-Martinez et al. (2023) | PROTEUS",NA
"1849","Chimaphila umbellata","no ovules","2",NA,"ancestral reconstruction","Lopez-Martinez et al. (2023) | PROTEUS",NA
"1850","Chimaphila umbellata","sex of flowers","0",NA,"ancestral reconstruction","Lopez-Martinez et al. (2023) | PROTEUS",NA
"1851","Chimaphila umbellata","ovary position","0",NA,"ancestral reconstruction","Lopez-Martinez et al. (2023) | PROTEUS",NA
"1852","Chimaphila umbellata","anther dehiscence","0",NA,"ancestral reconstruction","Lopez-Martinez et al. (2023) | PROTEUS",NA
"1853","Chimaphila umbellata","fusion of ovaries","1",NA,"ancestral reconstruction","Lopez-Martinez et al. (2023) | PROTEUS",NA
"1854","Chimonanthus praecox","no ovules","1",NA,"ancestral reconstruction","Lopez-Martinez et al. (2023) | PROTEUS",NA
"1855","Chimonanthus praecox","sex of flowers","0",NA,"ancestral reconstruction","Lopez-Martinez et al. (2023) | PROTEUS",NA
"1856","Chimonanthus praecox","ovary position","0",NA,"ancestral reconstruction","Lopez-Martinez et al. (2023) | PROTEUS",NA
"1857","Chimonanthus praecox","anther orientation","2",NA,"ancestral reconstruction","Lopez-Martinez et al. (2023) | PROTEUS",NA
"1858","Chimonanthus praecox","anther attachment","0",NA,"ancestral reconstruction","Lopez-Martinez et al. (2023) | PROTEUS",NA
"1859","Chimonanthus praecox","anther dehiscence","0",NA,"ancestral reconstruction","Lopez-Martinez et al. (2023) | PROTEUS",NA
"1860","Chimonanthus praecox","fusion of ovaries","0",NA,"ancestral reconstruction","Lopez-Martinez et al. (2023) | PROTEUS",NA
"1861","Chionochloa flavescens","sex of flowers","0",NA,"ancestral reconstruction","Lopez-Martinez et al. (2023) | PROTEUS",NA
"1862","Chloanthes parviflora","no ovules","1",NA,"ancestral reconstruction","Lopez-Martinez et al. (2023) | PROTEUS",NA
"1863","Chloanthes parviflora","sex of flowers","0",NA,"ancestral reconstruction","Lopez-Martinez et al. (2023) | PROTEUS",NA
"1864","Chloanthes parviflora","ovary position","0",NA,"ancestral reconstruction","Lopez-Martinez et al. (2023) | PROTEUS",NA
"1865","Chloanthes parviflora","anther attachment","1",NA,"ancestral reconstruction","Lopez-Martinez et al. (2023) | PROTEUS",NA
"1866","Chloanthes parviflora","anther dehiscence","0",NA,"ancestral reconstruction","Lopez-Martinez et al. (2023) | PROTEUS",NA
"1867","Chloanthes parviflora","fusion of ovaries","1",NA,"ancestral reconstruction","Lopez-Martinez et al. (2023) | PROTEUS",NA
"1868","Chloris virgata","sex of flowers","0&1",NA,"ancestral reconstruction","Lopez-Martinez et al. (2023) | PROTEUS",NA
"1869","Chloris virgata","ovary position","0",NA,"ancestral reconstruction","Lopez-Martinez et al. (2023) | PROTEUS",NA
"1870","Chloris virgata","anther attachment","0",NA,"ancestral reconstruction","Lopez-Martinez et al. (2023) | PROTEUS",NA
"1871","Chlorocardium venenosum","sex of flowers","0",NA,"ancestral reconstruction","Lopez-Martinez et al. (2023) | PROTEUS",NA
"1872","Chlorocardium venenosum","anther orientation","0&2",NA,"ancestral reconstruction","Lopez-Martinez et al. (2023) | PROTEUS",NA
"1873","Chlorocardium venenosum","anther attachment","0",NA,"ancestral reconstruction","Lopez-Martinez et al. (2023) | PROTEUS",NA
"1874","Chlorocardium venenosum","anther dehiscence","2",NA,"ancestral reconstruction","Lopez-Martinez et al. (2023) | PROTEUS",NA
"1875","Chorispora tenella","no ovules","2",NA,"ancestral reconstruction","Lopez-Martinez et al. (2023) | PROTEUS",NA
"1876","Chorispora tenella","sex of flowers","0",NA,"ancestral reconstruction","Lopez-Martinez et al. (2023) | PROTEUS",NA
"1877","Chorispora tenella","ovary position","0",NA,"ancestral reconstruction","Lopez-Martinez et al. (2023) | PROTEUS",NA
"1878","Chorispora tenella","anther orientation","0",NA,"ancestral reconstruction","Lopez-Martinez et al. (2023) | PROTEUS",NA
"1879","Chorispora tenella","anther dehiscence","0",NA,"ancestral reconstruction","Lopez-Martinez et al. (2023) | PROTEUS",NA
"1880","Chorispora tenella","fusion of ovaries","1",NA,"ancestral reconstruction","Lopez-Martinez et al. (2023) | PROTEUS",NA
"1881","Choristylis rhamnoides","sex of flowers","0",NA,"ancestral reconstruction","Lopez-Martinez et al. (2023) | PROTEUS",NA
"1882","Choristylis rhamnoides","ovary position","0",NA,"ancestral reconstruction","Lopez-Martinez et al. (2023) | PROTEUS",NA
"1883","Choristylis rhamnoides","fusion of ovaries","1",NA,"ancestral reconstruction","Lopez-Martinez et al. (2023) | PROTEUS",NA
"1884","Chrysobalanus icaco","no ovules","1",NA,"ancestral reconstruction","Lopez-Martinez et al. (2023) | PROTEUS",NA
"1885","Chrysobalanus icaco","sex of flowers","0",NA,"ancestral reconstruction","Lopez-Martinez et al. (2023) | PROTEUS",NA
"1886","Chrysobalanus icaco","ovary position","0",NA,"ancestral reconstruction","Lopez-Martinez et al. (2023) | PROTEUS",NA
"1887","Chrysobalanus icaco","anther orientation","0",NA,"ancestral reconstruction","Lopez-Martinez et al. (2023) | PROTEUS",NA
"1888","Chrysobalanus icaco","anther attachment","1",NA,"ancestral reconstruction","Lopez-Martinez et al. (2023) | PROTEUS",NA
"1889","Chrysobalanus icaco","anther dehiscence","0",NA,"ancestral reconstruction","Lopez-Martinez et al. (2023) | PROTEUS",NA
"1890","Chrysobalanus icaco","fusion of ovaries","1",NA,"ancestral reconstruction","Lopez-Martinez et al. (2023) | PROTEUS",NA
"1891","Chuquiraga aurea","sex of flowers","0",NA,"ancestral reconstruction","Lopez-Martinez et al. (2023) | PROTEUS",NA
"1892","Cinchona pubescens","sex of flowers","0",NA,"ancestral reconstruction","Lopez-Martinez et al. (2023) | PROTEUS",NA
"1893","Cinchona pubescens","ovary position","1",NA,"ancestral reconstruction","Lopez-Martinez et al. (2023) | PROTEUS",NA
"1894","Cinnamodendron ekmanii","sex of flowers","0",NA,"ancestral reconstruction","Lopez-Martinez et al. (2023) | PROTEUS",NA
"1895","Cinnamodendron ekmanii","ovary position","0",NA,"ancestral reconstruction","Lopez-Martinez et al. (2023) | PROTEUS",NA
"1896","Cinnamodendron ekmanii","fusion of ovaries","1",NA,"ancestral reconstruction","Lopez-Martinez et al. (2023) | PROTEUS",NA
"1897","Cinnamomum camphora","no ovules","0",NA,"ancestral reconstruction","Lopez-Martinez et al. (2023) | PROTEUS",NA
"1898","Cinnamomum camphora","sex of flowers","0",NA,"ancestral reconstruction","Lopez-Martinez et al. (2023) | PROTEUS",NA
"1899","Cinnamomum camphora","ovary position","0",NA,"ancestral reconstruction","Lopez-Martinez et al. (2023) | PROTEUS",NA
"1900","Cinnamomum camphora","anther orientation","0&2",NA,"ancestral reconstruction","Lopez-Martinez et al. (2023) | PROTEUS",NA
"1901","Cinnamomum camphora","anther attachment","0",NA,"ancestral reconstruction","Lopez-Martinez et al. (2023) | PROTEUS",NA
"1902","Cinnamomum camphora","anther dehiscence","2",NA,"ancestral reconstruction","Lopez-Martinez et al. (2023) | PROTEUS",NA
"1903","Circaeaster agrestis","no ovules","0",NA,"ancestral reconstruction","Lopez-Martinez et al. (2023) | PROTEUS",NA
"1904","Circaeaster agrestis","sex of flowers","0",NA,"ancestral reconstruction","Lopez-Martinez et al. (2023) | PROTEUS",NA
"1905","Circaeaster agrestis","ovary position","0",NA,"ancestral reconstruction","Lopez-Martinez et al. (2023) | PROTEUS",NA
"1906","Circaeaster agrestis","anther attachment","0",NA,"ancestral reconstruction","Lopez-Martinez et al. (2023) | PROTEUS",NA
"1907","Circaeaster agrestis","anther dehiscence","0",NA,"ancestral reconstruction","Lopez-Martinez et al. (2023) | PROTEUS",NA
"1908","Cissampelos pareira","no ovules","1",NA,"ancestral reconstruction","Lopez-Martinez et al. (2023) | PROTEUS",NA
"1909","Cissampelos pareira","sex of flowers","1",NA,"ancestral reconstruction","Lopez-Martinez et al. (2023) | PROTEUS",NA
"1910","Cissampelos pareira","ovary position","0",NA,"ancestral reconstruction","Lopez-Martinez et al. (2023) | PROTEUS",NA
"1911","Cissampelos pareira","anther orientation","2",NA,"ancestral reconstruction","Lopez-Martinez et al. (2023) | PROTEUS",NA
"1912","Citronella suaveolens","no ovules","0&1",NA,"ancestral reconstruction","Lopez-Martinez et al. (2023) | PROTEUS",NA
"1913","Citronella suaveolens","sex of flowers","0",NA,"ancestral reconstruction","Lopez-Martinez et al. (2023) | PROTEUS",NA
"1914","Citronella suaveolens","ovary position","0",NA,"ancestral reconstruction","Lopez-Martinez et al. (2023) | PROTEUS",NA
"1915","Citronella suaveolens","anther orientation","0",NA,"ancestral reconstruction","Lopez-Martinez et al. (2023) | PROTEUS",NA
"1916","Citronella suaveolens","anther attachment","0",NA,"ancestral reconstruction","Lopez-Martinez et al. (2023) | PROTEUS",NA
"1917","Citronella suaveolens","anther dehiscence","0",NA,"ancestral reconstruction","Lopez-Martinez et al. (2023) | PROTEUS",NA
"1918","Citronella suaveolens","fusion of ovaries","1",NA,"ancestral reconstruction","Lopez-Martinez et al. (2023) | PROTEUS",NA
"1919","Citrus x aurantium","no ovules","1&2",NA,"ancestral reconstruction","Lopez-Martinez et al. (2023) | PROTEUS",NA
"1920","Citrus x aurantium","sex of flowers","0&1",NA,"ancestral reconstruction","Lopez-Martinez et al. (2023) | PROTEUS",NA
"1921","Citrus x aurantium","ovary position","0",NA,"ancestral reconstruction","Lopez-Martinez et al. (2023) | PROTEUS",NA
"1922","Citrus x aurantium","anther orientation","0&1",NA,"ancestral reconstruction","Lopez-Martinez et al. (2023) | PROTEUS",NA
"1923","Citrus x aurantium","anther attachment","1",NA,"ancestral reconstruction","Lopez-Martinez et al. (2023) | PROTEUS",NA
"1924","Citrus x aurantium","anther dehiscence","0",NA,"ancestral reconstruction","Lopez-Martinez et al. (2023) | PROTEUS",NA
"1925","Citrus x aurantium","fusion of ovaries","1",NA,"ancestral reconstruction","Lopez-Martinez et al. (2023) | PROTEUS",NA
"1926","Clarkia xantiana","no ovules","0&1&2",NA,"ancestral reconstruction","Lopez-Martinez et al. (2023) | PROTEUS",NA
"1927","Clarkia xantiana","sex of flowers","0",NA,"ancestral reconstruction","Lopez-Martinez et al. (2023) | PROTEUS",NA
"1928","Clarkia xantiana","ovary position","1",NA,"ancestral reconstruction","Lopez-Martinez et al. (2023) | PROTEUS",NA
"1929","Clarkia xantiana","anther orientation","0",NA,"ancestral reconstruction","Lopez-Martinez et al. (2023) | PROTEUS",NA
"1930","Clarkia xantiana","anther dehiscence","0",NA,"ancestral reconstruction","Lopez-Martinez et al. (2023) | PROTEUS",NA
"1931","Clarkia xantiana","fusion of ovaries","1",NA,"ancestral reconstruction","Lopez-Martinez et al. (2023) | PROTEUS",NA
"1932","Clavija eggersiana","no ovules","1&2",NA,"ancestral reconstruction","Lopez-Martinez et al. (2023) | PROTEUS",NA
"1933","Clavija eggersiana","sex of flowers","0",NA,"ancestral reconstruction","Lopez-Martinez et al. (2023) | PROTEUS",NA
"1934","Clavija eggersiana","ovary position","0",NA,"ancestral reconstruction","Lopez-Martinez et al. (2023) | PROTEUS",NA
"1935","Clavija eggersiana","anther orientation","2",NA,"ancestral reconstruction","Lopez-Martinez et al. (2023) | PROTEUS",NA
"1936","Clavija eggersiana","anther attachment","0",NA,"ancestral reconstruction","Lopez-Martinez et al. (2023) | PROTEUS",NA
"1937","Clavija eggersiana","anther dehiscence","0",NA,"ancestral reconstruction","Lopez-Martinez et al. (2023) | PROTEUS",NA
"1938","Clavija eggersiana","fusion of ovaries","1",NA,"ancestral reconstruction","Lopez-Martinez et al. (2023) | PROTEUS",NA
"1939","Claytonia virginica","no ovules","1",NA,"ancestral reconstruction","Lopez-Martinez et al. (2023) | PROTEUS",NA
"1940","Claytonia virginica","sex of flowers","0",NA,"ancestral reconstruction","Lopez-Martinez et al. (2023) | PROTEUS",NA
"1941","Claytonia virginica","ovary position","0",NA,"ancestral reconstruction","Lopez-Martinez et al. (2023) | PROTEUS",NA
"1942","Claytonia virginica","anther orientation","2",NA,"ancestral reconstruction","Lopez-Martinez et al. (2023) | PROTEUS",NA
"1943","Claytonia virginica","anther attachment","1",NA,"ancestral reconstruction","Lopez-Martinez et al. (2023) | PROTEUS",NA
"1944","Claytonia virginica","fusion of ovaries","1",NA,"ancestral reconstruction","Lopez-Martinez et al. (2023) | PROTEUS",NA
"1945","Cleome rosea","sex of flowers","0",NA,"ancestral reconstruction","Lopez-Martinez et al. (2023) | PROTEUS",NA
"1946","Cleome rosea","ovary position","0",NA,"ancestral reconstruction","Lopez-Martinez et al. (2023) | PROTEUS",NA
"1947","Cleomella longipes","sex of flowers","0",NA,"ancestral reconstruction","Lopez-Martinez et al. (2023) | PROTEUS",NA
"1948","Cleomella longipes","ovary position","0",NA,"ancestral reconstruction","Lopez-Martinez et al. (2023) | PROTEUS",NA
"1949","Cleomella longipes","anther dehiscence","0",NA,"ancestral reconstruction","Lopez-Martinez et al. (2023) | PROTEUS",NA
"1950","Clethra alnifolia","no ovules","2",NA,"ancestral reconstruction","Lopez-Martinez et al. (2023) | PROTEUS",NA
"1951","Clethra alnifolia","sex of flowers","0",NA,"ancestral reconstruction","Lopez-Martinez et al. (2023) | PROTEUS",NA
"1952","Clethra alnifolia","ovary position","0",NA,"ancestral reconstruction","Lopez-Martinez et al. (2023) | PROTEUS",NA
"1953","Clethra alnifolia","anther orientation","0",NA,"ancestral reconstruction","Lopez-Martinez et al. (2023) | PROTEUS",NA
"1954","Clethra alnifolia","anther dehiscence","0",NA,"ancestral reconstruction","Lopez-Martinez et al. (2023) | PROTEUS",NA
"1955","Clethra alnifolia","fusion of ovaries","1",NA,"ancestral reconstruction","Lopez-Martinez et al. (2023) | PROTEUS",NA
"1956","Clidemia petiolaris","sex of flowers","0",NA,"ancestral reconstruction","Lopez-Martinez et al. (2023) | PROTEUS",NA
"1957","Clidemia petiolaris","ovary position","1",NA,"ancestral reconstruction","Lopez-Martinez et al. (2023) | PROTEUS",NA
"1958","Clidemia petiolaris","anther attachment","0",NA,"ancestral reconstruction","Lopez-Martinez et al. (2023) | PROTEUS",NA
"1959","Clidemia petiolaris","anther dehiscence","0",NA,"ancestral reconstruction","Lopez-Martinez et al. (2023) | PROTEUS",NA
"1960","Clidemia petiolaris","fusion of ovaries","1",NA,"ancestral reconstruction","Lopez-Martinez et al. (2023) | PROTEUS",NA
"1961","Cliftonia monophylla","no ovules","0",NA,"ancestral reconstruction","Lopez-Martinez et al. (2023) | PROTEUS",NA
"1962","Cliftonia monophylla","sex of flowers","0",NA,"ancestral reconstruction","Lopez-Martinez et al. (2023) | PROTEUS",NA
"1963","Cliftonia monophylla","ovary position","0",NA,"ancestral reconstruction","Lopez-Martinez et al. (2023) | PROTEUS",NA
"1964","Cliftonia monophylla","anther orientation","0",NA,"ancestral reconstruction","Lopez-Martinez et al. (2023) | PROTEUS",NA
"1965","Cliftonia monophylla","anther dehiscence","0",NA,"ancestral reconstruction","Lopez-Martinez et al. (2023) | PROTEUS",NA
"1966","Cliftonia monophylla","fusion of ovaries","1",NA,"ancestral reconstruction","Lopez-Martinez et al. (2023) | PROTEUS",NA
"1967","Clusia gundlachii","no ovules","2",NA,"ancestral reconstruction","Lopez-Martinez et al. (2023) | PROTEUS",NA
"1968","Clusia gundlachii","sex of flowers","0",NA,"ancestral reconstruction","Lopez-Martinez et al. (2023) | PROTEUS",NA
"1969","Clusia gundlachii","fusion of ovaries","1",NA,"ancestral reconstruction","Lopez-Martinez et al. (2023) | PROTEUS",NA
"1970","Clutia pulchella","no ovules","0",NA,"ancestral reconstruction","Lopez-Martinez et al. (2023) | PROTEUS",NA
"1971","Clutia pulchella","sex of flowers","0&1",NA,"ancestral reconstruction","Lopez-Martinez et al. (2023) | PROTEUS",NA
"1972","Clutia pulchella","anther orientation","0",NA,"ancestral reconstruction","Lopez-Martinez et al. (2023) | PROTEUS",NA
"1973","Clutia pulchella","anther attachment","1",NA,"ancestral reconstruction","Lopez-Martinez et al. (2023) | PROTEUS",NA
"1974","Clutia pulchella","anther dehiscence","0",NA,"ancestral reconstruction","Lopez-Martinez et al. (2023) | PROTEUS",NA
"1975","Clutia pulchella","fusion of ovaries","1",NA,"ancestral reconstruction","Lopez-Martinez et al. (2023) | PROTEUS",NA
"1976","Cneorum pulverulentum","no ovules","2",NA,"ancestral reconstruction","Lopez-Martinez et al. (2023) | PROTEUS",NA
"1977","Cneorum pulverulentum","sex of flowers","0",NA,"ancestral reconstruction","Lopez-Martinez et al. (2023) | PROTEUS",NA
"1978","Cneorum pulverulentum","ovary position","0",NA,"ancestral reconstruction","Lopez-Martinez et al. (2023) | PROTEUS",NA
"1979","Cneorum pulverulentum","anther orientation","0",NA,"ancestral reconstruction","Lopez-Martinez et al. (2023) | PROTEUS",NA
"1980","Cneorum pulverulentum","anther attachment","1",NA,"ancestral reconstruction","Lopez-Martinez et al. (2023) | PROTEUS",NA
"1981","Cneorum pulverulentum","anther dehiscence","0",NA,"ancestral reconstruction","Lopez-Martinez et al. (2023) | PROTEUS",NA
"1982","Cneorum pulverulentum","fusion of ovaries","1",NA,"ancestral reconstruction","Lopez-Martinez et al. (2023) | PROTEUS",NA
"1983","Cnicothamnus lorentzii","no ovules","0",NA,"ancestral reconstruction","Lopez-Martinez et al. (2023) | PROTEUS",NA
"1984","Cnicothamnus lorentzii","sex of flowers","0",NA,"ancestral reconstruction","Lopez-Martinez et al. (2023) | PROTEUS",NA
"1985","Cnicothamnus lorentzii","ovary position","1",NA,"ancestral reconstruction","Lopez-Martinez et al. (2023) | PROTEUS",NA
"1986","Cnicothamnus lorentzii","fusion of ovaries","1",NA,"ancestral reconstruction","Lopez-Martinez et al. (2023) | PROTEUS",NA
"1987","Cobaea scandens","no ovules","2",NA,"ancestral reconstruction","Lopez-Martinez et al. (2023) | PROTEUS",NA
"1988","Cobaea scandens","sex of flowers","0",NA,"ancestral reconstruction","Lopez-Martinez et al. (2023) | PROTEUS",NA
"1989","Cobaea scandens","ovary position","0",NA,"ancestral reconstruction","Lopez-Martinez et al. (2023) | PROTEUS",NA
"1990","Cobaea scandens","anther orientation","0",NA,"ancestral reconstruction","Lopez-Martinez et al. (2023) | PROTEUS",NA
"1991","Cobaea scandens","anther dehiscence","0",NA,"ancestral reconstruction","Lopez-Martinez et al. (2023) | PROTEUS",NA
"1992","Cobaea scandens","fusion of ovaries","1",NA,"ancestral reconstruction","Lopez-Martinez et al. (2023) | PROTEUS",NA
"1993","Coccoloba uvifera","no ovules","0",NA,"ancestral reconstruction","Lopez-Martinez et al. (2023) | PROTEUS",NA
"1994","Coccoloba uvifera","sex of flowers","1",NA,"ancestral reconstruction","Lopez-Martinez et al. (2023) | PROTEUS",NA
"1995","Coccoloba uvifera","ovary position","0",NA,"ancestral reconstruction","Lopez-Martinez et al. (2023) | PROTEUS",NA
"1996","Coccoloba uvifera","anther dehiscence","0",NA,"ancestral reconstruction","Lopez-Martinez et al. (2023) | PROTEUS",NA
"1997","Cocculus orbiculatus","no ovules","1",NA,"ancestral reconstruction","Lopez-Martinez et al. (2023) | PROTEUS",NA
"1998","Cocculus orbiculatus","sex of flowers","0&1",NA,"ancestral reconstruction","Lopez-Martinez et al. (2023) | PROTEUS",NA
"1999","Cocculus orbiculatus","ovary position","0",NA,"ancestral reconstruction","Lopez-Martinez et al. (2023) | PROTEUS",NA
"2000","Cocculus orbiculatus","anther attachment","0",NA,"ancestral reconstruction","Lopez-Martinez et al. (2023) | PROTEUS",NA
"2001","Cocculus orbiculatus","fusion of ovaries","0",NA,"ancestral reconstruction","Lopez-Martinez et al. (2023) | PROTEUS",NA
"2002","Cochlospermum vitifolium","no ovules","2",NA,"ancestral reconstruction","Lopez-Martinez et al. (2023) | PROTEUS",NA
"2003","Cochlospermum vitifolium","sex of flowers","0",NA,"ancestral reconstruction","Lopez-Martinez et al. (2023) | PROTEUS",NA
"2004","Cochlospermum vitifolium","ovary position","0",NA,"ancestral reconstruction","Lopez-Martinez et al. (2023) | PROTEUS",NA
"2005","Cochlospermum vitifolium","anther attachment","0",NA,"ancestral reconstruction","Lopez-Martinez et al. (2023) | PROTEUS",NA
"2006","Cochlospermum vitifolium","anther dehiscence","0",NA,"ancestral reconstruction","Lopez-Martinez et al. (2023) | PROTEUS",NA
"2007","Cochlospermum vitifolium","fusion of ovaries","1",NA,"ancestral reconstruction","Lopez-Martinez et al. (2023) | PROTEUS",NA
"2008","Codiaeum peltatum","no ovules","0",NA,"ancestral reconstruction","Lopez-Martinez et al. (2023) | PROTEUS",NA
"2009","Codiaeum peltatum","sex of flowers","1",NA,"ancestral reconstruction","Lopez-Martinez et al. (2023) | PROTEUS",NA
"2010","Codiaeum peltatum","ovary position","0",NA,"ancestral reconstruction","Lopez-Martinez et al. (2023) | PROTEUS",NA
"2011","Codiaeum peltatum","fusion of ovaries","1",NA,"ancestral reconstruction","Lopez-Martinez et al. (2023) | PROTEUS",NA
"2012","Codon royenii","sex of flowers","0",NA,"ancestral reconstruction","Lopez-Martinez et al. (2023) | PROTEUS",NA
"2013","Codon royenii","ovary position","0",NA,"ancestral reconstruction","Lopez-Martinez et al. (2023) | PROTEUS",NA
"2014","Codon royenii","anther orientation","0",NA,"ancestral reconstruction","Lopez-Martinez et al. (2023) | PROTEUS",NA
"2015","Codon royenii","anther attachment","1",NA,"ancestral reconstruction","Lopez-Martinez et al. (2023) | PROTEUS",NA
"2016","Codon royenii","anther dehiscence","0",NA,"ancestral reconstruction","Lopez-Martinez et al. (2023) | PROTEUS",NA
"2017","Codon royenii","fusion of ovaries","1",NA,"ancestral reconstruction","Lopez-Martinez et al. (2023) | PROTEUS",NA
"2018","Codon schenckii","sex of flowers","0",NA,"ancestral reconstruction","Lopez-Martinez et al. (2023) | PROTEUS",NA
"2019","Codon schenckii","ovary position","0",NA,"ancestral reconstruction","Lopez-Martinez et al. (2023) | PROTEUS",NA
"2020","Codon schenckii","anther orientation","0",NA,"ancestral reconstruction","Lopez-Martinez et al. (2023) | PROTEUS",NA
"2021","Codon schenckii","anther attachment","1",NA,"ancestral reconstruction","Lopez-Martinez et al. (2023) | PROTEUS",NA
"2022","Codon schenckii","anther dehiscence","0",NA,"ancestral reconstruction","Lopez-Martinez et al. (2023) | PROTEUS",NA
"2023","Codon schenckii","fusion of ovaries","1",NA,"ancestral reconstruction","Lopez-Martinez et al. (2023) | PROTEUS",NA
"2024","Codonopsis pilosula","no ovules","1",NA,"ancestral reconstruction","Lopez-Martinez et al. (2023) | PROTEUS",NA
"2025","Codonopsis pilosula","sex of flowers","0",NA,"ancestral reconstruction","Lopez-Martinez et al. (2023) | PROTEUS",NA
"2026","Codonopsis pilosula","ovary position","1",NA,"ancestral reconstruction","Lopez-Martinez et al. (2023) | PROTEUS",NA
"2027","Codonopsis pilosula","anther orientation","0",NA,"ancestral reconstruction","Lopez-Martinez et al. (2023) | PROTEUS",NA
"2028","Codonopsis pilosula","anther attachment","0",NA,"ancestral reconstruction","Lopez-Martinez et al. (2023) | PROTEUS",NA
"2029","Codonopsis pilosula","anther dehiscence","0",NA,"ancestral reconstruction","Lopez-Martinez et al. (2023) | PROTEUS",NA
"2030","Codonopsis pilosula","fusion of ovaries","1",NA,"ancestral reconstruction","Lopez-Martinez et al. (2023) | PROTEUS",NA
"2031","Coffea arabica","sex of flowers","0",NA,"ancestral reconstruction","Lopez-Martinez et al. (2023) | PROTEUS",NA
"2032","Coffea arabica","ovary position","1",NA,"ancestral reconstruction","Lopez-Martinez et al. (2023) | PROTEUS",NA
"2033","Colchicum speciosum","sex of flowers","0",NA,"ancestral reconstruction","Lopez-Martinez et al. (2023) | PROTEUS",NA
"2034","Colchicum speciosum","ovary position","0",NA,"ancestral reconstruction","Lopez-Martinez et al. (2023) | PROTEUS",NA
"2035","Colchicum speciosum","anther attachment","1",NA,"ancestral reconstruction","Lopez-Martinez et al. (2023) | PROTEUS",NA
"2036","Colchicum speciosum","fusion of ovaries","1",NA,"ancestral reconstruction","Lopez-Martinez et al. (2023) | PROTEUS",NA
"2037","Coldenia procumbens","no ovules","1",NA,"ancestral reconstruction","Lopez-Martinez et al. (2023) | PROTEUS",NA
"2038","Coldenia procumbens","sex of flowers","0",NA,"ancestral reconstruction","Lopez-Martinez et al. (2023) | PROTEUS",NA
"2039","Coldenia procumbens","ovary position","0",NA,"ancestral reconstruction","Lopez-Martinez et al. (2023) | PROTEUS",NA
"2040","Coldenia procumbens","anther orientation","0",NA,"ancestral reconstruction","Lopez-Martinez et al. (2023) | PROTEUS",NA
"2041","Coldenia procumbens","anther dehiscence","0",NA,"ancestral reconstruction","Lopez-Martinez et al. (2023) | PROTEUS",NA
"2042","Colebrookea oppositifolia","no ovules","1",NA,"ancestral reconstruction","Lopez-Martinez et al. (2023) | PROTEUS",NA
"2043","Colebrookea oppositifolia","sex of flowers","0",NA,"ancestral reconstruction","Lopez-Martinez et al. (2023) | PROTEUS",NA
"2044","Colebrookea oppositifolia","ovary position","0",NA,"ancestral reconstruction","Lopez-Martinez et al. (2023) | PROTEUS",NA
"2045","Colebrookea oppositifolia","anther attachment","1",NA,"ancestral reconstruction","Lopez-Martinez et al. (2023) | PROTEUS",NA
"2046","Colebrookea oppositifolia","fusion of ovaries","1",NA,"ancestral reconstruction","Lopez-Martinez et al. (2023) | PROTEUS",NA
"2047","Coleochloa setifera","no ovules","0",NA,"ancestral reconstruction","Lopez-Martinez et al. (2023) | PROTEUS",NA
"2048","Coleochloa setifera","sex of flowers","1",NA,"ancestral reconstruction","Lopez-Martinez et al. (2023) | PROTEUS",NA
"2049","Coleochloa setifera","ovary position","0",NA,"ancestral reconstruction","Lopez-Martinez et al. (2023) | PROTEUS",NA
"2050","Coleochloa setifera","fusion of ovaries","1",NA,"ancestral reconstruction","Lopez-Martinez et al. (2023) | PROTEUS",NA
"2051","Columellia oblonga","no ovules","2",NA,"ancestral reconstruction","Lopez-Martinez et al. (2023) | PROTEUS",NA
"2052","Columellia oblonga","sex of flowers","0",NA,"ancestral reconstruction","Lopez-Martinez et al. (2023) | PROTEUS",NA
"2053","Columellia oblonga","ovary position","1",NA,"ancestral reconstruction","Lopez-Martinez et al. (2023) | PROTEUS",NA
"2054","Columellia oblonga","anther orientation","0&1&2",NA,"ancestral reconstruction","Lopez-Martinez et al. (2023) | PROTEUS",NA
"2055","Columellia oblonga","anther attachment","0",NA,"ancestral reconstruction","Lopez-Martinez et al. (2023) | PROTEUS",NA
"2056","Columellia oblonga","anther dehiscence","0",NA,"ancestral reconstruction","Lopez-Martinez et al. (2023) | PROTEUS",NA
"2057","Columellia oblonga","fusion of ovaries","1",NA,"ancestral reconstruction","Lopez-Martinez et al. (2023) | PROTEUS",NA
"2058","Comandra umbellata","no ovules","1&2",NA,"ancestral reconstruction","Lopez-Martinez et al. (2023) | PROTEUS",NA
"2059","Comandra umbellata","sex of flowers","0",NA,"ancestral reconstruction","Lopez-Martinez et al. (2023) | PROTEUS",NA
"2060","Comandra umbellata","ovary position","1",NA,"ancestral reconstruction","Lopez-Martinez et al. (2023) | PROTEUS",NA
"2061","Comandra umbellata","anther orientation","0",NA,"ancestral reconstruction","Lopez-Martinez et al. (2023) | PROTEUS",NA
"2062","Comandra umbellata","anther attachment","1",NA,"ancestral reconstruction","Lopez-Martinez et al. (2023) | PROTEUS",NA
"2063","Comandra umbellata","anther dehiscence","0",NA,"ancestral reconstruction","Lopez-Martinez et al. (2023) | PROTEUS",NA
"2064","Combera paradoxa","no ovules","2",NA,"ancestral reconstruction","Lopez-Martinez et al. (2023) | PROTEUS",NA
"2065","Combera paradoxa","sex of flowers","0",NA,"ancestral reconstruction","Lopez-Martinez et al. (2023) | PROTEUS",NA
"2066","Combera paradoxa","ovary position","0",NA,"ancestral reconstruction","Lopez-Martinez et al. (2023) | PROTEUS",NA
"2067","Combera paradoxa","anther orientation","2",NA,"ancestral reconstruction","Lopez-Martinez et al. (2023) | PROTEUS",NA
"2068","Combera paradoxa","anther attachment","1",NA,"ancestral reconstruction","Lopez-Martinez et al. (2023) | PROTEUS",NA
"2069","Combera paradoxa","anther dehiscence","0",NA,"ancestral reconstruction","Lopez-Martinez et al. (2023) | PROTEUS",NA
"2070","Combretocarpus rotundatus","no ovules","1",NA,"ancestral reconstruction","Lopez-Martinez et al. (2023) | PROTEUS",NA
"2071","Combretocarpus rotundatus","sex of flowers","0",NA,"ancestral reconstruction","Lopez-Martinez et al. (2023) | PROTEUS",NA
"2072","Combretocarpus rotundatus","ovary position","1",NA,"ancestral reconstruction","Lopez-Martinez et al. (2023) | PROTEUS",NA
"2073","Combretocarpus rotundatus","anther orientation","0",NA,"ancestral reconstruction","Lopez-Martinez et al. (2023) | PROTEUS",NA
"2074","Combretocarpus rotundatus","anther dehiscence","0",NA,"ancestral reconstruction","Lopez-Martinez et al. (2023) | PROTEUS",NA
"2075","Congea tomentosa","no ovules","1",NA,"ancestral reconstruction","Lopez-Martinez et al. (2023) | PROTEUS",NA
"2076","Congea tomentosa","sex of flowers","0",NA,"ancestral reconstruction","Lopez-Martinez et al. (2023) | PROTEUS",NA
"2077","Congea tomentosa","ovary position","0",NA,"ancestral reconstruction","Lopez-Martinez et al. (2023) | PROTEUS",NA
"2078","Congea tomentosa","anther attachment","1",NA,"ancestral reconstruction","Lopez-Martinez et al. (2023) | PROTEUS",NA
"2079","Congea tomentosa","fusion of ovaries","1",NA,"ancestral reconstruction","Lopez-Martinez et al. (2023) | PROTEUS",NA
"2080","Connarus championii","no ovules","1",NA,"ancestral reconstruction","Lopez-Martinez et al. (2023) | PROTEUS",NA
"2081","Connarus championii","sex of flowers","0",NA,"ancestral reconstruction","Lopez-Martinez et al. (2023) | PROTEUS",NA
"2082","Connarus championii","ovary position","0",NA,"ancestral reconstruction","Lopez-Martinez et al. (2023) | PROTEUS",NA
"2083","Connarus championii","fusion of ovaries","0",NA,"ancestral reconstruction","Lopez-Martinez et al. (2023) | PROTEUS",NA
"2084","Coptis chinensis","sex of flowers","0",NA,"ancestral reconstruction","Lopez-Martinez et al. (2023) | PROTEUS",NA
"2085","Coptis chinensis","ovary position","0",NA,"ancestral reconstruction","Lopez-Martinez et al. (2023) | PROTEUS",NA
"2086","Coptis chinensis","anther orientation","1",NA,"ancestral reconstruction","Lopez-Martinez et al. (2023) | PROTEUS",NA
"2087","Coptis chinensis","anther attachment","0",NA,"ancestral reconstruction","Lopez-Martinez et al. (2023) | PROTEUS",NA
"2088","Coptis chinensis","fusion of ovaries","0",NA,"ancestral reconstruction","Lopez-Martinez et al. (2023) | PROTEUS",NA
"2089","Coptosapelta diffusa","sex of flowers","0",NA,"ancestral reconstruction","Lopez-Martinez et al. (2023) | PROTEUS",NA
"2090","Coptosapelta diffusa","ovary position","1",NA,"ancestral reconstruction","Lopez-Martinez et al. (2023) | PROTEUS",NA
"2091","Coptosapelta diffusa","anther orientation","0",NA,"ancestral reconstruction","Lopez-Martinez et al. (2023) | PROTEUS",NA
"2092","Coptosapelta diffusa","anther attachment","0",NA,"ancestral reconstruction","Lopez-Martinez et al. (2023) | PROTEUS",NA
"2093","Coptosapelta diffusa","anther dehiscence","0",NA,"ancestral reconstruction","Lopez-Martinez et al. (2023) | PROTEUS",NA
"2094","Coptosapelta diffusa","fusion of ovaries","1",NA,"ancestral reconstruction","Lopez-Martinez et al. (2023) | PROTEUS",NA
"2095","Corbichonia decumbens","sex of flowers","0",NA,"ancestral reconstruction","Lopez-Martinez et al. (2023) | PROTEUS",NA
"2096","Corbichonia decumbens","ovary position","0",NA,"ancestral reconstruction","Lopez-Martinez et al. (2023) | PROTEUS",NA
"2097","Corbichonia decumbens","anther dehiscence","0",NA,"ancestral reconstruction","Lopez-Martinez et al. (2023) | PROTEUS",NA
"2098","Corchorus hirsutus","sex of flowers","0",NA,"ancestral reconstruction","Lopez-Martinez et al. (2023) | PROTEUS",NA
"2099","Corchorus hirsutus","ovary position","0",NA,"ancestral reconstruction","Lopez-Martinez et al. (2023) | PROTEUS",NA
"2100","Corchorus hirsutus","anther attachment","0",NA,"ancestral reconstruction","Lopez-Martinez et al. (2023) | PROTEUS",NA
"2101","Corchorus hirsutus","anther dehiscence","0",NA,"ancestral reconstruction","Lopez-Martinez et al. (2023) | PROTEUS",NA
"2102","Corchorus hirsutus","fusion of ovaries","1",NA,"ancestral reconstruction","Lopez-Martinez et al. (2023) | PROTEUS",NA
"2103","Cordia decandra","sex of flowers","0",NA,"ancestral reconstruction","Lopez-Martinez et al. (2023) | PROTEUS",NA
"2104","Cordia decandra","ovary position","0",NA,"ancestral reconstruction","Lopez-Martinez et al. (2023) | PROTEUS",NA
"2105","Cordia decandra","anther dehiscence","0",NA,"ancestral reconstruction","Lopez-Martinez et al. (2023) | PROTEUS",NA
"2106","Cordia decandra","fusion of ovaries","1",NA,"ancestral reconstruction","Lopez-Martinez et al. (2023) | PROTEUS",NA
"2107","Cordyline australis","sex of flowers","0",NA,"ancestral reconstruction","Lopez-Martinez et al. (2023) | PROTEUS",NA
"2108","Cordyline australis","ovary position","0",NA,"ancestral reconstruction","Lopez-Martinez et al. (2023) | PROTEUS",NA
"2109","Cordyline australis","fusion of ovaries","1",NA,"ancestral reconstruction","Lopez-Martinez et al. (2023) | PROTEUS",NA
"2110","Cordyloblaste pendula","no ovules","1&2",NA,"ancestral reconstruction","Lopez-Martinez et al. (2023) | PROTEUS",NA
"2111","Cordyloblaste pendula","sex of flowers","0",NA,"ancestral reconstruction","Lopez-Martinez et al. (2023) | PROTEUS",NA
"2112","Cordyloblaste pendula","ovary position","1",NA,"ancestral reconstruction","Lopez-Martinez et al. (2023) | PROTEUS",NA
"2113","Cordyloblaste pendula","anther orientation","0",NA,"ancestral reconstruction","Lopez-Martinez et al. (2023) | PROTEUS",NA
"2114","Cordyloblaste pendula","anther attachment","0",NA,"ancestral reconstruction","Lopez-Martinez et al. (2023) | PROTEUS",NA
"2115","Cordyloblaste pendula","anther dehiscence","0",NA,"ancestral reconstruction","Lopez-Martinez et al. (2023) | PROTEUS",NA
"2116","Cordyloblaste pendula","fusion of ovaries","1",NA,"ancestral reconstruction","Lopez-Martinez et al. (2023) | PROTEUS",NA
"2117","Coriaria myrtifolia","no ovules","0",NA,"ancestral reconstruction","Lopez-Martinez et al. (2023) | PROTEUS",NA
"2118","Coriaria myrtifolia","sex of flowers","0&1",NA,"ancestral reconstruction","Lopez-Martinez et al. (2023) | PROTEUS",NA
"2119","Coriaria myrtifolia","ovary position","0",NA,"ancestral reconstruction","Lopez-Martinez et al. (2023) | PROTEUS",NA
"2120","Coriaria myrtifolia","anther orientation","0",NA,"ancestral reconstruction","Lopez-Martinez et al. (2023) | PROTEUS",NA
"2121","Coriaria myrtifolia","anther attachment","1",NA,"ancestral reconstruction","Lopez-Martinez et al. (2023) | PROTEUS",NA
"2122","Coriaria myrtifolia","anther dehiscence","0",NA,"ancestral reconstruction","Lopez-Martinez et al. (2023) | PROTEUS",NA
"2123","Coriaria ruscifolia","no ovules","0",NA,"ancestral reconstruction","Lopez-Martinez et al. (2023) | PROTEUS",NA
"2124","Coriaria ruscifolia","sex of flowers","0",NA,"ancestral reconstruction","Lopez-Martinez et al. (2023) | PROTEUS",NA
"2125","Coriaria ruscifolia","ovary position","0",NA,"ancestral reconstruction","Lopez-Martinez et al. (2023) | PROTEUS",NA
"2126","Coriaria ruscifolia","anther orientation","2",NA,"ancestral reconstruction","Lopez-Martinez et al. (2023) | PROTEUS",NA
"2127","Corispermum filifolium","sex of flowers","0",NA,"ancestral reconstruction","Lopez-Martinez et al. (2023) | PROTEUS",NA
"2128","Corispermum filifolium","anther dehiscence","0",NA,"ancestral reconstruction","Lopez-Martinez et al. (2023) | PROTEUS",NA
"2129","Cornus mas","sex of flowers","0",NA,"ancestral reconstruction","Lopez-Martinez et al. (2023) | PROTEUS",NA
"2130","Cornus mas","ovary position","1",NA,"ancestral reconstruction","Lopez-Martinez et al. (2023) | PROTEUS",NA
"2131","Cornus mas","anther attachment","1",NA,"ancestral reconstruction","Lopez-Martinez et al. (2023) | PROTEUS",NA
"2132","Cornus mas","anther dehiscence","0",NA,"ancestral reconstruction","Lopez-Martinez et al. (2023) | PROTEUS",NA
"2133","Cornus mas","fusion of ovaries","1",NA,"ancestral reconstruction","Lopez-Martinez et al. (2023) | PROTEUS",NA
"2134","Cornutia pyramidata","no ovules","1",NA,"ancestral reconstruction","Lopez-Martinez et al. (2023) | PROTEUS",NA
"2135","Cornutia pyramidata","sex of flowers","0",NA,"ancestral reconstruction","Lopez-Martinez et al. (2023) | PROTEUS",NA
"2136","Cornutia pyramidata","ovary position","0",NA,"ancestral reconstruction","Lopez-Martinez et al. (2023) | PROTEUS",NA
"2137","Cornutia pyramidata","anther attachment","1",NA,"ancestral reconstruction","Lopez-Martinez et al. (2023) | PROTEUS",NA
"2138","Cornutia pyramidata","anther dehiscence","0",NA,"ancestral reconstruction","Lopez-Martinez et al. (2023) | PROTEUS",NA
"2139","Cornutia pyramidata","fusion of ovaries","1",NA,"ancestral reconstruction","Lopez-Martinez et al. (2023) | PROTEUS",NA
"2140","Corokia cotoneaster","no ovules","0&1",NA,"ancestral reconstruction","Lopez-Martinez et al. (2023) | PROTEUS",NA
"2141","Corokia cotoneaster","sex of flowers","0",NA,"ancestral reconstruction","Lopez-Martinez et al. (2023) | PROTEUS",NA
"2142","Corokia cotoneaster","ovary position","1",NA,"ancestral reconstruction","Lopez-Martinez et al. (2023) | PROTEUS",NA
"2143","Corokia cotoneaster","anther orientation","0",NA,"ancestral reconstruction","Lopez-Martinez et al. (2023) | PROTEUS",NA
"2144","Corokia cotoneaster","anther attachment","0",NA,"ancestral reconstruction","Lopez-Martinez et al. (2023) | PROTEUS",NA
"2145","Corrigiola litoralis","sex of flowers","0",NA,"ancestral reconstruction","Lopez-Martinez et al. (2023) | PROTEUS",NA
"2146","Corrigiola litoralis","ovary position","1",NA,"ancestral reconstruction","Lopez-Martinez et al. (2023) | PROTEUS",NA
"2147","Corrigiola litoralis","anther orientation","0",NA,"ancestral reconstruction","Lopez-Martinez et al. (2023) | PROTEUS",NA
"2148","Corrigiola litoralis","fusion of ovaries","1",NA,"ancestral reconstruction","Lopez-Martinez et al. (2023) | PROTEUS",NA
"2149","Corsia dispar","sex of flowers","0",NA,"ancestral reconstruction","Lopez-Martinez et al. (2023) | PROTEUS",NA
"2150","Corsia dispar","ovary position","1",NA,"ancestral reconstruction","Lopez-Martinez et al. (2023) | PROTEUS",NA
"2151","Corsia dispar","anther orientation","2",NA,"ancestral reconstruction","Lopez-Martinez et al. (2023) | PROTEUS",NA
"2152","Corsia dispar","anther attachment","1",NA,"ancestral reconstruction","Lopez-Martinez et al. (2023) | PROTEUS",NA
"2153","Corymbium glabrum","sex of flowers","0",NA,"ancestral reconstruction","Lopez-Martinez et al. (2023) | PROTEUS",NA
"2154","Corymbium glabrum","ovary position","1",NA,"ancestral reconstruction","Lopez-Martinez et al. (2023) | PROTEUS",NA
"2155","Corynocarpus laevigatus","no ovules","0",NA,"ancestral reconstruction","Lopez-Martinez et al. (2023) | PROTEUS",NA
"2156","Corynocarpus laevigatus","sex of flowers","0",NA,"ancestral reconstruction","Lopez-Martinez et al. (2023) | PROTEUS",NA
"2157","Corynocarpus laevigatus","ovary position","0",NA,"ancestral reconstruction","Lopez-Martinez et al. (2023) | PROTEUS",NA
"2158","Corynocarpus laevigatus","anther orientation","0",NA,"ancestral reconstruction","Lopez-Martinez et al. (2023) | PROTEUS",NA
"2159","Corynocarpus laevigatus","anther attachment","1",NA,"ancestral reconstruction","Lopez-Martinez et al. (2023) | PROTEUS",NA
"2160","Corynocarpus laevigatus","anther dehiscence","0",NA,"ancestral reconstruction","Lopez-Martinez et al. (2023) | PROTEUS",NA
"2161","Corynocarpus similis","sex of flowers","0",NA,"ancestral reconstruction","Lopez-Martinez et al. (2023) | PROTEUS",NA
"2162","Corynocarpus similis","ovary position","0",NA,"ancestral reconstruction","Lopez-Martinez et al. (2023) | PROTEUS",NA
"2163","Corynocarpus similis","anther orientation","0",NA,"ancestral reconstruction","Lopez-Martinez et al. (2023) | PROTEUS",NA
"2164","Corynocarpus similis","anther attachment","1",NA,"ancestral reconstruction","Lopez-Martinez et al. (2023) | PROTEUS",NA
"2165","Corynocarpus similis","anther dehiscence","0",NA,"ancestral reconstruction","Lopez-Martinez et al. (2023) | PROTEUS",NA
"2166","Costus barbatus","sex of flowers","0",NA,"ancestral reconstruction","Lopez-Martinez et al. (2023) | PROTEUS",NA
"2167","Costus barbatus","ovary position","1",NA,"ancestral reconstruction","Lopez-Martinez et al. (2023) | PROTEUS",NA
"2168","Costus barbatus","anther orientation","0",NA,"ancestral reconstruction","Lopez-Martinez et al. (2023) | PROTEUS",NA
"2169","Costus barbatus","anther dehiscence","0",NA,"ancestral reconstruction","Lopez-Martinez et al. (2023) | PROTEUS",NA
"2170","Cottendorfia florida","sex of flowers","0",NA,"ancestral reconstruction","Lopez-Martinez et al. (2023) | PROTEUS",NA
"2171","Cottendorfia florida","ovary position","0",NA,"ancestral reconstruction","Lopez-Martinez et al. (2023) | PROTEUS",NA
"2172","Cottendorfia florida","anther attachment","1",NA,"ancestral reconstruction","Lopez-Martinez et al. (2023) | PROTEUS",NA
"2173","Cottendorfia florida","anther dehiscence","0",NA,"ancestral reconstruction","Lopez-Martinez et al. (2023) | PROTEUS",NA
"2174","Cottendorfia florida","fusion of ovaries","1",NA,"ancestral reconstruction","Lopez-Martinez et al. (2023) | PROTEUS",NA
"2175","Coula edulis","no ovules","0",NA,"ancestral reconstruction","Lopez-Martinez et al. (2023) | PROTEUS",NA
"2176","Coula edulis","sex of flowers","0",NA,"ancestral reconstruction","Lopez-Martinez et al. (2023) | PROTEUS",NA
"2177","Coula edulis","ovary position","0",NA,"ancestral reconstruction","Lopez-Martinez et al. (2023) | PROTEUS",NA
"2178","Coula edulis","anther orientation","1",NA,"ancestral reconstruction","Lopez-Martinez et al. (2023) | PROTEUS",NA
"2179","Coula edulis","anther attachment","1",NA,"ancestral reconstruction","Lopez-Martinez et al. (2023) | PROTEUS",NA
"2180","Coula edulis","fusion of ovaries","1",NA,"ancestral reconstruction","Lopez-Martinez et al. (2023) | PROTEUS",NA
"2181","Craigia yunnanensis","no ovules","2",NA,"ancestral reconstruction","Lopez-Martinez et al. (2023) | PROTEUS",NA
"2182","Craigia yunnanensis","sex of flowers","0",NA,"ancestral reconstruction","Lopez-Martinez et al. (2023) | PROTEUS",NA
"2183","Craigia yunnanensis","ovary position","0",NA,"ancestral reconstruction","Lopez-Martinez et al. (2023) | PROTEUS",NA
"2184","Craigia yunnanensis","fusion of ovaries","1",NA,"ancestral reconstruction","Lopez-Martinez et al. (2023) | PROTEUS",NA
"2185","Crassula rupestris","sex of flowers","0",NA,"ancestral reconstruction","Lopez-Martinez et al. (2023) | PROTEUS",NA
"2186","Crassula rupestris","ovary position","0",NA,"ancestral reconstruction","Lopez-Martinez et al. (2023) | PROTEUS",NA
"2187","Crassula rupestris","fusion of ovaries","0",NA,"ancestral reconstruction","Lopez-Martinez et al. (2023) | PROTEUS",NA
"2188","Crateva religiosa","anther orientation","0",NA,"ancestral reconstruction","Lopez-Martinez et al. (2023) | PROTEUS",NA
"2189","Crateva religiosa","anther attachment","0",NA,"ancestral reconstruction","Lopez-Martinez et al. (2023) | PROTEUS",NA
"2190","Crateva religiosa","anther dehiscence","0",NA,"ancestral reconstruction","Lopez-Martinez et al. (2023) | PROTEUS",NA
"2191","Cratoxylum cochinchinense","sex of flowers","0",NA,"ancestral reconstruction","Lopez-Martinez et al. (2023) | PROTEUS",NA
"2192","Cratoxylum cochinchinense","ovary position","0",NA,"ancestral reconstruction","Lopez-Martinez et al. (2023) | PROTEUS",NA
"2193","Cratoxylum cochinchinense","anther attachment","1",NA,"ancestral reconstruction","Lopez-Martinez et al. (2023) | PROTEUS",NA
"2194","Cratoxylum cochinchinense","anther dehiscence","0",NA,"ancestral reconstruction","Lopez-Martinez et al. (2023) | PROTEUS",NA
"2195","Cratoxylum cochinchinense","fusion of ovaries","1",NA,"ancestral reconstruction","Lopez-Martinez et al. (2023) | PROTEUS",NA
"2196","Crinum asiaticum","no ovules","2",NA,"ancestral reconstruction","Lopez-Martinez et al. (2023) | PROTEUS",NA
"2197","Crinum asiaticum","sex of flowers","0",NA,"ancestral reconstruction","Lopez-Martinez et al. (2023) | PROTEUS",NA
"2198","Crinum asiaticum","ovary position","1",NA,"ancestral reconstruction","Lopez-Martinez et al. (2023) | PROTEUS",NA
"2199","Crinum asiaticum","anther orientation","0",NA,"ancestral reconstruction","Lopez-Martinez et al. (2023) | PROTEUS",NA
"2200","Crinum asiaticum","anther attachment","1",NA,"ancestral reconstruction","Lopez-Martinez et al. (2023) | PROTEUS",NA
"2201","Crinum asiaticum","anther dehiscence","0",NA,"ancestral reconstruction","Lopez-Martinez et al. (2023) | PROTEUS",NA
"2202","Crinum asiaticum","fusion of ovaries","1",NA,"ancestral reconstruction","Lopez-Martinez et al. (2023) | PROTEUS",NA
"2203","Crocus banaticus","sex of flowers","0",NA,"ancestral reconstruction","Lopez-Martinez et al. (2023) | PROTEUS",NA
"2204","Crocus banaticus","anther orientation","2",NA,"ancestral reconstruction","Lopez-Martinez et al. (2023) | PROTEUS",NA
"2205","Croomia pauciflora","sex of flowers","0",NA,"ancestral reconstruction","Lopez-Martinez et al. (2023) | PROTEUS",NA
"2206","Croomia pauciflora","ovary position","0",NA,"ancestral reconstruction","Lopez-Martinez et al. (2023) | PROTEUS",NA
"2207","Croomia pauciflora","anther orientation","0",NA,"ancestral reconstruction","Lopez-Martinez et al. (2023) | PROTEUS",NA
"2208","Crossosoma bigelovii","no ovules","2",NA,"ancestral reconstruction","Lopez-Martinez et al. (2023) | PROTEUS",NA
"2209","Crossosoma bigelovii","sex of flowers","0",NA,"ancestral reconstruction","Lopez-Martinez et al. (2023) | PROTEUS",NA
"2210","Crossosoma bigelovii","ovary position","0",NA,"ancestral reconstruction","Lopez-Martinez et al. (2023) | PROTEUS",NA
"2211","Crossosoma bigelovii","anther orientation","1",NA,"ancestral reconstruction","Lopez-Martinez et al. (2023) | PROTEUS",NA
"2212","Crossosoma bigelovii","anther attachment","0",NA,"ancestral reconstruction","Lopez-Martinez et al. (2023) | PROTEUS",NA
"2213","Crossosoma bigelovii","anther dehiscence","0",NA,"ancestral reconstruction","Lopez-Martinez et al. (2023) | PROTEUS",NA
"2214","Crossosoma bigelovii","fusion of ovaries","0",NA,"ancestral reconstruction","Lopez-Martinez et al. (2023) | PROTEUS",NA
"2215","Croton alabamensis","no ovules","0",NA,"ancestral reconstruction","Lopez-Martinez et al. (2023) | PROTEUS",NA
"2216","Croton alabamensis","sex of flowers","0&1",NA,"ancestral reconstruction","Lopez-Martinez et al. (2023) | PROTEUS",NA
"2217","Croton alabamensis","ovary position","0",NA,"ancestral reconstruction","Lopez-Martinez et al. (2023) | PROTEUS",NA
"2218","Croton alabamensis","anther dehiscence","0",NA,"ancestral reconstruction","Lopez-Martinez et al. (2023) | PROTEUS",NA
"2219","Croton alabamensis","fusion of ovaries","1",NA,"ancestral reconstruction","Lopez-Martinez et al. (2023) | PROTEUS",NA
"2220","Crypteronia paniculata","no ovules","2",NA,"ancestral reconstruction","Lopez-Martinez et al. (2023) | PROTEUS",NA
"2221","Crypteronia paniculata","sex of flowers","0",NA,"ancestral reconstruction","Lopez-Martinez et al. (2023) | PROTEUS",NA
"2222","Crypteronia paniculata","ovary position","0",NA,"ancestral reconstruction","Lopez-Martinez et al. (2023) | PROTEUS",NA
"2223","Crypteronia paniculata","anther orientation","0",NA,"ancestral reconstruction","Lopez-Martinez et al. (2023) | PROTEUS",NA
"2224","Crypteronia paniculata","anther attachment","0&1",NA,"ancestral reconstruction","Lopez-Martinez et al. (2023) | PROTEUS",NA
"2225","Crypteronia paniculata","fusion of ovaries","1",NA,"ancestral reconstruction","Lopez-Martinez et al. (2023) | PROTEUS",NA
"2226","Cryptocarya meisneriana","no ovules","0",NA,"ancestral reconstruction","Lopez-Martinez et al. (2023) | PROTEUS",NA
"2227","Cryptocarya meisneriana","sex of flowers","0",NA,"ancestral reconstruction","Lopez-Martinez et al. (2023) | PROTEUS",NA
"2228","Cryptocarya meisneriana","ovary position","0",NA,"ancestral reconstruction","Lopez-Martinez et al. (2023) | PROTEUS",NA
"2229","Cryptocarya meisneriana","anther orientation","0&2",NA,"ancestral reconstruction","Lopez-Martinez et al. (2023) | PROTEUS",NA
"2230","Cryptocarya meisneriana","anther attachment","0",NA,"ancestral reconstruction","Lopez-Martinez et al. (2023) | PROTEUS",NA
"2231","Cryptocarya meisneriana","anther dehiscence","2",NA,"ancestral reconstruction","Lopez-Martinez et al. (2023) | PROTEUS",NA
"2232","Ctenolophon englerianus","no ovules","1",NA,"ancestral reconstruction","Lopez-Martinez et al. (2023) | PROTEUS",NA
"2233","Ctenolophon englerianus","sex of flowers","0",NA,"ancestral reconstruction","Lopez-Martinez et al. (2023) | PROTEUS",NA
"2234","Ctenolophon englerianus","ovary position","0",NA,"ancestral reconstruction","Lopez-Martinez et al. (2023) | PROTEUS",NA
"2235","Ctenolophon englerianus","anther orientation","0",NA,"ancestral reconstruction","Lopez-Martinez et al. (2023) | PROTEUS",NA
"2236","Ctenolophon englerianus","anther attachment","1",NA,"ancestral reconstruction","Lopez-Martinez et al. (2023) | PROTEUS",NA
"2237","Ctenolophon englerianus","anther dehiscence","0",NA,"ancestral reconstruction","Lopez-Martinez et al. (2023) | PROTEUS",NA
"2238","Ctenolophon englerianus","fusion of ovaries","1",NA,"ancestral reconstruction","Lopez-Martinez et al. (2023) | PROTEUS",NA
"2239","Ctenolophon parvifolius","no ovules","1",NA,"ancestral reconstruction","Lopez-Martinez et al. (2023) | PROTEUS",NA
"2240","Ctenolophon parvifolius","sex of flowers","0",NA,"ancestral reconstruction","Lopez-Martinez et al. (2023) | PROTEUS",NA
"2241","Ctenolophon parvifolius","ovary position","0",NA,"ancestral reconstruction","Lopez-Martinez et al. (2023) | PROTEUS",NA
"2242","Ctenolophon parvifolius","anther orientation","0",NA,"ancestral reconstruction","Lopez-Martinez et al. (2023) | PROTEUS",NA
"2243","Ctenolophon parvifolius","anther attachment","1",NA,"ancestral reconstruction","Lopez-Martinez et al. (2023) | PROTEUS",NA
"2244","Ctenolophon parvifolius","anther dehiscence","0",NA,"ancestral reconstruction","Lopez-Martinez et al. (2023) | PROTEUS",NA
"2245","Ctenolophon parvifolius","fusion of ovaries","1",NA,"ancestral reconstruction","Lopez-Martinez et al. (2023) | PROTEUS",NA
"2246","Cucurbita pepo","no ovules","2",NA,"ancestral reconstruction","Lopez-Martinez et al. (2023) | PROTEUS",NA
"2247","Cucurbita pepo","sex of flowers","0&1",NA,"ancestral reconstruction","Lopez-Martinez et al. (2023) | PROTEUS",NA
"2248","Cucurbita pepo","ovary position","1",NA,"ancestral reconstruction","Lopez-Martinez et al. (2023) | PROTEUS",NA
"2249","Cucurbita pepo","anther orientation","2",NA,"ancestral reconstruction","Lopez-Martinez et al. (2023) | PROTEUS",NA
"2250","Cucurbita pepo","fusion of ovaries","1",NA,"ancestral reconstruction","Lopez-Martinez et al. (2023) | PROTEUS",NA
"2251","Cupaniopsis anacardioides","no ovules","0",NA,"ancestral reconstruction","Lopez-Martinez et al. (2023) | PROTEUS",NA
"2252","Cupaniopsis anacardioides","sex of flowers","0&1",NA,"ancestral reconstruction","Lopez-Martinez et al. (2023) | PROTEUS",NA
"2253","Cupaniopsis anacardioides","ovary position","0",NA,"ancestral reconstruction","Lopez-Martinez et al. (2023) | PROTEUS",NA
"2254","Cupaniopsis anacardioides","anther orientation","1",NA,"ancestral reconstruction","Lopez-Martinez et al. (2023) | PROTEUS",NA
"2255","Cupaniopsis anacardioides","anther attachment","0",NA,"ancestral reconstruction","Lopez-Martinez et al. (2023) | PROTEUS",NA
"2256","Cupaniopsis anacardioides","anther dehiscence","0",NA,"ancestral reconstruction","Lopez-Martinez et al. (2023) | PROTEUS",NA
"2257","Cupaniopsis anacardioides","fusion of ovaries","1",NA,"ancestral reconstruction","Lopez-Martinez et al. (2023) | PROTEUS",NA
"2258","Curtisia dentata","no ovules","0",NA,"ancestral reconstruction","Lopez-Martinez et al. (2023) | PROTEUS",NA
"2259","Curtisia dentata","sex of flowers","0",NA,"ancestral reconstruction","Lopez-Martinez et al. (2023) | PROTEUS",NA
"2260","Curtisia dentata","ovary position","1",NA,"ancestral reconstruction","Lopez-Martinez et al. (2023) | PROTEUS",NA
"2261","Curtisia dentata","anther orientation","0",NA,"ancestral reconstruction","Lopez-Martinez et al. (2023) | PROTEUS",NA
"2262","Curtisia dentata","anther dehiscence","0",NA,"ancestral reconstruction","Lopez-Martinez et al. (2023) | PROTEUS",NA
"2263","Curtisia dentata","fusion of ovaries","1",NA,"ancestral reconstruction","Lopez-Martinez et al. (2023) | PROTEUS",NA
"2264","Cuscuta cuspidata","no ovules","1",NA,"ancestral reconstruction","Lopez-Martinez et al. (2023) | PROTEUS",NA
"2265","Cuscuta cuspidata","sex of flowers","0",NA,"ancestral reconstruction","Lopez-Martinez et al. (2023) | PROTEUS",NA
"2266","Cuscuta cuspidata","ovary position","0",NA,"ancestral reconstruction","Lopez-Martinez et al. (2023) | PROTEUS",NA
"2267","Cuscuta cuspidata","anther dehiscence","0",NA,"ancestral reconstruction","Lopez-Martinez et al. (2023) | PROTEUS",NA
"2268","Cuscuta cuspidata","fusion of ovaries","1",NA,"ancestral reconstruction","Lopez-Martinez et al. (2023) | PROTEUS",NA
"2269","Cyanella hyacinthoides","sex of flowers","0",NA,"ancestral reconstruction","Lopez-Martinez et al. (2023) | PROTEUS",NA
"2270","Cyanella hyacinthoides","ovary position","1",NA,"ancestral reconstruction","Lopez-Martinez et al. (2023) | PROTEUS",NA
"2271","Cyanella hyacinthoides","anther dehiscence","0",NA,"ancestral reconstruction","Lopez-Martinez et al. (2023) | PROTEUS",NA
"2272","Cyclanthus bipartitus","sex of flowers","1",NA,"ancestral reconstruction","Lopez-Martinez et al. (2023) | PROTEUS",NA
"2273","Cyclanthus bipartitus","anther attachment","0",NA,"ancestral reconstruction","Lopez-Martinez et al. (2023) | PROTEUS",NA
"2274","Cyclanthus bipartitus","anther dehiscence","0",NA,"ancestral reconstruction","Lopez-Martinez et al. (2023) | PROTEUS",NA
"2275","Cylicomorpha parviflora","sex of flowers","1",NA,"ancestral reconstruction","Lopez-Martinez et al. (2023) | PROTEUS",NA
"2276","Cylicomorpha parviflora","ovary position","0",NA,"ancestral reconstruction","Lopez-Martinez et al. (2023) | PROTEUS",NA
"2277","Cylicomorpha parviflora","anther orientation","0",NA,"ancestral reconstruction","Lopez-Martinez et al. (2023) | PROTEUS",NA
"2278","Cylicomorpha parviflora","anther dehiscence","0",NA,"ancestral reconstruction","Lopez-Martinez et al. (2023) | PROTEUS",NA
"2279","Cylicomorpha parviflora","fusion of ovaries","1",NA,"ancestral reconstruction","Lopez-Martinez et al. (2023) | PROTEUS",NA
"2280","Cymaria dichotoma","sex of flowers","0",NA,"ancestral reconstruction","Lopez-Martinez et al. (2023) | PROTEUS",NA
"2281","Cymaria dichotoma","ovary position","0",NA,"ancestral reconstruction","Lopez-Martinez et al. (2023) | PROTEUS",NA
"2282","Cymaria dichotoma","anther dehiscence","0",NA,"ancestral reconstruction","Lopez-Martinez et al. (2023) | PROTEUS",NA
"2283","Cymaria dichotoma","fusion of ovaries","1",NA,"ancestral reconstruction","Lopez-Martinez et al. (2023) | PROTEUS",NA
"2284","Cymbaria mongolica","sex of flowers","0",NA,"ancestral reconstruction","Lopez-Martinez et al. (2023) | PROTEUS",NA
"2285","Cymbaria mongolica","ovary position","0",NA,"ancestral reconstruction","Lopez-Martinez et al. (2023) | PROTEUS",NA
"2286","Cymbaria mongolica","anther attachment","1",NA,"ancestral reconstruction","Lopez-Martinez et al. (2023) | PROTEUS",NA
"2287","Cymbaria mongolica","fusion of ovaries","1",NA,"ancestral reconstruction","Lopez-Martinez et al. (2023) | PROTEUS",NA
"2288","Cynomorium coccineum","no ovules","0",NA,"ancestral reconstruction","Lopez-Martinez et al. (2023) | PROTEUS",NA
"2289","Cynomorium coccineum","sex of flowers","1",NA,"ancestral reconstruction","Lopez-Martinez et al. (2023) | PROTEUS",NA
"2290","Cynomorium coccineum","ovary position","1",NA,"ancestral reconstruction","Lopez-Martinez et al. (2023) | PROTEUS",NA
"2291","Cynomorium coccineum","anther orientation","0",NA,"ancestral reconstruction","Lopez-Martinez et al. (2023) | PROTEUS",NA
"2292","Cynomorium coccineum","fusion of ovaries","1",NA,"ancestral reconstruction","Lopez-Martinez et al. (2023) | PROTEUS",NA
"2293","Cyphia decora","sex of flowers","0",NA,"ancestral reconstruction","Lopez-Martinez et al. (2023) | PROTEUS",NA
"2294","Cyphia decora","ovary position","1",NA,"ancestral reconstruction","Lopez-Martinez et al. (2023) | PROTEUS",NA
"2295","Cyphia decora","anther orientation","0",NA,"ancestral reconstruction","Lopez-Martinez et al. (2023) | PROTEUS",NA
"2296","Cyphia decora","anther attachment","0",NA,"ancestral reconstruction","Lopez-Martinez et al. (2023) | PROTEUS",NA
"2297","Cyphia decora","fusion of ovaries","1",NA,"ancestral reconstruction","Lopez-Martinez et al. (2023) | PROTEUS",NA
"2298","Cyphia rogersii","sex of flowers","0",NA,"ancestral reconstruction","Lopez-Martinez et al. (2023) | PROTEUS",NA
"2299","Cyphia rogersii","ovary position","1",NA,"ancestral reconstruction","Lopez-Martinez et al. (2023) | PROTEUS",NA
"2300","Cyphia rogersii","anther orientation","0",NA,"ancestral reconstruction","Lopez-Martinez et al. (2023) | PROTEUS",NA
"2301","Cyphia rogersii","anther attachment","0",NA,"ancestral reconstruction","Lopez-Martinez et al. (2023) | PROTEUS",NA
"2302","Cyphia rogersii","fusion of ovaries","1",NA,"ancestral reconstruction","Lopez-Martinez et al. (2023) | PROTEUS",NA
"2303","Cyphocarpus rigescens","sex of flowers","0",NA,"ancestral reconstruction","Lopez-Martinez et al. (2023) | PROTEUS",NA
"2304","Cyphocarpus rigescens","ovary position","1",NA,"ancestral reconstruction","Lopez-Martinez et al. (2023) | PROTEUS",NA
"2305","Cyphocarpus rigescens","anther orientation","0",NA,"ancestral reconstruction","Lopez-Martinez et al. (2023) | PROTEUS",NA
"2306","Cyphocarpus rigescens","anther attachment","0",NA,"ancestral reconstruction","Lopez-Martinez et al. (2023) | PROTEUS",NA
"2307","Cyphocarpus rigescens","anther dehiscence","0",NA,"ancestral reconstruction","Lopez-Martinez et al. (2023) | PROTEUS",NA
"2308","Cyphocarpus rigescens","fusion of ovaries","1",NA,"ancestral reconstruction","Lopez-Martinez et al. (2023) | PROTEUS",NA
"2309","Cypripedium calceolus","no ovules","2",NA,"ancestral reconstruction","Lopez-Martinez et al. (2023) | PROTEUS",NA
"2310","Cypripedium calceolus","sex of flowers","0",NA,"ancestral reconstruction","Lopez-Martinez et al. (2023) | PROTEUS",NA
"2311","Cypripedium calceolus","ovary position","1",NA,"ancestral reconstruction","Lopez-Martinez et al. (2023) | PROTEUS",NA
"2312","Cypripedium calceolus","fusion of ovaries","1",NA,"ancestral reconstruction","Lopez-Martinez et al. (2023) | PROTEUS",NA
"2313","Cyrilla racemiflora","no ovules","0&1&2",NA,"ancestral reconstruction","Lopez-Martinez et al. (2023) | PROTEUS",NA
"2314","Cyrilla racemiflora","sex of flowers","0",NA,"ancestral reconstruction","Lopez-Martinez et al. (2023) | PROTEUS",NA
"2315","Cyrilla racemiflora","ovary position","0",NA,"ancestral reconstruction","Lopez-Martinez et al. (2023) | PROTEUS",NA
"2316","Cyrilla racemiflora","anther orientation","0",NA,"ancestral reconstruction","Lopez-Martinez et al. (2023) | PROTEUS",NA
"2317","Cyrilla racemiflora","anther attachment","1",NA,"ancestral reconstruction","Lopez-Martinez et al. (2023) | PROTEUS",NA
"2318","Cyrilla racemiflora","anther dehiscence","0",NA,"ancestral reconstruction","Lopez-Martinez et al. (2023) | PROTEUS",NA
"2319","Cyrilla racemiflora","fusion of ovaries","1",NA,"ancestral reconstruction","Lopez-Martinez et al. (2023) | PROTEUS",NA
"2320","Cytinus hypocistis","no ovules","2",NA,"ancestral reconstruction","Lopez-Martinez et al. (2023) | PROTEUS",NA
"2321","Cytinus hypocistis","sex of flowers","1",NA,"ancestral reconstruction","Lopez-Martinez et al. (2023) | PROTEUS",NA
"2322","Cytinus hypocistis","ovary position","1",NA,"ancestral reconstruction","Lopez-Martinez et al. (2023) | PROTEUS",NA
"2323","Cytinus hypocistis","anther orientation","2",NA,"ancestral reconstruction","Lopez-Martinez et al. (2023) | PROTEUS",NA
"2324","Cytinus hypocistis","anther dehiscence","0",NA,"ancestral reconstruction","Lopez-Martinez et al. (2023) | PROTEUS",NA
"2325","Dactylocladus stenostachys","no ovules","2",NA,"ancestral reconstruction","Lopez-Martinez et al. (2023) | PROTEUS",NA
"2326","Dactylocladus stenostachys","sex of flowers","0",NA,"ancestral reconstruction","Lopez-Martinez et al. (2023) | PROTEUS",NA
"2327","Dactylocladus stenostachys","ovary position","1",NA,"ancestral reconstruction","Lopez-Martinez et al. (2023) | PROTEUS",NA
"2328","Dactylocladus stenostachys","anther dehiscence","0",NA,"ancestral reconstruction","Lopez-Martinez et al. (2023) | PROTEUS",NA
"2329","Dactylocladus stenostachys","fusion of ovaries","1",NA,"ancestral reconstruction","Lopez-Martinez et al. (2023) | PROTEUS",NA
"2330","Dalechampia spathulata","sex of flowers","1",NA,"ancestral reconstruction","Lopez-Martinez et al. (2023) | PROTEUS",NA
"2331","Dalzellia ceylanica","sex of flowers","0",NA,"ancestral reconstruction","Lopez-Martinez et al. (2023) | PROTEUS",NA
"2332","Dalzellia ceylanica","ovary position","0",NA,"ancestral reconstruction","Lopez-Martinez et al. (2023) | PROTEUS",NA
"2333","Dalzellia ceylanica","anther orientation","0",NA,"ancestral reconstruction","Lopez-Martinez et al. (2023) | PROTEUS",NA
"2334","Dalzellia ceylanica","anther attachment","1",NA,"ancestral reconstruction","Lopez-Martinez et al. (2023) | PROTEUS",NA
"2335","Dalzellia ceylanica","anther dehiscence","0",NA,"ancestral reconstruction","Lopez-Martinez et al. (2023) | PROTEUS",NA
"2336","Dalzellia ceylanica","fusion of ovaries","1",NA,"ancestral reconstruction","Lopez-Martinez et al. (2023) | PROTEUS",NA
"2337","Dampiera spicigera","no ovules","0",NA,"ancestral reconstruction","Lopez-Martinez et al. (2023) | PROTEUS",NA
"2338","Dampiera spicigera","sex of flowers","0",NA,"ancestral reconstruction","Lopez-Martinez et al. (2023) | PROTEUS",NA
"2339","Dampiera spicigera","ovary position","1",NA,"ancestral reconstruction","Lopez-Martinez et al. (2023) | PROTEUS",NA
"2340","Dampiera spicigera","anther orientation","0",NA,"ancestral reconstruction","Lopez-Martinez et al. (2023) | PROTEUS",NA
"2341","Dampiera spicigera","anther attachment","0",NA,"ancestral reconstruction","Lopez-Martinez et al. (2023) | PROTEUS",NA
"2342","Dampiera spicigera","anther dehiscence","0",NA,"ancestral reconstruction","Lopez-Martinez et al. (2023) | PROTEUS",NA
"2343","Danthonia spicata","no ovules","0",NA,"ancestral reconstruction","Lopez-Martinez et al. (2023) | PROTEUS",NA
"2344","Danthonia spicata","sex of flowers","0",NA,"ancestral reconstruction","Lopez-Martinez et al. (2023) | PROTEUS",NA
"2345","Danthonia spicata","ovary position","0",NA,"ancestral reconstruction","Lopez-Martinez et al. (2023) | PROTEUS",NA
"2346","Danthonia spicata","anther attachment","1",NA,"ancestral reconstruction","Lopez-Martinez et al. (2023) | PROTEUS",NA
"2347","Danthonia spicata","anther dehiscence","0",NA,"ancestral reconstruction","Lopez-Martinez et al. (2023) | PROTEUS",NA
"2348","Daphniphyllum macropodum","no ovules","1",NA,"ancestral reconstruction","Lopez-Martinez et al. (2023) | PROTEUS",NA
"2349","Daphniphyllum macropodum","sex of flowers","0&1",NA,"ancestral reconstruction","Lopez-Martinez et al. (2023) | PROTEUS",NA
"2350","Daphniphyllum macropodum","ovary position","0",NA,"ancestral reconstruction","Lopez-Martinez et al. (2023) | PROTEUS",NA
"2351","Daphniphyllum macropodum","anther attachment","0",NA,"ancestral reconstruction","Lopez-Martinez et al. (2023) | PROTEUS",NA
"2352","Daphniphyllum macropodum","anther dehiscence","0",NA,"ancestral reconstruction","Lopez-Martinez et al. (2023) | PROTEUS",NA
"2353","Daphniphyllum macropodum","fusion of ovaries","1",NA,"ancestral reconstruction","Lopez-Martinez et al. (2023) | PROTEUS",NA
"2354","Darlingtonia californica","no ovules","2",NA,"ancestral reconstruction","Lopez-Martinez et al. (2023) | PROTEUS",NA
"2355","Darlingtonia californica","sex of flowers","0",NA,"ancestral reconstruction","Lopez-Martinez et al. (2023) | PROTEUS",NA
"2356","Darlingtonia californica","ovary position","0",NA,"ancestral reconstruction","Lopez-Martinez et al. (2023) | PROTEUS",NA
"2357","Darlingtonia californica","anther orientation","0&2",NA,"ancestral reconstruction","Lopez-Martinez et al. (2023) | PROTEUS",NA
"2358","Darlingtonia californica","anther attachment","0",NA,"ancestral reconstruction","Lopez-Martinez et al. (2023) | PROTEUS",NA
"2359","Darlingtonia californica","anther dehiscence","0",NA,"ancestral reconstruction","Lopez-Martinez et al. (2023) | PROTEUS",NA
"2360","Darlingtonia californica","fusion of ovaries","1",NA,"ancestral reconstruction","Lopez-Martinez et al. (2023) | PROTEUS",NA
"2361","Dasypogon bromeliifolius","sex of flowers","0",NA,"ancestral reconstruction","Lopez-Martinez et al. (2023) | PROTEUS",NA
"2362","Dasypogon bromeliifolius","ovary position","0",NA,"ancestral reconstruction","Lopez-Martinez et al. (2023) | PROTEUS",NA
"2363","Dasypogon bromeliifolius","anther orientation","0",NA,"ancestral reconstruction","Lopez-Martinez et al. (2023) | PROTEUS",NA
"2364","Dasypogon bromeliifolius","anther attachment","1",NA,"ancestral reconstruction","Lopez-Martinez et al. (2023) | PROTEUS",NA
"2365","Dasypogon bromeliifolius","anther dehiscence","0",NA,"ancestral reconstruction","Lopez-Martinez et al. (2023) | PROTEUS",NA
"2366","Dasypogon bromeliifolius","fusion of ovaries","1",NA,"ancestral reconstruction","Lopez-Martinez et al. (2023) | PROTEUS",NA
"2367","Datisca cannabina","sex of flowers","1",NA,"ancestral reconstruction","Lopez-Martinez et al. (2023) | PROTEUS",NA
"2368","Datisca cannabina","ovary position","1",NA,"ancestral reconstruction","Lopez-Martinez et al. (2023) | PROTEUS",NA
"2369","Datisca cannabina","anther dehiscence","0",NA,"ancestral reconstruction","Lopez-Martinez et al. (2023) | PROTEUS",NA
"2370","Datisca cannabina","fusion of ovaries","1",NA,"ancestral reconstruction","Lopez-Martinez et al. (2023) | PROTEUS",NA
"2371","Datisca glomerata","sex of flowers","0&1",NA,"ancestral reconstruction","Lopez-Martinez et al. (2023) | PROTEUS",NA
"2372","Datisca glomerata","ovary position","1",NA,"ancestral reconstruction","Lopez-Martinez et al. (2023) | PROTEUS",NA
"2373","Datisca glomerata","anther dehiscence","0",NA,"ancestral reconstruction","Lopez-Martinez et al. (2023) | PROTEUS",NA
"2374","Davilla kunthii","no ovules","1",NA,"ancestral reconstruction","Lopez-Martinez et al. (2023) | PROTEUS",NA
"2375","Davilla kunthii","sex of flowers","0",NA,"ancestral reconstruction","Lopez-Martinez et al. (2023) | PROTEUS",NA
"2376","Davilla kunthii","ovary position","0&1",NA,"ancestral reconstruction","Lopez-Martinez et al. (2023) | PROTEUS",NA
"2377","Davilla kunthii","anther orientation","0",NA,"ancestral reconstruction","Lopez-Martinez et al. (2023) | PROTEUS",NA
"2378","Davilla kunthii","anther attachment","0",NA,"ancestral reconstruction","Lopez-Martinez et al. (2023) | PROTEUS",NA
"2379","Davilla kunthii","anther dehiscence","0",NA,"ancestral reconstruction","Lopez-Martinez et al. (2023) | PROTEUS",NA
"2380","Degeneria vitiensis","no ovules","2",NA,"ancestral reconstruction","Lopez-Martinez et al. (2023) | PROTEUS",NA
"2381","Degeneria vitiensis","sex of flowers","0",NA,"ancestral reconstruction","Lopez-Martinez et al. (2023) | PROTEUS",NA
"2382","Degeneria vitiensis","ovary position","0",NA,"ancestral reconstruction","Lopez-Martinez et al. (2023) | PROTEUS",NA
"2383","Degeneria vitiensis","anther orientation","2",NA,"ancestral reconstruction","Lopez-Martinez et al. (2023) | PROTEUS",NA
"2384","Degeneria vitiensis","anther attachment","0",NA,"ancestral reconstruction","Lopez-Martinez et al. (2023) | PROTEUS",NA
"2385","Degeneria vitiensis","anther dehiscence","1",NA,"ancestral reconstruction","Lopez-Martinez et al. (2023) | PROTEUS",NA
"2386","Delarbrea michieana","sex of flowers","0&1",NA,"ancestral reconstruction","Lopez-Martinez et al. (2023) | PROTEUS",NA
"2387","Delarbrea michieana","ovary position","1",NA,"ancestral reconstruction","Lopez-Martinez et al. (2023) | PROTEUS",NA
"2388","Delarbrea michieana","anther attachment","1",NA,"ancestral reconstruction","Lopez-Martinez et al. (2023) | PROTEUS",NA
"2389","Delosperma echinatum","no ovules","0&1&2",NA,"ancestral reconstruction","Lopez-Martinez et al. (2023) | PROTEUS",NA
"2390","Delosperma echinatum","sex of flowers","0",NA,"ancestral reconstruction","Lopez-Martinez et al. (2023) | PROTEUS",NA
"2391","Delosperma echinatum","ovary position","1",NA,"ancestral reconstruction","Lopez-Martinez et al. (2023) | PROTEUS",NA
"2392","Delosperma echinatum","anther orientation","0",NA,"ancestral reconstruction","Lopez-Martinez et al. (2023) | PROTEUS",NA
"2393","Delosperma echinatum","anther attachment","1",NA,"ancestral reconstruction","Lopez-Martinez et al. (2023) | PROTEUS",NA
"2394","Delosperma echinatum","anther dehiscence","0",NA,"ancestral reconstruction","Lopez-Martinez et al. (2023) | PROTEUS",NA
"2395","Delosperma echinatum","fusion of ovaries","1",NA,"ancestral reconstruction","Lopez-Martinez et al. (2023) | PROTEUS",NA
"2396","Desfontainia spinosa","sex of flowers","0",NA,"ancestral reconstruction","Lopez-Martinez et al. (2023) | PROTEUS",NA
"2397","Desfontainia spinosa","ovary position","0",NA,"ancestral reconstruction","Lopez-Martinez et al. (2023) | PROTEUS",NA
"2398","Desfontainia spinosa","anther orientation","0",NA,"ancestral reconstruction","Lopez-Martinez et al. (2023) | PROTEUS",NA
"2399","Desfontainia spinosa","anther attachment","1",NA,"ancestral reconstruction","Lopez-Martinez et al. (2023) | PROTEUS",NA
"2400","Desfontainia spinosa","anther dehiscence","0",NA,"ancestral reconstruction","Lopez-Martinez et al. (2023) | PROTEUS",NA
"2401","Desfontainia spinosa","fusion of ovaries","1",NA,"ancestral reconstruction","Lopez-Martinez et al. (2023) | PROTEUS",NA
"2402","Dialium guianense","no ovules","1",NA,"ancestral reconstruction","Lopez-Martinez et al. (2023) | PROTEUS",NA
"2403","Dialium guianense","sex of flowers","0",NA,"ancestral reconstruction","Lopez-Martinez et al. (2023) | PROTEUS",NA
"2404","Dialium guianense","ovary position","0",NA,"ancestral reconstruction","Lopez-Martinez et al. (2023) | PROTEUS",NA
"2405","Dialium guianense","anther orientation","1",NA,"ancestral reconstruction","Lopez-Martinez et al. (2023) | PROTEUS",NA
"2406","Dialium guianense","anther attachment","0",NA,"ancestral reconstruction","Lopez-Martinez et al. (2023) | PROTEUS",NA
"2407","Dialium guianense","anther dehiscence","0",NA,"ancestral reconstruction","Lopez-Martinez et al. (2023) | PROTEUS",NA
"2408","Dialyceras coriaceum","no ovules","2",NA,"ancestral reconstruction","Lopez-Martinez et al. (2023) | PROTEUS",NA
"2409","Dialyceras coriaceum","sex of flowers","0",NA,"ancestral reconstruction","Lopez-Martinez et al. (2023) | PROTEUS",NA
"2410","Dialyceras coriaceum","ovary position","0",NA,"ancestral reconstruction","Lopez-Martinez et al. (2023) | PROTEUS",NA
"2411","Dialyceras coriaceum","anther orientation","0",NA,"ancestral reconstruction","Lopez-Martinez et al. (2023) | PROTEUS",NA
"2412","Dialyceras coriaceum","anther dehiscence","0",NA,"ancestral reconstruction","Lopez-Martinez et al. (2023) | PROTEUS",NA
"2413","Dialyceras coriaceum","fusion of ovaries","1",NA,"ancestral reconstruction","Lopez-Martinez et al. (2023) | PROTEUS",NA
"2414","Dianella ensifolia","sex of flowers","0",NA,"ancestral reconstruction","Lopez-Martinez et al. (2023) | PROTEUS",NA
"2415","Dianella ensifolia","ovary position","0",NA,"ancestral reconstruction","Lopez-Martinez et al. (2023) | PROTEUS",NA
"2416","Dianella ensifolia","anther orientation","2",NA,"ancestral reconstruction","Lopez-Martinez et al. (2023) | PROTEUS",NA
"2417","Dianella ensifolia","anther attachment","0",NA,"ancestral reconstruction","Lopez-Martinez et al. (2023) | PROTEUS",NA
"2418","Dianella ensifolia","anther dehiscence","0",NA,"ancestral reconstruction","Lopez-Martinez et al. (2023) | PROTEUS",NA
"2419","Dianella ensifolia","fusion of ovaries","1",NA,"ancestral reconstruction","Lopez-Martinez et al. (2023) | PROTEUS",NA
"2420","Diapensia lapponica","no ovules","2",NA,"ancestral reconstruction","Lopez-Martinez et al. (2023) | PROTEUS",NA
"2421","Diapensia lapponica","sex of flowers","0",NA,"ancestral reconstruction","Lopez-Martinez et al. (2023) | PROTEUS",NA
"2422","Diapensia lapponica","ovary position","0",NA,"ancestral reconstruction","Lopez-Martinez et al. (2023) | PROTEUS",NA
"2423","Diapensia lapponica","anther orientation","0",NA,"ancestral reconstruction","Lopez-Martinez et al. (2023) | PROTEUS",NA
"2424","Diapensia lapponica","anther attachment","0",NA,"ancestral reconstruction","Lopez-Martinez et al. (2023) | PROTEUS",NA
"2425","Diapensia lapponica","anther dehiscence","0",NA,"ancestral reconstruction","Lopez-Martinez et al. (2023) | PROTEUS",NA
"2426","Diapensia lapponica","fusion of ovaries","1",NA,"ancestral reconstruction","Lopez-Martinez et al. (2023) | PROTEUS",NA
"2427","Diascia unilabiata","sex of flowers","0",NA,"ancestral reconstruction","Lopez-Martinez et al. (2023) | PROTEUS",NA
"2428","Diascia unilabiata","ovary position","0",NA,"ancestral reconstruction","Lopez-Martinez et al. (2023) | PROTEUS",NA
"2429","Diascia unilabiata","anther orientation","0",NA,"ancestral reconstruction","Lopez-Martinez et al. (2023) | PROTEUS",NA
"2430","Diascia unilabiata","anther attachment","1",NA,"ancestral reconstruction","Lopez-Martinez et al. (2023) | PROTEUS",NA
"2431","Dicentra eximia","no ovules","2",NA,"ancestral reconstruction","Lopez-Martinez et al. (2023) | PROTEUS",NA
"2432","Dicentra eximia","sex of flowers","0",NA,"ancestral reconstruction","Lopez-Martinez et al. (2023) | PROTEUS",NA
"2433","Dicentra eximia","ovary position","0",NA,"ancestral reconstruction","Lopez-Martinez et al. (2023) | PROTEUS",NA
"2434","Dicentra eximia","fusion of ovaries","1",NA,"ancestral reconstruction","Lopez-Martinez et al. (2023) | PROTEUS",NA
"2435","Dichapetalum rugosum","no ovules","1",NA,"ancestral reconstruction","Lopez-Martinez et al. (2023) | PROTEUS",NA
"2436","Dichapetalum rugosum","sex of flowers","0",NA,"ancestral reconstruction","Lopez-Martinez et al. (2023) | PROTEUS",NA
"2437","Dichapetalum rugosum","ovary position","0",NA,"ancestral reconstruction","Lopez-Martinez et al. (2023) | PROTEUS",NA
"2438","Dichapetalum rugosum","anther orientation","0",NA,"ancestral reconstruction","Lopez-Martinez et al. (2023) | PROTEUS",NA
"2439","Dichapetalum rugosum","anther attachment","1",NA,"ancestral reconstruction","Lopez-Martinez et al. (2023) | PROTEUS",NA
"2440","Dichapetalum rugosum","anther dehiscence","0",NA,"ancestral reconstruction","Lopez-Martinez et al. (2023) | PROTEUS",NA
"2441","Dichapetalum rugosum","fusion of ovaries","1",NA,"ancestral reconstruction","Lopez-Martinez et al. (2023) | PROTEUS",NA
"2442","Dicraspidia donnellsmithii","no ovules","2",NA,"ancestral reconstruction","Lopez-Martinez et al. (2023) | PROTEUS",NA
"2443","Dicraspidia donnellsmithii","sex of flowers","0",NA,"ancestral reconstruction","Lopez-Martinez et al. (2023) | PROTEUS",NA
"2444","Dicraspidia donnellsmithii","ovary position","1",NA,"ancestral reconstruction","Lopez-Martinez et al. (2023) | PROTEUS",NA
"2445","Dicraspidia donnellsmithii","anther attachment","0",NA,"ancestral reconstruction","Lopez-Martinez et al. (2023) | PROTEUS",NA
"2446","Dicraspidia donnellsmithii","anther dehiscence","0",NA,"ancestral reconstruction","Lopez-Martinez et al. (2023) | PROTEUS",NA
"2447","Dicraspidia donnellsmithii","fusion of ovaries","1",NA,"ancestral reconstruction","Lopez-Martinez et al. (2023) | PROTEUS",NA
"2448","Dictamnus albus","sex of flowers","0",NA,"ancestral reconstruction","Lopez-Martinez et al. (2023) | PROTEUS",NA
"2449","Dictamnus albus","ovary position","0",NA,"ancestral reconstruction","Lopez-Martinez et al. (2023) | PROTEUS",NA
"2450","Dictamnus albus","fusion of ovaries","1",NA,"ancestral reconstruction","Lopez-Martinez et al. (2023) | PROTEUS",NA
"2451","Didymeles perrieri","no ovules","0",NA,"ancestral reconstruction","Lopez-Martinez et al. (2023) | PROTEUS",NA
"2452","Didymeles perrieri","sex of flowers","1",NA,"ancestral reconstruction","Lopez-Martinez et al. (2023) | PROTEUS",NA
"2453","Didymeles perrieri","ovary position","0",NA,"ancestral reconstruction","Lopez-Martinez et al. (2023) | PROTEUS",NA
"2454","Diervilla sessilifolia","sex of flowers","0",NA,"ancestral reconstruction","Lopez-Martinez et al. (2023) | PROTEUS",NA
"2455","Diervilla sessilifolia","ovary position","1",NA,"ancestral reconstruction","Lopez-Martinez et al. (2023) | PROTEUS",NA
"2456","Diervilla sessilifolia","fusion of ovaries","1",NA,"ancestral reconstruction","Lopez-Martinez et al. (2023) | PROTEUS",NA
"2457","Dillenia retusa","no ovules","2",NA,"ancestral reconstruction","Lopez-Martinez et al. (2023) | PROTEUS",NA
"2458","Dillenia retusa","sex of flowers","0",NA,"ancestral reconstruction","Lopez-Martinez et al. (2023) | PROTEUS",NA
"2459","Dillenia retusa","ovary position","0",NA,"ancestral reconstruction","Lopez-Martinez et al. (2023) | PROTEUS",NA
"2460","Dillenia retusa","anther orientation","1&2",NA,"ancestral reconstruction","Lopez-Martinez et al. (2023) | PROTEUS",NA
"2461","Dillenia retusa","anther dehiscence","0",NA,"ancestral reconstruction","Lopez-Martinez et al. (2023) | PROTEUS",NA
"2462","Dinetus truncatus","sex of flowers","0",NA,"ancestral reconstruction","Lopez-Martinez et al. (2023) | PROTEUS",NA
"2463","Dinetus truncatus","ovary position","0",NA,"ancestral reconstruction","Lopez-Martinez et al. (2023) | PROTEUS",NA
"2464","Dinetus truncatus","anther orientation","0",NA,"ancestral reconstruction","Lopez-Martinez et al. (2023) | PROTEUS",NA
"2465","Dinetus truncatus","anther dehiscence","0",NA,"ancestral reconstruction","Lopez-Martinez et al. (2023) | PROTEUS",NA
"2466","Dinetus truncatus","fusion of ovaries","1",NA,"ancestral reconstruction","Lopez-Martinez et al. (2023) | PROTEUS",NA
"2467","Dionaea muscipula","sex of flowers","0",NA,"ancestral reconstruction","Lopez-Martinez et al. (2023) | PROTEUS",NA
"2468","Dionaea muscipula","anther dehiscence","0",NA,"ancestral reconstruction","Lopez-Martinez et al. (2023) | PROTEUS",NA
"2469","Dionaea muscipula","fusion of ovaries","1",NA,"ancestral reconstruction","Lopez-Martinez et al. (2023) | PROTEUS",NA
"2470","Dioscorea alata","ovary position","1",NA,"ancestral reconstruction","Lopez-Martinez et al. (2023) | PROTEUS",NA
"2471","Dioscorea alata","anther dehiscence","0",NA,"ancestral reconstruction","Lopez-Martinez et al. (2023) | PROTEUS",NA
"2472","Diospyros lotus","no ovules","0&1",NA,"ancestral reconstruction","Lopez-Martinez et al. (2023) | PROTEUS",NA
"2473","Diospyros lotus","sex of flowers","0",NA,"ancestral reconstruction","Lopez-Martinez et al. (2023) | PROTEUS",NA
"2474","Diospyros lotus","ovary position","0",NA,"ancestral reconstruction","Lopez-Martinez et al. (2023) | PROTEUS",NA
"2475","Diospyros lotus","fusion of ovaries","1",NA,"ancestral reconstruction","Lopez-Martinez et al. (2023) | PROTEUS",NA
"2476","Dipelta yunnanensis","no ovules","0",NA,"ancestral reconstruction","Lopez-Martinez et al. (2023) | PROTEUS",NA
"2477","Dipelta yunnanensis","sex of flowers","0",NA,"ancestral reconstruction","Lopez-Martinez et al. (2023) | PROTEUS",NA
"2478","Dipelta yunnanensis","ovary position","1",NA,"ancestral reconstruction","Lopez-Martinez et al. (2023) | PROTEUS",NA
"2479","Dipelta yunnanensis","anther orientation","0",NA,"ancestral reconstruction","Lopez-Martinez et al. (2023) | PROTEUS",NA
"2480","Dipelta yunnanensis","anther attachment","1",NA,"ancestral reconstruction","Lopez-Martinez et al. (2023) | PROTEUS",NA
"2481","Dipelta yunnanensis","anther dehiscence","0",NA,"ancestral reconstruction","Lopez-Martinez et al. (2023) | PROTEUS",NA
"2482","Dipelta yunnanensis","fusion of ovaries","1",NA,"ancestral reconstruction","Lopez-Martinez et al. (2023) | PROTEUS",NA
"2483","Dipentodon sinicus","no ovules","1",NA,"ancestral reconstruction","Lopez-Martinez et al. (2023) | PROTEUS",NA
"2484","Dipentodon sinicus","sex of flowers","0",NA,"ancestral reconstruction","Lopez-Martinez et al. (2023) | PROTEUS",NA
"2485","Dipentodon sinicus","ovary position","0",NA,"ancestral reconstruction","Lopez-Martinez et al. (2023) | PROTEUS",NA
"2486","Dipentodon sinicus","anther orientation","0",NA,"ancestral reconstruction","Lopez-Martinez et al. (2023) | PROTEUS",NA
"2487","Dipentodon sinicus","anther dehiscence","0",NA,"ancestral reconstruction","Lopez-Martinez et al. (2023) | PROTEUS",NA
"2488","Dipentodon sinicus","fusion of ovaries","1",NA,"ancestral reconstruction","Lopez-Martinez et al. (2023) | PROTEUS",NA
"2489","Diplarrena latifolia","ovary position","1",NA,"ancestral reconstruction","Lopez-Martinez et al. (2023) | PROTEUS",NA
"2490","Diplarrena latifolia","fusion of ovaries","1",NA,"ancestral reconstruction","Lopez-Martinez et al. (2023) | PROTEUS",NA
"2491","Diplopanax stachyanthus","no ovules","0",NA,"ancestral reconstruction","Lopez-Martinez et al. (2023) | PROTEUS",NA
"2492","Diplopanax stachyanthus","ovary position","1",NA,"ancestral reconstruction","Lopez-Martinez et al. (2023) | PROTEUS",NA
"2493","Dirachma socotrana","no ovules","0",NA,"ancestral reconstruction","Lopez-Martinez et al. (2023) | PROTEUS",NA
"2494","Dirachma socotrana","sex of flowers","0",NA,"ancestral reconstruction","Lopez-Martinez et al. (2023) | PROTEUS",NA
"2495","Dirachma socotrana","ovary position","0",NA,"ancestral reconstruction","Lopez-Martinez et al. (2023) | PROTEUS",NA
"2496","Dirachma socotrana","anther orientation","1",NA,"ancestral reconstruction","Lopez-Martinez et al. (2023) | PROTEUS",NA
"2497","Dirachma socotrana","anther attachment","0",NA,"ancestral reconstruction","Lopez-Martinez et al. (2023) | PROTEUS",NA
"2498","Dirachma socotrana","anther dehiscence","0",NA,"ancestral reconstruction","Lopez-Martinez et al. (2023) | PROTEUS",NA
"2499","Dirachma socotrana","fusion of ovaries","1",NA,"ancestral reconstruction","Lopez-Martinez et al. (2023) | PROTEUS",NA
"2500","Disporum sessile","sex of flowers","0",NA,"ancestral reconstruction","Lopez-Martinez et al. (2023) | PROTEUS",NA
"2501","Disporum sessile","ovary position","0",NA,"ancestral reconstruction","Lopez-Martinez et al. (2023) | PROTEUS",NA
"2502","Disporum sessile","anther orientation","2",NA,"ancestral reconstruction","Lopez-Martinez et al. (2023) | PROTEUS",NA
"2503","Disporum sessile","anther attachment","0",NA,"ancestral reconstruction","Lopez-Martinez et al. (2023) | PROTEUS",NA
"2504","Disporum sessile","anther dehiscence","0",NA,"ancestral reconstruction","Lopez-Martinez et al. (2023) | PROTEUS",NA
"2505","Dodartia orientalis","no ovules","0",NA,"ancestral reconstruction","Lopez-Martinez et al. (2023) | PROTEUS",NA
"2506","Dodartia orientalis","sex of flowers","0",NA,"ancestral reconstruction","Lopez-Martinez et al. (2023) | PROTEUS",NA
"2507","Dodartia orientalis","ovary position","0",NA,"ancestral reconstruction","Lopez-Martinez et al. (2023) | PROTEUS",NA
"2508","Dodartia orientalis","fusion of ovaries","1",NA,"ancestral reconstruction","Lopez-Martinez et al. (2023) | PROTEUS",NA
"2509","Donatia fascicularis","sex of flowers","0",NA,"ancestral reconstruction","Lopez-Martinez et al. (2023) | PROTEUS",NA
"2510","Donatia fascicularis","ovary position","1",NA,"ancestral reconstruction","Lopez-Martinez et al. (2023) | PROTEUS",NA
"2511","Donatia fascicularis","anther orientation","2",NA,"ancestral reconstruction","Lopez-Martinez et al. (2023) | PROTEUS",NA
"2512","Donatia fascicularis","anther attachment","1",NA,"ancestral reconstruction","Lopez-Martinez et al. (2023) | PROTEUS",NA
"2513","Doryanthes excelsa","sex of flowers","0",NA,"ancestral reconstruction","Lopez-Martinez et al. (2023) | PROTEUS",NA
"2514","Doryanthes excelsa","ovary position","1",NA,"ancestral reconstruction","Lopez-Martinez et al. (2023) | PROTEUS",NA
"2515","Doryanthes excelsa","anther orientation","2",NA,"ancestral reconstruction","Lopez-Martinez et al. (2023) | PROTEUS",NA
"2516","Doryanthes excelsa","anther attachment","0",NA,"ancestral reconstruction","Lopez-Martinez et al. (2023) | PROTEUS",NA
"2517","Doryanthes excelsa","anther dehiscence","0",NA,"ancestral reconstruction","Lopez-Martinez et al. (2023) | PROTEUS",NA
"2518","Doryanthes excelsa","fusion of ovaries","1",NA,"ancestral reconstruction","Lopez-Martinez et al. (2023) | PROTEUS",NA
"2519","Doryanthes palmeri","sex of flowers","0",NA,"ancestral reconstruction","Lopez-Martinez et al. (2023) | PROTEUS",NA
"2520","Doryanthes palmeri","ovary position","1",NA,"ancestral reconstruction","Lopez-Martinez et al. (2023) | PROTEUS",NA
"2521","Doryanthes palmeri","anther attachment","0",NA,"ancestral reconstruction","Lopez-Martinez et al. (2023) | PROTEUS",NA
"2522","Doryanthes palmeri","anther dehiscence","0",NA,"ancestral reconstruction","Lopez-Martinez et al. (2023) | PROTEUS",NA
"2523","Doryanthes palmeri","fusion of ovaries","1",NA,"ancestral reconstruction","Lopez-Martinez et al. (2023) | PROTEUS",NA
"2524","Doryphora sassafras","no ovules","0",NA,"ancestral reconstruction","Lopez-Martinez et al. (2023) | PROTEUS",NA
"2525","Doryphora sassafras","sex of flowers","0",NA,"ancestral reconstruction","Lopez-Martinez et al. (2023) | PROTEUS",NA
"2526","Doryphora sassafras","ovary position","0",NA,"ancestral reconstruction","Lopez-Martinez et al. (2023) | PROTEUS",NA
"2527","Doryphora sassafras","anther orientation","0",NA,"ancestral reconstruction","Lopez-Martinez et al. (2023) | PROTEUS",NA
"2528","Doryphora sassafras","anther attachment","0",NA,"ancestral reconstruction","Lopez-Martinez et al. (2023) | PROTEUS",NA
"2529","Doryphora sassafras","anther dehiscence","2",NA,"ancestral reconstruction","Lopez-Martinez et al. (2023) | PROTEUS",NA
"2530","Doryphora sassafras","fusion of ovaries","0",NA,"ancestral reconstruction","Lopez-Martinez et al. (2023) | PROTEUS",NA
"2531","Drimys winteri","no ovules","2",NA,"ancestral reconstruction","Lopez-Martinez et al. (2023) | PROTEUS",NA
"2532","Drimys winteri","sex of flowers","0",NA,"ancestral reconstruction","Lopez-Martinez et al. (2023) | PROTEUS",NA
"2533","Drimys winteri","ovary position","0",NA,"ancestral reconstruction","Lopez-Martinez et al. (2023) | PROTEUS",NA
"2534","Drimys winteri","anther orientation","2",NA,"ancestral reconstruction","Lopez-Martinez et al. (2023) | PROTEUS",NA
"2535","Drimys winteri","anther attachment","0",NA,"ancestral reconstruction","Lopez-Martinez et al. (2023) | PROTEUS",NA
"2536","Drimys winteri","anther dehiscence","0",NA,"ancestral reconstruction","Lopez-Martinez et al. (2023) | PROTEUS",NA
"2537","Drimys winteri","fusion of ovaries","0",NA,"ancestral reconstruction","Lopez-Martinez et al. (2023) | PROTEUS",NA
"2538","Drosera capensis","no ovules","2",NA,"ancestral reconstruction","Lopez-Martinez et al. (2023) | PROTEUS",NA
"2539","Drosera capensis","sex of flowers","0",NA,"ancestral reconstruction","Lopez-Martinez et al. (2023) | PROTEUS",NA
"2540","Drosera capensis","ovary position","0",NA,"ancestral reconstruction","Lopez-Martinez et al. (2023) | PROTEUS",NA
"2541","Drosera capensis","anther orientation","2",NA,"ancestral reconstruction","Lopez-Martinez et al. (2023) | PROTEUS",NA
"2542","Drosera capensis","anther attachment","0",NA,"ancestral reconstruction","Lopez-Martinez et al. (2023) | PROTEUS",NA
"2543","Drosera capensis","anther dehiscence","0",NA,"ancestral reconstruction","Lopez-Martinez et al. (2023) | PROTEUS",NA
"2544","Drosera capensis","fusion of ovaries","1",NA,"ancestral reconstruction","Lopez-Martinez et al. (2023) | PROTEUS",NA
"2545","Drosophyllum lusitanicum","no ovules","2",NA,"ancestral reconstruction","Lopez-Martinez et al. (2023) | PROTEUS",NA
"2546","Drosophyllum lusitanicum","sex of flowers","0",NA,"ancestral reconstruction","Lopez-Martinez et al. (2023) | PROTEUS",NA
"2547","Drosophyllum lusitanicum","ovary position","0",NA,"ancestral reconstruction","Lopez-Martinez et al. (2023) | PROTEUS",NA
"2548","Drosophyllum lusitanicum","anther orientation","2",NA,"ancestral reconstruction","Lopez-Martinez et al. (2023) | PROTEUS",NA
"2549","Drosophyllum lusitanicum","fusion of ovaries","1",NA,"ancestral reconstruction","Lopez-Martinez et al. (2023) | PROTEUS",NA
"2550","Dryas octopetala","no ovules","0",NA,"ancestral reconstruction","Lopez-Martinez et al. (2023) | PROTEUS",NA
"2551","Dryas octopetala","sex of flowers","0",NA,"ancestral reconstruction","Lopez-Martinez et al. (2023) | PROTEUS",NA
"2552","Dryas octopetala","ovary position","0",NA,"ancestral reconstruction","Lopez-Martinez et al. (2023) | PROTEUS",NA
"2553","Dryas octopetala","fusion of ovaries","0",NA,"ancestral reconstruction","Lopez-Martinez et al. (2023) | PROTEUS",NA
"2554","Drymaria cordata","sex of flowers","0",NA,"ancestral reconstruction","Lopez-Martinez et al. (2023) | PROTEUS",NA
"2555","Drymaria cordata","ovary position","0",NA,"ancestral reconstruction","Lopez-Martinez et al. (2023) | PROTEUS",NA
"2556","Duckeodendron cestroides","no ovules","0",NA,"ancestral reconstruction","Lopez-Martinez et al. (2023) | PROTEUS",NA
"2557","Duckeodendron cestroides","sex of flowers","0",NA,"ancestral reconstruction","Lopez-Martinez et al. (2023) | PROTEUS",NA
"2558","Duckeodendron cestroides","ovary position","0",NA,"ancestral reconstruction","Lopez-Martinez et al. (2023) | PROTEUS",NA
"2559","Duckeodendron cestroides","anther orientation","0",NA,"ancestral reconstruction","Lopez-Martinez et al. (2023) | PROTEUS",NA
"2560","Duckeodendron cestroides","anther dehiscence","0",NA,"ancestral reconstruction","Lopez-Martinez et al. (2023) | PROTEUS",NA
"2561","Duckeodendron cestroides","fusion of ovaries","1",NA,"ancestral reconstruction","Lopez-Martinez et al. (2023) | PROTEUS",NA
"2562","Duparquetia orchidacea","no ovules","1&2",NA,"ancestral reconstruction","Lopez-Martinez et al. (2023) | PROTEUS",NA
"2563","Duparquetia orchidacea","sex of flowers","0",NA,"ancestral reconstruction","Lopez-Martinez et al. (2023) | PROTEUS",NA
"2564","Duparquetia orchidacea","ovary position","0",NA,"ancestral reconstruction","Lopez-Martinez et al. (2023) | PROTEUS",NA
"2565","Duparquetia orchidacea","anther orientation","0",NA,"ancestral reconstruction","Lopez-Martinez et al. (2023) | PROTEUS",NA
"2566","Duparquetia orchidacea","anther attachment","0",NA,"ancestral reconstruction","Lopez-Martinez et al. (2023) | PROTEUS",NA
"2567","Duparquetia orchidacea","anther dehiscence","0",NA,"ancestral reconstruction","Lopez-Martinez et al. (2023) | PROTEUS",NA
"2568","Durandea pentagyna","no ovules","1",NA,"ancestral reconstruction","Lopez-Martinez et al. (2023) | PROTEUS",NA
"2569","Durandea pentagyna","sex of flowers","0",NA,"ancestral reconstruction","Lopez-Martinez et al. (2023) | PROTEUS",NA
"2570","Durandea pentagyna","ovary position","0",NA,"ancestral reconstruction","Lopez-Martinez et al. (2023) | PROTEUS",NA
"2571","Durandea pentagyna","anther attachment","1",NA,"ancestral reconstruction","Lopez-Martinez et al. (2023) | PROTEUS",NA
"2572","Durandea pentagyna","fusion of ovaries","1",NA,"ancestral reconstruction","Lopez-Martinez et al. (2023) | PROTEUS",NA
"2573","Durio zibethinus","no ovules","2",NA,"ancestral reconstruction","Lopez-Martinez et al. (2023) | PROTEUS",NA
"2574","Durio zibethinus","sex of flowers","0",NA,"ancestral reconstruction","Lopez-Martinez et al. (2023) | PROTEUS",NA
"2575","Durio zibethinus","ovary position","0",NA,"ancestral reconstruction","Lopez-Martinez et al. (2023) | PROTEUS",NA
"2576","Durio zibethinus","anther dehiscence","0",NA,"ancestral reconstruction","Lopez-Martinez et al. (2023) | PROTEUS",NA
"2577","Durio zibethinus","fusion of ovaries","1",NA,"ancestral reconstruction","Lopez-Martinez et al. (2023) | PROTEUS",NA
"2578","Dyera costulata","sex of flowers","0",NA,"ancestral reconstruction","Lopez-Martinez et al. (2023) | PROTEUS",NA
"2579","Dyera costulata","anther orientation","0",NA,"ancestral reconstruction","Lopez-Martinez et al. (2023) | PROTEUS",NA
"2580","Dyera costulata","anther dehiscence","0",NA,"ancestral reconstruction","Lopez-Martinez et al. (2023) | PROTEUS",NA
"2581","Dyera costulata","fusion of ovaries","0",NA,"ancestral reconstruction","Lopez-Martinez et al. (2023) | PROTEUS",NA
"2582","Ecdeiocolea monostachya","no ovules","0",NA,"ancestral reconstruction","Lopez-Martinez et al. (2023) | PROTEUS",NA
"2583","Ecdeiocolea monostachya","sex of flowers","1",NA,"ancestral reconstruction","Lopez-Martinez et al. (2023) | PROTEUS",NA
"2584","Ecdeiocolea monostachya","ovary position","0",NA,"ancestral reconstruction","Lopez-Martinez et al. (2023) | PROTEUS",NA
"2585","Ecdeiocolea monostachya","anther attachment","1",NA,"ancestral reconstruction","Lopez-Martinez et al. (2023) | PROTEUS",NA
"2586","Ecdeiocolea monostachya","anther dehiscence","0",NA,"ancestral reconstruction","Lopez-Martinez et al. (2023) | PROTEUS",NA
"2587","Ecdeiocolea monostachya","fusion of ovaries","1",NA,"ancestral reconstruction","Lopez-Martinez et al. (2023) | PROTEUS",NA
"2588","Echinops exaltatus","no ovules","0",NA,"ancestral reconstruction","Lopez-Martinez et al. (2023) | PROTEUS",NA
"2589","Echinops exaltatus","sex of flowers","0",NA,"ancestral reconstruction","Lopez-Martinez et al. (2023) | PROTEUS",NA
"2590","Echinops exaltatus","ovary position","1",NA,"ancestral reconstruction","Lopez-Martinez et al. (2023) | PROTEUS",NA
"2591","Echinops exaltatus","anther orientation","0",NA,"ancestral reconstruction","Lopez-Martinez et al. (2023) | PROTEUS",NA
"2592","Echinops exaltatus","anther attachment","0",NA,"ancestral reconstruction","Lopez-Martinez et al. (2023) | PROTEUS",NA
"2593","Echinops exaltatus","fusion of ovaries","1",NA,"ancestral reconstruction","Lopez-Martinez et al. (2023) | PROTEUS",NA
"2594","Ehretia acuminata","no ovules","1",NA,"ancestral reconstruction","Lopez-Martinez et al. (2023) | PROTEUS",NA
"2595","Ehretia acuminata","sex of flowers","0",NA,"ancestral reconstruction","Lopez-Martinez et al. (2023) | PROTEUS",NA
"2596","Ehretia acuminata","ovary position","0",NA,"ancestral reconstruction","Lopez-Martinez et al. (2023) | PROTEUS",NA
"2597","Ehretia acuminata","anther orientation","0",NA,"ancestral reconstruction","Lopez-Martinez et al. (2023) | PROTEUS",NA
"2598","Ehretia acuminata","anther dehiscence","0",NA,"ancestral reconstruction","Lopez-Martinez et al. (2023) | PROTEUS",NA
"2599","Ehretia acuminata","fusion of ovaries","1",NA,"ancestral reconstruction","Lopez-Martinez et al. (2023) | PROTEUS",NA
"2600","Elaeagnus umbellata","no ovules","0",NA,"ancestral reconstruction","Lopez-Martinez et al. (2023) | PROTEUS",NA
"2601","Elaeagnus umbellata","sex of flowers","0",NA,"ancestral reconstruction","Lopez-Martinez et al. (2023) | PROTEUS",NA
"2602","Elaeagnus umbellata","ovary position","0",NA,"ancestral reconstruction","Lopez-Martinez et al. (2023) | PROTEUS",NA
"2603","Elaeagnus umbellata","anther dehiscence","0",NA,"ancestral reconstruction","Lopez-Martinez et al. (2023) | PROTEUS",NA
"2604","Elaeis guineensis","no ovules","0",NA,"ancestral reconstruction","Lopez-Martinez et al. (2023) | PROTEUS",NA
"2605","Elaeis guineensis","sex of flowers","0",NA,"ancestral reconstruction","Lopez-Martinez et al. (2023) | PROTEUS",NA
"2606","Elaeis guineensis","ovary position","0",NA,"ancestral reconstruction","Lopez-Martinez et al. (2023) | PROTEUS",NA
"2607","Elaeis guineensis","fusion of ovaries","1",NA,"ancestral reconstruction","Lopez-Martinez et al. (2023) | PROTEUS",NA
"2608","Elaeocarpus reticulatus","no ovules","2",NA,"ancestral reconstruction","Lopez-Martinez et al. (2023) | PROTEUS",NA
"2609","Elaeocarpus reticulatus","sex of flowers","0",NA,"ancestral reconstruction","Lopez-Martinez et al. (2023) | PROTEUS",NA
"2610","Elaeocarpus reticulatus","ovary position","0",NA,"ancestral reconstruction","Lopez-Martinez et al. (2023) | PROTEUS",NA
"2611","Elaeocarpus reticulatus","fusion of ovaries","1",NA,"ancestral reconstruction","Lopez-Martinez et al. (2023) | PROTEUS",NA
"2612","Elatine triandra","no ovules","2",NA,"ancestral reconstruction","Lopez-Martinez et al. (2023) | PROTEUS",NA
"2613","Elatine triandra","sex of flowers","0",NA,"ancestral reconstruction","Lopez-Martinez et al. (2023) | PROTEUS",NA
"2614","Elatine triandra","ovary position","0",NA,"ancestral reconstruction","Lopez-Martinez et al. (2023) | PROTEUS",NA
"2615","Elatine triandra","fusion of ovaries","1",NA,"ancestral reconstruction","Lopez-Martinez et al. (2023) | PROTEUS",NA
"2616","Emblingia calceoliflora","no ovules","0",NA,"ancestral reconstruction","Lopez-Martinez et al. (2023) | PROTEUS",NA
"2617","Emblingia calceoliflora","sex of flowers","0",NA,"ancestral reconstruction","Lopez-Martinez et al. (2023) | PROTEUS",NA
"2618","Emblingia calceoliflora","ovary position","0",NA,"ancestral reconstruction","Lopez-Martinez et al. (2023) | PROTEUS",NA
"2619","Emblingia calceoliflora","fusion of ovaries","1",NA,"ancestral reconstruction","Lopez-Martinez et al. (2023) | PROTEUS",NA
"2620","Endodesmia calophylloides","no ovules","0",NA,"ancestral reconstruction","Lopez-Martinez et al. (2023) | PROTEUS",NA
"2621","Endodesmia calophylloides","sex of flowers","0",NA,"ancestral reconstruction","Lopez-Martinez et al. (2023) | PROTEUS",NA
"2622","Endodesmia calophylloides","ovary position","0",NA,"ancestral reconstruction","Lopez-Martinez et al. (2023) | PROTEUS",NA
"2623","Endodesmia calophylloides","anther dehiscence","0",NA,"ancestral reconstruction","Lopez-Martinez et al. (2023) | PROTEUS",NA
"2624","Endospermum moluccanum","no ovules","0",NA,"ancestral reconstruction","Lopez-Martinez et al. (2023) | PROTEUS",NA
"2625","Endospermum moluccanum","ovary position","0",NA,"ancestral reconstruction","Lopez-Martinez et al. (2023) | PROTEUS",NA
"2626","Endospermum moluccanum","anther orientation","2",NA,"ancestral reconstruction","Lopez-Martinez et al. (2023) | PROTEUS",NA
"2627","Endospermum moluccanum","anther attachment","1",NA,"ancestral reconstruction","Lopez-Martinez et al. (2023) | PROTEUS",NA
"2628","Endospermum moluccanum","anther dehiscence","0",NA,"ancestral reconstruction","Lopez-Martinez et al. (2023) | PROTEUS",NA
"2629","Endospermum moluccanum","fusion of ovaries","1",NA,"ancestral reconstruction","Lopez-Martinez et al. (2023) | PROTEUS",NA
"2630","Enkianthus campanulatus","sex of flowers","0",NA,"ancestral reconstruction","Lopez-Martinez et al. (2023) | PROTEUS",NA
"2631","Enkianthus perulatus","sex of flowers","0",NA,"ancestral reconstruction","Lopez-Martinez et al. (2023) | PROTEUS",NA
"2632","Enkianthus perulatus","ovary position","0",NA,"ancestral reconstruction","Lopez-Martinez et al. (2023) | PROTEUS",NA
"2633","Enkianthus perulatus","anther orientation","0",NA,"ancestral reconstruction","Lopez-Martinez et al. (2023) | PROTEUS",NA
"2634","Enkianthus perulatus","anther dehiscence","0",NA,"ancestral reconstruction","Lopez-Martinez et al. (2023) | PROTEUS",NA
"2635","Enkianthus perulatus","fusion of ovaries","1",NA,"ancestral reconstruction","Lopez-Martinez et al. (2023) | PROTEUS",NA
"2636","Ensete ventricosum","sex of flowers","0",NA,"ancestral reconstruction","Lopez-Martinez et al. (2023) | PROTEUS",NA
"2637","Ensete ventricosum","ovary position","1",NA,"ancestral reconstruction","Lopez-Martinez et al. (2023) | PROTEUS",NA
"2638","Ensete ventricosum","anther attachment","0",NA,"ancestral reconstruction","Lopez-Martinez et al. (2023) | PROTEUS",NA
"2639","Ensete ventricosum","fusion of ovaries","1",NA,"ancestral reconstruction","Lopez-Martinez et al. (2023) | PROTEUS",NA
"2640","Epacris lanuginosa","sex of flowers","0",NA,"ancestral reconstruction","Lopez-Martinez et al. (2023) | PROTEUS",NA
"2641","Epacris lanuginosa","ovary position","0",NA,"ancestral reconstruction","Lopez-Martinez et al. (2023) | PROTEUS",NA
"2642","Epacris lanuginosa","anther orientation","0",NA,"ancestral reconstruction","Lopez-Martinez et al. (2023) | PROTEUS",NA
"2643","Epacris lanuginosa","anther attachment","1",NA,"ancestral reconstruction","Lopez-Martinez et al. (2023) | PROTEUS",NA
"2644","Epacris lanuginosa","anther dehiscence","0",NA,"ancestral reconstruction","Lopez-Martinez et al. (2023) | PROTEUS",NA
"2645","Epacris lanuginosa","fusion of ovaries","1",NA,"ancestral reconstruction","Lopez-Martinez et al. (2023) | PROTEUS",NA
"2646","Epifagus virginiana","ovary position","0",NA,"ancestral reconstruction","Lopez-Martinez et al. (2023) | PROTEUS",NA
"2647","Epifagus virginiana","fusion of ovaries","1",NA,"ancestral reconstruction","Lopez-Martinez et al. (2023) | PROTEUS",NA
"2648","Epipremnum pinnatum","no ovules","1&2",NA,"ancestral reconstruction","Lopez-Martinez et al. (2023) | PROTEUS",NA
"2649","Epipremnum pinnatum","sex of flowers","0",NA,"ancestral reconstruction","Lopez-Martinez et al. (2023) | PROTEUS",NA
"2650","Epipremnum pinnatum","ovary position","0",NA,"ancestral reconstruction","Lopez-Martinez et al. (2023) | PROTEUS",NA
"2651","Epipremnum pinnatum","anther orientation","2",NA,"ancestral reconstruction","Lopez-Martinez et al. (2023) | PROTEUS",NA
"2652","Epipremnum pinnatum","anther attachment","0",NA,"ancestral reconstruction","Lopez-Martinez et al. (2023) | PROTEUS",NA
"2653","Epipremnum pinnatum","anther dehiscence","0",NA,"ancestral reconstruction","Lopez-Martinez et al. (2023) | PROTEUS",NA
"2654","Eremosyne pectinata","no ovules","0",NA,"ancestral reconstruction","Lopez-Martinez et al. (2023) | PROTEUS",NA
"2655","Eremosyne pectinata","sex of flowers","0",NA,"ancestral reconstruction","Lopez-Martinez et al. (2023) | PROTEUS",NA
"2656","Eremosyne pectinata","ovary position","1",NA,"ancestral reconstruction","Lopez-Martinez et al. (2023) | PROTEUS",NA
"2657","Eremosyne pectinata","anther orientation","0&1",NA,"ancestral reconstruction","Lopez-Martinez et al. (2023) | PROTEUS",NA
"2658","Eremosyne pectinata","anther attachment","1",NA,"ancestral reconstruction","Lopez-Martinez et al. (2023) | PROTEUS",NA
"2659","Eremosyne pectinata","anther dehiscence","0",NA,"ancestral reconstruction","Lopez-Martinez et al. (2023) | PROTEUS",NA
"2660","Eremosyne pectinata","fusion of ovaries","1",NA,"ancestral reconstruction","Lopez-Martinez et al. (2023) | PROTEUS",NA
"2661","Eriachne aristidea","no ovules","0",NA,"ancestral reconstruction","Lopez-Martinez et al. (2023) | PROTEUS",NA
"2662","Eriachne aristidea","sex of flowers","0",NA,"ancestral reconstruction","Lopez-Martinez et al. (2023) | PROTEUS",NA
"2663","Eriocaulon aquaticum","no ovules","0",NA,"ancestral reconstruction","Lopez-Martinez et al. (2023) | PROTEUS",NA
"2664","Eriocaulon aquaticum","sex of flowers","1",NA,"ancestral reconstruction","Lopez-Martinez et al. (2023) | PROTEUS",NA
"2665","Eriocaulon aquaticum","ovary position","0",NA,"ancestral reconstruction","Lopez-Martinez et al. (2023) | PROTEUS",NA
"2666","Eriocaulon aquaticum","anther attachment","1",NA,"ancestral reconstruction","Lopez-Martinez et al. (2023) | PROTEUS",NA
"2667","Eriocaulon aquaticum","anther dehiscence","0",NA,"ancestral reconstruction","Lopez-Martinez et al. (2023) | PROTEUS",NA
"2668","Eriocaulon aquaticum","fusion of ovaries","1",NA,"ancestral reconstruction","Lopez-Martinez et al. (2023) | PROTEUS",NA
"2669","Eriodictyon californicum","sex of flowers","0",NA,"ancestral reconstruction","Lopez-Martinez et al. (2023) | PROTEUS",NA
"2670","Eriodictyon californicum","ovary position","0",NA,"ancestral reconstruction","Lopez-Martinez et al. (2023) | PROTEUS",NA
"2671","Eriodictyon californicum","fusion of ovaries","1",NA,"ancestral reconstruction","Lopez-Martinez et al. (2023) | PROTEUS",NA
"2672","Eriospermum cervicorne","sex of flowers","0",NA,"ancestral reconstruction","Lopez-Martinez et al. (2023) | PROTEUS",NA
"2673","Eriospermum cervicorne","ovary position","0",NA,"ancestral reconstruction","Lopez-Martinez et al. (2023) | PROTEUS",NA
"2674","Eriospermum cervicorne","anther orientation","0",NA,"ancestral reconstruction","Lopez-Martinez et al. (2023) | PROTEUS",NA
"2675","Eriospermum cervicorne","anther attachment","1",NA,"ancestral reconstruction","Lopez-Martinez et al. (2023) | PROTEUS",NA
"2676","Eriospermum cervicorne","anther dehiscence","0",NA,"ancestral reconstruction","Lopez-Martinez et al. (2023) | PROTEUS",NA
"2677","Eriospermum cervicorne","fusion of ovaries","1",NA,"ancestral reconstruction","Lopez-Martinez et al. (2023) | PROTEUS",NA
"2678","Erycibe coccinea","sex of flowers","0",NA,"ancestral reconstruction","Lopez-Martinez et al. (2023) | PROTEUS",NA
"2679","Erycibe coccinea","ovary position","0",NA,"ancestral reconstruction","Lopez-Martinez et al. (2023) | PROTEUS",NA
"2680","Erythropalum scandens","no ovules","1&2",NA,"ancestral reconstruction","Lopez-Martinez et al. (2023) | PROTEUS",NA
"2681","Erythropalum scandens","sex of flowers","0",NA,"ancestral reconstruction","Lopez-Martinez et al. (2023) | PROTEUS",NA
"2682","Erythropalum scandens","ovary position","1",NA,"ancestral reconstruction","Lopez-Martinez et al. (2023) | PROTEUS",NA
"2683","Erythropalum scandens","anther orientation","0",NA,"ancestral reconstruction","Lopez-Martinez et al. (2023) | PROTEUS",NA
"2684","Erythropalum scandens","anther dehiscence","0",NA,"ancestral reconstruction","Lopez-Martinez et al. (2023) | PROTEUS",NA
"2685","Erythrospermum phytolaccoides","sex of flowers","0",NA,"ancestral reconstruction","Lopez-Martinez et al. (2023) | PROTEUS",NA
"2686","Erythrospermum phytolaccoides","ovary position","0",NA,"ancestral reconstruction","Lopez-Martinez et al. (2023) | PROTEUS",NA
"2687","Erythrospermum phytolaccoides","anther orientation","1",NA,"ancestral reconstruction","Lopez-Martinez et al. (2023) | PROTEUS",NA
"2688","Erythrospermum phytolaccoides","anther dehiscence","0",NA,"ancestral reconstruction","Lopez-Martinez et al. (2023) | PROTEUS",NA
"2689","Erythrospermum phytolaccoides","fusion of ovaries","1",NA,"ancestral reconstruction","Lopez-Martinez et al. (2023) | PROTEUS",NA
"2690","Erythroxylum confusum","no ovules","0",NA,"ancestral reconstruction","Lopez-Martinez et al. (2023) | PROTEUS",NA
"2691","Erythroxylum confusum","ovary position","0",NA,"ancestral reconstruction","Lopez-Martinez et al. (2023) | PROTEUS",NA
"2692","Erythroxylum confusum","anther orientation","0",NA,"ancestral reconstruction","Lopez-Martinez et al. (2023) | PROTEUS",NA
"2693","Erythroxylum confusum","anther attachment","0",NA,"ancestral reconstruction","Lopez-Martinez et al. (2023) | PROTEUS",NA
"2694","Erythroxylum confusum","anther dehiscence","0",NA,"ancestral reconstruction","Lopez-Martinez et al. (2023) | PROTEUS",NA
"2695","Erythroxylum confusum","fusion of ovaries","1",NA,"ancestral reconstruction","Lopez-Martinez et al. (2023) | PROTEUS",NA
"2696","Escallonia rubra","sex of flowers","0",NA,"ancestral reconstruction","Lopez-Martinez et al. (2023) | PROTEUS",NA
"2697","Escallonia rubra","ovary position","1",NA,"ancestral reconstruction","Lopez-Martinez et al. (2023) | PROTEUS",NA
"2698","Escallonia rubra","anther orientation","0",NA,"ancestral reconstruction","Lopez-Martinez et al. (2023) | PROTEUS",NA
"2699","Escallonia rubra","anther attachment","1",NA,"ancestral reconstruction","Lopez-Martinez et al. (2023) | PROTEUS",NA
"2700","Escallonia rubra","fusion of ovaries","1",NA,"ancestral reconstruction","Lopez-Martinez et al. (2023) | PROTEUS",NA
"2701","Eschscholzia californica","sex of flowers","0",NA,"ancestral reconstruction","Lopez-Martinez et al. (2023) | PROTEUS",NA
"2702","Eschscholzia californica","ovary position","0",NA,"ancestral reconstruction","Lopez-Martinez et al. (2023) | PROTEUS",NA
"2703","Eschscholzia californica","anther orientation","2",NA,"ancestral reconstruction","Lopez-Martinez et al. (2023) | PROTEUS",NA
"2704","Eschscholzia californica","anther attachment","0",NA,"ancestral reconstruction","Lopez-Martinez et al. (2023) | PROTEUS",NA
"2705","Eschscholzia californica","anther dehiscence","0",NA,"ancestral reconstruction","Lopez-Martinez et al. (2023) | PROTEUS",NA
"2706","Eschscholzia californica","fusion of ovaries","1",NA,"ancestral reconstruction","Lopez-Martinez et al. (2023) | PROTEUS",NA
"2707","Euclea crispa","no ovules","0",NA,"ancestral reconstruction","Lopez-Martinez et al. (2023) | PROTEUS",NA
"2708","Euclea crispa","sex of flowers","0&1",NA,"ancestral reconstruction","Lopez-Martinez et al. (2023) | PROTEUS",NA
"2709","Euclea crispa","ovary position","0",NA,"ancestral reconstruction","Lopez-Martinez et al. (2023) | PROTEUS",NA
"2710","Euclea crispa","anther orientation","1",NA,"ancestral reconstruction","Lopez-Martinez et al. (2023) | PROTEUS",NA
"2711","Euclea crispa","fusion of ovaries","1",NA,"ancestral reconstruction","Lopez-Martinez et al. (2023) | PROTEUS",NA
"2712","Eucnide bartonioides","sex of flowers","0",NA,"ancestral reconstruction","Lopez-Martinez et al. (2023) | PROTEUS",NA
"2713","Eucnide bartonioides","ovary position","1",NA,"ancestral reconstruction","Lopez-Martinez et al. (2023) | PROTEUS",NA
"2714","Eucnide bartonioides","anther attachment","0",NA,"ancestral reconstruction","Lopez-Martinez et al. (2023) | PROTEUS",NA
"2715","Eucnide bartonioides","anther dehiscence","0",NA,"ancestral reconstruction","Lopez-Martinez et al. (2023) | PROTEUS",NA
"2716","Eucnide bartonioides","fusion of ovaries","1",NA,"ancestral reconstruction","Lopez-Martinez et al. (2023) | PROTEUS",NA
"2717","Eucommia ulmoides","no ovules","1",NA,"ancestral reconstruction","Lopez-Martinez et al. (2023) | PROTEUS",NA
"2718","Eucommia ulmoides","sex of flowers","1",NA,"ancestral reconstruction","Lopez-Martinez et al. (2023) | PROTEUS",NA
"2719","Eucommia ulmoides","ovary position","0",NA,"ancestral reconstruction","Lopez-Martinez et al. (2023) | PROTEUS",NA
"2720","Eucommia ulmoides","anther attachment","0",NA,"ancestral reconstruction","Lopez-Martinez et al. (2023) | PROTEUS",NA
"2721","Eucommia ulmoides","anther dehiscence","0",NA,"ancestral reconstruction","Lopez-Martinez et al. (2023) | PROTEUS",NA
"2722","Eucommia ulmoides","fusion of ovaries","1",NA,"ancestral reconstruction","Lopez-Martinez et al. (2023) | PROTEUS",NA
"2723","Eucryphia lucida","no ovules","2",NA,"ancestral reconstruction","Lopez-Martinez et al. (2023) | PROTEUS",NA
"2724","Eucryphia lucida","sex of flowers","0",NA,"ancestral reconstruction","Lopez-Martinez et al. (2023) | PROTEUS",NA
"2725","Eucryphia lucida","ovary position","0",NA,"ancestral reconstruction","Lopez-Martinez et al. (2023) | PROTEUS",NA
"2726","Eucryphia lucida","fusion of ovaries","1",NA,"ancestral reconstruction","Lopez-Martinez et al. (2023) | PROTEUS",NA
"2727","Eugeissona tristis","no ovules","0",NA,"ancestral reconstruction","Lopez-Martinez et al. (2023) | PROTEUS",NA
"2728","Eugeissona tristis","sex of flowers","0",NA,"ancestral reconstruction","Lopez-Martinez et al. (2023) | PROTEUS",NA
"2729","Eugeissona tristis","ovary position","0",NA,"ancestral reconstruction","Lopez-Martinez et al. (2023) | PROTEUS",NA
"2730","Eugeissona tristis","anther orientation","2",NA,"ancestral reconstruction","Lopez-Martinez et al. (2023) | PROTEUS",NA
"2731","Eugeissona tristis","anther attachment","0",NA,"ancestral reconstruction","Lopez-Martinez et al. (2023) | PROTEUS",NA
"2732","Eugeissona tristis","fusion of ovaries","1",NA,"ancestral reconstruction","Lopez-Martinez et al. (2023) | PROTEUS",NA
"2733","Euonymus americanus","no ovules","1",NA,"ancestral reconstruction","Lopez-Martinez et al. (2023) | PROTEUS",NA
"2734","Euonymus americanus","sex of flowers","0",NA,"ancestral reconstruction","Lopez-Martinez et al. (2023) | PROTEUS",NA
"2735","Euonymus americanus","ovary position","0",NA,"ancestral reconstruction","Lopez-Martinez et al. (2023) | PROTEUS",NA
"2736","Euonymus americanus","anther dehiscence","0",NA,"ancestral reconstruction","Lopez-Martinez et al. (2023) | PROTEUS",NA
"2737","Euonymus americanus","fusion of ovaries","1",NA,"ancestral reconstruction","Lopez-Martinez et al. (2023) | PROTEUS",NA
"2738","Euphorbia epithymoides","no ovules","0",NA,"ancestral reconstruction","Lopez-Martinez et al. (2023) | PROTEUS",NA
"2739","Euphorbia epithymoides","sex of flowers","1",NA,"ancestral reconstruction","Lopez-Martinez et al. (2023) | PROTEUS",NA
"2740","Euphorbia epithymoides","ovary position","0",NA,"ancestral reconstruction","Lopez-Martinez et al. (2023) | PROTEUS",NA
"2741","Euphorbia epithymoides","fusion of ovaries","1",NA,"ancestral reconstruction","Lopez-Martinez et al. (2023) | PROTEUS",NA
"2742","Euphronia guianensis","no ovules","1",NA,"ancestral reconstruction","Lopez-Martinez et al. (2023) | PROTEUS",NA
"2743","Euphronia guianensis","sex of flowers","0",NA,"ancestral reconstruction","Lopez-Martinez et al. (2023) | PROTEUS",NA
"2744","Euphronia guianensis","ovary position","1",NA,"ancestral reconstruction","Lopez-Martinez et al. (2023) | PROTEUS",NA
"2745","Euphronia guianensis","anther orientation","0",NA,"ancestral reconstruction","Lopez-Martinez et al. (2023) | PROTEUS",NA
"2746","Euphronia guianensis","anther attachment","1",NA,"ancestral reconstruction","Lopez-Martinez et al. (2023) | PROTEUS",NA
"2747","Euphronia guianensis","anther dehiscence","0",NA,"ancestral reconstruction","Lopez-Martinez et al. (2023) | PROTEUS",NA
"2748","Euphronia guianensis","fusion of ovaries","1",NA,"ancestral reconstruction","Lopez-Martinez et al. (2023) | PROTEUS",NA
"2749","Eupomatia bennettii","sex of flowers","0",NA,"ancestral reconstruction","Lopez-Martinez et al. (2023) | PROTEUS",NA
"2750","Eupomatia bennettii","ovary position","1",NA,"ancestral reconstruction","Lopez-Martinez et al. (2023) | PROTEUS",NA
"2751","Eupomatia bennettii","anther orientation","0",NA,"ancestral reconstruction","Lopez-Martinez et al. (2023) | PROTEUS",NA
"2752","Eupomatia bennettii","anther attachment","0",NA,"ancestral reconstruction","Lopez-Martinez et al. (2023) | PROTEUS",NA
"2753","Eupomatia bennettii","anther dehiscence","1",NA,"ancestral reconstruction","Lopez-Martinez et al. (2023) | PROTEUS",NA
"2754","Eupomatia bennettii","fusion of ovaries","1",NA,"ancestral reconstruction","Lopez-Martinez et al. (2023) | PROTEUS",NA
"2755","Eupomatia laurina","no ovules","1&2",NA,"ancestral reconstruction","Lopez-Martinez et al. (2023) | PROTEUS",NA
"2756","Eupomatia laurina","sex of flowers","0",NA,"ancestral reconstruction","Lopez-Martinez et al. (2023) | PROTEUS",NA
"2757","Eupomatia laurina","anther orientation","0",NA,"ancestral reconstruction","Lopez-Martinez et al. (2023) | PROTEUS",NA
"2758","Eupomatia laurina","anther attachment","0",NA,"ancestral reconstruction","Lopez-Martinez et al. (2023) | PROTEUS",NA
"2759","Eupomatia laurina","anther dehiscence","1",NA,"ancestral reconstruction","Lopez-Martinez et al. (2023) | PROTEUS",NA
"2760","Eupomatia laurina","fusion of ovaries","1",NA,"ancestral reconstruction","Lopez-Martinez et al. (2023) | PROTEUS",NA
"2761","Euptelea pleiosperma","no ovules","0&1&2",NA,"ancestral reconstruction","Lopez-Martinez et al. (2023) | PROTEUS",NA
"2762","Euptelea pleiosperma","sex of flowers","0",NA,"ancestral reconstruction","Lopez-Martinez et al. (2023) | PROTEUS",NA
"2763","Euptelea pleiosperma","ovary position","0",NA,"ancestral reconstruction","Lopez-Martinez et al. (2023) | PROTEUS",NA
"2764","Euptelea pleiosperma","anther attachment","0",NA,"ancestral reconstruction","Lopez-Martinez et al. (2023) | PROTEUS",NA
"2765","Euptelea pleiosperma","anther dehiscence","1",NA,"ancestral reconstruction","Lopez-Martinez et al. (2023) | PROTEUS",NA
"2766","Euptelea pleiosperma","fusion of ovaries","0",NA,"ancestral reconstruction","Lopez-Martinez et al. (2023) | PROTEUS",NA
"2767","Euptelea polyandra","no ovules","0&1&2",NA,"ancestral reconstruction","Lopez-Martinez et al. (2023) | PROTEUS",NA
"2768","Euptelea polyandra","sex of flowers","0",NA,"ancestral reconstruction","Lopez-Martinez et al. (2023) | PROTEUS",NA
"2769","Euptelea polyandra","ovary position","0",NA,"ancestral reconstruction","Lopez-Martinez et al. (2023) | PROTEUS",NA
"2770","Euptelea polyandra","anther orientation","1",NA,"ancestral reconstruction","Lopez-Martinez et al. (2023) | PROTEUS",NA
"2771","Euptelea polyandra","anther attachment","0",NA,"ancestral reconstruction","Lopez-Martinez et al. (2023) | PROTEUS",NA
"2772","Euptelea polyandra","anther dehiscence","1",NA,"ancestral reconstruction","Lopez-Martinez et al. (2023) | PROTEUS",NA
"2773","Euptelea polyandra","fusion of ovaries","0",NA,"ancestral reconstruction","Lopez-Martinez et al. (2023) | PROTEUS",NA
"2774","Eurya japonica","no ovules","2",NA,"ancestral reconstruction","Lopez-Martinez et al. (2023) | PROTEUS",NA
"2775","Eurya japonica","sex of flowers","0",NA,"ancestral reconstruction","Lopez-Martinez et al. (2023) | PROTEUS",NA
"2776","Eurya japonica","ovary position","0",NA,"ancestral reconstruction","Lopez-Martinez et al. (2023) | PROTEUS",NA
"2777","Eurya japonica","anther orientation","0",NA,"ancestral reconstruction","Lopez-Martinez et al. (2023) | PROTEUS",NA
"2778","Eurya japonica","anther attachment","0",NA,"ancestral reconstruction","Lopez-Martinez et al. (2023) | PROTEUS",NA
"2779","Eurya japonica","anther dehiscence","0",NA,"ancestral reconstruction","Lopez-Martinez et al. (2023) | PROTEUS",NA
"2780","Eurya japonica","fusion of ovaries","1",NA,"ancestral reconstruction","Lopez-Martinez et al. (2023) | PROTEUS",NA
"2781","Euscaphis japonica","sex of flowers","0",NA,"ancestral reconstruction","Lopez-Martinez et al. (2023) | PROTEUS",NA
"2782","Euscaphis japonica","ovary position","0",NA,"ancestral reconstruction","Lopez-Martinez et al. (2023) | PROTEUS",NA
"2783","Euscaphis japonica","anther dehiscence","0",NA,"ancestral reconstruction","Lopez-Martinez et al. (2023) | PROTEUS",NA
"2784","Euscaphis japonica","fusion of ovaries","0&1",NA,"ancestral reconstruction","Lopez-Martinez et al. (2023) | PROTEUS",NA
"2785","Evolvulus nuttallianus","no ovules","1",NA,"ancestral reconstruction","Lopez-Martinez et al. (2023) | PROTEUS",NA
"2786","Evolvulus nuttallianus","sex of flowers","0",NA,"ancestral reconstruction","Lopez-Martinez et al. (2023) | PROTEUS",NA
"2787","Evolvulus nuttallianus","ovary position","0",NA,"ancestral reconstruction","Lopez-Martinez et al. (2023) | PROTEUS",NA
"2788","Evolvulus nuttallianus","anther orientation","0",NA,"ancestral reconstruction","Lopez-Martinez et al. (2023) | PROTEUS",NA
"2789","Evolvulus nuttallianus","anther dehiscence","0",NA,"ancestral reconstruction","Lopez-Martinez et al. (2023) | PROTEUS",NA
"2790","Evolvulus nuttallianus","fusion of ovaries","1",NA,"ancestral reconstruction","Lopez-Martinez et al. (2023) | PROTEUS",NA
"2791","Exacum affine","sex of flowers","0",NA,"ancestral reconstruction","Lopez-Martinez et al. (2023) | PROTEUS",NA
"2792","Exacum affine","ovary position","0",NA,"ancestral reconstruction","Lopez-Martinez et al. (2023) | PROTEUS",NA
"2793","Exacum affine","anther orientation","2",NA,"ancestral reconstruction","Lopez-Martinez et al. (2023) | PROTEUS",NA
"2794","Exacum affine","anther attachment","0",NA,"ancestral reconstruction","Lopez-Martinez et al. (2023) | PROTEUS",NA
"2795","Exacum affine","anther dehiscence","0",NA,"ancestral reconstruction","Lopez-Martinez et al. (2023) | PROTEUS",NA
"2796","Exacum affine","fusion of ovaries","1",NA,"ancestral reconstruction","Lopez-Martinez et al. (2023) | PROTEUS",NA
"2797","Exarata chocoensis","sex of flowers","0",NA,"ancestral reconstruction","Lopez-Martinez et al. (2023) | PROTEUS",NA
"2798","Exarata chocoensis","anther attachment","0",NA,"ancestral reconstruction","Lopez-Martinez et al. (2023) | PROTEUS",NA
"2799","Exarata chocoensis","anther dehiscence","0",NA,"ancestral reconstruction","Lopez-Martinez et al. (2023) | PROTEUS",NA
"2800","Exarata chocoensis","fusion of ovaries","1",NA,"ancestral reconstruction","Lopez-Martinez et al. (2023) | PROTEUS",NA
"2801","Fagus grandifolia","no ovules","1",NA,"ancestral reconstruction","Lopez-Martinez et al. (2023) | PROTEUS",NA
"2802","Fagus grandifolia","sex of flowers","1",NA,"ancestral reconstruction","Lopez-Martinez et al. (2023) | PROTEUS",NA
"2803","Fagus grandifolia","ovary position","1",NA,"ancestral reconstruction","Lopez-Martinez et al. (2023) | PROTEUS",NA
"2804","Fagus grandifolia","anther dehiscence","0",NA,"ancestral reconstruction","Lopez-Martinez et al. (2023) | PROTEUS",NA
"2805","Famatinanthus decussatus","sex of flowers","0",NA,"ancestral reconstruction","Lopez-Martinez et al. (2023) | PROTEUS",NA
"2806","Famatinanthus decussatus","ovary position","1",NA,"ancestral reconstruction","Lopez-Martinez et al. (2023) | PROTEUS",NA
"2807","Fendlera rupicola","sex of flowers","0",NA,"ancestral reconstruction","Lopez-Martinez et al. (2023) | PROTEUS",NA
"2808","Fendlera rupicola","ovary position","1",NA,"ancestral reconstruction","Lopez-Martinez et al. (2023) | PROTEUS",NA
"2809","Fendlera rupicola","anther attachment","0",NA,"ancestral reconstruction","Lopez-Martinez et al. (2023) | PROTEUS",NA
"2810","Fendlera rupicola","anther dehiscence","0",NA,"ancestral reconstruction","Lopez-Martinez et al. (2023) | PROTEUS",NA
"2811","Fevillea pedatifolia","ovary position","1",NA,"ancestral reconstruction","Lopez-Martinez et al. (2023) | PROTEUS",NA
"2812","Fevillea pedatifolia","anther orientation","2",NA,"ancestral reconstruction","Lopez-Martinez et al. (2023) | PROTEUS",NA
"2813","Fevillea pedatifolia","anther dehiscence","0",NA,"ancestral reconstruction","Lopez-Martinez et al. (2023) | PROTEUS",NA
"2814","Ficalhoa laurifolia","no ovules","2",NA,"ancestral reconstruction","Lopez-Martinez et al. (2023) | PROTEUS",NA
"2815","Ficalhoa laurifolia","sex of flowers","0",NA,"ancestral reconstruction","Lopez-Martinez et al. (2023) | PROTEUS",NA
"2816","Ficalhoa laurifolia","ovary position","0",NA,"ancestral reconstruction","Lopez-Martinez et al. (2023) | PROTEUS",NA
"2817","Ficalhoa laurifolia","anther orientation","0",NA,"ancestral reconstruction","Lopez-Martinez et al. (2023) | PROTEUS",NA
"2818","Ficalhoa laurifolia","anther attachment","0",NA,"ancestral reconstruction","Lopez-Martinez et al. (2023) | PROTEUS",NA
"2819","Ficalhoa laurifolia","anther dehiscence","0",NA,"ancestral reconstruction","Lopez-Martinez et al. (2023) | PROTEUS",NA
"2820","Ficalhoa laurifolia","fusion of ovaries","1",NA,"ancestral reconstruction","Lopez-Martinez et al. (2023) | PROTEUS",NA
"2821","Ficaria verna","no ovules","0",NA,"ancestral reconstruction","Lopez-Martinez et al. (2023) | PROTEUS",NA
"2822","Ficaria verna","sex of flowers","0",NA,"ancestral reconstruction","Lopez-Martinez et al. (2023) | PROTEUS",NA
"2823","Ficaria verna","ovary position","0",NA,"ancestral reconstruction","Lopez-Martinez et al. (2023) | PROTEUS",NA
"2824","Ficaria verna","anther orientation","2",NA,"ancestral reconstruction","Lopez-Martinez et al. (2023) | PROTEUS",NA
"2825","Ficus carica","no ovules","0",NA,"ancestral reconstruction","Lopez-Martinez et al. (2023) | PROTEUS",NA
"2826","Filipendula vulgaris","no ovules","1",NA,"ancestral reconstruction","Lopez-Martinez et al. (2023) | PROTEUS",NA
"2827","Filipendula vulgaris","sex of flowers","0",NA,"ancestral reconstruction","Lopez-Martinez et al. (2023) | PROTEUS",NA
"2828","Filipendula vulgaris","ovary position","0",NA,"ancestral reconstruction","Lopez-Martinez et al. (2023) | PROTEUS",NA
"2829","Filipendula vulgaris","anther attachment","1",NA,"ancestral reconstruction","Lopez-Martinez et al. (2023) | PROTEUS",NA
"2830","Filipendula vulgaris","fusion of ovaries","0",NA,"ancestral reconstruction","Lopez-Martinez et al. (2023) | PROTEUS",NA
"2831","Flagellaria indica","no ovules","0",NA,"ancestral reconstruction","Lopez-Martinez et al. (2023) | PROTEUS",NA
"2832","Flagellaria indica","sex of flowers","0",NA,"ancestral reconstruction","Lopez-Martinez et al. (2023) | PROTEUS",NA
"2833","Flagellaria indica","ovary position","0",NA,"ancestral reconstruction","Lopez-Martinez et al. (2023) | PROTEUS",NA
"2834","Flagellaria indica","anther orientation","1",NA,"ancestral reconstruction","Lopez-Martinez et al. (2023) | PROTEUS",NA
"2835","Flagellaria indica","anther attachment","0",NA,"ancestral reconstruction","Lopez-Martinez et al. (2023) | PROTEUS",NA
"2836","Flagellaria indica","anther dehiscence","0",NA,"ancestral reconstruction","Lopez-Martinez et al. (2023) | PROTEUS",NA
"2837","Flagellaria indica","fusion of ovaries","1",NA,"ancestral reconstruction","Lopez-Martinez et al. (2023) | PROTEUS",NA
"2838","Flagellaria neocaledonica","sex of flowers","0",NA,"ancestral reconstruction","Lopez-Martinez et al. (2023) | PROTEUS",NA
"2839","Flagellaria neocaledonica","ovary position","0",NA,"ancestral reconstruction","Lopez-Martinez et al. (2023) | PROTEUS",NA
"2840","Flagellaria neocaledonica","anther attachment","0",NA,"ancestral reconstruction","Lopez-Martinez et al. (2023) | PROTEUS",NA
"2841","Flagellaria neocaledonica","anther dehiscence","0",NA,"ancestral reconstruction","Lopez-Martinez et al. (2023) | PROTEUS",NA
"2842","Flagellaria neocaledonica","fusion of ovaries","1",NA,"ancestral reconstruction","Lopez-Martinez et al. (2023) | PROTEUS",NA
"2843","Floerkea proserpinacoides","no ovules","0",NA,"ancestral reconstruction","Lopez-Martinez et al. (2023) | PROTEUS",NA
"2844","Floerkea proserpinacoides","sex of flowers","0",NA,"ancestral reconstruction","Lopez-Martinez et al. (2023) | PROTEUS",NA
"2845","Floerkea proserpinacoides","ovary position","0",NA,"ancestral reconstruction","Lopez-Martinez et al. (2023) | PROTEUS",NA
"2846","Fosterella caulescens","sex of flowers","0",NA,"ancestral reconstruction","Lopez-Martinez et al. (2023) | PROTEUS",NA
"2847","Fosterella caulescens","ovary position","0",NA,"ancestral reconstruction","Lopez-Martinez et al. (2023) | PROTEUS",NA
"2848","Fosterella caulescens","anther orientation","0",NA,"ancestral reconstruction","Lopez-Martinez et al. (2023) | PROTEUS",NA
"2849","Fosterella caulescens","anther attachment","0",NA,"ancestral reconstruction","Lopez-Martinez et al. (2023) | PROTEUS",NA
"2850","Fosterella caulescens","anther dehiscence","0",NA,"ancestral reconstruction","Lopez-Martinez et al. (2023) | PROTEUS",NA
"2851","Fouquieria columnaris","no ovules","2",NA,"ancestral reconstruction","Lopez-Martinez et al. (2023) | PROTEUS",NA
"2852","Fouquieria columnaris","sex of flowers","0",NA,"ancestral reconstruction","Lopez-Martinez et al. (2023) | PROTEUS",NA
"2853","Fouquieria columnaris","ovary position","0",NA,"ancestral reconstruction","Lopez-Martinez et al. (2023) | PROTEUS",NA
"2854","Fouquieria columnaris","anther orientation","0",NA,"ancestral reconstruction","Lopez-Martinez et al. (2023) | PROTEUS",NA
"2855","Fouquieria columnaris","anther attachment","1",NA,"ancestral reconstruction","Lopez-Martinez et al. (2023) | PROTEUS",NA
"2856","Fouquieria columnaris","anther dehiscence","0",NA,"ancestral reconstruction","Lopez-Martinez et al. (2023) | PROTEUS",NA
"2857","Fouquieria columnaris","fusion of ovaries","1",NA,"ancestral reconstruction","Lopez-Martinez et al. (2023) | PROTEUS",NA
"2858","Fouquieria splendens","no ovules","2",NA,"ancestral reconstruction","Lopez-Martinez et al. (2023) | PROTEUS",NA
"2859","Fouquieria splendens","sex of flowers","0",NA,"ancestral reconstruction","Lopez-Martinez et al. (2023) | PROTEUS",NA
"2860","Fouquieria splendens","ovary position","0",NA,"ancestral reconstruction","Lopez-Martinez et al. (2023) | PROTEUS",NA
"2861","Fouquieria splendens","anther orientation","0",NA,"ancestral reconstruction","Lopez-Martinez et al. (2023) | PROTEUS",NA
"2862","Fouquieria splendens","anther attachment","1",NA,"ancestral reconstruction","Lopez-Martinez et al. (2023) | PROTEUS",NA
"2863","Fouquieria splendens","anther dehiscence","0",NA,"ancestral reconstruction","Lopez-Martinez et al. (2023) | PROTEUS",NA
"2864","Fouquieria splendens","fusion of ovaries","1",NA,"ancestral reconstruction","Lopez-Martinez et al. (2023) | PROTEUS",NA
"2865","Frankenia pulverulenta","sex of flowers","0",NA,"ancestral reconstruction","Lopez-Martinez et al. (2023) | PROTEUS",NA
"2866","Frankenia pulverulenta","ovary position","0",NA,"ancestral reconstruction","Lopez-Martinez et al. (2023) | PROTEUS",NA
"2867","Frankenia pulverulenta","anther orientation","2",NA,"ancestral reconstruction","Lopez-Martinez et al. (2023) | PROTEUS",NA
"2868","Frankenia pulverulenta","anther dehiscence","0",NA,"ancestral reconstruction","Lopez-Martinez et al. (2023) | PROTEUS",NA
"2869","Frankenia salina","sex of flowers","0",NA,"ancestral reconstruction","Lopez-Martinez et al. (2023) | PROTEUS",NA
"2870","Frankenia salina","ovary position","0",NA,"ancestral reconstruction","Lopez-Martinez et al. (2023) | PROTEUS",NA
"2871","Frankenia salina","anther attachment","1",NA,"ancestral reconstruction","Lopez-Martinez et al. (2023) | PROTEUS",NA
"2872","Frankenia salina","fusion of ovaries","1",NA,"ancestral reconstruction","Lopez-Martinez et al. (2023) | PROTEUS",NA
"2873","Fremontodendron californicum","sex of flowers","0",NA,"ancestral reconstruction","Lopez-Martinez et al. (2023) | PROTEUS",NA
"2874","Fremontodendron californicum","ovary position","0",NA,"ancestral reconstruction","Lopez-Martinez et al. (2023) | PROTEUS",NA
"2875","Fremontodendron californicum","anther orientation","2",NA,"ancestral reconstruction","Lopez-Martinez et al. (2023) | PROTEUS",NA
"2876","Fremontodendron californicum","anther attachment","0",NA,"ancestral reconstruction","Lopez-Martinez et al. (2023) | PROTEUS",NA
"2877","Fremontodendron californicum","anther dehiscence","0",NA,"ancestral reconstruction","Lopez-Martinez et al. (2023) | PROTEUS",NA
"2878","Fremontodendron californicum","fusion of ovaries","1",NA,"ancestral reconstruction","Lopez-Martinez et al. (2023) | PROTEUS",NA
"2879","Fusispermum laxiflorum","sex of flowers","0",NA,"ancestral reconstruction","Lopez-Martinez et al. (2023) | PROTEUS",NA
"2880","Fusispermum laxiflorum","ovary position","0",NA,"ancestral reconstruction","Lopez-Martinez et al. (2023) | PROTEUS",NA
"2881","Fusispermum laxiflorum","anther orientation","0",NA,"ancestral reconstruction","Lopez-Martinez et al. (2023) | PROTEUS",NA
"2882","Fusispermum laxiflorum","fusion of ovaries","1",NA,"ancestral reconstruction","Lopez-Martinez et al. (2023) | PROTEUS",NA
"2883","Gaiadendron punctatum","sex of flowers","0",NA,"ancestral reconstruction","Lopez-Martinez et al. (2023) | PROTEUS",NA
"2884","Gaiadendron punctatum","ovary position","1",NA,"ancestral reconstruction","Lopez-Martinez et al. (2023) | PROTEUS",NA
"2885","Gaiadendron punctatum","anther orientation","0",NA,"ancestral reconstruction","Lopez-Martinez et al. (2023) | PROTEUS",NA
"2886","Gaiadendron punctatum","anther attachment","1",NA,"ancestral reconstruction","Lopez-Martinez et al. (2023) | PROTEUS",NA
"2887","Gaiadendron punctatum","anther dehiscence","0",NA,"ancestral reconstruction","Lopez-Martinez et al. (2023) | PROTEUS",NA
"2888","Gaiadendron punctatum","fusion of ovaries","1",NA,"ancestral reconstruction","Lopez-Martinez et al. (2023) | PROTEUS",NA
"2889","Galax urceolata","no ovules","2",NA,"ancestral reconstruction","Lopez-Martinez et al. (2023) | PROTEUS",NA
"2890","Galax urceolata","sex of flowers","0",NA,"ancestral reconstruction","Lopez-Martinez et al. (2023) | PROTEUS",NA
"2891","Galax urceolata","ovary position","0",NA,"ancestral reconstruction","Lopez-Martinez et al. (2023) | PROTEUS",NA
"2892","Galax urceolata","anther orientation","0",NA,"ancestral reconstruction","Lopez-Martinez et al. (2023) | PROTEUS",NA
"2893","Galax urceolata","anther attachment","0",NA,"ancestral reconstruction","Lopez-Martinez et al. (2023) | PROTEUS",NA
"2894","Galax urceolata","fusion of ovaries","1",NA,"ancestral reconstruction","Lopez-Martinez et al. (2023) | PROTEUS",NA
"2895","Galbulimima belgraveana","no ovules","0&1",NA,"ancestral reconstruction","Lopez-Martinez et al. (2023) | PROTEUS",NA
"2896","Galbulimima belgraveana","sex of flowers","0",NA,"ancestral reconstruction","Lopez-Martinez et al. (2023) | PROTEUS",NA
"2897","Galbulimima belgraveana","ovary position","0",NA,"ancestral reconstruction","Lopez-Martinez et al. (2023) | PROTEUS",NA
"2898","Galbulimima belgraveana","anther orientation","2",NA,"ancestral reconstruction","Lopez-Martinez et al. (2023) | PROTEUS",NA
"2899","Galbulimima belgraveana","anther attachment","0",NA,"ancestral reconstruction","Lopez-Martinez et al. (2023) | PROTEUS",NA
"2900","Galbulimima belgraveana","anther dehiscence","1",NA,"ancestral reconstruction","Lopez-Martinez et al. (2023) | PROTEUS",NA
"2901","Galearia filiformis","no ovules","0",NA,"ancestral reconstruction","Lopez-Martinez et al. (2023) | PROTEUS",NA
"2902","Galearia filiformis","anther orientation","1",NA,"ancestral reconstruction","Lopez-Martinez et al. (2023) | PROTEUS",NA
"2903","Galearia filiformis","anther attachment","0",NA,"ancestral reconstruction","Lopez-Martinez et al. (2023) | PROTEUS",NA
"2904","Galearia filiformis","anther dehiscence","0",NA,"ancestral reconstruction","Lopez-Martinez et al. (2023) | PROTEUS",NA
"2905","Galearia filiformis","fusion of ovaries","1",NA,"ancestral reconstruction","Lopez-Martinez et al. (2023) | PROTEUS",NA
"2906","Galium aparine","no ovules","0",NA,"ancestral reconstruction","Lopez-Martinez et al. (2023) | PROTEUS",NA
"2907","Galium aparine","sex of flowers","0",NA,"ancestral reconstruction","Lopez-Martinez et al. (2023) | PROTEUS",NA
"2908","Galium aparine","ovary position","1",NA,"ancestral reconstruction","Lopez-Martinez et al. (2023) | PROTEUS",NA
"2909","Galium aparine","anther orientation","0",NA,"ancestral reconstruction","Lopez-Martinez et al. (2023) | PROTEUS",NA
"2910","Galium aparine","anther attachment","0",NA,"ancestral reconstruction","Lopez-Martinez et al. (2023) | PROTEUS",NA
"2911","Galium aparine","fusion of ovaries","1",NA,"ancestral reconstruction","Lopez-Martinez et al. (2023) | PROTEUS",NA
"2912","Garcinia subelliptica","no ovules","0",NA,"ancestral reconstruction","Lopez-Martinez et al. (2023) | PROTEUS",NA
"2913","Garcinia subelliptica","sex of flowers","0&1",NA,"ancestral reconstruction","Lopez-Martinez et al. (2023) | PROTEUS",NA
"2914","Garcinia subelliptica","ovary position","0",NA,"ancestral reconstruction","Lopez-Martinez et al. (2023) | PROTEUS",NA
"2915","Garcinia subelliptica","anther dehiscence","0",NA,"ancestral reconstruction","Lopez-Martinez et al. (2023) | PROTEUS",NA
"2916","Garcinia subelliptica","fusion of ovaries","1",NA,"ancestral reconstruction","Lopez-Martinez et al. (2023) | PROTEUS",NA
"2917","Garrya elliptica","sex of flowers","1",NA,"ancestral reconstruction","Lopez-Martinez et al. (2023) | PROTEUS",NA
"2918","Garrya elliptica","ovary position","1",NA,"ancestral reconstruction","Lopez-Martinez et al. (2023) | PROTEUS",NA
"2919","Garrya elliptica","anther orientation","0",NA,"ancestral reconstruction","Lopez-Martinez et al. (2023) | PROTEUS",NA
"2920","Garrya elliptica","anther attachment","0",NA,"ancestral reconstruction","Lopez-Martinez et al. (2023) | PROTEUS",NA
"2921","Garrya elliptica","anther dehiscence","0",NA,"ancestral reconstruction","Lopez-Martinez et al. (2023) | PROTEUS",NA
"2922","Garrya elliptica","fusion of ovaries","1",NA,"ancestral reconstruction","Lopez-Martinez et al. (2023) | PROTEUS",NA
"2923","Geissoloma marginatum","no ovules","1",NA,"ancestral reconstruction","Lopez-Martinez et al. (2023) | PROTEUS",NA
"2924","Geissoloma marginatum","sex of flowers","0",NA,"ancestral reconstruction","Lopez-Martinez et al. (2023) | PROTEUS",NA
"2925","Geissoloma marginatum","ovary position","0",NA,"ancestral reconstruction","Lopez-Martinez et al. (2023) | PROTEUS",NA
"2926","Geissoloma marginatum","anther orientation","0",NA,"ancestral reconstruction","Lopez-Martinez et al. (2023) | PROTEUS",NA
"2927","Geissoloma marginatum","anther attachment","1",NA,"ancestral reconstruction","Lopez-Martinez et al. (2023) | PROTEUS",NA
"2928","Geissoloma marginatum","anther dehiscence","0",NA,"ancestral reconstruction","Lopez-Martinez et al. (2023) | PROTEUS",NA
"2929","Geissoloma marginatum","fusion of ovaries","1",NA,"ancestral reconstruction","Lopez-Martinez et al. (2023) | PROTEUS",NA
"2930","Gelsemium sempervirens","no ovules","2",NA,"ancestral reconstruction","Lopez-Martinez et al. (2023) | PROTEUS",NA
"2931","Gelsemium sempervirens","sex of flowers","0",NA,"ancestral reconstruction","Lopez-Martinez et al. (2023) | PROTEUS",NA
"2932","Gelsemium sempervirens","ovary position","0",NA,"ancestral reconstruction","Lopez-Martinez et al. (2023) | PROTEUS",NA
"2933","Gelsemium sempervirens","anther orientation","0",NA,"ancestral reconstruction","Lopez-Martinez et al. (2023) | PROTEUS",NA
"2934","Gelsemium sempervirens","anther attachment","0",NA,"ancestral reconstruction","Lopez-Martinez et al. (2023) | PROTEUS",NA
"2935","Gelsemium sempervirens","anther dehiscence","0",NA,"ancestral reconstruction","Lopez-Martinez et al. (2023) | PROTEUS",NA
"2936","Gelsemium sempervirens","fusion of ovaries","1",NA,"ancestral reconstruction","Lopez-Martinez et al. (2023) | PROTEUS",NA
"2937","Gentiana saponaria","sex of flowers","0",NA,"ancestral reconstruction","Lopez-Martinez et al. (2023) | PROTEUS",NA
"2938","Gentiana saponaria","ovary position","0",NA,"ancestral reconstruction","Lopez-Martinez et al. (2023) | PROTEUS",NA
"2939","Gentiana saponaria","fusion of ovaries","1",NA,"ancestral reconstruction","Lopez-Martinez et al. (2023) | PROTEUS",NA
"2940","Geosiris aphylla","sex of flowers","0",NA,"ancestral reconstruction","Lopez-Martinez et al. (2023) | PROTEUS",NA
"2941","Geosiris aphylla","ovary position","1",NA,"ancestral reconstruction","Lopez-Martinez et al. (2023) | PROTEUS",NA
"2942","Geosiris aphylla","anther orientation","2",NA,"ancestral reconstruction","Lopez-Martinez et al. (2023) | PROTEUS",NA
"2943","Geosiris aphylla","anther attachment","0",NA,"ancestral reconstruction","Lopez-Martinez et al. (2023) | PROTEUS",NA
"2944","Geosiris aphylla","anther dehiscence","0",NA,"ancestral reconstruction","Lopez-Martinez et al. (2023) | PROTEUS",NA
"2945","Geosiris aphylla","fusion of ovaries","1",NA,"ancestral reconstruction","Lopez-Martinez et al. (2023) | PROTEUS",NA
"2946","Geranium sanguineum","no ovules","1",NA,"ancestral reconstruction","Lopez-Martinez et al. (2023) | PROTEUS",NA
"2947","Geranium sanguineum","sex of flowers","0",NA,"ancestral reconstruction","Lopez-Martinez et al. (2023) | PROTEUS",NA
"2948","Geranium sanguineum","ovary position","0",NA,"ancestral reconstruction","Lopez-Martinez et al. (2023) | PROTEUS",NA
"2949","Geranium sanguineum","anther orientation","0",NA,"ancestral reconstruction","Lopez-Martinez et al. (2023) | PROTEUS",NA
"2950","Geranium sanguineum","anther attachment","1",NA,"ancestral reconstruction","Lopez-Martinez et al. (2023) | PROTEUS",NA
"2951","Geranium sanguineum","fusion of ovaries","1",NA,"ancestral reconstruction","Lopez-Martinez et al. (2023) | PROTEUS",NA
"2952","Gerrardina foliosa","no ovules","1",NA,"ancestral reconstruction","Lopez-Martinez et al. (2023) | PROTEUS",NA
"2953","Gerrardina foliosa","sex of flowers","0",NA,"ancestral reconstruction","Lopez-Martinez et al. (2023) | PROTEUS",NA
"2954","Gerrardina foliosa","anther orientation","0",NA,"ancestral reconstruction","Lopez-Martinez et al. (2023) | PROTEUS",NA
"2955","Gerrardina foliosa","anther attachment","0",NA,"ancestral reconstruction","Lopez-Martinez et al. (2023) | PROTEUS",NA
"2956","Gerrardina foliosa","anther dehiscence","0",NA,"ancestral reconstruction","Lopez-Martinez et al. (2023) | PROTEUS",NA
"2957","Gerrardina foliosa","fusion of ovaries","1",NA,"ancestral reconstruction","Lopez-Martinez et al. (2023) | PROTEUS",NA
"2958","Gesneria viridiflora","sex of flowers","0",NA,"ancestral reconstruction","Lopez-Martinez et al. (2023) | PROTEUS",NA
"2959","Gesneria viridiflora","ovary position","1",NA,"ancestral reconstruction","Lopez-Martinez et al. (2023) | PROTEUS",NA
"2960","Gesneria viridiflora","anther attachment","1",NA,"ancestral reconstruction","Lopez-Martinez et al. (2023) | PROTEUS",NA
"2961","Gesneria viridiflora","anther dehiscence","0",NA,"ancestral reconstruction","Lopez-Martinez et al. (2023) | PROTEUS",NA
"2962","Gisekia africana","no ovules","0",NA,"ancestral reconstruction","Lopez-Martinez et al. (2023) | PROTEUS",NA
"2963","Gisekia africana","sex of flowers","0&1",NA,"ancestral reconstruction","Lopez-Martinez et al. (2023) | PROTEUS",NA
"2964","Gisekia africana","ovary position","0",NA,"ancestral reconstruction","Lopez-Martinez et al. (2023) | PROTEUS",NA
"2965","Gisekia africana","anther orientation","1",NA,"ancestral reconstruction","Lopez-Martinez et al. (2023) | PROTEUS",NA
"2966","Gisekia africana","anther attachment","1",NA,"ancestral reconstruction","Lopez-Martinez et al. (2023) | PROTEUS",NA
"2967","Gisekia africana","anther dehiscence","0",NA,"ancestral reconstruction","Lopez-Martinez et al. (2023) | PROTEUS",NA
"2968","Gisekia africana","fusion of ovaries","0",NA,"ancestral reconstruction","Lopez-Martinez et al. (2023) | PROTEUS",NA
"2969","Gisekia pharnaceoides","no ovules","0",NA,"ancestral reconstruction","Lopez-Martinez et al. (2023) | PROTEUS",NA
"2970","Gisekia pharnaceoides","sex of flowers","0",NA,"ancestral reconstruction","Lopez-Martinez et al. (2023) | PROTEUS",NA
"2971","Gisekia pharnaceoides","ovary position","0",NA,"ancestral reconstruction","Lopez-Martinez et al. (2023) | PROTEUS",NA
"2972","Gladiolus buckerveldii","sex of flowers","0",NA,"ancestral reconstruction","Lopez-Martinez et al. (2023) | PROTEUS",NA
"2973","Gladiolus buckerveldii","ovary position","1",NA,"ancestral reconstruction","Lopez-Martinez et al. (2023) | PROTEUS",NA
"2974","Gladiolus buckerveldii","anther orientation","2",NA,"ancestral reconstruction","Lopez-Martinez et al. (2023) | PROTEUS",NA
"2975","Gladiolus buckerveldii","anther attachment","1",NA,"ancestral reconstruction","Lopez-Martinez et al. (2023) | PROTEUS",NA
"2976","Gladiolus buckerveldii","anther dehiscence","0",NA,"ancestral reconstruction","Lopez-Martinez et al. (2023) | PROTEUS",NA
"2977","Gladiolus buckerveldii","fusion of ovaries","1",NA,"ancestral reconstruction","Lopez-Martinez et al. (2023) | PROTEUS",NA
"2978","Glaucidium palmatum","no ovules","2",NA,"ancestral reconstruction","Lopez-Martinez et al. (2023) | PROTEUS",NA
"2979","Glaucidium palmatum","sex of flowers","0",NA,"ancestral reconstruction","Lopez-Martinez et al. (2023) | PROTEUS",NA
"2980","Glaucidium palmatum","ovary position","0",NA,"ancestral reconstruction","Lopez-Martinez et al. (2023) | PROTEUS",NA
"2981","Glaucidium palmatum","anther orientation","0",NA,"ancestral reconstruction","Lopez-Martinez et al. (2023) | PROTEUS",NA
"2982","Glaucidium palmatum","anther attachment","0",NA,"ancestral reconstruction","Lopez-Martinez et al. (2023) | PROTEUS",NA
"2983","Glaucidium palmatum","anther dehiscence","0",NA,"ancestral reconstruction","Lopez-Martinez et al. (2023) | PROTEUS",NA
"2984","Glaucidium palmatum","fusion of ovaries","0&1",NA,"ancestral reconstruction","Lopez-Martinez et al. (2023) | PROTEUS",NA
"2985","Glomeropitcairnia penduliflora","sex of flowers","0",NA,"ancestral reconstruction","Lopez-Martinez et al. (2023) | PROTEUS",NA
"2986","Glomeropitcairnia penduliflora","ovary position","1",NA,"ancestral reconstruction","Lopez-Martinez et al. (2023) | PROTEUS",NA
"2987","Glossocalyx brevipes","no ovules","0",NA,"ancestral reconstruction","Lopez-Martinez et al. (2023) | PROTEUS",NA
"2988","Glossocalyx brevipes","sex of flowers","1",NA,"ancestral reconstruction","Lopez-Martinez et al. (2023) | PROTEUS",NA
"2989","Glossocalyx brevipes","ovary position","0",NA,"ancestral reconstruction","Lopez-Martinez et al. (2023) | PROTEUS",NA
"2990","Glossocalyx brevipes","anther orientation","0",NA,"ancestral reconstruction","Lopez-Martinez et al. (2023) | PROTEUS",NA
"2991","Glossocalyx brevipes","anther attachment","0",NA,"ancestral reconstruction","Lopez-Martinez et al. (2023) | PROTEUS",NA
"2992","Glossocalyx brevipes","anther dehiscence","2",NA,"ancestral reconstruction","Lopez-Martinez et al. (2023) | PROTEUS",NA
"2993","Glossocalyx brevipes","fusion of ovaries","0",NA,"ancestral reconstruction","Lopez-Martinez et al. (2023) | PROTEUS",NA
"2994","Glossopetalon spinescens","no ovules","0&1",NA,"ancestral reconstruction","Lopez-Martinez et al. (2023) | PROTEUS",NA
"2995","Glossopetalon spinescens","fusion of ovaries","0",NA,"ancestral reconstruction","Lopez-Martinez et al. (2023) | PROTEUS",NA
"2996","Goetzea elegans","no ovules","0",NA,"ancestral reconstruction","Lopez-Martinez et al. (2023) | PROTEUS",NA
"2997","Goetzea elegans","sex of flowers","0",NA,"ancestral reconstruction","Lopez-Martinez et al. (2023) | PROTEUS",NA
"2998","Goetzea elegans","ovary position","0",NA,"ancestral reconstruction","Lopez-Martinez et al. (2023) | PROTEUS",NA
"2999","Goetzea elegans","anther orientation","2",NA,"ancestral reconstruction","Lopez-Martinez et al. (2023) | PROTEUS",NA
"3000","Goetzea elegans","anther attachment","1",NA,"ancestral reconstruction","Lopez-Martinez et al. (2023) | PROTEUS",NA
"3001","Gomortega keule","no ovules","0",NA,"ancestral reconstruction","Lopez-Martinez et al. (2023) | PROTEUS",NA
"3002","Gomortega keule","sex of flowers","0",NA,"ancestral reconstruction","Lopez-Martinez et al. (2023) | PROTEUS",NA
"3003","Gomortega keule","ovary position","1",NA,"ancestral reconstruction","Lopez-Martinez et al. (2023) | PROTEUS",NA
"3004","Gomortega keule","anther orientation","0",NA,"ancestral reconstruction","Lopez-Martinez et al. (2023) | PROTEUS",NA
"3005","Gomortega keule","anther attachment","0",NA,"ancestral reconstruction","Lopez-Martinez et al. (2023) | PROTEUS",NA
"3006","Gomortega keule","anther dehiscence","2",NA,"ancestral reconstruction","Lopez-Martinez et al. (2023) | PROTEUS",NA
"3007","Gomortega keule","fusion of ovaries","1",NA,"ancestral reconstruction","Lopez-Martinez et al. (2023) | PROTEUS",NA
"3008","Gonatopus angustus","sex of flowers","1",NA,"ancestral reconstruction","Lopez-Martinez et al. (2023) | PROTEUS",NA
"3009","Gonatopus angustus","ovary position","0",NA,"ancestral reconstruction","Lopez-Martinez et al. (2023) | PROTEUS",NA
"3010","Gonatopus angustus","anther attachment","0",NA,"ancestral reconstruction","Lopez-Martinez et al. (2023) | PROTEUS",NA
"3011","Gonatopus angustus","anther dehiscence","0",NA,"ancestral reconstruction","Lopez-Martinez et al. (2023) | PROTEUS",NA
"3012","Gonatopus angustus","fusion of ovaries","1",NA,"ancestral reconstruction","Lopez-Martinez et al. (2023) | PROTEUS",NA
"3013","Gonocaryum litorale","no ovules","1",NA,"ancestral reconstruction","Lopez-Martinez et al. (2023) | PROTEUS",NA
"3014","Gonocaryum litorale","sex of flowers","0",NA,"ancestral reconstruction","Lopez-Martinez et al. (2023) | PROTEUS",NA
"3015","Gonocaryum litorale","ovary position","0",NA,"ancestral reconstruction","Lopez-Martinez et al. (2023) | PROTEUS",NA
"3016","Gonocaryum litorale","anther orientation","0",NA,"ancestral reconstruction","Lopez-Martinez et al. (2023) | PROTEUS",NA
"3017","Gonocaryum litorale","anther attachment","1",NA,"ancestral reconstruction","Lopez-Martinez et al. (2023) | PROTEUS",NA
"3018","Gonocaryum litorale","anther dehiscence","0",NA,"ancestral reconstruction","Lopez-Martinez et al. (2023) | PROTEUS",NA
"3019","Gonocaryum litorale","fusion of ovaries","1",NA,"ancestral reconstruction","Lopez-Martinez et al. (2023) | PROTEUS",NA
"3020","Gonystylus bancanus","no ovules","0",NA,"ancestral reconstruction","Lopez-Martinez et al. (2023) | PROTEUS",NA
"3021","Gonystylus bancanus","sex of flowers","0",NA,"ancestral reconstruction","Lopez-Martinez et al. (2023) | PROTEUS",NA
"3022","Gonystylus bancanus","ovary position","0",NA,"ancestral reconstruction","Lopez-Martinez et al. (2023) | PROTEUS",NA
"3023","Gonystylus bancanus","anther attachment","0",NA,"ancestral reconstruction","Lopez-Martinez et al. (2023) | PROTEUS",NA
"3024","Gonystylus bancanus","anther dehiscence","0",NA,"ancestral reconstruction","Lopez-Martinez et al. (2023) | PROTEUS",NA
"3025","Gossypium hirsutum","no ovules","2",NA,"ancestral reconstruction","Lopez-Martinez et al. (2023) | PROTEUS",NA
"3026","Gossypium hirsutum","sex of flowers","0",NA,"ancestral reconstruction","Lopez-Martinez et al. (2023) | PROTEUS",NA
"3027","Gossypium hirsutum","ovary position","0",NA,"ancestral reconstruction","Lopez-Martinez et al. (2023) | PROTEUS",NA
"3028","Gossypium hirsutum","anther dehiscence","0",NA,"ancestral reconstruction","Lopez-Martinez et al. (2023) | PROTEUS",NA
"3029","Gossypium hirsutum","fusion of ovaries","1",NA,"ancestral reconstruction","Lopez-Martinez et al. (2023) | PROTEUS",NA
"3030","Goupia glabra","no ovules","2",NA,"ancestral reconstruction","Lopez-Martinez et al. (2023) | PROTEUS",NA
"3031","Goupia glabra","sex of flowers","0",NA,"ancestral reconstruction","Lopez-Martinez et al. (2023) | PROTEUS",NA
"3032","Goupia glabra","ovary position","0",NA,"ancestral reconstruction","Lopez-Martinez et al. (2023) | PROTEUS",NA
"3033","Goupia glabra","anther orientation","0",NA,"ancestral reconstruction","Lopez-Martinez et al. (2023) | PROTEUS",NA
"3034","Goupia glabra","anther dehiscence","0",NA,"ancestral reconstruction","Lopez-Martinez et al. (2023) | PROTEUS",NA
"3035","Goupia glabra","fusion of ovaries","1",NA,"ancestral reconstruction","Lopez-Martinez et al. (2023) | PROTEUS",NA
"3036","Gratiola pilosa","sex of flowers","0",NA,"ancestral reconstruction","Lopez-Martinez et al. (2023) | PROTEUS",NA
"3037","Gratiola pilosa","ovary position","0",NA,"ancestral reconstruction","Lopez-Martinez et al. (2023) | PROTEUS",NA
"3038","Grewia occidentalis","no ovules","0",NA,"ancestral reconstruction","Lopez-Martinez et al. (2023) | PROTEUS",NA
"3039","Grewia occidentalis","sex of flowers","0",NA,"ancestral reconstruction","Lopez-Martinez et al. (2023) | PROTEUS",NA
"3040","Grewia occidentalis","ovary position","0",NA,"ancestral reconstruction","Lopez-Martinez et al. (2023) | PROTEUS",NA
"3041","Grewia occidentalis","anther attachment","1",NA,"ancestral reconstruction","Lopez-Martinez et al. (2023) | PROTEUS",NA
"3042","Grewia occidentalis","anther dehiscence","0",NA,"ancestral reconstruction","Lopez-Martinez et al. (2023) | PROTEUS",NA
"3043","Grewia occidentalis","fusion of ovaries","1",NA,"ancestral reconstruction","Lopez-Martinez et al. (2023) | PROTEUS",NA
"3044","Greyia radlkoferi","no ovules","2",NA,"ancestral reconstruction","Lopez-Martinez et al. (2023) | PROTEUS",NA
"3045","Greyia radlkoferi","sex of flowers","0",NA,"ancestral reconstruction","Lopez-Martinez et al. (2023) | PROTEUS",NA
"3046","Greyia radlkoferi","ovary position","1",NA,"ancestral reconstruction","Lopez-Martinez et al. (2023) | PROTEUS",NA
"3047","Greyia radlkoferi","anther orientation","1",NA,"ancestral reconstruction","Lopez-Martinez et al. (2023) | PROTEUS",NA
"3048","Greyia radlkoferi","anther attachment","0",NA,"ancestral reconstruction","Lopez-Martinez et al. (2023) | PROTEUS",NA
"3049","Greyia radlkoferi","anther dehiscence","0",NA,"ancestral reconstruction","Lopez-Martinez et al. (2023) | PROTEUS",NA
"3050","Greyia radlkoferi","fusion of ovaries","1",NA,"ancestral reconstruction","Lopez-Martinez et al. (2023) | PROTEUS",NA
"3051","Grielum humifusum","no ovules","0",NA,"ancestral reconstruction","Lopez-Martinez et al. (2023) | PROTEUS",NA
"3052","Grielum humifusum","sex of flowers","0",NA,"ancestral reconstruction","Lopez-Martinez et al. (2023) | PROTEUS",NA
"3053","Grielum humifusum","anther orientation","0",NA,"ancestral reconstruction","Lopez-Martinez et al. (2023) | PROTEUS",NA
"3054","Grielum humifusum","anther attachment","1",NA,"ancestral reconstruction","Lopez-Martinez et al. (2023) | PROTEUS",NA
"3055","Griselinia lucida","no ovules","0",NA,"ancestral reconstruction","Lopez-Martinez et al. (2023) | PROTEUS",NA
"3056","Griselinia lucida","sex of flowers","0",NA,"ancestral reconstruction","Lopez-Martinez et al. (2023) | PROTEUS",NA
"3057","Griselinia lucida","anther orientation","1",NA,"ancestral reconstruction","Lopez-Martinez et al. (2023) | PROTEUS",NA
"3058","Griselinia lucida","anther attachment","1",NA,"ancestral reconstruction","Lopez-Martinez et al. (2023) | PROTEUS",NA
"3059","Griselinia lucida","anther dehiscence","0",NA,"ancestral reconstruction","Lopez-Martinez et al. (2023) | PROTEUS",NA
"3060","Griselinia racemosa","sex of flowers","1",NA,"ancestral reconstruction","Lopez-Martinez et al. (2023) | PROTEUS",NA
"3061","Griselinia racemosa","ovary position","1",NA,"ancestral reconstruction","Lopez-Martinez et al. (2023) | PROTEUS",NA
"3062","Griselinia racemosa","anther orientation","1",NA,"ancestral reconstruction","Lopez-Martinez et al. (2023) | PROTEUS",NA
"3063","Griselinia racemosa","anther attachment","1",NA,"ancestral reconstruction","Lopez-Martinez et al. (2023) | PROTEUS",NA
"3064","Griselinia racemosa","anther dehiscence","0",NA,"ancestral reconstruction","Lopez-Martinez et al. (2023) | PROTEUS",NA
"3065","Griselinia racemosa","fusion of ovaries","1",NA,"ancestral reconstruction","Lopez-Martinez et al. (2023) | PROTEUS",NA
"3066","Grubbia rosmarinifolia","no ovules","0",NA,"ancestral reconstruction","Lopez-Martinez et al. (2023) | PROTEUS",NA
"3067","Grubbia rosmarinifolia","sex of flowers","0",NA,"ancestral reconstruction","Lopez-Martinez et al. (2023) | PROTEUS",NA
"3068","Grubbia rosmarinifolia","ovary position","1",NA,"ancestral reconstruction","Lopez-Martinez et al. (2023) | PROTEUS",NA
"3069","Grubbia rosmarinifolia","anther orientation","2",NA,"ancestral reconstruction","Lopez-Martinez et al. (2023) | PROTEUS",NA
"3070","Grubbia rosmarinifolia","anther attachment","0",NA,"ancestral reconstruction","Lopez-Martinez et al. (2023) | PROTEUS",NA
"3071","Grubbia rosmarinifolia","anther dehiscence","0",NA,"ancestral reconstruction","Lopez-Martinez et al. (2023) | PROTEUS",NA
"3072","Grubbia rosmarinifolia","fusion of ovaries","1",NA,"ancestral reconstruction","Lopez-Martinez et al. (2023) | PROTEUS",NA
"3073","Grubbia tomentosa","sex of flowers","0",NA,"ancestral reconstruction","Lopez-Martinez et al. (2023) | PROTEUS",NA
"3074","Grubbia tomentosa","ovary position","1",NA,"ancestral reconstruction","Lopez-Martinez et al. (2023) | PROTEUS",NA
"3075","Guamatela tuerckheimii","sex of flowers","0",NA,"ancestral reconstruction","Lopez-Martinez et al. (2023) | PROTEUS",NA
"3076","Guamatela tuerckheimii","ovary position","0",NA,"ancestral reconstruction","Lopez-Martinez et al. (2023) | PROTEUS",NA
"3077","Guettarda uruguensis","no ovules","0",NA,"ancestral reconstruction","Lopez-Martinez et al. (2023) | PROTEUS",NA
"3078","Guettarda uruguensis","sex of flowers","0",NA,"ancestral reconstruction","Lopez-Martinez et al. (2023) | PROTEUS",NA
"3079","Guettarda uruguensis","ovary position","1",NA,"ancestral reconstruction","Lopez-Martinez et al. (2023) | PROTEUS",NA
"3080","Guettarda uruguensis","anther orientation","0",NA,"ancestral reconstruction","Lopez-Martinez et al. (2023) | PROTEUS",NA
"3081","Guettarda uruguensis","anther attachment","1",NA,"ancestral reconstruction","Lopez-Martinez et al. (2023) | PROTEUS",NA
"3082","Guettarda uruguensis","fusion of ovaries","1",NA,"ancestral reconstruction","Lopez-Martinez et al. (2023) | PROTEUS",NA
"3083","Gunnera herteri","no ovules","0",NA,"ancestral reconstruction","Lopez-Martinez et al. (2023) | PROTEUS",NA
"3084","Gunnera herteri","sex of flowers","1",NA,"ancestral reconstruction","Lopez-Martinez et al. (2023) | PROTEUS",NA
"3085","Gunnera herteri","ovary position","1",NA,"ancestral reconstruction","Lopez-Martinez et al. (2023) | PROTEUS",NA
"3086","Gunnera herteri","anther orientation","1",NA,"ancestral reconstruction","Lopez-Martinez et al. (2023) | PROTEUS",NA
"3087","Gunnera herteri","anther attachment","0",NA,"ancestral reconstruction","Lopez-Martinez et al. (2023) | PROTEUS",NA
"3088","Gunnera herteri","anther dehiscence","0",NA,"ancestral reconstruction","Lopez-Martinez et al. (2023) | PROTEUS",NA
"3089","Gunnera herteri","fusion of ovaries","1",NA,"ancestral reconstruction","Lopez-Martinez et al. (2023) | PROTEUS",NA
"3090","Gunnera manicata","no ovules","0",NA,"ancestral reconstruction","Lopez-Martinez et al. (2023) | PROTEUS",NA
"3091","Gunnera manicata","sex of flowers","0&1",NA,"ancestral reconstruction","Lopez-Martinez et al. (2023) | PROTEUS",NA
"3092","Gunnera manicata","ovary position","1",NA,"ancestral reconstruction","Lopez-Martinez et al. (2023) | PROTEUS",NA
"3093","Gunnera manicata","anther orientation","1",NA,"ancestral reconstruction","Lopez-Martinez et al. (2023) | PROTEUS",NA
"3094","Gunnera manicata","anther attachment","0",NA,"ancestral reconstruction","Lopez-Martinez et al. (2023) | PROTEUS",NA
"3095","Gunnera manicata","anther dehiscence","0",NA,"ancestral reconstruction","Lopez-Martinez et al. (2023) | PROTEUS",NA
"3096","Gunnera manicata","fusion of ovaries","1",NA,"ancestral reconstruction","Lopez-Martinez et al. (2023) | PROTEUS",NA
"3097","Gymnostachys anceps","no ovules","0",NA,"ancestral reconstruction","Lopez-Martinez et al. (2023) | PROTEUS",NA
"3098","Gymnostachys anceps","sex of flowers","0",NA,"ancestral reconstruction","Lopez-Martinez et al. (2023) | PROTEUS",NA
"3099","Gymnostachys anceps","ovary position","0",NA,"ancestral reconstruction","Lopez-Martinez et al. (2023) | PROTEUS",NA
"3100","Gymnostachys anceps","anther orientation","2",NA,"ancestral reconstruction","Lopez-Martinez et al. (2023) | PROTEUS",NA
"3101","Gymnostachys anceps","anther attachment","0",NA,"ancestral reconstruction","Lopez-Martinez et al. (2023) | PROTEUS",NA
"3102","Gymnostachys anceps","anther dehiscence","0",NA,"ancestral reconstruction","Lopez-Martinez et al. (2023) | PROTEUS",NA
"3103","Gymnostoma deplancheanum","sex of flowers","1",NA,"ancestral reconstruction","Lopez-Martinez et al. (2023) | PROTEUS",NA
"3104","Gymnostoma deplancheanum","anther attachment","0",NA,"ancestral reconstruction","Lopez-Martinez et al. (2023) | PROTEUS",NA
"3105","Gymnostoma deplancheanum","fusion of ovaries","1",NA,"ancestral reconstruction","Lopez-Martinez et al. (2023) | PROTEUS",NA
"3106","Gynostemma pentaphyllum","no ovules","1",NA,"ancestral reconstruction","Lopez-Martinez et al. (2023) | PROTEUS",NA
"3107","Gynostemma pentaphyllum","sex of flowers","1",NA,"ancestral reconstruction","Lopez-Martinez et al. (2023) | PROTEUS",NA
"3108","Gynostemma pentaphyllum","anther orientation","2",NA,"ancestral reconstruction","Lopez-Martinez et al. (2023) | PROTEUS",NA
"3109","Gynostemma pentaphyllum","anther dehiscence","0",NA,"ancestral reconstruction","Lopez-Martinez et al. (2023) | PROTEUS",NA
"3110","Gynostemma pentaphyllum","fusion of ovaries","1",NA,"ancestral reconstruction","Lopez-Martinez et al. (2023) | PROTEUS",NA
"3111","Gyrocarpus americanus","no ovules","0",NA,"ancestral reconstruction","Lopez-Martinez et al. (2023) | PROTEUS",NA
"3112","Gyrocarpus americanus","sex of flowers","0&1",NA,"ancestral reconstruction","Lopez-Martinez et al. (2023) | PROTEUS",NA
"3113","Gyrocarpus americanus","ovary position","1",NA,"ancestral reconstruction","Lopez-Martinez et al. (2023) | PROTEUS",NA
"3114","Gyrocarpus americanus","anther orientation","1",NA,"ancestral reconstruction","Lopez-Martinez et al. (2023) | PROTEUS",NA
"3115","Gyrocarpus americanus","anther attachment","0",NA,"ancestral reconstruction","Lopez-Martinez et al. (2023) | PROTEUS",NA
"3116","Gyrocarpus americanus","anther dehiscence","2",NA,"ancestral reconstruction","Lopez-Martinez et al. (2023) | PROTEUS",NA
"3117","Gyrostemon tepperi","sex of flowers","1",NA,"ancestral reconstruction","Lopez-Martinez et al. (2023) | PROTEUS",NA
"3118","Gyrostemon tepperi","ovary position","0",NA,"ancestral reconstruction","Lopez-Martinez et al. (2023) | PROTEUS",NA
"3119","Gyrostemon tepperi","anther orientation","0",NA,"ancestral reconstruction","Lopez-Martinez et al. (2023) | PROTEUS",NA
"3120","Gyrostemon tepperi","anther dehiscence","0",NA,"ancestral reconstruction","Lopez-Martinez et al. (2023) | PROTEUS",NA
"3121","Gyrostemon thesioides","no ovules","0",NA,"ancestral reconstruction","Lopez-Martinez et al. (2023) | PROTEUS",NA
"3122","Gyrostemon thesioides","sex of flowers","1",NA,"ancestral reconstruction","Lopez-Martinez et al. (2023) | PROTEUS",NA
"3123","Gyrostemon thesioides","ovary position","0",NA,"ancestral reconstruction","Lopez-Martinez et al. (2023) | PROTEUS",NA
"3124","Gyrostemon thesioides","fusion of ovaries","1",NA,"ancestral reconstruction","Lopez-Martinez et al. (2023) | PROTEUS",NA
"3125","Habenaria dentata","sex of flowers","0",NA,"ancestral reconstruction","Lopez-Martinez et al. (2023) | PROTEUS",NA
"3126","Habropetalum dawei","sex of flowers","0",NA,"ancestral reconstruction","Lopez-Martinez et al. (2023) | PROTEUS",NA
"3127","Habropetalum dawei","fusion of ovaries","1",NA,"ancestral reconstruction","Lopez-Martinez et al. (2023) | PROTEUS",NA
"3128","Hachettea austrocaledonica","sex of flowers","1",NA,"ancestral reconstruction","Lopez-Martinez et al. (2023) | PROTEUS",NA
"3129","Hachettea austrocaledonica","ovary position","1",NA,"ancestral reconstruction","Lopez-Martinez et al. (2023) | PROTEUS",NA
"3130","Hachettea austrocaledonica","anther attachment","1",NA,"ancestral reconstruction","Lopez-Martinez et al. (2023) | PROTEUS",NA
"3131","Halesia carolina","no ovules","2",NA,"ancestral reconstruction","Lopez-Martinez et al. (2023) | PROTEUS",NA
"3132","Halesia carolina","sex of flowers","0&1",NA,"ancestral reconstruction","Lopez-Martinez et al. (2023) | PROTEUS",NA
"3133","Halesia carolina","ovary position","1",NA,"ancestral reconstruction","Lopez-Martinez et al. (2023) | PROTEUS",NA
"3134","Halesia carolina","anther orientation","0",NA,"ancestral reconstruction","Lopez-Martinez et al. (2023) | PROTEUS",NA
"3135","Halesia carolina","anther attachment","0",NA,"ancestral reconstruction","Lopez-Martinez et al. (2023) | PROTEUS",NA
"3136","Halesia carolina","anther dehiscence","0",NA,"ancestral reconstruction","Lopez-Martinez et al. (2023) | PROTEUS",NA
"3137","Halesia carolina","fusion of ovaries","1",NA,"ancestral reconstruction","Lopez-Martinez et al. (2023) | PROTEUS",NA
"3138","Halleria lucida","no ovules","2",NA,"ancestral reconstruction","Lopez-Martinez et al. (2023) | PROTEUS",NA
"3139","Halleria lucida","sex of flowers","0",NA,"ancestral reconstruction","Lopez-Martinez et al. (2023) | PROTEUS",NA
"3140","Halleria lucida","ovary position","0",NA,"ancestral reconstruction","Lopez-Martinez et al. (2023) | PROTEUS",NA
"3141","Halleria lucida","fusion of ovaries","1",NA,"ancestral reconstruction","Lopez-Martinez et al. (2023) | PROTEUS",NA
"3142","Halodule wrightii","sex of flowers","1",NA,"ancestral reconstruction","Lopez-Martinez et al. (2023) | PROTEUS",NA
"3143","Halodule wrightii","ovary position","0",NA,"ancestral reconstruction","Lopez-Martinez et al. (2023) | PROTEUS",NA
"3144","Halodule wrightii","anther attachment","0",NA,"ancestral reconstruction","Lopez-Martinez et al. (2023) | PROTEUS",NA
"3145","Halodule wrightii","anther dehiscence","0",NA,"ancestral reconstruction","Lopez-Martinez et al. (2023) | PROTEUS",NA
"3146","Halodule wrightii","fusion of ovaries","0",NA,"ancestral reconstruction","Lopez-Martinez et al. (2023) | PROTEUS",NA
"3147","Halophytum ameghinoi","no ovules","0",NA,"ancestral reconstruction","Lopez-Martinez et al. (2023) | PROTEUS",NA
"3148","Halophytum ameghinoi","sex of flowers","1",NA,"ancestral reconstruction","Lopez-Martinez et al. (2023) | PROTEUS",NA
"3149","Halophytum ameghinoi","ovary position","0",NA,"ancestral reconstruction","Lopez-Martinez et al. (2023) | PROTEUS",NA
"3150","Halophytum ameghinoi","anther orientation","1",NA,"ancestral reconstruction","Lopez-Martinez et al. (2023) | PROTEUS",NA
"3151","Halophytum ameghinoi","anther attachment","1",NA,"ancestral reconstruction","Lopez-Martinez et al. (2023) | PROTEUS",NA
"3152","Halophytum ameghinoi","anther dehiscence","0",NA,"ancestral reconstruction","Lopez-Martinez et al. (2023) | PROTEUS",NA
"3153","Halophytum ameghinoi","fusion of ovaries","1",NA,"ancestral reconstruction","Lopez-Martinez et al. (2023) | PROTEUS",NA
"3154","Haloragodendron racemosum","no ovules","0",NA,"ancestral reconstruction","Lopez-Martinez et al. (2023) | PROTEUS",NA
"3155","Haloragodendron racemosum","sex of flowers","0",NA,"ancestral reconstruction","Lopez-Martinez et al. (2023) | PROTEUS",NA
"3156","Haloragodendron racemosum","ovary position","1",NA,"ancestral reconstruction","Lopez-Martinez et al. (2023) | PROTEUS",NA
"3157","Haloragodendron racemosum","anther orientation","1",NA,"ancestral reconstruction","Lopez-Martinez et al. (2023) | PROTEUS",NA
"3158","Haloragodendron racemosum","anther attachment","0",NA,"ancestral reconstruction","Lopez-Martinez et al. (2023) | PROTEUS",NA
"3159","Haloragodendron racemosum","anther dehiscence","0",NA,"ancestral reconstruction","Lopez-Martinez et al. (2023) | PROTEUS",NA
"3160","Haloxylon ammodendron","no ovules","0",NA,"ancestral reconstruction","Lopez-Martinez et al. (2023) | PROTEUS",NA
"3161","Haloxylon ammodendron","sex of flowers","0",NA,"ancestral reconstruction","Lopez-Martinez et al. (2023) | PROTEUS",NA
"3162","Haloxylon ammodendron","ovary position","0",NA,"ancestral reconstruction","Lopez-Martinez et al. (2023) | PROTEUS",NA
"3163","Haloxylon ammodendron","anther orientation","1&2",NA,"ancestral reconstruction","Lopez-Martinez et al. (2023) | PROTEUS",NA
"3164","Haloxylon ammodendron","anther attachment","1",NA,"ancestral reconstruction","Lopez-Martinez et al. (2023) | PROTEUS",NA
"3165","Haloxylon ammodendron","anther dehiscence","0",NA,"ancestral reconstruction","Lopez-Martinez et al. (2023) | PROTEUS",NA
"3166","Haloxylon ammodendron","fusion of ovaries","1",NA,"ancestral reconstruction","Lopez-Martinez et al. (2023) | PROTEUS",NA
"3167","Hamamelis virginiana","no ovules","0",NA,"ancestral reconstruction","Lopez-Martinez et al. (2023) | PROTEUS",NA
"3168","Hamamelis virginiana","sex of flowers","0",NA,"ancestral reconstruction","Lopez-Martinez et al. (2023) | PROTEUS",NA
"3169","Hamamelis virginiana","ovary position","1",NA,"ancestral reconstruction","Lopez-Martinez et al. (2023) | PROTEUS",NA
"3170","Hamamelis virginiana","anther orientation","0&1",NA,"ancestral reconstruction","Lopez-Martinez et al. (2023) | PROTEUS",NA
"3171","Hamamelis virginiana","anther attachment","0",NA,"ancestral reconstruction","Lopez-Martinez et al. (2023) | PROTEUS",NA
"3172","Hamamelis virginiana","anther dehiscence","2",NA,"ancestral reconstruction","Lopez-Martinez et al. (2023) | PROTEUS",NA
"3173","Hamamelis virginiana","fusion of ovaries","1",NA,"ancestral reconstruction","Lopez-Martinez et al. (2023) | PROTEUS",NA
"3174","Hanguana malayana","no ovules","0",NA,"ancestral reconstruction","Lopez-Martinez et al. (2023) | PROTEUS",NA
"3175","Hanguana malayana","sex of flowers","0&1",NA,"ancestral reconstruction","Lopez-Martinez et al. (2023) | PROTEUS",NA
"3176","Hanguana malayana","ovary position","0",NA,"ancestral reconstruction","Lopez-Martinez et al. (2023) | PROTEUS",NA
"3177","Hanguana malayana","anther attachment","0",NA,"ancestral reconstruction","Lopez-Martinez et al. (2023) | PROTEUS",NA
"3178","Hanguana malayana","anther dehiscence","0",NA,"ancestral reconstruction","Lopez-Martinez et al. (2023) | PROTEUS",NA
"3179","Hanguana malayana","fusion of ovaries","1",NA,"ancestral reconstruction","Lopez-Martinez et al. (2023) | PROTEUS",NA
"3180","Hanguana podzolica","sex of flowers","1",NA,"ancestral reconstruction","Lopez-Martinez et al. (2023) | PROTEUS",NA
"3181","Hanguana podzolica","ovary position","0",NA,"ancestral reconstruction","Lopez-Martinez et al. (2023) | PROTEUS",NA
"3182","Hanguana podzolica","fusion of ovaries","1",NA,"ancestral reconstruction","Lopez-Martinez et al. (2023) | PROTEUS",NA
"3183","Haplophyton crooksii","sex of flowers","0",NA,"ancestral reconstruction","Lopez-Martinez et al. (2023) | PROTEUS",NA
"3184","Haplophyton crooksii","ovary position","0",NA,"ancestral reconstruction","Lopez-Martinez et al. (2023) | PROTEUS",NA
"3185","Haplophyton crooksii","anther orientation","0",NA,"ancestral reconstruction","Lopez-Martinez et al. (2023) | PROTEUS",NA
"3186","Haplophyton crooksii","anther dehiscence","0",NA,"ancestral reconstruction","Lopez-Martinez et al. (2023) | PROTEUS",NA
"3187","Haplophyton crooksii","fusion of ovaries","0",NA,"ancestral reconstruction","Lopez-Martinez et al. (2023) | PROTEUS",NA
"3188","Harrimanella hypnoides","no ovules","2",NA,"ancestral reconstruction","Lopez-Martinez et al. (2023) | PROTEUS",NA
"3189","Harrimanella hypnoides","sex of flowers","0",NA,"ancestral reconstruction","Lopez-Martinez et al. (2023) | PROTEUS",NA
"3190","Harrimanella hypnoides","ovary position","0",NA,"ancestral reconstruction","Lopez-Martinez et al. (2023) | PROTEUS",NA
"3191","Harrimanella hypnoides","anther orientation","0",NA,"ancestral reconstruction","Lopez-Martinez et al. (2023) | PROTEUS",NA
"3192","Harrimanella hypnoides","anther dehiscence","0",NA,"ancestral reconstruction","Lopez-Martinez et al. (2023) | PROTEUS",NA
"3193","Harrimanella hypnoides","fusion of ovaries","1",NA,"ancestral reconstruction","Lopez-Martinez et al. (2023) | PROTEUS",NA
"3194","Hecastocleis shockleyi","no ovules","0",NA,"ancestral reconstruction","Lopez-Martinez et al. (2023) | PROTEUS",NA
"3195","Hecastocleis shockleyi","sex of flowers","0",NA,"ancestral reconstruction","Lopez-Martinez et al. (2023) | PROTEUS",NA
"3196","Hecastocleis shockleyi","ovary position","1",NA,"ancestral reconstruction","Lopez-Martinez et al. (2023) | PROTEUS",NA
"3197","Hecastocleis shockleyi","anther orientation","0",NA,"ancestral reconstruction","Lopez-Martinez et al. (2023) | PROTEUS",NA
"3198","Hechtia glomerata","sex of flowers","1",NA,"ancestral reconstruction","Lopez-Martinez et al. (2023) | PROTEUS",NA
"3199","Hechtia glomerata","ovary position","0",NA,"ancestral reconstruction","Lopez-Martinez et al. (2023) | PROTEUS",NA
"3200","Hechtia glomerata","anther attachment","1",NA,"ancestral reconstruction","Lopez-Martinez et al. (2023) | PROTEUS",NA
"3201","Hechtia lundelliorum","sex of flowers","1",NA,"ancestral reconstruction","Lopez-Martinez et al. (2023) | PROTEUS",NA
"3202","Hechtia lundelliorum","ovary position","1",NA,"ancestral reconstruction","Lopez-Martinez et al. (2023) | PROTEUS",NA
"3203","Hechtia lundelliorum","anther attachment","1",NA,"ancestral reconstruction","Lopez-Martinez et al. (2023) | PROTEUS",NA
"3204","Hedycarya arborea","no ovules","0",NA,"ancestral reconstruction","Lopez-Martinez et al. (2023) | PROTEUS",NA
"3205","Hedycarya arborea","sex of flowers","1",NA,"ancestral reconstruction","Lopez-Martinez et al. (2023) | PROTEUS",NA
"3206","Hedycarya arborea","ovary position","0",NA,"ancestral reconstruction","Lopez-Martinez et al. (2023) | PROTEUS",NA
"3207","Hedycarya arborea","anther orientation","1",NA,"ancestral reconstruction","Lopez-Martinez et al. (2023) | PROTEUS",NA
"3208","Hedycarya arborea","anther attachment","0",NA,"ancestral reconstruction","Lopez-Martinez et al. (2023) | PROTEUS",NA
"3209","Hedycarya arborea","fusion of ovaries","0",NA,"ancestral reconstruction","Lopez-Martinez et al. (2023) | PROTEUS",NA
"3210","Hedyosmum arborescens","no ovules","0",NA,"ancestral reconstruction","Lopez-Martinez et al. (2023) | PROTEUS",NA
"3211","Hedyosmum arborescens","sex of flowers","1",NA,"ancestral reconstruction","Lopez-Martinez et al. (2023) | PROTEUS",NA
"3212","Hedyosmum arborescens","ovary position","1",NA,"ancestral reconstruction","Lopez-Martinez et al. (2023) | PROTEUS",NA
"3213","Hedyosmum arborescens","anther orientation","1",NA,"ancestral reconstruction","Lopez-Martinez et al. (2023) | PROTEUS",NA
"3214","Hedyosmum arborescens","anther attachment","0",NA,"ancestral reconstruction","Lopez-Martinez et al. (2023) | PROTEUS",NA
"3215","Hedyosmum arborescens","anther dehiscence","0",NA,"ancestral reconstruction","Lopez-Martinez et al. (2023) | PROTEUS",NA
"3216","Heisteria parvifolia","no ovules","0",NA,"ancestral reconstruction","Lopez-Martinez et al. (2023) | PROTEUS",NA
"3217","Heisteria parvifolia","sex of flowers","0",NA,"ancestral reconstruction","Lopez-Martinez et al. (2023) | PROTEUS",NA
"3218","Heisteria parvifolia","ovary position","0",NA,"ancestral reconstruction","Lopez-Martinez et al. (2023) | PROTEUS",NA
"3219","Heisteria parvifolia","anther attachment","0",NA,"ancestral reconstruction","Lopez-Martinez et al. (2023) | PROTEUS",NA
"3220","Heisteria parvifolia","anther dehiscence","0",NA,"ancestral reconstruction","Lopez-Martinez et al. (2023) | PROTEUS",NA
"3221","Heisteria parvifolia","fusion of ovaries","1",NA,"ancestral reconstruction","Lopez-Martinez et al. (2023) | PROTEUS",NA
"3222","Helianthemum nummularium","no ovules","2",NA,"ancestral reconstruction","Lopez-Martinez et al. (2023) | PROTEUS",NA
"3223","Helianthemum nummularium","sex of flowers","0",NA,"ancestral reconstruction","Lopez-Martinez et al. (2023) | PROTEUS",NA
"3224","Helianthemum nummularium","ovary position","0",NA,"ancestral reconstruction","Lopez-Martinez et al. (2023) | PROTEUS",NA
"3225","Helianthemum nummularium","anther orientation","0",NA,"ancestral reconstruction","Lopez-Martinez et al. (2023) | PROTEUS",NA
"3226","Helianthemum nummularium","anther dehiscence","0",NA,"ancestral reconstruction","Lopez-Martinez et al. (2023) | PROTEUS",NA
"3227","Helianthemum nummularium","fusion of ovaries","1",NA,"ancestral reconstruction","Lopez-Martinez et al. (2023) | PROTEUS",NA
"3228","Helianthus annuus","no ovules","0",NA,"ancestral reconstruction","Lopez-Martinez et al. (2023) | PROTEUS",NA
"3229","Helianthus annuus","sex of flowers","0",NA,"ancestral reconstruction","Lopez-Martinez et al. (2023) | PROTEUS",NA
"3230","Helianthus annuus","ovary position","1",NA,"ancestral reconstruction","Lopez-Martinez et al. (2023) | PROTEUS",NA
"3231","Helianthus annuus","anther orientation","0",NA,"ancestral reconstruction","Lopez-Martinez et al. (2023) | PROTEUS",NA
"3232","Helianthus annuus","anther attachment","0",NA,"ancestral reconstruction","Lopez-Martinez et al. (2023) | PROTEUS",NA
"3233","Helianthus annuus","fusion of ovaries","1",NA,"ancestral reconstruction","Lopez-Martinez et al. (2023) | PROTEUS",NA
"3234","Heliconia irrasa","sex of flowers","0",NA,"ancestral reconstruction","Lopez-Martinez et al. (2023) | PROTEUS",NA
"3235","Heliconia irrasa","ovary position","1",NA,"ancestral reconstruction","Lopez-Martinez et al. (2023) | PROTEUS",NA
"3236","Heliconia rostrata","no ovules","0",NA,"ancestral reconstruction","Lopez-Martinez et al. (2023) | PROTEUS",NA
"3237","Heliconia rostrata","sex of flowers","0",NA,"ancestral reconstruction","Lopez-Martinez et al. (2023) | PROTEUS",NA
"3238","Heliconia rostrata","ovary position","1",NA,"ancestral reconstruction","Lopez-Martinez et al. (2023) | PROTEUS",NA
"3239","Heliconia rostrata","anther orientation","0",NA,"ancestral reconstruction","Lopez-Martinez et al. (2023) | PROTEUS",NA
"3240","Heliconia rostrata","anther attachment","0",NA,"ancestral reconstruction","Lopez-Martinez et al. (2023) | PROTEUS",NA
"3241","Heliconia rostrata","anther dehiscence","0",NA,"ancestral reconstruction","Lopez-Martinez et al. (2023) | PROTEUS",NA
"3242","Heliconia rostrata","fusion of ovaries","1",NA,"ancestral reconstruction","Lopez-Martinez et al. (2023) | PROTEUS",NA
"3243","Heliotropium arborescens","sex of flowers","0",NA,"ancestral reconstruction","Lopez-Martinez et al. (2023) | PROTEUS",NA
"3244","Heliotropium arborescens","ovary position","0",NA,"ancestral reconstruction","Lopez-Martinez et al. (2023) | PROTEUS",NA
"3245","Heliotropium arborescens","anther orientation","0",NA,"ancestral reconstruction","Lopez-Martinez et al. (2023) | PROTEUS",NA
"3246","Heliotropium arborescens","anther attachment","1",NA,"ancestral reconstruction","Lopez-Martinez et al. (2023) | PROTEUS",NA
"3247","Heliotropium arborescens","anther dehiscence","0",NA,"ancestral reconstruction","Lopez-Martinez et al. (2023) | PROTEUS",NA
"3248","Heliotropium arborescens","fusion of ovaries","1",NA,"ancestral reconstruction","Lopez-Martinez et al. (2023) | PROTEUS",NA
"3249","Helosis cayennensis","sex of flowers","1",NA,"ancestral reconstruction","Lopez-Martinez et al. (2023) | PROTEUS",NA
"3250","Helosis cayennensis","ovary position","1",NA,"ancestral reconstruction","Lopez-Martinez et al. (2023) | PROTEUS",NA
"3251","Helosis cayennensis","anther dehiscence","0",NA,"ancestral reconstruction","Lopez-Martinez et al. (2023) | PROTEUS",NA
"3252","Helwingia himalaica","sex of flowers","1",NA,"ancestral reconstruction","Lopez-Martinez et al. (2023) | PROTEUS",NA
"3253","Helwingia himalaica","ovary position","1",NA,"ancestral reconstruction","Lopez-Martinez et al. (2023) | PROTEUS",NA
"3254","Helwingia himalaica","anther orientation","0",NA,"ancestral reconstruction","Lopez-Martinez et al. (2023) | PROTEUS",NA
"3255","Helwingia himalaica","fusion of ovaries","1",NA,"ancestral reconstruction","Lopez-Martinez et al. (2023) | PROTEUS",NA
"3256","Helwingia japonica","no ovules","0",NA,"ancestral reconstruction","Lopez-Martinez et al. (2023) | PROTEUS",NA
"3257","Helwingia japonica","sex of flowers","1",NA,"ancestral reconstruction","Lopez-Martinez et al. (2023) | PROTEUS",NA
"3258","Helwingia japonica","ovary position","1",NA,"ancestral reconstruction","Lopez-Martinez et al. (2023) | PROTEUS",NA
"3259","Helwingia japonica","anther orientation","0",NA,"ancestral reconstruction","Lopez-Martinez et al. (2023) | PROTEUS",NA
"3260","Helwingia japonica","anther attachment","1",NA,"ancestral reconstruction","Lopez-Martinez et al. (2023) | PROTEUS",NA
"3261","Helwingia japonica","anther dehiscence","0",NA,"ancestral reconstruction","Lopez-Martinez et al. (2023) | PROTEUS",NA
"3262","Helwingia japonica","fusion of ovaries","1",NA,"ancestral reconstruction","Lopez-Martinez et al. (2023) | PROTEUS",NA
"3263","Hemiphylacus alatostylus","no ovules","2",NA,"ancestral reconstruction","Lopez-Martinez et al. (2023) | PROTEUS",NA
"3264","Hemiphylacus alatostylus","sex of flowers","0",NA,"ancestral reconstruction","Lopez-Martinez et al. (2023) | PROTEUS",NA
"3265","Hemiphylacus alatostylus","ovary position","0",NA,"ancestral reconstruction","Lopez-Martinez et al. (2023) | PROTEUS",NA
"3266","Hemiphylacus alatostylus","anther orientation","0",NA,"ancestral reconstruction","Lopez-Martinez et al. (2023) | PROTEUS",NA
"3267","Hemiphylacus alatostylus","anther attachment","1",NA,"ancestral reconstruction","Lopez-Martinez et al. (2023) | PROTEUS",NA
"3268","Hemiphylacus alatostylus","fusion of ovaries","1",NA,"ancestral reconstruction","Lopez-Martinez et al. (2023) | PROTEUS",NA
"3269","Heptacodium miconioides","sex of flowers","0",NA,"ancestral reconstruction","Lopez-Martinez et al. (2023) | PROTEUS",NA
"3270","Heptacodium miconioides","ovary position","1",NA,"ancestral reconstruction","Lopez-Martinez et al. (2023) | PROTEUS",NA
"3271","Heptacodium miconioides","anther orientation","0",NA,"ancestral reconstruction","Lopez-Martinez et al. (2023) | PROTEUS",NA
"3272","Heptacodium miconioides","anther attachment","1",NA,"ancestral reconstruction","Lopez-Martinez et al. (2023) | PROTEUS",NA
"3273","Hermas villosa","no ovules","0",NA,"ancestral reconstruction","Lopez-Martinez et al. (2023) | PROTEUS",NA
"3274","Hermas villosa","sex of flowers","0&1",NA,"ancestral reconstruction","Lopez-Martinez et al. (2023) | PROTEUS",NA
"3275","Hermas villosa","ovary position","1",NA,"ancestral reconstruction","Lopez-Martinez et al. (2023) | PROTEUS",NA
"3276","Hermas villosa","anther orientation","0",NA,"ancestral reconstruction","Lopez-Martinez et al. (2023) | PROTEUS",NA
"3277","Hermas villosa","anther dehiscence","0",NA,"ancestral reconstruction","Lopez-Martinez et al. (2023) | PROTEUS",NA
"3278","Hermas villosa","fusion of ovaries","1",NA,"ancestral reconstruction","Lopez-Martinez et al. (2023) | PROTEUS",NA
"3279","Hernandia ovigera","no ovules","0",NA,"ancestral reconstruction","Lopez-Martinez et al. (2023) | PROTEUS",NA
"3280","Hernandia ovigera","sex of flowers","1",NA,"ancestral reconstruction","Lopez-Martinez et al. (2023) | PROTEUS",NA
"3281","Hernandia ovigera","ovary position","1",NA,"ancestral reconstruction","Lopez-Martinez et al. (2023) | PROTEUS",NA
"3282","Hernandia ovigera","anther dehiscence","2",NA,"ancestral reconstruction","Lopez-Martinez et al. (2023) | PROTEUS",NA
"3283","Herniaria glabra","sex of flowers","0",NA,"ancestral reconstruction","Lopez-Martinez et al. (2023) | PROTEUS",NA
"3284","Herniaria glabra","ovary position","0",NA,"ancestral reconstruction","Lopez-Martinez et al. (2023) | PROTEUS",NA
"3285","Hesperis matronalis","sex of flowers","0",NA,"ancestral reconstruction","Lopez-Martinez et al. (2023) | PROTEUS",NA
"3286","Hesperis matronalis","ovary position","0",NA,"ancestral reconstruction","Lopez-Martinez et al. (2023) | PROTEUS",NA
"3287","Hesperis matronalis","anther orientation","0",NA,"ancestral reconstruction","Lopez-Martinez et al. (2023) | PROTEUS",NA
"3288","Hesperis matronalis","anther attachment","0",NA,"ancestral reconstruction","Lopez-Martinez et al. (2023) | PROTEUS",NA
"3289","Hesperis matronalis","anther dehiscence","0",NA,"ancestral reconstruction","Lopez-Martinez et al. (2023) | PROTEUS",NA
"3290","Hesperis matronalis","fusion of ovaries","1",NA,"ancestral reconstruction","Lopez-Martinez et al. (2023) | PROTEUS",NA
"3291","Heteranthera limosa","no ovules","2",NA,"ancestral reconstruction","Lopez-Martinez et al. (2023) | PROTEUS",NA
"3292","Heteranthera limosa","sex of flowers","0",NA,"ancestral reconstruction","Lopez-Martinez et al. (2023) | PROTEUS",NA
"3293","Heteranthera limosa","ovary position","0",NA,"ancestral reconstruction","Lopez-Martinez et al. (2023) | PROTEUS",NA
"3294","Heteranthera limosa","anther orientation","0",NA,"ancestral reconstruction","Lopez-Martinez et al. (2023) | PROTEUS",NA
"3295","Heteranthera limosa","anther attachment","0",NA,"ancestral reconstruction","Lopez-Martinez et al. (2023) | PROTEUS",NA
"3296","Heteranthia decipiens","sex of flowers","0",NA,"ancestral reconstruction","Lopez-Martinez et al. (2023) | PROTEUS",NA
"3297","Heteranthia decipiens","ovary position","0",NA,"ancestral reconstruction","Lopez-Martinez et al. (2023) | PROTEUS",NA
"3298","Heteranthia decipiens","anther orientation","2",NA,"ancestral reconstruction","Lopez-Martinez et al. (2023) | PROTEUS",NA
"3299","Heteranthia decipiens","anther dehiscence","0",NA,"ancestral reconstruction","Lopez-Martinez et al. (2023) | PROTEUS",NA
"3300","Heteranthia decipiens","fusion of ovaries","1",NA,"ancestral reconstruction","Lopez-Martinez et al. (2023) | PROTEUS",NA
"3301","Heteromorpha arborescens","sex of flowers","0&1",NA,"ancestral reconstruction","Lopez-Martinez et al. (2023) | PROTEUS",NA
"3302","Heteromorpha arborescens","ovary position","1",NA,"ancestral reconstruction","Lopez-Martinez et al. (2023) | PROTEUS",NA
"3303","Heteropyxis natalensis","anther orientation","0",NA,"ancestral reconstruction","Lopez-Martinez et al. (2023) | PROTEUS",NA
"3304","Heteropyxis natalensis","anther attachment","1",NA,"ancestral reconstruction","Lopez-Martinez et al. (2023) | PROTEUS",NA
"3305","Heteropyxis natalensis","fusion of ovaries","1",NA,"ancestral reconstruction","Lopez-Martinez et al. (2023) | PROTEUS",NA
"3306","Heuchera micrantha","sex of flowers","0",NA,"ancestral reconstruction","Lopez-Martinez et al. (2023) | PROTEUS",NA
"3307","Heuchera micrantha","ovary position","1",NA,"ancestral reconstruction","Lopez-Martinez et al. (2023) | PROTEUS",NA
"3308","Heuchera micrantha","anther dehiscence","0",NA,"ancestral reconstruction","Lopez-Martinez et al. (2023) | PROTEUS",NA
"3309","Heuchera micrantha","fusion of ovaries","1",NA,"ancestral reconstruction","Lopez-Martinez et al. (2023) | PROTEUS",NA
"3310","Hevea brasiliensis","no ovules","0",NA,"ancestral reconstruction","Lopez-Martinez et al. (2023) | PROTEUS",NA
"3311","Hevea brasiliensis","sex of flowers","0&1",NA,"ancestral reconstruction","Lopez-Martinez et al. (2023) | PROTEUS",NA
"3312","Hevea brasiliensis","ovary position","1",NA,"ancestral reconstruction","Lopez-Martinez et al. (2023) | PROTEUS",NA
"3313","Hevea brasiliensis","anther orientation","2",NA,"ancestral reconstruction","Lopez-Martinez et al. (2023) | PROTEUS",NA
"3314","Hevea brasiliensis","anther attachment","1",NA,"ancestral reconstruction","Lopez-Martinez et al. (2023) | PROTEUS",NA
"3315","Hevea brasiliensis","anther dehiscence","0",NA,"ancestral reconstruction","Lopez-Martinez et al. (2023) | PROTEUS",NA
"3316","Hevea brasiliensis","fusion of ovaries","1",NA,"ancestral reconstruction","Lopez-Martinez et al. (2023) | PROTEUS",NA
"3317","Heywoodia lucens","no ovules","1",NA,"ancestral reconstruction","Lopez-Martinez et al. (2023) | PROTEUS",NA
"3318","Heywoodia lucens","sex of flowers","0",NA,"ancestral reconstruction","Lopez-Martinez et al. (2023) | PROTEUS",NA
"3319","Hibbertia volubilis","no ovules","2",NA,"ancestral reconstruction","Lopez-Martinez et al. (2023) | PROTEUS",NA
"3320","Hibbertia volubilis","sex of flowers","0",NA,"ancestral reconstruction","Lopez-Martinez et al. (2023) | PROTEUS",NA
"3321","Hibbertia volubilis","ovary position","0",NA,"ancestral reconstruction","Lopez-Martinez et al. (2023) | PROTEUS",NA
"3322","Hibbertia volubilis","anther orientation","0",NA,"ancestral reconstruction","Lopez-Martinez et al. (2023) | PROTEUS",NA
"3323","Hibbertia volubilis","anther attachment","0",NA,"ancestral reconstruction","Lopez-Martinez et al. (2023) | PROTEUS",NA
"3324","Hibbertia volubilis","anther dehiscence","0",NA,"ancestral reconstruction","Lopez-Martinez et al. (2023) | PROTEUS",NA
"3325","Hibbertia volubilis","fusion of ovaries","0",NA,"ancestral reconstruction","Lopez-Martinez et al. (2023) | PROTEUS",NA
"3326","Hillebrandia sandwicensis","ovary position","1",NA,"ancestral reconstruction","Lopez-Martinez et al. (2023) | PROTEUS",NA
"3327","Hillebrandia sandwicensis","anther orientation","1",NA,"ancestral reconstruction","Lopez-Martinez et al. (2023) | PROTEUS",NA
"3328","Hillebrandia sandwicensis","anther attachment","0",NA,"ancestral reconstruction","Lopez-Martinez et al. (2023) | PROTEUS",NA
"3329","Hillebrandia sandwicensis","anther dehiscence","0",NA,"ancestral reconstruction","Lopez-Martinez et al. (2023) | PROTEUS",NA
"3330","Hippophae rhamnoides","no ovules","0",NA,"ancestral reconstruction","Lopez-Martinez et al. (2023) | PROTEUS",NA
"3331","Hippophae rhamnoides","sex of flowers","1",NA,"ancestral reconstruction","Lopez-Martinez et al. (2023) | PROTEUS",NA
"3332","Hippophae rhamnoides","ovary position","0",NA,"ancestral reconstruction","Lopez-Martinez et al. (2023) | PROTEUS",NA
"3333","Hoplestigma klaineanum","no ovules","1",NA,"ancestral reconstruction","Lopez-Martinez et al. (2023) | PROTEUS",NA
"3334","Hoplestigma klaineanum","sex of flowers","0",NA,"ancestral reconstruction","Lopez-Martinez et al. (2023) | PROTEUS",NA
"3335","Hoplestigma klaineanum","ovary position","0",NA,"ancestral reconstruction","Lopez-Martinez et al. (2023) | PROTEUS",NA
"3336","Hoplestigma klaineanum","anther orientation","1",NA,"ancestral reconstruction","Lopez-Martinez et al. (2023) | PROTEUS",NA
"3337","Hoplestigma klaineanum","anther attachment","1",NA,"ancestral reconstruction","Lopez-Martinez et al. (2023) | PROTEUS",NA
"3338","Hoplestigma klaineanum","anther dehiscence","0",NA,"ancestral reconstruction","Lopez-Martinez et al. (2023) | PROTEUS",NA
"3339","Hordeum bulbosum","no ovules","0",NA,"ancestral reconstruction","Lopez-Martinez et al. (2023) | PROTEUS",NA
"3340","Hordeum bulbosum","sex of flowers","0",NA,"ancestral reconstruction","Lopez-Martinez et al. (2023) | PROTEUS",NA
"3341","Hordeum bulbosum","ovary position","0",NA,"ancestral reconstruction","Lopez-Martinez et al. (2023) | PROTEUS",NA
"3342","Hordeum bulbosum","anther attachment","0",NA,"ancestral reconstruction","Lopez-Martinez et al. (2023) | PROTEUS",NA
"3343","Hordeum bulbosum","anther dehiscence","0",NA,"ancestral reconstruction","Lopez-Martinez et al. (2023) | PROTEUS",NA
"3344","Houttuynia cordata","no ovules","2",NA,"ancestral reconstruction","Lopez-Martinez et al. (2023) | PROTEUS",NA
"3345","Houttuynia cordata","sex of flowers","0&1",NA,"ancestral reconstruction","Lopez-Martinez et al. (2023) | PROTEUS",NA
"3346","Houttuynia cordata","ovary position","1",NA,"ancestral reconstruction","Lopez-Martinez et al. (2023) | PROTEUS",NA
"3347","Houttuynia cordata","anther dehiscence","0",NA,"ancestral reconstruction","Lopez-Martinez et al. (2023) | PROTEUS",NA
"3348","Houttuynia cordata","fusion of ovaries","1",NA,"ancestral reconstruction","Lopez-Martinez et al. (2023) | PROTEUS",NA
"3349","Hua gabonii","sex of flowers","0",NA,"ancestral reconstruction","Lopez-Martinez et al. (2023) | PROTEUS",NA
"3350","Hua gabonii","ovary position","0",NA,"ancestral reconstruction","Lopez-Martinez et al. (2023) | PROTEUS",NA
"3351","Hua gabonii","anther attachment","0",NA,"ancestral reconstruction","Lopez-Martinez et al. (2023) | PROTEUS",NA
"3352","Hua gabonii","fusion of ovaries","1",NA,"ancestral reconstruction","Lopez-Martinez et al. (2023) | PROTEUS",NA
"3353","Huertea glandulosa","ovary position","0",NA,"ancestral reconstruction","Lopez-Martinez et al. (2023) | PROTEUS",NA
"3354","Humbertia madagascariensis","no ovules","2",NA,"ancestral reconstruction","Lopez-Martinez et al. (2023) | PROTEUS",NA
"3355","Humbertia madagascariensis","sex of flowers","0",NA,"ancestral reconstruction","Lopez-Martinez et al. (2023) | PROTEUS",NA
"3356","Humbertia madagascariensis","ovary position","0",NA,"ancestral reconstruction","Lopez-Martinez et al. (2023) | PROTEUS",NA
"3357","Humbertia madagascariensis","anther orientation","0",NA,"ancestral reconstruction","Lopez-Martinez et al. (2023) | PROTEUS",NA
"3358","Humbertia madagascariensis","anther attachment","1",NA,"ancestral reconstruction","Lopez-Martinez et al. (2023) | PROTEUS",NA
"3359","Humbertia madagascariensis","anther dehiscence","0",NA,"ancestral reconstruction","Lopez-Martinez et al. (2023) | PROTEUS",NA
"3360","Humbertia madagascariensis","fusion of ovaries","1",NA,"ancestral reconstruction","Lopez-Martinez et al. (2023) | PROTEUS",NA
"3361","Humiria balsamifera","no ovules","1",NA,"ancestral reconstruction","Lopez-Martinez et al. (2023) | PROTEUS",NA
"3362","Humiria balsamifera","sex of flowers","0",NA,"ancestral reconstruction","Lopez-Martinez et al. (2023) | PROTEUS",NA
"3363","Humiria balsamifera","anther attachment","1",NA,"ancestral reconstruction","Lopez-Martinez et al. (2023) | PROTEUS",NA
"3364","Humiria balsamifera","fusion of ovaries","1",NA,"ancestral reconstruction","Lopez-Martinez et al. (2023) | PROTEUS",NA
"3365","Humulus lupulus","no ovules","0",NA,"ancestral reconstruction","Lopez-Martinez et al. (2023) | PROTEUS",NA
"3366","Humulus lupulus","sex of flowers","0",NA,"ancestral reconstruction","Lopez-Martinez et al. (2023) | PROTEUS",NA
"3367","Humulus lupulus","ovary position","0",NA,"ancestral reconstruction","Lopez-Martinez et al. (2023) | PROTEUS",NA
"3368","Humulus lupulus","anther attachment","0",NA,"ancestral reconstruction","Lopez-Martinez et al. (2023) | PROTEUS",NA
"3369","Humulus lupulus","anther dehiscence","0",NA,"ancestral reconstruction","Lopez-Martinez et al. (2023) | PROTEUS",NA
"3370","Hyalis argentea","sex of flowers","0",NA,"ancestral reconstruction","Lopez-Martinez et al. (2023) | PROTEUS",NA
"3371","Hyaloseris rubicunda","no ovules","0",NA,"ancestral reconstruction","Lopez-Martinez et al. (2023) | PROTEUS",NA
"3372","Hyaloseris rubicunda","sex of flowers","0",NA,"ancestral reconstruction","Lopez-Martinez et al. (2023) | PROTEUS",NA
"3373","Hyaloseris rubicunda","ovary position","1",NA,"ancestral reconstruction","Lopez-Martinez et al. (2023) | PROTEUS",NA
"3374","Hyaloseris rubicunda","anther orientation","0",NA,"ancestral reconstruction","Lopez-Martinez et al. (2023) | PROTEUS",NA
"3375","Hyaloseris rubicunda","anther dehiscence","0",NA,"ancestral reconstruction","Lopez-Martinez et al. (2023) | PROTEUS",NA
"3376","Hyaloseris rubicunda","fusion of ovaries","1",NA,"ancestral reconstruction","Lopez-Martinez et al. (2023) | PROTEUS",NA
"3377","Hydnocarpus heterophylla","no ovules","2",NA,"ancestral reconstruction","Lopez-Martinez et al. (2023) | PROTEUS",NA
"3378","Hydnocarpus heterophylla","sex of flowers","0&1",NA,"ancestral reconstruction","Lopez-Martinez et al. (2023) | PROTEUS",NA
"3379","Hydnocarpus heterophylla","ovary position","0",NA,"ancestral reconstruction","Lopez-Martinez et al. (2023) | PROTEUS",NA
"3380","Hydnocarpus heterophylla","anther orientation","1",NA,"ancestral reconstruction","Lopez-Martinez et al. (2023) | PROTEUS",NA
"3381","Hydnocarpus heterophylla","anther attachment","1",NA,"ancestral reconstruction","Lopez-Martinez et al. (2023) | PROTEUS",NA
"3382","Hydnocarpus heterophylla","anther dehiscence","0",NA,"ancestral reconstruction","Lopez-Martinez et al. (2023) | PROTEUS",NA
"3383","Hydnocarpus heterophylla","fusion of ovaries","1",NA,"ancestral reconstruction","Lopez-Martinez et al. (2023) | PROTEUS",NA
"3384","Hydnora africana","sex of flowers","0",NA,"ancestral reconstruction","Lopez-Martinez et al. (2023) | PROTEUS",NA
"3385","Hydnora africana","ovary position","1",NA,"ancestral reconstruction","Lopez-Martinez et al. (2023) | PROTEUS",NA
"3386","Hydnora africana","anther orientation","2",NA,"ancestral reconstruction","Lopez-Martinez et al. (2023) | PROTEUS",NA
"3387","Hydnora africana","fusion of ovaries","1",NA,"ancestral reconstruction","Lopez-Martinez et al. (2023) | PROTEUS",NA
"3388","Hydrangea macrophylla","sex of flowers","0",NA,"ancestral reconstruction","Lopez-Martinez et al. (2023) | PROTEUS",NA
"3389","Hydrangea macrophylla","ovary position","1",NA,"ancestral reconstruction","Lopez-Martinez et al. (2023) | PROTEUS",NA
"3390","Hydrangea macrophylla","anther attachment","0",NA,"ancestral reconstruction","Lopez-Martinez et al. (2023) | PROTEUS",NA
"3391","Hydrangea macrophylla","anther dehiscence","0",NA,"ancestral reconstruction","Lopez-Martinez et al. (2023) | PROTEUS",NA
"3392","Hydrastis canadensis","no ovules","1&2",NA,"ancestral reconstruction","Lopez-Martinez et al. (2023) | PROTEUS",NA
"3393","Hydrastis canadensis","sex of flowers","0",NA,"ancestral reconstruction","Lopez-Martinez et al. (2023) | PROTEUS",NA
"3394","Hydrastis canadensis","ovary position","0",NA,"ancestral reconstruction","Lopez-Martinez et al. (2023) | PROTEUS",NA
"3395","Hydrastis canadensis","anther orientation","1",NA,"ancestral reconstruction","Lopez-Martinez et al. (2023) | PROTEUS",NA
"3396","Hydrastis canadensis","anther attachment","0",NA,"ancestral reconstruction","Lopez-Martinez et al. (2023) | PROTEUS",NA
"3397","Hydrastis canadensis","anther dehiscence","0",NA,"ancestral reconstruction","Lopez-Martinez et al. (2023) | PROTEUS",NA
"3398","Hydrastis canadensis","fusion of ovaries","0",NA,"ancestral reconstruction","Lopez-Martinez et al. (2023) | PROTEUS",NA
"3399","Hydrocharis dubia","ovary position","1",NA,"ancestral reconstruction","Lopez-Martinez et al. (2023) | PROTEUS",NA
"3400","Hydrocharis dubia","anther orientation","1",NA,"ancestral reconstruction","Lopez-Martinez et al. (2023) | PROTEUS",NA
"3401","Hydrocharis dubia","anther attachment","0",NA,"ancestral reconstruction","Lopez-Martinez et al. (2023) | PROTEUS",NA
"3402","Hydrocharis dubia","anther dehiscence","0",NA,"ancestral reconstruction","Lopez-Martinez et al. (2023) | PROTEUS",NA
"3403","Hydrocotyle vulgaris","sex of flowers","0",NA,"ancestral reconstruction","Lopez-Martinez et al. (2023) | PROTEUS",NA
"3404","Hydrocotyle vulgaris","ovary position","1",NA,"ancestral reconstruction","Lopez-Martinez et al. (2023) | PROTEUS",NA
"3405","Hydrocotyle vulgaris","anther dehiscence","0",NA,"ancestral reconstruction","Lopez-Martinez et al. (2023) | PROTEUS",NA
"3406","Hydrocotyle vulgaris","fusion of ovaries","1",NA,"ancestral reconstruction","Lopez-Martinez et al. (2023) | PROTEUS",NA
"3407","Hydrolea corymbosa","sex of flowers","0",NA,"ancestral reconstruction","Lopez-Martinez et al. (2023) | PROTEUS",NA
"3408","Hydrolea corymbosa","ovary position","0",NA,"ancestral reconstruction","Lopez-Martinez et al. (2023) | PROTEUS",NA
"3409","Hydrolea corymbosa","anther orientation","2",NA,"ancestral reconstruction","Lopez-Martinez et al. (2023) | PROTEUS",NA
"3410","Hydrolea corymbosa","anther attachment","1",NA,"ancestral reconstruction","Lopez-Martinez et al. (2023) | PROTEUS",NA
"3411","Hydrolea corymbosa","anther dehiscence","0",NA,"ancestral reconstruction","Lopez-Martinez et al. (2023) | PROTEUS",NA
"3412","Hydrolea corymbosa","fusion of ovaries","1",NA,"ancestral reconstruction","Lopez-Martinez et al. (2023) | PROTEUS",NA
"3413","Hydrolea ovata","sex of flowers","0",NA,"ancestral reconstruction","Lopez-Martinez et al. (2023) | PROTEUS",NA
"3414","Hydrolea ovata","ovary position","0",NA,"ancestral reconstruction","Lopez-Martinez et al. (2023) | PROTEUS",NA
"3415","Hydrolea ovata","anther attachment","0",NA,"ancestral reconstruction","Lopez-Martinez et al. (2023) | PROTEUS",NA
"3416","Hydrolea ovata","fusion of ovaries","1",NA,"ancestral reconstruction","Lopez-Martinez et al. (2023) | PROTEUS",NA
"3417","Hydrophyllum capitatum","sex of flowers","0",NA,"ancestral reconstruction","Lopez-Martinez et al. (2023) | PROTEUS",NA
"3418","Hydrophyllum capitatum","ovary position","0",NA,"ancestral reconstruction","Lopez-Martinez et al. (2023) | PROTEUS",NA
"3419","Hydrostachys angustisecta","sex of flowers","1",NA,"ancestral reconstruction","Lopez-Martinez et al. (2023) | PROTEUS",NA
"3420","Hydrostachys angustisecta","anther dehiscence","0",NA,"ancestral reconstruction","Lopez-Martinez et al. (2023) | PROTEUS",NA
"3421","Hydrostachys angustisecta","fusion of ovaries","1",NA,"ancestral reconstruction","Lopez-Martinez et al. (2023) | PROTEUS",NA
"3422","Hydrostachys multifida","sex of flowers","1",NA,"ancestral reconstruction","Lopez-Martinez et al. (2023) | PROTEUS",NA
"3423","Hydrostachys multifida","anther orientation","2",NA,"ancestral reconstruction","Lopez-Martinez et al. (2023) | PROTEUS",NA
"3424","Hydrostachys multifida","fusion of ovaries","1",NA,"ancestral reconstruction","Lopez-Martinez et al. (2023) | PROTEUS",NA
"3425","Hypericum perforatum","no ovules","2",NA,"ancestral reconstruction","Lopez-Martinez et al. (2023) | PROTEUS",NA
"3426","Hypericum perforatum","sex of flowers","0",NA,"ancestral reconstruction","Lopez-Martinez et al. (2023) | PROTEUS",NA
"3427","Hypericum perforatum","ovary position","0",NA,"ancestral reconstruction","Lopez-Martinez et al. (2023) | PROTEUS",NA
"3428","Hypericum perforatum","anther dehiscence","0",NA,"ancestral reconstruction","Lopez-Martinez et al. (2023) | PROTEUS",NA
"3429","Hypericum perforatum","fusion of ovaries","1",NA,"ancestral reconstruction","Lopez-Martinez et al. (2023) | PROTEUS",NA
"3430","Hypertelis spergulacea","no ovules","0",NA,"ancestral reconstruction","Lopez-Martinez et al. (2023) | PROTEUS",NA
"3431","Hypertelis spergulacea","sex of flowers","0",NA,"ancestral reconstruction","Lopez-Martinez et al. (2023) | PROTEUS",NA
"3432","Hypertelis spergulacea","ovary position","0",NA,"ancestral reconstruction","Lopez-Martinez et al. (2023) | PROTEUS",NA
"3433","Hypertelis spergulacea","anther orientation","1",NA,"ancestral reconstruction","Lopez-Martinez et al. (2023) | PROTEUS",NA
"3434","Hypertelis spergulacea","anther attachment","1",NA,"ancestral reconstruction","Lopez-Martinez et al. (2023) | PROTEUS",NA
"3435","Hypertelis spergulacea","anther dehiscence","0",NA,"ancestral reconstruction","Lopez-Martinez et al. (2023) | PROTEUS",NA
"3436","Hypertelis spergulacea","fusion of ovaries","1",NA,"ancestral reconstruction","Lopez-Martinez et al. (2023) | PROTEUS",NA
"3437","Hypodaphnis zenkeri","no ovules","0",NA,"ancestral reconstruction","Lopez-Martinez et al. (2023) | PROTEUS",NA
"3438","Hypodaphnis zenkeri","sex of flowers","0",NA,"ancestral reconstruction","Lopez-Martinez et al. (2023) | PROTEUS",NA
"3439","Hypodaphnis zenkeri","ovary position","1",NA,"ancestral reconstruction","Lopez-Martinez et al. (2023) | PROTEUS",NA
"3440","Hypodaphnis zenkeri","anther orientation","0&2",NA,"ancestral reconstruction","Lopez-Martinez et al. (2023) | PROTEUS",NA
"3441","Hypodaphnis zenkeri","anther attachment","0",NA,"ancestral reconstruction","Lopez-Martinez et al. (2023) | PROTEUS",NA
"3442","Hypodaphnis zenkeri","anther dehiscence","2",NA,"ancestral reconstruction","Lopez-Martinez et al. (2023) | PROTEUS",NA
"3443","Hypolytrum nemorum","no ovules","0",NA,"ancestral reconstruction","Lopez-Martinez et al. (2023) | PROTEUS",NA
"3444","Hypolytrum nemorum","sex of flowers","0&1",NA,"ancestral reconstruction","Lopez-Martinez et al. (2023) | PROTEUS",NA
"3445","Hypolytrum nemorum","ovary position","0",NA,"ancestral reconstruction","Lopez-Martinez et al. (2023) | PROTEUS",NA
"3446","Hypolytrum nemorum","anther attachment","0",NA,"ancestral reconstruction","Lopez-Martinez et al. (2023) | PROTEUS",NA
"3447","Hypolytrum nemorum","anther dehiscence","0",NA,"ancestral reconstruction","Lopez-Martinez et al. (2023) | PROTEUS",NA
"3448","Hypseocharis bilobata","sex of flowers","0",NA,"ancestral reconstruction","Lopez-Martinez et al. (2023) | PROTEUS",NA
"3449","Hypseocharis bilobata","anther attachment","1",NA,"ancestral reconstruction","Lopez-Martinez et al. (2023) | PROTEUS",NA
"3450","Hypseocharis bilobata","fusion of ovaries","1",NA,"ancestral reconstruction","Lopez-Martinez et al. (2023) | PROTEUS",NA
"3451","Ibicella lutea","ovary position","0",NA,"ancestral reconstruction","Lopez-Martinez et al. (2023) | PROTEUS",NA
"3452","Ibicella lutea","anther dehiscence","0",NA,"ancestral reconstruction","Lopez-Martinez et al. (2023) | PROTEUS",NA
"3453","Icacina mannii","sex of flowers","0",NA,"ancestral reconstruction","Lopez-Martinez et al. (2023) | PROTEUS",NA
"3454","Idiospermum australiense","no ovules","1",NA,"ancestral reconstruction","Lopez-Martinez et al. (2023) | PROTEUS",NA
"3455","Idiospermum australiense","sex of flowers","0&1",NA,"ancestral reconstruction","Lopez-Martinez et al. (2023) | PROTEUS",NA
"3456","Idiospermum australiense","ovary position","0",NA,"ancestral reconstruction","Lopez-Martinez et al. (2023) | PROTEUS",NA
"3457","Idiospermum australiense","anther orientation","2",NA,"ancestral reconstruction","Lopez-Martinez et al. (2023) | PROTEUS",NA
"3458","Idiospermum australiense","anther attachment","1",NA,"ancestral reconstruction","Lopez-Martinez et al. (2023) | PROTEUS",NA
"3459","Idiospermum australiense","anther dehiscence","0",NA,"ancestral reconstruction","Lopez-Martinez et al. (2023) | PROTEUS",NA
"3460","Idiospermum australiense","fusion of ovaries","0",NA,"ancestral reconstruction","Lopez-Martinez et al. (2023) | PROTEUS",NA
"3461","Ilex cornuta","sex of flowers","0",NA,"ancestral reconstruction","Lopez-Martinez et al. (2023) | PROTEUS",NA
"3462","Ilex cornuta","ovary position","0",NA,"ancestral reconstruction","Lopez-Martinez et al. (2023) | PROTEUS",NA
"3463","Ilex cornuta","anther orientation","0",NA,"ancestral reconstruction","Lopez-Martinez et al. (2023) | PROTEUS",NA
"3464","Ilex cornuta","anther attachment","1",NA,"ancestral reconstruction","Lopez-Martinez et al. (2023) | PROTEUS",NA
"3465","Ilex cornuta","anther dehiscence","0",NA,"ancestral reconstruction","Lopez-Martinez et al. (2023) | PROTEUS",NA
"3466","Ilex cornuta","fusion of ovaries","1",NA,"ancestral reconstruction","Lopez-Martinez et al. (2023) | PROTEUS",NA
"3467","Ilex opaca","sex of flowers","1",NA,"ancestral reconstruction","Lopez-Martinez et al. (2023) | PROTEUS",NA
"3468","Ilex opaca","ovary position","0",NA,"ancestral reconstruction","Lopez-Martinez et al. (2023) | PROTEUS",NA
"3469","Ilex opaca","anther orientation","0",NA,"ancestral reconstruction","Lopez-Martinez et al. (2023) | PROTEUS",NA
"3470","Ilex opaca","anther dehiscence","0",NA,"ancestral reconstruction","Lopez-Martinez et al. (2023) | PROTEUS",NA
"3471","Ilex opaca","fusion of ovaries","1",NA,"ancestral reconstruction","Lopez-Martinez et al. (2023) | PROTEUS",NA
"3472","Illicium floridanum","no ovules","0",NA,"ancestral reconstruction","Lopez-Martinez et al. (2023) | PROTEUS",NA
"3473","Illicium floridanum","sex of flowers","0",NA,"ancestral reconstruction","Lopez-Martinez et al. (2023) | PROTEUS",NA
"3474","Illicium floridanum","ovary position","0",NA,"ancestral reconstruction","Lopez-Martinez et al. (2023) | PROTEUS",NA
"3475","Illicium floridanum","anther orientation","0",NA,"ancestral reconstruction","Lopez-Martinez et al. (2023) | PROTEUS",NA
"3476","Illicium floridanum","anther attachment","0",NA,"ancestral reconstruction","Lopez-Martinez et al. (2023) | PROTEUS",NA
"3477","Illicium floridanum","anther dehiscence","0",NA,"ancestral reconstruction","Lopez-Martinez et al. (2023) | PROTEUS",NA
"3478","Impatiens repens","sex of flowers","0",NA,"ancestral reconstruction","Lopez-Martinez et al. (2023) | PROTEUS",NA
"3479","Impatiens repens","ovary position","0",NA,"ancestral reconstruction","Lopez-Martinez et al. (2023) | PROTEUS",NA
"3480","Impatiens repens","fusion of ovaries","1",NA,"ancestral reconstruction","Lopez-Martinez et al. (2023) | PROTEUS",NA
"3481","Ipomoea alba","no ovules","2",NA,"ancestral reconstruction","Lopez-Martinez et al. (2023) | PROTEUS",NA
"3482","Ipomoea alba","sex of flowers","0",NA,"ancestral reconstruction","Lopez-Martinez et al. (2023) | PROTEUS",NA
"3483","Ipomoea alba","ovary position","0",NA,"ancestral reconstruction","Lopez-Martinez et al. (2023) | PROTEUS",NA
"3484","Ipomoea alba","anther orientation","2",NA,"ancestral reconstruction","Lopez-Martinez et al. (2023) | PROTEUS",NA
"3485","Ipomoea alba","anther dehiscence","0",NA,"ancestral reconstruction","Lopez-Martinez et al. (2023) | PROTEUS",NA
"3486","Iriartea deltoidea","no ovules","0",NA,"ancestral reconstruction","Lopez-Martinez et al. (2023) | PROTEUS",NA
"3487","Iriartea deltoidea","sex of flowers","0",NA,"ancestral reconstruction","Lopez-Martinez et al. (2023) | PROTEUS",NA
"3488","Iriartea deltoidea","anther orientation","1",NA,"ancestral reconstruction","Lopez-Martinez et al. (2023) | PROTEUS",NA
"3489","Iriartea deltoidea","anther attachment","0",NA,"ancestral reconstruction","Lopez-Martinez et al. (2023) | PROTEUS",NA
"3490","Iris missouriensis","no ovules","2",NA,"ancestral reconstruction","Lopez-Martinez et al. (2023) | PROTEUS",NA
"3491","Iris missouriensis","sex of flowers","0",NA,"ancestral reconstruction","Lopez-Martinez et al. (2023) | PROTEUS",NA
"3492","Iris missouriensis","ovary position","1",NA,"ancestral reconstruction","Lopez-Martinez et al. (2023) | PROTEUS",NA
"3493","Iris missouriensis","anther orientation","2",NA,"ancestral reconstruction","Lopez-Martinez et al. (2023) | PROTEUS",NA
"3494","Iris missouriensis","anther attachment","0",NA,"ancestral reconstruction","Lopez-Martinez et al. (2023) | PROTEUS",NA
"3495","Iris missouriensis","anther dehiscence","0",NA,"ancestral reconstruction","Lopez-Martinez et al. (2023) | PROTEUS",NA
"3496","Iris missouriensis","fusion of ovaries","1",NA,"ancestral reconstruction","Lopez-Martinez et al. (2023) | PROTEUS",NA
"3497","Irvingbaileya australis","no ovules","0",NA,"ancestral reconstruction","Lopez-Martinez et al. (2023) | PROTEUS",NA
"3498","Irvingbaileya australis","sex of flowers","0",NA,"ancestral reconstruction","Lopez-Martinez et al. (2023) | PROTEUS",NA
"3499","Irvingbaileya australis","ovary position","0",NA,"ancestral reconstruction","Lopez-Martinez et al. (2023) | PROTEUS",NA
"3500","Irvingbaileya australis","anther orientation","0",NA,"ancestral reconstruction","Lopez-Martinez et al. (2023) | PROTEUS",NA
"3501","Irvingbaileya australis","anther attachment","1",NA,"ancestral reconstruction","Lopez-Martinez et al. (2023) | PROTEUS",NA
"3502","Irvingbaileya australis","anther dehiscence","0",NA,"ancestral reconstruction","Lopez-Martinez et al. (2023) | PROTEUS",NA
"3503","Irvingbaileya australis","fusion of ovaries","1",NA,"ancestral reconstruction","Lopez-Martinez et al. (2023) | PROTEUS",NA
"3504","Irvingia malayana","no ovules","0",NA,"ancestral reconstruction","Lopez-Martinez et al. (2023) | PROTEUS",NA
"3505","Irvingia malayana","sex of flowers","0",NA,"ancestral reconstruction","Lopez-Martinez et al. (2023) | PROTEUS",NA
"3506","Irvingia malayana","ovary position","0",NA,"ancestral reconstruction","Lopez-Martinez et al. (2023) | PROTEUS",NA
"3507","Irvingia malayana","anther orientation","1",NA,"ancestral reconstruction","Lopez-Martinez et al. (2023) | PROTEUS",NA
"3508","Irvingia malayana","anther attachment","0&1",NA,"ancestral reconstruction","Lopez-Martinez et al. (2023) | PROTEUS",NA
"3509","Irvingia malayana","anther dehiscence","0",NA,"ancestral reconstruction","Lopez-Martinez et al. (2023) | PROTEUS",NA
"3510","Irvingia malayana","fusion of ovaries","1",NA,"ancestral reconstruction","Lopez-Martinez et al. (2023) | PROTEUS",NA
"3511","Isophysis tasmanica","sex of flowers","0",NA,"ancestral reconstruction","Lopez-Martinez et al. (2023) | PROTEUS",NA
"3512","Isophysis tasmanica","ovary position","0",NA,"ancestral reconstruction","Lopez-Martinez et al. (2023) | PROTEUS",NA
"3513","Isophysis tasmanica","anther orientation","2",NA,"ancestral reconstruction","Lopez-Martinez et al. (2023) | PROTEUS",NA
"3514","Isophysis tasmanica","anther dehiscence","0",NA,"ancestral reconstruction","Lopez-Martinez et al. (2023) | PROTEUS",NA
"3515","Isophysis tasmanica","fusion of ovaries","1",NA,"ancestral reconstruction","Lopez-Martinez et al. (2023) | PROTEUS",NA
"3516","Ixerba brexioides","no ovules","1",NA,"ancestral reconstruction","Lopez-Martinez et al. (2023) | PROTEUS",NA
"3517","Ixerba brexioides","sex of flowers","0",NA,"ancestral reconstruction","Lopez-Martinez et al. (2023) | PROTEUS",NA
"3518","Ixerba brexioides","ovary position","0&1",NA,"ancestral reconstruction","Lopez-Martinez et al. (2023) | PROTEUS",NA
"3519","Ixerba brexioides","anther orientation","0",NA,"ancestral reconstruction","Lopez-Martinez et al. (2023) | PROTEUS",NA
"3520","Ixerba brexioides","anther attachment","1",NA,"ancestral reconstruction","Lopez-Martinez et al. (2023) | PROTEUS",NA
"3521","Ixerba brexioides","anther dehiscence","0",NA,"ancestral reconstruction","Lopez-Martinez et al. (2023) | PROTEUS",NA
"3522","Ixerba brexioides","fusion of ovaries","1",NA,"ancestral reconstruction","Lopez-Martinez et al. (2023) | PROTEUS",NA
"3523","Ixiolirion songaricum","sex of flowers","0",NA,"ancestral reconstruction","Lopez-Martinez et al. (2023) | PROTEUS",NA
"3524","Ixiolirion songaricum","ovary position","1",NA,"ancestral reconstruction","Lopez-Martinez et al. (2023) | PROTEUS",NA
"3525","Ixiolirion songaricum","anther orientation","0",NA,"ancestral reconstruction","Lopez-Martinez et al. (2023) | PROTEUS",NA
"3526","Ixiolirion songaricum","anther attachment","1",NA,"ancestral reconstruction","Lopez-Martinez et al. (2023) | PROTEUS",NA
"3527","Ixiolirion songaricum","anther dehiscence","0",NA,"ancestral reconstruction","Lopez-Martinez et al. (2023) | PROTEUS",NA
"3528","Ixiolirion tataricum","sex of flowers","0",NA,"ancestral reconstruction","Lopez-Martinez et al. (2023) | PROTEUS",NA
"3529","Ixiolirion tataricum","ovary position","1",NA,"ancestral reconstruction","Lopez-Martinez et al. (2023) | PROTEUS",NA
"3530","Ixiolirion tataricum","anther attachment","0",NA,"ancestral reconstruction","Lopez-Martinez et al. (2023) | PROTEUS",NA
"3531","Ixiolirion tataricum","anther dehiscence","0",NA,"ancestral reconstruction","Lopez-Martinez et al. (2023) | PROTEUS",NA
"3532","Ixiolirion tataricum","fusion of ovaries","1",NA,"ancestral reconstruction","Lopez-Martinez et al. (2023) | PROTEUS",NA
"3533","Ixonanthes reticulata","no ovules","1",NA,"ancestral reconstruction","Lopez-Martinez et al. (2023) | PROTEUS",NA
"3534","Ixonanthes reticulata","sex of flowers","0",NA,"ancestral reconstruction","Lopez-Martinez et al. (2023) | PROTEUS",NA
"3535","Ixonanthes reticulata","ovary position","0",NA,"ancestral reconstruction","Lopez-Martinez et al. (2023) | PROTEUS",NA
"3536","Ixonanthes reticulata","anther attachment","0",NA,"ancestral reconstruction","Lopez-Martinez et al. (2023) | PROTEUS",NA
"3537","Ixonanthes reticulata","anther dehiscence","0",NA,"ancestral reconstruction","Lopez-Martinez et al. (2023) | PROTEUS",NA
"3538","Ixorhea tschudiana","no ovules","1",NA,"ancestral reconstruction","Lopez-Martinez et al. (2023) | PROTEUS",NA
"3539","Ixorhea tschudiana","sex of flowers","0",NA,"ancestral reconstruction","Lopez-Martinez et al. (2023) | PROTEUS",NA
"3540","Ixorhea tschudiana","ovary position","0",NA,"ancestral reconstruction","Lopez-Martinez et al. (2023) | PROTEUS",NA
"3541","Ixorhea tschudiana","anther dehiscence","0",NA,"ancestral reconstruction","Lopez-Martinez et al. (2023) | PROTEUS",NA
"3542","Ixorhea tschudiana","fusion of ovaries","1",NA,"ancestral reconstruction","Lopez-Martinez et al. (2023) | PROTEUS",NA
"3543","Jacaranda mimosifolia","sex of flowers","0",NA,"ancestral reconstruction","Lopez-Martinez et al. (2023) | PROTEUS",NA
"3544","Jacaranda mimosifolia","ovary position","0",NA,"ancestral reconstruction","Lopez-Martinez et al. (2023) | PROTEUS",NA
"3545","Jacaranda mimosifolia","anther orientation","0",NA,"ancestral reconstruction","Lopez-Martinez et al. (2023) | PROTEUS",NA
"3546","Jacaranda mimosifolia","anther attachment","1",NA,"ancestral reconstruction","Lopez-Martinez et al. (2023) | PROTEUS",NA
"3547","Jacaranda mimosifolia","anther dehiscence","0",NA,"ancestral reconstruction","Lopez-Martinez et al. (2023) | PROTEUS",NA
"3548","Japonolirion osense","no ovules","2",NA,"ancestral reconstruction","Lopez-Martinez et al. (2023) | PROTEUS",NA
"3549","Japonolirion osense","sex of flowers","0",NA,"ancestral reconstruction","Lopez-Martinez et al. (2023) | PROTEUS",NA
"3550","Japonolirion osense","ovary position","0",NA,"ancestral reconstruction","Lopez-Martinez et al. (2023) | PROTEUS",NA
"3551","Japonolirion osense","anther orientation","0",NA,"ancestral reconstruction","Lopez-Martinez et al. (2023) | PROTEUS",NA
"3552","Japonolirion osense","anther attachment","0",NA,"ancestral reconstruction","Lopez-Martinez et al. (2023) | PROTEUS",NA
"3553","Japonolirion osense","anther dehiscence","0",NA,"ancestral reconstruction","Lopez-Martinez et al. (2023) | PROTEUS",NA
"3554","Japonolirion osense","fusion of ovaries","1",NA,"ancestral reconstruction","Lopez-Martinez et al. (2023) | PROTEUS",NA
"3555","Joinvillea ascendens","no ovules","0",NA,"ancestral reconstruction","Lopez-Martinez et al. (2023) | PROTEUS",NA
"3556","Joinvillea ascendens","sex of flowers","0",NA,"ancestral reconstruction","Lopez-Martinez et al. (2023) | PROTEUS",NA
"3557","Joinvillea ascendens","ovary position","0",NA,"ancestral reconstruction","Lopez-Martinez et al. (2023) | PROTEUS",NA
"3558","Joinvillea ascendens","anther attachment","0",NA,"ancestral reconstruction","Lopez-Martinez et al. (2023) | PROTEUS",NA
"3559","Joinvillea ascendens","fusion of ovaries","1",NA,"ancestral reconstruction","Lopez-Martinez et al. (2023) | PROTEUS",NA
"3560","Joinvillea plicata","no ovules","0",NA,"ancestral reconstruction","Lopez-Martinez et al. (2023) | PROTEUS",NA
"3561","Joinvillea plicata","sex of flowers","0",NA,"ancestral reconstruction","Lopez-Martinez et al. (2023) | PROTEUS",NA
"3562","Joinvillea plicata","ovary position","0",NA,"ancestral reconstruction","Lopez-Martinez et al. (2023) | PROTEUS",NA
"3563","Joinvillea plicata","anther orientation","1",NA,"ancestral reconstruction","Lopez-Martinez et al. (2023) | PROTEUS",NA
"3564","Joinvillea plicata","anther attachment","0",NA,"ancestral reconstruction","Lopez-Martinez et al. (2023) | PROTEUS",NA
"3565","Joinvillea plicata","anther dehiscence","0",NA,"ancestral reconstruction","Lopez-Martinez et al. (2023) | PROTEUS",NA
"3566","Joinvillea plicata","fusion of ovaries","1",NA,"ancestral reconstruction","Lopez-Martinez et al. (2023) | PROTEUS",NA
"3567","Jovellana violacea","sex of flowers","0",NA,"ancestral reconstruction","Lopez-Martinez et al. (2023) | PROTEUS",NA
"3568","Jovellana violacea","fusion of ovaries","1",NA,"ancestral reconstruction","Lopez-Martinez et al. (2023) | PROTEUS",NA
"3569","Juglans mandshurica","no ovules","0",NA,"ancestral reconstruction","Lopez-Martinez et al. (2023) | PROTEUS",NA
"3570","Juglans mandshurica","sex of flowers","1",NA,"ancestral reconstruction","Lopez-Martinez et al. (2023) | PROTEUS",NA
"3571","Juglans mandshurica","ovary position","1",NA,"ancestral reconstruction","Lopez-Martinez et al. (2023) | PROTEUS",NA
"3572","Juglans mandshurica","anther dehiscence","0",NA,"ancestral reconstruction","Lopez-Martinez et al. (2023) | PROTEUS",NA
"3573","Juncus effusus","sex of flowers","0",NA,"ancestral reconstruction","Lopez-Martinez et al. (2023) | PROTEUS",NA
"3574","Juncus effusus","ovary position","0",NA,"ancestral reconstruction","Lopez-Martinez et al. (2023) | PROTEUS",NA
"3575","Juncus effusus","anther dehiscence","0",NA,"ancestral reconstruction","Lopez-Martinez et al. (2023) | PROTEUS",NA
"3576","Junellia succulentifolia","no ovules","1",NA,"ancestral reconstruction","Lopez-Martinez et al. (2023) | PROTEUS",NA
"3577","Junellia succulentifolia","sex of flowers","0",NA,"ancestral reconstruction","Lopez-Martinez et al. (2023) | PROTEUS",NA
"3578","Justicia americana","no ovules","1",NA,"ancestral reconstruction","Lopez-Martinez et al. (2023) | PROTEUS",NA
"3579","Justicia americana","sex of flowers","0",NA,"ancestral reconstruction","Lopez-Martinez et al. (2023) | PROTEUS",NA
"3580","Justicia americana","ovary position","0",NA,"ancestral reconstruction","Lopez-Martinez et al. (2023) | PROTEUS",NA
"3581","Justicia americana","fusion of ovaries","1",NA,"ancestral reconstruction","Lopez-Martinez et al. (2023) | PROTEUS",NA
"3582","Kalanchoe daigremontiana","no ovules","2",NA,"ancestral reconstruction","Lopez-Martinez et al. (2023) | PROTEUS",NA
"3583","Kalanchoe daigremontiana","sex of flowers","0",NA,"ancestral reconstruction","Lopez-Martinez et al. (2023) | PROTEUS",NA
"3584","Kalanchoe daigremontiana","ovary position","0&1",NA,"ancestral reconstruction","Lopez-Martinez et al. (2023) | PROTEUS",NA
"3585","Kalanchoe daigremontiana","anther orientation","0",NA,"ancestral reconstruction","Lopez-Martinez et al. (2023) | PROTEUS",NA
"3586","Kalanchoe daigremontiana","anther dehiscence","0",NA,"ancestral reconstruction","Lopez-Martinez et al. (2023) | PROTEUS",NA
"3587","Kalanchoe daigremontiana","fusion of ovaries","1",NA,"ancestral reconstruction","Lopez-Martinez et al. (2023) | PROTEUS",NA
"3588","Kaliphora madagascariensis","no ovules","0",NA,"ancestral reconstruction","Lopez-Martinez et al. (2023) | PROTEUS",NA
"3589","Kaliphora madagascariensis","sex of flowers","1",NA,"ancestral reconstruction","Lopez-Martinez et al. (2023) | PROTEUS",NA
"3590","Kaliphora madagascariensis","ovary position","0",NA,"ancestral reconstruction","Lopez-Martinez et al. (2023) | PROTEUS",NA
"3591","Kaliphora madagascariensis","anther attachment","0",NA,"ancestral reconstruction","Lopez-Martinez et al. (2023) | PROTEUS",NA
"3592","Kaliphora madagascariensis","anther dehiscence","0",NA,"ancestral reconstruction","Lopez-Martinez et al. (2023) | PROTEUS",NA
"3593","Kaliphora madagascariensis","fusion of ovaries","1",NA,"ancestral reconstruction","Lopez-Martinez et al. (2023) | PROTEUS",NA
"3594","Kalmia latifolia","sex of flowers","0",NA,"ancestral reconstruction","Lopez-Martinez et al. (2023) | PROTEUS",NA
"3595","Kalmia latifolia","ovary position","0",NA,"ancestral reconstruction","Lopez-Martinez et al. (2023) | PROTEUS",NA
"3596","Kalmia latifolia","anther orientation","0",NA,"ancestral reconstruction","Lopez-Martinez et al. (2023) | PROTEUS",NA
"3597","Kalmia latifolia","anther attachment","1",NA,"ancestral reconstruction","Lopez-Martinez et al. (2023) | PROTEUS",NA
"3598","Kalmia latifolia","anther dehiscence","0",NA,"ancestral reconstruction","Lopez-Martinez et al. (2023) | PROTEUS",NA
"3599","Kalmia latifolia","fusion of ovaries","1",NA,"ancestral reconstruction","Lopez-Martinez et al. (2023) | PROTEUS",NA
"3600","Karomia speciosa","no ovules","1",NA,"ancestral reconstruction","Lopez-Martinez et al. (2023) | PROTEUS",NA
"3601","Karomia speciosa","sex of flowers","0",NA,"ancestral reconstruction","Lopez-Martinez et al. (2023) | PROTEUS",NA
"3602","Karomia speciosa","ovary position","0",NA,"ancestral reconstruction","Lopez-Martinez et al. (2023) | PROTEUS",NA
"3603","Karomia speciosa","anther orientation","0",NA,"ancestral reconstruction","Lopez-Martinez et al. (2023) | PROTEUS",NA
"3604","Karomia speciosa","fusion of ovaries","1",NA,"ancestral reconstruction","Lopez-Martinez et al. (2023) | PROTEUS",NA
"3605","Kewa bowkeriana","sex of flowers","0",NA,"ancestral reconstruction","Lopez-Martinez et al. (2023) | PROTEUS",NA
"3606","Kewa bowkeriana","ovary position","0",NA,"ancestral reconstruction","Lopez-Martinez et al. (2023) | PROTEUS",NA
"3607","Kewa bowkeriana","fusion of ovaries","1",NA,"ancestral reconstruction","Lopez-Martinez et al. (2023) | PROTEUS",NA
"3608","Kewa salsoloides","sex of flowers","0",NA,"ancestral reconstruction","Lopez-Martinez et al. (2023) | PROTEUS",NA
"3609","Kewa salsoloides","ovary position","0",NA,"ancestral reconstruction","Lopez-Martinez et al. (2023) | PROTEUS",NA
"3610","Kewa salsoloides","anther orientation","0",NA,"ancestral reconstruction","Lopez-Martinez et al. (2023) | PROTEUS",NA
"3611","Kewa salsoloides","anther attachment","1",NA,"ancestral reconstruction","Lopez-Martinez et al. (2023) | PROTEUS",NA
"3612","Kewa salsoloides","anther dehiscence","0",NA,"ancestral reconstruction","Lopez-Martinez et al. (2023) | PROTEUS",NA
"3613","Kewa salsoloides","fusion of ovaries","1",NA,"ancestral reconstruction","Lopez-Martinez et al. (2023) | PROTEUS",NA
"3614","Kingdonia uniflora","no ovules","0",NA,"ancestral reconstruction","Lopez-Martinez et al. (2023) | PROTEUS",NA
"3615","Kingdonia uniflora","sex of flowers","0",NA,"ancestral reconstruction","Lopez-Martinez et al. (2023) | PROTEUS",NA
"3616","Kingdonia uniflora","ovary position","0",NA,"ancestral reconstruction","Lopez-Martinez et al. (2023) | PROTEUS",NA
"3617","Kingdonia uniflora","anther attachment","0",NA,"ancestral reconstruction","Lopez-Martinez et al. (2023) | PROTEUS",NA
"3618","Kingdonia uniflora","anther dehiscence","0",NA,"ancestral reconstruction","Lopez-Martinez et al. (2023) | PROTEUS",NA
"3619","Kingdonia uniflora","fusion of ovaries","0",NA,"ancestral reconstruction","Lopez-Martinez et al. (2023) | PROTEUS",NA
"3620","Kirkia acuminata","no ovules","0",NA,"ancestral reconstruction","Lopez-Martinez et al. (2023) | PROTEUS",NA
"3621","Kirkia acuminata","ovary position","0",NA,"ancestral reconstruction","Lopez-Martinez et al. (2023) | PROTEUS",NA
"3622","Kirkia acuminata","anther orientation","0",NA,"ancestral reconstruction","Lopez-Martinez et al. (2023) | PROTEUS",NA
"3623","Kirkia acuminata","fusion of ovaries","1",NA,"ancestral reconstruction","Lopez-Martinez et al. (2023) | PROTEUS",NA
"3624","Kirkia wilmsii","sex of flowers","0",NA,"ancestral reconstruction","Lopez-Martinez et al. (2023) | PROTEUS",NA
"3625","Kirkia wilmsii","ovary position","0",NA,"ancestral reconstruction","Lopez-Martinez et al. (2023) | PROTEUS",NA
"3626","Kirkia wilmsii","anther orientation","0",NA,"ancestral reconstruction","Lopez-Martinez et al. (2023) | PROTEUS",NA
"3627","Kirkia wilmsii","anther attachment","1",NA,"ancestral reconstruction","Lopez-Martinez et al. (2023) | PROTEUS",NA
"3628","Kirkia wilmsii","anther dehiscence","0",NA,"ancestral reconstruction","Lopez-Martinez et al. (2023) | PROTEUS",NA
"3629","Kirkia wilmsii","fusion of ovaries","1",NA,"ancestral reconstruction","Lopez-Martinez et al. (2023) | PROTEUS",NA
"3630","Klotzschia brasiliensis","no ovules","0",NA,"ancestral reconstruction","Lopez-Martinez et al. (2023) | PROTEUS",NA
"3631","Klotzschia brasiliensis","sex of flowers","1",NA,"ancestral reconstruction","Lopez-Martinez et al. (2023) | PROTEUS",NA
"3632","Klotzschia brasiliensis","ovary position","1",NA,"ancestral reconstruction","Lopez-Martinez et al. (2023) | PROTEUS",NA
"3633","Klotzschia brasiliensis","anther orientation","0",NA,"ancestral reconstruction","Lopez-Martinez et al. (2023) | PROTEUS",NA
"3634","Klotzschia brasiliensis","anther dehiscence","0",NA,"ancestral reconstruction","Lopez-Martinez et al. (2023) | PROTEUS",NA
"3635","Klotzschia brasiliensis","fusion of ovaries","1",NA,"ancestral reconstruction","Lopez-Martinez et al. (2023) | PROTEUS",NA
"3636","Koeberlinia spinosa","no ovules","2",NA,"ancestral reconstruction","Lopez-Martinez et al. (2023) | PROTEUS",NA
"3637","Koeberlinia spinosa","sex of flowers","0",NA,"ancestral reconstruction","Lopez-Martinez et al. (2023) | PROTEUS",NA
"3638","Koeberlinia spinosa","ovary position","0",NA,"ancestral reconstruction","Lopez-Martinez et al. (2023) | PROTEUS",NA
"3639","Koeberlinia spinosa","anther orientation","0",NA,"ancestral reconstruction","Lopez-Martinez et al. (2023) | PROTEUS",NA
"3640","Koeberlinia spinosa","anther attachment","0",NA,"ancestral reconstruction","Lopez-Martinez et al. (2023) | PROTEUS",NA
"3641","Koeberlinia spinosa","anther dehiscence","0",NA,"ancestral reconstruction","Lopez-Martinez et al. (2023) | PROTEUS",NA
"3642","Koeberlinia spinosa","fusion of ovaries","1",NA,"ancestral reconstruction","Lopez-Martinez et al. (2023) | PROTEUS",NA
"3643","Krameria ixine","no ovules","1",NA,"ancestral reconstruction","Lopez-Martinez et al. (2023) | PROTEUS",NA
"3644","Krameria ixine","sex of flowers","0",NA,"ancestral reconstruction","Lopez-Martinez et al. (2023) | PROTEUS",NA
"3645","Krameria ixine","ovary position","0",NA,"ancestral reconstruction","Lopez-Martinez et al. (2023) | PROTEUS",NA
"3646","Krameria ixine","fusion of ovaries","1",NA,"ancestral reconstruction","Lopez-Martinez et al. (2023) | PROTEUS",NA
"3647","Lacistema aggregatum","no ovules","0&1",NA,"ancestral reconstruction","Lopez-Martinez et al. (2023) | PROTEUS",NA
"3648","Lacistema aggregatum","sex of flowers","0",NA,"ancestral reconstruction","Lopez-Martinez et al. (2023) | PROTEUS",NA
"3649","Lacistema aggregatum","ovary position","0",NA,"ancestral reconstruction","Lopez-Martinez et al. (2023) | PROTEUS",NA
"3650","Lacistema aggregatum","anther dehiscence","0",NA,"ancestral reconstruction","Lopez-Martinez et al. (2023) | PROTEUS",NA
"3651","Lacistema aggregatum","fusion of ovaries","1",NA,"ancestral reconstruction","Lopez-Martinez et al. (2023) | PROTEUS",NA
"3652","Lactoris fernandeziana","no ovules","2",NA,"ancestral reconstruction","Lopez-Martinez et al. (2023) | PROTEUS",NA
"3653","Lactoris fernandeziana","sex of flowers","0&1",NA,"ancestral reconstruction","Lopez-Martinez et al. (2023) | PROTEUS",NA
"3654","Lactoris fernandeziana","ovary position","0",NA,"ancestral reconstruction","Lopez-Martinez et al. (2023) | PROTEUS",NA
"3655","Lactoris fernandeziana","anther orientation","2",NA,"ancestral reconstruction","Lopez-Martinez et al. (2023) | PROTEUS",NA
"3656","Lactoris fernandeziana","anther dehiscence","0",NA,"ancestral reconstruction","Lopez-Martinez et al. (2023) | PROTEUS",NA
"3657","Lactoris fernandeziana","fusion of ovaries","0",NA,"ancestral reconstruction","Lopez-Martinez et al. (2023) | PROTEUS",NA
"3658","Lanaria lanata","sex of flowers","0",NA,"ancestral reconstruction","Lopez-Martinez et al. (2023) | PROTEUS",NA
"3659","Lanaria lanata","ovary position","1",NA,"ancestral reconstruction","Lopez-Martinez et al. (2023) | PROTEUS",NA
"3660","Lanaria lanata","anther attachment","1",NA,"ancestral reconstruction","Lopez-Martinez et al. (2023) | PROTEUS",NA
"3661","Lanaria lanata","anther dehiscence","0",NA,"ancestral reconstruction","Lopez-Martinez et al. (2023) | PROTEUS",NA
"3662","Lapageria rosea","no ovules","2",NA,"ancestral reconstruction","Lopez-Martinez et al. (2023) | PROTEUS",NA
"3663","Lapageria rosea","sex of flowers","0",NA,"ancestral reconstruction","Lopez-Martinez et al. (2023) | PROTEUS",NA
"3664","Lapageria rosea","ovary position","0&1",NA,"ancestral reconstruction","Lopez-Martinez et al. (2023) | PROTEUS",NA
"3665","Lapageria rosea","anther orientation","0",NA,"ancestral reconstruction","Lopez-Martinez et al. (2023) | PROTEUS",NA
"3666","Lapageria rosea","anther attachment","0",NA,"ancestral reconstruction","Lopez-Martinez et al. (2023) | PROTEUS",NA
"3667","Lapageria rosea","anther dehiscence","0",NA,"ancestral reconstruction","Lopez-Martinez et al. (2023) | PROTEUS",NA
"3668","Lapageria rosea","fusion of ovaries","1",NA,"ancestral reconstruction","Lopez-Martinez et al. (2023) | PROTEUS",NA
"3669","Larrea tridentata","sex of flowers","0",NA,"ancestral reconstruction","Lopez-Martinez et al. (2023) | PROTEUS",NA
"3670","Lasia spinosa","no ovules","0",NA,"ancestral reconstruction","Lopez-Martinez et al. (2023) | PROTEUS",NA
"3671","Lasia spinosa","sex of flowers","0",NA,"ancestral reconstruction","Lopez-Martinez et al. (2023) | PROTEUS",NA
"3672","Lasia spinosa","ovary position","0",NA,"ancestral reconstruction","Lopez-Martinez et al. (2023) | PROTEUS",NA
"3673","Lasia spinosa","anther orientation","2",NA,"ancestral reconstruction","Lopez-Martinez et al. (2023) | PROTEUS",NA
"3674","Lasia spinosa","anther attachment","0",NA,"ancestral reconstruction","Lopez-Martinez et al. (2023) | PROTEUS",NA
"3675","Lasia spinosa","anther dehiscence","0",NA,"ancestral reconstruction","Lopez-Martinez et al. (2023) | PROTEUS",NA
"3676","Lasianthera africana","sex of flowers","0",NA,"ancestral reconstruction","Lopez-Martinez et al. (2023) | PROTEUS",NA
"3677","Lasianthera africana","ovary position","0",NA,"ancestral reconstruction","Lopez-Martinez et al. (2023) | PROTEUS",NA
"3678","Lathraea clandestina","sex of flowers","0",NA,"ancestral reconstruction","Lopez-Martinez et al. (2023) | PROTEUS",NA
"3679","Lathraea clandestina","ovary position","0",NA,"ancestral reconstruction","Lopez-Martinez et al. (2023) | PROTEUS",NA
"3680","Lathraea clandestina","anther orientation","2",NA,"ancestral reconstruction","Lopez-Martinez et al. (2023) | PROTEUS",NA
"3681","Lathraea clandestina","anther attachment","1",NA,"ancestral reconstruction","Lopez-Martinez et al. (2023) | PROTEUS",NA
"3682","Lathraea clandestina","anther dehiscence","0",NA,"ancestral reconstruction","Lopez-Martinez et al. (2023) | PROTEUS",NA
"3683","Lathraea clandestina","fusion of ovaries","1",NA,"ancestral reconstruction","Lopez-Martinez et al. (2023) | PROTEUS",NA
"3684","Laurus nobilis","no ovules","0",NA,"ancestral reconstruction","Lopez-Martinez et al. (2023) | PROTEUS",NA
"3685","Laurus nobilis","sex of flowers","0",NA,"ancestral reconstruction","Lopez-Martinez et al. (2023) | PROTEUS",NA
"3686","Laurus nobilis","ovary position","0",NA,"ancestral reconstruction","Lopez-Martinez et al. (2023) | PROTEUS",NA
"3687","Laurus nobilis","anther orientation","0",NA,"ancestral reconstruction","Lopez-Martinez et al. (2023) | PROTEUS",NA
"3688","Laurus nobilis","anther attachment","0",NA,"ancestral reconstruction","Lopez-Martinez et al. (2023) | PROTEUS",NA
"3689","Laurus nobilis","anther dehiscence","2",NA,"ancestral reconstruction","Lopez-Martinez et al. (2023) | PROTEUS",NA
"3690","Lavandula angustifolia","no ovules","1",NA,"ancestral reconstruction","Lopez-Martinez et al. (2023) | PROTEUS",NA
"3691","Lavandula angustifolia","sex of flowers","0",NA,"ancestral reconstruction","Lopez-Martinez et al. (2023) | PROTEUS",NA
"3692","Lavandula angustifolia","ovary position","0",NA,"ancestral reconstruction","Lopez-Martinez et al. (2023) | PROTEUS",NA
"3693","Lavandula angustifolia","anther attachment","1",NA,"ancestral reconstruction","Lopez-Martinez et al. (2023) | PROTEUS",NA
"3694","Lavandula angustifolia","anther dehiscence","0",NA,"ancestral reconstruction","Lopez-Martinez et al. (2023) | PROTEUS",NA
"3695","Lavandula angustifolia","fusion of ovaries","1",NA,"ancestral reconstruction","Lopez-Martinez et al. (2023) | PROTEUS",NA
"3696","Leea guineensis","no ovules","1",NA,"ancestral reconstruction","Lopez-Martinez et al. (2023) | PROTEUS",NA
"3697","Leea guineensis","sex of flowers","0",NA,"ancestral reconstruction","Lopez-Martinez et al. (2023) | PROTEUS",NA
"3698","Leea guineensis","ovary position","1",NA,"ancestral reconstruction","Lopez-Martinez et al. (2023) | PROTEUS",NA
"3699","Leea guineensis","anther orientation","0&2",NA,"ancestral reconstruction","Lopez-Martinez et al. (2023) | PROTEUS",NA
"3700","Leea guineensis","anther dehiscence","0",NA,"ancestral reconstruction","Lopez-Martinez et al. (2023) | PROTEUS",NA
"3701","Leea guineensis","fusion of ovaries","1",NA,"ancestral reconstruction","Lopez-Martinez et al. (2023) | PROTEUS",NA
"3702","Lemna minor","no ovules","0",NA,"ancestral reconstruction","Lopez-Martinez et al. (2023) | PROTEUS",NA
"3703","Lemna minor","sex of flowers","0",NA,"ancestral reconstruction","Lopez-Martinez et al. (2023) | PROTEUS",NA
"3704","Lemna minor","ovary position","0",NA,"ancestral reconstruction","Lopez-Martinez et al. (2023) | PROTEUS",NA
"3705","Lemna minor","anther attachment","0",NA,"ancestral reconstruction","Lopez-Martinez et al. (2023) | PROTEUS",NA
"3706","Lepidobotrys staudtii","no ovules","1",NA,"ancestral reconstruction","Lopez-Martinez et al. (2023) | PROTEUS",NA
"3707","Lepidobotrys staudtii","sex of flowers","0",NA,"ancestral reconstruction","Lopez-Martinez et al. (2023) | PROTEUS",NA
"3708","Lepidobotrys staudtii","ovary position","0",NA,"ancestral reconstruction","Lopez-Martinez et al. (2023) | PROTEUS",NA
"3709","Lepidobotrys staudtii","anther attachment","1",NA,"ancestral reconstruction","Lopez-Martinez et al. (2023) | PROTEUS",NA
"3710","Lepidobotrys staudtii","anther dehiscence","0",NA,"ancestral reconstruction","Lopez-Martinez et al. (2023) | PROTEUS",NA
"3711","Lepionurus sylvestris","no ovules","0",NA,"ancestral reconstruction","Lopez-Martinez et al. (2023) | PROTEUS",NA
"3712","Lepionurus sylvestris","sex of flowers","0",NA,"ancestral reconstruction","Lopez-Martinez et al. (2023) | PROTEUS",NA
"3713","Lepionurus sylvestris","ovary position","0",NA,"ancestral reconstruction","Lopez-Martinez et al. (2023) | PROTEUS",NA
"3714","Lepionurus sylvestris","anther dehiscence","0",NA,"ancestral reconstruction","Lopez-Martinez et al. (2023) | PROTEUS",NA
"3715","Leptolaena multiflora","no ovules","1",NA,"ancestral reconstruction","Lopez-Martinez et al. (2023) | PROTEUS",NA
"3716","Leptolaena multiflora","sex of flowers","0",NA,"ancestral reconstruction","Lopez-Martinez et al. (2023) | PROTEUS",NA
"3717","Leptolaena multiflora","ovary position","0",NA,"ancestral reconstruction","Lopez-Martinez et al. (2023) | PROTEUS",NA
"3718","Leptolaena multiflora","anther dehiscence","0",NA,"ancestral reconstruction","Lopez-Martinez et al. (2023) | PROTEUS",NA
"3719","Leptolaena multiflora","fusion of ovaries","1",NA,"ancestral reconstruction","Lopez-Martinez et al. (2023) | PROTEUS",NA
"3720","Leucophyllum frutescens","sex of flowers","0",NA,"ancestral reconstruction","Lopez-Martinez et al. (2023) | PROTEUS",NA
"3721","Leucophyllum frutescens","ovary position","0",NA,"ancestral reconstruction","Lopez-Martinez et al. (2023) | PROTEUS",NA
"3722","Leucophyllum frutescens","anther orientation","0",NA,"ancestral reconstruction","Lopez-Martinez et al. (2023) | PROTEUS",NA
"3723","Leucophyllum frutescens","anther attachment","1",NA,"ancestral reconstruction","Lopez-Martinez et al. (2023) | PROTEUS",NA
"3724","Leucosyke quadrinervia","sex of flowers","0&1",NA,"ancestral reconstruction","Lopez-Martinez et al. (2023) | PROTEUS",NA
"3725","Lilium superbum","sex of flowers","0",NA,"ancestral reconstruction","Lopez-Martinez et al. (2023) | PROTEUS",NA
"3726","Lilium superbum","ovary position","0",NA,"ancestral reconstruction","Lopez-Martinez et al. (2023) | PROTEUS",NA
"3727","Limeum africanum","no ovules","1",NA,"ancestral reconstruction","Lopez-Martinez et al. (2023) | PROTEUS",NA
"3728","Limeum africanum","sex of flowers","0",NA,"ancestral reconstruction","Lopez-Martinez et al. (2023) | PROTEUS",NA
"3729","Limeum africanum","ovary position","0",NA,"ancestral reconstruction","Lopez-Martinez et al. (2023) | PROTEUS",NA
"3730","Limeum africanum","anther orientation","1",NA,"ancestral reconstruction","Lopez-Martinez et al. (2023) | PROTEUS",NA
"3731","Limeum africanum","anther attachment","0&1",NA,"ancestral reconstruction","Lopez-Martinez et al. (2023) | PROTEUS",NA
"3732","Limeum africanum","anther dehiscence","0",NA,"ancestral reconstruction","Lopez-Martinez et al. (2023) | PROTEUS",NA
"3733","Limeum africanum","fusion of ovaries","1",NA,"ancestral reconstruction","Lopez-Martinez et al. (2023) | PROTEUS",NA
"3734","Limeum pterocarpum","sex of flowers","0",NA,"ancestral reconstruction","Lopez-Martinez et al. (2023) | PROTEUS",NA
"3735","Limeum pterocarpum","ovary position","0",NA,"ancestral reconstruction","Lopez-Martinez et al. (2023) | PROTEUS",NA
"3736","Limnanthes douglasii","sex of flowers","0",NA,"ancestral reconstruction","Lopez-Martinez et al. (2023) | PROTEUS",NA
"3737","Limnanthes douglasii","ovary position","0",NA,"ancestral reconstruction","Lopez-Martinez et al. (2023) | PROTEUS",NA
"3738","Limnanthes douglasii","anther dehiscence","0",NA,"ancestral reconstruction","Lopez-Martinez et al. (2023) | PROTEUS",NA
"3739","Limonium arborescens","no ovules","0",NA,"ancestral reconstruction","Lopez-Martinez et al. (2023) | PROTEUS",NA
"3740","Limonium arborescens","sex of flowers","0",NA,"ancestral reconstruction","Lopez-Martinez et al. (2023) | PROTEUS",NA
"3741","Limonium arborescens","ovary position","0",NA,"ancestral reconstruction","Lopez-Martinez et al. (2023) | PROTEUS",NA
"3742","Limonium arborescens","fusion of ovaries","1",NA,"ancestral reconstruction","Lopez-Martinez et al. (2023) | PROTEUS",NA
"3743","Limosella aquatica","sex of flowers","0",NA,"ancestral reconstruction","Lopez-Martinez et al. (2023) | PROTEUS",NA
"3744","Limosella aquatica","ovary position","0",NA,"ancestral reconstruction","Lopez-Martinez et al. (2023) | PROTEUS",NA
"3745","Linconia alopecuroidea","sex of flowers","0",NA,"ancestral reconstruction","Lopez-Martinez et al. (2023) | PROTEUS",NA
"3746","Linconia alopecuroidea","ovary position","1",NA,"ancestral reconstruction","Lopez-Martinez et al. (2023) | PROTEUS",NA
"3747","Linconia alopecuroidea","anther orientation","0",NA,"ancestral reconstruction","Lopez-Martinez et al. (2023) | PROTEUS",NA
"3748","Linconia alopecuroidea","anther attachment","1",NA,"ancestral reconstruction","Lopez-Martinez et al. (2023) | PROTEUS",NA
"3749","Linconia alopecuroidea","anther dehiscence","0",NA,"ancestral reconstruction","Lopez-Martinez et al. (2023) | PROTEUS",NA
"3750","Linconia alopecuroidea","fusion of ovaries","1",NA,"ancestral reconstruction","Lopez-Martinez et al. (2023) | PROTEUS",NA
"3751","Lindenbergia muraria","sex of flowers","0",NA,"ancestral reconstruction","Lopez-Martinez et al. (2023) | PROTEUS",NA
"3752","Lindenbergia muraria","anther dehiscence","0",NA,"ancestral reconstruction","Lopez-Martinez et al. (2023) | PROTEUS",NA
"3753","Lindenbergia philippensis","sex of flowers","0",NA,"ancestral reconstruction","Lopez-Martinez et al. (2023) | PROTEUS",NA
"3754","Lindenbergia philippensis","anther dehiscence","0",NA,"ancestral reconstruction","Lopez-Martinez et al. (2023) | PROTEUS",NA
"3755","Lindernia nummulariifolia","sex of flowers","0",NA,"ancestral reconstruction","Lopez-Martinez et al. (2023) | PROTEUS",NA
"3756","Lindernia nummulariifolia","ovary position","0",NA,"ancestral reconstruction","Lopez-Martinez et al. (2023) | PROTEUS",NA
"3757","Lindmania guianensis","sex of flowers","0",NA,"ancestral reconstruction","Lopez-Martinez et al. (2023) | PROTEUS",NA
"3758","Lindmania guianensis","ovary position","0",NA,"ancestral reconstruction","Lopez-Martinez et al. (2023) | PROTEUS",NA
"3759","Lindmania guianensis","anther attachment","1",NA,"ancestral reconstruction","Lopez-Martinez et al. (2023) | PROTEUS",NA
"3760","Lindmania guianensis","anther dehiscence","0",NA,"ancestral reconstruction","Lopez-Martinez et al. (2023) | PROTEUS",NA
"3761","Lindmania longipes","sex of flowers","0",NA,"ancestral reconstruction","Lopez-Martinez et al. (2023) | PROTEUS",NA
"3762","Lindmania longipes","ovary position","0",NA,"ancestral reconstruction","Lopez-Martinez et al. (2023) | PROTEUS",NA
"3763","Linum perenne","no ovules","1",NA,"ancestral reconstruction","Lopez-Martinez et al. (2023) | PROTEUS",NA
"3764","Linum perenne","sex of flowers","0",NA,"ancestral reconstruction","Lopez-Martinez et al. (2023) | PROTEUS",NA
"3765","Linum perenne","ovary position","0",NA,"ancestral reconstruction","Lopez-Martinez et al. (2023) | PROTEUS",NA
"3766","Linum perenne","fusion of ovaries","1",NA,"ancestral reconstruction","Lopez-Martinez et al. (2023) | PROTEUS",NA
"3767","Liquidambar styraciflua","no ovules","2",NA,"ancestral reconstruction","Lopez-Martinez et al. (2023) | PROTEUS",NA
"3768","Liquidambar styraciflua","sex of flowers","0&1",NA,"ancestral reconstruction","Lopez-Martinez et al. (2023) | PROTEUS",NA
"3769","Liquidambar styraciflua","ovary position","1",NA,"ancestral reconstruction","Lopez-Martinez et al. (2023) | PROTEUS",NA
"3770","Liquidambar styraciflua","anther orientation","1",NA,"ancestral reconstruction","Lopez-Martinez et al. (2023) | PROTEUS",NA
"3771","Liquidambar styraciflua","anther attachment","0",NA,"ancestral reconstruction","Lopez-Martinez et al. (2023) | PROTEUS",NA
"3772","Liquidambar styraciflua","anther dehiscence","0",NA,"ancestral reconstruction","Lopez-Martinez et al. (2023) | PROTEUS",NA
"3773","Liquidambar styraciflua","fusion of ovaries","1",NA,"ancestral reconstruction","Lopez-Martinez et al. (2023) | PROTEUS",NA
"3774","Liriodendron chinense","no ovules","1",NA,"ancestral reconstruction","Lopez-Martinez et al. (2023) | PROTEUS",NA
"3775","Liriodendron chinense","sex of flowers","0",NA,"ancestral reconstruction","Lopez-Martinez et al. (2023) | PROTEUS",NA
"3776","Liriodendron chinense","ovary position","0",NA,"ancestral reconstruction","Lopez-Martinez et al. (2023) | PROTEUS",NA
"3777","Liriodendron chinense","anther orientation","2",NA,"ancestral reconstruction","Lopez-Martinez et al. (2023) | PROTEUS",NA
"3778","Liriodendron chinense","anther attachment","0",NA,"ancestral reconstruction","Lopez-Martinez et al. (2023) | PROTEUS",NA
"3779","Liriodendron chinense","anther dehiscence","0",NA,"ancestral reconstruction","Lopez-Martinez et al. (2023) | PROTEUS",NA
"3780","Liriodendron chinense","fusion of ovaries","0",NA,"ancestral reconstruction","Lopez-Martinez et al. (2023) | PROTEUS",NA
"3781","Lissocarpa benthamii","no ovules","1",NA,"ancestral reconstruction","Lopez-Martinez et al. (2023) | PROTEUS",NA
"3782","Lissocarpa benthamii","ovary position","1",NA,"ancestral reconstruction","Lopez-Martinez et al. (2023) | PROTEUS",NA
"3783","Lissocarpa benthamii","anther attachment","0",NA,"ancestral reconstruction","Lopez-Martinez et al. (2023) | PROTEUS",NA
"3784","Lissocarpa benthamii","anther dehiscence","0",NA,"ancestral reconstruction","Lopez-Martinez et al. (2023) | PROTEUS",NA
"3785","Lissocarpa benthamii","fusion of ovaries","1",NA,"ancestral reconstruction","Lopez-Martinez et al. (2023) | PROTEUS",NA
"3786","Lobelia angulata","sex of flowers","0&1",NA,"ancestral reconstruction","Lopez-Martinez et al. (2023) | PROTEUS",NA
"3787","Lobelia angulata","ovary position","1",NA,"ancestral reconstruction","Lopez-Martinez et al. (2023) | PROTEUS",NA
"3788","Lobelia angulata","anther orientation","0",NA,"ancestral reconstruction","Lopez-Martinez et al. (2023) | PROTEUS",NA
"3789","Lobelia angulata","anther attachment","0",NA,"ancestral reconstruction","Lopez-Martinez et al. (2023) | PROTEUS",NA
"3790","Lobelia angulata","anther dehiscence","0",NA,"ancestral reconstruction","Lopez-Martinez et al. (2023) | PROTEUS",NA
"3791","Lobelia coronopifolia","sex of flowers","0",NA,"ancestral reconstruction","Lopez-Martinez et al. (2023) | PROTEUS",NA
"3792","Lobelia coronopifolia","ovary position","1",NA,"ancestral reconstruction","Lopez-Martinez et al. (2023) | PROTEUS",NA
"3793","Lobelia coronopifolia","anther orientation","0",NA,"ancestral reconstruction","Lopez-Martinez et al. (2023) | PROTEUS",NA
"3794","Lobelia coronopifolia","anther attachment","0",NA,"ancestral reconstruction","Lopez-Martinez et al. (2023) | PROTEUS",NA
"3795","Lobelia coronopifolia","anther dehiscence","0",NA,"ancestral reconstruction","Lopez-Martinez et al. (2023) | PROTEUS",NA
"3796","Lobelia coronopifolia","fusion of ovaries","1",NA,"ancestral reconstruction","Lopez-Martinez et al. (2023) | PROTEUS",NA
"3797","Lomandra longifolia","no ovules","0",NA,"ancestral reconstruction","Lopez-Martinez et al. (2023) | PROTEUS",NA
"3798","Lomandra longifolia","sex of flowers","0&1",NA,"ancestral reconstruction","Lopez-Martinez et al. (2023) | PROTEUS",NA
"3799","Lomandra longifolia","ovary position","0",NA,"ancestral reconstruction","Lopez-Martinez et al. (2023) | PROTEUS",NA
"3800","Lomandra longifolia","anther orientation","0",NA,"ancestral reconstruction","Lopez-Martinez et al. (2023) | PROTEUS",NA
"3801","Lomandra longifolia","anther attachment","1",NA,"ancestral reconstruction","Lopez-Martinez et al. (2023) | PROTEUS",NA
"3802","Lomandra longifolia","anther dehiscence","0",NA,"ancestral reconstruction","Lopez-Martinez et al. (2023) | PROTEUS",NA
"3803","Lomandra longifolia","fusion of ovaries","1",NA,"ancestral reconstruction","Lopez-Martinez et al. (2023) | PROTEUS",NA
"3804","Lonicera japonica","sex of flowers","0",NA,"ancestral reconstruction","Lopez-Martinez et al. (2023) | PROTEUS",NA
"3805","Lonicera japonica","ovary position","1",NA,"ancestral reconstruction","Lopez-Martinez et al. (2023) | PROTEUS",NA
"3806","Lonicera japonica","anther orientation","0",NA,"ancestral reconstruction","Lopez-Martinez et al. (2023) | PROTEUS",NA
"3807","Lonicera japonica","anther attachment","1",NA,"ancestral reconstruction","Lopez-Martinez et al. (2023) | PROTEUS",NA
"3808","Lonicera japonica","anther dehiscence","0",NA,"ancestral reconstruction","Lopez-Martinez et al. (2023) | PROTEUS",NA
"3809","Lonicera japonica","fusion of ovaries","1",NA,"ancestral reconstruction","Lopez-Martinez et al. (2023) | PROTEUS",NA
"3810","Lophiocarpus polystachyus","no ovules","0",NA,"ancestral reconstruction","Lopez-Martinez et al. (2023) | PROTEUS",NA
"3811","Lophiocarpus polystachyus","sex of flowers","0",NA,"ancestral reconstruction","Lopez-Martinez et al. (2023) | PROTEUS",NA
"3812","Lophiocarpus polystachyus","ovary position","0",NA,"ancestral reconstruction","Lopez-Martinez et al. (2023) | PROTEUS",NA
"3813","Lophiocarpus polystachyus","anther orientation","0",NA,"ancestral reconstruction","Lopez-Martinez et al. (2023) | PROTEUS",NA
"3814","Lophiocarpus polystachyus","anther dehiscence","0",NA,"ancestral reconstruction","Lopez-Martinez et al. (2023) | PROTEUS",NA
"3815","Lophiocarpus polystachyus","fusion of ovaries","1",NA,"ancestral reconstruction","Lopez-Martinez et al. (2023) | PROTEUS",NA
"3816","Lophopyxis maingayi","no ovules","1",NA,"ancestral reconstruction","Lopez-Martinez et al. (2023) | PROTEUS",NA
"3817","Lophopyxis maingayi","sex of flowers","0&1",NA,"ancestral reconstruction","Lopez-Martinez et al. (2023) | PROTEUS",NA
"3818","Lophopyxis maingayi","ovary position","0",NA,"ancestral reconstruction","Lopez-Martinez et al. (2023) | PROTEUS",NA
"3819","Lophopyxis maingayi","anther orientation","1&2",NA,"ancestral reconstruction","Lopez-Martinez et al. (2023) | PROTEUS",NA
"3820","Lophopyxis maingayi","anther attachment","0",NA,"ancestral reconstruction","Lopez-Martinez et al. (2023) | PROTEUS",NA
"3821","Lophopyxis maingayi","anther dehiscence","0",NA,"ancestral reconstruction","Lopez-Martinez et al. (2023) | PROTEUS",NA
"3822","Lophopyxis maingayi","fusion of ovaries","1",NA,"ancestral reconstruction","Lopez-Martinez et al. (2023) | PROTEUS",NA
"3823","Lophostemon confertus","sex of flowers","0",NA,"ancestral reconstruction","Lopez-Martinez et al. (2023) | PROTEUS",NA
"3824","Lophostemon confertus","ovary position","1",NA,"ancestral reconstruction","Lopez-Martinez et al. (2023) | PROTEUS",NA
"3825","Lophostemon confertus","anther attachment","1",NA,"ancestral reconstruction","Lopez-Martinez et al. (2023) | PROTEUS",NA
"3826","Lophostemon confertus","anther dehiscence","0",NA,"ancestral reconstruction","Lopez-Martinez et al. (2023) | PROTEUS",NA
"3827","Lozania pittieri","no ovules","0&1",NA,"ancestral reconstruction","Lopez-Martinez et al. (2023) | PROTEUS",NA
"3828","Lozania pittieri","sex of flowers","0",NA,"ancestral reconstruction","Lopez-Martinez et al. (2023) | PROTEUS",NA
"3829","Lozania pittieri","ovary position","0",NA,"ancestral reconstruction","Lopez-Martinez et al. (2023) | PROTEUS",NA
"3830","Lozania pittieri","anther dehiscence","0",NA,"ancestral reconstruction","Lopez-Martinez et al. (2023) | PROTEUS",NA
"3831","Lozania pittieri","fusion of ovaries","1",NA,"ancestral reconstruction","Lopez-Martinez et al. (2023) | PROTEUS",NA
"3832","Luculia gratissima","no ovules","2",NA,"ancestral reconstruction","Lopez-Martinez et al. (2023) | PROTEUS",NA
"3833","Luculia gratissima","sex of flowers","0",NA,"ancestral reconstruction","Lopez-Martinez et al. (2023) | PROTEUS",NA
"3834","Luculia gratissima","ovary position","1",NA,"ancestral reconstruction","Lopez-Martinez et al. (2023) | PROTEUS",NA
"3835","Luculia gratissima","anther orientation","1",NA,"ancestral reconstruction","Lopez-Martinez et al. (2023) | PROTEUS",NA
"3836","Luculia gratissima","anther attachment","1",NA,"ancestral reconstruction","Lopez-Martinez et al. (2023) | PROTEUS",NA
"3837","Luculia gratissima","fusion of ovaries","1",NA,"ancestral reconstruction","Lopez-Martinez et al. (2023) | PROTEUS",NA
"3838","Ludwigia adscendens","no ovules","1&2",NA,"ancestral reconstruction","Lopez-Martinez et al. (2023) | PROTEUS",NA
"3839","Ludwigia adscendens","sex of flowers","0",NA,"ancestral reconstruction","Lopez-Martinez et al. (2023) | PROTEUS",NA
"3840","Ludwigia adscendens","ovary position","1",NA,"ancestral reconstruction","Lopez-Martinez et al. (2023) | PROTEUS",NA
"3841","Ludwigia adscendens","anther dehiscence","0",NA,"ancestral reconstruction","Lopez-Martinez et al. (2023) | PROTEUS",NA
"3842","Luzula elegans","sex of flowers","0",NA,"ancestral reconstruction","Lopez-Martinez et al. (2023) | PROTEUS",NA
"3843","Luzula elegans","ovary position","0",NA,"ancestral reconstruction","Lopez-Martinez et al. (2023) | PROTEUS",NA
"3844","Luzula elegans","anther attachment","0",NA,"ancestral reconstruction","Lopez-Martinez et al. (2023) | PROTEUS",NA
"3845","Luzula elegans","fusion of ovaries","1",NA,"ancestral reconstruction","Lopez-Martinez et al. (2023) | PROTEUS",NA
"3846","Luzuriaga radicans","sex of flowers","0",NA,"ancestral reconstruction","Lopez-Martinez et al. (2023) | PROTEUS",NA
"3847","Lyonothamnus floribundus","no ovules","2",NA,"ancestral reconstruction","Lopez-Martinez et al. (2023) | PROTEUS",NA
"3848","Lyonothamnus floribundus","sex of flowers","0",NA,"ancestral reconstruction","Lopez-Martinez et al. (2023) | PROTEUS",NA
"3849","Lyonothamnus floribundus","ovary position","0",NA,"ancestral reconstruction","Lopez-Martinez et al. (2023) | PROTEUS",NA
"3850","Lyonothamnus floribundus","anther attachment","1",NA,"ancestral reconstruction","Lopez-Martinez et al. (2023) | PROTEUS",NA
"3851","Lyonothamnus floribundus","fusion of ovaries","0",NA,"ancestral reconstruction","Lopez-Martinez et al. (2023) | PROTEUS",NA
"3852","Lysimachia tenella","sex of flowers","0",NA,"ancestral reconstruction","Lopez-Martinez et al. (2023) | PROTEUS",NA
"3853","Lysimachia tenella","ovary position","0",NA,"ancestral reconstruction","Lopez-Martinez et al. (2023) | PROTEUS",NA
"3854","Lysimachia tenella","anther orientation","0",NA,"ancestral reconstruction","Lopez-Martinez et al. (2023) | PROTEUS",NA
"3855","Lysimachia tenella","fusion of ovaries","1",NA,"ancestral reconstruction","Lopez-Martinez et al. (2023) | PROTEUS",NA
"3856","Lythrum salicaria","sex of flowers","0",NA,"ancestral reconstruction","Lopez-Martinez et al. (2023) | PROTEUS",NA
"3857","Lythrum salicaria","ovary position","0",NA,"ancestral reconstruction","Lopez-Martinez et al. (2023) | PROTEUS",NA
"3858","Lythrum salicaria","anther orientation","0",NA,"ancestral reconstruction","Lopez-Martinez et al. (2023) | PROTEUS",NA
"3859","Lythrum salicaria","anther attachment","1",NA,"ancestral reconstruction","Lopez-Martinez et al. (2023) | PROTEUS",NA
"3860","Lythrum salicaria","anther dehiscence","0",NA,"ancestral reconstruction","Lopez-Martinez et al. (2023) | PROTEUS",NA
"3861","Lythrum salicaria","fusion of ovaries","1",NA,"ancestral reconstruction","Lopez-Martinez et al. (2023) | PROTEUS",NA
"3862","Macarthuria australis","no ovules","1&2",NA,"ancestral reconstruction","Lopez-Martinez et al. (2023) | PROTEUS",NA
"3863","Macarthuria australis","sex of flowers","0",NA,"ancestral reconstruction","Lopez-Martinez et al. (2023) | PROTEUS",NA
"3864","Macarthuria australis","ovary position","0",NA,"ancestral reconstruction","Lopez-Martinez et al. (2023) | PROTEUS",NA
"3865","Macarthuria australis","anther orientation","2",NA,"ancestral reconstruction","Lopez-Martinez et al. (2023) | PROTEUS",NA
"3866","Macarthuria australis","anther attachment","0",NA,"ancestral reconstruction","Lopez-Martinez et al. (2023) | PROTEUS",NA
"3867","Macarthuria australis","fusion of ovaries","1",NA,"ancestral reconstruction","Lopez-Martinez et al. (2023) | PROTEUS",NA
"3868","Macarthuria neocambrica","no ovules","0&1&2",NA,"ancestral reconstruction","Lopez-Martinez et al. (2023) | PROTEUS",NA
"3869","Macarthuria neocambrica","ovary position","0",NA,"ancestral reconstruction","Lopez-Martinez et al. (2023) | PROTEUS",NA
"3870","Mackinlaya confusa","no ovules","0",NA,"ancestral reconstruction","Lopez-Martinez et al. (2023) | PROTEUS",NA
"3871","Mackinlaya confusa","sex of flowers","0&1",NA,"ancestral reconstruction","Lopez-Martinez et al. (2023) | PROTEUS",NA
"3872","Mackinlaya confusa","ovary position","1",NA,"ancestral reconstruction","Lopez-Martinez et al. (2023) | PROTEUS",NA
"3873","Maesa lanceolata","sex of flowers","0",NA,"ancestral reconstruction","Lopez-Martinez et al. (2023) | PROTEUS",NA
"3874","Maesa lanceolata","ovary position","1",NA,"ancestral reconstruction","Lopez-Martinez et al. (2023) | PROTEUS",NA
"3875","Maesa lanceolata","anther orientation","0",NA,"ancestral reconstruction","Lopez-Martinez et al. (2023) | PROTEUS",NA
"3876","Maesa lanceolata","anther attachment","1",NA,"ancestral reconstruction","Lopez-Martinez et al. (2023) | PROTEUS",NA
"3877","Maesa lanceolata","anther dehiscence","0",NA,"ancestral reconstruction","Lopez-Martinez et al. (2023) | PROTEUS",NA
"3878","Maesa myrsinoides","sex of flowers","0",NA,"ancestral reconstruction","Lopez-Martinez et al. (2023) | PROTEUS",NA
"3879","Maesa myrsinoides","ovary position","0",NA,"ancestral reconstruction","Lopez-Martinez et al. (2023) | PROTEUS",NA
"3880","Maesa myrsinoides","anther orientation","0",NA,"ancestral reconstruction","Lopez-Martinez et al. (2023) | PROTEUS",NA
"3881","Maesa myrsinoides","anther dehiscence","0",NA,"ancestral reconstruction","Lopez-Martinez et al. (2023) | PROTEUS",NA
"3882","Magnolia denudata","sex of flowers","0",NA,"ancestral reconstruction","Lopez-Martinez et al. (2023) | PROTEUS",NA
"3883","Magnolia denudata","ovary position","0",NA,"ancestral reconstruction","Lopez-Martinez et al. (2023) | PROTEUS",NA
"3884","Magnolia denudata","fusion of ovaries","0",NA,"ancestral reconstruction","Lopez-Martinez et al. (2023) | PROTEUS",NA
"3885","Mahonia bealei","no ovules","2",NA,"ancestral reconstruction","Lopez-Martinez et al. (2023) | PROTEUS",NA
"3886","Mahonia bealei","sex of flowers","0",NA,"ancestral reconstruction","Lopez-Martinez et al. (2023) | PROTEUS",NA
"3887","Mahonia bealei","ovary position","0",NA,"ancestral reconstruction","Lopez-Martinez et al. (2023) | PROTEUS",NA
"3888","Mahonia bealei","anther attachment","0",NA,"ancestral reconstruction","Lopez-Martinez et al. (2023) | PROTEUS",NA
"3889","Mahonia bealei","anther dehiscence","2",NA,"ancestral reconstruction","Lopez-Martinez et al. (2023) | PROTEUS",NA
"3890","Malania oleifera","sex of flowers","0",NA,"ancestral reconstruction","Lopez-Martinez et al. (2023) | PROTEUS",NA
"3891","Malania oleifera","ovary position","0",NA,"ancestral reconstruction","Lopez-Martinez et al. (2023) | PROTEUS",NA
"3892","Malania oleifera","anther attachment","0",NA,"ancestral reconstruction","Lopez-Martinez et al. (2023) | PROTEUS",NA
"3893","Malania oleifera","anther dehiscence","0",NA,"ancestral reconstruction","Lopez-Martinez et al. (2023) | PROTEUS",NA
"3894","Malesherbia linearifolia","no ovules","2",NA,"ancestral reconstruction","Lopez-Martinez et al. (2023) | PROTEUS",NA
"3895","Malesherbia linearifolia","sex of flowers","0",NA,"ancestral reconstruction","Lopez-Martinez et al. (2023) | PROTEUS",NA
"3896","Malesherbia linearifolia","ovary position","0",NA,"ancestral reconstruction","Lopez-Martinez et al. (2023) | PROTEUS",NA
"3897","Malesherbia linearifolia","anther orientation","0",NA,"ancestral reconstruction","Lopez-Martinez et al. (2023) | PROTEUS",NA
"3898","Malesherbia linearifolia","anther attachment","1",NA,"ancestral reconstruction","Lopez-Martinez et al. (2023) | PROTEUS",NA
"3899","Malesherbia linearifolia","anther dehiscence","0",NA,"ancestral reconstruction","Lopez-Martinez et al. (2023) | PROTEUS",NA
"3900","Malesherbia linearifolia","fusion of ovaries","1",NA,"ancestral reconstruction","Lopez-Martinez et al. (2023) | PROTEUS",NA
"3901","Malpighia emarginata","no ovules","0",NA,"ancestral reconstruction","Lopez-Martinez et al. (2023) | PROTEUS",NA
"3902","Malpighia emarginata","sex of flowers","0",NA,"ancestral reconstruction","Lopez-Martinez et al. (2023) | PROTEUS",NA
"3903","Malpighia emarginata","ovary position","0",NA,"ancestral reconstruction","Lopez-Martinez et al. (2023) | PROTEUS",NA
"3904","Malpighia emarginata","fusion of ovaries","1",NA,"ancestral reconstruction","Lopez-Martinez et al. (2023) | PROTEUS",NA
"3905","Mammea americana","no ovules","1&2",NA,"ancestral reconstruction","Lopez-Martinez et al. (2023) | PROTEUS",NA
"3906","Mammea americana","ovary position","0",NA,"ancestral reconstruction","Lopez-Martinez et al. (2023) | PROTEUS",NA
"3907","Mammea americana","anther dehiscence","0",NA,"ancestral reconstruction","Lopez-Martinez et al. (2023) | PROTEUS",NA
"3908","Mammea americana","fusion of ovaries","1",NA,"ancestral reconstruction","Lopez-Martinez et al. (2023) | PROTEUS",NA
"3909","Manekia sydowii","sex of flowers","0",NA,"ancestral reconstruction","Lopez-Martinez et al. (2023) | PROTEUS",NA
"3910","Manekia sydowii","ovary position","0",NA,"ancestral reconstruction","Lopez-Martinez et al. (2023) | PROTEUS",NA
"3911","Manekia sydowii","anther dehiscence","0",NA,"ancestral reconstruction","Lopez-Martinez et al. (2023) | PROTEUS",NA
"3912","Manihot esculenta","no ovules","0",NA,"ancestral reconstruction","Lopez-Martinez et al. (2023) | PROTEUS",NA
"3913","Manihot esculenta","sex of flowers","0&1",NA,"ancestral reconstruction","Lopez-Martinez et al. (2023) | PROTEUS",NA
"3914","Manihot esculenta","ovary position","0",NA,"ancestral reconstruction","Lopez-Martinez et al. (2023) | PROTEUS",NA
"3915","Manihot esculenta","anther orientation","0",NA,"ancestral reconstruction","Lopez-Martinez et al. (2023) | PROTEUS",NA
"3916","Manihot esculenta","anther attachment","1",NA,"ancestral reconstruction","Lopez-Martinez et al. (2023) | PROTEUS",NA
"3917","Manihot esculenta","anther dehiscence","0",NA,"ancestral reconstruction","Lopez-Martinez et al. (2023) | PROTEUS",NA
"3918","Manihot esculenta","fusion of ovaries","1",NA,"ancestral reconstruction","Lopez-Martinez et al. (2023) | PROTEUS",NA
"3919","Manilkara zapota","no ovules","0",NA,"ancestral reconstruction","Lopez-Martinez et al. (2023) | PROTEUS",NA
"3920","Manilkara zapota","sex of flowers","0",NA,"ancestral reconstruction","Lopez-Martinez et al. (2023) | PROTEUS",NA
"3921","Manilkara zapota","ovary position","0",NA,"ancestral reconstruction","Lopez-Martinez et al. (2023) | PROTEUS",NA
"3922","Manilkara zapota","anther orientation","2",NA,"ancestral reconstruction","Lopez-Martinez et al. (2023) | PROTEUS",NA
"3923","Manilkara zapota","anther attachment","0",NA,"ancestral reconstruction","Lopez-Martinez et al. (2023) | PROTEUS",NA
"3924","Manilkara zapota","anther dehiscence","0",NA,"ancestral reconstruction","Lopez-Martinez et al. (2023) | PROTEUS",NA
"3925","Manilkara zapota","fusion of ovaries","1",NA,"ancestral reconstruction","Lopez-Martinez et al. (2023) | PROTEUS",NA
"3926","Maranta cristata","no ovules","0",NA,"ancestral reconstruction","Lopez-Martinez et al. (2023) | PROTEUS",NA
"3927","Maranta cristata","sex of flowers","0",NA,"ancestral reconstruction","Lopez-Martinez et al. (2023) | PROTEUS",NA
"3928","Maranta cristata","ovary position","1",NA,"ancestral reconstruction","Lopez-Martinez et al. (2023) | PROTEUS",NA
"3929","Maranta cristata","anther orientation","1",NA,"ancestral reconstruction","Lopez-Martinez et al. (2023) | PROTEUS",NA
"3930","Maranta cristata","anther attachment","0",NA,"ancestral reconstruction","Lopez-Martinez et al. (2023) | PROTEUS",NA
"3931","Marathrum rubrum","no ovules","2",NA,"ancestral reconstruction","Lopez-Martinez et al. (2023) | PROTEUS",NA
"3932","Marathrum rubrum","sex of flowers","0",NA,"ancestral reconstruction","Lopez-Martinez et al. (2023) | PROTEUS",NA
"3933","Marathrum rubrum","ovary position","0",NA,"ancestral reconstruction","Lopez-Martinez et al. (2023) | PROTEUS",NA
"3934","Marathrum rubrum","anther orientation","0",NA,"ancestral reconstruction","Lopez-Martinez et al. (2023) | PROTEUS",NA
"3935","Marathrum rubrum","anther attachment","0",NA,"ancestral reconstruction","Lopez-Martinez et al. (2023) | PROTEUS",NA
"3936","Marathrum rubrum","anther dehiscence","0",NA,"ancestral reconstruction","Lopez-Martinez et al. (2023) | PROTEUS",NA
"3937","Marathrum rubrum","fusion of ovaries","1",NA,"ancestral reconstruction","Lopez-Martinez et al. (2023) | PROTEUS",NA
"3938","Marcgravia rectiflora","no ovules","2",NA,"ancestral reconstruction","Lopez-Martinez et al. (2023) | PROTEUS",NA
"3939","Marcgravia rectiflora","sex of flowers","0",NA,"ancestral reconstruction","Lopez-Martinez et al. (2023) | PROTEUS",NA
"3940","Marcgravia rectiflora","ovary position","0",NA,"ancestral reconstruction","Lopez-Martinez et al. (2023) | PROTEUS",NA
"3941","Marcgravia rectiflora","anther orientation","1",NA,"ancestral reconstruction","Lopez-Martinez et al. (2023) | PROTEUS",NA
"3942","Marcgravia rectiflora","anther attachment","0",NA,"ancestral reconstruction","Lopez-Martinez et al. (2023) | PROTEUS",NA
"3943","Marcgravia rectiflora","anther dehiscence","0",NA,"ancestral reconstruction","Lopez-Martinez et al. (2023) | PROTEUS",NA
"3944","Marcgravia rectiflora","fusion of ovaries","1",NA,"ancestral reconstruction","Lopez-Martinez et al. (2023) | PROTEUS",NA
"3945","Martynia annua","no ovules","1",NA,"ancestral reconstruction","Lopez-Martinez et al. (2023) | PROTEUS",NA
"3946","Martynia annua","sex of flowers","0",NA,"ancestral reconstruction","Lopez-Martinez et al. (2023) | PROTEUS",NA
"3947","Martynia annua","ovary position","0",NA,"ancestral reconstruction","Lopez-Martinez et al. (2023) | PROTEUS",NA
"3948","Martynia annua","anther dehiscence","0",NA,"ancestral reconstruction","Lopez-Martinez et al. (2023) | PROTEUS",NA
"3949","Martynia annua","fusion of ovaries","1",NA,"ancestral reconstruction","Lopez-Martinez et al. (2023) | PROTEUS",NA
"3950","Mauloutchia chapelieri","no ovules","0",NA,"ancestral reconstruction","Lopez-Martinez et al. (2023) | PROTEUS",NA
"3951","Mauloutchia chapelieri","sex of flowers","1",NA,"ancestral reconstruction","Lopez-Martinez et al. (2023) | PROTEUS",NA
"3952","Mauloutchia chapelieri","ovary position","0",NA,"ancestral reconstruction","Lopez-Martinez et al. (2023) | PROTEUS",NA
"3953","Mauloutchia chapelieri","anther orientation","2",NA,"ancestral reconstruction","Lopez-Martinez et al. (2023) | PROTEUS",NA
"3954","Mauloutchia chapelieri","anther attachment","0",NA,"ancestral reconstruction","Lopez-Martinez et al. (2023) | PROTEUS",NA
"3955","Maundia triglochinoides","no ovules","0",NA,"ancestral reconstruction","Lopez-Martinez et al. (2023) | PROTEUS",NA
"3956","Maundia triglochinoides","sex of flowers","0",NA,"ancestral reconstruction","Lopez-Martinez et al. (2023) | PROTEUS",NA
"3957","Maundia triglochinoides","ovary position","0",NA,"ancestral reconstruction","Lopez-Martinez et al. (2023) | PROTEUS",NA
"3958","Maundia triglochinoides","anther orientation","2",NA,"ancestral reconstruction","Lopez-Martinez et al. (2023) | PROTEUS",NA
"3959","Maundia triglochinoides","fusion of ovaries","1",NA,"ancestral reconstruction","Lopez-Martinez et al. (2023) | PROTEUS",NA
"3960","Mayaca fluviatilis","no ovules","1",NA,"ancestral reconstruction","Lopez-Martinez et al. (2023) | PROTEUS",NA
"3961","Mayaca fluviatilis","sex of flowers","0",NA,"ancestral reconstruction","Lopez-Martinez et al. (2023) | PROTEUS",NA
"3962","Mayaca fluviatilis","ovary position","0",NA,"ancestral reconstruction","Lopez-Martinez et al. (2023) | PROTEUS",NA
"3963","Mayaca fluviatilis","anther orientation","2",NA,"ancestral reconstruction","Lopez-Martinez et al. (2023) | PROTEUS",NA
"3964","Mayaca fluviatilis","anther attachment","0",NA,"ancestral reconstruction","Lopez-Martinez et al. (2023) | PROTEUS",NA
"3965","Mayaca fluviatilis","fusion of ovaries","1",NA,"ancestral reconstruction","Lopez-Martinez et al. (2023) | PROTEUS",NA
"3966","Mazus pumilus","no ovules","2",NA,"ancestral reconstruction","Lopez-Martinez et al. (2023) | PROTEUS",NA
"3967","Mazus pumilus","sex of flowers","0",NA,"ancestral reconstruction","Lopez-Martinez et al. (2023) | PROTEUS",NA
"3968","Mazus pumilus","ovary position","0",NA,"ancestral reconstruction","Lopez-Martinez et al. (2023) | PROTEUS",NA
"3969","Mazus pumilus","fusion of ovaries","1",NA,"ancestral reconstruction","Lopez-Martinez et al. (2023) | PROTEUS",NA
"3970","Medicago sativa","no ovules","2",NA,"ancestral reconstruction","Lopez-Martinez et al. (2023) | PROTEUS",NA
"3971","Medicago sativa","sex of flowers","0",NA,"ancestral reconstruction","Lopez-Martinez et al. (2023) | PROTEUS",NA
"3972","Medicago sativa","ovary position","0",NA,"ancestral reconstruction","Lopez-Martinez et al. (2023) | PROTEUS",NA
"3973","Medusagyne oppositifolia","no ovules","1",NA,"ancestral reconstruction","Lopez-Martinez et al. (2023) | PROTEUS",NA
"3974","Medusagyne oppositifolia","sex of flowers","0&1",NA,"ancestral reconstruction","Lopez-Martinez et al. (2023) | PROTEUS",NA
"3975","Medusagyne oppositifolia","ovary position","0",NA,"ancestral reconstruction","Lopez-Martinez et al. (2023) | PROTEUS",NA
"3976","Medusagyne oppositifolia","anther orientation","1",NA,"ancestral reconstruction","Lopez-Martinez et al. (2023) | PROTEUS",NA
"3977","Medusagyne oppositifolia","anther attachment","0",NA,"ancestral reconstruction","Lopez-Martinez et al. (2023) | PROTEUS",NA
"3978","Medusagyne oppositifolia","anther dehiscence","0",NA,"ancestral reconstruction","Lopez-Martinez et al. (2023) | PROTEUS",NA
"3979","Medusagyne oppositifolia","fusion of ovaries","1",NA,"ancestral reconstruction","Lopez-Martinez et al. (2023) | PROTEUS",NA
"3980","Medusandra richardsiana","no ovules","1",NA,"ancestral reconstruction","Lopez-Martinez et al. (2023) | PROTEUS",NA
"3981","Medusandra richardsiana","sex of flowers","0",NA,"ancestral reconstruction","Lopez-Martinez et al. (2023) | PROTEUS",NA
"3982","Medusandra richardsiana","ovary position","0",NA,"ancestral reconstruction","Lopez-Martinez et al. (2023) | PROTEUS",NA
"3983","Medusandra richardsiana","anther orientation","1",NA,"ancestral reconstruction","Lopez-Martinez et al. (2023) | PROTEUS",NA
"3984","Medusandra richardsiana","anther attachment","0",NA,"ancestral reconstruction","Lopez-Martinez et al. (2023) | PROTEUS",NA
"3985","Medusandra richardsiana","fusion of ovaries","1",NA,"ancestral reconstruction","Lopez-Martinez et al. (2023) | PROTEUS",NA
"3986","Melanophylla alnifolia","no ovules","0",NA,"ancestral reconstruction","Lopez-Martinez et al. (2023) | PROTEUS",NA
"3987","Melanophylla alnifolia","sex of flowers","0",NA,"ancestral reconstruction","Lopez-Martinez et al. (2023) | PROTEUS",NA
"3988","Melanophylla alnifolia","ovary position","1",NA,"ancestral reconstruction","Lopez-Martinez et al. (2023) | PROTEUS",NA
"3989","Melanophylla alnifolia","anther orientation","0",NA,"ancestral reconstruction","Lopez-Martinez et al. (2023) | PROTEUS",NA
"3990","Melanophylla alnifolia","anther attachment","1",NA,"ancestral reconstruction","Lopez-Martinez et al. (2023) | PROTEUS",NA
"3991","Melanophylla alnifolia","anther dehiscence","0",NA,"ancestral reconstruction","Lopez-Martinez et al. (2023) | PROTEUS",NA
"3992","Melanophylla alnifolia","fusion of ovaries","1",NA,"ancestral reconstruction","Lopez-Martinez et al. (2023) | PROTEUS",NA
"3993","Melicope pteleifolia","sex of flowers","0&1",NA,"ancestral reconstruction","Lopez-Martinez et al. (2023) | PROTEUS",NA
"3994","Melicope pteleifolia","ovary position","0",NA,"ancestral reconstruction","Lopez-Martinez et al. (2023) | PROTEUS",NA
"3995","Meliosma veitchiorum","no ovules","1",NA,"ancestral reconstruction","Lopez-Martinez et al. (2023) | PROTEUS",NA
"3996","Meliosma veitchiorum","sex of flowers","0",NA,"ancestral reconstruction","Lopez-Martinez et al. (2023) | PROTEUS",NA
"3997","Meliosma veitchiorum","ovary position","0",NA,"ancestral reconstruction","Lopez-Martinez et al. (2023) | PROTEUS",NA
"3998","Meliosma veitchiorum","anther orientation","2",NA,"ancestral reconstruction","Lopez-Martinez et al. (2023) | PROTEUS",NA
"3999","Meliosma veitchiorum","anther attachment","1",NA,"ancestral reconstruction","Lopez-Martinez et al. (2023) | PROTEUS",NA
"4000","Meliosma veitchiorum","anther dehiscence","0",NA,"ancestral reconstruction","Lopez-Martinez et al. (2023) | PROTEUS",NA
"4001","Meliosma veitchiorum","fusion of ovaries","1",NA,"ancestral reconstruction","Lopez-Martinez et al. (2023) | PROTEUS",NA
"4002","Mendoncia gracilis","sex of flowers","0",NA,"ancestral reconstruction","Lopez-Martinez et al. (2023) | PROTEUS",NA
"4003","Mendoncia gracilis","ovary position","0",NA,"ancestral reconstruction","Lopez-Martinez et al. (2023) | PROTEUS",NA
"4004","Mendoncia gracilis","fusion of ovaries","1",NA,"ancestral reconstruction","Lopez-Martinez et al. (2023) | PROTEUS",NA
"4005","Menispermum canadense","no ovules","1",NA,"ancestral reconstruction","Lopez-Martinez et al. (2023) | PROTEUS",NA
"4006","Menispermum canadense","sex of flowers","0&1",NA,"ancestral reconstruction","Lopez-Martinez et al. (2023) | PROTEUS",NA
"4007","Menispermum canadense","ovary position","0",NA,"ancestral reconstruction","Lopez-Martinez et al. (2023) | PROTEUS",NA
"4008","Menispermum canadense","anther attachment","0",NA,"ancestral reconstruction","Lopez-Martinez et al. (2023) | PROTEUS",NA
"4009","Menispermum canadense","anther dehiscence","0",NA,"ancestral reconstruction","Lopez-Martinez et al. (2023) | PROTEUS",NA
"4010","Mentzelia lindleyi","sex of flowers","0",NA,"ancestral reconstruction","Lopez-Martinez et al. (2023) | PROTEUS",NA
"4011","Mentzelia lindleyi","ovary position","1",NA,"ancestral reconstruction","Lopez-Martinez et al. (2023) | PROTEUS",NA
"4012","Mentzelia lindleyi","fusion of ovaries","1",NA,"ancestral reconstruction","Lopez-Martinez et al. (2023) | PROTEUS",NA
"4013","Menyanthes trifoliata","no ovules","2",NA,"ancestral reconstruction","Lopez-Martinez et al. (2023) | PROTEUS",NA
"4014","Menyanthes trifoliata","sex of flowers","0",NA,"ancestral reconstruction","Lopez-Martinez et al. (2023) | PROTEUS",NA
"4015","Menyanthes trifoliata","ovary position","0",NA,"ancestral reconstruction","Lopez-Martinez et al. (2023) | PROTEUS",NA
"4016","Menyanthes trifoliata","anther orientation","0",NA,"ancestral reconstruction","Lopez-Martinez et al. (2023) | PROTEUS",NA
"4017","Menyanthes trifoliata","fusion of ovaries","1",NA,"ancestral reconstruction","Lopez-Martinez et al. (2023) | PROTEUS",NA
"4018","Mesembryanthemum crystallinum","sex of flowers","0",NA,"ancestral reconstruction","Lopez-Martinez et al. (2023) | PROTEUS",NA
"4019","Mesembryanthemum crystallinum","ovary position","0",NA,"ancestral reconstruction","Lopez-Martinez et al. (2023) | PROTEUS",NA
"4020","Metanarthecium luteoviride","no ovules","2",NA,"ancestral reconstruction","Lopez-Martinez et al. (2023) | PROTEUS",NA
"4021","Metanarthecium luteoviride","sex of flowers","0",NA,"ancestral reconstruction","Lopez-Martinez et al. (2023) | PROTEUS",NA
"4022","Metanarthecium luteoviride","ovary position","1",NA,"ancestral reconstruction","Lopez-Martinez et al. (2023) | PROTEUS",NA
"4023","Metanarthecium luteoviride","anther dehiscence","0",NA,"ancestral reconstruction","Lopez-Martinez et al. (2023) | PROTEUS",NA
"4024","Metanarthecium luteoviride","fusion of ovaries","1",NA,"ancestral reconstruction","Lopez-Martinez et al. (2023) | PROTEUS",NA
"4025","Metteniusa tessmanniana","sex of flowers","0",NA,"ancestral reconstruction","Lopez-Martinez et al. (2023) | PROTEUS",NA
"4026","Metteniusa tessmanniana","ovary position","0",NA,"ancestral reconstruction","Lopez-Martinez et al. (2023) | PROTEUS",NA
"4027","Metteniusa tessmanniana","anther attachment","1",NA,"ancestral reconstruction","Lopez-Martinez et al. (2023) | PROTEUS",NA
"4028","Metternichia princeps","no ovules","2",NA,"ancestral reconstruction","Lopez-Martinez et al. (2023) | PROTEUS",NA
"4029","Metternichia princeps","sex of flowers","0",NA,"ancestral reconstruction","Lopez-Martinez et al. (2023) | PROTEUS",NA
"4030","Metternichia princeps","ovary position","0",NA,"ancestral reconstruction","Lopez-Martinez et al. (2023) | PROTEUS",NA
"4031","Metternichia princeps","anther attachment","0",NA,"ancestral reconstruction","Lopez-Martinez et al. (2023) | PROTEUS",NA
"4032","Metternichia princeps","anther dehiscence","0",NA,"ancestral reconstruction","Lopez-Martinez et al. (2023) | PROTEUS",NA
"4033","Metternichia princeps","fusion of ovaries","1",NA,"ancestral reconstruction","Lopez-Martinez et al. (2023) | PROTEUS",NA
"4034","Micraira adamsii","no ovules","0",NA,"ancestral reconstruction","Lopez-Martinez et al. (2023) | PROTEUS",NA
"4035","Micraira adamsii","sex of flowers","0",NA,"ancestral reconstruction","Lopez-Martinez et al. (2023) | PROTEUS",NA
"4036","Micraira adamsii","ovary position","0",NA,"ancestral reconstruction","Lopez-Martinez et al. (2023) | PROTEUS",NA
"4037","Microdesmis puberula","no ovules","0",NA,"ancestral reconstruction","Lopez-Martinez et al. (2023) | PROTEUS",NA
"4038","Microdesmis puberula","ovary position","0",NA,"ancestral reconstruction","Lopez-Martinez et al. (2023) | PROTEUS",NA
"4039","Microdesmis puberula","anther dehiscence","0",NA,"ancestral reconstruction","Lopez-Martinez et al. (2023) | PROTEUS",NA
"4040","Microdesmis puberula","fusion of ovaries","1",NA,"ancestral reconstruction","Lopez-Martinez et al. (2023) | PROTEUS",NA
"4041","Microtea debilis","sex of flowers","0",NA,"ancestral reconstruction","Lopez-Martinez et al. (2023) | PROTEUS",NA
"4042","Microtea debilis","ovary position","0",NA,"ancestral reconstruction","Lopez-Martinez et al. (2023) | PROTEUS",NA
"4043","Milla biflora","sex of flowers","0",NA,"ancestral reconstruction","Lopez-Martinez et al. (2023) | PROTEUS",NA
"4044","Milla biflora","ovary position","0",NA,"ancestral reconstruction","Lopez-Martinez et al. (2023) | PROTEUS",NA
"4045","Milla biflora","anther dehiscence","0",NA,"ancestral reconstruction","Lopez-Martinez et al. (2023) | PROTEUS",NA
"4046","Milla biflora","fusion of ovaries","1",NA,"ancestral reconstruction","Lopez-Martinez et al. (2023) | PROTEUS",NA
"4047","Milligania stylosa","sex of flowers","0",NA,"ancestral reconstruction","Lopez-Martinez et al. (2023) | PROTEUS",NA
"4048","Milligania stylosa","ovary position","0",NA,"ancestral reconstruction","Lopez-Martinez et al. (2023) | PROTEUS",NA
"4049","Milligania stylosa","anther orientation","0&1",NA,"ancestral reconstruction","Lopez-Martinez et al. (2023) | PROTEUS",NA
"4050","Milligania stylosa","anther dehiscence","0",NA,"ancestral reconstruction","Lopez-Martinez et al. (2023) | PROTEUS",NA
"4051","Mimulus aurantiacus","sex of flowers","0",NA,"ancestral reconstruction","Lopez-Martinez et al. (2023) | PROTEUS",NA
"4052","Mimulus aurantiacus","ovary position","0",NA,"ancestral reconstruction","Lopez-Martinez et al. (2023) | PROTEUS",NA
"4053","Mimulus aurantiacus","anther attachment","0",NA,"ancestral reconstruction","Lopez-Martinez et al. (2023) | PROTEUS",NA
"4054","Mimulus aurantiacus","anther dehiscence","0",NA,"ancestral reconstruction","Lopez-Martinez et al. (2023) | PROTEUS",NA
"4055","Mimulus aurantiacus","fusion of ovaries","1",NA,"ancestral reconstruction","Lopez-Martinez et al. (2023) | PROTEUS",NA
"4056","Minquartia guianensis","no ovules","0",NA,"ancestral reconstruction","Lopez-Martinez et al. (2023) | PROTEUS",NA
"4057","Minquartia guianensis","sex of flowers","0",NA,"ancestral reconstruction","Lopez-Martinez et al. (2023) | PROTEUS",NA
"4058","Minquartia guianensis","ovary position","0",NA,"ancestral reconstruction","Lopez-Martinez et al. (2023) | PROTEUS",NA
"4059","Minquartia guianensis","anther attachment","1",NA,"ancestral reconstruction","Lopez-Martinez et al. (2023) | PROTEUS",NA
"4060","Minquartia guianensis","fusion of ovaries","1",NA,"ancestral reconstruction","Lopez-Martinez et al. (2023) | PROTEUS",NA
"4061","Minuartia geniculata","sex of flowers","0",NA,"ancestral reconstruction","Lopez-Martinez et al. (2023) | PROTEUS",NA
"4062","Minuartia geniculata","ovary position","0",NA,"ancestral reconstruction","Lopez-Martinez et al. (2023) | PROTEUS",NA
"4063","Minuartia geniculata","anther orientation","0",NA,"ancestral reconstruction","Lopez-Martinez et al. (2023) | PROTEUS",NA
"4064","Minuartia geniculata","anther dehiscence","0",NA,"ancestral reconstruction","Lopez-Martinez et al. (2023) | PROTEUS",NA
"4065","Mirabilis jalapa","no ovules","0",NA,"ancestral reconstruction","Lopez-Martinez et al. (2023) | PROTEUS",NA
"4066","Mirabilis jalapa","sex of flowers","0",NA,"ancestral reconstruction","Lopez-Martinez et al. (2023) | PROTEUS",NA
"4067","Mirabilis jalapa","ovary position","0",NA,"ancestral reconstruction","Lopez-Martinez et al. (2023) | PROTEUS",NA
"4068","Mirabilis jalapa","anther dehiscence","0",NA,"ancestral reconstruction","Lopez-Martinez et al. (2023) | PROTEUS",NA
"4069","Misodendrum linearifolium","no ovules","0",NA,"ancestral reconstruction","Lopez-Martinez et al. (2023) | PROTEUS",NA
"4070","Misodendrum linearifolium","sex of flowers","0&1",NA,"ancestral reconstruction","Lopez-Martinez et al. (2023) | PROTEUS",NA
"4071","Misodendrum linearifolium","ovary position","1",NA,"ancestral reconstruction","Lopez-Martinez et al. (2023) | PROTEUS",NA
"4072","Misodendrum linearifolium","anther dehiscence","0",NA,"ancestral reconstruction","Lopez-Martinez et al. (2023) | PROTEUS",NA
"4073","Misodendrum linearifolium","fusion of ovaries","1",NA,"ancestral reconstruction","Lopez-Martinez et al. (2023) | PROTEUS",NA
"4074","Misodendrum quadriflorum","no ovules","0",NA,"ancestral reconstruction","Lopez-Martinez et al. (2023) | PROTEUS",NA
"4075","Misodendrum quadriflorum","sex of flowers","0&1",NA,"ancestral reconstruction","Lopez-Martinez et al. (2023) | PROTEUS",NA
"4076","Misodendrum quadriflorum","ovary position","1",NA,"ancestral reconstruction","Lopez-Martinez et al. (2023) | PROTEUS",NA
"4077","Misodendrum quadriflorum","anther dehiscence","0",NA,"ancestral reconstruction","Lopez-Martinez et al. (2023) | PROTEUS",NA
"4078","Misodendrum quadriflorum","fusion of ovaries","1",NA,"ancestral reconstruction","Lopez-Martinez et al. (2023) | PROTEUS",NA
"4079","Mitrastemon yamamotoi","no ovules","2",NA,"ancestral reconstruction","Lopez-Martinez et al. (2023) | PROTEUS",NA
"4080","Mitrastemon yamamotoi","sex of flowers","0",NA,"ancestral reconstruction","Lopez-Martinez et al. (2023) | PROTEUS",NA
"4081","Mitrastemon yamamotoi","ovary position","0",NA,"ancestral reconstruction","Lopez-Martinez et al. (2023) | PROTEUS",NA
"4082","Mitrastemon yamamotoi","anther orientation","2",NA,"ancestral reconstruction","Lopez-Martinez et al. (2023) | PROTEUS",NA
"4083","Mitrastemon yamamotoi","fusion of ovaries","1",NA,"ancestral reconstruction","Lopez-Martinez et al. (2023) | PROTEUS",NA
"4084","Mkilua fragrans","no ovules","2",NA,"ancestral reconstruction","Lopez-Martinez et al. (2023) | PROTEUS",NA
"4085","Mkilua fragrans","sex of flowers","0",NA,"ancestral reconstruction","Lopez-Martinez et al. (2023) | PROTEUS",NA
"4086","Mkilua fragrans","ovary position","0",NA,"ancestral reconstruction","Lopez-Martinez et al. (2023) | PROTEUS",NA
"4087","Mkilua fragrans","anther attachment","0",NA,"ancestral reconstruction","Lopez-Martinez et al. (2023) | PROTEUS",NA
"4088","Mkilua fragrans","anther dehiscence","0",NA,"ancestral reconstruction","Lopez-Martinez et al. (2023) | PROTEUS",NA
"4089","Mkilua fragrans","fusion of ovaries","0",NA,"ancestral reconstruction","Lopez-Martinez et al. (2023) | PROTEUS",NA
"4090","Molineria capitulata","sex of flowers","0",NA,"ancestral reconstruction","Lopez-Martinez et al. (2023) | PROTEUS",NA
"4091","Molineria capitulata","ovary position","1",NA,"ancestral reconstruction","Lopez-Martinez et al. (2023) | PROTEUS",NA
"4092","Molineria capitulata","anther orientation","0",NA,"ancestral reconstruction","Lopez-Martinez et al. (2023) | PROTEUS",NA
"4093","Molineria capitulata","anther attachment","1",NA,"ancestral reconstruction","Lopez-Martinez et al. (2023) | PROTEUS",NA
"4094","Molineria capitulata","anther dehiscence","0",NA,"ancestral reconstruction","Lopez-Martinez et al. (2023) | PROTEUS",NA
"4095","Molineria capitulata","fusion of ovaries","1",NA,"ancestral reconstruction","Lopez-Martinez et al. (2023) | PROTEUS",NA
"4096","Mollugo verticillata","no ovules","2",NA,"ancestral reconstruction","Lopez-Martinez et al. (2023) | PROTEUS",NA
"4097","Mollugo verticillata","sex of flowers","0",NA,"ancestral reconstruction","Lopez-Martinez et al. (2023) | PROTEUS",NA
"4098","Mollugo verticillata","ovary position","0",NA,"ancestral reconstruction","Lopez-Martinez et al. (2023) | PROTEUS",NA
"4099","Mollugo verticillata","anther orientation","0",NA,"ancestral reconstruction","Lopez-Martinez et al. (2023) | PROTEUS",NA
"4100","Mollugo verticillata","anther attachment","1",NA,"ancestral reconstruction","Lopez-Martinez et al. (2023) | PROTEUS",NA
"4101","Mollugo verticillata","anther dehiscence","0",NA,"ancestral reconstruction","Lopez-Martinez et al. (2023) | PROTEUS",NA
"4102","Mollugo verticillata","fusion of ovaries","1",NA,"ancestral reconstruction","Lopez-Martinez et al. (2023) | PROTEUS",NA
"4103","Monachather paradoxus","no ovules","0",NA,"ancestral reconstruction","Lopez-Martinez et al. (2023) | PROTEUS",NA
"4104","Monachather paradoxus","sex of flowers","0",NA,"ancestral reconstruction","Lopez-Martinez et al. (2023) | PROTEUS",NA
"4105","Monachather paradoxus","ovary position","0",NA,"ancestral reconstruction","Lopez-Martinez et al. (2023) | PROTEUS",NA
"4106","Monachather paradoxus","anther attachment","1",NA,"ancestral reconstruction","Lopez-Martinez et al. (2023) | PROTEUS",NA
"4107","Monachather paradoxus","anther dehiscence","0",NA,"ancestral reconstruction","Lopez-Martinez et al. (2023) | PROTEUS",NA
"4108","Monocostus uniflorus","sex of flowers","0",NA,"ancestral reconstruction","Lopez-Martinez et al. (2023) | PROTEUS",NA
"4109","Monocostus uniflorus","ovary position","1",NA,"ancestral reconstruction","Lopez-Martinez et al. (2023) | PROTEUS",NA
"4110","Monotes katangensis","no ovules","1",NA,"ancestral reconstruction","Lopez-Martinez et al. (2023) | PROTEUS",NA
"4111","Monotes katangensis","sex of flowers","0",NA,"ancestral reconstruction","Lopez-Martinez et al. (2023) | PROTEUS",NA
"4112","Monotes katangensis","ovary position","0",NA,"ancestral reconstruction","Lopez-Martinez et al. (2023) | PROTEUS",NA
"4113","Monotes katangensis","anther orientation","0",NA,"ancestral reconstruction","Lopez-Martinez et al. (2023) | PROTEUS",NA
"4114","Monotes katangensis","anther attachment","1",NA,"ancestral reconstruction","Lopez-Martinez et al. (2023) | PROTEUS",NA
"4115","Monotes katangensis","fusion of ovaries","1",NA,"ancestral reconstruction","Lopez-Martinez et al. (2023) | PROTEUS",NA
"4116","Monotropa hypopitys","sex of flowers","0",NA,"ancestral reconstruction","Lopez-Martinez et al. (2023) | PROTEUS",NA
"4117","Monotropa hypopitys","ovary position","0",NA,"ancestral reconstruction","Lopez-Martinez et al. (2023) | PROTEUS",NA
"4118","Montinia caryophyllacea","no ovules","0&1&2",NA,"ancestral reconstruction","Lopez-Martinez et al. (2023) | PROTEUS",NA
"4119","Montinia caryophyllacea","sex of flowers","0",NA,"ancestral reconstruction","Lopez-Martinez et al. (2023) | PROTEUS",NA
"4120","Montinia caryophyllacea","ovary position","1",NA,"ancestral reconstruction","Lopez-Martinez et al. (2023) | PROTEUS",NA
"4121","Montinia caryophyllacea","fusion of ovaries","1",NA,"ancestral reconstruction","Lopez-Martinez et al. (2023) | PROTEUS",NA
"4122","Morina longifolia","no ovules","0",NA,"ancestral reconstruction","Lopez-Martinez et al. (2023) | PROTEUS",NA
"4123","Morina longifolia","sex of flowers","0",NA,"ancestral reconstruction","Lopez-Martinez et al. (2023) | PROTEUS",NA
"4124","Morina longifolia","ovary position","1",NA,"ancestral reconstruction","Lopez-Martinez et al. (2023) | PROTEUS",NA
"4125","Morina longifolia","fusion of ovaries","1",NA,"ancestral reconstruction","Lopez-Martinez et al. (2023) | PROTEUS",NA
"4126","Moringa drouhardii","sex of flowers","0",NA,"ancestral reconstruction","Lopez-Martinez et al. (2023) | PROTEUS",NA
"4127","Moringa drouhardii","ovary position","0",NA,"ancestral reconstruction","Lopez-Martinez et al. (2023) | PROTEUS",NA
"4128","Moringa drouhardii","anther attachment","1",NA,"ancestral reconstruction","Lopez-Martinez et al. (2023) | PROTEUS",NA
"4129","Moringa drouhardii","anther dehiscence","0",NA,"ancestral reconstruction","Lopez-Martinez et al. (2023) | PROTEUS",NA
"4130","Moringa drouhardii","fusion of ovaries","1",NA,"ancestral reconstruction","Lopez-Martinez et al. (2023) | PROTEUS",NA
"4131","Moringa oleifera","sex of flowers","0",NA,"ancestral reconstruction","Lopez-Martinez et al. (2023) | PROTEUS",NA
"4132","Moringa oleifera","ovary position","0",NA,"ancestral reconstruction","Lopez-Martinez et al. (2023) | PROTEUS",NA
"4133","Moringa oleifera","anther attachment","1",NA,"ancestral reconstruction","Lopez-Martinez et al. (2023) | PROTEUS",NA
"4134","Moringa oleifera","anther dehiscence","0",NA,"ancestral reconstruction","Lopez-Martinez et al. (2023) | PROTEUS",NA
"4135","Moringa oleifera","fusion of ovaries","1",NA,"ancestral reconstruction","Lopez-Martinez et al. (2023) | PROTEUS",NA
"4136","Morus indica","no ovules","0",NA,"ancestral reconstruction","Lopez-Martinez et al. (2023) | PROTEUS",NA
"4137","Morus indica","sex of flowers","1",NA,"ancestral reconstruction","Lopez-Martinez et al. (2023) | PROTEUS",NA
"4138","Morus indica","ovary position","0",NA,"ancestral reconstruction","Lopez-Martinez et al. (2023) | PROTEUS",NA
"4139","Mostuea brunonis","no ovules","1",NA,"ancestral reconstruction","Lopez-Martinez et al. (2023) | PROTEUS",NA
"4140","Mostuea brunonis","sex of flowers","0",NA,"ancestral reconstruction","Lopez-Martinez et al. (2023) | PROTEUS",NA
"4141","Mostuea brunonis","ovary position","0",NA,"ancestral reconstruction","Lopez-Martinez et al. (2023) | PROTEUS",NA
"4142","Mostuea brunonis","anther orientation","1",NA,"ancestral reconstruction","Lopez-Martinez et al. (2023) | PROTEUS",NA
"4143","Mostuea brunonis","anther dehiscence","0",NA,"ancestral reconstruction","Lopez-Martinez et al. (2023) | PROTEUS",NA
"4144","Mostuea brunonis","fusion of ovaries","1",NA,"ancestral reconstruction","Lopez-Martinez et al. (2023) | PROTEUS",NA
"4145","Moultonianthus leembruggianus","no ovules","0",NA,"ancestral reconstruction","Lopez-Martinez et al. (2023) | PROTEUS",NA
"4146","Moultonianthus leembruggianus","sex of flowers","0",NA,"ancestral reconstruction","Lopez-Martinez et al. (2023) | PROTEUS",NA
"4147","Moultonianthus leembruggianus","ovary position","0",NA,"ancestral reconstruction","Lopez-Martinez et al. (2023) | PROTEUS",NA
"4148","Moultonianthus leembruggianus","anther orientation","0&1",NA,"ancestral reconstruction","Lopez-Martinez et al. (2023) | PROTEUS",NA
"4149","Moultonianthus leembruggianus","anther attachment","0",NA,"ancestral reconstruction","Lopez-Martinez et al. (2023) | PROTEUS",NA
"4150","Moultonianthus leembruggianus","anther dehiscence","0",NA,"ancestral reconstruction","Lopez-Martinez et al. (2023) | PROTEUS",NA
"4151","Moultonianthus leembruggianus","fusion of ovaries","1",NA,"ancestral reconstruction","Lopez-Martinez et al. (2023) | PROTEUS",NA
"4152","Mouriri cyphocarpa","no ovules","2",NA,"ancestral reconstruction","Lopez-Martinez et al. (2023) | PROTEUS",NA
"4153","Mouriri cyphocarpa","sex of flowers","0",NA,"ancestral reconstruction","Lopez-Martinez et al. (2023) | PROTEUS",NA
"4154","Mouriri cyphocarpa","ovary position","1",NA,"ancestral reconstruction","Lopez-Martinez et al. (2023) | PROTEUS",NA
"4155","Mouriri cyphocarpa","anther orientation","0",NA,"ancestral reconstruction","Lopez-Martinez et al. (2023) | PROTEUS",NA
"4156","Mouriri cyphocarpa","anther attachment","0",NA,"ancestral reconstruction","Lopez-Martinez et al. (2023) | PROTEUS",NA
"4157","Mouriri cyphocarpa","anther dehiscence","0",NA,"ancestral reconstruction","Lopez-Martinez et al. (2023) | PROTEUS",NA
"4158","Mouriri cyphocarpa","fusion of ovaries","1",NA,"ancestral reconstruction","Lopez-Martinez et al. (2023) | PROTEUS",NA
"4159","Muntingia calabura","no ovules","2",NA,"ancestral reconstruction","Lopez-Martinez et al. (2023) | PROTEUS",NA
"4160","Muntingia calabura","sex of flowers","0",NA,"ancestral reconstruction","Lopez-Martinez et al. (2023) | PROTEUS",NA
"4161","Muntingia calabura","ovary position","0",NA,"ancestral reconstruction","Lopez-Martinez et al. (2023) | PROTEUS",NA
"4162","Muntingia calabura","anther orientation","0",NA,"ancestral reconstruction","Lopez-Martinez et al. (2023) | PROTEUS",NA
"4163","Muntingia calabura","anther attachment","1",NA,"ancestral reconstruction","Lopez-Martinez et al. (2023) | PROTEUS",NA
"4164","Muntingia calabura","anther dehiscence","0",NA,"ancestral reconstruction","Lopez-Martinez et al. (2023) | PROTEUS",NA
"4165","Muntingia calabura","fusion of ovaries","1",NA,"ancestral reconstruction","Lopez-Martinez et al. (2023) | PROTEUS",NA
"4166","Musa acuminata","sex of flowers","0",NA,"ancestral reconstruction","Lopez-Martinez et al. (2023) | PROTEUS",NA
"4167","Musa acuminata","ovary position","1",NA,"ancestral reconstruction","Lopez-Martinez et al. (2023) | PROTEUS",NA
"4168","Musa acuminata","fusion of ovaries","1",NA,"ancestral reconstruction","Lopez-Martinez et al. (2023) | PROTEUS",NA
"4169","Myodocarpus fraxinifolius","no ovules","0",NA,"ancestral reconstruction","Lopez-Martinez et al. (2023) | PROTEUS",NA
"4170","Myodocarpus fraxinifolius","sex of flowers","0",NA,"ancestral reconstruction","Lopez-Martinez et al. (2023) | PROTEUS",NA
"4171","Myodocarpus fraxinifolius","ovary position","1",NA,"ancestral reconstruction","Lopez-Martinez et al. (2023) | PROTEUS",NA
"4172","Myodocarpus fraxinifolius","anther attachment","1",NA,"ancestral reconstruction","Lopez-Martinez et al. (2023) | PROTEUS",NA
"4173","Myoporum mauritianum","no ovules","0",NA,"ancestral reconstruction","Lopez-Martinez et al. (2023) | PROTEUS",NA
"4174","Myoporum mauritianum","sex of flowers","0",NA,"ancestral reconstruction","Lopez-Martinez et al. (2023) | PROTEUS",NA
"4175","Myoporum mauritianum","ovary position","0",NA,"ancestral reconstruction","Lopez-Martinez et al. (2023) | PROTEUS",NA
"4176","Myoporum mauritianum","anther orientation","0",NA,"ancestral reconstruction","Lopez-Martinez et al. (2023) | PROTEUS",NA
"4177","Myoporum mauritianum","anther attachment","0",NA,"ancestral reconstruction","Lopez-Martinez et al. (2023) | PROTEUS",NA
"4178","Myoporum mauritianum","anther dehiscence","0",NA,"ancestral reconstruction","Lopez-Martinez et al. (2023) | PROTEUS",NA
"4179","Myoporum mauritianum","fusion of ovaries","1",NA,"ancestral reconstruction","Lopez-Martinez et al. (2023) | PROTEUS",NA
"4180","Myrica cerifera","no ovules","0",NA,"ancestral reconstruction","Lopez-Martinez et al. (2023) | PROTEUS",NA
"4181","Myrica cerifera","sex of flowers","1",NA,"ancestral reconstruction","Lopez-Martinez et al. (2023) | PROTEUS",NA
"4182","Myrica cerifera","anther orientation","2",NA,"ancestral reconstruction","Lopez-Martinez et al. (2023) | PROTEUS",NA
"4183","Myrica cerifera","anther dehiscence","0",NA,"ancestral reconstruction","Lopez-Martinez et al. (2023) | PROTEUS",NA
"4184","Myrica cerifera","fusion of ovaries","1",NA,"ancestral reconstruction","Lopez-Martinez et al. (2023) | PROTEUS",NA
"4185","Myriophyllum sibiricum","no ovules","0",NA,"ancestral reconstruction","Lopez-Martinez et al. (2023) | PROTEUS",NA
"4186","Myriophyllum sibiricum","sex of flowers","0&1",NA,"ancestral reconstruction","Lopez-Martinez et al. (2023) | PROTEUS",NA
"4187","Myriophyllum sibiricum","ovary position","1",NA,"ancestral reconstruction","Lopez-Martinez et al. (2023) | PROTEUS",NA
"4188","Myriophyllum sibiricum","anther attachment","0",NA,"ancestral reconstruction","Lopez-Martinez et al. (2023) | PROTEUS",NA
"4189","Myriophyllum sibiricum","anther dehiscence","0",NA,"ancestral reconstruction","Lopez-Martinez et al. (2023) | PROTEUS",NA
"4190","Myristica fragrans","no ovules","0",NA,"ancestral reconstruction","Lopez-Martinez et al. (2023) | PROTEUS",NA
"4191","Myristica fragrans","sex of flowers","1",NA,"ancestral reconstruction","Lopez-Martinez et al. (2023) | PROTEUS",NA
"4192","Myristica fragrans","ovary position","0",NA,"ancestral reconstruction","Lopez-Martinez et al. (2023) | PROTEUS",NA
"4193","Myristica fragrans","anther orientation","2",NA,"ancestral reconstruction","Lopez-Martinez et al. (2023) | PROTEUS",NA
"4194","Myristica fragrans","anther dehiscence","0",NA,"ancestral reconstruction","Lopez-Martinez et al. (2023) | PROTEUS",NA
"4195","Myrothamnus flabellifolia","no ovules","2",NA,"ancestral reconstruction","Lopez-Martinez et al. (2023) | PROTEUS",NA
"4196","Myrothamnus flabellifolia","sex of flowers","1",NA,"ancestral reconstruction","Lopez-Martinez et al. (2023) | PROTEUS",NA
"4197","Myrothamnus flabellifolia","ovary position","0",NA,"ancestral reconstruction","Lopez-Martinez et al. (2023) | PROTEUS",NA
"4198","Myrothamnus flabellifolia","anther orientation","1",NA,"ancestral reconstruction","Lopez-Martinez et al. (2023) | PROTEUS",NA
"4199","Myrothamnus flabellifolia","anther attachment","0",NA,"ancestral reconstruction","Lopez-Martinez et al. (2023) | PROTEUS",NA
"4200","Myrothamnus flabellifolia","anther dehiscence","0",NA,"ancestral reconstruction","Lopez-Martinez et al. (2023) | PROTEUS",NA
"4201","Myrothamnus flabellifolia","fusion of ovaries","1",NA,"ancestral reconstruction","Lopez-Martinez et al. (2023) | PROTEUS",NA
"4202","Myrothamnus moschata","sex of flowers","1",NA,"ancestral reconstruction","Lopez-Martinez et al. (2023) | PROTEUS",NA
"4203","Myrothamnus moschata","ovary position","0",NA,"ancestral reconstruction","Lopez-Martinez et al. (2023) | PROTEUS",NA
"4204","Myrothamnus moschata","anther orientation","1",NA,"ancestral reconstruction","Lopez-Martinez et al. (2023) | PROTEUS",NA
"4205","Myrothamnus moschata","anther attachment","0",NA,"ancestral reconstruction","Lopez-Martinez et al. (2023) | PROTEUS",NA
"4206","Myrothamnus moschata","anther dehiscence","0",NA,"ancestral reconstruction","Lopez-Martinez et al. (2023) | PROTEUS",NA
"4207","Myrothamnus moschata","fusion of ovaries","1",NA,"ancestral reconstruction","Lopez-Martinez et al. (2023) | PROTEUS",NA
"4208","Myrtus communis","sex of flowers","0",NA,"ancestral reconstruction","Lopez-Martinez et al. (2023) | PROTEUS",NA
"4209","Myrtus communis","anther orientation","0",NA,"ancestral reconstruction","Lopez-Martinez et al. (2023) | PROTEUS",NA
"4210","Myrtus communis","anther attachment","1",NA,"ancestral reconstruction","Lopez-Martinez et al. (2023) | PROTEUS",NA
"4211","Myrtus communis","fusion of ovaries","1",NA,"ancestral reconstruction","Lopez-Martinez et al. (2023) | PROTEUS",NA
"4212","Mystropetalon thomii","sex of flowers","1",NA,"ancestral reconstruction","Lopez-Martinez et al. (2023) | PROTEUS",NA
"4213","Mystropetalon thomii","ovary position","1",NA,"ancestral reconstruction","Lopez-Martinez et al. (2023) | PROTEUS",NA
"4214","Mystropetalon thomii","anther orientation","0&2",NA,"ancestral reconstruction","Lopez-Martinez et al. (2023) | PROTEUS",NA
"4215","Mystropetalon thomii","anther attachment","1",NA,"ancestral reconstruction","Lopez-Martinez et al. (2023) | PROTEUS",NA
"4216","Mystropetalon thomii","anther dehiscence","0",NA,"ancestral reconstruction","Lopez-Martinez et al. (2023) | PROTEUS",NA
"4217","Nama demissa","sex of flowers","0",NA,"ancestral reconstruction","Lopez-Martinez et al. (2023) | PROTEUS",NA
"4218","Nama demissa","ovary position","0",NA,"ancestral reconstruction","Lopez-Martinez et al. (2023) | PROTEUS",NA
"4219","Nama demissa","fusion of ovaries","1",NA,"ancestral reconstruction","Lopez-Martinez et al. (2023) | PROTEUS",NA
"4220","Napoleonaea vogelii","no ovules","2",NA,"ancestral reconstruction","Lopez-Martinez et al. (2023) | PROTEUS",NA
"4221","Napoleonaea vogelii","sex of flowers","0",NA,"ancestral reconstruction","Lopez-Martinez et al. (2023) | PROTEUS",NA
"4222","Napoleonaea vogelii","ovary position","1",NA,"ancestral reconstruction","Lopez-Martinez et al. (2023) | PROTEUS",NA
"4223","Napoleonaea vogelii","anther orientation","0",NA,"ancestral reconstruction","Lopez-Martinez et al. (2023) | PROTEUS",NA
"4224","Napoleonaea vogelii","anther attachment","1",NA,"ancestral reconstruction","Lopez-Martinez et al. (2023) | PROTEUS",NA
"4225","Napoleonaea vogelii","anther dehiscence","0",NA,"ancestral reconstruction","Lopez-Martinez et al. (2023) | PROTEUS",NA
"4226","Napoleonaea vogelii","fusion of ovaries","1",NA,"ancestral reconstruction","Lopez-Martinez et al. (2023) | PROTEUS",NA
"4227","Nassauvia gaudichaudii","sex of flowers","0",NA,"ancestral reconstruction","Lopez-Martinez et al. (2023) | PROTEUS",NA
"4228","Nassauvia gaudichaudii","ovary position","1",NA,"ancestral reconstruction","Lopez-Martinez et al. (2023) | PROTEUS",NA
"4229","Nassauvia gaudichaudii","anther orientation","0",NA,"ancestral reconstruction","Lopez-Martinez et al. (2023) | PROTEUS",NA
"4230","Navia saxicola","sex of flowers","0",NA,"ancestral reconstruction","Lopez-Martinez et al. (2023) | PROTEUS",NA
"4231","Navia saxicola","ovary position","0",NA,"ancestral reconstruction","Lopez-Martinez et al. (2023) | PROTEUS",NA
"4232","Nelsonia canescens","sex of flowers","0",NA,"ancestral reconstruction","Lopez-Martinez et al. (2023) | PROTEUS",NA
"4233","Nelumbo lutea","no ovules","0",NA,"ancestral reconstruction","Lopez-Martinez et al. (2023) | PROTEUS",NA
"4234","Nelumbo lutea","sex of flowers","0",NA,"ancestral reconstruction","Lopez-Martinez et al. (2023) | PROTEUS",NA
"4235","Nelumbo lutea","ovary position","0",NA,"ancestral reconstruction","Lopez-Martinez et al. (2023) | PROTEUS",NA
"4236","Nelumbo lutea","anther orientation","0&1",NA,"ancestral reconstruction","Lopez-Martinez et al. (2023) | PROTEUS",NA
"4237","Nelumbo lutea","anther attachment","0",NA,"ancestral reconstruction","Lopez-Martinez et al. (2023) | PROTEUS",NA
"4238","Nelumbo lutea","anther dehiscence","0",NA,"ancestral reconstruction","Lopez-Martinez et al. (2023) | PROTEUS",NA
"4239","Nelumbo lutea","fusion of ovaries","0",NA,"ancestral reconstruction","Lopez-Martinez et al. (2023) | PROTEUS",NA
"4240","Nelumbo nucifera","no ovules","0",NA,"ancestral reconstruction","Lopez-Martinez et al. (2023) | PROTEUS",NA
"4241","Nelumbo nucifera","sex of flowers","0",NA,"ancestral reconstruction","Lopez-Martinez et al. (2023) | PROTEUS",NA
"4242","Nelumbo nucifera","ovary position","0",NA,"ancestral reconstruction","Lopez-Martinez et al. (2023) | PROTEUS",NA
"4243","Nelumbo nucifera","anther orientation","0&1&2",NA,"ancestral reconstruction","Lopez-Martinez et al. (2023) | PROTEUS",NA
"4244","Nelumbo nucifera","anther attachment","0",NA,"ancestral reconstruction","Lopez-Martinez et al. (2023) | PROTEUS",NA
"4245","Nelumbo nucifera","anther dehiscence","0",NA,"ancestral reconstruction","Lopez-Martinez et al. (2023) | PROTEUS",NA
"4246","Nelumbo nucifera","fusion of ovaries","0",NA,"ancestral reconstruction","Lopez-Martinez et al. (2023) | PROTEUS",NA
"4247","Nemacladus ramosissimus","sex of flowers","0",NA,"ancestral reconstruction","Lopez-Martinez et al. (2023) | PROTEUS",NA
"4248","Nemacladus ramosissimus","ovary position","1",NA,"ancestral reconstruction","Lopez-Martinez et al. (2023) | PROTEUS",NA
"4249","Neocinnamomum mekongense","no ovules","0",NA,"ancestral reconstruction","Lopez-Martinez et al. (2023) | PROTEUS",NA
"4250","Neocinnamomum mekongense","sex of flowers","0",NA,"ancestral reconstruction","Lopez-Martinez et al. (2023) | PROTEUS",NA
"4251","Neocinnamomum mekongense","ovary position","0",NA,"ancestral reconstruction","Lopez-Martinez et al. (2023) | PROTEUS",NA
"4252","Neocinnamomum mekongense","anther orientation","0&2",NA,"ancestral reconstruction","Lopez-Martinez et al. (2023) | PROTEUS",NA
"4253","Neocinnamomum mekongense","anther attachment","0",NA,"ancestral reconstruction","Lopez-Martinez et al. (2023) | PROTEUS",NA
"4254","Neocinnamomum mekongense","anther dehiscence","2",NA,"ancestral reconstruction","Lopez-Martinez et al. (2023) | PROTEUS",NA
"4255","Neoscortechinia kingii","no ovules","0",NA,"ancestral reconstruction","Lopez-Martinez et al. (2023) | PROTEUS",NA
"4256","Neoscortechinia kingii","sex of flowers","0&1",NA,"ancestral reconstruction","Lopez-Martinez et al. (2023) | PROTEUS",NA
"4257","Neoscortechinia kingii","anther orientation","1",NA,"ancestral reconstruction","Lopez-Martinez et al. (2023) | PROTEUS",NA
"4258","Neoscortechinia kingii","anther attachment","0",NA,"ancestral reconstruction","Lopez-Martinez et al. (2023) | PROTEUS",NA
"4259","Neoscortechinia kingii","anther dehiscence","0",NA,"ancestral reconstruction","Lopez-Martinez et al. (2023) | PROTEUS",NA
"4260","Neoscortechinia kingii","fusion of ovaries","1",NA,"ancestral reconstruction","Lopez-Martinez et al. (2023) | PROTEUS",NA
"4261","Neottia fugongensis","sex of flowers","0",NA,"ancestral reconstruction","Lopez-Martinez et al. (2023) | PROTEUS",NA
"4262","Neottia fugongensis","ovary position","1",NA,"ancestral reconstruction","Lopez-Martinez et al. (2023) | PROTEUS",NA
"4263","Neottia fugongensis","fusion of ovaries","1",NA,"ancestral reconstruction","Lopez-Martinez et al. (2023) | PROTEUS",NA
"4264","Nepenthes alata","no ovules","2",NA,"ancestral reconstruction","Lopez-Martinez et al. (2023) | PROTEUS",NA
"4265","Nepenthes alata","sex of flowers","1",NA,"ancestral reconstruction","Lopez-Martinez et al. (2023) | PROTEUS",NA
"4266","Nepenthes alata","ovary position","0",NA,"ancestral reconstruction","Lopez-Martinez et al. (2023) | PROTEUS",NA
"4267","Nepenthes alata","anther orientation","2",NA,"ancestral reconstruction","Lopez-Martinez et al. (2023) | PROTEUS",NA
"4268","Nepenthes alata","fusion of ovaries","1",NA,"ancestral reconstruction","Lopez-Martinez et al. (2023) | PROTEUS",NA
"4269","Nesogordonia crassipes","no ovules","1",NA,"ancestral reconstruction","Lopez-Martinez et al. (2023) | PROTEUS",NA
"4270","Nesogordonia crassipes","sex of flowers","0",NA,"ancestral reconstruction","Lopez-Martinez et al. (2023) | PROTEUS",NA
"4271","Nesogordonia crassipes","ovary position","0",NA,"ancestral reconstruction","Lopez-Martinez et al. (2023) | PROTEUS",NA
"4272","Nesogordonia crassipes","fusion of ovaries","1",NA,"ancestral reconstruction","Lopez-Martinez et al. (2023) | PROTEUS",NA
"4273","Neurada procumbens","no ovules","0&1",NA,"ancestral reconstruction","Lopez-Martinez et al. (2023) | PROTEUS",NA
"4274","Neurada procumbens","sex of flowers","0",NA,"ancestral reconstruction","Lopez-Martinez et al. (2023) | PROTEUS",NA
"4275","Neurada procumbens","ovary position","1",NA,"ancestral reconstruction","Lopez-Martinez et al. (2023) | PROTEUS",NA
"4276","Neurada procumbens","anther orientation","0",NA,"ancestral reconstruction","Lopez-Martinez et al. (2023) | PROTEUS",NA
"4277","Neurada procumbens","anther attachment","1",NA,"ancestral reconstruction","Lopez-Martinez et al. (2023) | PROTEUS",NA
"4278","Neurada procumbens","anther dehiscence","0",NA,"ancestral reconstruction","Lopez-Martinez et al. (2023) | PROTEUS",NA
"4279","Neurada procumbens","fusion of ovaries","1",NA,"ancestral reconstruction","Lopez-Martinez et al. (2023) | PROTEUS",NA
"4280","Neuwiedia veratrifolia","no ovules","2",NA,"ancestral reconstruction","Lopez-Martinez et al. (2023) | PROTEUS",NA
"4281","Neuwiedia veratrifolia","sex of flowers","0",NA,"ancestral reconstruction","Lopez-Martinez et al. (2023) | PROTEUS",NA
"4282","Neuwiedia veratrifolia","ovary position","1",NA,"ancestral reconstruction","Lopez-Martinez et al. (2023) | PROTEUS",NA
"4283","Neuwiedia veratrifolia","anther orientation","0",NA,"ancestral reconstruction","Lopez-Martinez et al. (2023) | PROTEUS",NA
"4284","Neuwiedia veratrifolia","anther attachment","1",NA,"ancestral reconstruction","Lopez-Martinez et al. (2023) | PROTEUS",NA
"4285","Neuwiedia veratrifolia","anther dehiscence","0",NA,"ancestral reconstruction","Lopez-Martinez et al. (2023) | PROTEUS",NA
"4286","Neuwiedia veratrifolia","fusion of ovaries","1",NA,"ancestral reconstruction","Lopez-Martinez et al. (2023) | PROTEUS",NA
"4287","Neyraudia reynaudiana","no ovules","0",NA,"ancestral reconstruction","Lopez-Martinez et al. (2023) | PROTEUS",NA
"4288","Neyraudia reynaudiana","sex of flowers","0",NA,"ancestral reconstruction","Lopez-Martinez et al. (2023) | PROTEUS",NA
"4289","Neyraudia reynaudiana","ovary position","0",NA,"ancestral reconstruction","Lopez-Martinez et al. (2023) | PROTEUS",NA
"4290","Neyraudia reynaudiana","anther attachment","1",NA,"ancestral reconstruction","Lopez-Martinez et al. (2023) | PROTEUS",NA
"4291","Nicotiana tabacum","sex of flowers","0",NA,"ancestral reconstruction","Lopez-Martinez et al. (2023) | PROTEUS",NA
"4292","Nicotiana tabacum","ovary position","0",NA,"ancestral reconstruction","Lopez-Martinez et al. (2023) | PROTEUS",NA
"4293","Nicotiana tabacum","anther dehiscence","0",NA,"ancestral reconstruction","Lopez-Martinez et al. (2023) | PROTEUS",NA
"4294","Nicotiana tabacum","fusion of ovaries","1",NA,"ancestral reconstruction","Lopez-Martinez et al. (2023) | PROTEUS",NA
"4295","Nitraria retusa","no ovules","0",NA,"ancestral reconstruction","Lopez-Martinez et al. (2023) | PROTEUS",NA
"4296","Nitraria retusa","sex of flowers","0",NA,"ancestral reconstruction","Lopez-Martinez et al. (2023) | PROTEUS",NA
"4297","Nitraria retusa","ovary position","0",NA,"ancestral reconstruction","Lopez-Martinez et al. (2023) | PROTEUS",NA
"4298","Nitraria retusa","anther orientation","0&1",NA,"ancestral reconstruction","Lopez-Martinez et al. (2023) | PROTEUS",NA
"4299","Nitraria retusa","anther attachment","0",NA,"ancestral reconstruction","Lopez-Martinez et al. (2023) | PROTEUS",NA
"4300","Nitraria retusa","anther dehiscence","0",NA,"ancestral reconstruction","Lopez-Martinez et al. (2023) | PROTEUS",NA
"4301","Nitraria retusa","fusion of ovaries","1",NA,"ancestral reconstruction","Lopez-Martinez et al. (2023) | PROTEUS",NA
"4302","Nitrophila occidentalis","sex of flowers","0",NA,"ancestral reconstruction","Lopez-Martinez et al. (2023) | PROTEUS",NA
"4303","Nitrophila occidentalis","ovary position","0",NA,"ancestral reconstruction","Lopez-Martinez et al. (2023) | PROTEUS",NA
"4304","Nivenia stokoei","sex of flowers","0",NA,"ancestral reconstruction","Lopez-Martinez et al. (2023) | PROTEUS",NA
"4305","Nivenia stokoei","anther attachment","1",NA,"ancestral reconstruction","Lopez-Martinez et al. (2023) | PROTEUS",NA
"4306","Nolana humifusa","sex of flowers","0",NA,"ancestral reconstruction","Lopez-Martinez et al. (2023) | PROTEUS",NA
"4307","Nolana humifusa","ovary position","0",NA,"ancestral reconstruction","Lopez-Martinez et al. (2023) | PROTEUS",NA
"4308","Nolana humifusa","anther orientation","0",NA,"ancestral reconstruction","Lopez-Martinez et al. (2023) | PROTEUS",NA
"4309","Nolana humifusa","anther attachment","0",NA,"ancestral reconstruction","Lopez-Martinez et al. (2023) | PROTEUS",NA
"4310","Nolana humifusa","anther dehiscence","0",NA,"ancestral reconstruction","Lopez-Martinez et al. (2023) | PROTEUS",NA
"4311","Nolana humifusa","fusion of ovaries","1",NA,"ancestral reconstruction","Lopez-Martinez et al. (2023) | PROTEUS",NA
"4312","Norantea guianensis","sex of flowers","0",NA,"ancestral reconstruction","Lopez-Martinez et al. (2023) | PROTEUS",NA
"4313","Norantea guianensis","ovary position","0",NA,"ancestral reconstruction","Lopez-Martinez et al. (2023) | PROTEUS",NA
"4314","Norantea guianensis","anther orientation","0",NA,"ancestral reconstruction","Lopez-Martinez et al. (2023) | PROTEUS",NA
"4315","Norantea guianensis","anther attachment","0",NA,"ancestral reconstruction","Lopez-Martinez et al. (2023) | PROTEUS",NA
"4316","Norantea guianensis","fusion of ovaries","1",NA,"ancestral reconstruction","Lopez-Martinez et al. (2023) | PROTEUS",NA
"4317","Nothofagus antarctica","no ovules","1",NA,"ancestral reconstruction","Lopez-Martinez et al. (2023) | PROTEUS",NA
"4318","Nothofagus antarctica","sex of flowers","1",NA,"ancestral reconstruction","Lopez-Martinez et al. (2023) | PROTEUS",NA
"4319","Nothofagus antarctica","anther attachment","0",NA,"ancestral reconstruction","Lopez-Martinez et al. (2023) | PROTEUS",NA
"4320","Nothofagus antarctica","fusion of ovaries","1",NA,"ancestral reconstruction","Lopez-Martinez et al. (2023) | PROTEUS",NA
"4321","Nothofagus cunninghamii","no ovules","1",NA,"ancestral reconstruction","Lopez-Martinez et al. (2023) | PROTEUS",NA
"4322","Nothofagus cunninghamii","sex of flowers","1",NA,"ancestral reconstruction","Lopez-Martinez et al. (2023) | PROTEUS",NA
"4323","Nothofagus cunninghamii","ovary position","1",NA,"ancestral reconstruction","Lopez-Martinez et al. (2023) | PROTEUS",NA
"4324","Nothofagus cunninghamii","anther orientation","1",NA,"ancestral reconstruction","Lopez-Martinez et al. (2023) | PROTEUS",NA
"4325","Nothofagus cunninghamii","anther attachment","0",NA,"ancestral reconstruction","Lopez-Martinez et al. (2023) | PROTEUS",NA
"4326","Nothofagus cunninghamii","fusion of ovaries","1",NA,"ancestral reconstruction","Lopez-Martinez et al. (2023) | PROTEUS",NA
"4327","Nuphar advena","sex of flowers","0",NA,"ancestral reconstruction","Lopez-Martinez et al. (2023) | PROTEUS",NA
"4328","Nuphar advena","ovary position","0",NA,"ancestral reconstruction","Lopez-Martinez et al. (2023) | PROTEUS",NA
"4329","Nuphar advena","anther orientation","0",NA,"ancestral reconstruction","Lopez-Martinez et al. (2023) | PROTEUS",NA
"4330","Nuphar advena","anther dehiscence","0",NA,"ancestral reconstruction","Lopez-Martinez et al. (2023) | PROTEUS",NA
"4331","Nuphar advena","fusion of ovaries","1",NA,"ancestral reconstruction","Lopez-Martinez et al. (2023) | PROTEUS",NA
"4332","Nuytsia floribunda","no ovules","0&1&2",NA,"ancestral reconstruction","Lopez-Martinez et al. (2023) | PROTEUS",NA
"4333","Nuytsia floribunda","sex of flowers","1",NA,"ancestral reconstruction","Lopez-Martinez et al. (2023) | PROTEUS",NA
"4334","Nuytsia floribunda","ovary position","1",NA,"ancestral reconstruction","Lopez-Martinez et al. (2023) | PROTEUS",NA
"4335","Nuytsia floribunda","anther orientation","0",NA,"ancestral reconstruction","Lopez-Martinez et al. (2023) | PROTEUS",NA
"4336","Nuytsia floribunda","anther attachment","1",NA,"ancestral reconstruction","Lopez-Martinez et al. (2023) | PROTEUS",NA
"4337","Nuytsia floribunda","anther dehiscence","0",NA,"ancestral reconstruction","Lopez-Martinez et al. (2023) | PROTEUS",NA
"4338","Nuytsia floribunda","fusion of ovaries","1",NA,"ancestral reconstruction","Lopez-Martinez et al. (2023) | PROTEUS",NA
"4339","Nyctanthes arbortristis","sex of flowers","0",NA,"ancestral reconstruction","Lopez-Martinez et al. (2023) | PROTEUS",NA
"4340","Nyctanthes arbortristis","ovary position","0",NA,"ancestral reconstruction","Lopez-Martinez et al. (2023) | PROTEUS",NA
"4341","Nyctanthes arbortristis","fusion of ovaries","1",NA,"ancestral reconstruction","Lopez-Martinez et al. (2023) | PROTEUS",NA
"4342","Nymphaea odorata","no ovules","2",NA,"ancestral reconstruction","Lopez-Martinez et al. (2023) | PROTEUS",NA
"4343","Nymphaea odorata","sex of flowers","0",NA,"ancestral reconstruction","Lopez-Martinez et al. (2023) | PROTEUS",NA
"4344","Nymphaea odorata","ovary position","1",NA,"ancestral reconstruction","Lopez-Martinez et al. (2023) | PROTEUS",NA
"4345","Nymphaea odorata","anther orientation","0",NA,"ancestral reconstruction","Lopez-Martinez et al. (2023) | PROTEUS",NA
"4346","Nymphaea odorata","anther dehiscence","0",NA,"ancestral reconstruction","Lopez-Martinez et al. (2023) | PROTEUS",NA
"4347","Nymphaea odorata","fusion of ovaries","1",NA,"ancestral reconstruction","Lopez-Martinez et al. (2023) | PROTEUS",NA
"4348","Nymphoides peltata","sex of flowers","0",NA,"ancestral reconstruction","Lopez-Martinez et al. (2023) | PROTEUS",NA
"4349","Nymphoides peltata","ovary position","0",NA,"ancestral reconstruction","Lopez-Martinez et al. (2023) | PROTEUS",NA
"4350","Nymphoides peltata","anther orientation","0",NA,"ancestral reconstruction","Lopez-Martinez et al. (2023) | PROTEUS",NA
"4351","Nymphoides peltata","anther attachment","1",NA,"ancestral reconstruction","Lopez-Martinez et al. (2023) | PROTEUS",NA
"4352","Nymphoides peltata","anther dehiscence","0",NA,"ancestral reconstruction","Lopez-Martinez et al. (2023) | PROTEUS",NA
"4353","Nymphoides peltata","fusion of ovaries","1",NA,"ancestral reconstruction","Lopez-Martinez et al. (2023) | PROTEUS",NA
"4354","Nypa fruticans","sex of flowers","1",NA,"ancestral reconstruction","Lopez-Martinez et al. (2023) | PROTEUS",NA
"4355","Nypa fruticans","ovary position","0",NA,"ancestral reconstruction","Lopez-Martinez et al. (2023) | PROTEUS",NA
"4356","Nyssa ogeche","sex of flowers","0&1",NA,"ancestral reconstruction","Lopez-Martinez et al. (2023) | PROTEUS",NA
"4357","Nyssa ogeche","ovary position","1",NA,"ancestral reconstruction","Lopez-Martinez et al. (2023) | PROTEUS",NA
"4358","Ochagavia elegans","sex of flowers","0",NA,"ancestral reconstruction","Lopez-Martinez et al. (2023) | PROTEUS",NA
"4359","Ochagavia elegans","ovary position","1",NA,"ancestral reconstruction","Lopez-Martinez et al. (2023) | PROTEUS",NA
"4360","Ochagavia elegans","anther attachment","1",NA,"ancestral reconstruction","Lopez-Martinez et al. (2023) | PROTEUS",NA
"4361","Ochagavia elegans","fusion of ovaries","1",NA,"ancestral reconstruction","Lopez-Martinez et al. (2023) | PROTEUS",NA
"4362","Ochroma pyramidale","no ovules","2",NA,"ancestral reconstruction","Lopez-Martinez et al. (2023) | PROTEUS",NA
"4363","Ochroma pyramidale","sex of flowers","0",NA,"ancestral reconstruction","Lopez-Martinez et al. (2023) | PROTEUS",NA
"4364","Ochroma pyramidale","ovary position","0",NA,"ancestral reconstruction","Lopez-Martinez et al. (2023) | PROTEUS",NA
"4365","Ochroma pyramidale","anther orientation","2",NA,"ancestral reconstruction","Lopez-Martinez et al. (2023) | PROTEUS",NA
"4366","Ochroma pyramidale","anther dehiscence","0",NA,"ancestral reconstruction","Lopez-Martinez et al. (2023) | PROTEUS",NA
"4367","Ochroma pyramidale","fusion of ovaries","1",NA,"ancestral reconstruction","Lopez-Martinez et al. (2023) | PROTEUS",NA
"4368","Ochthocosmus longipedicellatus","no ovules","1",NA,"ancestral reconstruction","Lopez-Martinez et al. (2023) | PROTEUS",NA
"4369","Ochthocosmus longipedicellatus","sex of flowers","0",NA,"ancestral reconstruction","Lopez-Martinez et al. (2023) | PROTEUS",NA
"4370","Ochthocosmus longipedicellatus","ovary position","0",NA,"ancestral reconstruction","Lopez-Martinez et al. (2023) | PROTEUS",NA
"4371","Ochthocosmus longipedicellatus","anther orientation","0",NA,"ancestral reconstruction","Lopez-Martinez et al. (2023) | PROTEUS",NA
"4372","Ochthocosmus longipedicellatus","anther dehiscence","0",NA,"ancestral reconstruction","Lopez-Martinez et al. (2023) | PROTEUS",NA
"4373","Octoknema borealis","no ovules","0",NA,"ancestral reconstruction","Lopez-Martinez et al. (2023) | PROTEUS",NA
"4374","Octoknema borealis","sex of flowers","0",NA,"ancestral reconstruction","Lopez-Martinez et al. (2023) | PROTEUS",NA
"4375","Octoknema borealis","anther attachment","1",NA,"ancestral reconstruction","Lopez-Martinez et al. (2023) | PROTEUS",NA
"4376","Octomeles sumatrana","sex of flowers","1",NA,"ancestral reconstruction","Lopez-Martinez et al. (2023) | PROTEUS",NA
"4377","Octomeles sumatrana","ovary position","1",NA,"ancestral reconstruction","Lopez-Martinez et al. (2023) | PROTEUS",NA
"4378","Octomeles sumatrana","anther orientation","0",NA,"ancestral reconstruction","Lopez-Martinez et al. (2023) | PROTEUS",NA
"4379","Octomeles sumatrana","anther attachment","0",NA,"ancestral reconstruction","Lopez-Martinez et al. (2023) | PROTEUS",NA
"4380","Octomeles sumatrana","anther dehiscence","0",NA,"ancestral reconstruction","Lopez-Martinez et al. (2023) | PROTEUS",NA
"4381","Olax aphylla","no ovules","0",NA,"ancestral reconstruction","Lopez-Martinez et al. (2023) | PROTEUS",NA
"4382","Olax aphylla","anther orientation","0",NA,"ancestral reconstruction","Lopez-Martinez et al. (2023) | PROTEUS",NA
"4383","Olax aphylla","anther attachment","0",NA,"ancestral reconstruction","Lopez-Martinez et al. (2023) | PROTEUS",NA
"4384","Olax aphylla","anther dehiscence","0",NA,"ancestral reconstruction","Lopez-Martinez et al. (2023) | PROTEUS",NA
"4385","Oldenburgia grandis","sex of flowers","0",NA,"ancestral reconstruction","Lopez-Martinez et al. (2023) | PROTEUS",NA
"4386","Oldenburgia grandis","ovary position","1",NA,"ancestral reconstruction","Lopez-Martinez et al. (2023) | PROTEUS",NA
"4387","Oldenburgia grandis","anther orientation","0",NA,"ancestral reconstruction","Lopez-Martinez et al. (2023) | PROTEUS",NA
"4388","Oldenburgia grandis","anther attachment","0",NA,"ancestral reconstruction","Lopez-Martinez et al. (2023) | PROTEUS",NA
"4389","Olea europaea","no ovules","1",NA,"ancestral reconstruction","Lopez-Martinez et al. (2023) | PROTEUS",NA
"4390","Olea europaea","sex of flowers","0&1",NA,"ancestral reconstruction","Lopez-Martinez et al. (2023) | PROTEUS",NA
"4391","Olea europaea","ovary position","0",NA,"ancestral reconstruction","Lopez-Martinez et al. (2023) | PROTEUS",NA
"4392","Olea europaea","anther orientation","2",NA,"ancestral reconstruction","Lopez-Martinez et al. (2023) | PROTEUS",NA
"4393","Olea europaea","anther dehiscence","0",NA,"ancestral reconstruction","Lopez-Martinez et al. (2023) | PROTEUS",NA
"4394","Oncotheca balansae","no ovules","1",NA,"ancestral reconstruction","Lopez-Martinez et al. (2023) | PROTEUS",NA
"4395","Oncotheca balansae","sex of flowers","0",NA,"ancestral reconstruction","Lopez-Martinez et al. (2023) | PROTEUS",NA
"4396","Oncotheca balansae","ovary position","0",NA,"ancestral reconstruction","Lopez-Martinez et al. (2023) | PROTEUS",NA
"4397","Oncotheca balansae","anther orientation","2",NA,"ancestral reconstruction","Lopez-Martinez et al. (2023) | PROTEUS",NA
"4398","Oncotheca balansae","anther attachment","0",NA,"ancestral reconstruction","Lopez-Martinez et al. (2023) | PROTEUS",NA
"4399","Oncotheca balansae","anther dehiscence","0",NA,"ancestral reconstruction","Lopez-Martinez et al. (2023) | PROTEUS",NA
"4400","Oncotheca balansae","fusion of ovaries","1",NA,"ancestral reconstruction","Lopez-Martinez et al. (2023) | PROTEUS",NA
"4401","Onoseris hastata","sex of flowers","0&1",NA,"ancestral reconstruction","Lopez-Martinez et al. (2023) | PROTEUS",NA
"4402","Onoseris hastata","ovary position","1",NA,"ancestral reconstruction","Lopez-Martinez et al. (2023) | PROTEUS",NA
"4403","Onoseris hastata","anther orientation","0",NA,"ancestral reconstruction","Lopez-Martinez et al. (2023) | PROTEUS",NA
"4404","Opilia amentacea","no ovules","0",NA,"ancestral reconstruction","Lopez-Martinez et al. (2023) | PROTEUS",NA
"4405","Opilia amentacea","sex of flowers","0",NA,"ancestral reconstruction","Lopez-Martinez et al. (2023) | PROTEUS",NA
"4406","Opilia amentacea","ovary position","0",NA,"ancestral reconstruction","Lopez-Martinez et al. (2023) | PROTEUS",NA
"4407","Opilia amentacea","anther orientation","0",NA,"ancestral reconstruction","Lopez-Martinez et al. (2023) | PROTEUS",NA
"4408","Opilia amentacea","anther dehiscence","0",NA,"ancestral reconstruction","Lopez-Martinez et al. (2023) | PROTEUS",NA
"4409","Opuntia microdasys","sex of flowers","0",NA,"ancestral reconstruction","Lopez-Martinez et al. (2023) | PROTEUS",NA
"4410","Opuntia microdasys","ovary position","1",NA,"ancestral reconstruction","Lopez-Martinez et al. (2023) | PROTEUS",NA
"4411","Orchidantha chinensis","sex of flowers","0",NA,"ancestral reconstruction","Lopez-Martinez et al. (2023) | PROTEUS",NA
"4412","Orchidantha chinensis","ovary position","1",NA,"ancestral reconstruction","Lopez-Martinez et al. (2023) | PROTEUS",NA
"4413","Orchidantha chinensis","anther attachment","0",NA,"ancestral reconstruction","Lopez-Martinez et al. (2023) | PROTEUS",NA
"4414","Orchidantha chinensis","anther dehiscence","0",NA,"ancestral reconstruction","Lopez-Martinez et al. (2023) | PROTEUS",NA
"4415","Orchidantha siamensis","sex of flowers","0",NA,"ancestral reconstruction","Lopez-Martinez et al. (2023) | PROTEUS",NA
"4416","Orchidantha siamensis","ovary position","1",NA,"ancestral reconstruction","Lopez-Martinez et al. (2023) | PROTEUS",NA
"4417","Orchidantha siamensis","anther orientation","0",NA,"ancestral reconstruction","Lopez-Martinez et al. (2023) | PROTEUS",NA
"4418","Orchidantha siamensis","anther dehiscence","0",NA,"ancestral reconstruction","Lopez-Martinez et al. (2023) | PROTEUS",NA
"4419","Orchidantha siamensis","fusion of ovaries","1",NA,"ancestral reconstruction","Lopez-Martinez et al. (2023) | PROTEUS",NA
"4420","Orobanche fasciculata","sex of flowers","0",NA,"ancestral reconstruction","Lopez-Martinez et al. (2023) | PROTEUS",NA
"4421","Orobanche fasciculata","ovary position","0",NA,"ancestral reconstruction","Lopez-Martinez et al. (2023) | PROTEUS",NA
"4422","Orobanche fasciculata","anther orientation","2",NA,"ancestral reconstruction","Lopez-Martinez et al. (2023) | PROTEUS",NA
"4423","Orobanche fasciculata","anther attachment","1",NA,"ancestral reconstruction","Lopez-Martinez et al. (2023) | PROTEUS",NA
"4424","Orobanche fasciculata","anther dehiscence","0",NA,"ancestral reconstruction","Lopez-Martinez et al. (2023) | PROTEUS",NA
"4425","Orontium aquaticum","no ovules","0",NA,"ancestral reconstruction","Lopez-Martinez et al. (2023) | PROTEUS",NA
"4426","Orontium aquaticum","sex of flowers","0&1",NA,"ancestral reconstruction","Lopez-Martinez et al. (2023) | PROTEUS",NA
"4427","Oryza sativa","no ovules","0",NA,"ancestral reconstruction","Lopez-Martinez et al. (2023) | PROTEUS",NA
"4428","Oryza sativa","sex of flowers","0",NA,"ancestral reconstruction","Lopez-Martinez et al. (2023) | PROTEUS",NA
"4429","Oryza sativa","ovary position","0",NA,"ancestral reconstruction","Lopez-Martinez et al. (2023) | PROTEUS",NA
"4430","Oryza sativa","anther attachment","0",NA,"ancestral reconstruction","Lopez-Martinez et al. (2023) | PROTEUS",NA
"4431","Oryza sativa","anther dehiscence","0",NA,"ancestral reconstruction","Lopez-Martinez et al. (2023) | PROTEUS",NA
"4432","Oxalis dillenii","no ovules","0&1&2",NA,"ancestral reconstruction","Lopez-Martinez et al. (2023) | PROTEUS",NA
"4433","Oxalis dillenii","sex of flowers","0",NA,"ancestral reconstruction","Lopez-Martinez et al. (2023) | PROTEUS",NA
"4434","Oxalis dillenii","ovary position","0",NA,"ancestral reconstruction","Lopez-Martinez et al. (2023) | PROTEUS",NA
"4435","Oxalis dillenii","anther orientation","0&2",NA,"ancestral reconstruction","Lopez-Martinez et al. (2023) | PROTEUS",NA
"4436","Oxalis dillenii","anther attachment","1",NA,"ancestral reconstruction","Lopez-Martinez et al. (2023) | PROTEUS",NA
"4437","Oxalis dillenii","anther dehiscence","0",NA,"ancestral reconstruction","Lopez-Martinez et al. (2023) | PROTEUS",NA
"4438","Oxalis dillenii","fusion of ovaries","1",NA,"ancestral reconstruction","Lopez-Martinez et al. (2023) | PROTEUS",NA
"4439","Oxygyne shinzatoi","anther orientation","0",NA,"ancestral reconstruction","Lopez-Martinez et al. (2023) | PROTEUS",NA
"4440","Oziroe biflora","no ovules","1&2",NA,"ancestral reconstruction","Lopez-Martinez et al. (2023) | PROTEUS",NA
"4441","Oziroe biflora","sex of flowers","0",NA,"ancestral reconstruction","Lopez-Martinez et al. (2023) | PROTEUS",NA
"4442","Oziroe biflora","ovary position","0",NA,"ancestral reconstruction","Lopez-Martinez et al. (2023) | PROTEUS",NA
"4443","Oziroe biflora","anther orientation","0",NA,"ancestral reconstruction","Lopez-Martinez et al. (2023) | PROTEUS",NA
"4444","Oziroe biflora","anther attachment","1",NA,"ancestral reconstruction","Lopez-Martinez et al. (2023) | PROTEUS",NA
"4445","Oziroe biflora","anther dehiscence","0",NA,"ancestral reconstruction","Lopez-Martinez et al. (2023) | PROTEUS",NA
"4446","Oziroe biflora","fusion of ovaries","1",NA,"ancestral reconstruction","Lopez-Martinez et al. (2023) | PROTEUS",NA
"4447","Paeonia californica","no ovules","2",NA,"ancestral reconstruction","Lopez-Martinez et al. (2023) | PROTEUS",NA
"4448","Paeonia californica","sex of flowers","0",NA,"ancestral reconstruction","Lopez-Martinez et al. (2023) | PROTEUS",NA
"4449","Paeonia californica","ovary position","0",NA,"ancestral reconstruction","Lopez-Martinez et al. (2023) | PROTEUS",NA
"4450","Paeonia californica","anther orientation","2",NA,"ancestral reconstruction","Lopez-Martinez et al. (2023) | PROTEUS",NA
"4451","Paeonia californica","anther attachment","0",NA,"ancestral reconstruction","Lopez-Martinez et al. (2023) | PROTEUS",NA
"4452","Paeonia californica","anther dehiscence","0",NA,"ancestral reconstruction","Lopez-Martinez et al. (2023) | PROTEUS",NA
"4453","Paeonia californica","fusion of ovaries","0",NA,"ancestral reconstruction","Lopez-Martinez et al. (2023) | PROTEUS",NA
"4454","Paeonia suffruticosa","sex of flowers","0",NA,"ancestral reconstruction","Lopez-Martinez et al. (2023) | PROTEUS",NA
"4455","Paeonia suffruticosa","ovary position","0",NA,"ancestral reconstruction","Lopez-Martinez et al. (2023) | PROTEUS",NA
"4456","Paeonia suffruticosa","fusion of ovaries","0",NA,"ancestral reconstruction","Lopez-Martinez et al. (2023) | PROTEUS",NA
"4457","Pakaraimaea dipterocarpacea","no ovules","1&2",NA,"ancestral reconstruction","Lopez-Martinez et al. (2023) | PROTEUS",NA
"4458","Pakaraimaea dipterocarpacea","sex of flowers","0",NA,"ancestral reconstruction","Lopez-Martinez et al. (2023) | PROTEUS",NA
"4459","Pakaraimaea dipterocarpacea","ovary position","0",NA,"ancestral reconstruction","Lopez-Martinez et al. (2023) | PROTEUS",NA
"4460","Pakaraimaea dipterocarpacea","anther attachment","0",NA,"ancestral reconstruction","Lopez-Martinez et al. (2023) | PROTEUS",NA
"4461","Pakaraimaea dipterocarpacea","anther dehiscence","0",NA,"ancestral reconstruction","Lopez-Martinez et al. (2023) | PROTEUS",NA
"4462","Pakaraimaea dipterocarpacea","fusion of ovaries","1",NA,"ancestral reconstruction","Lopez-Martinez et al. (2023) | PROTEUS",NA
"4463","Panax quinquefolius","no ovules","0&1",NA,"ancestral reconstruction","Lopez-Martinez et al. (2023) | PROTEUS",NA
"4464","Panax quinquefolius","sex of flowers","0&1",NA,"ancestral reconstruction","Lopez-Martinez et al. (2023) | PROTEUS",NA
"4465","Panax quinquefolius","ovary position","1",NA,"ancestral reconstruction","Lopez-Martinez et al. (2023) | PROTEUS",NA
"4466","Panax quinquefolius","anther orientation","0",NA,"ancestral reconstruction","Lopez-Martinez et al. (2023) | PROTEUS",NA
"4467","Panax quinquefolius","anther attachment","1",NA,"ancestral reconstruction","Lopez-Martinez et al. (2023) | PROTEUS",NA
"4468","Panax quinquefolius","anther dehiscence","0",NA,"ancestral reconstruction","Lopez-Martinez et al. (2023) | PROTEUS",NA
"4469","Panax quinquefolius","fusion of ovaries","1",NA,"ancestral reconstruction","Lopez-Martinez et al. (2023) | PROTEUS",NA
"4470","Pandanus tectorius","no ovules","0",NA,"ancestral reconstruction","Lopez-Martinez et al. (2023) | PROTEUS",NA
"4471","Pandanus tectorius","sex of flowers","1",NA,"ancestral reconstruction","Lopez-Martinez et al. (2023) | PROTEUS",NA
"4472","Pandanus tectorius","ovary position","0",NA,"ancestral reconstruction","Lopez-Martinez et al. (2023) | PROTEUS",NA
"4473","Pandanus tectorius","anther attachment","0",NA,"ancestral reconstruction","Lopez-Martinez et al. (2023) | PROTEUS",NA
"4474","Pandanus tectorius","anther dehiscence","0",NA,"ancestral reconstruction","Lopez-Martinez et al. (2023) | PROTEUS",NA
"4475","Paphiopedilum bellatulum","sex of flowers","0",NA,"ancestral reconstruction","Lopez-Martinez et al. (2023) | PROTEUS",NA
"4476","Paphiopedilum bellatulum","ovary position","1",NA,"ancestral reconstruction","Lopez-Martinez et al. (2023) | PROTEUS",NA
"4477","Paphiopedilum bellatulum","fusion of ovaries","1",NA,"ancestral reconstruction","Lopez-Martinez et al. (2023) | PROTEUS",NA
"4478","Paracryphia alticola","no ovules","2",NA,"ancestral reconstruction","Lopez-Martinez et al. (2023) | PROTEUS",NA
"4479","Paracryphia alticola","sex of flowers","0",NA,"ancestral reconstruction","Lopez-Martinez et al. (2023) | PROTEUS",NA
"4480","Paracryphia alticola","ovary position","0",NA,"ancestral reconstruction","Lopez-Martinez et al. (2023) | PROTEUS",NA
"4481","Paracryphia alticola","anther attachment","0",NA,"ancestral reconstruction","Lopez-Martinez et al. (2023) | PROTEUS",NA
"4482","Paracryphia alticola","anther dehiscence","0",NA,"ancestral reconstruction","Lopez-Martinez et al. (2023) | PROTEUS",NA
"4483","Paracryphia alticola","fusion of ovaries","1",NA,"ancestral reconstruction","Lopez-Martinez et al. (2023) | PROTEUS",NA
"4484","Parietaria debilis","sex of flowers","0&1",NA,"ancestral reconstruction","Lopez-Martinez et al. (2023) | PROTEUS",NA
"4485","Parietaria debilis","ovary position","0",NA,"ancestral reconstruction","Lopez-Martinez et al. (2023) | PROTEUS",NA
"4486","Parnassia palustris","sex of flowers","0",NA,"ancestral reconstruction","Lopez-Martinez et al. (2023) | PROTEUS",NA
"4487","Parnassia palustris","ovary position","0",NA,"ancestral reconstruction","Lopez-Martinez et al. (2023) | PROTEUS",NA
"4488","Parnassia palustris","fusion of ovaries","1",NA,"ancestral reconstruction","Lopez-Martinez et al. (2023) | PROTEUS",NA
"4489","Paronychia canadensis","sex of flowers","0",NA,"ancestral reconstruction","Lopez-Martinez et al. (2023) | PROTEUS",NA
"4490","Paronychia canadensis","ovary position","0",NA,"ancestral reconstruction","Lopez-Martinez et al. (2023) | PROTEUS",NA
"4491","Passiflora biflora","no ovules","2",NA,"ancestral reconstruction","Lopez-Martinez et al. (2023) | PROTEUS",NA
"4492","Passiflora biflora","sex of flowers","0",NA,"ancestral reconstruction","Lopez-Martinez et al. (2023) | PROTEUS",NA
"4493","Passiflora biflora","ovary position","0",NA,"ancestral reconstruction","Lopez-Martinez et al. (2023) | PROTEUS",NA
"4494","Passiflora biflora","anther attachment","1",NA,"ancestral reconstruction","Lopez-Martinez et al. (2023) | PROTEUS",NA
"4495","Passiflora biflora","fusion of ovaries","1",NA,"ancestral reconstruction","Lopez-Martinez et al. (2023) | PROTEUS",NA
"4496","Patersonia glabrata","sex of flowers","0",NA,"ancestral reconstruction","Lopez-Martinez et al. (2023) | PROTEUS",NA
"4497","Patersonia glabrata","ovary position","1",NA,"ancestral reconstruction","Lopez-Martinez et al. (2023) | PROTEUS",NA
"4498","Patersonia glabrata","anther attachment","0",NA,"ancestral reconstruction","Lopez-Martinez et al. (2023) | PROTEUS",NA
"4499","Patersonia glabrata","anther dehiscence","0",NA,"ancestral reconstruction","Lopez-Martinez et al. (2023) | PROTEUS",NA
"4500","Patersonia glabrata","fusion of ovaries","1",NA,"ancestral reconstruction","Lopez-Martinez et al. (2023) | PROTEUS",NA
"4501","Paulownia tomentosa","no ovules","2",NA,"ancestral reconstruction","Lopez-Martinez et al. (2023) | PROTEUS",NA
"4502","Paulownia tomentosa","sex of flowers","0",NA,"ancestral reconstruction","Lopez-Martinez et al. (2023) | PROTEUS",NA
"4503","Paulownia tomentosa","ovary position","0",NA,"ancestral reconstruction","Lopez-Martinez et al. (2023) | PROTEUS",NA
"4504","Paulownia tomentosa","anther orientation","0",NA,"ancestral reconstruction","Lopez-Martinez et al. (2023) | PROTEUS",NA
"4505","Paulownia tomentosa","anther attachment","0",NA,"ancestral reconstruction","Lopez-Martinez et al. (2023) | PROTEUS",NA
"4506","Paulownia tomentosa","anther dehiscence","0",NA,"ancestral reconstruction","Lopez-Martinez et al. (2023) | PROTEUS",NA
"4507","Paulownia tomentosa","fusion of ovaries","1",NA,"ancestral reconstruction","Lopez-Martinez et al. (2023) | PROTEUS",NA
"4508","Pedicularis foliosa","sex of flowers","0",NA,"ancestral reconstruction","Lopez-Martinez et al. (2023) | PROTEUS",NA
"4509","Pedicularis foliosa","ovary position","0",NA,"ancestral reconstruction","Lopez-Martinez et al. (2023) | PROTEUS",NA
"4510","Pedicularis foliosa","anther orientation","0",NA,"ancestral reconstruction","Lopez-Martinez et al. (2023) | PROTEUS",NA
"4511","Pedicularis foliosa","fusion of ovaries","1",NA,"ancestral reconstruction","Lopez-Martinez et al. (2023) | PROTEUS",NA
"4512","Peganum harmala","no ovules","2",NA,"ancestral reconstruction","Lopez-Martinez et al. (2023) | PROTEUS",NA
"4513","Peganum harmala","sex of flowers","0",NA,"ancestral reconstruction","Lopez-Martinez et al. (2023) | PROTEUS",NA
"4514","Peganum harmala","ovary position","0",NA,"ancestral reconstruction","Lopez-Martinez et al. (2023) | PROTEUS",NA
"4515","Peganum harmala","anther orientation","0",NA,"ancestral reconstruction","Lopez-Martinez et al. (2023) | PROTEUS",NA
"4516","Peganum harmala","anther attachment","1",NA,"ancestral reconstruction","Lopez-Martinez et al. (2023) | PROTEUS",NA
"4517","Peganum harmala","anther dehiscence","0",NA,"ancestral reconstruction","Lopez-Martinez et al. (2023) | PROTEUS",NA
"4518","Peganum harmala","fusion of ovaries","1",NA,"ancestral reconstruction","Lopez-Martinez et al. (2023) | PROTEUS",NA
"4519","Pelliciera rhizophorae","no ovules","0",NA,"ancestral reconstruction","Lopez-Martinez et al. (2023) | PROTEUS",NA
"4520","Pelliciera rhizophorae","sex of flowers","0",NA,"ancestral reconstruction","Lopez-Martinez et al. (2023) | PROTEUS",NA
"4521","Pelliciera rhizophorae","ovary position","0",NA,"ancestral reconstruction","Lopez-Martinez et al. (2023) | PROTEUS",NA
"4522","Pelliciera rhizophorae","anther orientation","1",NA,"ancestral reconstruction","Lopez-Martinez et al. (2023) | PROTEUS",NA
"4523","Pelliciera rhizophorae","anther attachment","1",NA,"ancestral reconstruction","Lopez-Martinez et al. (2023) | PROTEUS",NA
"4524","Pelliciera rhizophorae","anther dehiscence","0",NA,"ancestral reconstruction","Lopez-Martinez et al. (2023) | PROTEUS",NA
"4525","Pelliciera rhizophorae","fusion of ovaries","1",NA,"ancestral reconstruction","Lopez-Martinez et al. (2023) | PROTEUS",NA
"4526","Pellionia repens","sex of flowers","0&1",NA,"ancestral reconstruction","Lopez-Martinez et al. (2023) | PROTEUS",NA
"4527","Peltanthera floribunda","no ovules","2",NA,"ancestral reconstruction","Lopez-Martinez et al. (2023) | PROTEUS",NA
"4528","Peltanthera floribunda","sex of flowers","0",NA,"ancestral reconstruction","Lopez-Martinez et al. (2023) | PROTEUS",NA
"4529","Peltanthera floribunda","ovary position","0",NA,"ancestral reconstruction","Lopez-Martinez et al. (2023) | PROTEUS",NA
"4530","Peltanthera floribunda","anther orientation","0",NA,"ancestral reconstruction","Lopez-Martinez et al. (2023) | PROTEUS",NA
"4531","Peltanthera floribunda","anther attachment","1",NA,"ancestral reconstruction","Lopez-Martinez et al. (2023) | PROTEUS",NA
"4532","Peltanthera floribunda","anther dehiscence","0",NA,"ancestral reconstruction","Lopez-Martinez et al. (2023) | PROTEUS",NA
"4533","Peltanthera floribunda","fusion of ovaries","1",NA,"ancestral reconstruction","Lopez-Martinez et al. (2023) | PROTEUS",NA
"4534","Penaea acutifolia","no ovules","1",NA,"ancestral reconstruction","Lopez-Martinez et al. (2023) | PROTEUS",NA
"4535","Penaea acutifolia","sex of flowers","0",NA,"ancestral reconstruction","Lopez-Martinez et al. (2023) | PROTEUS",NA
"4536","Penaea acutifolia","ovary position","0",NA,"ancestral reconstruction","Lopez-Martinez et al. (2023) | PROTEUS",NA
"4537","Penaea acutifolia","anther orientation","0",NA,"ancestral reconstruction","Lopez-Martinez et al. (2023) | PROTEUS",NA
"4538","Penaea acutifolia","anther attachment","0",NA,"ancestral reconstruction","Lopez-Martinez et al. (2023) | PROTEUS",NA
"4539","Penaea acutifolia","anther dehiscence","0",NA,"ancestral reconstruction","Lopez-Martinez et al. (2023) | PROTEUS",NA
"4540","Penaea acutifolia","fusion of ovaries","1",NA,"ancestral reconstruction","Lopez-Martinez et al. (2023) | PROTEUS",NA
"4541","Pennantia corymbosa","no ovules","0",NA,"ancestral reconstruction","Lopez-Martinez et al. (2023) | PROTEUS",NA
"4542","Pennantia corymbosa","sex of flowers","0",NA,"ancestral reconstruction","Lopez-Martinez et al. (2023) | PROTEUS",NA
"4543","Pennantia corymbosa","ovary position","0",NA,"ancestral reconstruction","Lopez-Martinez et al. (2023) | PROTEUS",NA
"4544","Pennantia corymbosa","anther attachment","1",NA,"ancestral reconstruction","Lopez-Martinez et al. (2023) | PROTEUS",NA
"4545","Pennantia corymbosa","anther dehiscence","0",NA,"ancestral reconstruction","Lopez-Martinez et al. (2023) | PROTEUS",NA
"4546","Pennantia corymbosa","fusion of ovaries","1",NA,"ancestral reconstruction","Lopez-Martinez et al. (2023) | PROTEUS",NA
"4547","Pennantia cunninghamii","no ovules","0",NA,"ancestral reconstruction","Lopez-Martinez et al. (2023) | PROTEUS",NA
"4548","Pennantia cunninghamii","sex of flowers","0&1",NA,"ancestral reconstruction","Lopez-Martinez et al. (2023) | PROTEUS",NA
"4549","Pennantia cunninghamii","ovary position","0",NA,"ancestral reconstruction","Lopez-Martinez et al. (2023) | PROTEUS",NA
"4550","Pennantia cunninghamii","anther orientation","0",NA,"ancestral reconstruction","Lopez-Martinez et al. (2023) | PROTEUS",NA
"4551","Pennantia cunninghamii","anther attachment","1",NA,"ancestral reconstruction","Lopez-Martinez et al. (2023) | PROTEUS",NA
"4552","Pennantia cunninghamii","fusion of ovaries","1",NA,"ancestral reconstruction","Lopez-Martinez et al. (2023) | PROTEUS",NA
"4553","Pentadiplandra brazzeana","no ovules","2",NA,"ancestral reconstruction","Lopez-Martinez et al. (2023) | PROTEUS",NA
"4554","Pentadiplandra brazzeana","sex of flowers","0",NA,"ancestral reconstruction","Lopez-Martinez et al. (2023) | PROTEUS",NA
"4555","Pentadiplandra brazzeana","ovary position","0",NA,"ancestral reconstruction","Lopez-Martinez et al. (2023) | PROTEUS",NA
"4556","Pentadiplandra brazzeana","anther orientation","1",NA,"ancestral reconstruction","Lopez-Martinez et al. (2023) | PROTEUS",NA
"4557","Pentadiplandra brazzeana","fusion of ovaries","1",NA,"ancestral reconstruction","Lopez-Martinez et al. (2023) | PROTEUS",NA
"4558","Pentaphragma ellipticum","ovary position","1",NA,"ancestral reconstruction","Lopez-Martinez et al. (2023) | PROTEUS",NA
"4559","Pentaphragma ellipticum","anther orientation","2",NA,"ancestral reconstruction","Lopez-Martinez et al. (2023) | PROTEUS",NA
"4560","Pentaphragma ellipticum","anther attachment","0",NA,"ancestral reconstruction","Lopez-Martinez et al. (2023) | PROTEUS",NA
"4561","Pentaphylax euryoides","no ovules","1",NA,"ancestral reconstruction","Lopez-Martinez et al. (2023) | PROTEUS",NA
"4562","Pentaphylax euryoides","sex of flowers","0",NA,"ancestral reconstruction","Lopez-Martinez et al. (2023) | PROTEUS",NA
"4563","Pentaphylax euryoides","ovary position","0",NA,"ancestral reconstruction","Lopez-Martinez et al. (2023) | PROTEUS",NA
"4564","Pentaphylax euryoides","anther orientation","0",NA,"ancestral reconstruction","Lopez-Martinez et al. (2023) | PROTEUS",NA
"4565","Pentaphylax euryoides","anther attachment","0",NA,"ancestral reconstruction","Lopez-Martinez et al. (2023) | PROTEUS",NA
"4566","Pentaphylax euryoides","anther dehiscence","0",NA,"ancestral reconstruction","Lopez-Martinez et al. (2023) | PROTEUS",NA
"4567","Pentaphylax euryoides","fusion of ovaries","1",NA,"ancestral reconstruction","Lopez-Martinez et al. (2023) | PROTEUS",NA
"4568","Pentastemona sumatrana","sex of flowers","0",NA,"ancestral reconstruction","Lopez-Martinez et al. (2023) | PROTEUS",NA
"4569","Pentastemona sumatrana","ovary position","1",NA,"ancestral reconstruction","Lopez-Martinez et al. (2023) | PROTEUS",NA
"4570","Pentastemona sumatrana","anther orientation","0&1",NA,"ancestral reconstruction","Lopez-Martinez et al. (2023) | PROTEUS",NA
"4571","Penthorum chinense","sex of flowers","0",NA,"ancestral reconstruction","Lopez-Martinez et al. (2023) | PROTEUS",NA
"4572","Penthorum chinense","ovary position","0",NA,"ancestral reconstruction","Lopez-Martinez et al. (2023) | PROTEUS",NA
"4573","Penthorum chinense","fusion of ovaries","1",NA,"ancestral reconstruction","Lopez-Martinez et al. (2023) | PROTEUS",NA
"4574","Penthorum sedoides","sex of flowers","0",NA,"ancestral reconstruction","Lopez-Martinez et al. (2023) | PROTEUS",NA
"4575","Penthorum sedoides","ovary position","0&1",NA,"ancestral reconstruction","Lopez-Martinez et al. (2023) | PROTEUS",NA
"4576","Penthorum sedoides","anther orientation","1",NA,"ancestral reconstruction","Lopez-Martinez et al. (2023) | PROTEUS",NA
"4577","Penthorum sedoides","anther attachment","0",NA,"ancestral reconstruction","Lopez-Martinez et al. (2023) | PROTEUS",NA
"4578","Penthorum sedoides","anther dehiscence","0",NA,"ancestral reconstruction","Lopez-Martinez et al. (2023) | PROTEUS",NA
"4579","Penthorum sedoides","fusion of ovaries","1",NA,"ancestral reconstruction","Lopez-Martinez et al. (2023) | PROTEUS",NA
"4580","Peperomia caliginigaudens","sex of flowers","0",NA,"ancestral reconstruction","Lopez-Martinez et al. (2023) | PROTEUS",NA
"4581","Peperomia caliginigaudens","anther attachment","1",NA,"ancestral reconstruction","Lopez-Martinez et al. (2023) | PROTEUS",NA
"4582","Pereskia aculeata","sex of flowers","0",NA,"ancestral reconstruction","Lopez-Martinez et al. (2023) | PROTEUS",NA
"4583","Pereskia aculeata","ovary position","0",NA,"ancestral reconstruction","Lopez-Martinez et al. (2023) | PROTEUS",NA
"4584","Pereskia aculeata","anther dehiscence","0",NA,"ancestral reconstruction","Lopez-Martinez et al. (2023) | PROTEUS",NA
"4585","Pereskia aculeata","fusion of ovaries","1",NA,"ancestral reconstruction","Lopez-Martinez et al. (2023) | PROTEUS",NA
"4586","Peridiscus lucidus","no ovules","1",NA,"ancestral reconstruction","Lopez-Martinez et al. (2023) | PROTEUS",NA
"4587","Peridiscus lucidus","sex of flowers","0",NA,"ancestral reconstruction","Lopez-Martinez et al. (2023) | PROTEUS",NA
"4588","Peridiscus lucidus","ovary position","1",NA,"ancestral reconstruction","Lopez-Martinez et al. (2023) | PROTEUS",NA
"4589","Peridiscus lucidus","anther orientation","0",NA,"ancestral reconstruction","Lopez-Martinez et al. (2023) | PROTEUS",NA
"4590","Peridiscus lucidus","anther dehiscence","0",NA,"ancestral reconstruction","Lopez-Martinez et al. (2023) | PROTEUS",NA
"4591","Peridiscus lucidus","fusion of ovaries","1",NA,"ancestral reconstruction","Lopez-Martinez et al. (2023) | PROTEUS",NA
"4592","Perilla frutescens","no ovules","1",NA,"ancestral reconstruction","Lopez-Martinez et al. (2023) | PROTEUS",NA
"4593","Perilla frutescens","sex of flowers","0",NA,"ancestral reconstruction","Lopez-Martinez et al. (2023) | PROTEUS",NA
"4594","Perilla frutescens","ovary position","0",NA,"ancestral reconstruction","Lopez-Martinez et al. (2023) | PROTEUS",NA
"4595","Perilla frutescens","anther attachment","1",NA,"ancestral reconstruction","Lopez-Martinez et al. (2023) | PROTEUS",NA
"4596","Perilla frutescens","anther dehiscence","0",NA,"ancestral reconstruction","Lopez-Martinez et al. (2023) | PROTEUS",NA
"4597","Perilla frutescens","fusion of ovaries","1",NA,"ancestral reconstruction","Lopez-Martinez et al. (2023) | PROTEUS",NA
"4598","Peronema canescens","sex of flowers","0",NA,"ancestral reconstruction","Lopez-Martinez et al. (2023) | PROTEUS",NA
"4599","Peronema canescens","ovary position","0",NA,"ancestral reconstruction","Lopez-Martinez et al. (2023) | PROTEUS",NA
"4600","Peronema canescens","anther dehiscence","0",NA,"ancestral reconstruction","Lopez-Martinez et al. (2023) | PROTEUS",NA
"4601","Peronema canescens","fusion of ovaries","1",NA,"ancestral reconstruction","Lopez-Martinez et al. (2023) | PROTEUS",NA
"4602","Perrottetia ovata","no ovules","2",NA,"ancestral reconstruction","Lopez-Martinez et al. (2023) | PROTEUS",NA
"4603","Perrottetia ovata","sex of flowers","0",NA,"ancestral reconstruction","Lopez-Martinez et al. (2023) | PROTEUS",NA
"4604","Perrottetia ovata","ovary position","0",NA,"ancestral reconstruction","Lopez-Martinez et al. (2023) | PROTEUS",NA
"4605","Perrottetia ovata","anther orientation","0",NA,"ancestral reconstruction","Lopez-Martinez et al. (2023) | PROTEUS",NA
"4606","Perrottetia ovata","anther dehiscence","0",NA,"ancestral reconstruction","Lopez-Martinez et al. (2023) | PROTEUS",NA
"4607","Perrottetia ovata","fusion of ovaries","1",NA,"ancestral reconstruction","Lopez-Martinez et al. (2023) | PROTEUS",NA
"4608","Persoonia lanceolata","no ovules","0&1",NA,"ancestral reconstruction","Lopez-Martinez et al. (2023) | PROTEUS",NA
"4609","Persoonia lanceolata","sex of flowers","0",NA,"ancestral reconstruction","Lopez-Martinez et al. (2023) | PROTEUS",NA
"4610","Persoonia lanceolata","ovary position","0",NA,"ancestral reconstruction","Lopez-Martinez et al. (2023) | PROTEUS",NA
"4611","Persoonia lanceolata","anther orientation","0",NA,"ancestral reconstruction","Lopez-Martinez et al. (2023) | PROTEUS",NA
"4612","Persoonia lanceolata","anther attachment","0",NA,"ancestral reconstruction","Lopez-Martinez et al. (2023) | PROTEUS",NA
"4613","Persoonia lanceolata","anther dehiscence","0",NA,"ancestral reconstruction","Lopez-Martinez et al. (2023) | PROTEUS",NA
"4614","Pertya scandens","no ovules","0",NA,"ancestral reconstruction","Lopez-Martinez et al. (2023) | PROTEUS",NA
"4615","Pertya scandens","sex of flowers","0",NA,"ancestral reconstruction","Lopez-Martinez et al. (2023) | PROTEUS",NA
"4616","Pertya scandens","ovary position","1",NA,"ancestral reconstruction","Lopez-Martinez et al. (2023) | PROTEUS",NA
"4617","Pertya scandens","anther orientation","0",NA,"ancestral reconstruction","Lopez-Martinez et al. (2023) | PROTEUS",NA
"4618","Petenaea cordata","ovary position","0",NA,"ancestral reconstruction","Lopez-Martinez et al. (2023) | PROTEUS",NA
"4619","Petenaea cordata","anther attachment","1",NA,"ancestral reconstruction","Lopez-Martinez et al. (2023) | PROTEUS",NA
"4620","Petermannia cirrosa","sex of flowers","0",NA,"ancestral reconstruction","Lopez-Martinez et al. (2023) | PROTEUS",NA
"4621","Petermannia cirrosa","ovary position","1",NA,"ancestral reconstruction","Lopez-Martinez et al. (2023) | PROTEUS",NA
"4622","Petermannia cirrosa","anther orientation","2",NA,"ancestral reconstruction","Lopez-Martinez et al. (2023) | PROTEUS",NA
"4623","Petermannia cirrosa","anther dehiscence","0",NA,"ancestral reconstruction","Lopez-Martinez et al. (2023) | PROTEUS",NA
"4624","Petermannia cirrosa","fusion of ovaries","1",NA,"ancestral reconstruction","Lopez-Martinez et al. (2023) | PROTEUS",NA
"4625","Petraeovitex wolfei","no ovules","1",NA,"ancestral reconstruction","Lopez-Martinez et al. (2023) | PROTEUS",NA
"4626","Petraeovitex wolfei","sex of flowers","0",NA,"ancestral reconstruction","Lopez-Martinez et al. (2023) | PROTEUS",NA
"4627","Petraeovitex wolfei","ovary position","0",NA,"ancestral reconstruction","Lopez-Martinez et al. (2023) | PROTEUS",NA
"4628","Petraeovitex wolfei","anther attachment","1",NA,"ancestral reconstruction","Lopez-Martinez et al. (2023) | PROTEUS",NA
"4629","Petraeovitex wolfei","fusion of ovaries","1",NA,"ancestral reconstruction","Lopez-Martinez et al. (2023) | PROTEUS",NA
"4630","Petrea volubilis","no ovules","1",NA,"ancestral reconstruction","Lopez-Martinez et al. (2023) | PROTEUS",NA
"4631","Petrea volubilis","sex of flowers","0",NA,"ancestral reconstruction","Lopez-Martinez et al. (2023) | PROTEUS",NA
"4632","Petrea volubilis","ovary position","0",NA,"ancestral reconstruction","Lopez-Martinez et al. (2023) | PROTEUS",NA
"4633","Petrea volubilis","anther orientation","0",NA,"ancestral reconstruction","Lopez-Martinez et al. (2023) | PROTEUS",NA
"4634","Petrea volubilis","anther attachment","1",NA,"ancestral reconstruction","Lopez-Martinez et al. (2023) | PROTEUS",NA
"4635","Petrea volubilis","anther dehiscence","0",NA,"ancestral reconstruction","Lopez-Martinez et al. (2023) | PROTEUS",NA
"4636","Petrea volubilis","fusion of ovaries","1",NA,"ancestral reconstruction","Lopez-Martinez et al. (2023) | PROTEUS",NA
"4637","Petrophile canescens","no ovules","0&1",NA,"ancestral reconstruction","Lopez-Martinez et al. (2023) | PROTEUS",NA
"4638","Petrophile canescens","sex of flowers","0",NA,"ancestral reconstruction","Lopez-Martinez et al. (2023) | PROTEUS",NA
"4639","Petrophile canescens","ovary position","0",NA,"ancestral reconstruction","Lopez-Martinez et al. (2023) | PROTEUS",NA
"4640","Petrosavia sakuraii","sex of flowers","0",NA,"ancestral reconstruction","Lopez-Martinez et al. (2023) | PROTEUS",NA
"4641","Petrosavia sakuraii","anther orientation","0",NA,"ancestral reconstruction","Lopez-Martinez et al. (2023) | PROTEUS",NA
"4642","Petunia axillaris","sex of flowers","0",NA,"ancestral reconstruction","Lopez-Martinez et al. (2023) | PROTEUS",NA
"4643","Petunia axillaris","ovary position","0",NA,"ancestral reconstruction","Lopez-Martinez et al. (2023) | PROTEUS",NA
"4644","Peumus boldus","no ovules","0",NA,"ancestral reconstruction","Lopez-Martinez et al. (2023) | PROTEUS",NA
"4645","Peumus boldus","sex of flowers","0&1",NA,"ancestral reconstruction","Lopez-Martinez et al. (2023) | PROTEUS",NA
"4646","Peumus boldus","ovary position","0",NA,"ancestral reconstruction","Lopez-Martinez et al. (2023) | PROTEUS",NA
"4647","Peumus boldus","anther orientation","1",NA,"ancestral reconstruction","Lopez-Martinez et al. (2023) | PROTEUS",NA
"4648","Peumus boldus","anther attachment","0",NA,"ancestral reconstruction","Lopez-Martinez et al. (2023) | PROTEUS",NA
"4649","Peumus boldus","anther dehiscence","1",NA,"ancestral reconstruction","Lopez-Martinez et al. (2023) | PROTEUS",NA
"4650","Peumus boldus","fusion of ovaries","0",NA,"ancestral reconstruction","Lopez-Martinez et al. (2023) | PROTEUS",NA
"4651","Phacelia campanularia","sex of flowers","0",NA,"ancestral reconstruction","Lopez-Martinez et al. (2023) | PROTEUS",NA
"4652","Phacelia campanularia","ovary position","0",NA,"ancestral reconstruction","Lopez-Martinez et al. (2023) | PROTEUS",NA
"4653","Phacelia campanularia","anther attachment","1",NA,"ancestral reconstruction","Lopez-Martinez et al. (2023) | PROTEUS",NA
"4654","Phacelia campanularia","fusion of ovaries","1",NA,"ancestral reconstruction","Lopez-Martinez et al. (2023) | PROTEUS",NA
"4655","Phanerodiscus capuronii","sex of flowers","0",NA,"ancestral reconstruction","Lopez-Martinez et al. (2023) | PROTEUS",NA
"4656","Phanerodiscus capuronii","ovary position","0",NA,"ancestral reconstruction","Lopez-Martinez et al. (2023) | PROTEUS",NA
"4657","Phanerodiscus capuronii","anther orientation","2",NA,"ancestral reconstruction","Lopez-Martinez et al. (2023) | PROTEUS",NA
"4658","Phanerodiscus capuronii","anther attachment","0",NA,"ancestral reconstruction","Lopez-Martinez et al. (2023) | PROTEUS",NA
"4659","Phanerodiscus capuronii","anther dehiscence","0",NA,"ancestral reconstruction","Lopez-Martinez et al. (2023) | PROTEUS",NA
"4660","Pharus lappulaceus","no ovules","0",NA,"ancestral reconstruction","Lopez-Martinez et al. (2023) | PROTEUS",NA
"4661","Pharus lappulaceus","sex of flowers","0",NA,"ancestral reconstruction","Lopez-Martinez et al. (2023) | PROTEUS",NA
"4662","Pharus lappulaceus","anther orientation","1",NA,"ancestral reconstruction","Lopez-Martinez et al. (2023) | PROTEUS",NA
"4663","Pharus lappulaceus","anther attachment","0",NA,"ancestral reconstruction","Lopez-Martinez et al. (2023) | PROTEUS",NA
"4664","Pharus lappulaceus","anther dehiscence","0",NA,"ancestral reconstruction","Lopez-Martinez et al. (2023) | PROTEUS",NA
"4665","Pharus lappulaceus","fusion of ovaries","1",NA,"ancestral reconstruction","Lopez-Martinez et al. (2023) | PROTEUS",NA
"4666","Pharus latifolius","no ovules","0",NA,"ancestral reconstruction","Lopez-Martinez et al. (2023) | PROTEUS",NA
"4667","Pharus latifolius","sex of flowers","0",NA,"ancestral reconstruction","Lopez-Martinez et al. (2023) | PROTEUS",NA
"4668","Pharus latifolius","anther orientation","1",NA,"ancestral reconstruction","Lopez-Martinez et al. (2023) | PROTEUS",NA
"4669","Pharus latifolius","anther attachment","0",NA,"ancestral reconstruction","Lopez-Martinez et al. (2023) | PROTEUS",NA
"4670","Phaulothamnus spinescens","no ovules","0",NA,"ancestral reconstruction","Lopez-Martinez et al. (2023) | PROTEUS",NA
"4671","Phaulothamnus spinescens","sex of flowers","1",NA,"ancestral reconstruction","Lopez-Martinez et al. (2023) | PROTEUS",NA
"4672","Phaulothamnus spinescens","ovary position","0",NA,"ancestral reconstruction","Lopez-Martinez et al. (2023) | PROTEUS",NA
"4673","Phaulothamnus spinescens","anther attachment","0",NA,"ancestral reconstruction","Lopez-Martinez et al. (2023) | PROTEUS",NA
"4674","Phaulothamnus spinescens","fusion of ovaries","1",NA,"ancestral reconstruction","Lopez-Martinez et al. (2023) | PROTEUS",NA
"4675","Phelline comosa","no ovules","0",NA,"ancestral reconstruction","Lopez-Martinez et al. (2023) | PROTEUS",NA
"4676","Phelline comosa","sex of flowers","0",NA,"ancestral reconstruction","Lopez-Martinez et al. (2023) | PROTEUS",NA
"4677","Phelline comosa","ovary position","0",NA,"ancestral reconstruction","Lopez-Martinez et al. (2023) | PROTEUS",NA
"4678","Phelline comosa","anther orientation","0",NA,"ancestral reconstruction","Lopez-Martinez et al. (2023) | PROTEUS",NA
"4679","Phelline comosa","anther attachment","1",NA,"ancestral reconstruction","Lopez-Martinez et al. (2023) | PROTEUS",NA
"4680","Phelline comosa","anther dehiscence","0",NA,"ancestral reconstruction","Lopez-Martinez et al. (2023) | PROTEUS",NA
"4681","Phelline comosa","fusion of ovaries","1",NA,"ancestral reconstruction","Lopez-Martinez et al. (2023) | PROTEUS",NA
"4682","Phelline lucida","no ovules","0",NA,"ancestral reconstruction","Lopez-Martinez et al. (2023) | PROTEUS",NA
"4683","Phelline lucida","sex of flowers","0",NA,"ancestral reconstruction","Lopez-Martinez et al. (2023) | PROTEUS",NA
"4684","Phelline lucida","ovary position","0",NA,"ancestral reconstruction","Lopez-Martinez et al. (2023) | PROTEUS",NA
"4685","Phelline lucida","anther orientation","0",NA,"ancestral reconstruction","Lopez-Martinez et al. (2023) | PROTEUS",NA
"4686","Phelline lucida","anther attachment","1",NA,"ancestral reconstruction","Lopez-Martinez et al. (2023) | PROTEUS",NA
"4687","Phelline lucida","anther dehiscence","0",NA,"ancestral reconstruction","Lopez-Martinez et al. (2023) | PROTEUS",NA
"4688","Phelline lucida","fusion of ovaries","1",NA,"ancestral reconstruction","Lopez-Martinez et al. (2023) | PROTEUS",NA
"4689","Phemeranthus spinescens","sex of flowers","0",NA,"ancestral reconstruction","Lopez-Martinez et al. (2023) | PROTEUS",NA
"4690","Philesia magellanica","sex of flowers","0",NA,"ancestral reconstruction","Lopez-Martinez et al. (2023) | PROTEUS",NA
"4691","Philesia magellanica","anther attachment","0",NA,"ancestral reconstruction","Lopez-Martinez et al. (2023) | PROTEUS",NA
"4692","Philesia magellanica","anther dehiscence","0",NA,"ancestral reconstruction","Lopez-Martinez et al. (2023) | PROTEUS",NA
"4693","Philydrella pygmaea","no ovules","2",NA,"ancestral reconstruction","Lopez-Martinez et al. (2023) | PROTEUS",NA
"4694","Philydrella pygmaea","sex of flowers","0",NA,"ancestral reconstruction","Lopez-Martinez et al. (2023) | PROTEUS",NA
"4695","Philydrella pygmaea","ovary position","0",NA,"ancestral reconstruction","Lopez-Martinez et al. (2023) | PROTEUS",NA
"4696","Philydrella pygmaea","anther orientation","0&2",NA,"ancestral reconstruction","Lopez-Martinez et al. (2023) | PROTEUS",NA
"4697","Philydrella pygmaea","anther attachment","1",NA,"ancestral reconstruction","Lopez-Martinez et al. (2023) | PROTEUS",NA
"4698","Philydrella pygmaea","anther dehiscence","0",NA,"ancestral reconstruction","Lopez-Martinez et al. (2023) | PROTEUS",NA
"4699","Philydrum lanuginosum","no ovules","2",NA,"ancestral reconstruction","Lopez-Martinez et al. (2023) | PROTEUS",NA
"4700","Philydrum lanuginosum","sex of flowers","0",NA,"ancestral reconstruction","Lopez-Martinez et al. (2023) | PROTEUS",NA
"4701","Philydrum lanuginosum","ovary position","0",NA,"ancestral reconstruction","Lopez-Martinez et al. (2023) | PROTEUS",NA
"4702","Philydrum lanuginosum","anther attachment","0",NA,"ancestral reconstruction","Lopez-Martinez et al. (2023) | PROTEUS",NA
"4703","Philydrum lanuginosum","anther dehiscence","0",NA,"ancestral reconstruction","Lopez-Martinez et al. (2023) | PROTEUS",NA
"4704","Philydrum lanuginosum","fusion of ovaries","1",NA,"ancestral reconstruction","Lopez-Martinez et al. (2023) | PROTEUS",NA
"4705","Phoenix dactylifera","sex of flowers","1",NA,"ancestral reconstruction","Lopez-Martinez et al. (2023) | PROTEUS",NA
"4706","Phoenix dactylifera","ovary position","0",NA,"ancestral reconstruction","Lopez-Martinez et al. (2023) | PROTEUS",NA
"4707","Phoenix dactylifera","anther orientation","1",NA,"ancestral reconstruction","Lopez-Martinez et al. (2023) | PROTEUS",NA
"4708","Phragmites australis","no ovules","0",NA,"ancestral reconstruction","Lopez-Martinez et al. (2023) | PROTEUS",NA
"4709","Phragmites australis","sex of flowers","0&1",NA,"ancestral reconstruction","Lopez-Martinez et al. (2023) | PROTEUS",NA
"4710","Phragmites australis","ovary position","0",NA,"ancestral reconstruction","Lopez-Martinez et al. (2023) | PROTEUS",NA
"4711","Phryma leptostachya","no ovules","0",NA,"ancestral reconstruction","Lopez-Martinez et al. (2023) | PROTEUS",NA
"4712","Phryma leptostachya","sex of flowers","0",NA,"ancestral reconstruction","Lopez-Martinez et al. (2023) | PROTEUS",NA
"4713","Phryma leptostachya","ovary position","0",NA,"ancestral reconstruction","Lopez-Martinez et al. (2023) | PROTEUS",NA
"4714","Phryma leptostachya","anther dehiscence","0",NA,"ancestral reconstruction","Lopez-Martinez et al. (2023) | PROTEUS",NA
"4715","Phryma leptostachya","fusion of ovaries","1",NA,"ancestral reconstruction","Lopez-Martinez et al. (2023) | PROTEUS",NA
"4716","Phyllanthus flexuosus","no ovules","1",NA,"ancestral reconstruction","Lopez-Martinez et al. (2023) | PROTEUS",NA
"4717","Phyllanthus flexuosus","sex of flowers","1",NA,"ancestral reconstruction","Lopez-Martinez et al. (2023) | PROTEUS",NA
"4718","Phyllonoma laticuspis","no ovules","1&2",NA,"ancestral reconstruction","Lopez-Martinez et al. (2023) | PROTEUS",NA
"4719","Phyllonoma laticuspis","sex of flowers","0",NA,"ancestral reconstruction","Lopez-Martinez et al. (2023) | PROTEUS",NA
"4720","Phyllonoma laticuspis","ovary position","1",NA,"ancestral reconstruction","Lopez-Martinez et al. (2023) | PROTEUS",NA
"4721","Phyllonoma laticuspis","anther orientation","0",NA,"ancestral reconstruction","Lopez-Martinez et al. (2023) | PROTEUS",NA
"4722","Phyllonoma laticuspis","anther attachment","1",NA,"ancestral reconstruction","Lopez-Martinez et al. (2023) | PROTEUS",NA
"4723","Phyllonoma laticuspis","anther dehiscence","0",NA,"ancestral reconstruction","Lopez-Martinez et al. (2023) | PROTEUS",NA
"4724","Phyllonoma laticuspis","fusion of ovaries","1",NA,"ancestral reconstruction","Lopez-Martinez et al. (2023) | PROTEUS",NA
"4725","Phyllonoma ruscifolia","no ovules","2",NA,"ancestral reconstruction","Lopez-Martinez et al. (2023) | PROTEUS",NA
"4726","Phyllonoma ruscifolia","sex of flowers","0",NA,"ancestral reconstruction","Lopez-Martinez et al. (2023) | PROTEUS",NA
"4727","Phyllonoma ruscifolia","ovary position","1",NA,"ancestral reconstruction","Lopez-Martinez et al. (2023) | PROTEUS",NA
"4728","Phyllonoma ruscifolia","anther dehiscence","0",NA,"ancestral reconstruction","Lopez-Martinez et al. (2023) | PROTEUS",NA
"4729","Phyllonoma ruscifolia","fusion of ovaries","1",NA,"ancestral reconstruction","Lopez-Martinez et al. (2023) | PROTEUS",NA
"4730","Phyllospadix iwatensis","no ovules","0",NA,"ancestral reconstruction","Lopez-Martinez et al. (2023) | PROTEUS",NA
"4731","Phyllospadix iwatensis","sex of flowers","0",NA,"ancestral reconstruction","Lopez-Martinez et al. (2023) | PROTEUS",NA
"4732","Phyllospadix iwatensis","anther dehiscence","0",NA,"ancestral reconstruction","Lopez-Martinez et al. (2023) | PROTEUS",NA
"4733","Physena madagascariensis","no ovules","0",NA,"ancestral reconstruction","Lopez-Martinez et al. (2023) | PROTEUS",NA
"4734","Physena madagascariensis","sex of flowers","0&1",NA,"ancestral reconstruction","Lopez-Martinez et al. (2023) | PROTEUS",NA
"4735","Physena madagascariensis","ovary position","0",NA,"ancestral reconstruction","Lopez-Martinez et al. (2023) | PROTEUS",NA
"4736","Physena madagascariensis","anther orientation","0",NA,"ancestral reconstruction","Lopez-Martinez et al. (2023) | PROTEUS",NA
"4737","Physena madagascariensis","anther attachment","0",NA,"ancestral reconstruction","Lopez-Martinez et al. (2023) | PROTEUS",NA
"4738","Physena madagascariensis","anther dehiscence","0",NA,"ancestral reconstruction","Lopez-Martinez et al. (2023) | PROTEUS",NA
"4739","Physena madagascariensis","fusion of ovaries","1",NA,"ancestral reconstruction","Lopez-Martinez et al. (2023) | PROTEUS",NA
"4740","Phytolacca americana","no ovules","0",NA,"ancestral reconstruction","Lopez-Martinez et al. (2023) | PROTEUS",NA
"4741","Phytolacca americana","sex of flowers","0",NA,"ancestral reconstruction","Lopez-Martinez et al. (2023) | PROTEUS",NA
"4742","Phytolacca americana","ovary position","0",NA,"ancestral reconstruction","Lopez-Martinez et al. (2023) | PROTEUS",NA
"4743","Phytolacca americana","anther orientation","0",NA,"ancestral reconstruction","Lopez-Martinez et al. (2023) | PROTEUS",NA
"4744","Phytolacca americana","anther attachment","1",NA,"ancestral reconstruction","Lopez-Martinez et al. (2023) | PROTEUS",NA
"4745","Phytolacca americana","anther dehiscence","0",NA,"ancestral reconstruction","Lopez-Martinez et al. (2023) | PROTEUS",NA
"4746","Phytolacca americana","fusion of ovaries","1",NA,"ancestral reconstruction","Lopez-Martinez et al. (2023) | PROTEUS",NA
"4747","Picramnia polyantha","no ovules","1",NA,"ancestral reconstruction","Lopez-Martinez et al. (2023) | PROTEUS",NA
"4748","Picramnia polyantha","sex of flowers","0",NA,"ancestral reconstruction","Lopez-Martinez et al. (2023) | PROTEUS",NA
"4749","Picramnia polyantha","ovary position","0",NA,"ancestral reconstruction","Lopez-Martinez et al. (2023) | PROTEUS",NA
"4750","Picramnia polyantha","anther orientation","0",NA,"ancestral reconstruction","Lopez-Martinez et al. (2023) | PROTEUS",NA
"4751","Picramnia polyantha","anther dehiscence","0",NA,"ancestral reconstruction","Lopez-Martinez et al. (2023) | PROTEUS",NA
"4752","Picramnia polyantha","fusion of ovaries","1",NA,"ancestral reconstruction","Lopez-Martinez et al. (2023) | PROTEUS",NA
"4753","Pilea cadierei","sex of flowers","0",NA,"ancestral reconstruction","Lopez-Martinez et al. (2023) | PROTEUS",NA
"4754","Pilostyles collina","sex of flowers","1",NA,"ancestral reconstruction","Lopez-Martinez et al. (2023) | PROTEUS",NA
"4755","Pilostyles collina","ovary position","1",NA,"ancestral reconstruction","Lopez-Martinez et al. (2023) | PROTEUS",NA
"4756","Pilostyles collina","anther dehiscence","0",NA,"ancestral reconstruction","Lopez-Martinez et al. (2023) | PROTEUS",NA
"4757","Pimelodendron zoanthogyne","no ovules","0",NA,"ancestral reconstruction","Lopez-Martinez et al. (2023) | PROTEUS",NA
"4758","Pimelodendron zoanthogyne","sex of flowers","1",NA,"ancestral reconstruction","Lopez-Martinez et al. (2023) | PROTEUS",NA
"4759","Pimelodendron zoanthogyne","anther orientation","1&2",NA,"ancestral reconstruction","Lopez-Martinez et al. (2023) | PROTEUS",NA
"4760","Pimelodendron zoanthogyne","anther attachment","1",NA,"ancestral reconstruction","Lopez-Martinez et al. (2023) | PROTEUS",NA
"4761","Pimelodendron zoanthogyne","anther dehiscence","0",NA,"ancestral reconstruction","Lopez-Martinez et al. (2023) | PROTEUS",NA
"4762","Pimelodendron zoanthogyne","fusion of ovaries","1",NA,"ancestral reconstruction","Lopez-Martinez et al. (2023) | PROTEUS",NA
"4763","Pinguicula moranensis","sex of flowers","0",NA,"ancestral reconstruction","Lopez-Martinez et al. (2023) | PROTEUS",NA
"4764","Pinguicula moranensis","ovary position","0",NA,"ancestral reconstruction","Lopez-Martinez et al. (2023) | PROTEUS",NA
"4765","Pinguicula moranensis","anther attachment","1",NA,"ancestral reconstruction","Lopez-Martinez et al. (2023) | PROTEUS",NA
"4766","Pinguicula moranensis","anther dehiscence","0",NA,"ancestral reconstruction","Lopez-Martinez et al. (2023) | PROTEUS",NA
"4767","Piper betle","no ovules","0",NA,"ancestral reconstruction","Lopez-Martinez et al. (2023) | PROTEUS",NA
"4768","Piper betle","sex of flowers","1",NA,"ancestral reconstruction","Lopez-Martinez et al. (2023) | PROTEUS",NA
"4769","Piper betle","ovary position","0",NA,"ancestral reconstruction","Lopez-Martinez et al. (2023) | PROTEUS",NA
"4770","Piper betle","anther dehiscence","0",NA,"ancestral reconstruction","Lopez-Martinez et al. (2023) | PROTEUS",NA
"4771","Piper betle","fusion of ovaries","1",NA,"ancestral reconstruction","Lopez-Martinez et al. (2023) | PROTEUS",NA
"4772","Pitcairnia feliciana","sex of flowers","0",NA,"ancestral reconstruction","Lopez-Martinez et al. (2023) | PROTEUS",NA
"4773","Pitcairnia feliciana","anther orientation","0",NA,"ancestral reconstruction","Lopez-Martinez et al. (2023) | PROTEUS",NA
"4774","Pitcairnia feliciana","anther dehiscence","0",NA,"ancestral reconstruction","Lopez-Martinez et al. (2023) | PROTEUS",NA
"4775","Pitcairnia feliciana","fusion of ovaries","1",NA,"ancestral reconstruction","Lopez-Martinez et al. (2023) | PROTEUS",NA
"4776","Pittosporum tobira","sex of flowers","0",NA,"ancestral reconstruction","Lopez-Martinez et al. (2023) | PROTEUS",NA
"4777","Pittosporum tobira","ovary position","0",NA,"ancestral reconstruction","Lopez-Martinez et al. (2023) | PROTEUS",NA
"4778","Pittosporum tobira","anther orientation","1",NA,"ancestral reconstruction","Lopez-Martinez et al. (2023) | PROTEUS",NA
"4779","Pittosporum tobira","anther attachment","0",NA,"ancestral reconstruction","Lopez-Martinez et al. (2023) | PROTEUS",NA
"4780","Pittosporum tobira","anther dehiscence","0",NA,"ancestral reconstruction","Lopez-Martinez et al. (2023) | PROTEUS",NA
"4781","Pittosporum tobira","fusion of ovaries","1",NA,"ancestral reconstruction","Lopez-Martinez et al. (2023) | PROTEUS",NA
"4782","Plantago lanceolata","sex of flowers","0",NA,"ancestral reconstruction","Lopez-Martinez et al. (2023) | PROTEUS",NA
"4783","Plantago lanceolata","ovary position","0",NA,"ancestral reconstruction","Lopez-Martinez et al. (2023) | PROTEUS",NA
"4784","Plantago lanceolata","anther orientation","2",NA,"ancestral reconstruction","Lopez-Martinez et al. (2023) | PROTEUS",NA
"4785","Plantago lanceolata","anther attachment","1",NA,"ancestral reconstruction","Lopez-Martinez et al. (2023) | PROTEUS",NA
"4786","Plantago lanceolata","anther dehiscence","0",NA,"ancestral reconstruction","Lopez-Martinez et al. (2023) | PROTEUS",NA
"4787","Plantago lanceolata","fusion of ovaries","1",NA,"ancestral reconstruction","Lopez-Martinez et al. (2023) | PROTEUS",NA
"4788","Platanus occidentalis","no ovules","0&1",NA,"ancestral reconstruction","Lopez-Martinez et al. (2023) | PROTEUS",NA
"4789","Platanus occidentalis","sex of flowers","0&1",NA,"ancestral reconstruction","Lopez-Martinez et al. (2023) | PROTEUS",NA
"4790","Platanus occidentalis","ovary position","0",NA,"ancestral reconstruction","Lopez-Martinez et al. (2023) | PROTEUS",NA
"4791","Platanus occidentalis","anther orientation","0&1",NA,"ancestral reconstruction","Lopez-Martinez et al. (2023) | PROTEUS",NA
"4792","Platanus occidentalis","anther attachment","0",NA,"ancestral reconstruction","Lopez-Martinez et al. (2023) | PROTEUS",NA
"4793","Platanus occidentalis","anther dehiscence","1",NA,"ancestral reconstruction","Lopez-Martinez et al. (2023) | PROTEUS",NA
"4794","Platanus occidentalis","fusion of ovaries","0",NA,"ancestral reconstruction","Lopez-Martinez et al. (2023) | PROTEUS",NA
"4795","Platanus racemosa","no ovules","0&1",NA,"ancestral reconstruction","Lopez-Martinez et al. (2023) | PROTEUS",NA
"4796","Platanus racemosa","sex of flowers","0&1",NA,"ancestral reconstruction","Lopez-Martinez et al. (2023) | PROTEUS",NA
"4797","Platanus racemosa","ovary position","0",NA,"ancestral reconstruction","Lopez-Martinez et al. (2023) | PROTEUS",NA
"4798","Platanus racemosa","anther orientation","1",NA,"ancestral reconstruction","Lopez-Martinez et al. (2023) | PROTEUS",NA
"4799","Platanus racemosa","anther attachment","0",NA,"ancestral reconstruction","Lopez-Martinez et al. (2023) | PROTEUS",NA
"4800","Platanus racemosa","anther dehiscence","1",NA,"ancestral reconstruction","Lopez-Martinez et al. (2023) | PROTEUS",NA
"4801","Platanus racemosa","fusion of ovaries","0",NA,"ancestral reconstruction","Lopez-Martinez et al. (2023) | PROTEUS",NA
"4802","Platea latifolia","no ovules","0",NA,"ancestral reconstruction","Lopez-Martinez et al. (2023) | PROTEUS",NA
"4803","Platea latifolia","sex of flowers","1",NA,"ancestral reconstruction","Lopez-Martinez et al. (2023) | PROTEUS",NA
"4804","Platea latifolia","ovary position","0",NA,"ancestral reconstruction","Lopez-Martinez et al. (2023) | PROTEUS",NA
"4805","Platea latifolia","fusion of ovaries","1",NA,"ancestral reconstruction","Lopez-Martinez et al. (2023) | PROTEUS",NA
"4806","Platyspermation crassifolium","sex of flowers","0",NA,"ancestral reconstruction","Lopez-Martinez et al. (2023) | PROTEUS",NA
"4807","Platyspermation crassifolium","ovary position","1",NA,"ancestral reconstruction","Lopez-Martinez et al. (2023) | PROTEUS",NA
"4808","Platyspermation crassifolium","anther orientation","0",NA,"ancestral reconstruction","Lopez-Martinez et al. (2023) | PROTEUS",NA
"4809","Platyspermation crassifolium","anther dehiscence","0",NA,"ancestral reconstruction","Lopez-Martinez et al. (2023) | PROTEUS",NA
"4810","Platyspermation crassifolium","fusion of ovaries","1",NA,"ancestral reconstruction","Lopez-Martinez et al. (2023) | PROTEUS",NA
"4811","Pleea tenuifolia","sex of flowers","0",NA,"ancestral reconstruction","Lopez-Martinez et al. (2023) | PROTEUS",NA
"4812","Pleea tenuifolia","ovary position","0",NA,"ancestral reconstruction","Lopez-Martinez et al. (2023) | PROTEUS",NA
"4813","Pleea tenuifolia","anther orientation","0",NA,"ancestral reconstruction","Lopez-Martinez et al. (2023) | PROTEUS",NA
"4814","Plocosperma buxifolium","no ovules","0&1",NA,"ancestral reconstruction","Lopez-Martinez et al. (2023) | PROTEUS",NA
"4815","Plocosperma buxifolium","sex of flowers","0",NA,"ancestral reconstruction","Lopez-Martinez et al. (2023) | PROTEUS",NA
"4816","Plocosperma buxifolium","ovary position","0",NA,"ancestral reconstruction","Lopez-Martinez et al. (2023) | PROTEUS",NA
"4817","Plocosperma buxifolium","anther orientation","0&2",NA,"ancestral reconstruction","Lopez-Martinez et al. (2023) | PROTEUS",NA
"4818","Plocosperma buxifolium","anther attachment","0",NA,"ancestral reconstruction","Lopez-Martinez et al. (2023) | PROTEUS",NA
"4819","Plocosperma buxifolium","anther dehiscence","0",NA,"ancestral reconstruction","Lopez-Martinez et al. (2023) | PROTEUS",NA
"4820","Plocosperma buxifolium","fusion of ovaries","1",NA,"ancestral reconstruction","Lopez-Martinez et al. (2023) | PROTEUS",NA
"4821","Ploiarium alternifolium","sex of flowers","0",NA,"ancestral reconstruction","Lopez-Martinez et al. (2023) | PROTEUS",NA
"4822","Ploiarium alternifolium","ovary position","0",NA,"ancestral reconstruction","Lopez-Martinez et al. (2023) | PROTEUS",NA
"4823","Ploiarium alternifolium","anther orientation","0",NA,"ancestral reconstruction","Lopez-Martinez et al. (2023) | PROTEUS",NA
"4824","Ploiarium alternifolium","anther attachment","0",NA,"ancestral reconstruction","Lopez-Martinez et al. (2023) | PROTEUS",NA
"4825","Ploiarium alternifolium","anther dehiscence","0",NA,"ancestral reconstruction","Lopez-Martinez et al. (2023) | PROTEUS",NA
"4826","Ploiarium alternifolium","fusion of ovaries","1",NA,"ancestral reconstruction","Lopez-Martinez et al. (2023) | PROTEUS",NA
"4827","Plumbago auriculata","no ovules","0",NA,"ancestral reconstruction","Lopez-Martinez et al. (2023) | PROTEUS",NA
"4828","Plumbago auriculata","sex of flowers","0",NA,"ancestral reconstruction","Lopez-Martinez et al. (2023) | PROTEUS",NA
"4829","Plumbago auriculata","ovary position","0",NA,"ancestral reconstruction","Lopez-Martinez et al. (2023) | PROTEUS",NA
"4830","Plumbago auriculata","anther attachment","1",NA,"ancestral reconstruction","Lopez-Martinez et al. (2023) | PROTEUS",NA
"4831","Plumbago auriculata","anther dehiscence","0",NA,"ancestral reconstruction","Lopez-Martinez et al. (2023) | PROTEUS",NA
"4832","Podocalyx loranthoides","sex of flowers","1",NA,"ancestral reconstruction","Lopez-Martinez et al. (2023) | PROTEUS",NA
"4833","Podocalyx loranthoides","anther orientation","2",NA,"ancestral reconstruction","Lopez-Martinez et al. (2023) | PROTEUS",NA
"4834","Podocalyx loranthoides","fusion of ovaries","1",NA,"ancestral reconstruction","Lopez-Martinez et al. (2023) | PROTEUS",NA
"4835","Podophyllum peltatum","no ovules","2",NA,"ancestral reconstruction","Lopez-Martinez et al. (2023) | PROTEUS",NA
"4836","Podophyllum peltatum","sex of flowers","0",NA,"ancestral reconstruction","Lopez-Martinez et al. (2023) | PROTEUS",NA
"4837","Podophyllum peltatum","ovary position","0",NA,"ancestral reconstruction","Lopez-Martinez et al. (2023) | PROTEUS",NA
"4838","Podophyllum peltatum","anther orientation","1&2",NA,"ancestral reconstruction","Lopez-Martinez et al. (2023) | PROTEUS",NA
"4839","Podophyllum peltatum","anther attachment","0",NA,"ancestral reconstruction","Lopez-Martinez et al. (2023) | PROTEUS",NA
"4840","Poeppigia procera","no ovules","2",NA,"ancestral reconstruction","Lopez-Martinez et al. (2023) | PROTEUS",NA
"4841","Poeppigia procera","sex of flowers","0",NA,"ancestral reconstruction","Lopez-Martinez et al. (2023) | PROTEUS",NA
"4842","Poeppigia procera","ovary position","0",NA,"ancestral reconstruction","Lopez-Martinez et al. (2023) | PROTEUS",NA
"4843","Poeppigia procera","anther orientation","0",NA,"ancestral reconstruction","Lopez-Martinez et al. (2023) | PROTEUS",NA
"4844","Poeppigia procera","anther attachment","1",NA,"ancestral reconstruction","Lopez-Martinez et al. (2023) | PROTEUS",NA
"4845","Poeppigia procera","anther dehiscence","0",NA,"ancestral reconstruction","Lopez-Martinez et al. (2023) | PROTEUS",NA
"4846","Pogonia japonica","sex of flowers","0",NA,"ancestral reconstruction","Lopez-Martinez et al. (2023) | PROTEUS",NA
"4847","Pogonia japonica","ovary position","1",NA,"ancestral reconstruction","Lopez-Martinez et al. (2023) | PROTEUS",NA
"4848","Pogonophora schomburgkiana","no ovules","2",NA,"ancestral reconstruction","Lopez-Martinez et al. (2023) | PROTEUS",NA
"4849","Pogonophora schomburgkiana","sex of flowers","0&1",NA,"ancestral reconstruction","Lopez-Martinez et al. (2023) | PROTEUS",NA
"4850","Pogonophora schomburgkiana","ovary position","0",NA,"ancestral reconstruction","Lopez-Martinez et al. (2023) | PROTEUS",NA
"4851","Pogonophora schomburgkiana","anther orientation","0",NA,"ancestral reconstruction","Lopez-Martinez et al. (2023) | PROTEUS",NA
"4852","Pogonophora schomburgkiana","fusion of ovaries","1",NA,"ancestral reconstruction","Lopez-Martinez et al. (2023) | PROTEUS",NA
"4853","Pogostemon cablin","sex of flowers","0",NA,"ancestral reconstruction","Lopez-Martinez et al. (2023) | PROTEUS",NA
"4854","Pogostemon cablin","ovary position","0",NA,"ancestral reconstruction","Lopez-Martinez et al. (2023) | PROTEUS",NA
"4855","Poikilospermum suaveolens","no ovules","0",NA,"ancestral reconstruction","Lopez-Martinez et al. (2023) | PROTEUS",NA
"4856","Poikilospermum suaveolens","sex of flowers","0",NA,"ancestral reconstruction","Lopez-Martinez et al. (2023) | PROTEUS",NA
"4857","Poikilospermum suaveolens","ovary position","0",NA,"ancestral reconstruction","Lopez-Martinez et al. (2023) | PROTEUS",NA
"4858","Poikilospermum suaveolens","anther attachment","1",NA,"ancestral reconstruction","Lopez-Martinez et al. (2023) | PROTEUS",NA
"4859","Pollia thyrsiflora","sex of flowers","0",NA,"ancestral reconstruction","Lopez-Martinez et al. (2023) | PROTEUS",NA
"4860","Pollia thyrsiflora","ovary position","0",NA,"ancestral reconstruction","Lopez-Martinez et al. (2023) | PROTEUS",NA
"4861","Pollia thyrsiflora","anther dehiscence","0",NA,"ancestral reconstruction","Lopez-Martinez et al. (2023) | PROTEUS",NA
"4862","Polyalthia suberosa","no ovules","0&1",NA,"ancestral reconstruction","Lopez-Martinez et al. (2023) | PROTEUS",NA
"4863","Polyalthia suberosa","sex of flowers","0",NA,"ancestral reconstruction","Lopez-Martinez et al. (2023) | PROTEUS",NA
"4864","Polyalthia suberosa","ovary position","0",NA,"ancestral reconstruction","Lopez-Martinez et al. (2023) | PROTEUS",NA
"4865","Polyalthia suberosa","anther dehiscence","0",NA,"ancestral reconstruction","Lopez-Martinez et al. (2023) | PROTEUS",NA
"4866","Polyalthia suberosa","fusion of ovaries","0",NA,"ancestral reconstruction","Lopez-Martinez et al. (2023) | PROTEUS",NA
"4867","Polycarpon tetraphyllum","sex of flowers","0",NA,"ancestral reconstruction","Lopez-Martinez et al. (2023) | PROTEUS",NA
"4868","Polycarpon tetraphyllum","ovary position","0",NA,"ancestral reconstruction","Lopez-Martinez et al. (2023) | PROTEUS",NA
"4869","Polycnemum majus","sex of flowers","0",NA,"ancestral reconstruction","Lopez-Martinez et al. (2023) | PROTEUS",NA
"4870","Polycnemum majus","ovary position","0",NA,"ancestral reconstruction","Lopez-Martinez et al. (2023) | PROTEUS",NA
"4871","Polygala pauciflora","sex of flowers","0",NA,"ancestral reconstruction","Lopez-Martinez et al. (2023) | PROTEUS",NA
"4872","Polygala pauciflora","ovary position","0",NA,"ancestral reconstruction","Lopez-Martinez et al. (2023) | PROTEUS",NA
"4873","Polygala pauciflora","anther orientation","0",NA,"ancestral reconstruction","Lopez-Martinez et al. (2023) | PROTEUS",NA
"4874","Polygala pauciflora","anther dehiscence","0",NA,"ancestral reconstruction","Lopez-Martinez et al. (2023) | PROTEUS",NA
"4875","Polypremum procumbens","sex of flowers","0",NA,"ancestral reconstruction","Lopez-Martinez et al. (2023) | PROTEUS",NA
"4876","Polypremum procumbens","ovary position","1",NA,"ancestral reconstruction","Lopez-Martinez et al. (2023) | PROTEUS",NA
"4877","Polypremum procumbens","anther orientation","0",NA,"ancestral reconstruction","Lopez-Martinez et al. (2023) | PROTEUS",NA
"4878","Polypremum procumbens","anther attachment","1",NA,"ancestral reconstruction","Lopez-Martinez et al. (2023) | PROTEUS",NA
"4879","Polypremum procumbens","anther dehiscence","0",NA,"ancestral reconstruction","Lopez-Martinez et al. (2023) | PROTEUS",NA
"4880","Polypremum procumbens","fusion of ovaries","1",NA,"ancestral reconstruction","Lopez-Martinez et al. (2023) | PROTEUS",NA
"4881","Pontederia cordata","sex of flowers","0",NA,"ancestral reconstruction","Lopez-Martinez et al. (2023) | PROTEUS",NA
"4882","Pontederia cordata","ovary position","0",NA,"ancestral reconstruction","Lopez-Martinez et al. (2023) | PROTEUS",NA
"4883","Pontederia cordata","anther attachment","0",NA,"ancestral reconstruction","Lopez-Martinez et al. (2023) | PROTEUS",NA
"4884","Pontederia cordata","anther dehiscence","0",NA,"ancestral reconstruction","Lopez-Martinez et al. (2023) | PROTEUS",NA
"4885","Populus tremuloides","sex of flowers","1",NA,"ancestral reconstruction","Lopez-Martinez et al. (2023) | PROTEUS",NA
"4886","Populus tremuloides","ovary position","0",NA,"ancestral reconstruction","Lopez-Martinez et al. (2023) | PROTEUS",NA
"4887","Populus tremuloides","fusion of ovaries","1",NA,"ancestral reconstruction","Lopez-Martinez et al. (2023) | PROTEUS",NA
"4888","Portulaca grandiflora","sex of flowers","0",NA,"ancestral reconstruction","Lopez-Martinez et al. (2023) | PROTEUS",NA
"4889","Portulaca grandiflora","ovary position","1",NA,"ancestral reconstruction","Lopez-Martinez et al. (2023) | PROTEUS",NA
"4890","Portulaca grandiflora","fusion of ovaries","1",NA,"ancestral reconstruction","Lopez-Martinez et al. (2023) | PROTEUS",NA
"4891","Portulaca quadrifida","sex of flowers","0",NA,"ancestral reconstruction","Lopez-Martinez et al. (2023) | PROTEUS",NA
"4892","Portulaca quadrifida","ovary position","1",NA,"ancestral reconstruction","Lopez-Martinez et al. (2023) | PROTEUS",NA
"4893","Portulaca quadrifida","anther dehiscence","0",NA,"ancestral reconstruction","Lopez-Martinez et al. (2023) | PROTEUS",NA
"4894","Portulaca quadrifida","fusion of ovaries","1",NA,"ancestral reconstruction","Lopez-Martinez et al. (2023) | PROTEUS",NA
"4895","Portulacaria afra","sex of flowers","0",NA,"ancestral reconstruction","Lopez-Martinez et al. (2023) | PROTEUS",NA
"4896","Posidonia australis","no ovules","0",NA,"ancestral reconstruction","Lopez-Martinez et al. (2023) | PROTEUS",NA
"4897","Posidonia australis","sex of flowers","0",NA,"ancestral reconstruction","Lopez-Martinez et al. (2023) | PROTEUS",NA
"4898","Posidonia australis","ovary position","0",NA,"ancestral reconstruction","Lopez-Martinez et al. (2023) | PROTEUS",NA
"4899","Posidonia australis","anther orientation","2",NA,"ancestral reconstruction","Lopez-Martinez et al. (2023) | PROTEUS",NA
"4900","Posidonia australis","anther dehiscence","0",NA,"ancestral reconstruction","Lopez-Martinez et al. (2023) | PROTEUS",NA
"4901","Posidonia oceanica","no ovules","0",NA,"ancestral reconstruction","Lopez-Martinez et al. (2023) | PROTEUS",NA
"4902","Posidonia oceanica","sex of flowers","0&1",NA,"ancestral reconstruction","Lopez-Martinez et al. (2023) | PROTEUS",NA
"4903","Posidonia oceanica","anther orientation","2",NA,"ancestral reconstruction","Lopez-Martinez et al. (2023) | PROTEUS",NA
"4904","Posoqueria latifolia","sex of flowers","0",NA,"ancestral reconstruction","Lopez-Martinez et al. (2023) | PROTEUS",NA
"4905","Posoqueria latifolia","ovary position","1",NA,"ancestral reconstruction","Lopez-Martinez et al. (2023) | PROTEUS",NA
"4906","Posoqueria latifolia","anther orientation","0",NA,"ancestral reconstruction","Lopez-Martinez et al. (2023) | PROTEUS",NA
"4907","Posoqueria latifolia","anther attachment","0",NA,"ancestral reconstruction","Lopez-Martinez et al. (2023) | PROTEUS",NA
"4908","Posoqueria latifolia","anther dehiscence","0",NA,"ancestral reconstruction","Lopez-Martinez et al. (2023) | PROTEUS",NA
"4909","Posoqueria latifolia","fusion of ovaries","1",NA,"ancestral reconstruction","Lopez-Martinez et al. (2023) | PROTEUS",NA
"4910","Potamogeton berchtoldii","no ovules","0",NA,"ancestral reconstruction","Lopez-Martinez et al. (2023) | PROTEUS",NA
"4911","Potamogeton berchtoldii","sex of flowers","1",NA,"ancestral reconstruction","Lopez-Martinez et al. (2023) | PROTEUS",NA
"4912","Potamogeton berchtoldii","anther orientation","2",NA,"ancestral reconstruction","Lopez-Martinez et al. (2023) | PROTEUS",NA
"4913","Potamogeton berchtoldii","anther dehiscence","0",NA,"ancestral reconstruction","Lopez-Martinez et al. (2023) | PROTEUS",NA
"4914","Potamogeton berchtoldii","fusion of ovaries","0",NA,"ancestral reconstruction","Lopez-Martinez et al. (2023) | PROTEUS",NA
"4915","Potentilla indica","no ovules","0",NA,"ancestral reconstruction","Lopez-Martinez et al. (2023) | PROTEUS",NA
"4916","Potentilla indica","sex of flowers","0",NA,"ancestral reconstruction","Lopez-Martinez et al. (2023) | PROTEUS",NA
"4917","Potentilla indica","ovary position","0",NA,"ancestral reconstruction","Lopez-Martinez et al. (2023) | PROTEUS",NA
"4918","Potentilla indica","anther dehiscence","0",NA,"ancestral reconstruction","Lopez-Martinez et al. (2023) | PROTEUS",NA
"4919","Potentilla indica","fusion of ovaries","0",NA,"ancestral reconstruction","Lopez-Martinez et al. (2023) | PROTEUS",NA
"4920","Pothoidium lobbianum","no ovules","0",NA,"ancestral reconstruction","Lopez-Martinez et al. (2023) | PROTEUS",NA
"4921","Pothoidium lobbianum","sex of flowers","0&1",NA,"ancestral reconstruction","Lopez-Martinez et al. (2023) | PROTEUS",NA
"4922","Pothoidium lobbianum","ovary position","0",NA,"ancestral reconstruction","Lopez-Martinez et al. (2023) | PROTEUS",NA
"4923","Pothoidium lobbianum","anther orientation","2",NA,"ancestral reconstruction","Lopez-Martinez et al. (2023) | PROTEUS",NA
"4924","Pothoidium lobbianum","anther attachment","0",NA,"ancestral reconstruction","Lopez-Martinez et al. (2023) | PROTEUS",NA
"4925","Pothoidium lobbianum","anther dehiscence","0",NA,"ancestral reconstruction","Lopez-Martinez et al. (2023) | PROTEUS",NA
"4926","Premna microphylla","sex of flowers","0",NA,"ancestral reconstruction","Lopez-Martinez et al. (2023) | PROTEUS",NA
"4927","Premna microphylla","ovary position","0",NA,"ancestral reconstruction","Lopez-Martinez et al. (2023) | PROTEUS",NA
"4928","Premna microphylla","fusion of ovaries","1",NA,"ancestral reconstruction","Lopez-Martinez et al. (2023) | PROTEUS",NA
"4929","Primula sieboldii","sex of flowers","0",NA,"ancestral reconstruction","Lopez-Martinez et al. (2023) | PROTEUS",NA
"4930","Primula sieboldii","ovary position","0",NA,"ancestral reconstruction","Lopez-Martinez et al. (2023) | PROTEUS",NA
"4931","Primula sieboldii","anther orientation","0",NA,"ancestral reconstruction","Lopez-Martinez et al. (2023) | PROTEUS",NA
"4932","Primula sieboldii","anther dehiscence","0",NA,"ancestral reconstruction","Lopez-Martinez et al. (2023) | PROTEUS",NA
"4933","Primula sieboldii","fusion of ovaries","1",NA,"ancestral reconstruction","Lopez-Martinez et al. (2023) | PROTEUS",NA
"4934","Prionium serratum","sex of flowers","0",NA,"ancestral reconstruction","Lopez-Martinez et al. (2023) | PROTEUS",NA
"4935","Prionium serratum","ovary position","0",NA,"ancestral reconstruction","Lopez-Martinez et al. (2023) | PROTEUS",NA
"4936","Prionium serratum","anther attachment","0",NA,"ancestral reconstruction","Lopez-Martinez et al. (2023) | PROTEUS",NA
"4937","Prionium serratum","fusion of ovaries","1",NA,"ancestral reconstruction","Lopez-Martinez et al. (2023) | PROTEUS",NA
"4938","Prionotes cerinthoides","sex of flowers","0",NA,"ancestral reconstruction","Lopez-Martinez et al. (2023) | PROTEUS",NA
"4939","Prionotes cerinthoides","ovary position","0",NA,"ancestral reconstruction","Lopez-Martinez et al. (2023) | PROTEUS",NA
"4940","Prionotes cerinthoides","anther dehiscence","0",NA,"ancestral reconstruction","Lopez-Martinez et al. (2023) | PROTEUS",NA
"4941","Prionotes cerinthoides","fusion of ovaries","1",NA,"ancestral reconstruction","Lopez-Martinez et al. (2023) | PROTEUS",NA
"4942","Prostanthera calycina","no ovules","1",NA,"ancestral reconstruction","Lopez-Martinez et al. (2023) | PROTEUS",NA
"4943","Prostanthera calycina","sex of flowers","0",NA,"ancestral reconstruction","Lopez-Martinez et al. (2023) | PROTEUS",NA
"4944","Prostanthera calycina","ovary position","0",NA,"ancestral reconstruction","Lopez-Martinez et al. (2023) | PROTEUS",NA
"4945","Prostanthera calycina","anther orientation","0",NA,"ancestral reconstruction","Lopez-Martinez et al. (2023) | PROTEUS",NA
"4946","Prostanthera calycina","anther attachment","0",NA,"ancestral reconstruction","Lopez-Martinez et al. (2023) | PROTEUS",NA
"4947","Prostanthera calycina","anther dehiscence","0",NA,"ancestral reconstruction","Lopez-Martinez et al. (2023) | PROTEUS",NA
"4948","Prostanthera calycina","fusion of ovaries","1",NA,"ancestral reconstruction","Lopez-Martinez et al. (2023) | PROTEUS",NA
"4949","Prunus persica","no ovules","1",NA,"ancestral reconstruction","Lopez-Martinez et al. (2023) | PROTEUS",NA
"4950","Prunus persica","sex of flowers","0",NA,"ancestral reconstruction","Lopez-Martinez et al. (2023) | PROTEUS",NA
"4951","Prunus persica","ovary position","0",NA,"ancestral reconstruction","Lopez-Martinez et al. (2023) | PROTEUS",NA
"4952","Prunus persica","anther attachment","1",NA,"ancestral reconstruction","Lopez-Martinez et al. (2023) | PROTEUS",NA
"4953","Pseudonemacladus oppositifolius","no ovules","1&2",NA,"ancestral reconstruction","Lopez-Martinez et al. (2023) | PROTEUS",NA
"4954","Pseudonemacladus oppositifolius","sex of flowers","0",NA,"ancestral reconstruction","Lopez-Martinez et al. (2023) | PROTEUS",NA
"4955","Pseudonemacladus oppositifolius","ovary position","1",NA,"ancestral reconstruction","Lopez-Martinez et al. (2023) | PROTEUS",NA
"4956","Pseudonemacladus oppositifolius","anther orientation","0",NA,"ancestral reconstruction","Lopez-Martinez et al. (2023) | PROTEUS",NA
"4957","Pseudonemacladus oppositifolius","fusion of ovaries","1",NA,"ancestral reconstruction","Lopez-Martinez et al. (2023) | PROTEUS",NA
"4958","Pseudophoenix vinifera","no ovules","0",NA,"ancestral reconstruction","Lopez-Martinez et al. (2023) | PROTEUS",NA
"4959","Pseudophoenix vinifera","sex of flowers","0",NA,"ancestral reconstruction","Lopez-Martinez et al. (2023) | PROTEUS",NA
"4960","Pseudophoenix vinifera","ovary position","0",NA,"ancestral reconstruction","Lopez-Martinez et al. (2023) | PROTEUS",NA
"4961","Pseudophoenix vinifera","anther orientation","1",NA,"ancestral reconstruction","Lopez-Martinez et al. (2023) | PROTEUS",NA
"4962","Pseudophoenix vinifera","fusion of ovaries","1",NA,"ancestral reconstruction","Lopez-Martinez et al. (2023) | PROTEUS",NA
"4963","Psilocaulon parviflorum","sex of flowers","0",NA,"ancestral reconstruction","Lopez-Martinez et al. (2023) | PROTEUS",NA
"4964","Psilocaulon parviflorum","ovary position","1",NA,"ancestral reconstruction","Lopez-Martinez et al. (2023) | PROTEUS",NA
"4965","Psilocaulon parviflorum","anther dehiscence","0",NA,"ancestral reconstruction","Lopez-Martinez et al. (2023) | PROTEUS",NA
"4966","Psilocaulon parviflorum","fusion of ovaries","1",NA,"ancestral reconstruction","Lopez-Martinez et al. (2023) | PROTEUS",NA
"4967","Psiloxylon mauritianum","sex of flowers","0",NA,"ancestral reconstruction","Lopez-Martinez et al. (2023) | PROTEUS",NA
"4968","Psiloxylon mauritianum","ovary position","0",NA,"ancestral reconstruction","Lopez-Martinez et al. (2023) | PROTEUS",NA
"4969","Psiloxylon mauritianum","fusion of ovaries","1",NA,"ancestral reconstruction","Lopez-Martinez et al. (2023) | PROTEUS",NA
"4970","Pternandra coerulescens","no ovules","2",NA,"ancestral reconstruction","Lopez-Martinez et al. (2023) | PROTEUS",NA
"4971","Pternandra coerulescens","sex of flowers","0",NA,"ancestral reconstruction","Lopez-Martinez et al. (2023) | PROTEUS",NA
"4972","Pternandra coerulescens","anther attachment","0",NA,"ancestral reconstruction","Lopez-Martinez et al. (2023) | PROTEUS",NA
"4973","Pternandra coerulescens","anther dehiscence","0",NA,"ancestral reconstruction","Lopez-Martinez et al. (2023) | PROTEUS",NA
"4974","Pternandra coerulescens","fusion of ovaries","1",NA,"ancestral reconstruction","Lopez-Martinez et al. (2023) | PROTEUS",NA
"4975","Pterospermum celebicum","no ovules","2",NA,"ancestral reconstruction","Lopez-Martinez et al. (2023) | PROTEUS",NA
"4976","Pterospermum celebicum","sex of flowers","0",NA,"ancestral reconstruction","Lopez-Martinez et al. (2023) | PROTEUS",NA
"4977","Pterospermum celebicum","fusion of ovaries","1",NA,"ancestral reconstruction","Lopez-Martinez et al. (2023) | PROTEUS",NA
"4978","Pterospora andromedea","sex of flowers","0",NA,"ancestral reconstruction","Lopez-Martinez et al. (2023) | PROTEUS",NA
"4979","Pterospora andromedea","ovary position","0",NA,"ancestral reconstruction","Lopez-Martinez et al. (2023) | PROTEUS",NA
"4980","Pterospora andromedea","anther orientation","0",NA,"ancestral reconstruction","Lopez-Martinez et al. (2023) | PROTEUS",NA
"4981","Pterospora andromedea","anther dehiscence","0",NA,"ancestral reconstruction","Lopez-Martinez et al. (2023) | PROTEUS",NA
"4982","Pterospora andromedea","fusion of ovaries","1",NA,"ancestral reconstruction","Lopez-Martinez et al. (2023) | PROTEUS",NA
"4983","Pterostemon rotundifolius","no ovules","2",NA,"ancestral reconstruction","Lopez-Martinez et al. (2023) | PROTEUS",NA
"4984","Pterostemon rotundifolius","sex of flowers","0",NA,"ancestral reconstruction","Lopez-Martinez et al. (2023) | PROTEUS",NA
"4985","Pterostemon rotundifolius","ovary position","1",NA,"ancestral reconstruction","Lopez-Martinez et al. (2023) | PROTEUS",NA
"4986","Pterostemon rotundifolius","anther orientation","0",NA,"ancestral reconstruction","Lopez-Martinez et al. (2023) | PROTEUS",NA
"4987","Pterostemon rotundifolius","anther attachment","1",NA,"ancestral reconstruction","Lopez-Martinez et al. (2023) | PROTEUS",NA
"4988","Pterostemon rotundifolius","fusion of ovaries","1",NA,"ancestral reconstruction","Lopez-Martinez et al. (2023) | PROTEUS",NA
"4989","Pterygiella duclouxii","ovary position","0",NA,"ancestral reconstruction","Lopez-Martinez et al. (2023) | PROTEUS",NA
"4990","Pterygiella duclouxii","anther attachment","1",NA,"ancestral reconstruction","Lopez-Martinez et al. (2023) | PROTEUS",NA
"4991","Pterygiella duclouxii","anther dehiscence","0",NA,"ancestral reconstruction","Lopez-Martinez et al. (2023) | PROTEUS",NA
"4992","Ptychopetalum petiolatum","no ovules","1",NA,"ancestral reconstruction","Lopez-Martinez et al. (2023) | PROTEUS",NA
"4993","Ptychopetalum petiolatum","sex of flowers","0",NA,"ancestral reconstruction","Lopez-Martinez et al. (2023) | PROTEUS",NA
"4994","Ptychopetalum petiolatum","ovary position","0",NA,"ancestral reconstruction","Lopez-Martinez et al. (2023) | PROTEUS",NA
"4995","Puelia ciliata","sex of flowers","1",NA,"ancestral reconstruction","Lopez-Martinez et al. (2023) | PROTEUS",NA
"4996","Puelia ciliata","ovary position","0",NA,"ancestral reconstruction","Lopez-Martinez et al. (2023) | PROTEUS",NA
"4997","Puelia olyriformis","no ovules","0",NA,"ancestral reconstruction","Lopez-Martinez et al. (2023) | PROTEUS",NA
"4998","Puelia olyriformis","sex of flowers","0&1",NA,"ancestral reconstruction","Lopez-Martinez et al. (2023) | PROTEUS",NA
"4999","Puelia olyriformis","ovary position","0",NA,"ancestral reconstruction","Lopez-Martinez et al. (2023) | PROTEUS",NA
"5000","Puelia olyriformis","anther orientation","2",NA,"ancestral reconstruction","Lopez-Martinez et al. (2023) | PROTEUS",NA
"5001","Puelia olyriformis","anther dehiscence","0",NA,"ancestral reconstruction","Lopez-Martinez et al. (2023) | PROTEUS",NA
"5002","Punica granatum","no ovules","2",NA,"ancestral reconstruction","Lopez-Martinez et al. (2023) | PROTEUS",NA
"5003","Punica granatum","sex of flowers","0",NA,"ancestral reconstruction","Lopez-Martinez et al. (2023) | PROTEUS",NA
"5004","Punica granatum","ovary position","1",NA,"ancestral reconstruction","Lopez-Martinez et al. (2023) | PROTEUS",NA
"5005","Punica granatum","anther attachment","1",NA,"ancestral reconstruction","Lopez-Martinez et al. (2023) | PROTEUS",NA
"5006","Punica granatum","anther dehiscence","0",NA,"ancestral reconstruction","Lopez-Martinez et al. (2023) | PROTEUS",NA
"5007","Purdiaea nutans","no ovules","0",NA,"ancestral reconstruction","Lopez-Martinez et al. (2023) | PROTEUS",NA
"5008","Purdiaea nutans","sex of flowers","0",NA,"ancestral reconstruction","Lopez-Martinez et al. (2023) | PROTEUS",NA
"5009","Purdiaea nutans","ovary position","0",NA,"ancestral reconstruction","Lopez-Martinez et al. (2023) | PROTEUS",NA
"5010","Purdiaea nutans","anther orientation","0",NA,"ancestral reconstruction","Lopez-Martinez et al. (2023) | PROTEUS",NA
"5011","Purdiaea nutans","anther dehiscence","0",NA,"ancestral reconstruction","Lopez-Martinez et al. (2023) | PROTEUS",NA
"5012","Purdiaea nutans","fusion of ovaries","1",NA,"ancestral reconstruction","Lopez-Martinez et al. (2023) | PROTEUS",NA
"5013","Putranjiva roxburghii","no ovules","1",NA,"ancestral reconstruction","Lopez-Martinez et al. (2023) | PROTEUS",NA
"5014","Putranjiva roxburghii","sex of flowers","1",NA,"ancestral reconstruction","Lopez-Martinez et al. (2023) | PROTEUS",NA
"5015","Putranjiva roxburghii","ovary position","0",NA,"ancestral reconstruction","Lopez-Martinez et al. (2023) | PROTEUS",NA
"5016","Putranjiva roxburghii","anther orientation","2",NA,"ancestral reconstruction","Lopez-Martinez et al. (2023) | PROTEUS",NA
"5017","Putranjiva roxburghii","anther attachment","0",NA,"ancestral reconstruction","Lopez-Martinez et al. (2023) | PROTEUS",NA
"5018","Putranjiva roxburghii","anther dehiscence","0",NA,"ancestral reconstruction","Lopez-Martinez et al. (2023) | PROTEUS",NA
"5019","Putranjiva roxburghii","fusion of ovaries","1",NA,"ancestral reconstruction","Lopez-Martinez et al. (2023) | PROTEUS",NA
"5020","Putranjiva zeylanica","no ovules","1",NA,"ancestral reconstruction","Lopez-Martinez et al. (2023) | PROTEUS",NA
"5021","Putranjiva zeylanica","sex of flowers","1",NA,"ancestral reconstruction","Lopez-Martinez et al. (2023) | PROTEUS",NA
"5022","Putranjiva zeylanica","ovary position","0",NA,"ancestral reconstruction","Lopez-Martinez et al. (2023) | PROTEUS",NA
"5023","Putranjiva zeylanica","anther orientation","2",NA,"ancestral reconstruction","Lopez-Martinez et al. (2023) | PROTEUS",NA
"5024","Putranjiva zeylanica","anther attachment","1",NA,"ancestral reconstruction","Lopez-Martinez et al. (2023) | PROTEUS",NA
"5025","Putranjiva zeylanica","anther dehiscence","0",NA,"ancestral reconstruction","Lopez-Martinez et al. (2023) | PROTEUS",NA
"5026","Putranjiva zeylanica","fusion of ovaries","1",NA,"ancestral reconstruction","Lopez-Martinez et al. (2023) | PROTEUS",NA
"5027","Puya chilensis","sex of flowers","0",NA,"ancestral reconstruction","Lopez-Martinez et al. (2023) | PROTEUS",NA
"5028","Puya chilensis","ovary position","0",NA,"ancestral reconstruction","Lopez-Martinez et al. (2023) | PROTEUS",NA
"5029","Puya chilensis","anther attachment","1",NA,"ancestral reconstruction","Lopez-Martinez et al. (2023) | PROTEUS",NA
"5030","Puya chilensis","anther dehiscence","0",NA,"ancestral reconstruction","Lopez-Martinez et al. (2023) | PROTEUS",NA
"5031","Puya raimondii","sex of flowers","0",NA,"ancestral reconstruction","Lopez-Martinez et al. (2023) | PROTEUS",NA
"5032","Puya raimondii","ovary position","0&1",NA,"ancestral reconstruction","Lopez-Martinez et al. (2023) | PROTEUS",NA
"5033","Pyrola rotundifolia","no ovules","2",NA,"ancestral reconstruction","Lopez-Martinez et al. (2023) | PROTEUS",NA
"5034","Pyrola rotundifolia","sex of flowers","0",NA,"ancestral reconstruction","Lopez-Martinez et al. (2023) | PROTEUS",NA
"5035","Pyrola rotundifolia","ovary position","0",NA,"ancestral reconstruction","Lopez-Martinez et al. (2023) | PROTEUS",NA
"5036","Pyrola rotundifolia","anther orientation","0",NA,"ancestral reconstruction","Lopez-Martinez et al. (2023) | PROTEUS",NA
"5037","Pyrola rotundifolia","anther dehiscence","0",NA,"ancestral reconstruction","Lopez-Martinez et al. (2023) | PROTEUS",NA
"5038","Pyrola rotundifolia","fusion of ovaries","1",NA,"ancestral reconstruction","Lopez-Martinez et al. (2023) | PROTEUS",NA
"5039","Qualea grandiflora","no ovules","2",NA,"ancestral reconstruction","Lopez-Martinez et al. (2023) | PROTEUS",NA
"5040","Qualea grandiflora","sex of flowers","0",NA,"ancestral reconstruction","Lopez-Martinez et al. (2023) | PROTEUS",NA
"5041","Qualea grandiflora","ovary position","0",NA,"ancestral reconstruction","Lopez-Martinez et al. (2023) | PROTEUS",NA
"5042","Qualea grandiflora","anther orientation","0",NA,"ancestral reconstruction","Lopez-Martinez et al. (2023) | PROTEUS",NA
"5043","Qualea grandiflora","anther attachment","1",NA,"ancestral reconstruction","Lopez-Martinez et al. (2023) | PROTEUS",NA
"5044","Qualea grandiflora","fusion of ovaries","1",NA,"ancestral reconstruction","Lopez-Martinez et al. (2023) | PROTEUS",NA
"5045","Quercus rubra","no ovules","1",NA,"ancestral reconstruction","Lopez-Martinez et al. (2023) | PROTEUS",NA
"5046","Quercus rubra","sex of flowers","1",NA,"ancestral reconstruction","Lopez-Martinez et al. (2023) | PROTEUS",NA
"5047","Quercus rubra","ovary position","1",NA,"ancestral reconstruction","Lopez-Martinez et al. (2023) | PROTEUS",NA
"5048","Quercus rubra","anther dehiscence","0",NA,"ancestral reconstruction","Lopez-Martinez et al. (2023) | PROTEUS",NA
"5049","Quiina pteridophylla","ovary position","0",NA,"ancestral reconstruction","Lopez-Martinez et al. (2023) | PROTEUS",NA
"5050","Quiina pteridophylla","anther attachment","0",NA,"ancestral reconstruction","Lopez-Martinez et al. (2023) | PROTEUS",NA
"5051","Quiina pteridophylla","anther dehiscence","0",NA,"ancestral reconstruction","Lopez-Martinez et al. (2023) | PROTEUS",NA
"5052","Quillaja saponaria","no ovules","2",NA,"ancestral reconstruction","Lopez-Martinez et al. (2023) | PROTEUS",NA
"5053","Quillaja saponaria","sex of flowers","0&1",NA,"ancestral reconstruction","Lopez-Martinez et al. (2023) | PROTEUS",NA
"5054","Quillaja saponaria","ovary position","0",NA,"ancestral reconstruction","Lopez-Martinez et al. (2023) | PROTEUS",NA
"5055","Quillaja saponaria","anther orientation","0",NA,"ancestral reconstruction","Lopez-Martinez et al. (2023) | PROTEUS",NA
"5056","Quillaja saponaria","anther attachment","1",NA,"ancestral reconstruction","Lopez-Martinez et al. (2023) | PROTEUS",NA
"5057","Quillaja saponaria","fusion of ovaries","0",NA,"ancestral reconstruction","Lopez-Martinez et al. (2023) | PROTEUS",NA
"5058","Quinchamalium chilense","no ovules","0",NA,"ancestral reconstruction","Lopez-Martinez et al. (2023) | PROTEUS",NA
"5059","Quinchamalium chilense","sex of flowers","0",NA,"ancestral reconstruction","Lopez-Martinez et al. (2023) | PROTEUS",NA
"5060","Quinchamalium chilense","ovary position","1",NA,"ancestral reconstruction","Lopez-Martinez et al. (2023) | PROTEUS",NA
"5061","Quinchamalium chilense","anther orientation","0",NA,"ancestral reconstruction","Lopez-Martinez et al. (2023) | PROTEUS",NA
"5062","Quinchamalium chilense","anther attachment","0",NA,"ancestral reconstruction","Lopez-Martinez et al. (2023) | PROTEUS",NA
"5063","Quinchamalium chilense","anther dehiscence","0",NA,"ancestral reconstruction","Lopez-Martinez et al. (2023) | PROTEUS",NA
"5064","Quintinia verdonii","no ovules","2",NA,"ancestral reconstruction","Lopez-Martinez et al. (2023) | PROTEUS",NA
"5065","Quintinia verdonii","sex of flowers","0",NA,"ancestral reconstruction","Lopez-Martinez et al. (2023) | PROTEUS",NA
"5066","Quintinia verdonii","ovary position","1",NA,"ancestral reconstruction","Lopez-Martinez et al. (2023) | PROTEUS",NA
"5067","Quintinia verdonii","anther orientation","0",NA,"ancestral reconstruction","Lopez-Martinez et al. (2023) | PROTEUS",NA
"5068","Quintinia verdonii","anther attachment","1",NA,"ancestral reconstruction","Lopez-Martinez et al. (2023) | PROTEUS",NA
"5069","Quintinia verdonii","fusion of ovaries","1",NA,"ancestral reconstruction","Lopez-Martinez et al. (2023) | PROTEUS",NA
"5070","Rafflesia keithii","sex of flowers","1",NA,"ancestral reconstruction","Lopez-Martinez et al. (2023) | PROTEUS",NA
"5071","Rafflesia keithii","ovary position","1",NA,"ancestral reconstruction","Lopez-Martinez et al. (2023) | PROTEUS",NA
"5072","Ranunculus acris","no ovules","0",NA,"ancestral reconstruction","Lopez-Martinez et al. (2023) | PROTEUS",NA
"5073","Ranunculus acris","sex of flowers","0",NA,"ancestral reconstruction","Lopez-Martinez et al. (2023) | PROTEUS",NA
"5074","Ranunculus acris","ovary position","0",NA,"ancestral reconstruction","Lopez-Martinez et al. (2023) | PROTEUS",NA
"5075","Ranunculus acris","anther orientation","2",NA,"ancestral reconstruction","Lopez-Martinez et al. (2023) | PROTEUS",NA
"5076","Ranunculus acris","anther attachment","0",NA,"ancestral reconstruction","Lopez-Martinez et al. (2023) | PROTEUS",NA
"5077","Ranunculus acris","anther dehiscence","0",NA,"ancestral reconstruction","Lopez-Martinez et al. (2023) | PROTEUS",NA
"5078","Ranunculus acris","fusion of ovaries","0",NA,"ancestral reconstruction","Lopez-Martinez et al. (2023) | PROTEUS",NA
"5079","Rapatea paludosa","no ovules","0",NA,"ancestral reconstruction","Lopez-Martinez et al. (2023) | PROTEUS",NA
"5080","Rapatea paludosa","sex of flowers","0",NA,"ancestral reconstruction","Lopez-Martinez et al. (2023) | PROTEUS",NA
"5081","Rapatea paludosa","anther orientation","0",NA,"ancestral reconstruction","Lopez-Martinez et al. (2023) | PROTEUS",NA
"5082","Rapatea paludosa","anther attachment","0",NA,"ancestral reconstruction","Lopez-Martinez et al. (2023) | PROTEUS",NA
"5083","Rapatea paludosa","fusion of ovaries","1",NA,"ancestral reconstruction","Lopez-Martinez et al. (2023) | PROTEUS",NA
"5084","Ravenala madagascariensis","no ovules","2",NA,"ancestral reconstruction","Lopez-Martinez et al. (2023) | PROTEUS",NA
"5085","Ravenala madagascariensis","sex of flowers","0",NA,"ancestral reconstruction","Lopez-Martinez et al. (2023) | PROTEUS",NA
"5086","Ravenala madagascariensis","ovary position","1",NA,"ancestral reconstruction","Lopez-Martinez et al. (2023) | PROTEUS",NA
"5087","Ravenala madagascariensis","anther attachment","0",NA,"ancestral reconstruction","Lopez-Martinez et al. (2023) | PROTEUS",NA
"5088","Ravenala madagascariensis","anther dehiscence","0",NA,"ancestral reconstruction","Lopez-Martinez et al. (2023) | PROTEUS",NA
"5089","Ravenala madagascariensis","fusion of ovaries","1",NA,"ancestral reconstruction","Lopez-Martinez et al. (2023) | PROTEUS",NA
"5090","Reaumuria soongarica","sex of flowers","0",NA,"ancestral reconstruction","Lopez-Martinez et al. (2023) | PROTEUS",NA
"5091","Reaumuria soongarica","ovary position","0",NA,"ancestral reconstruction","Lopez-Martinez et al. (2023) | PROTEUS",NA
"5092","Reaumuria soongarica","anther dehiscence","0",NA,"ancestral reconstruction","Lopez-Martinez et al. (2023) | PROTEUS",NA
"5093","Reevesia thyrsoidea","no ovules","1",NA,"ancestral reconstruction","Lopez-Martinez et al. (2023) | PROTEUS",NA
"5094","Reevesia thyrsoidea","sex of flowers","0",NA,"ancestral reconstruction","Lopez-Martinez et al. (2023) | PROTEUS",NA
"5095","Reevesia thyrsoidea","ovary position","0",NA,"ancestral reconstruction","Lopez-Martinez et al. (2023) | PROTEUS",NA
"5096","Reevesia thyrsoidea","anther orientation","2",NA,"ancestral reconstruction","Lopez-Martinez et al. (2023) | PROTEUS",NA
"5097","Reevesia thyrsoidea","anther attachment","1",NA,"ancestral reconstruction","Lopez-Martinez et al. (2023) | PROTEUS",NA
"5098","Reevesia thyrsoidea","anther dehiscence","0",NA,"ancestral reconstruction","Lopez-Martinez et al. (2023) | PROTEUS",NA
"5099","Reevesia thyrsoidea","fusion of ovaries","1",NA,"ancestral reconstruction","Lopez-Martinez et al. (2023) | PROTEUS",NA
"5100","Rehmannia glutinosa","sex of flowers","0",NA,"ancestral reconstruction","Lopez-Martinez et al. (2023) | PROTEUS",NA
"5101","Reichenbachia hirsuta","no ovules","0",NA,"ancestral reconstruction","Lopez-Martinez et al. (2023) | PROTEUS",NA
"5102","Reichenbachia hirsuta","sex of flowers","0",NA,"ancestral reconstruction","Lopez-Martinez et al. (2023) | PROTEUS",NA
"5103","Reichenbachia hirsuta","ovary position","0",NA,"ancestral reconstruction","Lopez-Martinez et al. (2023) | PROTEUS",NA
"5104","Reichenbachia hirsuta","anther orientation","0",NA,"ancestral reconstruction","Lopez-Martinez et al. (2023) | PROTEUS",NA
"5105","Reichenbachia hirsuta","anther dehiscence","0",NA,"ancestral reconstruction","Lopez-Martinez et al. (2023) | PROTEUS",NA
"5106","Renealmia alpinia","sex of flowers","0",NA,"ancestral reconstruction","Lopez-Martinez et al. (2023) | PROTEUS",NA
"5107","Renealmia alpinia","ovary position","1",NA,"ancestral reconstruction","Lopez-Martinez et al. (2023) | PROTEUS",NA
"5108","Renealmia alpinia","anther attachment","1",NA,"ancestral reconstruction","Lopez-Martinez et al. (2023) | PROTEUS",NA
"5109","Renealmia alpinia","fusion of ovaries","1",NA,"ancestral reconstruction","Lopez-Martinez et al. (2023) | PROTEUS",NA
"5110","Reseda alba","ovary position","0",NA,"ancestral reconstruction","Lopez-Martinez et al. (2023) | PROTEUS",NA
"5111","Reseda alba","fusion of ovaries","1",NA,"ancestral reconstruction","Lopez-Martinez et al. (2023) | PROTEUS",NA
"5112","Reynoutria sachalinensis","ovary position","0",NA,"ancestral reconstruction","Lopez-Martinez et al. (2023) | PROTEUS",NA
"5113","Rhabdodendron amazonicum","no ovules","0",NA,"ancestral reconstruction","Lopez-Martinez et al. (2023) | PROTEUS",NA
"5114","Rhabdodendron amazonicum","sex of flowers","0",NA,"ancestral reconstruction","Lopez-Martinez et al. (2023) | PROTEUS",NA
"5115","Rhabdodendron amazonicum","ovary position","0",NA,"ancestral reconstruction","Lopez-Martinez et al. (2023) | PROTEUS",NA
"5116","Rhabdodendron amazonicum","anther attachment","0",NA,"ancestral reconstruction","Lopez-Martinez et al. (2023) | PROTEUS",NA
"5117","Rhabdodendron amazonicum","anther dehiscence","0",NA,"ancestral reconstruction","Lopez-Martinez et al. (2023) | PROTEUS",NA
"5118","Rhabdodendron macrophyllum","no ovules","1",NA,"ancestral reconstruction","Lopez-Martinez et al. (2023) | PROTEUS",NA
"5119","Rhabdodendron macrophyllum","sex of flowers","0",NA,"ancestral reconstruction","Lopez-Martinez et al. (2023) | PROTEUS",NA
"5120","Rhabdodendron macrophyllum","ovary position","0",NA,"ancestral reconstruction","Lopez-Martinez et al. (2023) | PROTEUS",NA
"5121","Rhabdodendron macrophyllum","anther attachment","0",NA,"ancestral reconstruction","Lopez-Martinez et al. (2023) | PROTEUS",NA
"5122","Rhabdodendron macrophyllum","anther dehiscence","0",NA,"ancestral reconstruction","Lopez-Martinez et al. (2023) | PROTEUS",NA
"5123","Rhamnus cathartica","no ovules","0",NA,"ancestral reconstruction","Lopez-Martinez et al. (2023) | PROTEUS",NA
"5124","Rhamnus cathartica","sex of flowers","0",NA,"ancestral reconstruction","Lopez-Martinez et al. (2023) | PROTEUS",NA
"5125","Rhamnus cathartica","ovary position","0",NA,"ancestral reconstruction","Lopez-Martinez et al. (2023) | PROTEUS",NA
"5126","Rhamnus cathartica","anther orientation","0",NA,"ancestral reconstruction","Lopez-Martinez et al. (2023) | PROTEUS",NA
"5127","Rhamnus cathartica","anther attachment","1",NA,"ancestral reconstruction","Lopez-Martinez et al. (2023) | PROTEUS",NA
"5128","Rhamnus cathartica","anther dehiscence","0",NA,"ancestral reconstruction","Lopez-Martinez et al. (2023) | PROTEUS",NA
"5129","Rhamnus cathartica","fusion of ovaries","1",NA,"ancestral reconstruction","Lopez-Martinez et al. (2023) | PROTEUS",NA
"5130","Rhizanthes lowii","no ovules","2",NA,"ancestral reconstruction","Lopez-Martinez et al. (2023) | PROTEUS",NA
"5131","Rhizanthes lowii","sex of flowers","0",NA,"ancestral reconstruction","Lopez-Martinez et al. (2023) | PROTEUS",NA
"5132","Rhizanthes lowii","ovary position","1",NA,"ancestral reconstruction","Lopez-Martinez et al. (2023) | PROTEUS",NA
"5133","Rhizanthes lowii","anther attachment","0",NA,"ancestral reconstruction","Lopez-Martinez et al. (2023) | PROTEUS",NA
"5134","Rhizanthes lowii","anther dehiscence","0",NA,"ancestral reconstruction","Lopez-Martinez et al. (2023) | PROTEUS",NA
"5135","Rhizophora stylosa","no ovules","1",NA,"ancestral reconstruction","Lopez-Martinez et al. (2023) | PROTEUS",NA
"5136","Rhizophora stylosa","sex of flowers","0",NA,"ancestral reconstruction","Lopez-Martinez et al. (2023) | PROTEUS",NA
"5137","Rhizophora stylosa","ovary position","1",NA,"ancestral reconstruction","Lopez-Martinez et al. (2023) | PROTEUS",NA
"5138","Rhizophora stylosa","anther orientation","0",NA,"ancestral reconstruction","Lopez-Martinez et al. (2023) | PROTEUS",NA
"5139","Rhizophora stylosa","anther attachment","0",NA,"ancestral reconstruction","Lopez-Martinez et al. (2023) | PROTEUS",NA
"5140","Rhizophora stylosa","fusion of ovaries","1",NA,"ancestral reconstruction","Lopez-Martinez et al. (2023) | PROTEUS",NA
"5141","Rhododendron hippophaeoides","sex of flowers","0",NA,"ancestral reconstruction","Lopez-Martinez et al. (2023) | PROTEUS",NA
"5142","Rhododendron hippophaeoides","fusion of ovaries","1",NA,"ancestral reconstruction","Lopez-Martinez et al. (2023) | PROTEUS",NA
"5143","Rhodohypoxis milloides","sex of flowers","0",NA,"ancestral reconstruction","Lopez-Martinez et al. (2023) | PROTEUS",NA
"5144","Rhodohypoxis milloides","ovary position","1",NA,"ancestral reconstruction","Lopez-Martinez et al. (2023) | PROTEUS",NA
"5145","Rhodohypoxis milloides","anther orientation","0",NA,"ancestral reconstruction","Lopez-Martinez et al. (2023) | PROTEUS",NA
"5146","Rhodohypoxis milloides","anther attachment","1",NA,"ancestral reconstruction","Lopez-Martinez et al. (2023) | PROTEUS",NA
"5147","Rhodohypoxis milloides","fusion of ovaries","1",NA,"ancestral reconstruction","Lopez-Martinez et al. (2023) | PROTEUS",NA
"5148","Rhodoleia championii","no ovules","2",NA,"ancestral reconstruction","Lopez-Martinez et al. (2023) | PROTEUS",NA
"5149","Rhodoleia championii","sex of flowers","0",NA,"ancestral reconstruction","Lopez-Martinez et al. (2023) | PROTEUS",NA
"5150","Rhodoleia championii","ovary position","0",NA,"ancestral reconstruction","Lopez-Martinez et al. (2023) | PROTEUS",NA
"5151","Rhodoleia championii","anther orientation","0&1",NA,"ancestral reconstruction","Lopez-Martinez et al. (2023) | PROTEUS",NA
"5152","Rhodoleia championii","anther attachment","0",NA,"ancestral reconstruction","Lopez-Martinez et al. (2023) | PROTEUS",NA
"5153","Rhodoleia championii","anther dehiscence","1",NA,"ancestral reconstruction","Lopez-Martinez et al. (2023) | PROTEUS",NA
"5154","Rhodoleia championii","fusion of ovaries","1",NA,"ancestral reconstruction","Lopez-Martinez et al. (2023) | PROTEUS",NA
"5155","Rhoiptelea chiliantha","no ovules","0",NA,"ancestral reconstruction","Lopez-Martinez et al. (2023) | PROTEUS",NA
"5156","Rhoiptelea chiliantha","sex of flowers","0&1",NA,"ancestral reconstruction","Lopez-Martinez et al. (2023) | PROTEUS",NA
"5157","Rhoiptelea chiliantha","ovary position","0",NA,"ancestral reconstruction","Lopez-Martinez et al. (2023) | PROTEUS",NA
"5158","Rhoiptelea chiliantha","anther attachment","0",NA,"ancestral reconstruction","Lopez-Martinez et al. (2023) | PROTEUS",NA
"5159","Rhoiptelea chiliantha","anther dehiscence","0",NA,"ancestral reconstruction","Lopez-Martinez et al. (2023) | PROTEUS",NA
"5160","Rhoiptelea chiliantha","fusion of ovaries","1",NA,"ancestral reconstruction","Lopez-Martinez et al. (2023) | PROTEUS",NA
"5161","Rhopalocarpus lucidus","no ovules","1&2",NA,"ancestral reconstruction","Lopez-Martinez et al. (2023) | PROTEUS",NA
"5162","Rhopalocarpus lucidus","sex of flowers","0",NA,"ancestral reconstruction","Lopez-Martinez et al. (2023) | PROTEUS",NA
"5163","Rhopalocarpus lucidus","ovary position","0",NA,"ancestral reconstruction","Lopez-Martinez et al. (2023) | PROTEUS",NA
"5164","Rhopalocarpus lucidus","anther orientation","0",NA,"ancestral reconstruction","Lopez-Martinez et al. (2023) | PROTEUS",NA
"5165","Rhopalocarpus lucidus","anther attachment","1",NA,"ancestral reconstruction","Lopez-Martinez et al. (2023) | PROTEUS",NA
"5166","Rhopalocarpus lucidus","anther dehiscence","0",NA,"ancestral reconstruction","Lopez-Martinez et al. (2023) | PROTEUS",NA
"5167","Rhopalocarpus lucidus","fusion of ovaries","1",NA,"ancestral reconstruction","Lopez-Martinez et al. (2023) | PROTEUS",NA
"5168","Rhynchocalyx lawsonioides","no ovules","2",NA,"ancestral reconstruction","Lopez-Martinez et al. (2023) | PROTEUS",NA
"5169","Rhynchocalyx lawsonioides","sex of flowers","0",NA,"ancestral reconstruction","Lopez-Martinez et al. (2023) | PROTEUS",NA
"5170","Rhynchocalyx lawsonioides","ovary position","0",NA,"ancestral reconstruction","Lopez-Martinez et al. (2023) | PROTEUS",NA
"5171","Rhynchocalyx lawsonioides","anther orientation","0",NA,"ancestral reconstruction","Lopez-Martinez et al. (2023) | PROTEUS",NA
"5172","Rhynchocalyx lawsonioides","anther attachment","1",NA,"ancestral reconstruction","Lopez-Martinez et al. (2023) | PROTEUS",NA
"5173","Rhynchocalyx lawsonioides","anther dehiscence","0",NA,"ancestral reconstruction","Lopez-Martinez et al. (2023) | PROTEUS",NA
"5174","Rhynchocalyx lawsonioides","fusion of ovaries","1",NA,"ancestral reconstruction","Lopez-Martinez et al. (2023) | PROTEUS",NA
"5175","Rhynchoglossum notonianum","no ovules","2",NA,"ancestral reconstruction","Lopez-Martinez et al. (2023) | PROTEUS",NA
"5176","Rhynchoglossum notonianum","sex of flowers","0",NA,"ancestral reconstruction","Lopez-Martinez et al. (2023) | PROTEUS",NA
"5177","Rhynchoglossum notonianum","ovary position","0",NA,"ancestral reconstruction","Lopez-Martinez et al. (2023) | PROTEUS",NA
"5178","Rhynchoglossum notonianum","anther orientation","0",NA,"ancestral reconstruction","Lopez-Martinez et al. (2023) | PROTEUS",NA
"5179","Rhynchoglossum notonianum","fusion of ovaries","1",NA,"ancestral reconstruction","Lopez-Martinez et al. (2023) | PROTEUS",NA
"5180","Rhynchospora latifolia","no ovules","0",NA,"ancestral reconstruction","Lopez-Martinez et al. (2023) | PROTEUS",NA
"5181","Rhynchospora latifolia","sex of flowers","0",NA,"ancestral reconstruction","Lopez-Martinez et al. (2023) | PROTEUS",NA
"5182","Rhynchospora latifolia","ovary position","0",NA,"ancestral reconstruction","Lopez-Martinez et al. (2023) | PROTEUS",NA
"5183","Rhynchospora latifolia","anther attachment","0",NA,"ancestral reconstruction","Lopez-Martinez et al. (2023) | PROTEUS",NA
"5184","Ribes aureum","sex of flowers","0",NA,"ancestral reconstruction","Lopez-Martinez et al. (2023) | PROTEUS",NA
"5185","Ribes aureum","ovary position","1",NA,"ancestral reconstruction","Lopez-Martinez et al. (2023) | PROTEUS",NA
"5186","Ribes aureum","anther orientation","0",NA,"ancestral reconstruction","Lopez-Martinez et al. (2023) | PROTEUS",NA
"5187","Ribes aureum","anther dehiscence","0",NA,"ancestral reconstruction","Lopez-Martinez et al. (2023) | PROTEUS",NA
"5188","Ribes fasciculatum","sex of flowers","0",NA,"ancestral reconstruction","Lopez-Martinez et al. (2023) | PROTEUS",NA
"5189","Ribes fasciculatum","ovary position","1",NA,"ancestral reconstruction","Lopez-Martinez et al. (2023) | PROTEUS",NA
"5190","Ripogonum elseyanum","sex of flowers","0",NA,"ancestral reconstruction","Lopez-Martinez et al. (2023) | PROTEUS",NA
"5191","Ripogonum elseyanum","ovary position","0",NA,"ancestral reconstruction","Lopez-Martinez et al. (2023) | PROTEUS",NA
"5192","Ripogonum elseyanum","anther orientation","1",NA,"ancestral reconstruction","Lopez-Martinez et al. (2023) | PROTEUS",NA
"5193","Ripogonum elseyanum","anther dehiscence","0",NA,"ancestral reconstruction","Lopez-Martinez et al. (2023) | PROTEUS",NA
"5194","Ripogonum elseyanum","fusion of ovaries","1",NA,"ancestral reconstruction","Lopez-Martinez et al. (2023) | PROTEUS",NA
"5195","Ripogonum scandens","sex of flowers","0",NA,"ancestral reconstruction","Lopez-Martinez et al. (2023) | PROTEUS",NA
"5196","Ripogonum scandens","anther attachment","0",NA,"ancestral reconstruction","Lopez-Martinez et al. (2023) | PROTEUS",NA
"5197","Ripogonum scandens","anther dehiscence","0",NA,"ancestral reconstruction","Lopez-Martinez et al. (2023) | PROTEUS",NA
"5198","Rivina humilis","no ovules","0",NA,"ancestral reconstruction","Lopez-Martinez et al. (2023) | PROTEUS",NA
"5199","Rivina humilis","sex of flowers","0",NA,"ancestral reconstruction","Lopez-Martinez et al. (2023) | PROTEUS",NA
"5200","Rivina humilis","ovary position","0",NA,"ancestral reconstruction","Lopez-Martinez et al. (2023) | PROTEUS",NA
"5201","Rivina humilis","anther attachment","1",NA,"ancestral reconstruction","Lopez-Martinez et al. (2023) | PROTEUS",NA
"5202","Rivina humilis","anther dehiscence","0",NA,"ancestral reconstruction","Lopez-Martinez et al. (2023) | PROTEUS",NA
"5203","Roridula dentata","no ovules","0",NA,"ancestral reconstruction","Lopez-Martinez et al. (2023) | PROTEUS",NA
"5204","Roridula dentata","sex of flowers","0",NA,"ancestral reconstruction","Lopez-Martinez et al. (2023) | PROTEUS",NA
"5205","Roridula dentata","ovary position","0",NA,"ancestral reconstruction","Lopez-Martinez et al. (2023) | PROTEUS",NA
"5206","Roridula dentata","anther orientation","0",NA,"ancestral reconstruction","Lopez-Martinez et al. (2023) | PROTEUS",NA
"5207","Roridula dentata","anther dehiscence","0",NA,"ancestral reconstruction","Lopez-Martinez et al. (2023) | PROTEUS",NA
"5208","Roridula dentata","fusion of ovaries","1",NA,"ancestral reconstruction","Lopez-Martinez et al. (2023) | PROTEUS",NA
"5209","Roridula gorgonias","no ovules","1&2",NA,"ancestral reconstruction","Lopez-Martinez et al. (2023) | PROTEUS",NA
"5210","Roridula gorgonias","sex of flowers","0",NA,"ancestral reconstruction","Lopez-Martinez et al. (2023) | PROTEUS",NA
"5211","Roridula gorgonias","ovary position","1",NA,"ancestral reconstruction","Lopez-Martinez et al. (2023) | PROTEUS",NA
"5212","Roridula gorgonias","anther orientation","0",NA,"ancestral reconstruction","Lopez-Martinez et al. (2023) | PROTEUS",NA
"5213","Roridula gorgonias","anther dehiscence","0",NA,"ancestral reconstruction","Lopez-Martinez et al. (2023) | PROTEUS",NA
"5214","Roridula gorgonias","fusion of ovaries","1",NA,"ancestral reconstruction","Lopez-Martinez et al. (2023) | PROTEUS",NA
"5215","Roupala montana","no ovules","1",NA,"ancestral reconstruction","Lopez-Martinez et al. (2023) | PROTEUS",NA
"5216","Roupala montana","sex of flowers","0",NA,"ancestral reconstruction","Lopez-Martinez et al. (2023) | PROTEUS",NA
"5217","Roupala montana","ovary position","0",NA,"ancestral reconstruction","Lopez-Martinez et al. (2023) | PROTEUS",NA
"5218","Roupala montana","anther orientation","0",NA,"ancestral reconstruction","Lopez-Martinez et al. (2023) | PROTEUS",NA
"5219","Roupala montana","anther attachment","0",NA,"ancestral reconstruction","Lopez-Martinez et al. (2023) | PROTEUS",NA
"5220","Roupala montana","anther dehiscence","0",NA,"ancestral reconstruction","Lopez-Martinez et al. (2023) | PROTEUS",NA
"5221","Rourea minor","no ovules","1",NA,"ancestral reconstruction","Lopez-Martinez et al. (2023) | PROTEUS",NA
"5222","Rourea minor","sex of flowers","0",NA,"ancestral reconstruction","Lopez-Martinez et al. (2023) | PROTEUS",NA
"5223","Rourea minor","ovary position","0",NA,"ancestral reconstruction","Lopez-Martinez et al. (2023) | PROTEUS",NA
"5224","Rourea minor","anther orientation","0",NA,"ancestral reconstruction","Lopez-Martinez et al. (2023) | PROTEUS",NA
"5225","Rourea minor","anther dehiscence","0",NA,"ancestral reconstruction","Lopez-Martinez et al. (2023) | PROTEUS",NA
"5226","Rourea minor","fusion of ovaries","0",NA,"ancestral reconstruction","Lopez-Martinez et al. (2023) | PROTEUS",NA
"5227","Roussea simplex","sex of flowers","0",NA,"ancestral reconstruction","Lopez-Martinez et al. (2023) | PROTEUS",NA
"5228","Roussea simplex","ovary position","0",NA,"ancestral reconstruction","Lopez-Martinez et al. (2023) | PROTEUS",NA
"5229","Roussea simplex","anther orientation","2",NA,"ancestral reconstruction","Lopez-Martinez et al. (2023) | PROTEUS",NA
"5230","Roussea simplex","anther attachment","0",NA,"ancestral reconstruction","Lopez-Martinez et al. (2023) | PROTEUS",NA
"5231","Ruppia maritima","no ovules","0",NA,"ancestral reconstruction","Lopez-Martinez et al. (2023) | PROTEUS",NA
"5232","Ruppia maritima","sex of flowers","0",NA,"ancestral reconstruction","Lopez-Martinez et al. (2023) | PROTEUS",NA
"5233","Ruppia maritima","ovary position","0",NA,"ancestral reconstruction","Lopez-Martinez et al. (2023) | PROTEUS",NA
"5234","Ruppia maritima","anther orientation","2",NA,"ancestral reconstruction","Lopez-Martinez et al. (2023) | PROTEUS",NA
"5235","Ruppia maritima","anther dehiscence","0",NA,"ancestral reconstruction","Lopez-Martinez et al. (2023) | PROTEUS",NA
"5236","Ruppia maritima","fusion of ovaries","0",NA,"ancestral reconstruction","Lopez-Martinez et al. (2023) | PROTEUS",NA
"5237","Ruppia megacarpa","no ovules","0",NA,"ancestral reconstruction","Lopez-Martinez et al. (2023) | PROTEUS",NA
"5238","Ruppia megacarpa","sex of flowers","0",NA,"ancestral reconstruction","Lopez-Martinez et al. (2023) | PROTEUS",NA
"5239","Ruppia megacarpa","anther dehiscence","0",NA,"ancestral reconstruction","Lopez-Martinez et al. (2023) | PROTEUS",NA
"5240","Ruppia megacarpa","fusion of ovaries","0",NA,"ancestral reconstruction","Lopez-Martinez et al. (2023) | PROTEUS",NA
"5241","Ruptiliocarpon caracolito","no ovules","1",NA,"ancestral reconstruction","Lopez-Martinez et al. (2023) | PROTEUS",NA
"5242","Ruptiliocarpon caracolito","sex of flowers","0&1",NA,"ancestral reconstruction","Lopez-Martinez et al. (2023) | PROTEUS",NA
"5243","Ruptiliocarpon caracolito","ovary position","0",NA,"ancestral reconstruction","Lopez-Martinez et al. (2023) | PROTEUS",NA
"5244","Ruptiliocarpon caracolito","anther attachment","0",NA,"ancestral reconstruction","Lopez-Martinez et al. (2023) | PROTEUS",NA
"5245","Ruptiliocarpon caracolito","fusion of ovaries","1",NA,"ancestral reconstruction","Lopez-Martinez et al. (2023) | PROTEUS",NA
"5246","Ruta graveolens","no ovules","2",NA,"ancestral reconstruction","Lopez-Martinez et al. (2023) | PROTEUS",NA
"5247","Ruta graveolens","sex of flowers","0",NA,"ancestral reconstruction","Lopez-Martinez et al. (2023) | PROTEUS",NA
"5248","Ruta graveolens","ovary position","0",NA,"ancestral reconstruction","Lopez-Martinez et al. (2023) | PROTEUS",NA
"5249","Ruta graveolens","anther attachment","1",NA,"ancestral reconstruction","Lopez-Martinez et al. (2023) | PROTEUS",NA
"5250","Ruta graveolens","anther dehiscence","0",NA,"ancestral reconstruction","Lopez-Martinez et al. (2023) | PROTEUS",NA
"5251","Ruta graveolens","fusion of ovaries","1",NA,"ancestral reconstruction","Lopez-Martinez et al. (2023) | PROTEUS",NA
"5252","Sabal minor","sex of flowers","0",NA,"ancestral reconstruction","Lopez-Martinez et al. (2023) | PROTEUS",NA
"5253","Sabal minor","ovary position","0",NA,"ancestral reconstruction","Lopez-Martinez et al. (2023) | PROTEUS",NA
"5254","Sabal minor","anther orientation","1",NA,"ancestral reconstruction","Lopez-Martinez et al. (2023) | PROTEUS",NA
"5255","Sabal minor","anther attachment","1",NA,"ancestral reconstruction","Lopez-Martinez et al. (2023) | PROTEUS",NA
"5256","Sabal minor","anther dehiscence","0",NA,"ancestral reconstruction","Lopez-Martinez et al. (2023) | PROTEUS",NA
"5257","Sabal minor","fusion of ovaries","1",NA,"ancestral reconstruction","Lopez-Martinez et al. (2023) | PROTEUS",NA
"5258","Sabia swinhoei","no ovules","1",NA,"ancestral reconstruction","Lopez-Martinez et al. (2023) | PROTEUS",NA
"5259","Sabia swinhoei","sex of flowers","0",NA,"ancestral reconstruction","Lopez-Martinez et al. (2023) | PROTEUS",NA
"5260","Sabia swinhoei","ovary position","0",NA,"ancestral reconstruction","Lopez-Martinez et al. (2023) | PROTEUS",NA
"5261","Sabia swinhoei","anther orientation","0",NA,"ancestral reconstruction","Lopez-Martinez et al. (2023) | PROTEUS",NA
"5262","Sabia swinhoei","anther attachment","0",NA,"ancestral reconstruction","Lopez-Martinez et al. (2023) | PROTEUS",NA
"5263","Sabia swinhoei","fusion of ovaries","1",NA,"ancestral reconstruction","Lopez-Martinez et al. (2023) | PROTEUS",NA
"5264","Saccifolium bandeirae","sex of flowers","0",NA,"ancestral reconstruction","Lopez-Martinez et al. (2023) | PROTEUS",NA
"5265","Saccifolium bandeirae","ovary position","0",NA,"ancestral reconstruction","Lopez-Martinez et al. (2023) | PROTEUS",NA
"5266","Saccifolium bandeirae","anther orientation","0",NA,"ancestral reconstruction","Lopez-Martinez et al. (2023) | PROTEUS",NA
"5267","Saccifolium bandeirae","anther attachment","0",NA,"ancestral reconstruction","Lopez-Martinez et al. (2023) | PROTEUS",NA
"5268","Saccifolium bandeirae","anther dehiscence","0",NA,"ancestral reconstruction","Lopez-Martinez et al. (2023) | PROTEUS",NA
"5269","Saccifolium bandeirae","fusion of ovaries","1",NA,"ancestral reconstruction","Lopez-Martinez et al. (2023) | PROTEUS",NA
"5270","Sacoglottis amazonica","no ovules","0",NA,"ancestral reconstruction","Lopez-Martinez et al. (2023) | PROTEUS",NA
"5271","Sacoglottis amazonica","sex of flowers","0",NA,"ancestral reconstruction","Lopez-Martinez et al. (2023) | PROTEUS",NA
"5272","Sacoglottis amazonica","anther attachment","1",NA,"ancestral reconstruction","Lopez-Martinez et al. (2023) | PROTEUS",NA
"5273","Sacoglottis amazonica","fusion of ovaries","1",NA,"ancestral reconstruction","Lopez-Martinez et al. (2023) | PROTEUS",NA
"5274","Sagina procumbens","sex of flowers","0",NA,"ancestral reconstruction","Lopez-Martinez et al. (2023) | PROTEUS",NA
"5275","Sagina procumbens","ovary position","0",NA,"ancestral reconstruction","Lopez-Martinez et al. (2023) | PROTEUS",NA
"5276","Sagittaria lichuanensis","no ovules","0",NA,"ancestral reconstruction","Lopez-Martinez et al. (2023) | PROTEUS",NA
"5277","Sagittaria lichuanensis","sex of flowers","1",NA,"ancestral reconstruction","Lopez-Martinez et al. (2023) | PROTEUS",NA
"5278","Sagittaria lichuanensis","ovary position","0",NA,"ancestral reconstruction","Lopez-Martinez et al. (2023) | PROTEUS",NA
"5279","Sagittaria lichuanensis","anther orientation","2",NA,"ancestral reconstruction","Lopez-Martinez et al. (2023) | PROTEUS",NA
"5280","Sagittaria lichuanensis","anther dehiscence","0",NA,"ancestral reconstruction","Lopez-Martinez et al. (2023) | PROTEUS",NA
"5281","Sagittaria lichuanensis","fusion of ovaries","0",NA,"ancestral reconstruction","Lopez-Martinez et al. (2023) | PROTEUS",NA
"5282","Salicornia bigelovii","sex of flowers","0",NA,"ancestral reconstruction","Lopez-Martinez et al. (2023) | PROTEUS",NA
"5283","Salix reticulata","no ovules","2",NA,"ancestral reconstruction","Lopez-Martinez et al. (2023) | PROTEUS",NA
"5284","Salix reticulata","sex of flowers","1",NA,"ancestral reconstruction","Lopez-Martinez et al. (2023) | PROTEUS",NA
"5285","Salix reticulata","ovary position","0",NA,"ancestral reconstruction","Lopez-Martinez et al. (2023) | PROTEUS",NA
"5286","Salix reticulata","fusion of ovaries","1",NA,"ancestral reconstruction","Lopez-Martinez et al. (2023) | PROTEUS",NA
"5287","Salpiglossis sinuata","sex of flowers","0",NA,"ancestral reconstruction","Lopez-Martinez et al. (2023) | PROTEUS",NA
"5288","Salpiglossis sinuata","ovary position","0",NA,"ancestral reconstruction","Lopez-Martinez et al. (2023) | PROTEUS",NA
"5289","Salpiglossis sinuata","anther attachment","1",NA,"ancestral reconstruction","Lopez-Martinez et al. (2023) | PROTEUS",NA
"5290","Salpiglossis sinuata","anther dehiscence","0",NA,"ancestral reconstruction","Lopez-Martinez et al. (2023) | PROTEUS",NA
"5291","Salpiglossis sinuata","fusion of ovaries","1",NA,"ancestral reconstruction","Lopez-Martinez et al. (2023) | PROTEUS",NA
"5292","Salsola canescens","no ovules","0",NA,"ancestral reconstruction","Lopez-Martinez et al. (2023) | PROTEUS",NA
"5293","Salsola canescens","sex of flowers","0",NA,"ancestral reconstruction","Lopez-Martinez et al. (2023) | PROTEUS",NA
"5294","Salsola canescens","ovary position","0",NA,"ancestral reconstruction","Lopez-Martinez et al. (2023) | PROTEUS",NA
"5295","Salsola canescens","anther dehiscence","0",NA,"ancestral reconstruction","Lopez-Martinez et al. (2023) | PROTEUS",NA
"5296","Salsola canescens","fusion of ovaries","1",NA,"ancestral reconstruction","Lopez-Martinez et al. (2023) | PROTEUS",NA
"5297","Salvadora angustifolia","sex of flowers","0",NA,"ancestral reconstruction","Lopez-Martinez et al. (2023) | PROTEUS",NA
"5298","Salvadora angustifolia","ovary position","0",NA,"ancestral reconstruction","Lopez-Martinez et al. (2023) | PROTEUS",NA
"5299","Salvadora angustifolia","anther orientation","0",NA,"ancestral reconstruction","Lopez-Martinez et al. (2023) | PROTEUS",NA
"5300","Salvadora angustifolia","anther dehiscence","0",NA,"ancestral reconstruction","Lopez-Martinez et al. (2023) | PROTEUS",NA
"5301","Salvadora angustifolia","fusion of ovaries","1",NA,"ancestral reconstruction","Lopez-Martinez et al. (2023) | PROTEUS",NA
"5302","Samolus repens","sex of flowers","0",NA,"ancestral reconstruction","Lopez-Martinez et al. (2023) | PROTEUS",NA
"5303","Samolus repens","ovary position","1",NA,"ancestral reconstruction","Lopez-Martinez et al. (2023) | PROTEUS",NA
"5304","Samolus repens","anther orientation","0",NA,"ancestral reconstruction","Lopez-Martinez et al. (2023) | PROTEUS",NA
"5305","Samolus repens","anther dehiscence","0",NA,"ancestral reconstruction","Lopez-Martinez et al. (2023) | PROTEUS",NA
"5306","Samolus repens","fusion of ovaries","1",NA,"ancestral reconstruction","Lopez-Martinez et al. (2023) | PROTEUS",NA
"5307","Sanango racemosum","sex of flowers","0",NA,"ancestral reconstruction","Lopez-Martinez et al. (2023) | PROTEUS",NA
"5308","Sanango racemosum","ovary position","0",NA,"ancestral reconstruction","Lopez-Martinez et al. (2023) | PROTEUS",NA
"5309","Sanango racemosum","anther orientation","0",NA,"ancestral reconstruction","Lopez-Martinez et al. (2023) | PROTEUS",NA
"5310","Sanango racemosum","anther dehiscence","2",NA,"ancestral reconstruction","Lopez-Martinez et al. (2023) | PROTEUS",NA
"5311","Sanango racemosum","fusion of ovaries","1",NA,"ancestral reconstruction","Lopez-Martinez et al. (2023) | PROTEUS",NA
"5312","Sanicula gregaria","sex of flowers","0&1",NA,"ancestral reconstruction","Lopez-Martinez et al. (2023) | PROTEUS",NA
"5313","Sanicula gregaria","ovary position","1",NA,"ancestral reconstruction","Lopez-Martinez et al. (2023) | PROTEUS",NA
"5314","Sanicula gregaria","anther attachment","1",NA,"ancestral reconstruction","Lopez-Martinez et al. (2023) | PROTEUS",NA
"5315","Sanicula gregaria","anther dehiscence","0",NA,"ancestral reconstruction","Lopez-Martinez et al. (2023) | PROTEUS",NA
"5316","Sanicula gregaria","fusion of ovaries","1",NA,"ancestral reconstruction","Lopez-Martinez et al. (2023) | PROTEUS",NA
"5317","Santalum album","no ovules","0",NA,"ancestral reconstruction","Lopez-Martinez et al. (2023) | PROTEUS",NA
"5318","Santalum album","sex of flowers","0",NA,"ancestral reconstruction","Lopez-Martinez et al. (2023) | PROTEUS",NA
"5319","Santalum album","ovary position","0",NA,"ancestral reconstruction","Lopez-Martinez et al. (2023) | PROTEUS",NA
"5320","Santalum album","anther orientation","0",NA,"ancestral reconstruction","Lopez-Martinez et al. (2023) | PROTEUS",NA
"5321","Santalum album","anther attachment","1",NA,"ancestral reconstruction","Lopez-Martinez et al. (2023) | PROTEUS",NA
"5322","Santalum album","fusion of ovaries","1",NA,"ancestral reconstruction","Lopez-Martinez et al. (2023) | PROTEUS",NA
"5323","Sararanga sinuosa","no ovules","0",NA,"ancestral reconstruction","Lopez-Martinez et al. (2023) | PROTEUS",NA
"5324","Sararanga sinuosa","sex of flowers","1",NA,"ancestral reconstruction","Lopez-Martinez et al. (2023) | PROTEUS",NA
"5325","Sararanga sinuosa","anther attachment","1",NA,"ancestral reconstruction","Lopez-Martinez et al. (2023) | PROTEUS",NA
"5326","Sarcandra chloranthoides","no ovules","0",NA,"ancestral reconstruction","Lopez-Martinez et al. (2023) | PROTEUS",NA
"5327","Sarcandra chloranthoides","sex of flowers","0",NA,"ancestral reconstruction","Lopez-Martinez et al. (2023) | PROTEUS",NA
"5328","Sarcandra chloranthoides","anther orientation","0",NA,"ancestral reconstruction","Lopez-Martinez et al. (2023) | PROTEUS",NA
"5329","Sarcandra chloranthoides","anther attachment","0",NA,"ancestral reconstruction","Lopez-Martinez et al. (2023) | PROTEUS",NA
"5330","Sarcandra chloranthoides","anther dehiscence","1",NA,"ancestral reconstruction","Lopez-Martinez et al. (2023) | PROTEUS",NA
"5331","Sarcobatus vermiculatus","no ovules","0",NA,"ancestral reconstruction","Lopez-Martinez et al. (2023) | PROTEUS",NA
"5332","Sarcobatus vermiculatus","sex of flowers","1",NA,"ancestral reconstruction","Lopez-Martinez et al. (2023) | PROTEUS",NA
"5333","Sarcobatus vermiculatus","ovary position","1",NA,"ancestral reconstruction","Lopez-Martinez et al. (2023) | PROTEUS",NA
"5334","Sarcobatus vermiculatus","fusion of ovaries","1",NA,"ancestral reconstruction","Lopez-Martinez et al. (2023) | PROTEUS",NA
"5335","Sarcolaena oblongifolia","no ovules","1",NA,"ancestral reconstruction","Lopez-Martinez et al. (2023) | PROTEUS",NA
"5336","Sarcolaena oblongifolia","sex of flowers","0",NA,"ancestral reconstruction","Lopez-Martinez et al. (2023) | PROTEUS",NA
"5337","Sarcolaena oblongifolia","ovary position","0",NA,"ancestral reconstruction","Lopez-Martinez et al. (2023) | PROTEUS",NA
"5338","Sarcolaena oblongifolia","anther orientation","0",NA,"ancestral reconstruction","Lopez-Martinez et al. (2023) | PROTEUS",NA
"5339","Sarcolaena oblongifolia","anther attachment","1",NA,"ancestral reconstruction","Lopez-Martinez et al. (2023) | PROTEUS",NA
"5340","Sarcolaena oblongifolia","anther dehiscence","0",NA,"ancestral reconstruction","Lopez-Martinez et al. (2023) | PROTEUS",NA
"5341","Sarcolaena oblongifolia","fusion of ovaries","1",NA,"ancestral reconstruction","Lopez-Martinez et al. (2023) | PROTEUS",NA
"5342","Sarcosperma laurinum","no ovules","0",NA,"ancestral reconstruction","Lopez-Martinez et al. (2023) | PROTEUS",NA
"5343","Sarcosperma laurinum","sex of flowers","0",NA,"ancestral reconstruction","Lopez-Martinez et al. (2023) | PROTEUS",NA
"5344","Sarcosperma laurinum","ovary position","0",NA,"ancestral reconstruction","Lopez-Martinez et al. (2023) | PROTEUS",NA
"5345","Sarcosperma laurinum","anther orientation","0",NA,"ancestral reconstruction","Lopez-Martinez et al. (2023) | PROTEUS",NA
"5346","Sarcosperma laurinum","anther attachment","0",NA,"ancestral reconstruction","Lopez-Martinez et al. (2023) | PROTEUS",NA
"5347","Sarcosperma laurinum","anther dehiscence","0",NA,"ancestral reconstruction","Lopez-Martinez et al. (2023) | PROTEUS",NA
"5348","Sarcosperma laurinum","fusion of ovaries","1",NA,"ancestral reconstruction","Lopez-Martinez et al. (2023) | PROTEUS",NA
"5349","Sargentodoxa cuneata","no ovules","0",NA,"ancestral reconstruction","Lopez-Martinez et al. (2023) | PROTEUS",NA
"5350","Sargentodoxa cuneata","sex of flowers","0",NA,"ancestral reconstruction","Lopez-Martinez et al. (2023) | PROTEUS",NA
"5351","Sargentodoxa cuneata","ovary position","0",NA,"ancestral reconstruction","Lopez-Martinez et al. (2023) | PROTEUS",NA
"5352","Sargentodoxa cuneata","anther orientation","2",NA,"ancestral reconstruction","Lopez-Martinez et al. (2023) | PROTEUS",NA
"5353","Sargentodoxa cuneata","anther attachment","0",NA,"ancestral reconstruction","Lopez-Martinez et al. (2023) | PROTEUS",NA
"5354","Sargentodoxa cuneata","anther dehiscence","0",NA,"ancestral reconstruction","Lopez-Martinez et al. (2023) | PROTEUS",NA
"5355","Sargentodoxa cuneata","fusion of ovaries","0",NA,"ancestral reconstruction","Lopez-Martinez et al. (2023) | PROTEUS",NA
"5356","Sarracenia purpurea","no ovules","2",NA,"ancestral reconstruction","Lopez-Martinez et al. (2023) | PROTEUS",NA
"5357","Sarracenia purpurea","sex of flowers","0",NA,"ancestral reconstruction","Lopez-Martinez et al. (2023) | PROTEUS",NA
"5358","Sarracenia purpurea","ovary position","0",NA,"ancestral reconstruction","Lopez-Martinez et al. (2023) | PROTEUS",NA
"5359","Sarracenia purpurea","anther orientation","2",NA,"ancestral reconstruction","Lopez-Martinez et al. (2023) | PROTEUS",NA
"5360","Sarracenia purpurea","anther attachment","1",NA,"ancestral reconstruction","Lopez-Martinez et al. (2023) | PROTEUS",NA
"5361","Sarracenia purpurea","anther dehiscence","0",NA,"ancestral reconstruction","Lopez-Martinez et al. (2023) | PROTEUS",NA
"5362","Sarracenia purpurea","fusion of ovaries","1",NA,"ancestral reconstruction","Lopez-Martinez et al. (2023) | PROTEUS",NA
"5363","Sartidia dewinteri","no ovules","0",NA,"ancestral reconstruction","Lopez-Martinez et al. (2023) | PROTEUS",NA
"5364","Sartidia dewinteri","sex of flowers","0",NA,"ancestral reconstruction","Lopez-Martinez et al. (2023) | PROTEUS",NA
"5365","Sartidia dewinteri","ovary position","0",NA,"ancestral reconstruction","Lopez-Martinez et al. (2023) | PROTEUS",NA
"5366","Sartidia dewinteri","anther dehiscence","0",NA,"ancestral reconstruction","Lopez-Martinez et al. (2023) | PROTEUS",NA
"5367","Saruma henryi","no ovules","2",NA,"ancestral reconstruction","Lopez-Martinez et al. (2023) | PROTEUS",NA
"5368","Saruma henryi","sex of flowers","0",NA,"ancestral reconstruction","Lopez-Martinez et al. (2023) | PROTEUS",NA
"5369","Saruma henryi","ovary position","1",NA,"ancestral reconstruction","Lopez-Martinez et al. (2023) | PROTEUS",NA
"5370","Saruma henryi","anther orientation","0",NA,"ancestral reconstruction","Lopez-Martinez et al. (2023) | PROTEUS",NA
"5371","Saruma henryi","anther attachment","0",NA,"ancestral reconstruction","Lopez-Martinez et al. (2023) | PROTEUS",NA
"5372","Saruma henryi","anther dehiscence","0",NA,"ancestral reconstruction","Lopez-Martinez et al. (2023) | PROTEUS",NA
"5373","Saruma henryi","fusion of ovaries","1",NA,"ancestral reconstruction","Lopez-Martinez et al. (2023) | PROTEUS",NA
"5374","Saurauia kegeliana","no ovules","2",NA,"ancestral reconstruction","Lopez-Martinez et al. (2023) | PROTEUS",NA
"5375","Saurauia kegeliana","sex of flowers","0",NA,"ancestral reconstruction","Lopez-Martinez et al. (2023) | PROTEUS",NA
"5376","Saurauia kegeliana","ovary position","0",NA,"ancestral reconstruction","Lopez-Martinez et al. (2023) | PROTEUS",NA
"5377","Saurauia kegeliana","anther orientation","0",NA,"ancestral reconstruction","Lopez-Martinez et al. (2023) | PROTEUS",NA
"5378","Saurauia kegeliana","anther attachment","0",NA,"ancestral reconstruction","Lopez-Martinez et al. (2023) | PROTEUS",NA
"5379","Saurauia kegeliana","anther dehiscence","0",NA,"ancestral reconstruction","Lopez-Martinez et al. (2023) | PROTEUS",NA
"5380","Saurauia kegeliana","fusion of ovaries","1",NA,"ancestral reconstruction","Lopez-Martinez et al. (2023) | PROTEUS",NA
"5381","Saururus cernuus","no ovules","1",NA,"ancestral reconstruction","Lopez-Martinez et al. (2023) | PROTEUS",NA
"5382","Saururus cernuus","sex of flowers","0",NA,"ancestral reconstruction","Lopez-Martinez et al. (2023) | PROTEUS",NA
"5383","Saururus cernuus","ovary position","0",NA,"ancestral reconstruction","Lopez-Martinez et al. (2023) | PROTEUS",NA
"5384","Saururus cernuus","anther attachment","0",NA,"ancestral reconstruction","Lopez-Martinez et al. (2023) | PROTEUS",NA
"5385","Saururus cernuus","fusion of ovaries","1",NA,"ancestral reconstruction","Lopez-Martinez et al. (2023) | PROTEUS",NA
"5386","Sauvagesia erecta","no ovules","2",NA,"ancestral reconstruction","Lopez-Martinez et al. (2023) | PROTEUS",NA
"5387","Sauvagesia erecta","sex of flowers","0",NA,"ancestral reconstruction","Lopez-Martinez et al. (2023) | PROTEUS",NA
"5388","Sauvagesia erecta","ovary position","0",NA,"ancestral reconstruction","Lopez-Martinez et al. (2023) | PROTEUS",NA
"5389","Sauvagesia erecta","anther orientation","0&1",NA,"ancestral reconstruction","Lopez-Martinez et al. (2023) | PROTEUS",NA
"5390","Sauvagesia erecta","anther attachment","0",NA,"ancestral reconstruction","Lopez-Martinez et al. (2023) | PROTEUS",NA
"5391","Sauvagesia erecta","anther dehiscence","0",NA,"ancestral reconstruction","Lopez-Martinez et al. (2023) | PROTEUS",NA
"5392","Sauvagesia erecta","fusion of ovaries","1",NA,"ancestral reconstruction","Lopez-Martinez et al. (2023) | PROTEUS",NA
"5393","Saxifraga cernua","no ovules","2",NA,"ancestral reconstruction","Lopez-Martinez et al. (2023) | PROTEUS",NA
"5394","Saxifraga cernua","sex of flowers","0",NA,"ancestral reconstruction","Lopez-Martinez et al. (2023) | PROTEUS",NA
"5395","Saxifraga cernua","ovary position","1",NA,"ancestral reconstruction","Lopez-Martinez et al. (2023) | PROTEUS",NA
"5396","Saxifraga cernua","anther dehiscence","0",NA,"ancestral reconstruction","Lopez-Martinez et al. (2023) | PROTEUS",NA
"5397","Saxifraga cernua","fusion of ovaries","1",NA,"ancestral reconstruction","Lopez-Martinez et al. (2023) | PROTEUS",NA
"5398","Scaevola aemula","sex of flowers","0",NA,"ancestral reconstruction","Lopez-Martinez et al. (2023) | PROTEUS",NA
"5399","Scaevola aemula","ovary position","1",NA,"ancestral reconstruction","Lopez-Martinez et al. (2023) | PROTEUS",NA
"5400","Scaevola aemula","anther orientation","0",NA,"ancestral reconstruction","Lopez-Martinez et al. (2023) | PROTEUS",NA
"5401","Scaevola aemula","anther attachment","0",NA,"ancestral reconstruction","Lopez-Martinez et al. (2023) | PROTEUS",NA
"5402","Scheuchzeria palustris","sex of flowers","0",NA,"ancestral reconstruction","Lopez-Martinez et al. (2023) | PROTEUS",NA
"5403","Scheuchzeria palustris","anther orientation","2",NA,"ancestral reconstruction","Lopez-Martinez et al. (2023) | PROTEUS",NA
"5404","Scheuchzeria palustris","anther attachment","0",NA,"ancestral reconstruction","Lopez-Martinez et al. (2023) | PROTEUS",NA
"5405","Scheuchzeria palustris","anther dehiscence","0",NA,"ancestral reconstruction","Lopez-Martinez et al. (2023) | PROTEUS",NA
"5406","Schinus molle","no ovules","0",NA,"ancestral reconstruction","Lopez-Martinez et al. (2023) | PROTEUS",NA
"5407","Schinus molle","sex of flowers","1",NA,"ancestral reconstruction","Lopez-Martinez et al. (2023) | PROTEUS",NA
"5408","Schinus molle","ovary position","0",NA,"ancestral reconstruction","Lopez-Martinez et al. (2023) | PROTEUS",NA
"5409","Schinus molle","anther orientation","1",NA,"ancestral reconstruction","Lopez-Martinez et al. (2023) | PROTEUS",NA
"5410","Schinus molle","anther attachment","1",NA,"ancestral reconstruction","Lopez-Martinez et al. (2023) | PROTEUS",NA
"5411","Schinus molle","anther dehiscence","0",NA,"ancestral reconstruction","Lopez-Martinez et al. (2023) | PROTEUS",NA
"5412","Schinus molle","fusion of ovaries","1",NA,"ancestral reconstruction","Lopez-Martinez et al. (2023) | PROTEUS",NA
"5413","Schisandra chinensis","no ovules","1&2",NA,"ancestral reconstruction","Lopez-Martinez et al. (2023) | PROTEUS",NA
"5414","Schisandra chinensis","sex of flowers","1",NA,"ancestral reconstruction","Lopez-Martinez et al. (2023) | PROTEUS",NA
"5415","Schisandra chinensis","ovary position","0",NA,"ancestral reconstruction","Lopez-Martinez et al. (2023) | PROTEUS",NA
"5416","Schisandra chinensis","anther orientation","2",NA,"ancestral reconstruction","Lopez-Martinez et al. (2023) | PROTEUS",NA
"5417","Schisandra chinensis","anther attachment","0",NA,"ancestral reconstruction","Lopez-Martinez et al. (2023) | PROTEUS",NA
"5418","Schisandra chinensis","anther dehiscence","0",NA,"ancestral reconstruction","Lopez-Martinez et al. (2023) | PROTEUS",NA
"5419","Schisandra chinensis","fusion of ovaries","0",NA,"ancestral reconstruction","Lopez-Martinez et al. (2023) | PROTEUS",NA
"5420","Schizanthus grahamii","sex of flowers","0",NA,"ancestral reconstruction","Lopez-Martinez et al. (2023) | PROTEUS",NA
"5421","Schizanthus grahamii","ovary position","0",NA,"ancestral reconstruction","Lopez-Martinez et al. (2023) | PROTEUS",NA
"5422","Schizanthus grahamii","anther orientation","0",NA,"ancestral reconstruction","Lopez-Martinez et al. (2023) | PROTEUS",NA
"5423","Schizanthus grahamii","anther attachment","1",NA,"ancestral reconstruction","Lopez-Martinez et al. (2023) | PROTEUS",NA
"5424","Schizanthus grahamii","anther dehiscence","0",NA,"ancestral reconstruction","Lopez-Martinez et al. (2023) | PROTEUS",NA
"5425","Schizanthus grahamii","fusion of ovaries","1",NA,"ancestral reconstruction","Lopez-Martinez et al. (2023) | PROTEUS",NA
"5426","Schizanthus pinnatus","anther attachment","1",NA,"ancestral reconstruction","Lopez-Martinez et al. (2023) | PROTEUS",NA
"5427","Schlegelia fuscata","no ovules","2",NA,"ancestral reconstruction","Lopez-Martinez et al. (2023) | PROTEUS",NA
"5428","Schlegelia fuscata","ovary position","0",NA,"ancestral reconstruction","Lopez-Martinez et al. (2023) | PROTEUS",NA
"5429","Schlegelia fuscata","anther dehiscence","0",NA,"ancestral reconstruction","Lopez-Martinez et al. (2023) | PROTEUS",NA
"5430","Schlegelia fuscata","fusion of ovaries","1",NA,"ancestral reconstruction","Lopez-Martinez et al. (2023) | PROTEUS",NA
"5431","Schoepfia schreberi","no ovules","0",NA,"ancestral reconstruction","Lopez-Martinez et al. (2023) | PROTEUS",NA
"5432","Schoepfia schreberi","sex of flowers","0",NA,"ancestral reconstruction","Lopez-Martinez et al. (2023) | PROTEUS",NA
"5433","Schoepfia schreberi","ovary position","0",NA,"ancestral reconstruction","Lopez-Martinez et al. (2023) | PROTEUS",NA
"5434","Schoepfia schreberi","anther orientation","0",NA,"ancestral reconstruction","Lopez-Martinez et al. (2023) | PROTEUS",NA
"5435","Schoepfia schreberi","anther attachment","1",NA,"ancestral reconstruction","Lopez-Martinez et al. (2023) | PROTEUS",NA
"5436","Schoepfia schreberi","anther dehiscence","0",NA,"ancestral reconstruction","Lopez-Martinez et al. (2023) | PROTEUS",NA
"5437","Schoepfia schreberi","fusion of ovaries","1",NA,"ancestral reconstruction","Lopez-Martinez et al. (2023) | PROTEUS",NA
"5438","Schotia brachypetala","no ovules","1&2",NA,"ancestral reconstruction","Lopez-Martinez et al. (2023) | PROTEUS",NA
"5439","Schotia brachypetala","sex of flowers","0",NA,"ancestral reconstruction","Lopez-Martinez et al. (2023) | PROTEUS",NA
"5440","Schotia brachypetala","ovary position","0",NA,"ancestral reconstruction","Lopez-Martinez et al. (2023) | PROTEUS",NA
"5441","Schotia brachypetala","anther attachment","1",NA,"ancestral reconstruction","Lopez-Martinez et al. (2023) | PROTEUS",NA
"5442","Schwalbea americana","sex of flowers","0",NA,"ancestral reconstruction","Lopez-Martinez et al. (2023) | PROTEUS",NA
"5443","Schwenckia americana","sex of flowers","0",NA,"ancestral reconstruction","Lopez-Martinez et al. (2023) | PROTEUS",NA
"5444","Schwenckia americana","ovary position","0",NA,"ancestral reconstruction","Lopez-Martinez et al. (2023) | PROTEUS",NA
"5445","Schwenckia americana","anther orientation","2",NA,"ancestral reconstruction","Lopez-Martinez et al. (2023) | PROTEUS",NA
"5446","Schwenckia americana","anther dehiscence","0",NA,"ancestral reconstruction","Lopez-Martinez et al. (2023) | PROTEUS",NA
"5447","Schwenckia americana","fusion of ovaries","1",NA,"ancestral reconstruction","Lopez-Martinez et al. (2023) | PROTEUS",NA
"5448","Sciaphila densiflora","no ovules","0",NA,"ancestral reconstruction","Lopez-Martinez et al. (2023) | PROTEUS",NA
"5449","Sciaphila densiflora","sex of flowers","0&1",NA,"ancestral reconstruction","Lopez-Martinez et al. (2023) | PROTEUS",NA
"5450","Sciaphila densiflora","anther dehiscence","0",NA,"ancestral reconstruction","Lopez-Martinez et al. (2023) | PROTEUS",NA
"5451","Sciaphila densiflora","fusion of ovaries","0",NA,"ancestral reconstruction","Lopez-Martinez et al. (2023) | PROTEUS",NA
"5452","Scleranthus annuus","no ovules","0",NA,"ancestral reconstruction","Lopez-Martinez et al. (2023) | PROTEUS",NA
"5453","Scleranthus annuus","sex of flowers","0",NA,"ancestral reconstruction","Lopez-Martinez et al. (2023) | PROTEUS",NA
"5454","Scleranthus annuus","ovary position","0",NA,"ancestral reconstruction","Lopez-Martinez et al. (2023) | PROTEUS",NA
"5455","Scleranthus annuus","fusion of ovaries","1",NA,"ancestral reconstruction","Lopez-Martinez et al. (2023) | PROTEUS",NA
"5456","Sclerolaena obliquicuspis","no ovules","0",NA,"ancestral reconstruction","Lopez-Martinez et al. (2023) | PROTEUS",NA
"5457","Sclerolaena obliquicuspis","ovary position","0",NA,"ancestral reconstruction","Lopez-Martinez et al. (2023) | PROTEUS",NA
"5458","Sclerolaena obliquicuspis","anther dehiscence","0",NA,"ancestral reconstruction","Lopez-Martinez et al. (2023) | PROTEUS",NA
"5459","Sclerolaena obliquicuspis","fusion of ovaries","1",NA,"ancestral reconstruction","Lopez-Martinez et al. (2023) | PROTEUS",NA
"5460","Scorodocarpus borneensis","no ovules","0",NA,"ancestral reconstruction","Lopez-Martinez et al. (2023) | PROTEUS",NA
"5461","Scorodocarpus borneensis","sex of flowers","0",NA,"ancestral reconstruction","Lopez-Martinez et al. (2023) | PROTEUS",NA
"5462","Scorodocarpus borneensis","ovary position","0",NA,"ancestral reconstruction","Lopez-Martinez et al. (2023) | PROTEUS",NA
"5463","Scorodocarpus borneensis","anther attachment","0",NA,"ancestral reconstruction","Lopez-Martinez et al. (2023) | PROTEUS",NA
"5464","Scorodocarpus borneensis","fusion of ovaries","1",NA,"ancestral reconstruction","Lopez-Martinez et al. (2023) | PROTEUS",NA
"5465","Scutellaria indica","sex of flowers","0",NA,"ancestral reconstruction","Lopez-Martinez et al. (2023) | PROTEUS",NA
"5466","Scutellaria indica","ovary position","0",NA,"ancestral reconstruction","Lopez-Martinez et al. (2023) | PROTEUS",NA
"5467","Scyphostegia borneensis","no ovules","2",NA,"ancestral reconstruction","Lopez-Martinez et al. (2023) | PROTEUS",NA
"5468","Scyphostegia borneensis","sex of flowers","1",NA,"ancestral reconstruction","Lopez-Martinez et al. (2023) | PROTEUS",NA
"5469","Scyphostegia borneensis","ovary position","0",NA,"ancestral reconstruction","Lopez-Martinez et al. (2023) | PROTEUS",NA
"5470","Scyphostegia borneensis","anther orientation","2",NA,"ancestral reconstruction","Lopez-Martinez et al. (2023) | PROTEUS",NA
"5471","Scyphostegia borneensis","anther attachment","1",NA,"ancestral reconstruction","Lopez-Martinez et al. (2023) | PROTEUS",NA
"5472","Scyphostegia borneensis","anther dehiscence","0",NA,"ancestral reconstruction","Lopez-Martinez et al. (2023) | PROTEUS",NA
"5473","Scyphostegia borneensis","fusion of ovaries","1",NA,"ancestral reconstruction","Lopez-Martinez et al. (2023) | PROTEUS",NA
"5474","Sedum x rubrotinctum","sex of flowers","0",NA,"ancestral reconstruction","Lopez-Martinez et al. (2023) | PROTEUS",NA
"5475","Sedum x rubrotinctum","ovary position","0",NA,"ancestral reconstruction","Lopez-Martinez et al. (2023) | PROTEUS",NA
"5476","Sedum x rubrotinctum","anther dehiscence","0",NA,"ancestral reconstruction","Lopez-Martinez et al. (2023) | PROTEUS",NA
"5477","Sesamum indicum","no ovules","2",NA,"ancestral reconstruction","Lopez-Martinez et al. (2023) | PROTEUS",NA
"5478","Sesamum indicum","sex of flowers","0",NA,"ancestral reconstruction","Lopez-Martinez et al. (2023) | PROTEUS",NA
"5479","Sesamum indicum","ovary position","0",NA,"ancestral reconstruction","Lopez-Martinez et al. (2023) | PROTEUS",NA
"5480","Sesamum indicum","anther orientation","0",NA,"ancestral reconstruction","Lopez-Martinez et al. (2023) | PROTEUS",NA
"5481","Sesamum indicum","anther attachment","1",NA,"ancestral reconstruction","Lopez-Martinez et al. (2023) | PROTEUS",NA
"5482","Sesamum indicum","anther dehiscence","0",NA,"ancestral reconstruction","Lopez-Martinez et al. (2023) | PROTEUS",NA
"5483","Sesamum indicum","fusion of ovaries","1",NA,"ancestral reconstruction","Lopez-Martinez et al. (2023) | PROTEUS",NA
"5484","Sesuvium portulacastrum","sex of flowers","0",NA,"ancestral reconstruction","Lopez-Martinez et al. (2023) | PROTEUS",NA
"5485","Sesuvium portulacastrum","ovary position","1",NA,"ancestral reconstruction","Lopez-Martinez et al. (2023) | PROTEUS",NA
"5486","Sesuvium portulacastrum","fusion of ovaries","1",NA,"ancestral reconstruction","Lopez-Martinez et al. (2023) | PROTEUS",NA
"5487","Setchellanthus caeruleus","sex of flowers","0",NA,"ancestral reconstruction","Lopez-Martinez et al. (2023) | PROTEUS",NA
"5488","Setchellanthus caeruleus","ovary position","0",NA,"ancestral reconstruction","Lopez-Martinez et al. (2023) | PROTEUS",NA
"5489","Setchellanthus caeruleus","anther orientation","0",NA,"ancestral reconstruction","Lopez-Martinez et al. (2023) | PROTEUS",NA
"5490","Setchellanthus caeruleus","anther attachment","0",NA,"ancestral reconstruction","Lopez-Martinez et al. (2023) | PROTEUS",NA
"5491","Setchellanthus caeruleus","anther dehiscence","0",NA,"ancestral reconstruction","Lopez-Martinez et al. (2023) | PROTEUS",NA
"5492","Setchellanthus caeruleus","fusion of ovaries","1",NA,"ancestral reconstruction","Lopez-Martinez et al. (2023) | PROTEUS",NA
"5493","Sextonia rubra","no ovules","0",NA,"ancestral reconstruction","Lopez-Martinez et al. (2023) | PROTEUS",NA
"5494","Sextonia rubra","sex of flowers","0",NA,"ancestral reconstruction","Lopez-Martinez et al. (2023) | PROTEUS",NA
"5495","Sextonia rubra","ovary position","0",NA,"ancestral reconstruction","Lopez-Martinez et al. (2023) | PROTEUS",NA
"5496","Sextonia rubra","anther attachment","0",NA,"ancestral reconstruction","Lopez-Martinez et al. (2023) | PROTEUS",NA
"5497","Sextonia rubra","anther dehiscence","2",NA,"ancestral reconstruction","Lopez-Martinez et al. (2023) | PROTEUS",NA
"5498","Silene vulgaris","sex of flowers","0&1",NA,"ancestral reconstruction","Lopez-Martinez et al. (2023) | PROTEUS",NA
"5499","Silene vulgaris","ovary position","0",NA,"ancestral reconstruction","Lopez-Martinez et al. (2023) | PROTEUS",NA
"5500","Silene vulgaris","fusion of ovaries","1",NA,"ancestral reconstruction","Lopez-Martinez et al. (2023) | PROTEUS",NA
"5501","Silvianthus bracteatus","sex of flowers","0",NA,"ancestral reconstruction","Lopez-Martinez et al. (2023) | PROTEUS",NA
"5502","Silvianthus bracteatus","ovary position","1",NA,"ancestral reconstruction","Lopez-Martinez et al. (2023) | PROTEUS",NA
"5503","Silvianthus bracteatus","anther attachment","1",NA,"ancestral reconstruction","Lopez-Martinez et al. (2023) | PROTEUS",NA
"5504","Simmondsia chinensis","sex of flowers","1",NA,"ancestral reconstruction","Lopez-Martinez et al. (2023) | PROTEUS",NA
"5505","Simmondsia chinensis","ovary position","0",NA,"ancestral reconstruction","Lopez-Martinez et al. (2023) | PROTEUS",NA
"5506","Simmondsia chinensis","anther orientation","2",NA,"ancestral reconstruction","Lopez-Martinez et al. (2023) | PROTEUS",NA
"5507","Simmondsia chinensis","anther attachment","0",NA,"ancestral reconstruction","Lopez-Martinez et al. (2023) | PROTEUS",NA
"5508","Simmondsia chinensis","anther dehiscence","0",NA,"ancestral reconstruction","Lopez-Martinez et al. (2023) | PROTEUS",NA
"5509","Simmondsia chinensis","fusion of ovaries","1",NA,"ancestral reconstruction","Lopez-Martinez et al. (2023) | PROTEUS",NA
"5510","Sinclairia palmeri","sex of flowers","0",NA,"ancestral reconstruction","Lopez-Martinez et al. (2023) | PROTEUS",NA
"5511","Siparuna decipiens","no ovules","0",NA,"ancestral reconstruction","Lopez-Martinez et al. (2023) | PROTEUS",NA
"5512","Siparuna decipiens","sex of flowers","1",NA,"ancestral reconstruction","Lopez-Martinez et al. (2023) | PROTEUS",NA
"5513","Siparuna decipiens","ovary position","0",NA,"ancestral reconstruction","Lopez-Martinez et al. (2023) | PROTEUS",NA
"5514","Siparuna decipiens","anther orientation","0",NA,"ancestral reconstruction","Lopez-Martinez et al. (2023) | PROTEUS",NA
"5515","Siparuna decipiens","anther attachment","0",NA,"ancestral reconstruction","Lopez-Martinez et al. (2023) | PROTEUS",NA
"5516","Siparuna decipiens","anther dehiscence","2",NA,"ancestral reconstruction","Lopez-Martinez et al. (2023) | PROTEUS",NA
"5517","Siparuna decipiens","fusion of ovaries","0",NA,"ancestral reconstruction","Lopez-Martinez et al. (2023) | PROTEUS",NA
"5518","Siphonochilus kirkii","sex of flowers","0",NA,"ancestral reconstruction","Lopez-Martinez et al. (2023) | PROTEUS",NA
"5519","Siphonochilus kirkii","ovary position","1",NA,"ancestral reconstruction","Lopez-Martinez et al. (2023) | PROTEUS",NA
"5520","Siphonochilus kirkii","fusion of ovaries","1",NA,"ancestral reconstruction","Lopez-Martinez et al. (2023) | PROTEUS",NA
"5521","Sladenia celastrifolia","no ovules","1",NA,"ancestral reconstruction","Lopez-Martinez et al. (2023) | PROTEUS",NA
"5522","Sladenia celastrifolia","sex of flowers","0",NA,"ancestral reconstruction","Lopez-Martinez et al. (2023) | PROTEUS",NA
"5523","Sladenia celastrifolia","ovary position","0",NA,"ancestral reconstruction","Lopez-Martinez et al. (2023) | PROTEUS",NA
"5524","Sladenia celastrifolia","anther orientation","0",NA,"ancestral reconstruction","Lopez-Martinez et al. (2023) | PROTEUS",NA
"5525","Sladenia celastrifolia","anther attachment","0",NA,"ancestral reconstruction","Lopez-Martinez et al. (2023) | PROTEUS",NA
"5526","Sladenia celastrifolia","anther dehiscence","0",NA,"ancestral reconstruction","Lopez-Martinez et al. (2023) | PROTEUS",NA
"5527","Sladenia celastrifolia","fusion of ovaries","1",NA,"ancestral reconstruction","Lopez-Martinez et al. (2023) | PROTEUS",NA
"5528","Sloanea latifolia","sex of flowers","0",NA,"ancestral reconstruction","Lopez-Martinez et al. (2023) | PROTEUS",NA
"5529","Sloanea latifolia","ovary position","0",NA,"ancestral reconstruction","Lopez-Martinez et al. (2023) | PROTEUS",NA
"5530","Sloanea latifolia","anther orientation","1",NA,"ancestral reconstruction","Lopez-Martinez et al. (2023) | PROTEUS",NA
"5531","Sloanea latifolia","anther attachment","0",NA,"ancestral reconstruction","Lopez-Martinez et al. (2023) | PROTEUS",NA
"5532","Sloanea latifolia","anther dehiscence","0",NA,"ancestral reconstruction","Lopez-Martinez et al. (2023) | PROTEUS",NA
"5533","Sloanea latifolia","fusion of ovaries","1",NA,"ancestral reconstruction","Lopez-Martinez et al. (2023) | PROTEUS",NA
"5534","Smilax aspera","sex of flowers","0&1",NA,"ancestral reconstruction","Lopez-Martinez et al. (2023) | PROTEUS",NA
"5535","Smilax aspera","ovary position","0",NA,"ancestral reconstruction","Lopez-Martinez et al. (2023) | PROTEUS",NA
"5536","Smilax aspera","anther dehiscence","0",NA,"ancestral reconstruction","Lopez-Martinez et al. (2023) | PROTEUS",NA
"5537","Smilax glauca","no ovules","0&1",NA,"ancestral reconstruction","Lopez-Martinez et al. (2023) | PROTEUS",NA
"5538","Smilax glauca","sex of flowers","0&1",NA,"ancestral reconstruction","Lopez-Martinez et al. (2023) | PROTEUS",NA
"5539","Smilax glauca","ovary position","0",NA,"ancestral reconstruction","Lopez-Martinez et al. (2023) | PROTEUS",NA
"5540","Smilax glauca","anther orientation","0",NA,"ancestral reconstruction","Lopez-Martinez et al. (2023) | PROTEUS",NA
"5541","Smilax glauca","anther attachment","0",NA,"ancestral reconstruction","Lopez-Martinez et al. (2023) | PROTEUS",NA
"5542","Smilax glauca","fusion of ovaries","1",NA,"ancestral reconstruction","Lopez-Martinez et al. (2023) | PROTEUS",NA
"5543","Solanum dulcamara","sex of flowers","0",NA,"ancestral reconstruction","Lopez-Martinez et al. (2023) | PROTEUS",NA
"5544","Solanum dulcamara","ovary position","0",NA,"ancestral reconstruction","Lopez-Martinez et al. (2023) | PROTEUS",NA
"5545","Solanum dulcamara","anther orientation","2",NA,"ancestral reconstruction","Lopez-Martinez et al. (2023) | PROTEUS",NA
"5546","Solanum dulcamara","anther attachment","0",NA,"ancestral reconstruction","Lopez-Martinez et al. (2023) | PROTEUS",NA
"5547","Solanum dulcamara","anther dehiscence","0",NA,"ancestral reconstruction","Lopez-Martinez et al. (2023) | PROTEUS",NA
"5548","Solanum dulcamara","fusion of ovaries","1",NA,"ancestral reconstruction","Lopez-Martinez et al. (2023) | PROTEUS",NA
"5549","Sparganium eurycarpum","no ovules","0",NA,"ancestral reconstruction","Lopez-Martinez et al. (2023) | PROTEUS",NA
"5550","Sparganium eurycarpum","sex of flowers","1",NA,"ancestral reconstruction","Lopez-Martinez et al. (2023) | PROTEUS",NA
"5551","Sparganium eurycarpum","ovary position","0&1",NA,"ancestral reconstruction","Lopez-Martinez et al. (2023) | PROTEUS",NA
"5552","Sparganium eurycarpum","anther attachment","0",NA,"ancestral reconstruction","Lopez-Martinez et al. (2023) | PROTEUS",NA
"5553","Sparganium eurycarpum","anther dehiscence","0",NA,"ancestral reconstruction","Lopez-Martinez et al. (2023) | PROTEUS",NA
"5554","Sparganium eurycarpum","fusion of ovaries","1",NA,"ancestral reconstruction","Lopez-Martinez et al. (2023) | PROTEUS",NA
"5555","Spathelia bahamensis","sex of flowers","0",NA,"ancestral reconstruction","Lopez-Martinez et al. (2023) | PROTEUS",NA
"5556","Spathelia bahamensis","ovary position","0",NA,"ancestral reconstruction","Lopez-Martinez et al. (2023) | PROTEUS",NA
"5557","Spathiphyllum wallisii","no ovules","1",NA,"ancestral reconstruction","Lopez-Martinez et al. (2023) | PROTEUS",NA
"5558","Spathiphyllum wallisii","sex of flowers","0",NA,"ancestral reconstruction","Lopez-Martinez et al. (2023) | PROTEUS",NA
"5559","Spathiphyllum wallisii","ovary position","0",NA,"ancestral reconstruction","Lopez-Martinez et al. (2023) | PROTEUS",NA
"5560","Spathiphyllum wallisii","fusion of ovaries","1",NA,"ancestral reconstruction","Lopez-Martinez et al. (2023) | PROTEUS",NA
"5561","Spergularia marina","no ovules","2",NA,"ancestral reconstruction","Lopez-Martinez et al. (2023) | PROTEUS",NA
"5562","Spergularia marina","sex of flowers","0",NA,"ancestral reconstruction","Lopez-Martinez et al. (2023) | PROTEUS",NA
"5563","Spergularia marina","ovary position","0",NA,"ancestral reconstruction","Lopez-Martinez et al. (2023) | PROTEUS",NA
"5564","Sphenoclea zeylanica","sex of flowers","0",NA,"ancestral reconstruction","Lopez-Martinez et al. (2023) | PROTEUS",NA
"5565","Sphenoclea zeylanica","ovary position","1",NA,"ancestral reconstruction","Lopez-Martinez et al. (2023) | PROTEUS",NA
"5566","Sphenoclea zeylanica","anther orientation","0",NA,"ancestral reconstruction","Lopez-Martinez et al. (2023) | PROTEUS",NA
"5567","Sphenoclea zeylanica","anther attachment","1",NA,"ancestral reconstruction","Lopez-Martinez et al. (2023) | PROTEUS",NA
"5568","Sphenoclea zeylanica","anther dehiscence","0",NA,"ancestral reconstruction","Lopez-Martinez et al. (2023) | PROTEUS",NA
"5569","Sphenoclea zeylanica","fusion of ovaries","1",NA,"ancestral reconstruction","Lopez-Martinez et al. (2023) | PROTEUS",NA
"5570","Spigelia marilandica","sex of flowers","0",NA,"ancestral reconstruction","Lopez-Martinez et al. (2023) | PROTEUS",NA
"5571","Spigelia marilandica","ovary position","0",NA,"ancestral reconstruction","Lopez-Martinez et al. (2023) | PROTEUS",NA
"5572","Spigelia marilandica","fusion of ovaries","1",NA,"ancestral reconstruction","Lopez-Martinez et al. (2023) | PROTEUS",NA
"5573","Spinacia oleracea","no ovules","0",NA,"ancestral reconstruction","Lopez-Martinez et al. (2023) | PROTEUS",NA
"5574","Spinacia oleracea","sex of flowers","1",NA,"ancestral reconstruction","Lopez-Martinez et al. (2023) | PROTEUS",NA
"5575","Spinacia oleracea","ovary position","0",NA,"ancestral reconstruction","Lopez-Martinez et al. (2023) | PROTEUS",NA
"5576","Spinacia oleracea","anther orientation","0",NA,"ancestral reconstruction","Lopez-Martinez et al. (2023) | PROTEUS",NA
"5577","Spinacia oleracea","anther attachment","1",NA,"ancestral reconstruction","Lopez-Martinez et al. (2023) | PROTEUS",NA
"5578","Spinacia oleracea","anther dehiscence","0",NA,"ancestral reconstruction","Lopez-Martinez et al. (2023) | PROTEUS",NA
"5579","Spinacia oleracea","fusion of ovaries","1",NA,"ancestral reconstruction","Lopez-Martinez et al. (2023) | PROTEUS",NA
"5580","Spiraea betulifolia","sex of flowers","0",NA,"ancestral reconstruction","Lopez-Martinez et al. (2023) | PROTEUS",NA
"5581","Spiraea betulifolia","fusion of ovaries","0",NA,"ancestral reconstruction","Lopez-Martinez et al. (2023) | PROTEUS",NA
"5582","Spiraeanthemum ellipticum","no ovules","0",NA,"ancestral reconstruction","Lopez-Martinez et al. (2023) | PROTEUS",NA
"5583","Spiraeanthemum ellipticum","sex of flowers","0",NA,"ancestral reconstruction","Lopez-Martinez et al. (2023) | PROTEUS",NA
"5584","Spiraeanthemum ellipticum","ovary position","0",NA,"ancestral reconstruction","Lopez-Martinez et al. (2023) | PROTEUS",NA
"5585","Spiranthes cernua","sex of flowers","0",NA,"ancestral reconstruction","Lopez-Martinez et al. (2023) | PROTEUS",NA
"5586","Spiranthes cernua","ovary position","1",NA,"ancestral reconstruction","Lopez-Martinez et al. (2023) | PROTEUS",NA
"5587","Spiranthes cernua","fusion of ovaries","1",NA,"ancestral reconstruction","Lopez-Martinez et al. (2023) | PROTEUS",NA
"5588","Spirobassia hirsuta","no ovules","0",NA,"ancestral reconstruction","Lopez-Martinez et al. (2023) | PROTEUS",NA
"5589","Spirobassia hirsuta","sex of flowers","0",NA,"ancestral reconstruction","Lopez-Martinez et al. (2023) | PROTEUS",NA
"5590","Spirobassia hirsuta","anther dehiscence","0",NA,"ancestral reconstruction","Lopez-Martinez et al. (2023) | PROTEUS",NA
"5591","Spirodela polyrhiza","no ovules","0&1",NA,"ancestral reconstruction","Lopez-Martinez et al. (2023) | PROTEUS",NA
"5592","Spirodela polyrhiza","sex of flowers","0",NA,"ancestral reconstruction","Lopez-Martinez et al. (2023) | PROTEUS",NA
"5593","Spirodela polyrhiza","ovary position","0",NA,"ancestral reconstruction","Lopez-Martinez et al. (2023) | PROTEUS",NA
"5594","Spondias tuberosa","no ovules","0",NA,"ancestral reconstruction","Lopez-Martinez et al. (2023) | PROTEUS",NA
"5595","Spondias tuberosa","sex of flowers","0",NA,"ancestral reconstruction","Lopez-Martinez et al. (2023) | PROTEUS",NA
"5596","Spondias tuberosa","anther attachment","1",NA,"ancestral reconstruction","Lopez-Martinez et al. (2023) | PROTEUS",NA
"5597","Spondias tuberosa","anther dehiscence","0",NA,"ancestral reconstruction","Lopez-Martinez et al. (2023) | PROTEUS",NA
"5598","Stachyurus chinensis","no ovules","2",NA,"ancestral reconstruction","Lopez-Martinez et al. (2023) | PROTEUS",NA
"5599","Stachyurus chinensis","sex of flowers","0",NA,"ancestral reconstruction","Lopez-Martinez et al. (2023) | PROTEUS",NA
"5600","Stachyurus chinensis","ovary position","0",NA,"ancestral reconstruction","Lopez-Martinez et al. (2023) | PROTEUS",NA
"5601","Stachyurus chinensis","anther orientation","0",NA,"ancestral reconstruction","Lopez-Martinez et al. (2023) | PROTEUS",NA
"5602","Stachyurus chinensis","anther attachment","1",NA,"ancestral reconstruction","Lopez-Martinez et al. (2023) | PROTEUS",NA
"5603","Stachyurus chinensis","anther dehiscence","0",NA,"ancestral reconstruction","Lopez-Martinez et al. (2023) | PROTEUS",NA
"5604","Stachyurus chinensis","fusion of ovaries","1",NA,"ancestral reconstruction","Lopez-Martinez et al. (2023) | PROTEUS",NA
"5605","Stachyurus praecox","anther orientation","0",NA,"ancestral reconstruction","Lopez-Martinez et al. (2023) | PROTEUS",NA
"5606","Stachyurus praecox","anther dehiscence","0",NA,"ancestral reconstruction","Lopez-Martinez et al. (2023) | PROTEUS",NA
"5607","Stachyurus praecox","fusion of ovaries","1",NA,"ancestral reconstruction","Lopez-Martinez et al. (2023) | PROTEUS",NA
"5608","Stackhousia minima","sex of flowers","0",NA,"ancestral reconstruction","Lopez-Martinez et al. (2023) | PROTEUS",NA
"5609","Stackhousia minima","ovary position","0",NA,"ancestral reconstruction","Lopez-Martinez et al. (2023) | PROTEUS",NA
"5610","Stackhousia minima","anther dehiscence","0",NA,"ancestral reconstruction","Lopez-Martinez et al. (2023) | PROTEUS",NA
"5611","Stackhousia minima","fusion of ovaries","1",NA,"ancestral reconstruction","Lopez-Martinez et al. (2023) | PROTEUS",NA
"5612","Staphylea trifolia","no ovules","2",NA,"ancestral reconstruction","Lopez-Martinez et al. (2023) | PROTEUS",NA
"5613","Staphylea trifolia","sex of flowers","0",NA,"ancestral reconstruction","Lopez-Martinez et al. (2023) | PROTEUS",NA
"5614","Staphylea trifolia","ovary position","0",NA,"ancestral reconstruction","Lopez-Martinez et al. (2023) | PROTEUS",NA
"5615","Staphylea trifolia","anther orientation","0",NA,"ancestral reconstruction","Lopez-Martinez et al. (2023) | PROTEUS",NA
"5616","Staphylea trifolia","anther attachment","1",NA,"ancestral reconstruction","Lopez-Martinez et al. (2023) | PROTEUS",NA
"5617","Staphylea trifolia","anther dehiscence","0",NA,"ancestral reconstruction","Lopez-Martinez et al. (2023) | PROTEUS",NA
"5618","Staphylea trifolia","fusion of ovaries","1",NA,"ancestral reconstruction","Lopez-Martinez et al. (2023) | PROTEUS",NA
"5619","Staurogyne concinnula","sex of flowers","0",NA,"ancestral reconstruction","Lopez-Martinez et al. (2023) | PROTEUS",NA
"5620","Stegnosperma cubense","no ovules","0",NA,"ancestral reconstruction","Lopez-Martinez et al. (2023) | PROTEUS",NA
"5621","Stegnosperma cubense","ovary position","0",NA,"ancestral reconstruction","Lopez-Martinez et al. (2023) | PROTEUS",NA
"5622","Stegnosperma cubense","anther attachment","0",NA,"ancestral reconstruction","Lopez-Martinez et al. (2023) | PROTEUS",NA
"5623","Stegnosperma cubense","fusion of ovaries","1",NA,"ancestral reconstruction","Lopez-Martinez et al. (2023) | PROTEUS",NA
"5624","Stegnosperma halimifolium","no ovules","0",NA,"ancestral reconstruction","Lopez-Martinez et al. (2023) | PROTEUS",NA
"5625","Stegnosperma halimifolium","sex of flowers","0",NA,"ancestral reconstruction","Lopez-Martinez et al. (2023) | PROTEUS",NA
"5626","Stegnosperma halimifolium","ovary position","0",NA,"ancestral reconstruction","Lopez-Martinez et al. (2023) | PROTEUS",NA
"5627","Stegnosperma halimifolium","anther attachment","1",NA,"ancestral reconstruction","Lopez-Martinez et al. (2023) | PROTEUS",NA
"5628","Stegnosperma halimifolium","fusion of ovaries","1",NA,"ancestral reconstruction","Lopez-Martinez et al. (2023) | PROTEUS",NA
"5629","Stegolepis ligulata","sex of flowers","0",NA,"ancestral reconstruction","Lopez-Martinez et al. (2023) | PROTEUS",NA
"5630","Stegolepis ligulata","ovary position","0",NA,"ancestral reconstruction","Lopez-Martinez et al. (2023) | PROTEUS",NA
"5631","Stegolepis ligulata","anther attachment","0",NA,"ancestral reconstruction","Lopez-Martinez et al. (2023) | PROTEUS",NA
"5632","Stegolepis ligulata","anther dehiscence","0",NA,"ancestral reconstruction","Lopez-Martinez et al. (2023) | PROTEUS",NA
"5633","Stegolepis ligulata","fusion of ovaries","1",NA,"ancestral reconstruction","Lopez-Martinez et al. (2023) | PROTEUS",NA
"5634","Stellaria media","sex of flowers","0",NA,"ancestral reconstruction","Lopez-Martinez et al. (2023) | PROTEUS",NA
"5635","Stellaria media","ovary position","0",NA,"ancestral reconstruction","Lopez-Martinez et al. (2023) | PROTEUS",NA
"5636","Stenomeris borneensis","sex of flowers","0",NA,"ancestral reconstruction","Lopez-Martinez et al. (2023) | PROTEUS",NA
"5637","Stenomeris borneensis","ovary position","1",NA,"ancestral reconstruction","Lopez-Martinez et al. (2023) | PROTEUS",NA
"5638","Stenomeris borneensis","anther dehiscence","0",NA,"ancestral reconstruction","Lopez-Martinez et al. (2023) | PROTEUS",NA
"5639","Sterculia apetala","no ovules","1&2",NA,"ancestral reconstruction","Lopez-Martinez et al. (2023) | PROTEUS",NA
"5640","Sterculia apetala","sex of flowers","0&1",NA,"ancestral reconstruction","Lopez-Martinez et al. (2023) | PROTEUS",NA
"5641","Sterculia apetala","ovary position","0",NA,"ancestral reconstruction","Lopez-Martinez et al. (2023) | PROTEUS",NA
"5642","Sterculia apetala","anther orientation","2",NA,"ancestral reconstruction","Lopez-Martinez et al. (2023) | PROTEUS",NA
"5643","Sterculia apetala","anther dehiscence","0",NA,"ancestral reconstruction","Lopez-Martinez et al. (2023) | PROTEUS",NA
"5644","Sterculia apetala","fusion of ovaries","1",NA,"ancestral reconstruction","Lopez-Martinez et al. (2023) | PROTEUS",NA
"5645","Stewartia sinensis","no ovules","1&2",NA,"ancestral reconstruction","Lopez-Martinez et al. (2023) | PROTEUS",NA
"5646","Stewartia sinensis","sex of flowers","0",NA,"ancestral reconstruction","Lopez-Martinez et al. (2023) | PROTEUS",NA
"5647","Stewartia sinensis","ovary position","0",NA,"ancestral reconstruction","Lopez-Martinez et al. (2023) | PROTEUS",NA
"5648","Stewartia sinensis","anther attachment","1",NA,"ancestral reconstruction","Lopez-Martinez et al. (2023) | PROTEUS",NA
"5649","Stewartia sinensis","fusion of ovaries","1",NA,"ancestral reconstruction","Lopez-Martinez et al. (2023) | PROTEUS",NA
"5650","Stifftia chrysantha","sex of flowers","0",NA,"ancestral reconstruction","Lopez-Martinez et al. (2023) | PROTEUS",NA
"5651","Stimpsonia chamaedryoides","no ovules","2",NA,"ancestral reconstruction","Lopez-Martinez et al. (2023) | PROTEUS",NA
"5652","Stimpsonia chamaedryoides","sex of flowers","0",NA,"ancestral reconstruction","Lopez-Martinez et al. (2023) | PROTEUS",NA
"5653","Stimpsonia chamaedryoides","ovary position","0",NA,"ancestral reconstruction","Lopez-Martinez et al. (2023) | PROTEUS",NA
"5654","Stimpsonia chamaedryoides","fusion of ovaries","1",NA,"ancestral reconstruction","Lopez-Martinez et al. (2023) | PROTEUS",NA
"5655","Strasburgeria robusta","no ovules","0",NA,"ancestral reconstruction","Lopez-Martinez et al. (2023) | PROTEUS",NA
"5656","Strasburgeria robusta","sex of flowers","0",NA,"ancestral reconstruction","Lopez-Martinez et al. (2023) | PROTEUS",NA
"5657","Strasburgeria robusta","ovary position","0",NA,"ancestral reconstruction","Lopez-Martinez et al. (2023) | PROTEUS",NA
"5658","Strasburgeria robusta","anther orientation","0",NA,"ancestral reconstruction","Lopez-Martinez et al. (2023) | PROTEUS",NA
"5659","Strasburgeria robusta","anther attachment","1",NA,"ancestral reconstruction","Lopez-Martinez et al. (2023) | PROTEUS",NA
"5660","Strasburgeria robusta","anther dehiscence","0",NA,"ancestral reconstruction","Lopez-Martinez et al. (2023) | PROTEUS",NA
"5661","Strasburgeria robusta","fusion of ovaries","1",NA,"ancestral reconstruction","Lopez-Martinez et al. (2023) | PROTEUS",NA
"5662","Strelitzia nicolai","sex of flowers","0",NA,"ancestral reconstruction","Lopez-Martinez et al. (2023) | PROTEUS",NA
"5663","Strelitzia nicolai","ovary position","1",NA,"ancestral reconstruction","Lopez-Martinez et al. (2023) | PROTEUS",NA
"5664","Strelitzia nicolai","anther dehiscence","0",NA,"ancestral reconstruction","Lopez-Martinez et al. (2023) | PROTEUS",NA
"5665","Strelitzia nicolai","fusion of ovaries","1",NA,"ancestral reconstruction","Lopez-Martinez et al. (2023) | PROTEUS",NA
"5666","Strephonema pseudocola","sex of flowers","0",NA,"ancestral reconstruction","Lopez-Martinez et al. (2023) | PROTEUS",NA
"5667","Strephonema pseudocola","ovary position","1",NA,"ancestral reconstruction","Lopez-Martinez et al. (2023) | PROTEUS",NA
"5668","Strephonema pseudocola","anther dehiscence","0",NA,"ancestral reconstruction","Lopez-Martinez et al. (2023) | PROTEUS",NA
"5669","Streptocarpus holstii","sex of flowers","0",NA,"ancestral reconstruction","Lopez-Martinez et al. (2023) | PROTEUS",NA
"5670","Streptocarpus holstii","ovary position","0",NA,"ancestral reconstruction","Lopez-Martinez et al. (2023) | PROTEUS",NA
"5671","Streptocarpus holstii","anther dehiscence","0",NA,"ancestral reconstruction","Lopez-Martinez et al. (2023) | PROTEUS",NA
"5672","Streptocarpus holstii","fusion of ovaries","1",NA,"ancestral reconstruction","Lopez-Martinez et al. (2023) | PROTEUS",NA
"5673","Streptochaeta angustifolia","sex of flowers","0",NA,"ancestral reconstruction","Lopez-Martinez et al. (2023) | PROTEUS",NA
"5674","Streptochaeta angustifolia","ovary position","0",NA,"ancestral reconstruction","Lopez-Martinez et al. (2023) | PROTEUS",NA
"5675","Streptogyna americana","sex of flowers","0",NA,"ancestral reconstruction","Lopez-Martinez et al. (2023) | PROTEUS",NA
"5676","Streptogyna americana","anther attachment","0",NA,"ancestral reconstruction","Lopez-Martinez et al. (2023) | PROTEUS",NA
"5677","Streptothamnus moorei","sex of flowers","0",NA,"ancestral reconstruction","Lopez-Martinez et al. (2023) | PROTEUS",NA
"5678","Streptothamnus moorei","ovary position","0",NA,"ancestral reconstruction","Lopez-Martinez et al. (2023) | PROTEUS",NA
"5679","Streptothamnus moorei","anther orientation","0&1",NA,"ancestral reconstruction","Lopez-Martinez et al. (2023) | PROTEUS",NA
"5680","Streptothamnus moorei","anther attachment","0",NA,"ancestral reconstruction","Lopez-Martinez et al. (2023) | PROTEUS",NA
"5681","Streptothamnus moorei","anther dehiscence","0",NA,"ancestral reconstruction","Lopez-Martinez et al. (2023) | PROTEUS",NA
"5682","Striga asiatica","sex of flowers","0",NA,"ancestral reconstruction","Lopez-Martinez et al. (2023) | PROTEUS",NA
"5683","Striga asiatica","ovary position","0",NA,"ancestral reconstruction","Lopez-Martinez et al. (2023) | PROTEUS",NA
"5684","Striga asiatica","anther attachment","1",NA,"ancestral reconstruction","Lopez-Martinez et al. (2023) | PROTEUS",NA
"5685","Strombosia grandifolia","no ovules","0",NA,"ancestral reconstruction","Lopez-Martinez et al. (2023) | PROTEUS",NA
"5686","Strombosia grandifolia","sex of flowers","0",NA,"ancestral reconstruction","Lopez-Martinez et al. (2023) | PROTEUS",NA
"5687","Strombosia grandifolia","ovary position","1",NA,"ancestral reconstruction","Lopez-Martinez et al. (2023) | PROTEUS",NA
"5688","Strombosia grandifolia","anther attachment","1",NA,"ancestral reconstruction","Lopez-Martinez et al. (2023) | PROTEUS",NA
"5689","Stylidium graminifolium","no ovules","2",NA,"ancestral reconstruction","Lopez-Martinez et al. (2023) | PROTEUS",NA
"5690","Stylidium graminifolium","sex of flowers","0",NA,"ancestral reconstruction","Lopez-Martinez et al. (2023) | PROTEUS",NA
"5691","Stylidium graminifolium","ovary position","1",NA,"ancestral reconstruction","Lopez-Martinez et al. (2023) | PROTEUS",NA
"5692","Stylidium graminifolium","anther orientation","2",NA,"ancestral reconstruction","Lopez-Martinez et al. (2023) | PROTEUS",NA
"5693","Stylidium graminifolium","anther attachment","0",NA,"ancestral reconstruction","Lopez-Martinez et al. (2023) | PROTEUS",NA
"5694","Stylidium graminifolium","anther dehiscence","0",NA,"ancestral reconstruction","Lopez-Martinez et al. (2023) | PROTEUS",NA
"5695","Stylidium graminifolium","fusion of ovaries","1",NA,"ancestral reconstruction","Lopez-Martinez et al. (2023) | PROTEUS",NA
"5696","Stylobasium spathulatum","no ovules","1",NA,"ancestral reconstruction","Lopez-Martinez et al. (2023) | PROTEUS",NA
"5697","Stylobasium spathulatum","sex of flowers","0",NA,"ancestral reconstruction","Lopez-Martinez et al. (2023) | PROTEUS",NA
"5698","Stylobasium spathulatum","ovary position","0",NA,"ancestral reconstruction","Lopez-Martinez et al. (2023) | PROTEUS",NA
"5699","Stylobasium spathulatum","anther orientation","2",NA,"ancestral reconstruction","Lopez-Martinez et al. (2023) | PROTEUS",NA
"5700","Stylobasium spathulatum","anther attachment","0",NA,"ancestral reconstruction","Lopez-Martinez et al. (2023) | PROTEUS",NA
"5701","Stylobasium spathulatum","anther dehiscence","0",NA,"ancestral reconstruction","Lopez-Martinez et al. (2023) | PROTEUS",NA
"5702","Stylochaeton bogneri","no ovules","1&2",NA,"ancestral reconstruction","Lopez-Martinez et al. (2023) | PROTEUS",NA
"5703","Stylochaeton bogneri","sex of flowers","1",NA,"ancestral reconstruction","Lopez-Martinez et al. (2023) | PROTEUS",NA
"5704","Stylochaeton bogneri","ovary position","0",NA,"ancestral reconstruction","Lopez-Martinez et al. (2023) | PROTEUS",NA
"5705","Stylochaeton bogneri","anther orientation","2",NA,"ancestral reconstruction","Lopez-Martinez et al. (2023) | PROTEUS",NA
"5706","Stylochaeton bogneri","anther attachment","0",NA,"ancestral reconstruction","Lopez-Martinez et al. (2023) | PROTEUS",NA
"5707","Stylochaeton bogneri","anther dehiscence","0",NA,"ancestral reconstruction","Lopez-Martinez et al. (2023) | PROTEUS",NA
"5708","Styrax officinalis","no ovules","2",NA,"ancestral reconstruction","Lopez-Martinez et al. (2023) | PROTEUS",NA
"5709","Styrax officinalis","sex of flowers","0",NA,"ancestral reconstruction","Lopez-Martinez et al. (2023) | PROTEUS",NA
"5710","Styrax officinalis","ovary position","1",NA,"ancestral reconstruction","Lopez-Martinez et al. (2023) | PROTEUS",NA
"5711","Styrax officinalis","anther orientation","0",NA,"ancestral reconstruction","Lopez-Martinez et al. (2023) | PROTEUS",NA
"5712","Styrax officinalis","anther attachment","1",NA,"ancestral reconstruction","Lopez-Martinez et al. (2023) | PROTEUS",NA
"5713","Styrax officinalis","anther dehiscence","0",NA,"ancestral reconstruction","Lopez-Martinez et al. (2023) | PROTEUS",NA
"5714","Styrax officinalis","fusion of ovaries","1",NA,"ancestral reconstruction","Lopez-Martinez et al. (2023) | PROTEUS",NA
"5715","Suaeda altissima","no ovules","0",NA,"ancestral reconstruction","Lopez-Martinez et al. (2023) | PROTEUS",NA
"5716","Suaeda altissima","sex of flowers","0",NA,"ancestral reconstruction","Lopez-Martinez et al. (2023) | PROTEUS",NA
"5717","Suaeda altissima","ovary position","0",NA,"ancestral reconstruction","Lopez-Martinez et al. (2023) | PROTEUS",NA
"5718","Suaeda altissima","anther attachment","1",NA,"ancestral reconstruction","Lopez-Martinez et al. (2023) | PROTEUS",NA
"5719","Suaeda altissima","anther dehiscence","0",NA,"ancestral reconstruction","Lopez-Martinez et al. (2023) | PROTEUS",NA
"5720","Suaeda altissima","fusion of ovaries","1",NA,"ancestral reconstruction","Lopez-Martinez et al. (2023) | PROTEUS",NA
"5721","Suregada boiviniana","no ovules","0",NA,"ancestral reconstruction","Lopez-Martinez et al. (2023) | PROTEUS",NA
"5722","Suregada boiviniana","sex of flowers","0&1",NA,"ancestral reconstruction","Lopez-Martinez et al. (2023) | PROTEUS",NA
"5723","Suregada boiviniana","ovary position","0",NA,"ancestral reconstruction","Lopez-Martinez et al. (2023) | PROTEUS",NA
"5724","Suregada boiviniana","anther orientation","2",NA,"ancestral reconstruction","Lopez-Martinez et al. (2023) | PROTEUS",NA
"5725","Suregada boiviniana","anther dehiscence","0",NA,"ancestral reconstruction","Lopez-Martinez et al. (2023) | PROTEUS",NA
"5726","Swietenia macrophylla","no ovules","2",NA,"ancestral reconstruction","Lopez-Martinez et al. (2023) | PROTEUS",NA
"5727","Swietenia macrophylla","sex of flowers","0",NA,"ancestral reconstruction","Lopez-Martinez et al. (2023) | PROTEUS",NA
"5728","Swietenia macrophylla","ovary position","0",NA,"ancestral reconstruction","Lopez-Martinez et al. (2023) | PROTEUS",NA
"5729","Swietenia macrophylla","anther orientation","1",NA,"ancestral reconstruction","Lopez-Martinez et al. (2023) | PROTEUS",NA
"5730","Swietenia macrophylla","anther attachment","1",NA,"ancestral reconstruction","Lopez-Martinez et al. (2023) | PROTEUS",NA
"5731","Swietenia macrophylla","anther dehiscence","0",NA,"ancestral reconstruction","Lopez-Martinez et al. (2023) | PROTEUS",NA
"5732","Swietenia macrophylla","fusion of ovaries","1",NA,"ancestral reconstruction","Lopez-Martinez et al. (2023) | PROTEUS",NA
"5733","Symmeria paniculata","sex of flowers","1",NA,"ancestral reconstruction","Lopez-Martinez et al. (2023) | PROTEUS",NA
"5734","Symmeria paniculata","ovary position","0",NA,"ancestral reconstruction","Lopez-Martinez et al. (2023) | PROTEUS",NA
"5735","Symmeria paniculata","anther attachment","1",NA,"ancestral reconstruction","Lopez-Martinez et al. (2023) | PROTEUS",NA
"5736","Symmeria paniculata","anther dehiscence","0",NA,"ancestral reconstruction","Lopez-Martinez et al. (2023) | PROTEUS",NA
"5737","Symphionema montanum","no ovules","0&1",NA,"ancestral reconstruction","Lopez-Martinez et al. (2023) | PROTEUS",NA
"5738","Symphionema montanum","sex of flowers","0",NA,"ancestral reconstruction","Lopez-Martinez et al. (2023) | PROTEUS",NA
"5739","Symphionema montanum","ovary position","0",NA,"ancestral reconstruction","Lopez-Martinez et al. (2023) | PROTEUS",NA
"5740","Symphionema montanum","anther orientation","0",NA,"ancestral reconstruction","Lopez-Martinez et al. (2023) | PROTEUS",NA
"5741","Symphionema montanum","anther attachment","0",NA,"ancestral reconstruction","Lopez-Martinez et al. (2023) | PROTEUS",NA
"5742","Symphionema montanum","anther dehiscence","0",NA,"ancestral reconstruction","Lopez-Martinez et al. (2023) | PROTEUS",NA
"5743","Symplocarpus foetidus","no ovules","0",NA,"ancestral reconstruction","Lopez-Martinez et al. (2023) | PROTEUS",NA
"5744","Symplocarpus foetidus","sex of flowers","0",NA,"ancestral reconstruction","Lopez-Martinez et al. (2023) | PROTEUS",NA
"5745","Symplocarpus foetidus","ovary position","0",NA,"ancestral reconstruction","Lopez-Martinez et al. (2023) | PROTEUS",NA
"5746","Symplocarpus foetidus","anther orientation","2",NA,"ancestral reconstruction","Lopez-Martinez et al. (2023) | PROTEUS",NA
"5747","Symplocarpus foetidus","anther attachment","0",NA,"ancestral reconstruction","Lopez-Martinez et al. (2023) | PROTEUS",NA
"5748","Symplocarpus foetidus","anther dehiscence","0",NA,"ancestral reconstruction","Lopez-Martinez et al. (2023) | PROTEUS",NA
"5749","Symplocos zizyphoides","no ovules","1&2",NA,"ancestral reconstruction","Lopez-Martinez et al. (2023) | PROTEUS",NA
"5750","Symplocos zizyphoides","sex of flowers","0",NA,"ancestral reconstruction","Lopez-Martinez et al. (2023) | PROTEUS",NA
"5751","Symplocos zizyphoides","ovary position","1",NA,"ancestral reconstruction","Lopez-Martinez et al. (2023) | PROTEUS",NA
"5752","Symplocos zizyphoides","anther orientation","0",NA,"ancestral reconstruction","Lopez-Martinez et al. (2023) | PROTEUS",NA
"5753","Symplocos zizyphoides","anther attachment","0",NA,"ancestral reconstruction","Lopez-Martinez et al. (2023) | PROTEUS",NA
"5754","Symplocos zizyphoides","anther dehiscence","0",NA,"ancestral reconstruction","Lopez-Martinez et al. (2023) | PROTEUS",NA
"5755","Symplocos zizyphoides","fusion of ovaries","1",NA,"ancestral reconstruction","Lopez-Martinez et al. (2023) | PROTEUS",NA
"5756","Syngonanthus flavidulus","no ovules","0",NA,"ancestral reconstruction","Lopez-Martinez et al. (2023) | PROTEUS",NA
"5757","Syngonanthus flavidulus","sex of flowers","0",NA,"ancestral reconstruction","Lopez-Martinez et al. (2023) | PROTEUS",NA
"5758","Syngonanthus flavidulus","ovary position","0",NA,"ancestral reconstruction","Lopez-Martinez et al. (2023) | PROTEUS",NA
"5759","Syngonanthus flavidulus","anther orientation","0",NA,"ancestral reconstruction","Lopez-Martinez et al. (2023) | PROTEUS",NA
"5760","Syngonanthus flavidulus","anther attachment","1",NA,"ancestral reconstruction","Lopez-Martinez et al. (2023) | PROTEUS",NA
"5761","Syngonanthus flavidulus","anther dehiscence","0",NA,"ancestral reconstruction","Lopez-Martinez et al. (2023) | PROTEUS",NA
"5762","Syngonanthus flavidulus","fusion of ovaries","1",NA,"ancestral reconstruction","Lopez-Martinez et al. (2023) | PROTEUS",NA
"5763","Syringa vulgaris","no ovules","1",NA,"ancestral reconstruction","Lopez-Martinez et al. (2023) | PROTEUS",NA
"5764","Syringa vulgaris","sex of flowers","0",NA,"ancestral reconstruction","Lopez-Martinez et al. (2023) | PROTEUS",NA
"5765","Syringa vulgaris","ovary position","0",NA,"ancestral reconstruction","Lopez-Martinez et al. (2023) | PROTEUS",NA
"5766","Syringa vulgaris","fusion of ovaries","1",NA,"ancestral reconstruction","Lopez-Martinez et al. (2023) | PROTEUS",NA
"5767","Tabernaemontana divaricata","sex of flowers","0",NA,"ancestral reconstruction","Lopez-Martinez et al. (2023) | PROTEUS",NA
"5768","Tabernaemontana divaricata","ovary position","0",NA,"ancestral reconstruction","Lopez-Martinez et al. (2023) | PROTEUS",NA
"5769","Tabernaemontana divaricata","anther orientation","0",NA,"ancestral reconstruction","Lopez-Martinez et al. (2023) | PROTEUS",NA
"5770","Tabernaemontana divaricata","anther dehiscence","0",NA,"ancestral reconstruction","Lopez-Martinez et al. (2023) | PROTEUS",NA
"5771","Tabernaemontana divaricata","fusion of ovaries","0",NA,"ancestral reconstruction","Lopez-Martinez et al. (2023) | PROTEUS",NA
"5772","Tacca chantrieri","no ovules","2",NA,"ancestral reconstruction","Lopez-Martinez et al. (2023) | PROTEUS",NA
"5773","Tacca chantrieri","sex of flowers","0",NA,"ancestral reconstruction","Lopez-Martinez et al. (2023) | PROTEUS",NA
"5774","Tacca chantrieri","ovary position","1",NA,"ancestral reconstruction","Lopez-Martinez et al. (2023) | PROTEUS",NA
"5775","Tacca chantrieri","anther orientation","0",NA,"ancestral reconstruction","Lopez-Martinez et al. (2023) | PROTEUS",NA
"5776","Tacca leontopetaloides","no ovules","2",NA,"ancestral reconstruction","Lopez-Martinez et al. (2023) | PROTEUS",NA
"5777","Tacca leontopetaloides","sex of flowers","0",NA,"ancestral reconstruction","Lopez-Martinez et al. (2023) | PROTEUS",NA
"5778","Tacca leontopetaloides","ovary position","1",NA,"ancestral reconstruction","Lopez-Martinez et al. (2023) | PROTEUS",NA
"5779","Tacca leontopetaloides","anther orientation","0",NA,"ancestral reconstruction","Lopez-Martinez et al. (2023) | PROTEUS",NA
"5780","Takhtajania perrieri","no ovules","2",NA,"ancestral reconstruction","Lopez-Martinez et al. (2023) | PROTEUS",NA
"5781","Takhtajania perrieri","sex of flowers","0",NA,"ancestral reconstruction","Lopez-Martinez et al. (2023) | PROTEUS",NA
"5782","Takhtajania perrieri","ovary position","0",NA,"ancestral reconstruction","Lopez-Martinez et al. (2023) | PROTEUS",NA
"5783","Takhtajania perrieri","anther orientation","2",NA,"ancestral reconstruction","Lopez-Martinez et al. (2023) | PROTEUS",NA
"5784","Takhtajania perrieri","anther attachment","0",NA,"ancestral reconstruction","Lopez-Martinez et al. (2023) | PROTEUS",NA
"5785","Takhtajania perrieri","anther dehiscence","0",NA,"ancestral reconstruction","Lopez-Martinez et al. (2023) | PROTEUS",NA
"5786","Takhtajania perrieri","fusion of ovaries","1",NA,"ancestral reconstruction","Lopez-Martinez et al. (2023) | PROTEUS",NA
"5787","Talinopsis frutescens","sex of flowers","0",NA,"ancestral reconstruction","Lopez-Martinez et al. (2023) | PROTEUS",NA
"5788","Talinopsis frutescens","ovary position","0",NA,"ancestral reconstruction","Lopez-Martinez et al. (2023) | PROTEUS",NA
"5789","Talinopsis frutescens","anther attachment","0",NA,"ancestral reconstruction","Lopez-Martinez et al. (2023) | PROTEUS",NA
"5790","Talinopsis frutescens","anther dehiscence","0",NA,"ancestral reconstruction","Lopez-Martinez et al. (2023) | PROTEUS",NA
"5791","Talinum caffrum","sex of flowers","0",NA,"ancestral reconstruction","Lopez-Martinez et al. (2023) | PROTEUS",NA
"5792","Talinum caffrum","ovary position","0",NA,"ancestral reconstruction","Lopez-Martinez et al. (2023) | PROTEUS",NA
"5793","Talinum paniculatum","no ovules","2",NA,"ancestral reconstruction","Lopez-Martinez et al. (2023) | PROTEUS",NA
"5794","Talinum paniculatum","sex of flowers","0",NA,"ancestral reconstruction","Lopez-Martinez et al. (2023) | PROTEUS",NA
"5795","Talinum paniculatum","ovary position","0",NA,"ancestral reconstruction","Lopez-Martinez et al. (2023) | PROTEUS",NA
"5796","Talinum paniculatum","anther orientation","0",NA,"ancestral reconstruction","Lopez-Martinez et al. (2023) | PROTEUS",NA
"5797","Talinum paniculatum","anther dehiscence","0",NA,"ancestral reconstruction","Lopez-Martinez et al. (2023) | PROTEUS",NA
"5798","Tamarindus indica","sex of flowers","0",NA,"ancestral reconstruction","Lopez-Martinez et al. (2023) | PROTEUS",NA
"5799","Tamarindus indica","ovary position","0",NA,"ancestral reconstruction","Lopez-Martinez et al. (2023) | PROTEUS",NA
"5800","Tamarindus indica","anther attachment","1",NA,"ancestral reconstruction","Lopez-Martinez et al. (2023) | PROTEUS",NA
"5801","Tamarindus indica","anther dehiscence","0",NA,"ancestral reconstruction","Lopez-Martinez et al. (2023) | PROTEUS",NA
"5802","Tamarix chinensis","sex of flowers","0",NA,"ancestral reconstruction","Lopez-Martinez et al. (2023) | PROTEUS",NA
"5803","Tamarix chinensis","anther orientation","2",NA,"ancestral reconstruction","Lopez-Martinez et al. (2023) | PROTEUS",NA
"5804","Tamarix chinensis","anther dehiscence","0",NA,"ancestral reconstruction","Lopez-Martinez et al. (2023) | PROTEUS",NA
"5805","Tapiscia sinensis","ovary position","0",NA,"ancestral reconstruction","Lopez-Martinez et al. (2023) | PROTEUS",NA
"5806","Tapiscia sinensis","anther orientation","0",NA,"ancestral reconstruction","Lopez-Martinez et al. (2023) | PROTEUS",NA
"5807","Tapiscia sinensis","anther attachment","1",NA,"ancestral reconstruction","Lopez-Martinez et al. (2023) | PROTEUS",NA
"5808","Tapiscia sinensis","anther dehiscence","0",NA,"ancestral reconstruction","Lopez-Martinez et al. (2023) | PROTEUS",NA
"5809","Tapiscia sinensis","fusion of ovaries","1",NA,"ancestral reconstruction","Lopez-Martinez et al. (2023) | PROTEUS",NA
"5810","Tapura guianensis","no ovules","1",NA,"ancestral reconstruction","Lopez-Martinez et al. (2023) | PROTEUS",NA
"5811","Tapura guianensis","sex of flowers","0",NA,"ancestral reconstruction","Lopez-Martinez et al. (2023) | PROTEUS",NA
"5812","Tapura guianensis","ovary position","0",NA,"ancestral reconstruction","Lopez-Martinez et al. (2023) | PROTEUS",NA
"5813","Tapura guianensis","anther orientation","0",NA,"ancestral reconstruction","Lopez-Martinez et al. (2023) | PROTEUS",NA
"5814","Tapura guianensis","anther attachment","1",NA,"ancestral reconstruction","Lopez-Martinez et al. (2023) | PROTEUS",NA
"5815","Tapura guianensis","fusion of ovaries","1",NA,"ancestral reconstruction","Lopez-Martinez et al. (2023) | PROTEUS",NA
"5816","Tecophilaea cyanocrocus","sex of flowers","0",NA,"ancestral reconstruction","Lopez-Martinez et al. (2023) | PROTEUS",NA
"5817","Tecophilaea cyanocrocus","ovary position","1",NA,"ancestral reconstruction","Lopez-Martinez et al. (2023) | PROTEUS",NA
"5818","Tecophilaea cyanocrocus","anther attachment","0",NA,"ancestral reconstruction","Lopez-Martinez et al. (2023) | PROTEUS",NA
"5819","Tecophilaea cyanocrocus","anther dehiscence","0",NA,"ancestral reconstruction","Lopez-Martinez et al. (2023) | PROTEUS",NA
"5820","Tecophilaea cyanocrocus","fusion of ovaries","1",NA,"ancestral reconstruction","Lopez-Martinez et al. (2023) | PROTEUS",NA
"5821","Tectona grandis","sex of flowers","0",NA,"ancestral reconstruction","Lopez-Martinez et al. (2023) | PROTEUS",NA
"5822","Tectona grandis","ovary position","0",NA,"ancestral reconstruction","Lopez-Martinez et al. (2023) | PROTEUS",NA
"5823","Tectona grandis","anther dehiscence","0",NA,"ancestral reconstruction","Lopez-Martinez et al. (2023) | PROTEUS",NA
"5824","Tectona hamiltoniana","sex of flowers","0",NA,"ancestral reconstruction","Lopez-Martinez et al. (2023) | PROTEUS",NA
"5825","Tectona hamiltoniana","anther attachment","1",NA,"ancestral reconstruction","Lopez-Martinez et al. (2023) | PROTEUS",NA
"5826","Tectona hamiltoniana","anther dehiscence","0",NA,"ancestral reconstruction","Lopez-Martinez et al. (2023) | PROTEUS",NA
"5827","Tectona hamiltoniana","fusion of ovaries","1",NA,"ancestral reconstruction","Lopez-Martinez et al. (2023) | PROTEUS",NA
"5828","Telephium imperati","sex of flowers","0",NA,"ancestral reconstruction","Lopez-Martinez et al. (2023) | PROTEUS",NA
"5829","Telephium imperati","ovary position","0",NA,"ancestral reconstruction","Lopez-Martinez et al. (2023) | PROTEUS",NA
"5830","Telephium imperati","anther attachment","1",NA,"ancestral reconstruction","Lopez-Martinez et al. (2023) | PROTEUS",NA
"5831","Telephium imperati","fusion of ovaries","1",NA,"ancestral reconstruction","Lopez-Martinez et al. (2023) | PROTEUS",NA
"5832","Terminalia catappa","no ovules","1",NA,"ancestral reconstruction","Lopez-Martinez et al. (2023) | PROTEUS",NA
"5833","Terminalia catappa","sex of flowers","0&1",NA,"ancestral reconstruction","Lopez-Martinez et al. (2023) | PROTEUS",NA
"5834","Terminalia catappa","ovary position","1",NA,"ancestral reconstruction","Lopez-Martinez et al. (2023) | PROTEUS",NA
"5835","Terminalia catappa","anther attachment","1",NA,"ancestral reconstruction","Lopez-Martinez et al. (2023) | PROTEUS",NA
"5836","Terminalia catappa","anther dehiscence","0",NA,"ancestral reconstruction","Lopez-Martinez et al. (2023) | PROTEUS",NA
"5837","Terminalia catappa","fusion of ovaries","1",NA,"ancestral reconstruction","Lopez-Martinez et al. (2023) | PROTEUS",NA
"5838","Tetracarpaea tasmannica","no ovules","2",NA,"ancestral reconstruction","Lopez-Martinez et al. (2023) | PROTEUS",NA
"5839","Tetracarpaea tasmannica","sex of flowers","0",NA,"ancestral reconstruction","Lopez-Martinez et al. (2023) | PROTEUS",NA
"5840","Tetracarpaea tasmannica","ovary position","0",NA,"ancestral reconstruction","Lopez-Martinez et al. (2023) | PROTEUS",NA
"5841","Tetracarpaea tasmannica","anther orientation","1",NA,"ancestral reconstruction","Lopez-Martinez et al. (2023) | PROTEUS",NA
"5842","Tetracarpaea tasmannica","anther attachment","0",NA,"ancestral reconstruction","Lopez-Martinez et al. (2023) | PROTEUS",NA
"5843","Tetracarpaea tasmannica","anther dehiscence","0",NA,"ancestral reconstruction","Lopez-Martinez et al. (2023) | PROTEUS",NA
"5844","Tetracarpaea tasmannica","fusion of ovaries","0&1",NA,"ancestral reconstruction","Lopez-Martinez et al. (2023) | PROTEUS",NA
"5845","Tetracentron sinense","no ovules","2",NA,"ancestral reconstruction","Lopez-Martinez et al. (2023) | PROTEUS",NA
"5846","Tetracentron sinense","sex of flowers","0",NA,"ancestral reconstruction","Lopez-Martinez et al. (2023) | PROTEUS",NA
"5847","Tetracentron sinense","ovary position","1",NA,"ancestral reconstruction","Lopez-Martinez et al. (2023) | PROTEUS",NA
"5848","Tetracentron sinense","anther orientation","1",NA,"ancestral reconstruction","Lopez-Martinez et al. (2023) | PROTEUS",NA
"5849","Tetracentron sinense","anther attachment","0",NA,"ancestral reconstruction","Lopez-Martinez et al. (2023) | PROTEUS",NA
"5850","Tetracentron sinense","anther dehiscence","1",NA,"ancestral reconstruction","Lopez-Martinez et al. (2023) | PROTEUS",NA
"5851","Tetracentron sinense","fusion of ovaries","1",NA,"ancestral reconstruction","Lopez-Martinez et al. (2023) | PROTEUS",NA
"5852","Tetracera asiatica","no ovules","2",NA,"ancestral reconstruction","Lopez-Martinez et al. (2023) | PROTEUS",NA
"5853","Tetracera asiatica","sex of flowers","0",NA,"ancestral reconstruction","Lopez-Martinez et al. (2023) | PROTEUS",NA
"5854","Tetracera asiatica","ovary position","0",NA,"ancestral reconstruction","Lopez-Martinez et al. (2023) | PROTEUS",NA
"5855","Tetracera asiatica","anther attachment","0",NA,"ancestral reconstruction","Lopez-Martinez et al. (2023) | PROTEUS",NA
"5856","Tetracera asiatica","anther dehiscence","0",NA,"ancestral reconstruction","Lopez-Martinez et al. (2023) | PROTEUS",NA
"5857","Tetracera asiatica","fusion of ovaries","0",NA,"ancestral reconstruction","Lopez-Martinez et al. (2023) | PROTEUS",NA
"5858","Tetrachondra patagonica","sex of flowers","0",NA,"ancestral reconstruction","Lopez-Martinez et al. (2023) | PROTEUS",NA
"5859","Tetrachondra patagonica","ovary position","0",NA,"ancestral reconstruction","Lopez-Martinez et al. (2023) | PROTEUS",NA
"5860","Tetrachondra patagonica","anther orientation","0",NA,"ancestral reconstruction","Lopez-Martinez et al. (2023) | PROTEUS",NA
"5861","Tetrachondra patagonica","anther attachment","1",NA,"ancestral reconstruction","Lopez-Martinez et al. (2023) | PROTEUS",NA
"5862","Tetrachondra patagonica","fusion of ovaries","1",NA,"ancestral reconstruction","Lopez-Martinez et al. (2023) | PROTEUS",NA
"5863","Tetragonia tetragonoides","sex of flowers","0",NA,"ancestral reconstruction","Lopez-Martinez et al. (2023) | PROTEUS",NA
"5864","Tetragonia tetragonoides","ovary position","1",NA,"ancestral reconstruction","Lopez-Martinez et al. (2023) | PROTEUS",NA
"5865","Tetrameles nudiflora","sex of flowers","1",NA,"ancestral reconstruction","Lopez-Martinez et al. (2023) | PROTEUS",NA
"5866","Tetrameles nudiflora","ovary position","1",NA,"ancestral reconstruction","Lopez-Martinez et al. (2023) | PROTEUS",NA
"5867","Tetrameles nudiflora","anther attachment","0",NA,"ancestral reconstruction","Lopez-Martinez et al. (2023) | PROTEUS",NA
"5868","Tetrameles nudiflora","fusion of ovaries","1",NA,"ancestral reconstruction","Lopez-Martinez et al. (2023) | PROTEUS",NA
"5869","Tetramerista crassifolia","no ovules","0",NA,"ancestral reconstruction","Lopez-Martinez et al. (2023) | PROTEUS",NA
"5870","Tetramerista crassifolia","sex of flowers","0",NA,"ancestral reconstruction","Lopez-Martinez et al. (2023) | PROTEUS",NA
"5871","Tetramerista crassifolia","ovary position","0",NA,"ancestral reconstruction","Lopez-Martinez et al. (2023) | PROTEUS",NA
"5872","Tetramerista crassifolia","anther attachment","0",NA,"ancestral reconstruction","Lopez-Martinez et al. (2023) | PROTEUS",NA
"5873","Tetramerista crassifolia","fusion of ovaries","1",NA,"ancestral reconstruction","Lopez-Martinez et al. (2023) | PROTEUS",NA
"5874","Tetroncium magellanicum","no ovules","0",NA,"ancestral reconstruction","Lopez-Martinez et al. (2023) | PROTEUS",NA
"5875","Tetroncium magellanicum","sex of flowers","1",NA,"ancestral reconstruction","Lopez-Martinez et al. (2023) | PROTEUS",NA
"5876","Tetroncium magellanicum","ovary position","0",NA,"ancestral reconstruction","Lopez-Martinez et al. (2023) | PROTEUS",NA
"5877","Tetroncium magellanicum","anther orientation","2",NA,"ancestral reconstruction","Lopez-Martinez et al. (2023) | PROTEUS",NA
"5878","Tetroncium magellanicum","anther attachment","0",NA,"ancestral reconstruction","Lopez-Martinez et al. (2023) | PROTEUS",NA
"5879","Tetroncium magellanicum","fusion of ovaries","1",NA,"ancestral reconstruction","Lopez-Martinez et al. (2023) | PROTEUS",NA
"5880","Tetrorchidium gabonense","no ovules","0",NA,"ancestral reconstruction","Lopez-Martinez et al. (2023) | PROTEUS",NA
"5881","Tetrorchidium gabonense","ovary position","0",NA,"ancestral reconstruction","Lopez-Martinez et al. (2023) | PROTEUS",NA
"5882","Thalictrum minus","no ovules","0",NA,"ancestral reconstruction","Lopez-Martinez et al. (2023) | PROTEUS",NA
"5883","Thalictrum minus","sex of flowers","0",NA,"ancestral reconstruction","Lopez-Martinez et al. (2023) | PROTEUS",NA
"5884","Thalictrum minus","ovary position","0",NA,"ancestral reconstruction","Lopez-Martinez et al. (2023) | PROTEUS",NA
"5885","Thalictrum minus","anther attachment","0",NA,"ancestral reconstruction","Lopez-Martinez et al. (2023) | PROTEUS",NA
"5886","Thalictrum minus","anther dehiscence","0",NA,"ancestral reconstruction","Lopez-Martinez et al. (2023) | PROTEUS",NA
"5887","Thalictrum minus","fusion of ovaries","0",NA,"ancestral reconstruction","Lopez-Martinez et al. (2023) | PROTEUS",NA
"5888","Theobroma cacao","sex of flowers","0",NA,"ancestral reconstruction","Lopez-Martinez et al. (2023) | PROTEUS",NA
"5889","Theobroma cacao","ovary position","0",NA,"ancestral reconstruction","Lopez-Martinez et al. (2023) | PROTEUS",NA
"5890","Theobroma cacao","anther orientation","2",NA,"ancestral reconstruction","Lopez-Martinez et al. (2023) | PROTEUS",NA
"5891","Theobroma cacao","anther attachment","1",NA,"ancestral reconstruction","Lopez-Martinez et al. (2023) | PROTEUS",NA
"5892","Theobroma cacao","anther dehiscence","0",NA,"ancestral reconstruction","Lopez-Martinez et al. (2023) | PROTEUS",NA
"5893","Theobroma cacao","fusion of ovaries","1",NA,"ancestral reconstruction","Lopez-Martinez et al. (2023) | PROTEUS",NA
"5894","Thismia rodwayi","ovary position","1",NA,"ancestral reconstruction","Lopez-Martinez et al. (2023) | PROTEUS",NA
"5895","Thismia rodwayi","anther orientation","0&2",NA,"ancestral reconstruction","Lopez-Martinez et al. (2023) | PROTEUS",NA
"5896","Thomandersia hensii","no ovules","0&1&2",NA,"ancestral reconstruction","Lopez-Martinez et al. (2023) | PROTEUS",NA
"5897","Thomandersia hensii","sex of flowers","0",NA,"ancestral reconstruction","Lopez-Martinez et al. (2023) | PROTEUS",NA
"5898","Thomandersia hensii","ovary position","0",NA,"ancestral reconstruction","Lopez-Martinez et al. (2023) | PROTEUS",NA
"5899","Thomandersia hensii","fusion of ovaries","1",NA,"ancestral reconstruction","Lopez-Martinez et al. (2023) | PROTEUS",NA
"5900","Thomandersia laurifolia","no ovules","0&1&2",NA,"ancestral reconstruction","Lopez-Martinez et al. (2023) | PROTEUS",NA
"5901","Thomandersia laurifolia","sex of flowers","0",NA,"ancestral reconstruction","Lopez-Martinez et al. (2023) | PROTEUS",NA
"5902","Thomandersia laurifolia","ovary position","0",NA,"ancestral reconstruction","Lopez-Martinez et al. (2023) | PROTEUS",NA
"5903","Thomandersia laurifolia","fusion of ovaries","1",NA,"ancestral reconstruction","Lopez-Martinez et al. (2023) | PROTEUS",NA
"5904","Thunbergia alata","no ovules","1",NA,"ancestral reconstruction","Lopez-Martinez et al. (2023) | PROTEUS",NA
"5905","Thunbergia alata","sex of flowers","0",NA,"ancestral reconstruction","Lopez-Martinez et al. (2023) | PROTEUS",NA
"5906","Thunbergia alata","ovary position","0",NA,"ancestral reconstruction","Lopez-Martinez et al. (2023) | PROTEUS",NA
"5907","Thunbergia alata","anther orientation","0",NA,"ancestral reconstruction","Lopez-Martinez et al. (2023) | PROTEUS",NA
"5908","Thunbergia alata","anther attachment","1",NA,"ancestral reconstruction","Lopez-Martinez et al. (2023) | PROTEUS",NA
"5909","Thunbergia alata","anther dehiscence","0",NA,"ancestral reconstruction","Lopez-Martinez et al. (2023) | PROTEUS",NA
"5910","Thunbergia alata","fusion of ovaries","1",NA,"ancestral reconstruction","Lopez-Martinez et al. (2023) | PROTEUS",NA
"5911","Thurnia sphaerocephala","ovary position","0",NA,"ancestral reconstruction","Lopez-Martinez et al. (2023) | PROTEUS",NA
"5912","Thurnia sphaerocephala","anther attachment","0",NA,"ancestral reconstruction","Lopez-Martinez et al. (2023) | PROTEUS",NA
"5913","Thymelaea hirsuta","no ovules","0",NA,"ancestral reconstruction","Lopez-Martinez et al. (2023) | PROTEUS",NA
"5914","Thymelaea hirsuta","sex of flowers","0",NA,"ancestral reconstruction","Lopez-Martinez et al. (2023) | PROTEUS",NA
"5915","Thymelaea hirsuta","ovary position","0",NA,"ancestral reconstruction","Lopez-Martinez et al. (2023) | PROTEUS",NA
"5916","Thymelaea hirsuta","anther orientation","0",NA,"ancestral reconstruction","Lopez-Martinez et al. (2023) | PROTEUS",NA
"5917","Thymelaea hirsuta","anther dehiscence","0",NA,"ancestral reconstruction","Lopez-Martinez et al. (2023) | PROTEUS",NA
"5918","Thysanolaena latifolia","no ovules","0",NA,"ancestral reconstruction","Lopez-Martinez et al. (2023) | PROTEUS",NA
"5919","Thysanolaena latifolia","sex of flowers","0",NA,"ancestral reconstruction","Lopez-Martinez et al. (2023) | PROTEUS",NA
"5920","Ticodendron incognitum","no ovules","2",NA,"ancestral reconstruction","Lopez-Martinez et al. (2023) | PROTEUS",NA
"5921","Ticodendron incognitum","sex of flowers","1",NA,"ancestral reconstruction","Lopez-Martinez et al. (2023) | PROTEUS",NA
"5922","Ticodendron incognitum","ovary position","1",NA,"ancestral reconstruction","Lopez-Martinez et al. (2023) | PROTEUS",NA
"5923","Ticodendron incognitum","anther attachment","0",NA,"ancestral reconstruction","Lopez-Martinez et al. (2023) | PROTEUS",NA
"5924","Ticodendron incognitum","anther dehiscence","0",NA,"ancestral reconstruction","Lopez-Martinez et al. (2023) | PROTEUS",NA
"5925","Ticodendron incognitum","fusion of ovaries","1",NA,"ancestral reconstruction","Lopez-Martinez et al. (2023) | PROTEUS",NA
"5926","Tilia americana","no ovules","1",NA,"ancestral reconstruction","Lopez-Martinez et al. (2023) | PROTEUS",NA
"5927","Tilia americana","sex of flowers","0",NA,"ancestral reconstruction","Lopez-Martinez et al. (2023) | PROTEUS",NA
"5928","Tilia americana","ovary position","0",NA,"ancestral reconstruction","Lopez-Martinez et al. (2023) | PROTEUS",NA
"5929","Tilia americana","anther orientation","2",NA,"ancestral reconstruction","Lopez-Martinez et al. (2023) | PROTEUS",NA
"5930","Tilia americana","anther attachment","1",NA,"ancestral reconstruction","Lopez-Martinez et al. (2023) | PROTEUS",NA
"5931","Tilia americana","anther dehiscence","0",NA,"ancestral reconstruction","Lopez-Martinez et al. (2023) | PROTEUS",NA
"5932","Tilia americana","fusion of ovaries","1",NA,"ancestral reconstruction","Lopez-Martinez et al. (2023) | PROTEUS",NA
"5933","Tofieldia calyculata","no ovules","2",NA,"ancestral reconstruction","Lopez-Martinez et al. (2023) | PROTEUS",NA
"5934","Tofieldia calyculata","sex of flowers","0",NA,"ancestral reconstruction","Lopez-Martinez et al. (2023) | PROTEUS",NA
"5935","Tofieldia calyculata","ovary position","0",NA,"ancestral reconstruction","Lopez-Martinez et al. (2023) | PROTEUS",NA
"5936","Tofieldia calyculata","anther attachment","1",NA,"ancestral reconstruction","Lopez-Martinez et al. (2023) | PROTEUS",NA
"5937","Tovaria pendula","no ovules","2",NA,"ancestral reconstruction","Lopez-Martinez et al. (2023) | PROTEUS",NA
"5938","Tovaria pendula","sex of flowers","0",NA,"ancestral reconstruction","Lopez-Martinez et al. (2023) | PROTEUS",NA
"5939","Tovaria pendula","ovary position","0",NA,"ancestral reconstruction","Lopez-Martinez et al. (2023) | PROTEUS",NA
"5940","Tovaria pendula","anther orientation","1",NA,"ancestral reconstruction","Lopez-Martinez et al. (2023) | PROTEUS",NA
"5941","Tovaria pendula","anther attachment","0",NA,"ancestral reconstruction","Lopez-Martinez et al. (2023) | PROTEUS",NA
"5942","Tovaria pendula","anther dehiscence","0",NA,"ancestral reconstruction","Lopez-Martinez et al. (2023) | PROTEUS",NA
"5943","Tovaria pendula","fusion of ovaries","1",NA,"ancestral reconstruction","Lopez-Martinez et al. (2023) | PROTEUS",NA
"5944","Trachelium caeruleum","sex of flowers","0",NA,"ancestral reconstruction","Lopez-Martinez et al. (2023) | PROTEUS",NA
"5945","Trachelium caeruleum","ovary position","1",NA,"ancestral reconstruction","Lopez-Martinez et al. (2023) | PROTEUS",NA
"5946","Tradescantia spathacea","no ovules","0&1",NA,"ancestral reconstruction","Lopez-Martinez et al. (2023) | PROTEUS",NA
"5947","Tradescantia spathacea","sex of flowers","0",NA,"ancestral reconstruction","Lopez-Martinez et al. (2023) | PROTEUS",NA
"5948","Tradescantia spathacea","ovary position","0",NA,"ancestral reconstruction","Lopez-Martinez et al. (2023) | PROTEUS",NA
"5949","Tradescantia spathacea","anther dehiscence","0",NA,"ancestral reconstruction","Lopez-Martinez et al. (2023) | PROTEUS",NA
"5950","Tradescantia spathacea","fusion of ovaries","1",NA,"ancestral reconstruction","Lopez-Martinez et al. (2023) | PROTEUS",NA
"5951","Tragopogon dubius","no ovules","0",NA,"ancestral reconstruction","Lopez-Martinez et al. (2023) | PROTEUS",NA
"5952","Tragopogon dubius","sex of flowers","0",NA,"ancestral reconstruction","Lopez-Martinez et al. (2023) | PROTEUS",NA
"5953","Tragopogon dubius","ovary position","1",NA,"ancestral reconstruction","Lopez-Martinez et al. (2023) | PROTEUS",NA
"5954","Tragopogon dubius","anther orientation","0",NA,"ancestral reconstruction","Lopez-Martinez et al. (2023) | PROTEUS",NA
"5955","Tragopogon dubius","anther attachment","0",NA,"ancestral reconstruction","Lopez-Martinez et al. (2023) | PROTEUS",NA
"5956","Tragopogon dubius","fusion of ovaries","1",NA,"ancestral reconstruction","Lopez-Martinez et al. (2023) | PROTEUS",NA
"5957","Triaenophora rupestris","no ovules","2",NA,"ancestral reconstruction","Lopez-Martinez et al. (2023) | PROTEUS",NA
"5958","Triaenophora rupestris","sex of flowers","0",NA,"ancestral reconstruction","Lopez-Martinez et al. (2023) | PROTEUS",NA
"5959","Triaenophora rupestris","ovary position","0",NA,"ancestral reconstruction","Lopez-Martinez et al. (2023) | PROTEUS",NA
"5960","Triaenophora rupestris","anther orientation","0",NA,"ancestral reconstruction","Lopez-Martinez et al. (2023) | PROTEUS",NA
"5961","Triaenophora rupestris","anther attachment","1",NA,"ancestral reconstruction","Lopez-Martinez et al. (2023) | PROTEUS",NA
"5962","Triaenophora rupestris","fusion of ovaries","1",NA,"ancestral reconstruction","Lopez-Martinez et al. (2023) | PROTEUS",NA
"5963","Trianthema portulacastrum","sex of flowers","0",NA,"ancestral reconstruction","Lopez-Martinez et al. (2023) | PROTEUS",NA
"5964","Trianthema portulacastrum","ovary position","0&1",NA,"ancestral reconstruction","Lopez-Martinez et al. (2023) | PROTEUS",NA
"5965","Trianthema portulacastrum","anther orientation","1",NA,"ancestral reconstruction","Lopez-Martinez et al. (2023) | PROTEUS",NA
"5966","Trianthema portulacastrum","anther dehiscence","0",NA,"ancestral reconstruction","Lopez-Martinez et al. (2023) | PROTEUS",NA
"5967","Tribulus terrestris","no ovules","2",NA,"ancestral reconstruction","Lopez-Martinez et al. (2023) | PROTEUS",NA
"5968","Tribulus terrestris","sex of flowers","0",NA,"ancestral reconstruction","Lopez-Martinez et al. (2023) | PROTEUS",NA
"5969","Tribulus terrestris","ovary position","0",NA,"ancestral reconstruction","Lopez-Martinez et al. (2023) | PROTEUS",NA
"5970","Tribulus terrestris","anther dehiscence","0",NA,"ancestral reconstruction","Lopez-Martinez et al. (2023) | PROTEUS",NA
"5971","Tribulus terrestris","fusion of ovaries","1",NA,"ancestral reconstruction","Lopez-Martinez et al. (2023) | PROTEUS",NA
"5972","Trichilia emetica","no ovules","1",NA,"ancestral reconstruction","Lopez-Martinez et al. (2023) | PROTEUS",NA
"5973","Trichilia emetica","sex of flowers","0",NA,"ancestral reconstruction","Lopez-Martinez et al. (2023) | PROTEUS",NA
"5974","Trichilia emetica","ovary position","0",NA,"ancestral reconstruction","Lopez-Martinez et al. (2023) | PROTEUS",NA
"5975","Trichilia emetica","anther orientation","0",NA,"ancestral reconstruction","Lopez-Martinez et al. (2023) | PROTEUS",NA
"5976","Trichilia emetica","anther attachment","1",NA,"ancestral reconstruction","Lopez-Martinez et al. (2023) | PROTEUS",NA
"5977","Trichilia emetica","anther dehiscence","0",NA,"ancestral reconstruction","Lopez-Martinez et al. (2023) | PROTEUS",NA
"5978","Trichilia emetica","fusion of ovaries","1",NA,"ancestral reconstruction","Lopez-Martinez et al. (2023) | PROTEUS",NA
"5979","Trichopus zeylanicus","sex of flowers","0",NA,"ancestral reconstruction","Lopez-Martinez et al. (2023) | PROTEUS",NA
"5980","Trichopus zeylanicus","ovary position","1",NA,"ancestral reconstruction","Lopez-Martinez et al. (2023) | PROTEUS",NA
"5981","Trichopus zeylanicus","anther orientation","0",NA,"ancestral reconstruction","Lopez-Martinez et al. (2023) | PROTEUS",NA
"5982","Triglochin maritima","no ovules","0",NA,"ancestral reconstruction","Lopez-Martinez et al. (2023) | PROTEUS",NA
"5983","Triglochin maritima","sex of flowers","0",NA,"ancestral reconstruction","Lopez-Martinez et al. (2023) | PROTEUS",NA
"5984","Triglochin maritima","ovary position","0",NA,"ancestral reconstruction","Lopez-Martinez et al. (2023) | PROTEUS",NA
"5985","Triglochin maritima","anther orientation","2",NA,"ancestral reconstruction","Lopez-Martinez et al. (2023) | PROTEUS",NA
"5986","Triglochin maritima","anther attachment","0",NA,"ancestral reconstruction","Lopez-Martinez et al. (2023) | PROTEUS",NA
"5987","Triglochin maritima","anther dehiscence","0",NA,"ancestral reconstruction","Lopez-Martinez et al. (2023) | PROTEUS",NA
"5988","Triglochin maritima","fusion of ovaries","1",NA,"ancestral reconstruction","Lopez-Martinez et al. (2023) | PROTEUS",NA
"5989","Trigonia nivea","sex of flowers","0",NA,"ancestral reconstruction","Lopez-Martinez et al. (2023) | PROTEUS",NA
"5990","Trigonia nivea","ovary position","0",NA,"ancestral reconstruction","Lopez-Martinez et al. (2023) | PROTEUS",NA
"5991","Trigonia nivea","anther orientation","0",NA,"ancestral reconstruction","Lopez-Martinez et al. (2023) | PROTEUS",NA
"5992","Trigonia nivea","anther attachment","0",NA,"ancestral reconstruction","Lopez-Martinez et al. (2023) | PROTEUS",NA
"5993","Trigonia nivea","fusion of ovaries","1",NA,"ancestral reconstruction","Lopez-Martinez et al. (2023) | PROTEUS",NA
"5994","Trigoniastrum hypoleucum","sex of flowers","0",NA,"ancestral reconstruction","Lopez-Martinez et al. (2023) | PROTEUS",NA
"5995","Trigoniastrum hypoleucum","ovary position","0",NA,"ancestral reconstruction","Lopez-Martinez et al. (2023) | PROTEUS",NA
"5996","Trigoniastrum hypoleucum","anther orientation","0",NA,"ancestral reconstruction","Lopez-Martinez et al. (2023) | PROTEUS",NA
"5997","Trigoniastrum hypoleucum","anther dehiscence","0",NA,"ancestral reconstruction","Lopez-Martinez et al. (2023) | PROTEUS",NA
"5998","Trigoniastrum hypoleucum","fusion of ovaries","1",NA,"ancestral reconstruction","Lopez-Martinez et al. (2023) | PROTEUS",NA
"5999","Trillium erectum","sex of flowers","0",NA,"ancestral reconstruction","Lopez-Martinez et al. (2023) | PROTEUS",NA
"6000","Trillium erectum","ovary position","0",NA,"ancestral reconstruction","Lopez-Martinez et al. (2023) | PROTEUS",NA
"6001","Trillium erectum","anther orientation","0",NA,"ancestral reconstruction","Lopez-Martinez et al. (2023) | PROTEUS",NA
"6002","Trillium erectum","anther attachment","0",NA,"ancestral reconstruction","Lopez-Martinez et al. (2023) | PROTEUS",NA
"6003","Trillium erectum","anther dehiscence","0",NA,"ancestral reconstruction","Lopez-Martinez et al. (2023) | PROTEUS",NA
"6004","Trimenia moorei","no ovules","0",NA,"ancestral reconstruction","Lopez-Martinez et al. (2023) | PROTEUS",NA
"6005","Trimenia moorei","sex of flowers","0&1",NA,"ancestral reconstruction","Lopez-Martinez et al. (2023) | PROTEUS",NA
"6006","Trimenia moorei","ovary position","0",NA,"ancestral reconstruction","Lopez-Martinez et al. (2023) | PROTEUS",NA
"6007","Trimenia moorei","anther orientation","2",NA,"ancestral reconstruction","Lopez-Martinez et al. (2023) | PROTEUS",NA
"6008","Trimenia moorei","anther attachment","0",NA,"ancestral reconstruction","Lopez-Martinez et al. (2023) | PROTEUS",NA
"6009","Trimenia moorei","anther dehiscence","0",NA,"ancestral reconstruction","Lopez-Martinez et al. (2023) | PROTEUS",NA
"6010","Triphyophyllum peltatum","sex of flowers","0",NA,"ancestral reconstruction","Lopez-Martinez et al. (2023) | PROTEUS",NA
"6011","Triphyophyllum peltatum","ovary position","0",NA,"ancestral reconstruction","Lopez-Martinez et al. (2023) | PROTEUS",NA
"6012","Triphyophyllum peltatum","anther orientation","0",NA,"ancestral reconstruction","Lopez-Martinez et al. (2023) | PROTEUS",NA
"6013","Triphyophyllum peltatum","anther attachment","0",NA,"ancestral reconstruction","Lopez-Martinez et al. (2023) | PROTEUS",NA
"6014","Triphyophyllum peltatum","anther dehiscence","0",NA,"ancestral reconstruction","Lopez-Martinez et al. (2023) | PROTEUS",NA
"6015","Triphyophyllum peltatum","fusion of ovaries","1",NA,"ancestral reconstruction","Lopez-Martinez et al. (2023) | PROTEUS",NA
"6016","Triplostegia glandulifera","no ovules","0",NA,"ancestral reconstruction","Lopez-Martinez et al. (2023) | PROTEUS",NA
"6017","Triplostegia glandulifera","sex of flowers","0",NA,"ancestral reconstruction","Lopez-Martinez et al. (2023) | PROTEUS",NA
"6018","Triplostegia glandulifera","ovary position","1",NA,"ancestral reconstruction","Lopez-Martinez et al. (2023) | PROTEUS",NA
"6019","Triplostegia glandulifera","anther orientation","0",NA,"ancestral reconstruction","Lopez-Martinez et al. (2023) | PROTEUS",NA
"6020","Triplostegia glandulifera","anther dehiscence","0",NA,"ancestral reconstruction","Lopez-Martinez et al. (2023) | PROTEUS",NA
"6021","Triplostegia glandulifera","fusion of ovaries","1",NA,"ancestral reconstruction","Lopez-Martinez et al. (2023) | PROTEUS",NA
"6022","Trithuria cowieana","no ovules","0",NA,"ancestral reconstruction","Lopez-Martinez et al. (2023) | PROTEUS",NA
"6023","Trithuria cowieana","sex of flowers","1",NA,"ancestral reconstruction","Lopez-Martinez et al. (2023) | PROTEUS",NA
"6024","Trithuria cowieana","anther attachment","0",NA,"ancestral reconstruction","Lopez-Martinez et al. (2023) | PROTEUS",NA
"6025","Trithuria cowieana","anther dehiscence","0",NA,"ancestral reconstruction","Lopez-Martinez et al. (2023) | PROTEUS",NA
"6026","Trithuria cowieana","fusion of ovaries","0",NA,"ancestral reconstruction","Lopez-Martinez et al. (2023) | PROTEUS",NA
"6027","Trithuria submersa","no ovules","0",NA,"ancestral reconstruction","Lopez-Martinez et al. (2023) | PROTEUS",NA
"6028","Trithuria submersa","sex of flowers","1",NA,"ancestral reconstruction","Lopez-Martinez et al. (2023) | PROTEUS",NA
"6029","Trithuria submersa","ovary position","0",NA,"ancestral reconstruction","Lopez-Martinez et al. (2023) | PROTEUS",NA
"6030","Trithuria submersa","anther orientation","1",NA,"ancestral reconstruction","Lopez-Martinez et al. (2023) | PROTEUS",NA
"6031","Trithuria submersa","anther attachment","0",NA,"ancestral reconstruction","Lopez-Martinez et al. (2023) | PROTEUS",NA
"6032","Trithuria submersa","anther dehiscence","0",NA,"ancestral reconstruction","Lopez-Martinez et al. (2023) | PROTEUS",NA
"6033","Triuris hexophthalma","sex of flowers","1",NA,"ancestral reconstruction","Lopez-Martinez et al. (2023) | PROTEUS",NA
"6034","Triuris hexophthalma","anther dehiscence","0",NA,"ancestral reconstruction","Lopez-Martinez et al. (2023) | PROTEUS",NA
"6035","Triuris hexophthalma","fusion of ovaries","0",NA,"ancestral reconstruction","Lopez-Martinez et al. (2023) | PROTEUS",NA
"6036","Trochodendron aralioides","no ovules","2",NA,"ancestral reconstruction","Lopez-Martinez et al. (2023) | PROTEUS",NA
"6037","Trochodendron aralioides","sex of flowers","0",NA,"ancestral reconstruction","Lopez-Martinez et al. (2023) | PROTEUS",NA
"6038","Trochodendron aralioides","ovary position","1",NA,"ancestral reconstruction","Lopez-Martinez et al. (2023) | PROTEUS",NA
"6039","Trochodendron aralioides","anther orientation","1",NA,"ancestral reconstruction","Lopez-Martinez et al. (2023) | PROTEUS",NA
"6040","Trochodendron aralioides","anther attachment","0",NA,"ancestral reconstruction","Lopez-Martinez et al. (2023) | PROTEUS",NA
"6041","Trochodendron aralioides","anther dehiscence","1",NA,"ancestral reconstruction","Lopez-Martinez et al. (2023) | PROTEUS",NA
"6042","Trochodendron aralioides","fusion of ovaries","1",NA,"ancestral reconstruction","Lopez-Martinez et al. (2023) | PROTEUS",NA
"6043","Tropaeolum majus","sex of flowers","0",NA,"ancestral reconstruction","Lopez-Martinez et al. (2023) | PROTEUS",NA
"6044","Tropaeolum majus","ovary position","0",NA,"ancestral reconstruction","Lopez-Martinez et al. (2023) | PROTEUS",NA
"6045","Tropaeolum majus","anther attachment","0",NA,"ancestral reconstruction","Lopez-Martinez et al. (2023) | PROTEUS",NA
"6046","Tropaeolum tricolor","no ovules","0",NA,"ancestral reconstruction","Lopez-Martinez et al. (2023) | PROTEUS",NA
"6047","Tropaeolum tricolor","sex of flowers","0",NA,"ancestral reconstruction","Lopez-Martinez et al. (2023) | PROTEUS",NA
"6048","Tropaeolum tricolor","ovary position","0",NA,"ancestral reconstruction","Lopez-Martinez et al. (2023) | PROTEUS",NA
"6049","Tropaeolum tricolor","anther orientation","1",NA,"ancestral reconstruction","Lopez-Martinez et al. (2023) | PROTEUS",NA
"6050","Tropaeolum tricolor","anther attachment","0",NA,"ancestral reconstruction","Lopez-Martinez et al. (2023) | PROTEUS",NA
"6051","Tropaeolum tricolor","anther dehiscence","0",NA,"ancestral reconstruction","Lopez-Martinez et al. (2023) | PROTEUS",NA
"6052","Tropaeolum tricolor","fusion of ovaries","1",NA,"ancestral reconstruction","Lopez-Martinez et al. (2023) | PROTEUS",NA
"6053","Turnera ulmifolia","no ovules","2",NA,"ancestral reconstruction","Lopez-Martinez et al. (2023) | PROTEUS",NA
"6054","Turnera ulmifolia","sex of flowers","0",NA,"ancestral reconstruction","Lopez-Martinez et al. (2023) | PROTEUS",NA
"6055","Turnera ulmifolia","ovary position","0",NA,"ancestral reconstruction","Lopez-Martinez et al. (2023) | PROTEUS",NA
"6056","Turnera ulmifolia","anther orientation","0",NA,"ancestral reconstruction","Lopez-Martinez et al. (2023) | PROTEUS",NA
"6057","Turnera ulmifolia","anther attachment","0",NA,"ancestral reconstruction","Lopez-Martinez et al. (2023) | PROTEUS",NA
"6058","Turnera ulmifolia","anther dehiscence","0",NA,"ancestral reconstruction","Lopez-Martinez et al. (2023) | PROTEUS",NA
"6059","Turnera ulmifolia","fusion of ovaries","1",NA,"ancestral reconstruction","Lopez-Martinez et al. (2023) | PROTEUS",NA
"6060","Typha latifolia","no ovules","0",NA,"ancestral reconstruction","Lopez-Martinez et al. (2023) | PROTEUS",NA
"6061","Typha latifolia","sex of flowers","1",NA,"ancestral reconstruction","Lopez-Martinez et al. (2023) | PROTEUS",NA
"6062","Typha latifolia","ovary position","0",NA,"ancestral reconstruction","Lopez-Martinez et al. (2023) | PROTEUS",NA
"6063","Typha latifolia","anther attachment","0",NA,"ancestral reconstruction","Lopez-Martinez et al. (2023) | PROTEUS",NA
"6064","Typha latifolia","anther dehiscence","0",NA,"ancestral reconstruction","Lopez-Martinez et al. (2023) | PROTEUS",NA
"6065","Uncarina grandidieri","sex of flowers","0",NA,"ancestral reconstruction","Lopez-Martinez et al. (2023) | PROTEUS",NA
"6066","Uncarina grandidieri","ovary position","0",NA,"ancestral reconstruction","Lopez-Martinez et al. (2023) | PROTEUS",NA
"6067","Uncarina grandidieri","anther orientation","0",NA,"ancestral reconstruction","Lopez-Martinez et al. (2023) | PROTEUS",NA
"6068","Uncarina grandidieri","anther attachment","1",NA,"ancestral reconstruction","Lopez-Martinez et al. (2023) | PROTEUS",NA
"6069","Uncarina grandidieri","anther dehiscence","0",NA,"ancestral reconstruction","Lopez-Martinez et al. (2023) | PROTEUS",NA
"6070","Urospatha sagittifolia","sex of flowers","0",NA,"ancestral reconstruction","Lopez-Martinez et al. (2023) | PROTEUS",NA
"6071","Urospatha sagittifolia","ovary position","0",NA,"ancestral reconstruction","Lopez-Martinez et al. (2023) | PROTEUS",NA
"6072","Urospatha sagittifolia","anther orientation","2",NA,"ancestral reconstruction","Lopez-Martinez et al. (2023) | PROTEUS",NA
"6073","Urospatha sagittifolia","anther attachment","0",NA,"ancestral reconstruction","Lopez-Martinez et al. (2023) | PROTEUS",NA
"6074","Urospatha sagittifolia","anther dehiscence","0",NA,"ancestral reconstruction","Lopez-Martinez et al. (2023) | PROTEUS",NA
"6075","Urospatha sagittifolia","fusion of ovaries","1",NA,"ancestral reconstruction","Lopez-Martinez et al. (2023) | PROTEUS",NA
"6076","Urtica dioica","no ovules","0",NA,"ancestral reconstruction","Lopez-Martinez et al. (2023) | PROTEUS",NA
"6077","Urtica dioica","sex of flowers","0&1",NA,"ancestral reconstruction","Lopez-Martinez et al. (2023) | PROTEUS",NA
"6078","Urtica dioica","ovary position","0",NA,"ancestral reconstruction","Lopez-Martinez et al. (2023) | PROTEUS",NA
"6079","Urtica dioica","anther attachment","0",NA,"ancestral reconstruction","Lopez-Martinez et al. (2023) | PROTEUS",NA
"6080","Urtica dioica","anther dehiscence","0",NA,"ancestral reconstruction","Lopez-Martinez et al. (2023) | PROTEUS",NA
"6081","Utricularia alpina","sex of flowers","0",NA,"ancestral reconstruction","Lopez-Martinez et al. (2023) | PROTEUS",NA
"6082","Utricularia alpina","ovary position","0",NA,"ancestral reconstruction","Lopez-Martinez et al. (2023) | PROTEUS",NA
"6083","Utricularia alpina","fusion of ovaries","1",NA,"ancestral reconstruction","Lopez-Martinez et al. (2023) | PROTEUS",NA
"6084","Vaccinium uliginosum","sex of flowers","0",NA,"ancestral reconstruction","Lopez-Martinez et al. (2023) | PROTEUS",NA
"6085","Vaccinium uliginosum","ovary position","1",NA,"ancestral reconstruction","Lopez-Martinez et al. (2023) | PROTEUS",NA
"6086","Vaccinium uliginosum","fusion of ovaries","1",NA,"ancestral reconstruction","Lopez-Martinez et al. (2023) | PROTEUS",NA
"6087","Vahlia capensis","no ovules","2",NA,"ancestral reconstruction","Lopez-Martinez et al. (2023) | PROTEUS",NA
"6088","Vahlia capensis","sex of flowers","0",NA,"ancestral reconstruction","Lopez-Martinez et al. (2023) | PROTEUS",NA
"6089","Vahlia capensis","ovary position","1",NA,"ancestral reconstruction","Lopez-Martinez et al. (2023) | PROTEUS",NA
"6090","Vahlia capensis","anther orientation","0",NA,"ancestral reconstruction","Lopez-Martinez et al. (2023) | PROTEUS",NA
"6091","Vahlia capensis","anther attachment","1",NA,"ancestral reconstruction","Lopez-Martinez et al. (2023) | PROTEUS",NA
"6092","Vahlia capensis","anther dehiscence","0",NA,"ancestral reconstruction","Lopez-Martinez et al. (2023) | PROTEUS",NA
"6093","Vahlia capensis","fusion of ovaries","1",NA,"ancestral reconstruction","Lopez-Martinez et al. (2023) | PROTEUS",NA
"6094","Vahlia digyna","ovary position","1",NA,"ancestral reconstruction","Lopez-Martinez et al. (2023) | PROTEUS",NA
"6095","Vahlia digyna","fusion of ovaries","1",NA,"ancestral reconstruction","Lopez-Martinez et al. (2023) | PROTEUS",NA
"6096","Valeriana officinalis","no ovules","0",NA,"ancestral reconstruction","Lopez-Martinez et al. (2023) | PROTEUS",NA
"6097","Valeriana officinalis","sex of flowers","0",NA,"ancestral reconstruction","Lopez-Martinez et al. (2023) | PROTEUS",NA
"6098","Valeriana officinalis","ovary position","1",NA,"ancestral reconstruction","Lopez-Martinez et al. (2023) | PROTEUS",NA
"6099","Valeriana officinalis","anther dehiscence","0",NA,"ancestral reconstruction","Lopez-Martinez et al. (2023) | PROTEUS",NA
"6100","Vanilla planifolia","sex of flowers","0",NA,"ancestral reconstruction","Lopez-Martinez et al. (2023) | PROTEUS",NA
"6101","Vanilla planifolia","ovary position","1",NA,"ancestral reconstruction","Lopez-Martinez et al. (2023) | PROTEUS",NA
"6102","Vanilla planifolia","anther orientation","0",NA,"ancestral reconstruction","Lopez-Martinez et al. (2023) | PROTEUS",NA
"6103","Vanilla planifolia","anther dehiscence","0",NA,"ancestral reconstruction","Lopez-Martinez et al. (2023) | PROTEUS",NA
"6104","Vanilla planifolia","fusion of ovaries","1",NA,"ancestral reconstruction","Lopez-Martinez et al. (2023) | PROTEUS",NA
"6105","Varronia bullata","sex of flowers","0",NA,"ancestral reconstruction","Lopez-Martinez et al. (2023) | PROTEUS",NA
"6106","Varronia bullata","ovary position","0",NA,"ancestral reconstruction","Lopez-Martinez et al. (2023) | PROTEUS",NA
"6107","Varronia bullata","anther attachment","1",NA,"ancestral reconstruction","Lopez-Martinez et al. (2023) | PROTEUS",NA
"6108","Varronia bullata","anther dehiscence","0",NA,"ancestral reconstruction","Lopez-Martinez et al. (2023) | PROTEUS",NA
"6109","Veratrum oxysepalum","sex of flowers","0",NA,"ancestral reconstruction","Lopez-Martinez et al. (2023) | PROTEUS",NA
"6110","Veratrum oxysepalum","ovary position","1",NA,"ancestral reconstruction","Lopez-Martinez et al. (2023) | PROTEUS",NA
"6111","Veratrum oxysepalum","anther orientation","2",NA,"ancestral reconstruction","Lopez-Martinez et al. (2023) | PROTEUS",NA
"6112","Veratrum oxysepalum","anther attachment","0",NA,"ancestral reconstruction","Lopez-Martinez et al. (2023) | PROTEUS",NA
"6113","Veratrum oxysepalum","fusion of ovaries","1",NA,"ancestral reconstruction","Lopez-Martinez et al. (2023) | PROTEUS",NA
"6114","Verbascum thapsus","sex of flowers","0",NA,"ancestral reconstruction","Lopez-Martinez et al. (2023) | PROTEUS",NA
"6115","Verbascum thapsus","ovary position","0",NA,"ancestral reconstruction","Lopez-Martinez et al. (2023) | PROTEUS",NA
"6116","Verbascum thapsus","anther dehiscence","0",NA,"ancestral reconstruction","Lopez-Martinez et al. (2023) | PROTEUS",NA
"6117","Verbascum thapsus","fusion of ovaries","1",NA,"ancestral reconstruction","Lopez-Martinez et al. (2023) | PROTEUS",NA
"6118","Verhuellia lunaria","no ovules","0",NA,"ancestral reconstruction","Lopez-Martinez et al. (2023) | PROTEUS",NA
"6119","Verhuellia lunaria","sex of flowers","0",NA,"ancestral reconstruction","Lopez-Martinez et al. (2023) | PROTEUS",NA
"6120","Verhuellia lunaria","ovary position","0",NA,"ancestral reconstruction","Lopez-Martinez et al. (2023) | PROTEUS",NA
"6121","Verhuellia lunaria","anther orientation","1",NA,"ancestral reconstruction","Lopez-Martinez et al. (2023) | PROTEUS",NA
"6122","Verhuellia lunaria","anther attachment","0",NA,"ancestral reconstruction","Lopez-Martinez et al. (2023) | PROTEUS",NA
"6123","Verhuellia lunaria","anther dehiscence","0",NA,"ancestral reconstruction","Lopez-Martinez et al. (2023) | PROTEUS",NA
"6124","Verhuellia lunaria","fusion of ovaries","1",NA,"ancestral reconstruction","Lopez-Martinez et al. (2023) | PROTEUS",NA
"6125","Veronica anagallisaquatica","sex of flowers","0",NA,"ancestral reconstruction","Lopez-Martinez et al. (2023) | PROTEUS",NA
"6126","Veronica anagallisaquatica","ovary position","0",NA,"ancestral reconstruction","Lopez-Martinez et al. (2023) | PROTEUS",NA
"6127","Viburnum acerifolium","no ovules","0",NA,"ancestral reconstruction","Lopez-Martinez et al. (2023) | PROTEUS",NA
"6128","Viburnum acerifolium","sex of flowers","0",NA,"ancestral reconstruction","Lopez-Martinez et al. (2023) | PROTEUS",NA
"6129","Viburnum acerifolium","ovary position","1",NA,"ancestral reconstruction","Lopez-Martinez et al. (2023) | PROTEUS",NA
"6130","Viburnum acerifolium","fusion of ovaries","1",NA,"ancestral reconstruction","Lopez-Martinez et al. (2023) | PROTEUS",NA
"6131","Viola pubescens","no ovules","2",NA,"ancestral reconstruction","Lopez-Martinez et al. (2023) | PROTEUS",NA
"6132","Viola pubescens","sex of flowers","0",NA,"ancestral reconstruction","Lopez-Martinez et al. (2023) | PROTEUS",NA
"6133","Viola pubescens","ovary position","0",NA,"ancestral reconstruction","Lopez-Martinez et al. (2023) | PROTEUS",NA
"6134","Viola pubescens","fusion of ovaries","1",NA,"ancestral reconstruction","Lopez-Martinez et al. (2023) | PROTEUS",NA
"6135","Vitekorchis excavata","no ovules","2",NA,"ancestral reconstruction","Lopez-Martinez et al. (2023) | PROTEUS",NA
"6136","Vitekorchis excavata","sex of flowers","0",NA,"ancestral reconstruction","Lopez-Martinez et al. (2023) | PROTEUS",NA
"6137","Vitekorchis excavata","ovary position","1",NA,"ancestral reconstruction","Lopez-Martinez et al. (2023) | PROTEUS",NA
"6138","Vitekorchis excavata","fusion of ovaries","1",NA,"ancestral reconstruction","Lopez-Martinez et al. (2023) | PROTEUS",NA
"6139","Vitex agnuscastus","no ovules","1",NA,"ancestral reconstruction","Lopez-Martinez et al. (2023) | PROTEUS",NA
"6140","Vitex agnuscastus","sex of flowers","0",NA,"ancestral reconstruction","Lopez-Martinez et al. (2023) | PROTEUS",NA
"6141","Vitex agnuscastus","ovary position","0",NA,"ancestral reconstruction","Lopez-Martinez et al. (2023) | PROTEUS",NA
"6142","Vitex agnuscastus","anther attachment","1",NA,"ancestral reconstruction","Lopez-Martinez et al. (2023) | PROTEUS",NA
"6143","Vitex agnuscastus","anther dehiscence","0",NA,"ancestral reconstruction","Lopez-Martinez et al. (2023) | PROTEUS",NA
"6144","Vitex agnuscastus","fusion of ovaries","1",NA,"ancestral reconstruction","Lopez-Martinez et al. (2023) | PROTEUS",NA
"6145","Vitis aestivalis","no ovules","1",NA,"ancestral reconstruction","Lopez-Martinez et al. (2023) | PROTEUS",NA
"6146","Vitis aestivalis","sex of flowers","0&1",NA,"ancestral reconstruction","Lopez-Martinez et al. (2023) | PROTEUS",NA
"6147","Vitis aestivalis","anther orientation","0",NA,"ancestral reconstruction","Lopez-Martinez et al. (2023) | PROTEUS",NA
"6148","Vitis aestivalis","anther attachment","1",NA,"ancestral reconstruction","Lopez-Martinez et al. (2023) | PROTEUS",NA
"6149","Vitis aestivalis","fusion of ovaries","1",NA,"ancestral reconstruction","Lopez-Martinez et al. (2023) | PROTEUS",NA
"6150","Viviania marifolia","no ovules","1",NA,"ancestral reconstruction","Lopez-Martinez et al. (2023) | PROTEUS",NA
"6151","Viviania marifolia","sex of flowers","0",NA,"ancestral reconstruction","Lopez-Martinez et al. (2023) | PROTEUS",NA
"6152","Viviania marifolia","ovary position","0",NA,"ancestral reconstruction","Lopez-Martinez et al. (2023) | PROTEUS",NA
"6153","Viviania marifolia","anther orientation","1",NA,"ancestral reconstruction","Lopez-Martinez et al. (2023) | PROTEUS",NA
"6154","Viviania marifolia","anther dehiscence","0",NA,"ancestral reconstruction","Lopez-Martinez et al. (2023) | PROTEUS",NA
"6155","Viviania marifolia","fusion of ovaries","1",NA,"ancestral reconstruction","Lopez-Martinez et al. (2023) | PROTEUS",NA
"6156","Vochysia guatemalensis","sex of flowers","0",NA,"ancestral reconstruction","Lopez-Martinez et al. (2023) | PROTEUS",NA
"6157","Vochysia guatemalensis","anther orientation","0",NA,"ancestral reconstruction","Lopez-Martinez et al. (2023) | PROTEUS",NA
"6158","Vochysia guatemalensis","anther dehiscence","0",NA,"ancestral reconstruction","Lopez-Martinez et al. (2023) | PROTEUS",NA
"6159","Voyria tenuiflora","no ovules","2",NA,"ancestral reconstruction","Lopez-Martinez et al. (2023) | PROTEUS",NA
"6160","Voyria tenuiflora","sex of flowers","0",NA,"ancestral reconstruction","Lopez-Martinez et al. (2023) | PROTEUS",NA
"6161","Voyria tenuiflora","ovary position","0",NA,"ancestral reconstruction","Lopez-Martinez et al. (2023) | PROTEUS",NA
"6162","Voyria tenuiflora","anther attachment","0",NA,"ancestral reconstruction","Lopez-Martinez et al. (2023) | PROTEUS",NA
"6163","Voyria tenuiflora","anther dehiscence","0",NA,"ancestral reconstruction","Lopez-Martinez et al. (2023) | PROTEUS",NA
"6164","Voyria tenuiflora","fusion of ovaries","1",NA,"ancestral reconstruction","Lopez-Martinez et al. (2023) | PROTEUS",NA
"6165","Vriesea carinata","sex of flowers","0",NA,"ancestral reconstruction","Lopez-Martinez et al. (2023) | PROTEUS",NA
"6166","Vriesea carinata","ovary position","0",NA,"ancestral reconstruction","Lopez-Martinez et al. (2023) | PROTEUS",NA
"6167","Vriesea carinata","anther dehiscence","0",NA,"ancestral reconstruction","Lopez-Martinez et al. (2023) | PROTEUS",NA
"6168","Warneckea membranifolia","ovary position","1",NA,"ancestral reconstruction","Lopez-Martinez et al. (2023) | PROTEUS",NA
"6169","Warneckea membranifolia","anther dehiscence","0",NA,"ancestral reconstruction","Lopez-Martinez et al. (2023) | PROTEUS",NA
"6170","Wellstedia dinteri","no ovules","0",NA,"ancestral reconstruction","Lopez-Martinez et al. (2023) | PROTEUS",NA
"6171","Wellstedia dinteri","sex of flowers","0",NA,"ancestral reconstruction","Lopez-Martinez et al. (2023) | PROTEUS",NA
"6172","Wellstedia dinteri","ovary position","0",NA,"ancestral reconstruction","Lopez-Martinez et al. (2023) | PROTEUS",NA
"6173","Wellstedia dinteri","anther orientation","0",NA,"ancestral reconstruction","Lopez-Martinez et al. (2023) | PROTEUS",NA
"6174","Wellstedia dinteri","anther attachment","1",NA,"ancestral reconstruction","Lopez-Martinez et al. (2023) | PROTEUS",NA
"6175","Wellstedia dinteri","fusion of ovaries","1",NA,"ancestral reconstruction","Lopez-Martinez et al. (2023) | PROTEUS",NA
"6176","Wellstedia somalensis","no ovules","0",NA,"ancestral reconstruction","Lopez-Martinez et al. (2023) | PROTEUS",NA
"6177","Wellstedia somalensis","sex of flowers","0",NA,"ancestral reconstruction","Lopez-Martinez et al. (2023) | PROTEUS",NA
"6178","Wellstedia somalensis","ovary position","0",NA,"ancestral reconstruction","Lopez-Martinez et al. (2023) | PROTEUS",NA
"6179","Wellstedia somalensis","anther orientation","0",NA,"ancestral reconstruction","Lopez-Martinez et al. (2023) | PROTEUS",NA
"6180","Wellstedia somalensis","anther attachment","1",NA,"ancestral reconstruction","Lopez-Martinez et al. (2023) | PROTEUS",NA
"6181","Wenchengia alternifolia","sex of flowers","0",NA,"ancestral reconstruction","Lopez-Martinez et al. (2023) | PROTEUS",NA
"6182","Wenchengia alternifolia","ovary position","0",NA,"ancestral reconstruction","Lopez-Martinez et al. (2023) | PROTEUS",NA
"6183","Wenchengia alternifolia","anther attachment","1",NA,"ancestral reconstruction","Lopez-Martinez et al. (2023) | PROTEUS",NA
"6184","Witsenia maura","sex of flowers","0",NA,"ancestral reconstruction","Lopez-Martinez et al. (2023) | PROTEUS",NA
"6185","Witsenia maura","ovary position","1",NA,"ancestral reconstruction","Lopez-Martinez et al. (2023) | PROTEUS",NA
"6186","Witsenia maura","anther orientation","0",NA,"ancestral reconstruction","Lopez-Martinez et al. (2023) | PROTEUS",NA
"6187","Witsenia maura","anther attachment","0",NA,"ancestral reconstruction","Lopez-Martinez et al. (2023) | PROTEUS",NA
"6188","Witsenia maura","anther dehiscence","0",NA,"ancestral reconstruction","Lopez-Martinez et al. (2023) | PROTEUS",NA
"6189","Witsenia maura","fusion of ovaries","1",NA,"ancestral reconstruction","Lopez-Martinez et al. (2023) | PROTEUS",NA
"6190","Wunderlichia mirabilis","no ovules","0",NA,"ancestral reconstruction","Lopez-Martinez et al. (2023) | PROTEUS",NA
"6191","Wunderlichia mirabilis","sex of flowers","0",NA,"ancestral reconstruction","Lopez-Martinez et al. (2023) | PROTEUS",NA
"6192","Wunderlichia mirabilis","ovary position","1",NA,"ancestral reconstruction","Lopez-Martinez et al. (2023) | PROTEUS",NA
"6193","Wunderlichia mirabilis","anther orientation","0",NA,"ancestral reconstruction","Lopez-Martinez et al. (2023) | PROTEUS",NA
"6194","Wunderlichia mirabilis","anther attachment","0",NA,"ancestral reconstruction","Lopez-Martinez et al. (2023) | PROTEUS",NA
"6195","Wunderlichia mirabilis","fusion of ovaries","1",NA,"ancestral reconstruction","Lopez-Martinez et al. (2023) | PROTEUS",NA
"6196","Xanthoceras sorbifolium","no ovules","2",NA,"ancestral reconstruction","Lopez-Martinez et al. (2023) | PROTEUS",NA
"6197","Xanthoceras sorbifolium","sex of flowers","0",NA,"ancestral reconstruction","Lopez-Martinez et al. (2023) | PROTEUS",NA
"6198","Xanthoceras sorbifolium","ovary position","0",NA,"ancestral reconstruction","Lopez-Martinez et al. (2023) | PROTEUS",NA
"6199","Xanthoceras sorbifolium","anther orientation","0",NA,"ancestral reconstruction","Lopez-Martinez et al. (2023) | PROTEUS",NA
"6200","Xanthoceras sorbifolium","anther attachment","0",NA,"ancestral reconstruction","Lopez-Martinez et al. (2023) | PROTEUS",NA
"6201","Xanthoceras sorbifolium","fusion of ovaries","1",NA,"ancestral reconstruction","Lopez-Martinez et al. (2023) | PROTEUS",NA
"6202","Xanthocercis zambesiaca","sex of flowers","0",NA,"ancestral reconstruction","Lopez-Martinez et al. (2023) | PROTEUS",NA
"6203","Xanthocercis zambesiaca","ovary position","0",NA,"ancestral reconstruction","Lopez-Martinez et al. (2023) | PROTEUS",NA
"6204","Xanthocercis zambesiaca","anther dehiscence","0",NA,"ancestral reconstruction","Lopez-Martinez et al. (2023) | PROTEUS",NA
"6205","Xanthophyllum octandrum","sex of flowers","0",NA,"ancestral reconstruction","Lopez-Martinez et al. (2023) | PROTEUS",NA
"6206","Xanthophyllum octandrum","ovary position","0",NA,"ancestral reconstruction","Lopez-Martinez et al. (2023) | PROTEUS",NA
"6207","Xanthorhiza simplicissima","no ovules","1",NA,"ancestral reconstruction","Lopez-Martinez et al. (2023) | PROTEUS",NA
"6208","Xanthorhiza simplicissima","sex of flowers","0",NA,"ancestral reconstruction","Lopez-Martinez et al. (2023) | PROTEUS",NA
"6209","Xanthorhiza simplicissima","ovary position","0",NA,"ancestral reconstruction","Lopez-Martinez et al. (2023) | PROTEUS",NA
"6210","Xanthorhiza simplicissima","anther attachment","0",NA,"ancestral reconstruction","Lopez-Martinez et al. (2023) | PROTEUS",NA
"6211","Xanthorhiza simplicissima","anther dehiscence","0",NA,"ancestral reconstruction","Lopez-Martinez et al. (2023) | PROTEUS",NA
"6212","Xanthorrhoea resinosa","sex of flowers","0",NA,"ancestral reconstruction","Lopez-Martinez et al. (2023) | PROTEUS",NA
"6213","Xanthorrhoea resinosa","ovary position","0",NA,"ancestral reconstruction","Lopez-Martinez et al. (2023) | PROTEUS",NA
"6214","Xanthorrhoea resinosa","anther orientation","0",NA,"ancestral reconstruction","Lopez-Martinez et al. (2023) | PROTEUS",NA
"6215","Xanthorrhoea resinosa","anther attachment","1",NA,"ancestral reconstruction","Lopez-Martinez et al. (2023) | PROTEUS",NA
"6216","Xanthorrhoea resinosa","anther dehiscence","0",NA,"ancestral reconstruction","Lopez-Martinez et al. (2023) | PROTEUS",NA
"6217","Xanthorrhoea resinosa","fusion of ovaries","1",NA,"ancestral reconstruction","Lopez-Martinez et al. (2023) | PROTEUS",NA
"6218","Xanthosoma sagittifolium","no ovules","2",NA,"ancestral reconstruction","Lopez-Martinez et al. (2023) | PROTEUS",NA
"6219","Xanthosoma sagittifolium","sex of flowers","1",NA,"ancestral reconstruction","Lopez-Martinez et al. (2023) | PROTEUS",NA
"6220","Xanthosoma sagittifolium","ovary position","0",NA,"ancestral reconstruction","Lopez-Martinez et al. (2023) | PROTEUS",NA
"6221","Xanthosoma sagittifolium","anther orientation","2",NA,"ancestral reconstruction","Lopez-Martinez et al. (2023) | PROTEUS",NA
"6222","Xanthosoma sagittifolium","anther dehiscence","0",NA,"ancestral reconstruction","Lopez-Martinez et al. (2023) | PROTEUS",NA
"6223","Xanthosoma sagittifolium","fusion of ovaries","1",NA,"ancestral reconstruction","Lopez-Martinez et al. (2023) | PROTEUS",NA
"6224","Xeronema callistemon","sex of flowers","0",NA,"ancestral reconstruction","Lopez-Martinez et al. (2023) | PROTEUS",NA
"6225","Xeronema callistemon","anther dehiscence","0",NA,"ancestral reconstruction","Lopez-Martinez et al. (2023) | PROTEUS",NA
"6226","Xeronema callistemon","fusion of ovaries","1",NA,"ancestral reconstruction","Lopez-Martinez et al. (2023) | PROTEUS",NA
"6227","Xerophyta elegans","no ovules","2",NA,"ancestral reconstruction","Lopez-Martinez et al. (2023) | PROTEUS",NA
"6228","Xerophyta elegans","sex of flowers","0",NA,"ancestral reconstruction","Lopez-Martinez et al. (2023) | PROTEUS",NA
"6229","Xerophyta elegans","ovary position","1",NA,"ancestral reconstruction","Lopez-Martinez et al. (2023) | PROTEUS",NA
"6230","Xerophyta elegans","anther orientation","0&1&2",NA,"ancestral reconstruction","Lopez-Martinez et al. (2023) | PROTEUS",NA
"6231","Xerophyta elegans","anther attachment","0",NA,"ancestral reconstruction","Lopez-Martinez et al. (2023) | PROTEUS",NA
"6232","Xerophyta elegans","anther dehiscence","0",NA,"ancestral reconstruction","Lopez-Martinez et al. (2023) | PROTEUS",NA
"6233","Xerophyta elegans","fusion of ovaries","1",NA,"ancestral reconstruction","Lopez-Martinez et al. (2023) | PROTEUS",NA
"6234","Xerosicyos danguyi","ovary position","1",NA,"ancestral reconstruction","Lopez-Martinez et al. (2023) | PROTEUS",NA
"6235","Xerosicyos danguyi","anther orientation","2",NA,"ancestral reconstruction","Lopez-Martinez et al. (2023) | PROTEUS",NA
"6236","Xerosicyos danguyi","anther dehiscence","0",NA,"ancestral reconstruction","Lopez-Martinez et al. (2023) | PROTEUS",NA
"6237","Xerosicyos danguyi","fusion of ovaries","1",NA,"ancestral reconstruction","Lopez-Martinez et al. (2023) | PROTEUS",NA
"6238","Ximenia americana","sex of flowers","0",NA,"ancestral reconstruction","Lopez-Martinez et al. (2023) | PROTEUS",NA
"6239","Ximenia americana","ovary position","0",NA,"ancestral reconstruction","Lopez-Martinez et al. (2023) | PROTEUS",NA
"6240","Ximenia americana","anther attachment","0",NA,"ancestral reconstruction","Lopez-Martinez et al. (2023) | PROTEUS",NA
"6241","Ximenia americana","anther dehiscence","0",NA,"ancestral reconstruction","Lopez-Martinez et al. (2023) | PROTEUS",NA
"6242","Xiphidium caeruleum","no ovules","2",NA,"ancestral reconstruction","Lopez-Martinez et al. (2023) | PROTEUS",NA
"6243","Xiphidium caeruleum","sex of flowers","0",NA,"ancestral reconstruction","Lopez-Martinez et al. (2023) | PROTEUS",NA
"6244","Xiphidium caeruleum","ovary position","0",NA,"ancestral reconstruction","Lopez-Martinez et al. (2023) | PROTEUS",NA
"6245","Xiphidium caeruleum","anther orientation","0",NA,"ancestral reconstruction","Lopez-Martinez et al. (2023) | PROTEUS",NA
"6246","Xiphidium caeruleum","fusion of ovaries","1",NA,"ancestral reconstruction","Lopez-Martinez et al. (2023) | PROTEUS",NA
"6247","Xyris jupicai","sex of flowers","0",NA,"ancestral reconstruction","Lopez-Martinez et al. (2023) | PROTEUS",NA
"6248","Xyris jupicai","ovary position","0",NA,"ancestral reconstruction","Lopez-Martinez et al. (2023) | PROTEUS",NA
"6249","Xyris jupicai","fusion of ovaries","1",NA,"ancestral reconstruction","Lopez-Martinez et al. (2023) | PROTEUS",NA
"6250","Zabelia tyaihyonii","sex of flowers","0",NA,"ancestral reconstruction","Lopez-Martinez et al. (2023) | PROTEUS",NA
"6251","Zabelia tyaihyonii","ovary position","1",NA,"ancestral reconstruction","Lopez-Martinez et al. (2023) | PROTEUS",NA
"6252","Zabelia tyaihyonii","anther orientation","1",NA,"ancestral reconstruction","Lopez-Martinez et al. (2023) | PROTEUS",NA
"6253","Zabelia tyaihyonii","anther attachment","0",NA,"ancestral reconstruction","Lopez-Martinez et al. (2023) | PROTEUS",NA
"6254","Zabelia tyaihyonii","anther dehiscence","0",NA,"ancestral reconstruction","Lopez-Martinez et al. (2023) | PROTEUS",NA
"6255","Zabelia tyaihyonii","fusion of ovaries","1",NA,"ancestral reconstruction","Lopez-Martinez et al. (2023) | PROTEUS",NA
"6256","Zannichellia palustris","no ovules","0",NA,"ancestral reconstruction","Lopez-Martinez et al. (2023) | PROTEUS",NA
"6257","Zannichellia palustris","sex of flowers","1",NA,"ancestral reconstruction","Lopez-Martinez et al. (2023) | PROTEUS",NA
"6258","Zannichellia palustris","ovary position","0",NA,"ancestral reconstruction","Lopez-Martinez et al. (2023) | PROTEUS",NA
"6259","Zannichellia palustris","anther attachment","0",NA,"ancestral reconstruction","Lopez-Martinez et al. (2023) | PROTEUS",NA
"6260","Zannichellia palustris","anther dehiscence","0",NA,"ancestral reconstruction","Lopez-Martinez et al. (2023) | PROTEUS",NA
"6261","Zannichellia palustris","fusion of ovaries","0",NA,"ancestral reconstruction","Lopez-Martinez et al. (2023) | PROTEUS",NA
"6262","Zea mays","no ovules","0",NA,"ancestral reconstruction","Lopez-Martinez et al. (2023) | PROTEUS",NA
"6263","Zea mays","sex of flowers","0",NA,"ancestral reconstruction","Lopez-Martinez et al. (2023) | PROTEUS",NA
"6264","Zea mays","ovary position","0",NA,"ancestral reconstruction","Lopez-Martinez et al. (2023) | PROTEUS",NA
"6265","Zea mays","anther attachment","0",NA,"ancestral reconstruction","Lopez-Martinez et al. (2023) | PROTEUS",NA
"6266","Zea mays","anther dehiscence","0",NA,"ancestral reconstruction","Lopez-Martinez et al. (2023) | PROTEUS",NA
"6267","Zelkova serrata","no ovules","0",NA,"ancestral reconstruction","Lopez-Martinez et al. (2023) | PROTEUS",NA
"6268","Zelkova serrata","sex of flowers","0&1",NA,"ancestral reconstruction","Lopez-Martinez et al. (2023) | PROTEUS",NA
"6269","Zelkova serrata","ovary position","0",NA,"ancestral reconstruction","Lopez-Martinez et al. (2023) | PROTEUS",NA
"6270","Zelkova serrata","anther dehiscence","0",NA,"ancestral reconstruction","Lopez-Martinez et al. (2023) | PROTEUS",NA
"6271","Zingiber gramineum","sex of flowers","0",NA,"ancestral reconstruction","Lopez-Martinez et al. (2023) | PROTEUS",NA
"6272","Zingiber gramineum","ovary position","1",NA,"ancestral reconstruction","Lopez-Martinez et al. (2023) | PROTEUS",NA
"6273","Zingiber gramineum","anther orientation","0",NA,"ancestral reconstruction","Lopez-Martinez et al. (2023) | PROTEUS",NA
"6274","Zingiber gramineum","anther dehiscence","0",NA,"ancestral reconstruction","Lopez-Martinez et al. (2023) | PROTEUS",NA
"6275","Zippelia begoniifolia","no ovules","1",NA,"ancestral reconstruction","Lopez-Martinez et al. (2023) | PROTEUS",NA
"6276","Zippelia begoniifolia","sex of flowers","0",NA,"ancestral reconstruction","Lopez-Martinez et al. (2023) | PROTEUS",NA
"6277","Zippelia begoniifolia","ovary position","0",NA,"ancestral reconstruction","Lopez-Martinez et al. (2023) | PROTEUS",NA
"6278","Zippelia begoniifolia","anther orientation","0",NA,"ancestral reconstruction","Lopez-Martinez et al. (2023) | PROTEUS",NA
"6279","Zippelia begoniifolia","anther attachment","0",NA,"ancestral reconstruction","Lopez-Martinez et al. (2023) | PROTEUS",NA
"6280","Zippelia begoniifolia","anther dehiscence","0",NA,"ancestral reconstruction","Lopez-Martinez et al. (2023) | PROTEUS",NA
"6281","Zippelia begoniifolia","fusion of ovaries","1",NA,"ancestral reconstruction","Lopez-Martinez et al. (2023) | PROTEUS",NA
"6282","Zostera marina","no ovules","0",NA,"ancestral reconstruction","Lopez-Martinez et al. (2023) | PROTEUS",NA
"6283","Zostera marina","sex of flowers","1",NA,"ancestral reconstruction","Lopez-Martinez et al. (2023) | PROTEUS",NA
"6284","Zostera marina","anther dehiscence","0",NA,"ancestral reconstruction","Lopez-Martinez et al. (2023) | PROTEUS",NA
