"spp_name","trait_name","value","unit","kind","source","comment"
"Acer rubrum","First_Yes_DOY Full flowering (50%)","90","DOY",NA,"Phenology Network","Year = 2010, 2010 | Site Name = PPN_9200010 | Individual ID = 1977"
"Acer rubrum","Last_Yes_DOY Full flowering (50%)","106","DOY",NA,"Phenology Network","Year = 2010, 2010 | Site Name = PPN_9200010 | Individual ID = 1977"
"Acer rubrum","First_Yes_DOY Open flowers","89","DOY",NA,"Phenology Network","Year = 2010, 2010 | Site Name = PPN_9200010 | Individual ID = 1977"
"Acer rubrum","Last_Yes_DOY Open flowers","106","DOY",NA,"Phenology Network","Year = 2010, 2010 | Site Name = PPN_9200010 | Individual ID = 1977"
"Acer rubrum","First_Yes_DOY Full flowering (50%)","93","DOY",NA,"Phenology Network","Year = 2010, 2010 | Site Name = backyard | Individual ID = 2321"
"Acer rubrum","Last_Yes_DOY Full flowering (50%)","95","DOY",NA,"Phenology Network","Year = 2010, 2010 | Site Name = backyard | Individual ID = 2321"
"Acer rubrum","First_Yes_DOY Open flowers","90","DOY",NA,"Phenology Network","Year = 2010, 2010 | Site Name = backyard | Individual ID = 2321"
"Acer rubrum","Last_Yes_DOY Open flowers","90","DOY",NA,"Phenology Network","Year = 2010, 2010 | Site Name = backyard | Individual ID = 2321"
"Acer rubrum","First_Yes_DOY Full flowering (50%)","97","DOY",NA,"Phenology Network","Year = 2010, 2010 | Site Name = backyard | Individual ID = 2448"
"Acer rubrum","Last_Yes_DOY Full flowering (50%)","101","DOY",NA,"Phenology Network","Year = 2010, 2010 | Site Name = backyard | Individual ID = 2448"
"Acer rubrum","First_Yes_DOY Open flowers","97","DOY",NA,"Phenology Network","Year = 2010, 2010 | Site Name = backyard | Individual ID = 2448"
"Acer rubrum","Last_Yes_DOY Open flowers","101","DOY",NA,"Phenology Network","Year = 2010, 2010 | Site Name = backyard | Individual ID = 2448"
"Acer rubrum","First_Yes_DOY Full flowering (50%)","105","DOY",NA,"Phenology Network","Year = 2010, 2010 | Site Name = Wolfhaunt Rock Ridge | Individual ID = 2979"
"Acer rubrum","Last_Yes_DOY Full flowering (50%)","123","DOY",NA,"Phenology Network","Year = 2010, 2010 | Site Name = Wolfhaunt Rock Ridge | Individual ID = 2979"
"Acer rubrum","First_Yes_DOY Open flowers","100","DOY",NA,"Phenology Network","Year = 2010, 2010 | Site Name = Wolfhaunt Rock Ridge | Individual ID = 2979"
"Acer rubrum","Last_Yes_DOY Open flowers","100","DOY",NA,"Phenology Network","Year = 2010, 2010 | Site Name = Wolfhaunt Rock Ridge | Individual ID = 2979"
"Acer rubrum","First_Yes_DOY Full flowering (50%)","105","DOY",NA,"Phenology Network","Year = 2010, 2010 | Site Name = Wolfhaunt Rock Ridge | Individual ID = 3017"
"Acer rubrum","Last_Yes_DOY Full flowering (50%)","123","DOY",NA,"Phenology Network","Year = 2010, 2010 | Site Name = Wolfhaunt Rock Ridge | Individual ID = 3017"
"Acer rubrum","First_Yes_DOY Open flowers","100","DOY",NA,"Phenology Network","Year = 2010, 2010 | Site Name = Wolfhaunt Rock Ridge | Individual ID = 3017"
"Acer rubrum","Last_Yes_DOY Open flowers","100","DOY",NA,"Phenology Network","Year = 2010, 2010 | Site Name = Wolfhaunt Rock Ridge | Individual ID = 3017"
"Acer rubrum","First_Yes_DOY Full flowering (50%)","95","DOY",NA,"Phenology Network","Year = 2010, 2010 | Site Name = Cedar Bog Lake Highland 2 | Individual ID = 3187"
"Acer rubrum","Last_Yes_DOY Full flowering (50%)","106","DOY",NA,"Phenology Network","Year = 2010, 2010 | Site Name = Cedar Bog Lake Highland 2 | Individual ID = 3187"
"Acer rubrum","First_Yes_DOY Open flowers","95","DOY",NA,"Phenology Network","Year = 2010, 2010 | Site Name = Cedar Bog Lake Highland 2 | Individual ID = 3187"
"Acer rubrum","Last_Yes_DOY Open flowers","106","DOY",NA,"Phenology Network","Year = 2010, 2010 | Site Name = Cedar Bog Lake Highland 2 | Individual ID = 3187"
"Acer rubrum","First_Yes_DOY Full flowering (50%)","95","DOY",NA,"Phenology Network","Year = 2010, 2010 | Site Name = Cedar Bog Lake Highland 2 | Individual ID = 3188"
"Acer rubrum","Last_Yes_DOY Full flowering (50%)","106","DOY",NA,"Phenology Network","Year = 2010, 2010 | Site Name = Cedar Bog Lake Highland 2 | Individual ID = 3188"
"Acer rubrum","First_Yes_DOY Open flowers","90","DOY",NA,"Phenology Network","Year = 2010, 2010 | Site Name = Cedar Bog Lake Highland 2 | Individual ID = 3188"
"Acer rubrum","Last_Yes_DOY Open flowers","106","DOY",NA,"Phenology Network","Year = 2010, 2010 | Site Name = Cedar Bog Lake Highland 2 | Individual ID = 3188"
"Acer negundo","First_Yes_DOY Full flowering (50%)","95","DOY",NA,"Phenology Network","Year = 2010, 2010 | Site Name = Beckman Lake Highland (Cedar Creek LTER) | Individual ID = 3192"
"Acer negundo","Last_Yes_DOY Full flowering (50%)","120","DOY",NA,"Phenology Network","Year = 2010, 2010 | Site Name = Beckman Lake Highland (Cedar Creek LTER) | Individual ID = 3192"
"Acer negundo","First_Yes_DOY Open flowers","95","DOY",NA,"Phenology Network","Year = 2010, 2010 | Site Name = Beckman Lake Highland (Cedar Creek LTER) | Individual ID = 3192"
"Acer negundo","Last_Yes_DOY Open flowers","120","DOY",NA,"Phenology Network","Year = 2010, 2010 | Site Name = Beckman Lake Highland (Cedar Creek LTER) | Individual ID = 3192"
"Acer negundo","First_Yes_DOY Full flowering (50%)","113","DOY",NA,"Phenology Network","Year = 2010, 2010 | Site Name = Beckman Lake Highland (Cedar Creek LTER) | Individual ID = 3193"
"Acer negundo","Last_Yes_DOY Full flowering (50%)","116","DOY",NA,"Phenology Network","Year = 2010, 2010 | Site Name = Beckman Lake Highland (Cedar Creek LTER) | Individual ID = 3193"
"Acer negundo","First_Yes_DOY Open flowers","95","DOY",NA,"Phenology Network","Year = 2010, 2010 | Site Name = Beckman Lake Highland (Cedar Creek LTER) | Individual ID = 3193"
"Acer negundo","Last_Yes_DOY Open flowers","116","DOY",NA,"Phenology Network","Year = 2010, 2010 | Site Name = Beckman Lake Highland (Cedar Creek LTER) | Individual ID = 3193"
"Populus tremuloides","First_Yes_DOY Full flowering (50%)","81","DOY",NA,"Phenology Network","Year = 2010, 2010 | Site Name = Cedar Bog Lake Highland 1 | Individual ID = 3204"
"Populus tremuloides","Last_Yes_DOY Full flowering (50%)","90","DOY",NA,"Phenology Network","Year = 2010, 2010 | Site Name = Cedar Bog Lake Highland 1 | Individual ID = 3204"
"Populus tremuloides","First_Yes_DOY Open flowers","77","DOY",NA,"Phenology Network","Year = 2010, 2010 | Site Name = Cedar Bog Lake Highland 1 | Individual ID = 3204"
"Populus tremuloides","Last_Yes_DOY Open flowers","90","DOY",NA,"Phenology Network","Year = 2010, 2010 | Site Name = Cedar Bog Lake Highland 1 | Individual ID = 3204"
"Populus tremuloides","First_Yes_DOY Full flowering (50%)","81","DOY",NA,"Phenology Network","Year = 2010, 2010 | Site Name = Cedar Bog Lake Highland 2 | Individual ID = 3205"
"Populus tremuloides","Last_Yes_DOY Full flowering (50%)","90","DOY",NA,"Phenology Network","Year = 2010, 2010 | Site Name = Cedar Bog Lake Highland 2 | Individual ID = 3205"
"Populus tremuloides","First_Yes_DOY Open flowers","77","DOY",NA,"Phenology Network","Year = 2010, 2010 | Site Name = Cedar Bog Lake Highland 2 | Individual ID = 3205"
"Populus tremuloides","Last_Yes_DOY Open flowers","90","DOY",NA,"Phenology Network","Year = 2010, 2010 | Site Name = Cedar Bog Lake Highland 2 | Individual ID = 3205"
"Populus tremuloides","First_Yes_DOY Full flowering (50%)","81","DOY",NA,"Phenology Network","Year = 2010, 2010 | Site Name = Cedar Bog Lake Highland 2 | Individual ID = 3206"
"Populus tremuloides","Last_Yes_DOY Full flowering (50%)","90","DOY",NA,"Phenology Network","Year = 2010, 2010 | Site Name = Cedar Bog Lake Highland 2 | Individual ID = 3206"
"Populus tremuloides","First_Yes_DOY Open flowers","77","DOY",NA,"Phenology Network","Year = 2010, 2010 | Site Name = Cedar Bog Lake Highland 2 | Individual ID = 3206"
"Populus tremuloides","Last_Yes_DOY Open flowers","90","DOY",NA,"Phenology Network","Year = 2010, 2010 | Site Name = Cedar Bog Lake Highland 2 | Individual ID = 3206"
"Acer rubrum","First_Yes_DOY Full flowering (50%)","61","DOY",NA,"Phenology Network","Year = 2010, 2010 | Site Name = Around the Yard | Individual ID = 3409"
"Acer rubrum","Last_Yes_DOY Full flowering (50%)","61","DOY",NA,"Phenology Network","Year = 2010, 2010 | Site Name = Around the Yard | Individual ID = 3409"
"Acer rubrum","First_Yes_DOY Open flowers","61","DOY",NA,"Phenology Network","Year = 2010, 2010 | Site Name = Around the Yard | Individual ID = 3409"
"Acer rubrum","Last_Yes_DOY Open flowers","61","DOY",NA,"Phenology Network","Year = 2010, 2010 | Site Name = Around the Yard | Individual ID = 3409"
"Acer rubrum","First_Yes_DOY Full flowering (50%)","95","DOY",NA,"Phenology Network","Year = 2010, 2010 | Site Name = Beckman Lake Highland (Cedar Creek LTER) | Individual ID = 3813"
"Acer rubrum","Last_Yes_DOY Full flowering (50%)","102","DOY",NA,"Phenology Network","Year = 2010, 2010 | Site Name = Beckman Lake Highland (Cedar Creek LTER) | Individual ID = 3813"
"Acer rubrum","First_Yes_DOY Open flowers","90","DOY",NA,"Phenology Network","Year = 2010, 2010 | Site Name = Beckman Lake Highland (Cedar Creek LTER) | Individual ID = 3813"
"Acer rubrum","Last_Yes_DOY Open flowers","102","DOY",NA,"Phenology Network","Year = 2010, 2010 | Site Name = Beckman Lake Highland (Cedar Creek LTER) | Individual ID = 3813"
"Populus tremuloides","First_Yes_DOY Full flowering (50%)","117","DOY",NA,"Phenology Network","Year = 2010, 2010 | Site Name = Homestead | Individual ID = 4631"
"Populus tremuloides","Last_Yes_DOY Full flowering (50%)","117","DOY",NA,"Phenology Network","Year = 2010, 2010 | Site Name = Homestead | Individual ID = 4631"
"Populus tremuloides","First_Yes_DOY Open flowers","114","DOY",NA,"Phenology Network","Year = 2010, 2010 | Site Name = Homestead | Individual ID = 4631"
"Populus tremuloides","Last_Yes_DOY Open flowers","117","DOY",NA,"Phenology Network","Year = 2010, 2010 | Site Name = Homestead | Individual ID = 4631"
"Acer rubrum","First_Yes_DOY Open flowers","100","DOY",NA,"Phenology Network","Year = 2010, 2010 | Site Name = My House | Individual ID = 4956"
"Acer rubrum","Last_Yes_DOY Open flowers","100","DOY",NA,"Phenology Network","Year = 2010, 2010 | Site Name = My House | Individual ID = 4956"
"Acer rubrum","First_Yes_DOY Full flowering (50%)","93","DOY",NA,"Phenology Network","Year = 2010, 2010 | Site Name = Stony Lake Hills subdivision | Individual ID = 5016"
"Acer rubrum","Last_Yes_DOY Full flowering (50%)","93","DOY",NA,"Phenology Network","Year = 2010, 2010 | Site Name = Stony Lake Hills subdivision | Individual ID = 5016"
"Acer rubrum","First_Yes_DOY Open flowers","93","DOY",NA,"Phenology Network","Year = 2010, 2010 | Site Name = Stony Lake Hills subdivision | Individual ID = 5016"
"Acer rubrum","Last_Yes_DOY Open flowers","93","DOY",NA,"Phenology Network","Year = 2010, 2010 | Site Name = Stony Lake Hills subdivision | Individual ID = 5016"
"Acer rubrum","First_Yes_DOY Full flowering (50%)","96","DOY",NA,"Phenology Network","Year = 2010, 2010 | Site Name = MEF S2 | Individual ID = 5051"
"Acer rubrum","Last_Yes_DOY Full flowering (50%)","111","DOY",NA,"Phenology Network","Year = 2010, 2010 | Site Name = MEF S2 | Individual ID = 5051"
"Acer rubrum","First_Yes_DOY Open flowers","96","DOY",NA,"Phenology Network","Year = 2010, 2010 | Site Name = MEF S2 | Individual ID = 5051"
"Acer rubrum","Last_Yes_DOY Open flowers","103","DOY",NA,"Phenology Network","Year = 2010, 2010 | Site Name = MEF S2 | Individual ID = 5051"
"Populus tremuloides","First_Yes_DOY Open flowers","78","DOY",NA,"Phenology Network","Year = 2010, 2010 | Site Name = Home | Individual ID = 5082"
"Populus tremuloides","Last_Yes_DOY Open flowers","80","DOY",NA,"Phenology Network","Year = 2010, 2010 | Site Name = Home | Individual ID = 5082"
"Quercus alba","First_Yes_DOY Full pollen release (angiosperms)","139","DOY",NA,"Phenology Network","Year = 2010, 2010 | Site Name = Cedar Bog Lake Highland 1 | Individual ID = 5103"
"Quercus alba","Last_Yes_DOY Full pollen release (angiosperms)","139","DOY",NA,"Phenology Network","Year = 2010, 2010 | Site Name = Cedar Bog Lake Highland 1 | Individual ID = 5103"
"Quercus alba","First_Yes_DOY Pollen release (flowers)","134","DOY",NA,"Phenology Network","Year = 2010, 2010 | Site Name = Cedar Bog Lake Highland 1 | Individual ID = 5103"
"Quercus alba","Last_Yes_DOY Pollen release (flowers)","139","DOY",NA,"Phenology Network","Year = 2010, 2010 | Site Name = Cedar Bog Lake Highland 1 | Individual ID = 5103"
"Quercus alba","First_Yes_DOY Full pollen release (angiosperms)","134","DOY",NA,"Phenology Network","Year = 2010, 2010 | Site Name = Cedar Bog Lake Highland 1 | Individual ID = 5105"
"Quercus alba","Last_Yes_DOY Full pollen release (angiosperms)","134","DOY",NA,"Phenology Network","Year = 2010, 2010 | Site Name = Cedar Bog Lake Highland 1 | Individual ID = 5105"
"Quercus alba","First_Yes_DOY Pollen release (flowers)","134","DOY",NA,"Phenology Network","Year = 2010, 2010 | Site Name = Cedar Bog Lake Highland 1 | Individual ID = 5105"
"Quercus alba","Last_Yes_DOY Pollen release (flowers)","134","DOY",NA,"Phenology Network","Year = 2010, 2010 | Site Name = Cedar Bog Lake Highland 1 | Individual ID = 5105"
"Quercus rubra","First_Yes_DOY Full pollen release (angiosperms)","139","DOY",NA,"Phenology Network","Year = 2010, 2010 | Site Name = Beckman Lake Highland (Cedar Creek LTER) | Individual ID = 5109"
"Quercus rubra","Last_Yes_DOY Full pollen release (angiosperms)","139","DOY",NA,"Phenology Network","Year = 2010, 2010 | Site Name = Beckman Lake Highland (Cedar Creek LTER) | Individual ID = 5109"
"Quercus rubra","First_Yes_DOY Pollen release (flowers)","139","DOY",NA,"Phenology Network","Year = 2010, 2010 | Site Name = Beckman Lake Highland (Cedar Creek LTER) | Individual ID = 5109"
"Quercus rubra","Last_Yes_DOY Pollen release (flowers)","139","DOY",NA,"Phenology Network","Year = 2010, 2010 | Site Name = Beckman Lake Highland (Cedar Creek LTER) | Individual ID = 5109"
"Quercus alba","First_Yes_DOY Full pollen release (angiosperms)","134","DOY",NA,"Phenology Network","Year = 2010, 2010 | Site Name = Beckman Lake Highland (Cedar Creek LTER) | Individual ID = 5110"
"Quercus alba","Last_Yes_DOY Full pollen release (angiosperms)","134","DOY",NA,"Phenology Network","Year = 2010, 2010 | Site Name = Beckman Lake Highland (Cedar Creek LTER) | Individual ID = 5110"
"Quercus alba","First_Yes_DOY Pollen release (flowers)","134","DOY",NA,"Phenology Network","Year = 2010, 2010 | Site Name = Beckman Lake Highland (Cedar Creek LTER) | Individual ID = 5110"
"Quercus alba","Last_Yes_DOY Pollen release (flowers)","134","DOY",NA,"Phenology Network","Year = 2010, 2010 | Site Name = Beckman Lake Highland (Cedar Creek LTER) | Individual ID = 5110"
"Quercus alba","First_Yes_DOY Full pollen release (angiosperms)","139","DOY",NA,"Phenology Network","Year = 2010, 2010 | Site Name = PhenoCAM tower (Cedar Creek LTER) | Individual ID = 5112"
"Quercus alba","Last_Yes_DOY Full pollen release (angiosperms)","139","DOY",NA,"Phenology Network","Year = 2010, 2010 | Site Name = PhenoCAM tower (Cedar Creek LTER) | Individual ID = 5112"
"Quercus alba","First_Yes_DOY Pollen release (flowers)","139","DOY",NA,"Phenology Network","Year = 2010, 2010 | Site Name = PhenoCAM tower (Cedar Creek LTER) | Individual ID = 5112"
"Quercus alba","Last_Yes_DOY Pollen release (flowers)","139","DOY",NA,"Phenology Network","Year = 2010, 2010 | Site Name = PhenoCAM tower (Cedar Creek LTER) | Individual ID = 5112"
"Acer rubrum","First_Yes_DOY Full flowering (50%)","95","DOY",NA,"Phenology Network","Year = 2010, 2010 | Site Name = PhenoCAM tower (Cedar Creek LTER) | Individual ID = 5115"
"Acer rubrum","Last_Yes_DOY Full flowering (50%)","106","DOY",NA,"Phenology Network","Year = 2010, 2010 | Site Name = PhenoCAM tower (Cedar Creek LTER) | Individual ID = 5115"
"Acer rubrum","First_Yes_DOY Open flowers","90","DOY",NA,"Phenology Network","Year = 2010, 2010 | Site Name = PhenoCAM tower (Cedar Creek LTER) | Individual ID = 5115"
"Acer rubrum","Last_Yes_DOY Open flowers","106","DOY",NA,"Phenology Network","Year = 2010, 2010 | Site Name = PhenoCAM tower (Cedar Creek LTER) | Individual ID = 5115"
"Acer rubrum","First_Yes_DOY Full flowering (50%)","97","DOY",NA,"Phenology Network","Year = 2010, 2010 | Site Name = Wetlands (Red Maple Tree) | Individual ID = 5168"
"Acer rubrum","Last_Yes_DOY Full flowering (50%)","97","DOY",NA,"Phenology Network","Year = 2010, 2010 | Site Name = Wetlands (Red Maple Tree) | Individual ID = 5168"
"Acer rubrum","First_Yes_DOY Open flowers","97","DOY",NA,"Phenology Network","Year = 2010, 2010 | Site Name = Wetlands (Red Maple Tree) | Individual ID = 5168"
"Acer rubrum","Last_Yes_DOY Open flowers","97","DOY",NA,"Phenology Network","Year = 2010, 2010 | Site Name = Wetlands (Red Maple Tree) | Individual ID = 5168"
"Acer rubrum","First_Yes_DOY Open flowers","98","DOY",NA,"Phenology Network","Year = 2010, 2010 | Site Name = Taylars site | Individual ID = 5169"
"Acer rubrum","Last_Yes_DOY Open flowers","103","DOY",NA,"Phenology Network","Year = 2010, 2010 | Site Name = Taylars site | Individual ID = 5169"
"Acer rubrum","First_Yes_DOY Full flowering (50%)","96","DOY",NA,"Phenology Network","Year = 2010, 2010 | Site Name = MEF S2 | Individual ID = 5182"
"Acer rubrum","Last_Yes_DOY Full flowering (50%)","111","DOY",NA,"Phenology Network","Year = 2010, 2010 | Site Name = MEF S2 | Individual ID = 5182"
"Acer rubrum","First_Yes_DOY Open flowers","96","DOY",NA,"Phenology Network","Year = 2010, 2010 | Site Name = MEF S2 | Individual ID = 5182"
"Acer rubrum","Last_Yes_DOY Open flowers","103","DOY",NA,"Phenology Network","Year = 2010, 2010 | Site Name = MEF S2 | Individual ID = 5182"
"Acer rubrum","First_Yes_DOY Full flowering (50%)","103","DOY",NA,"Phenology Network","Year = 2010, 2010 | Site Name = MEF S2 | Individual ID = 5183"
"Acer rubrum","Last_Yes_DOY Full flowering (50%)","111","DOY",NA,"Phenology Network","Year = 2010, 2010 | Site Name = MEF S2 | Individual ID = 5183"
"Acer rubrum","First_Yes_DOY Open flowers","103","DOY",NA,"Phenology Network","Year = 2010, 2010 | Site Name = MEF S2 | Individual ID = 5183"
"Acer rubrum","Last_Yes_DOY Open flowers","103","DOY",NA,"Phenology Network","Year = 2010, 2010 | Site Name = MEF S2 | Individual ID = 5183"
"Acer rubrum","First_Yes_DOY Open flowers","278","DOY",NA,"Phenology Network","Year = 2010, 2010 | Site Name = MEF S2 | Individual ID = 5183"
"Acer rubrum","Last_Yes_DOY Open flowers","278","DOY",NA,"Phenology Network","Year = 2010, 2010 | Site Name = MEF S2 | Individual ID = 5183"
"Populus tremuloides","First_Yes_DOY Full flowering (50%)","117","DOY",NA,"Phenology Network","Year = 2010, 2010 | Site Name = MEF S2 | Individual ID = 5184"
"Populus tremuloides","Last_Yes_DOY Full flowering (50%)","131","DOY",NA,"Phenology Network","Year = 2010, 2010 | Site Name = MEF S2 | Individual ID = 5184"
"Populus tremuloides","First_Yes_DOY Open flowers","111","DOY",NA,"Phenology Network","Year = 2010, 2010 | Site Name = MEF S2 | Individual ID = 5184"
"Populus tremuloides","Last_Yes_DOY Open flowers","111","DOY",NA,"Phenology Network","Year = 2010, 2010 | Site Name = MEF S2 | Individual ID = 5184"
"Acer rubrum","First_Yes_DOY Full flowering (50%)","70","DOY",NA,"Phenology Network","Year = 2010, 2010 | Site Name = my house | Individual ID = 5211"
"Acer rubrum","Last_Yes_DOY Full flowering (50%)","70","DOY",NA,"Phenology Network","Year = 2010, 2010 | Site Name = my house | Individual ID = 5211"
"Acer rubrum","First_Yes_DOY Open flowers","70","DOY",NA,"Phenology Network","Year = 2010, 2010 | Site Name = my house | Individual ID = 5211"
"Acer rubrum","Last_Yes_DOY Open flowers","70","DOY",NA,"Phenology Network","Year = 2010, 2010 | Site Name = my house | Individual ID = 5211"
"Fraxinus americana","First_Yes_DOY Open flowers","112","DOY",NA,"Phenology Network","Year = 2010, 2010 | Site Name = my house | Individual ID = 5213"
"Fraxinus americana","Last_Yes_DOY Open flowers","112","DOY",NA,"Phenology Network","Year = 2010, 2010 | Site Name = my house | Individual ID = 5213"
"Fraxinus americana","First_Yes_DOY Open flowers","85","DOY",NA,"Phenology Network","Year = 2010, 2010 | Site Name = Flores Home | Individual ID = 5448"
"Fraxinus americana","Last_Yes_DOY Open flowers","108","DOY",NA,"Phenology Network","Year = 2010, 2010 | Site Name = Flores Home | Individual ID = 5448"
"Populus tremuloides","First_Yes_DOY Full flowering (50%)","96","DOY",NA,"Phenology Network","Year = 2010, 2010 | Site Name = MEF S2 | Individual ID = 5612"
"Populus tremuloides","Last_Yes_DOY Full flowering (50%)","96","DOY",NA,"Phenology Network","Year = 2010, 2010 | Site Name = MEF S2 | Individual ID = 5612"
"Populus tremuloides","First_Yes_DOY Open flowers","89","DOY",NA,"Phenology Network","Year = 2010, 2010 | Site Name = MEF S2 | Individual ID = 5612"
"Populus tremuloides","Last_Yes_DOY Open flowers","96","DOY",NA,"Phenology Network","Year = 2010, 2010 | Site Name = MEF S2 | Individual ID = 5612"
"Populus tremuloides","First_Yes_DOY Open flowers","83","DOY",NA,"Phenology Network","Year = 2010, 2010 | Site Name = Stony Lake Hills subdivision | Individual ID = 9629"
"Populus tremuloides","Last_Yes_DOY Open flowers","83","DOY",NA,"Phenology Network","Year = 2010, 2010 | Site Name = Stony Lake Hills subdivision | Individual ID = 9629"
"Acer rubrum","First_Yes_DOY Flowers or flower buds","100","DOY",NA,"Phenology Network","Year = 2011, 2011 | Site Name = PPN_9200010 | Individual ID = 1977"
"Acer rubrum","Last_Yes_DOY Flowers or flower buds","126","DOY",NA,"Phenology Network","Year = 2011, 2011 | Site Name = PPN_9200010 | Individual ID = 1977"
"Acer rubrum","First_Yes_DOY Open flowers","100","DOY",NA,"Phenology Network","Year = 2011, 2011 | Site Name = PPN_9200010 | Individual ID = 1977"
"Acer rubrum","Last_Yes_DOY Open flowers","126","DOY",NA,"Phenology Network","Year = 2011, 2011 | Site Name = PPN_9200010 | Individual ID = 1977"
"Acer rubrum","First_Yes_DOY Flowers or flower buds","95","DOY",NA,"Phenology Network","Year = 2011, 2011 | Site Name = backyard | Individual ID = 2321"
"Acer rubrum","Last_Yes_DOY Flowers or flower buds","113","DOY",NA,"Phenology Network","Year = 2011, 2011 | Site Name = backyard | Individual ID = 2321"
"Acer rubrum","First_Yes_DOY Open flowers","103","DOY",NA,"Phenology Network","Year = 2011, 2011 | Site Name = backyard | Individual ID = 2321"
"Acer rubrum","Last_Yes_DOY Open flowers","113","DOY",NA,"Phenology Network","Year = 2011, 2011 | Site Name = backyard | Individual ID = 2321"
"Acer rubrum","First_Yes_DOY Flowers or flower buds","103","DOY",NA,"Phenology Network","Year = 2011, 2011 | Site Name = backyard | Individual ID = 2448"
"Acer rubrum","Last_Yes_DOY Flowers or flower buds","116","DOY",NA,"Phenology Network","Year = 2011, 2011 | Site Name = backyard | Individual ID = 2448"
"Acer rubrum","First_Yes_DOY Open flowers","103","DOY",NA,"Phenology Network","Year = 2011, 2011 | Site Name = backyard | Individual ID = 2448"
"Acer rubrum","Last_Yes_DOY Open flowers","116","DOY",NA,"Phenology Network","Year = 2011, 2011 | Site Name = backyard | Individual ID = 2448"
"Acer rubrum","First_Yes_DOY Flowers or flower buds","135","DOY",NA,"Phenology Network","Year = 2011, 2011 | Site Name = Wolfhaunt Rock Ridge | Individual ID = 2979"
"Acer rubrum","Last_Yes_DOY Flowers or flower buds","142","DOY",NA,"Phenology Network","Year = 2011, 2011 | Site Name = Wolfhaunt Rock Ridge | Individual ID = 2979"
"Acer rubrum","First_Yes_DOY Open flowers","135","DOY",NA,"Phenology Network","Year = 2011, 2011 | Site Name = Wolfhaunt Rock Ridge | Individual ID = 2979"
"Acer rubrum","Last_Yes_DOY Open flowers","142","DOY",NA,"Phenology Network","Year = 2011, 2011 | Site Name = Wolfhaunt Rock Ridge | Individual ID = 2979"
"Acer rubrum","First_Yes_DOY Pollen release (flowers)","138","DOY",NA,"Phenology Network","Year = 2011, 2011 | Site Name = Wolfhaunt Rock Ridge | Individual ID = 2979"
"Acer rubrum","Last_Yes_DOY Pollen release (flowers)","138","DOY",NA,"Phenology Network","Year = 2011, 2011 | Site Name = Wolfhaunt Rock Ridge | Individual ID = 2979"
"Acer rubrum","First_Yes_DOY Flowers or flower buds","130","DOY",NA,"Phenology Network","Year = 2011, 2011 | Site Name = Wolfhaunt Rock Ridge | Individual ID = 3017"
"Acer rubrum","Last_Yes_DOY Flowers or flower buds","142","DOY",NA,"Phenology Network","Year = 2011, 2011 | Site Name = Wolfhaunt Rock Ridge | Individual ID = 3017"
"Acer rubrum","First_Yes_DOY Open flowers","130","DOY",NA,"Phenology Network","Year = 2011, 2011 | Site Name = Wolfhaunt Rock Ridge | Individual ID = 3017"
"Acer rubrum","Last_Yes_DOY Open flowers","142","DOY",NA,"Phenology Network","Year = 2011, 2011 | Site Name = Wolfhaunt Rock Ridge | Individual ID = 3017"
"Acer rubrum","First_Yes_DOY Pollen release (flowers)","138","DOY",NA,"Phenology Network","Year = 2011, 2011 | Site Name = Wolfhaunt Rock Ridge | Individual ID = 3017"
"Acer rubrum","Last_Yes_DOY Pollen release (flowers)","138","DOY",NA,"Phenology Network","Year = 2011, 2011 | Site Name = Wolfhaunt Rock Ridge | Individual ID = 3017"
"Acer rubrum","First_Yes_DOY Flowers or flower buds","105","DOY",NA,"Phenology Network","Year = 2011, 2011 | Site Name = Cedar Bog Lake Highland 2 | Individual ID = 3187"
"Acer rubrum","Last_Yes_DOY Flowers or flower buds","126","DOY",NA,"Phenology Network","Year = 2011, 2011 | Site Name = Cedar Bog Lake Highland 2 | Individual ID = 3187"
"Acer rubrum","First_Yes_DOY Open flowers","105","DOY",NA,"Phenology Network","Year = 2011, 2011 | Site Name = Cedar Bog Lake Highland 2 | Individual ID = 3187"
"Acer rubrum","Last_Yes_DOY Open flowers","126","DOY",NA,"Phenology Network","Year = 2011, 2011 | Site Name = Cedar Bog Lake Highland 2 | Individual ID = 3187"
"Acer rubrum","First_Yes_DOY Pollen release (flowers)","109","DOY",NA,"Phenology Network","Year = 2011, 2011 | Site Name = Cedar Bog Lake Highland 2 | Individual ID = 3187"
"Acer rubrum","Last_Yes_DOY Pollen release (flowers)","112","DOY",NA,"Phenology Network","Year = 2011, 2011 | Site Name = Cedar Bog Lake Highland 2 | Individual ID = 3187"
"Acer rubrum","First_Yes_DOY Flowers or flower buds","105","DOY",NA,"Phenology Network","Year = 2011, 2011 | Site Name = Cedar Bog Lake Highland 2 | Individual ID = 3188"
"Acer rubrum","Last_Yes_DOY Flowers or flower buds","126","DOY",NA,"Phenology Network","Year = 2011, 2011 | Site Name = Cedar Bog Lake Highland 2 | Individual ID = 3188"
"Acer rubrum","First_Yes_DOY Open flowers","105","DOY",NA,"Phenology Network","Year = 2011, 2011 | Site Name = Cedar Bog Lake Highland 2 | Individual ID = 3188"
"Acer rubrum","Last_Yes_DOY Open flowers","126","DOY",NA,"Phenology Network","Year = 2011, 2011 | Site Name = Cedar Bog Lake Highland 2 | Individual ID = 3188"
"Acer rubrum","First_Yes_DOY Pollen release (flowers)","109","DOY",NA,"Phenology Network","Year = 2011, 2011 | Site Name = Cedar Bog Lake Highland 2 | Individual ID = 3188"
"Acer rubrum","Last_Yes_DOY Pollen release (flowers)","115","DOY",NA,"Phenology Network","Year = 2011, 2011 | Site Name = Cedar Bog Lake Highland 2 | Individual ID = 3188"
"Acer negundo","First_Yes_DOY Flowers or flower buds","109","DOY",NA,"Phenology Network","Year = 2011, 2011 | Site Name = Beckman Lake Highland (Cedar Creek LTER) | Individual ID = 3192"
"Acer negundo","Last_Yes_DOY Flowers or flower buds","123","DOY",NA,"Phenology Network","Year = 2011, 2011 | Site Name = Beckman Lake Highland (Cedar Creek LTER) | Individual ID = 3192"
"Acer negundo","First_Yes_DOY Open flowers","112","DOY",NA,"Phenology Network","Year = 2011, 2011 | Site Name = Beckman Lake Highland (Cedar Creek LTER) | Individual ID = 3192"
"Acer negundo","Last_Yes_DOY Open flowers","123","DOY",NA,"Phenology Network","Year = 2011, 2011 | Site Name = Beckman Lake Highland (Cedar Creek LTER) | Individual ID = 3192"
"Acer negundo","First_Yes_DOY Pollen release (flowers)","119","DOY",NA,"Phenology Network","Year = 2011, 2011 | Site Name = Beckman Lake Highland (Cedar Creek LTER) | Individual ID = 3192"
"Acer negundo","Last_Yes_DOY Pollen release (flowers)","123","DOY",NA,"Phenology Network","Year = 2011, 2011 | Site Name = Beckman Lake Highland (Cedar Creek LTER) | Individual ID = 3192"
"Populus tremuloides","First_Yes_DOY Flowers or flower buds","84","DOY",NA,"Phenology Network","Year = 2011, 2011 | Site Name = Cedar Bog Lake Highland 1 | Individual ID = 3204"
"Populus tremuloides","Last_Yes_DOY Flowers or flower buds","109","DOY",NA,"Phenology Network","Year = 2011, 2011 | Site Name = Cedar Bog Lake Highland 1 | Individual ID = 3204"
"Populus tremuloides","First_Yes_DOY Open flowers","94","DOY",NA,"Phenology Network","Year = 2011, 2011 | Site Name = Cedar Bog Lake Highland 1 | Individual ID = 3204"
"Populus tremuloides","Last_Yes_DOY Open flowers","109","DOY",NA,"Phenology Network","Year = 2011, 2011 | Site Name = Cedar Bog Lake Highland 1 | Individual ID = 3204"
"Populus tremuloides","First_Yes_DOY Pollen release (flowers)","105","DOY",NA,"Phenology Network","Year = 2011, 2011 | Site Name = Cedar Bog Lake Highland 1 | Individual ID = 3204"
"Populus tremuloides","Last_Yes_DOY Pollen release (flowers)","109","DOY",NA,"Phenology Network","Year = 2011, 2011 | Site Name = Cedar Bog Lake Highland 1 | Individual ID = 3204"
"Populus tremuloides","First_Yes_DOY Flowers or flower buds","84","DOY",NA,"Phenology Network","Year = 2011, 2011 | Site Name = Cedar Bog Lake Highland 2 | Individual ID = 3205"
"Populus tremuloides","Last_Yes_DOY Flowers or flower buds","112","DOY",NA,"Phenology Network","Year = 2011, 2011 | Site Name = Cedar Bog Lake Highland 2 | Individual ID = 3205"
"Populus tremuloides","First_Yes_DOY Open flowers","101","DOY",NA,"Phenology Network","Year = 2011, 2011 | Site Name = Cedar Bog Lake Highland 2 | Individual ID = 3205"
"Populus tremuloides","Last_Yes_DOY Open flowers","112","DOY",NA,"Phenology Network","Year = 2011, 2011 | Site Name = Cedar Bog Lake Highland 2 | Individual ID = 3205"
"Populus tremuloides","First_Yes_DOY Pollen release (flowers)","105","DOY",NA,"Phenology Network","Year = 2011, 2011 | Site Name = Cedar Bog Lake Highland 2 | Individual ID = 3205"
"Populus tremuloides","Last_Yes_DOY Pollen release (flowers)","109","DOY",NA,"Phenology Network","Year = 2011, 2011 | Site Name = Cedar Bog Lake Highland 2 | Individual ID = 3205"
"Populus tremuloides","First_Yes_DOY Flowers or flower buds","90","DOY",NA,"Phenology Network","Year = 2011, 2011 | Site Name = Cedar Bog Lake Highland 2 | Individual ID = 3206"
"Populus tremuloides","Last_Yes_DOY Flowers or flower buds","109","DOY",NA,"Phenology Network","Year = 2011, 2011 | Site Name = Cedar Bog Lake Highland 2 | Individual ID = 3206"
"Populus tremuloides","First_Yes_DOY Open flowers","105","DOY",NA,"Phenology Network","Year = 2011, 2011 | Site Name = Cedar Bog Lake Highland 2 | Individual ID = 3206"
"Populus tremuloides","Last_Yes_DOY Open flowers","109","DOY",NA,"Phenology Network","Year = 2011, 2011 | Site Name = Cedar Bog Lake Highland 2 | Individual ID = 3206"
"Populus tremuloides","First_Yes_DOY Pollen release (flowers)","105","DOY",NA,"Phenology Network","Year = 2011, 2011 | Site Name = Cedar Bog Lake Highland 2 | Individual ID = 3206"
"Populus tremuloides","Last_Yes_DOY Pollen release (flowers)","109","DOY",NA,"Phenology Network","Year = 2011, 2011 | Site Name = Cedar Bog Lake Highland 2 | Individual ID = 3206"
"Acer rubrum","First_Yes_DOY Flowers or flower buds","105","DOY",NA,"Phenology Network","Year = 2011, 2011 | Site Name = Beckman Lake Highland (Cedar Creek LTER) | Individual ID = 3813"
"Acer rubrum","Last_Yes_DOY Flowers or flower buds","126","DOY",NA,"Phenology Network","Year = 2011, 2011 | Site Name = Beckman Lake Highland (Cedar Creek LTER) | Individual ID = 3813"
"Acer rubrum","First_Yes_DOY Open flowers","105","DOY",NA,"Phenology Network","Year = 2011, 2011 | Site Name = Beckman Lake Highland (Cedar Creek LTER) | Individual ID = 3813"
"Acer rubrum","Last_Yes_DOY Open flowers","126","DOY",NA,"Phenology Network","Year = 2011, 2011 | Site Name = Beckman Lake Highland (Cedar Creek LTER) | Individual ID = 3813"
"Acer rubrum","First_Yes_DOY Pollen release (flowers)","109","DOY",NA,"Phenology Network","Year = 2011, 2011 | Site Name = Beckman Lake Highland (Cedar Creek LTER) | Individual ID = 3813"
"Acer rubrum","Last_Yes_DOY Pollen release (flowers)","115","DOY",NA,"Phenology Network","Year = 2011, 2011 | Site Name = Beckman Lake Highland (Cedar Creek LTER) | Individual ID = 3813"
"Acer negundo","First_Yes_DOY Flowers or flower buds","136","DOY",NA,"Phenology Network","Year = 2011, 2011 | Site Name = Garden 2 | Individual ID = 4127"
"Acer negundo","Last_Yes_DOY Flowers or flower buds","136","DOY",NA,"Phenology Network","Year = 2011, 2011 | Site Name = Garden 2 | Individual ID = 4127"
"Acer negundo","First_Yes_DOY Open flowers","136","DOY",NA,"Phenology Network","Year = 2011, 2011 | Site Name = Garden 2 | Individual ID = 4127"
"Acer negundo","Last_Yes_DOY Open flowers","136","DOY",NA,"Phenology Network","Year = 2011, 2011 | Site Name = Garden 2 | Individual ID = 4127"
"Acer negundo","First_Yes_DOY Pollen release (flowers)","136","DOY",NA,"Phenology Network","Year = 2011, 2011 | Site Name = Garden 2 | Individual ID = 4127"
"Acer negundo","Last_Yes_DOY Pollen release (flowers)","136","DOY",NA,"Phenology Network","Year = 2011, 2011 | Site Name = Garden 2 | Individual ID = 4127"
"Acer rubrum","First_Yes_DOY Flowers or flower buds","113","DOY",NA,"Phenology Network","Year = 2011, 2011 | Site Name = Stony Lake Hills subdivision | Individual ID = 5016"
"Acer rubrum","Last_Yes_DOY Flowers or flower buds","113","DOY",NA,"Phenology Network","Year = 2011, 2011 | Site Name = Stony Lake Hills subdivision | Individual ID = 5016"
"Acer rubrum","First_Yes_DOY Open flowers","113","DOY",NA,"Phenology Network","Year = 2011, 2011 | Site Name = Stony Lake Hills subdivision | Individual ID = 5016"
"Acer rubrum","Last_Yes_DOY Open flowers","113","DOY",NA,"Phenology Network","Year = 2011, 2011 | Site Name = Stony Lake Hills subdivision | Individual ID = 5016"
"Acer rubrum","First_Yes_DOY Flowers or flower buds","123","DOY",NA,"Phenology Network","Year = 2011, 2011 | Site Name = MEF S2 | Individual ID = 5051"
"Acer rubrum","Last_Yes_DOY Flowers or flower buds","123","DOY",NA,"Phenology Network","Year = 2011, 2011 | Site Name = MEF S2 | Individual ID = 5051"
"Acer rubrum","First_Yes_DOY Open flowers","123","DOY",NA,"Phenology Network","Year = 2011, 2011 | Site Name = MEF S2 | Individual ID = 5051"
"Acer rubrum","Last_Yes_DOY Open flowers","123","DOY",NA,"Phenology Network","Year = 2011, 2011 | Site Name = MEF S2 | Individual ID = 5051"
"Quercus rubra","First_Yes_DOY Flowers or flower buds","130","DOY",NA,"Phenology Network","Year = 2011, 2011 | Site Name = Cedar Bog Lake Highland 1 | Individual ID = 5104"
"Quercus rubra","Last_Yes_DOY Flowers or flower buds","140","DOY",NA,"Phenology Network","Year = 2011, 2011 | Site Name = Cedar Bog Lake Highland 1 | Individual ID = 5104"
"Quercus rubra","First_Yes_DOY Open flowers","136","DOY",NA,"Phenology Network","Year = 2011, 2011 | Site Name = Cedar Bog Lake Highland 1 | Individual ID = 5104"
"Quercus rubra","Last_Yes_DOY Open flowers","140","DOY",NA,"Phenology Network","Year = 2011, 2011 | Site Name = Cedar Bog Lake Highland 1 | Individual ID = 5104"
"Quercus rubra","First_Yes_DOY Pollen release (flowers)","136","DOY",NA,"Phenology Network","Year = 2011, 2011 | Site Name = Cedar Bog Lake Highland 1 | Individual ID = 5104"
"Quercus rubra","Last_Yes_DOY Pollen release (flowers)","140","DOY",NA,"Phenology Network","Year = 2011, 2011 | Site Name = Cedar Bog Lake Highland 1 | Individual ID = 5104"
"Quercus alba","First_Yes_DOY Flowers or flower buds","136","DOY",NA,"Phenology Network","Year = 2011, 2011 | Site Name = Cedar Bog Lake Highland 1 | Individual ID = 5105"
"Quercus alba","Last_Yes_DOY Flowers or flower buds","146","DOY",NA,"Phenology Network","Year = 2011, 2011 | Site Name = Cedar Bog Lake Highland 1 | Individual ID = 5105"
"Quercus alba","First_Yes_DOY Open flowers","140","DOY",NA,"Phenology Network","Year = 2011, 2011 | Site Name = Cedar Bog Lake Highland 1 | Individual ID = 5105"
"Quercus alba","Last_Yes_DOY Open flowers","146","DOY",NA,"Phenology Network","Year = 2011, 2011 | Site Name = Cedar Bog Lake Highland 1 | Individual ID = 5105"
"Quercus alba","First_Yes_DOY Pollen release (flowers)","140","DOY",NA,"Phenology Network","Year = 2011, 2011 | Site Name = Cedar Bog Lake Highland 1 | Individual ID = 5105"
"Quercus alba","Last_Yes_DOY Pollen release (flowers)","146","DOY",NA,"Phenology Network","Year = 2011, 2011 | Site Name = Cedar Bog Lake Highland 1 | Individual ID = 5105"
"Quercus rubra","First_Yes_DOY Flowers or flower buds","136","DOY",NA,"Phenology Network","Year = 2011, 2011 | Site Name = Cedar Bog Lake Highland 2 | Individual ID = 5106"
"Quercus rubra","Last_Yes_DOY Flowers or flower buds","140","DOY",NA,"Phenology Network","Year = 2011, 2011 | Site Name = Cedar Bog Lake Highland 2 | Individual ID = 5106"
"Quercus rubra","First_Yes_DOY Open flowers","136","DOY",NA,"Phenology Network","Year = 2011, 2011 | Site Name = Cedar Bog Lake Highland 2 | Individual ID = 5106"
"Quercus rubra","Last_Yes_DOY Open flowers","140","DOY",NA,"Phenology Network","Year = 2011, 2011 | Site Name = Cedar Bog Lake Highland 2 | Individual ID = 5106"
"Quercus rubra","First_Yes_DOY Pollen release (flowers)","140","DOY",NA,"Phenology Network","Year = 2011, 2011 | Site Name = Cedar Bog Lake Highland 2 | Individual ID = 5106"
"Quercus rubra","Last_Yes_DOY Pollen release (flowers)","140","DOY",NA,"Phenology Network","Year = 2011, 2011 | Site Name = Cedar Bog Lake Highland 2 | Individual ID = 5106"
"Quercus rubra","First_Yes_DOY Flowers or flower buds","136","DOY",NA,"Phenology Network","Year = 2011, 2011 | Site Name = Beckman Lake Highland (Cedar Creek LTER) | Individual ID = 5109"
"Quercus rubra","Last_Yes_DOY Flowers or flower buds","140","DOY",NA,"Phenology Network","Year = 2011, 2011 | Site Name = Beckman Lake Highland (Cedar Creek LTER) | Individual ID = 5109"
"Quercus rubra","First_Yes_DOY Open flowers","136","DOY",NA,"Phenology Network","Year = 2011, 2011 | Site Name = Beckman Lake Highland (Cedar Creek LTER) | Individual ID = 5109"
"Quercus rubra","Last_Yes_DOY Open flowers","140","DOY",NA,"Phenology Network","Year = 2011, 2011 | Site Name = Beckman Lake Highland (Cedar Creek LTER) | Individual ID = 5109"
"Quercus rubra","First_Yes_DOY Pollen release (flowers)","136","DOY",NA,"Phenology Network","Year = 2011, 2011 | Site Name = Beckman Lake Highland (Cedar Creek LTER) | Individual ID = 5109"
"Quercus rubra","Last_Yes_DOY Pollen release (flowers)","140","DOY",NA,"Phenology Network","Year = 2011, 2011 | Site Name = Beckman Lake Highland (Cedar Creek LTER) | Individual ID = 5109"
"Quercus alba","First_Yes_DOY Flowers or flower buds","136","DOY",NA,"Phenology Network","Year = 2011, 2011 | Site Name = Beckman Lake Highland (Cedar Creek LTER) | Individual ID = 5110"
"Quercus alba","Last_Yes_DOY Flowers or flower buds","146","DOY",NA,"Phenology Network","Year = 2011, 2011 | Site Name = Beckman Lake Highland (Cedar Creek LTER) | Individual ID = 5110"
"Quercus alba","First_Yes_DOY Open flowers","136","DOY",NA,"Phenology Network","Year = 2011, 2011 | Site Name = Beckman Lake Highland (Cedar Creek LTER) | Individual ID = 5110"
"Quercus alba","Last_Yes_DOY Open flowers","146","DOY",NA,"Phenology Network","Year = 2011, 2011 | Site Name = Beckman Lake Highland (Cedar Creek LTER) | Individual ID = 5110"
"Quercus alba","First_Yes_DOY Pollen release (flowers)","140","DOY",NA,"Phenology Network","Year = 2011, 2011 | Site Name = Beckman Lake Highland (Cedar Creek LTER) | Individual ID = 5110"
"Quercus alba","Last_Yes_DOY Pollen release (flowers)","146","DOY",NA,"Phenology Network","Year = 2011, 2011 | Site Name = Beckman Lake Highland (Cedar Creek LTER) | Individual ID = 5110"
"Quercus alba","First_Yes_DOY Flowers or flower buds","136","DOY",NA,"Phenology Network","Year = 2011, 2011 | Site Name = PhenoCAM tower (Cedar Creek LTER) | Individual ID = 5112"
"Quercus alba","Last_Yes_DOY Flowers or flower buds","144","DOY",NA,"Phenology Network","Year = 2011, 2011 | Site Name = PhenoCAM tower (Cedar Creek LTER) | Individual ID = 5112"
"Quercus alba","First_Yes_DOY Open flowers","136","DOY",NA,"Phenology Network","Year = 2011, 2011 | Site Name = PhenoCAM tower (Cedar Creek LTER) | Individual ID = 5112"
"Quercus alba","Last_Yes_DOY Open flowers","144","DOY",NA,"Phenology Network","Year = 2011, 2011 | Site Name = PhenoCAM tower (Cedar Creek LTER) | Individual ID = 5112"
"Quercus alba","First_Yes_DOY Pollen release (flowers)","140","DOY",NA,"Phenology Network","Year = 2011, 2011 | Site Name = PhenoCAM tower (Cedar Creek LTER) | Individual ID = 5112"
"Quercus alba","Last_Yes_DOY Pollen release (flowers)","144","DOY",NA,"Phenology Network","Year = 2011, 2011 | Site Name = PhenoCAM tower (Cedar Creek LTER) | Individual ID = 5112"
"Quercus rubra","First_Yes_DOY Flowers or flower buds","136","DOY",NA,"Phenology Network","Year = 2011, 2011 | Site Name = PhenoCAM tower (Cedar Creek LTER) | Individual ID = 5113"
"Quercus rubra","Last_Yes_DOY Flowers or flower buds","140","DOY",NA,"Phenology Network","Year = 2011, 2011 | Site Name = PhenoCAM tower (Cedar Creek LTER) | Individual ID = 5113"
"Quercus rubra","First_Yes_DOY Open flowers","136","DOY",NA,"Phenology Network","Year = 2011, 2011 | Site Name = PhenoCAM tower (Cedar Creek LTER) | Individual ID = 5113"
"Quercus rubra","Last_Yes_DOY Open flowers","140","DOY",NA,"Phenology Network","Year = 2011, 2011 | Site Name = PhenoCAM tower (Cedar Creek LTER) | Individual ID = 5113"
"Quercus rubra","First_Yes_DOY Pollen release (flowers)","140","DOY",NA,"Phenology Network","Year = 2011, 2011 | Site Name = PhenoCAM tower (Cedar Creek LTER) | Individual ID = 5113"
"Quercus rubra","Last_Yes_DOY Pollen release (flowers)","140","DOY",NA,"Phenology Network","Year = 2011, 2011 | Site Name = PhenoCAM tower (Cedar Creek LTER) | Individual ID = 5113"
"Acer rubrum","First_Yes_DOY Flowers or flower buds","105","DOY",NA,"Phenology Network","Year = 2011, 2011 | Site Name = PhenoCAM tower (Cedar Creek LTER) | Individual ID = 5115"
"Acer rubrum","Last_Yes_DOY Flowers or flower buds","123","DOY",NA,"Phenology Network","Year = 2011, 2011 | Site Name = PhenoCAM tower (Cedar Creek LTER) | Individual ID = 5115"
"Acer rubrum","First_Yes_DOY Open flowers","105","DOY",NA,"Phenology Network","Year = 2011, 2011 | Site Name = PhenoCAM tower (Cedar Creek LTER) | Individual ID = 5115"
"Acer rubrum","Last_Yes_DOY Open flowers","123","DOY",NA,"Phenology Network","Year = 2011, 2011 | Site Name = PhenoCAM tower (Cedar Creek LTER) | Individual ID = 5115"
"Acer rubrum","First_Yes_DOY Flowers or flower buds","123","DOY",NA,"Phenology Network","Year = 2011, 2011 | Site Name = MEF S2 | Individual ID = 5182"
"Acer rubrum","Last_Yes_DOY Flowers or flower buds","123","DOY",NA,"Phenology Network","Year = 2011, 2011 | Site Name = MEF S2 | Individual ID = 5182"
"Acer rubrum","First_Yes_DOY Open flowers","123","DOY",NA,"Phenology Network","Year = 2011, 2011 | Site Name = MEF S2 | Individual ID = 5182"
"Acer rubrum","Last_Yes_DOY Open flowers","123","DOY",NA,"Phenology Network","Year = 2011, 2011 | Site Name = MEF S2 | Individual ID = 5182"
"Acer rubrum","First_Yes_DOY Flowers or flower buds","123","DOY",NA,"Phenology Network","Year = 2011, 2011 | Site Name = MEF S2 | Individual ID = 5183"
"Acer rubrum","Last_Yes_DOY Flowers or flower buds","123","DOY",NA,"Phenology Network","Year = 2011, 2011 | Site Name = MEF S2 | Individual ID = 5183"
"Acer rubrum","First_Yes_DOY Open flowers","123","DOY",NA,"Phenology Network","Year = 2011, 2011 | Site Name = MEF S2 | Individual ID = 5183"
"Acer rubrum","Last_Yes_DOY Open flowers","123","DOY",NA,"Phenology Network","Year = 2011, 2011 | Site Name = MEF S2 | Individual ID = 5183"
"Populus tremuloides","First_Yes_DOY Flowers or flower buds","116","DOY",NA,"Phenology Network","Year = 2011, 2011 | Site Name = MEF S2 | Individual ID = 5184"
"Populus tremuloides","Last_Yes_DOY Flowers or flower buds","116","DOY",NA,"Phenology Network","Year = 2011, 2011 | Site Name = MEF S2 | Individual ID = 5184"
"Populus tremuloides","First_Yes_DOY Open flowers","116","DOY",NA,"Phenology Network","Year = 2011, 2011 | Site Name = MEF S2 | Individual ID = 5184"
"Populus tremuloides","Last_Yes_DOY Open flowers","123","DOY",NA,"Phenology Network","Year = 2011, 2011 | Site Name = MEF S2 | Individual ID = 5184"
"Populus tremuloides","First_Yes_DOY Flowers or flower buds","116","DOY",NA,"Phenology Network","Year = 2011, 2011 | Site Name = MEF S2 | Individual ID = 5612"
"Populus tremuloides","Last_Yes_DOY Flowers or flower buds","116","DOY",NA,"Phenology Network","Year = 2011, 2011 | Site Name = MEF S2 | Individual ID = 5612"
"Populus tremuloides","First_Yes_DOY Open flowers","116","DOY",NA,"Phenology Network","Year = 2011, 2011 | Site Name = MEF S2 | Individual ID = 5612"
"Populus tremuloides","Last_Yes_DOY Open flowers","116","DOY",NA,"Phenology Network","Year = 2011, 2011 | Site Name = MEF S2 | Individual ID = 5612"
"Tilia americana","First_Yes_DOY Flowers or flower buds","164","DOY",NA,"Phenology Network","Year = 2011, 2011 | Site Name = Cedar Bog Lake Lowland 2 | Individual ID = 11002"
"Tilia americana","Last_Yes_DOY Flowers or flower buds","192","DOY",NA,"Phenology Network","Year = 2011, 2011 | Site Name = Cedar Bog Lake Lowland 2 | Individual ID = 11002"
"Tilia americana","First_Yes_DOY Open flowers","192","DOY",NA,"Phenology Network","Year = 2011, 2011 | Site Name = Cedar Bog Lake Lowland 2 | Individual ID = 11002"
"Tilia americana","Last_Yes_DOY Open flowers","192","DOY",NA,"Phenology Network","Year = 2011, 2011 | Site Name = Cedar Bog Lake Lowland 2 | Individual ID = 11002"
"Tilia americana","First_Yes_DOY Pollen release (flowers)","192","DOY",NA,"Phenology Network","Year = 2011, 2011 | Site Name = Cedar Bog Lake Lowland 2 | Individual ID = 11002"
"Tilia americana","Last_Yes_DOY Pollen release (flowers)","192","DOY",NA,"Phenology Network","Year = 2011, 2011 | Site Name = Cedar Bog Lake Lowland 2 | Individual ID = 11002"
"Populus tremuloides","First_Yes_DOY Flowers or flower buds","100","DOY",NA,"Phenology Network","Year = 2011, 2011 | Site Name = Montgomery/WeiblenHome | Individual ID = 11360"
"Populus tremuloides","Last_Yes_DOY Flowers or flower buds","103","DOY",NA,"Phenology Network","Year = 2011, 2011 | Site Name = Montgomery/WeiblenHome | Individual ID = 11360"
"Populus tremuloides","First_Yes_DOY Open flowers","100","DOY",NA,"Phenology Network","Year = 2011, 2011 | Site Name = Montgomery/WeiblenHome | Individual ID = 11360"
"Populus tremuloides","Last_Yes_DOY Open flowers","103","DOY",NA,"Phenology Network","Year = 2011, 2011 | Site Name = Montgomery/WeiblenHome | Individual ID = 11360"
"Quercus rubra","First_Yes_DOY Flowers or flower buds","124","DOY",NA,"Phenology Network","Year = 2012, 2012 | Site Name = Home | Individual ID = 1055"
"Quercus rubra","Last_Yes_DOY Flowers or flower buds","131","DOY",NA,"Phenology Network","Year = 2012, 2012 | Site Name = Home | Individual ID = 1055"
"Quercus rubra","First_Yes_DOY Open flowers","131","DOY",NA,"Phenology Network","Year = 2012, 2012 | Site Name = Home | Individual ID = 1055"
"Quercus rubra","Last_Yes_DOY Open flowers","131","DOY",NA,"Phenology Network","Year = 2012, 2012 | Site Name = Home | Individual ID = 1055"
"Quercus alba","First_Yes_DOY Flowers or flower buds","84","DOY",NA,"Phenology Network","Year = 2012, 2012 | Site Name = Home | Individual ID = 1057"
"Quercus alba","Last_Yes_DOY Flowers or flower buds","126","DOY",NA,"Phenology Network","Year = 2012, 2012 | Site Name = Home | Individual ID = 1057"
"Quercus alba","First_Yes_DOY Pollen release (flowers)","126","DOY",NA,"Phenology Network","Year = 2012, 2012 | Site Name = Home | Individual ID = 1057"
"Quercus alba","Last_Yes_DOY Pollen release (flowers)","126","DOY",NA,"Phenology Network","Year = 2012, 2012 | Site Name = Home | Individual ID = 1057"
"Acer rubrum","First_Yes_DOY Flowers or flower buds","74","DOY",NA,"Phenology Network","Year = 2012, 2012 | Site Name = Home | Individual ID = 1058"
"Acer rubrum","Last_Yes_DOY Flowers or flower buds","74","DOY",NA,"Phenology Network","Year = 2012, 2012 | Site Name = Home | Individual ID = 1058"
"Acer rubrum","First_Yes_DOY Flowers or flower buds","84","DOY",NA,"Phenology Network","Year = 2012, 2012 | Site Name = Home | Individual ID = 1058"
"Acer rubrum","Last_Yes_DOY Flowers or flower buds","91","DOY",NA,"Phenology Network","Year = 2012, 2012 | Site Name = Home | Individual ID = 1058"
"Acer rubrum","First_Yes_DOY Open flowers","82","DOY",NA,"Phenology Network","Year = 2012, 2012 | Site Name = Home | Individual ID = 1058"
"Acer rubrum","Last_Yes_DOY Open flowers","91","DOY",NA,"Phenology Network","Year = 2012, 2012 | Site Name = Home | Individual ID = 1058"
"Carya glabra","First_Yes_DOY Flowers or flower buds","126","DOY",NA,"Phenology Network","Year = 2012, 2012 | Site Name = Home | Individual ID = 1059"
"Carya glabra","Last_Yes_DOY Flowers or flower buds","126","DOY",NA,"Phenology Network","Year = 2012, 2012 | Site Name = Home | Individual ID = 1059"
"Acer rubrum","First_Yes_DOY Flowers or flower buds","62","DOY",NA,"Phenology Network","Year = 2012, 2012 | Site Name = PPN_9200010 | Individual ID = 1977"
"Acer rubrum","Last_Yes_DOY Flowers or flower buds","86","DOY",NA,"Phenology Network","Year = 2012, 2012 | Site Name = PPN_9200010 | Individual ID = 1977"
"Acer rubrum","First_Yes_DOY Open flowers","75","DOY",NA,"Phenology Network","Year = 2012, 2012 | Site Name = PPN_9200010 | Individual ID = 1977"
"Acer rubrum","Last_Yes_DOY Open flowers","86","DOY",NA,"Phenology Network","Year = 2012, 2012 | Site Name = PPN_9200010 | Individual ID = 1977"
"Acer rubrum","First_Yes_DOY Flowers or flower buds","72","DOY",NA,"Phenology Network","Year = 2012, 2012 | Site Name = backyard | Individual ID = 2321"
"Acer rubrum","Last_Yes_DOY Flowers or flower buds","72","DOY",NA,"Phenology Network","Year = 2012, 2012 | Site Name = backyard | Individual ID = 2321"
"Acer rubrum","First_Yes_DOY Open flowers","75","DOY",NA,"Phenology Network","Year = 2012, 2012 | Site Name = backyard | Individual ID = 2321"
"Acer rubrum","Last_Yes_DOY Open flowers","78","DOY",NA,"Phenology Network","Year = 2012, 2012 | Site Name = backyard | Individual ID = 2321"
"Acer rubrum","First_Yes_DOY Flowers or flower buds","79","DOY",NA,"Phenology Network","Year = 2012, 2012 | Site Name = Home | Individual ID = 2325"
"Acer rubrum","Last_Yes_DOY Flowers or flower buds","79","DOY",NA,"Phenology Network","Year = 2012, 2012 | Site Name = Home | Individual ID = 2325"
"Acer rubrum","First_Yes_DOY Flowers or flower buds","66","DOY",NA,"Phenology Network","Year = 2012, 2012 | Site Name = backyard | Individual ID = 2448"
"Acer rubrum","Last_Yes_DOY Flowers or flower buds","78","DOY",NA,"Phenology Network","Year = 2012, 2012 | Site Name = backyard | Individual ID = 2448"
"Acer rubrum","First_Yes_DOY Open flowers","74","DOY",NA,"Phenology Network","Year = 2012, 2012 | Site Name = backyard | Individual ID = 2448"
"Acer rubrum","Last_Yes_DOY Open flowers","78","DOY",NA,"Phenology Network","Year = 2012, 2012 | Site Name = backyard | Individual ID = 2448"
"Populus tremuloides","First_Yes_DOY Flowers or flower buds","85","DOY",NA,"Phenology Network","Year = 2012, 2012 | Site Name = Wolfhaunt Rock Ridge | Individual ID = 2978"
"Populus tremuloides","Last_Yes_DOY Flowers or flower buds","112","DOY",NA,"Phenology Network","Year = 2012, 2012 | Site Name = Wolfhaunt Rock Ridge | Individual ID = 2978"
"Populus tremuloides","First_Yes_DOY Open flowers","85","DOY",NA,"Phenology Network","Year = 2012, 2012 | Site Name = Wolfhaunt Rock Ridge | Individual ID = 2978"
"Populus tremuloides","Last_Yes_DOY Open flowers","112","DOY",NA,"Phenology Network","Year = 2012, 2012 | Site Name = Wolfhaunt Rock Ridge | Individual ID = 2978"
"Acer rubrum","First_Yes_DOY Flowers or flower buds","85","DOY",NA,"Phenology Network","Year = 2012, 2012 | Site Name = Wolfhaunt Rock Ridge | Individual ID = 2979"
"Acer rubrum","Last_Yes_DOY Flowers or flower buds","112","DOY",NA,"Phenology Network","Year = 2012, 2012 | Site Name = Wolfhaunt Rock Ridge | Individual ID = 2979"
"Acer rubrum","First_Yes_DOY Open flowers","85","DOY",NA,"Phenology Network","Year = 2012, 2012 | Site Name = Wolfhaunt Rock Ridge | Individual ID = 2979"
"Acer rubrum","Last_Yes_DOY Open flowers","112","DOY",NA,"Phenology Network","Year = 2012, 2012 | Site Name = Wolfhaunt Rock Ridge | Individual ID = 2979"
"Populus tremuloides","First_Yes_DOY Flowers or flower buds","85","DOY",NA,"Phenology Network","Year = 2012, 2012 | Site Name = Wolfhaunt Creek | Individual ID = 3014"
"Populus tremuloides","Last_Yes_DOY Flowers or flower buds","112","DOY",NA,"Phenology Network","Year = 2012, 2012 | Site Name = Wolfhaunt Creek | Individual ID = 3014"
"Populus tremuloides","First_Yes_DOY Open flowers","85","DOY",NA,"Phenology Network","Year = 2012, 2012 | Site Name = Wolfhaunt Creek | Individual ID = 3014"
"Populus tremuloides","Last_Yes_DOY Open flowers","112","DOY",NA,"Phenology Network","Year = 2012, 2012 | Site Name = Wolfhaunt Creek | Individual ID = 3014"
"Acer rubrum","First_Yes_DOY Flowers or flower buds","85","DOY",NA,"Phenology Network","Year = 2012, 2012 | Site Name = Wolfhaunt Rock Ridge | Individual ID = 3017"
"Acer rubrum","Last_Yes_DOY Flowers or flower buds","112","DOY",NA,"Phenology Network","Year = 2012, 2012 | Site Name = Wolfhaunt Rock Ridge | Individual ID = 3017"
"Acer rubrum","First_Yes_DOY Open flowers","85","DOY",NA,"Phenology Network","Year = 2012, 2012 | Site Name = Wolfhaunt Rock Ridge | Individual ID = 3017"
"Acer rubrum","Last_Yes_DOY Open flowers","112","DOY",NA,"Phenology Network","Year = 2012, 2012 | Site Name = Wolfhaunt Rock Ridge | Individual ID = 3017"
"Acer rubrum","First_Yes_DOY Flowers or flower buds","82","DOY",NA,"Phenology Network","Year = 2012, 2012 | Site Name = Cedar Bog Lake Highland 2 | Individual ID = 3187"
"Acer rubrum","Last_Yes_DOY Flowers or flower buds","82","DOY",NA,"Phenology Network","Year = 2012, 2012 | Site Name = Cedar Bog Lake Highland 2 | Individual ID = 3187"
"Acer rubrum","First_Yes_DOY Open flowers","82","DOY",NA,"Phenology Network","Year = 2012, 2012 | Site Name = Cedar Bog Lake Highland 2 | Individual ID = 3187"
"Acer rubrum","Last_Yes_DOY Open flowers","82","DOY",NA,"Phenology Network","Year = 2012, 2012 | Site Name = Cedar Bog Lake Highland 2 | Individual ID = 3187"
"Acer rubrum","First_Yes_DOY Flowers or flower buds","82","DOY",NA,"Phenology Network","Year = 2012, 2012 | Site Name = Cedar Bog Lake Highland 2 | Individual ID = 3188"
"Acer rubrum","Last_Yes_DOY Flowers or flower buds","87","DOY",NA,"Phenology Network","Year = 2012, 2012 | Site Name = Cedar Bog Lake Highland 2 | Individual ID = 3188"
"Acer rubrum","First_Yes_DOY Open flowers","82","DOY",NA,"Phenology Network","Year = 2012, 2012 | Site Name = Cedar Bog Lake Highland 2 | Individual ID = 3188"
"Acer rubrum","Last_Yes_DOY Open flowers","87","DOY",NA,"Phenology Network","Year = 2012, 2012 | Site Name = Cedar Bog Lake Highland 2 | Individual ID = 3188"
"Acer negundo","First_Yes_DOY Flowers or flower buds","82","DOY",NA,"Phenology Network","Year = 2012, 2012 | Site Name = Beckman Lake Highland (Cedar Creek LTER) | Individual ID = 3192"
"Acer negundo","Last_Yes_DOY Flowers or flower buds","87","DOY",NA,"Phenology Network","Year = 2012, 2012 | Site Name = Beckman Lake Highland (Cedar Creek LTER) | Individual ID = 3192"
"Acer negundo","First_Yes_DOY Flowers or flower buds","111","DOY",NA,"Phenology Network","Year = 2012, 2012 | Site Name = Beckman Lake Highland (Cedar Creek LTER) | Individual ID = 3192"
"Acer negundo","Last_Yes_DOY Flowers or flower buds","111","DOY",NA,"Phenology Network","Year = 2012, 2012 | Site Name = Beckman Lake Highland (Cedar Creek LTER) | Individual ID = 3192"
"Acer negundo","First_Yes_DOY Open flowers","82","DOY",NA,"Phenology Network","Year = 2012, 2012 | Site Name = Beckman Lake Highland (Cedar Creek LTER) | Individual ID = 3192"
"Acer negundo","Last_Yes_DOY Open flowers","87","DOY",NA,"Phenology Network","Year = 2012, 2012 | Site Name = Beckman Lake Highland (Cedar Creek LTER) | Individual ID = 3192"
"Acer negundo","First_Yes_DOY Open flowers","111","DOY",NA,"Phenology Network","Year = 2012, 2012 | Site Name = Beckman Lake Highland (Cedar Creek LTER) | Individual ID = 3192"
"Acer negundo","Last_Yes_DOY Open flowers","111","DOY",NA,"Phenology Network","Year = 2012, 2012 | Site Name = Beckman Lake Highland (Cedar Creek LTER) | Individual ID = 3192"
"Acer negundo","First_Yes_DOY Pollen release (flowers)","87","DOY",NA,"Phenology Network","Year = 2012, 2012 | Site Name = Beckman Lake Highland (Cedar Creek LTER) | Individual ID = 3192"
"Acer negundo","Last_Yes_DOY Pollen release (flowers)","87","DOY",NA,"Phenology Network","Year = 2012, 2012 | Site Name = Beckman Lake Highland (Cedar Creek LTER) | Individual ID = 3192"
"Populus tremuloides","First_Yes_DOY Flowers or flower buds","75","DOY",NA,"Phenology Network","Year = 2012, 2012 | Site Name = Cedar Bog Lake Highland 1 | Individual ID = 3204"
"Populus tremuloides","Last_Yes_DOY Flowers or flower buds","82","DOY",NA,"Phenology Network","Year = 2012, 2012 | Site Name = Cedar Bog Lake Highland 1 | Individual ID = 3204"
"Populus tremuloides","First_Yes_DOY Open flowers","75","DOY",NA,"Phenology Network","Year = 2012, 2012 | Site Name = Cedar Bog Lake Highland 1 | Individual ID = 3204"
"Populus tremuloides","Last_Yes_DOY Open flowers","82","DOY",NA,"Phenology Network","Year = 2012, 2012 | Site Name = Cedar Bog Lake Highland 1 | Individual ID = 3204"
"Populus tremuloides","First_Yes_DOY Pollen release (flowers)","82","DOY",NA,"Phenology Network","Year = 2012, 2012 | Site Name = Cedar Bog Lake Highland 1 | Individual ID = 3204"
"Populus tremuloides","Last_Yes_DOY Pollen release (flowers)","82","DOY",NA,"Phenology Network","Year = 2012, 2012 | Site Name = Cedar Bog Lake Highland 1 | Individual ID = 3204"
"Populus tremuloides","First_Yes_DOY Flowers or flower buds","75","DOY",NA,"Phenology Network","Year = 2012, 2012 | Site Name = Cedar Bog Lake Highland 2 | Individual ID = 3206"
"Populus tremuloides","Last_Yes_DOY Flowers or flower buds","82","DOY",NA,"Phenology Network","Year = 2012, 2012 | Site Name = Cedar Bog Lake Highland 2 | Individual ID = 3206"
"Populus tremuloides","First_Yes_DOY Open flowers","75","DOY",NA,"Phenology Network","Year = 2012, 2012 | Site Name = Cedar Bog Lake Highland 2 | Individual ID = 3206"
"Populus tremuloides","Last_Yes_DOY Open flowers","82","DOY",NA,"Phenology Network","Year = 2012, 2012 | Site Name = Cedar Bog Lake Highland 2 | Individual ID = 3206"
"Populus tremuloides","First_Yes_DOY Pollen release (flowers)","82","DOY",NA,"Phenology Network","Year = 2012, 2012 | Site Name = Cedar Bog Lake Highland 2 | Individual ID = 3206"
"Populus tremuloides","Last_Yes_DOY Pollen release (flowers)","82","DOY",NA,"Phenology Network","Year = 2012, 2012 | Site Name = Cedar Bog Lake Highland 2 | Individual ID = 3206"
"Acer rubrum","First_Yes_DOY Flowers or flower buds","82","DOY",NA,"Phenology Network","Year = 2012, 2012 | Site Name = Beckman Lake Highland (Cedar Creek LTER) | Individual ID = 3813"
"Acer rubrum","Last_Yes_DOY Flowers or flower buds","82","DOY",NA,"Phenology Network","Year = 2012, 2012 | Site Name = Beckman Lake Highland (Cedar Creek LTER) | Individual ID = 3813"
"Acer rubrum","First_Yes_DOY Open flowers","82","DOY",NA,"Phenology Network","Year = 2012, 2012 | Site Name = Beckman Lake Highland (Cedar Creek LTER) | Individual ID = 3813"
"Acer rubrum","Last_Yes_DOY Open flowers","82","DOY",NA,"Phenology Network","Year = 2012, 2012 | Site Name = Beckman Lake Highland (Cedar Creek LTER) | Individual ID = 3813"
"Acer rubrum","First_Yes_DOY Pollen release (flowers)","82","DOY",NA,"Phenology Network","Year = 2012, 2012 | Site Name = Beckman Lake Highland (Cedar Creek LTER) | Individual ID = 3813"
"Acer rubrum","Last_Yes_DOY Pollen release (flowers)","82","DOY",NA,"Phenology Network","Year = 2012, 2012 | Site Name = Beckman Lake Highland (Cedar Creek LTER) | Individual ID = 3813"
"Acer rubrum","First_Yes_DOY Flowers or flower buds","77","DOY",NA,"Phenology Network","Year = 2012, 2012 | Site Name = Stony Lake Hills subdivision | Individual ID = 5016"
"Acer rubrum","Last_Yes_DOY Flowers or flower buds","83","DOY",NA,"Phenology Network","Year = 2012, 2012 | Site Name = Stony Lake Hills subdivision | Individual ID = 5016"
"Acer rubrum","First_Yes_DOY Open flowers","77","DOY",NA,"Phenology Network","Year = 2012, 2012 | Site Name = Stony Lake Hills subdivision | Individual ID = 5016"
"Acer rubrum","Last_Yes_DOY Open flowers","83","DOY",NA,"Phenology Network","Year = 2012, 2012 | Site Name = Stony Lake Hills subdivision | Individual ID = 5016"
"Acer rubrum","First_Yes_DOY Flowers or flower buds","81","DOY",NA,"Phenology Network","Year = 2012, 2012 | Site Name = MEF S2 | Individual ID = 5051"
"Acer rubrum","Last_Yes_DOY Flowers or flower buds","101","DOY",NA,"Phenology Network","Year = 2012, 2012 | Site Name = MEF S2 | Individual ID = 5051"
"Acer rubrum","First_Yes_DOY Open flowers","87","DOY",NA,"Phenology Network","Year = 2012, 2012 | Site Name = MEF S2 | Individual ID = 5051"
"Acer rubrum","Last_Yes_DOY Open flowers","101","DOY",NA,"Phenology Network","Year = 2012, 2012 | Site Name = MEF S2 | Individual ID = 5051"
"Populus tremuloides","First_Yes_DOY Flowers or flower buds","81","DOY",NA,"Phenology Network","Year = 2012, 2012 | Site Name = MEF S2 | Individual ID = 5052"
"Populus tremuloides","Last_Yes_DOY Flowers or flower buds","122","DOY",NA,"Phenology Network","Year = 2012, 2012 | Site Name = MEF S2 | Individual ID = 5052"
"Populus tremuloides","First_Yes_DOY Open flowers","87","DOY",NA,"Phenology Network","Year = 2012, 2012 | Site Name = MEF S2 | Individual ID = 5052"
"Populus tremuloides","Last_Yes_DOY Open flowers","122","DOY",NA,"Phenology Network","Year = 2012, 2012 | Site Name = MEF S2 | Individual ID = 5052"
"Quercus rubra","First_Yes_DOY Flowers or flower buds","96","DOY",NA,"Phenology Network","Year = 2012, 2012 | Site Name = Cedar Bog Lake Highland 1 | Individual ID = 5104"
"Quercus rubra","Last_Yes_DOY Flowers or flower buds","96","DOY",NA,"Phenology Network","Year = 2012, 2012 | Site Name = Cedar Bog Lake Highland 1 | Individual ID = 5104"
"Quercus rubra","First_Yes_DOY Open flowers","96","DOY",NA,"Phenology Network","Year = 2012, 2012 | Site Name = Cedar Bog Lake Highland 1 | Individual ID = 5104"
"Quercus rubra","Last_Yes_DOY Open flowers","96","DOY",NA,"Phenology Network","Year = 2012, 2012 | Site Name = Cedar Bog Lake Highland 1 | Individual ID = 5104"
"Quercus rubra","First_Yes_DOY Pollen release (flowers)","96","DOY",NA,"Phenology Network","Year = 2012, 2012 | Site Name = Cedar Bog Lake Highland 1 | Individual ID = 5104"
"Quercus rubra","Last_Yes_DOY Pollen release (flowers)","96","DOY",NA,"Phenology Network","Year = 2012, 2012 | Site Name = Cedar Bog Lake Highland 1 | Individual ID = 5104"
"Quercus alba","First_Yes_DOY Flowers or flower buds","111","DOY",NA,"Phenology Network","Year = 2012, 2012 | Site Name = Cedar Bog Lake Highland 1 | Individual ID = 5105"
"Quercus alba","Last_Yes_DOY Flowers or flower buds","129","DOY",NA,"Phenology Network","Year = 2012, 2012 | Site Name = Cedar Bog Lake Highland 1 | Individual ID = 5105"
"Quercus alba","First_Yes_DOY Open flowers","115","DOY",NA,"Phenology Network","Year = 2012, 2012 | Site Name = Cedar Bog Lake Highland 1 | Individual ID = 5105"
"Quercus alba","Last_Yes_DOY Open flowers","129","DOY",NA,"Phenology Network","Year = 2012, 2012 | Site Name = Cedar Bog Lake Highland 1 | Individual ID = 5105"
"Quercus alba","First_Yes_DOY Pollen release (flowers)","122","DOY",NA,"Phenology Network","Year = 2012, 2012 | Site Name = Cedar Bog Lake Highland 1 | Individual ID = 5105"
"Quercus alba","Last_Yes_DOY Pollen release (flowers)","129","DOY",NA,"Phenology Network","Year = 2012, 2012 | Site Name = Cedar Bog Lake Highland 1 | Individual ID = 5105"
"Quercus rubra","First_Yes_DOY Flowers or flower buds","96","DOY",NA,"Phenology Network","Year = 2012, 2012 | Site Name = Cedar Bog Lake Highland 2 | Individual ID = 5106"
"Quercus rubra","Last_Yes_DOY Flowers or flower buds","102","DOY",NA,"Phenology Network","Year = 2012, 2012 | Site Name = Cedar Bog Lake Highland 2 | Individual ID = 5106"
"Quercus rubra","First_Yes_DOY Flowers or flower buds","115","DOY",NA,"Phenology Network","Year = 2012, 2012 | Site Name = Cedar Bog Lake Highland 2 | Individual ID = 5106"
"Quercus rubra","Last_Yes_DOY Flowers or flower buds","122","DOY",NA,"Phenology Network","Year = 2012, 2012 | Site Name = Cedar Bog Lake Highland 2 | Individual ID = 5106"
"Quercus rubra","First_Yes_DOY Open flowers","96","DOY",NA,"Phenology Network","Year = 2012, 2012 | Site Name = Cedar Bog Lake Highland 2 | Individual ID = 5106"
"Quercus rubra","Last_Yes_DOY Open flowers","102","DOY",NA,"Phenology Network","Year = 2012, 2012 | Site Name = Cedar Bog Lake Highland 2 | Individual ID = 5106"
"Quercus rubra","First_Yes_DOY Open flowers","115","DOY",NA,"Phenology Network","Year = 2012, 2012 | Site Name = Cedar Bog Lake Highland 2 | Individual ID = 5106"
"Quercus rubra","Last_Yes_DOY Open flowers","122","DOY",NA,"Phenology Network","Year = 2012, 2012 | Site Name = Cedar Bog Lake Highland 2 | Individual ID = 5106"
"Quercus rubra","First_Yes_DOY Pollen release (flowers)","96","DOY",NA,"Phenology Network","Year = 2012, 2012 | Site Name = Cedar Bog Lake Highland 2 | Individual ID = 5106"
"Quercus rubra","Last_Yes_DOY Pollen release (flowers)","102","DOY",NA,"Phenology Network","Year = 2012, 2012 | Site Name = Cedar Bog Lake Highland 2 | Individual ID = 5106"
"Quercus rubra","First_Yes_DOY Pollen release (flowers)","115","DOY",NA,"Phenology Network","Year = 2012, 2012 | Site Name = Cedar Bog Lake Highland 2 | Individual ID = 5106"
"Quercus rubra","Last_Yes_DOY Pollen release (flowers)","122","DOY",NA,"Phenology Network","Year = 2012, 2012 | Site Name = Cedar Bog Lake Highland 2 | Individual ID = 5106"
"Quercus rubra","First_Yes_DOY Flowers or flower buds","96","DOY",NA,"Phenology Network","Year = 2012, 2012 | Site Name = Beckman Lake Highland (Cedar Creek LTER) | Individual ID = 5109"
"Quercus rubra","Last_Yes_DOY Flowers or flower buds","96","DOY",NA,"Phenology Network","Year = 2012, 2012 | Site Name = Beckman Lake Highland (Cedar Creek LTER) | Individual ID = 5109"
"Quercus rubra","First_Yes_DOY Open flowers","96","DOY",NA,"Phenology Network","Year = 2012, 2012 | Site Name = Beckman Lake Highland (Cedar Creek LTER) | Individual ID = 5109"
"Quercus rubra","Last_Yes_DOY Open flowers","96","DOY",NA,"Phenology Network","Year = 2012, 2012 | Site Name = Beckman Lake Highland (Cedar Creek LTER) | Individual ID = 5109"
"Quercus rubra","First_Yes_DOY Pollen release (flowers)","96","DOY",NA,"Phenology Network","Year = 2012, 2012 | Site Name = Beckman Lake Highland (Cedar Creek LTER) | Individual ID = 5109"
"Quercus rubra","Last_Yes_DOY Pollen release (flowers)","96","DOY",NA,"Phenology Network","Year = 2012, 2012 | Site Name = Beckman Lake Highland (Cedar Creek LTER) | Individual ID = 5109"
"Quercus alba","First_Yes_DOY Flowers or flower buds","96","DOY",NA,"Phenology Network","Year = 2012, 2012 | Site Name = Beckman Lake Highland (Cedar Creek LTER) | Individual ID = 5110"
"Quercus alba","Last_Yes_DOY Flowers or flower buds","129","DOY",NA,"Phenology Network","Year = 2012, 2012 | Site Name = Beckman Lake Highland (Cedar Creek LTER) | Individual ID = 5110"
"Quercus alba","First_Yes_DOY Open flowers","96","DOY",NA,"Phenology Network","Year = 2012, 2012 | Site Name = Beckman Lake Highland (Cedar Creek LTER) | Individual ID = 5110"
"Quercus alba","Last_Yes_DOY Open flowers","122","DOY",NA,"Phenology Network","Year = 2012, 2012 | Site Name = Beckman Lake Highland (Cedar Creek LTER) | Individual ID = 5110"
"Quercus alba","First_Yes_DOY Flowers or flower buds","96","DOY",NA,"Phenology Network","Year = 2012, 2012 | Site Name = PhenoCAM tower (Cedar Creek LTER) | Individual ID = 5112"
"Quercus alba","Last_Yes_DOY Flowers or flower buds","111","DOY",NA,"Phenology Network","Year = 2012, 2012 | Site Name = PhenoCAM tower (Cedar Creek LTER) | Individual ID = 5112"
"Quercus rubra","First_Yes_DOY Flowers or flower buds","96","DOY",NA,"Phenology Network","Year = 2012, 2012 | Site Name = PhenoCAM tower (Cedar Creek LTER) | Individual ID = 5113"
"Quercus rubra","Last_Yes_DOY Flowers or flower buds","96","DOY",NA,"Phenology Network","Year = 2012, 2012 | Site Name = PhenoCAM tower (Cedar Creek LTER) | Individual ID = 5113"
"Quercus rubra","First_Yes_DOY Open flowers","96","DOY",NA,"Phenology Network","Year = 2012, 2012 | Site Name = PhenoCAM tower (Cedar Creek LTER) | Individual ID = 5113"
"Quercus rubra","Last_Yes_DOY Open flowers","96","DOY",NA,"Phenology Network","Year = 2012, 2012 | Site Name = PhenoCAM tower (Cedar Creek LTER) | Individual ID = 5113"
"Quercus rubra","First_Yes_DOY Pollen release (flowers)","96","DOY",NA,"Phenology Network","Year = 2012, 2012 | Site Name = PhenoCAM tower (Cedar Creek LTER) | Individual ID = 5113"
"Quercus rubra","Last_Yes_DOY Pollen release (flowers)","96","DOY",NA,"Phenology Network","Year = 2012, 2012 | Site Name = PhenoCAM tower (Cedar Creek LTER) | Individual ID = 5113"
"Acer rubrum","First_Yes_DOY Flowers or flower buds","82","DOY",NA,"Phenology Network","Year = 2012, 2012 | Site Name = PhenoCAM tower (Cedar Creek LTER) | Individual ID = 5115"
"Acer rubrum","Last_Yes_DOY Flowers or flower buds","82","DOY",NA,"Phenology Network","Year = 2012, 2012 | Site Name = PhenoCAM tower (Cedar Creek LTER) | Individual ID = 5115"
"Acer rubrum","First_Yes_DOY Open flowers","82","DOY",NA,"Phenology Network","Year = 2012, 2012 | Site Name = PhenoCAM tower (Cedar Creek LTER) | Individual ID = 5115"
"Acer rubrum","Last_Yes_DOY Open flowers","82","DOY",NA,"Phenology Network","Year = 2012, 2012 | Site Name = PhenoCAM tower (Cedar Creek LTER) | Individual ID = 5115"
"Acer rubrum","First_Yes_DOY Pollen release (flowers)","82","DOY",NA,"Phenology Network","Year = 2012, 2012 | Site Name = PhenoCAM tower (Cedar Creek LTER) | Individual ID = 5115"
"Acer rubrum","Last_Yes_DOY Pollen release (flowers)","82","DOY",NA,"Phenology Network","Year = 2012, 2012 | Site Name = PhenoCAM tower (Cedar Creek LTER) | Individual ID = 5115"
"Acer rubrum","First_Yes_DOY Flowers or flower buds","81","DOY",NA,"Phenology Network","Year = 2012, 2012 | Site Name = MEF S2 | Individual ID = 5182"
"Acer rubrum","Last_Yes_DOY Flowers or flower buds","101","DOY",NA,"Phenology Network","Year = 2012, 2012 | Site Name = MEF S2 | Individual ID = 5182"
"Acer rubrum","First_Yes_DOY Open flowers","87","DOY",NA,"Phenology Network","Year = 2012, 2012 | Site Name = MEF S2 | Individual ID = 5182"
"Acer rubrum","Last_Yes_DOY Open flowers","101","DOY",NA,"Phenology Network","Year = 2012, 2012 | Site Name = MEF S2 | Individual ID = 5182"
"Acer rubrum","First_Yes_DOY Flowers or flower buds","87","DOY",NA,"Phenology Network","Year = 2012, 2012 | Site Name = MEF S2 | Individual ID = 5183"
"Acer rubrum","Last_Yes_DOY Flowers or flower buds","101","DOY",NA,"Phenology Network","Year = 2012, 2012 | Site Name = MEF S2 | Individual ID = 5183"
"Acer rubrum","First_Yes_DOY Open flowers","87","DOY",NA,"Phenology Network","Year = 2012, 2012 | Site Name = MEF S2 | Individual ID = 5183"
"Acer rubrum","Last_Yes_DOY Open flowers","115","DOY",NA,"Phenology Network","Year = 2012, 2012 | Site Name = MEF S2 | Individual ID = 5183"
"Populus tremuloides","First_Yes_DOY Flowers or flower buds","81","DOY",NA,"Phenology Network","Year = 2012, 2012 | Site Name = MEF S2 | Individual ID = 5184"
"Populus tremuloides","Last_Yes_DOY Flowers or flower buds","122","DOY",NA,"Phenology Network","Year = 2012, 2012 | Site Name = MEF S2 | Individual ID = 5184"
"Populus tremuloides","First_Yes_DOY Open flowers","87","DOY",NA,"Phenology Network","Year = 2012, 2012 | Site Name = MEF S2 | Individual ID = 5184"
"Populus tremuloides","Last_Yes_DOY Open flowers","122","DOY",NA,"Phenology Network","Year = 2012, 2012 | Site Name = MEF S2 | Individual ID = 5184"
"Populus tremuloides","First_Yes_DOY Flowers or flower buds","77","DOY",NA,"Phenology Network","Year = 2012, 2012 | Site Name = Stony Lake Hills subdivision | Individual ID = 9629"
"Populus tremuloides","Last_Yes_DOY Flowers or flower buds","77","DOY",NA,"Phenology Network","Year = 2012, 2012 | Site Name = Stony Lake Hills subdivision | Individual ID = 9629"
"Populus tremuloides","First_Yes_DOY Open flowers","77","DOY",NA,"Phenology Network","Year = 2012, 2012 | Site Name = Stony Lake Hills subdivision | Individual ID = 9629"
"Populus tremuloides","Last_Yes_DOY Open flowers","77","DOY",NA,"Phenology Network","Year = 2012, 2012 | Site Name = Stony Lake Hills subdivision | Individual ID = 9629"
"Populus tremuloides","First_Yes_DOY Pollen release (flowers)","77","DOY",NA,"Phenology Network","Year = 2012, 2012 | Site Name = Stony Lake Hills subdivision | Individual ID = 9629"
"Populus tremuloides","Last_Yes_DOY Pollen release (flowers)","77","DOY",NA,"Phenology Network","Year = 2012, 2012 | Site Name = Stony Lake Hills subdivision | Individual ID = 9629"
"Tilia americana","First_Yes_DOY Flowers or flower buds","79","DOY",NA,"Phenology Network","Year = 2012, 2012 | Site Name = Home | Individual ID = 10911"
"Tilia americana","Last_Yes_DOY Flowers or flower buds","79","DOY",NA,"Phenology Network","Year = 2012, 2012 | Site Name = Home | Individual ID = 10911"
"Tilia americana","First_Yes_DOY Flowers or flower buds","163","DOY",NA,"Phenology Network","Year = 2012, 2012 | Site Name = Cedar Bog Lake Lowland 2 | Individual ID = 11001"
"Tilia americana","Last_Yes_DOY Flowers or flower buds","171","DOY",NA,"Phenology Network","Year = 2012, 2012 | Site Name = Cedar Bog Lake Lowland 2 | Individual ID = 11001"
"Tilia americana","First_Yes_DOY Flowers or flower buds","150","DOY",NA,"Phenology Network","Year = 2012, 2012 | Site Name = Cedar Bog Lake Lowland 2 | Individual ID = 11002"
"Tilia americana","Last_Yes_DOY Flowers or flower buds","171","DOY",NA,"Phenology Network","Year = 2012, 2012 | Site Name = Cedar Bog Lake Lowland 2 | Individual ID = 11002"
"Populus tremuloides","First_Yes_DOY Flowers or flower buds","80","DOY",NA,"Phenology Network","Year = 2012, 2012 | Site Name = Montgomery/WeiblenHome | Individual ID = 11360"
"Populus tremuloides","Last_Yes_DOY Flowers or flower buds","84","DOY",NA,"Phenology Network","Year = 2012, 2012 | Site Name = Montgomery/WeiblenHome | Individual ID = 11360"
"Tilia americana","First_Yes_DOY Flowers or flower buds","128","DOY",NA,"Phenology Network","Year = 2012, 2012 | Site Name = Linwood Park | Individual ID = 16313"
"Tilia americana","Last_Yes_DOY Flowers or flower buds","170","DOY",NA,"Phenology Network","Year = 2012, 2012 | Site Name = Linwood Park | Individual ID = 16313"
"Tilia americana","First_Yes_DOY Open flowers","164","DOY",NA,"Phenology Network","Year = 2012, 2012 | Site Name = Linwood Park | Individual ID = 16313"
"Tilia americana","Last_Yes_DOY Open flowers","170","DOY",NA,"Phenology Network","Year = 2012, 2012 | Site Name = Linwood Park | Individual ID = 16313"
"Tilia americana","First_Yes_DOY Pollen release (flowers)","164","DOY",NA,"Phenology Network","Year = 2012, 2012 | Site Name = Linwood Park | Individual ID = 16313"
"Tilia americana","Last_Yes_DOY Pollen release (flowers)","170","DOY",NA,"Phenology Network","Year = 2012, 2012 | Site Name = Linwood Park | Individual ID = 16313"
"Acer negundo","First_Yes_DOY Flowers or flower buds","86","DOY",NA,"Phenology Network","Year = 2012, 2012 | Site Name = Linwood Park | Individual ID = 16315"
"Acer negundo","Last_Yes_DOY Flowers or flower buds","86","DOY",NA,"Phenology Network","Year = 2012, 2012 | Site Name = Linwood Park | Individual ID = 16315"
"Acer negundo","First_Yes_DOY Open flowers","86","DOY",NA,"Phenology Network","Year = 2012, 2012 | Site Name = Linwood Park | Individual ID = 16315"
"Acer negundo","Last_Yes_DOY Open flowers","86","DOY",NA,"Phenology Network","Year = 2012, 2012 | Site Name = Linwood Park | Individual ID = 16315"
"Acer negundo","First_Yes_DOY Pollen release (flowers)","86","DOY",NA,"Phenology Network","Year = 2012, 2012 | Site Name = Linwood Park | Individual ID = 16315"
"Acer negundo","Last_Yes_DOY Pollen release (flowers)","86","DOY",NA,"Phenology Network","Year = 2012, 2012 | Site Name = Linwood Park | Individual ID = 16315"
"Acer negundo","First_Yes_DOY Flowers or flower buds","80","DOY",NA,"Phenology Network","Year = 2012, 2012 | Site Name = Linwood Park | Individual ID = 16316"
"Acer negundo","Last_Yes_DOY Flowers or flower buds","86","DOY",NA,"Phenology Network","Year = 2012, 2012 | Site Name = Linwood Park | Individual ID = 16316"
"Acer negundo","First_Yes_DOY Open flowers","80","DOY",NA,"Phenology Network","Year = 2012, 2012 | Site Name = Linwood Park | Individual ID = 16316"
"Acer negundo","Last_Yes_DOY Open flowers","86","DOY",NA,"Phenology Network","Year = 2012, 2012 | Site Name = Linwood Park | Individual ID = 16316"
"Acer negundo","First_Yes_DOY Pollen release (flowers)","86","DOY",NA,"Phenology Network","Year = 2012, 2012 | Site Name = Linwood Park | Individual ID = 16316"
"Acer negundo","Last_Yes_DOY Pollen release (flowers)","86","DOY",NA,"Phenology Network","Year = 2012, 2012 | Site Name = Linwood Park | Individual ID = 16316"
"Fraxinus pennsylvanica","First_Yes_DOY Flowers or flower buds","95","DOY",NA,"Phenology Network","Year = 2012, 2012 | Site Name = Linwood Park | Individual ID = 16317"
"Fraxinus pennsylvanica","Last_Yes_DOY Flowers or flower buds","115","DOY",NA,"Phenology Network","Year = 2012, 2012 | Site Name = Linwood Park | Individual ID = 16317"
"Fraxinus pennsylvanica","First_Yes_DOY Open flowers","102","DOY",NA,"Phenology Network","Year = 2012, 2012 | Site Name = Linwood Park | Individual ID = 16317"
"Fraxinus pennsylvanica","Last_Yes_DOY Open flowers","115","DOY",NA,"Phenology Network","Year = 2012, 2012 | Site Name = Linwood Park | Individual ID = 16317"
"Fraxinus pennsylvanica","First_Yes_DOY Pollen release (flowers)","109","DOY",NA,"Phenology Network","Year = 2012, 2012 | Site Name = Linwood Park | Individual ID = 16317"
"Fraxinus pennsylvanica","Last_Yes_DOY Pollen release (flowers)","109","DOY",NA,"Phenology Network","Year = 2012, 2012 | Site Name = Linwood Park | Individual ID = 16317"
"Fraxinus pennsylvanica","First_Yes_DOY Flowers or flower buds","95","DOY",NA,"Phenology Network","Year = 2012, 2012 | Site Name = Linwood Park | Individual ID = 16318"
"Fraxinus pennsylvanica","Last_Yes_DOY Flowers or flower buds","115","DOY",NA,"Phenology Network","Year = 2012, 2012 | Site Name = Linwood Park | Individual ID = 16318"
"Fraxinus pennsylvanica","First_Yes_DOY Open flowers","102","DOY",NA,"Phenology Network","Year = 2012, 2012 | Site Name = Linwood Park | Individual ID = 16318"
"Fraxinus pennsylvanica","Last_Yes_DOY Open flowers","115","DOY",NA,"Phenology Network","Year = 2012, 2012 | Site Name = Linwood Park | Individual ID = 16318"
"Fraxinus pennsylvanica","First_Yes_DOY Pollen release (flowers)","109","DOY",NA,"Phenology Network","Year = 2012, 2012 | Site Name = Linwood Park | Individual ID = 16318"
"Fraxinus pennsylvanica","Last_Yes_DOY Pollen release (flowers)","109","DOY",NA,"Phenology Network","Year = 2012, 2012 | Site Name = Linwood Park | Individual ID = 16318"
"Tilia americana","First_Yes_DOY Flowers or flower buds","166","DOY",NA,"Phenology Network","Year = 2012, 2012 | Site Name = PPN_214861 | Individual ID = 21153"
"Tilia americana","Last_Yes_DOY Flowers or flower buds","188","DOY",NA,"Phenology Network","Year = 2012, 2012 | Site Name = PPN_214861 | Individual ID = 21153"
"Tilia americana","First_Yes_DOY Open flowers","181","DOY",NA,"Phenology Network","Year = 2012, 2012 | Site Name = PPN_214861 | Individual ID = 21153"
"Tilia americana","Last_Yes_DOY Open flowers","193","DOY",NA,"Phenology Network","Year = 2012, 2012 | Site Name = PPN_214861 | Individual ID = 21153"
"Acer negundo","First_Yes_DOY Flowers or flower buds","115","DOY",NA,"Phenology Network","Year = 2012, 2012 | Site Name = my yard | Individual ID = 25776"
"Acer negundo","Last_Yes_DOY Flowers or flower buds","123","DOY",NA,"Phenology Network","Year = 2012, 2012 | Site Name = my yard | Individual ID = 25776"
"Acer negundo","First_Yes_DOY Open flowers","113","DOY",NA,"Phenology Network","Year = 2012, 2012 | Site Name = my yard | Individual ID = 25776"
"Acer negundo","Last_Yes_DOY Open flowers","123","DOY",NA,"Phenology Network","Year = 2012, 2012 | Site Name = my yard | Individual ID = 25776"
"Tilia americana","First_Yes_DOY Flowers or flower buds","149","DOY",NA,"Phenology Network","Year = 2012, 2012 | Site Name = my yard | Individual ID = 25991"
"Tilia americana","Last_Yes_DOY Flowers or flower buds","189","DOY",NA,"Phenology Network","Year = 2012, 2012 | Site Name = my yard | Individual ID = 25991"
"Tilia americana","First_Yes_DOY Open flowers","179","DOY",NA,"Phenology Network","Year = 2012, 2012 | Site Name = my yard | Individual ID = 25991"
"Tilia americana","Last_Yes_DOY Open flowers","189","DOY",NA,"Phenology Network","Year = 2012, 2012 | Site Name = my yard | Individual ID = 25991"
"Quercus rubra","First_Yes_DOY Flowers or flower buds","95","DOY",NA,"Phenology Network","Year = 2012, 2012 | Site Name = Project Tree watch 2 | Individual ID = 26854"
"Quercus rubra","Last_Yes_DOY Flowers or flower buds","115","DOY",NA,"Phenology Network","Year = 2012, 2012 | Site Name = Project Tree watch 2 | Individual ID = 26854"
"Quercus rubra","First_Yes_DOY Open flowers","95","DOY",NA,"Phenology Network","Year = 2012, 2012 | Site Name = Project Tree watch 2 | Individual ID = 26854"
"Quercus rubra","Last_Yes_DOY Open flowers","115","DOY",NA,"Phenology Network","Year = 2012, 2012 | Site Name = Project Tree watch 2 | Individual ID = 26854"
"Quercus rubra","First_Yes_DOY Pollen release (flowers)","95","DOY",NA,"Phenology Network","Year = 2012, 2012 | Site Name = Project Tree watch 2 | Individual ID = 26854"
"Quercus rubra","Last_Yes_DOY Pollen release (flowers)","115","DOY",NA,"Phenology Network","Year = 2012, 2012 | Site Name = Project Tree watch 2 | Individual ID = 26854"
"Quercus rubra","First_Yes_DOY Flowers or flower buds","95","DOY",NA,"Phenology Network","Year = 2012, 2012 | Site Name = Project Tree watch 2 | Individual ID = 26855"
"Quercus rubra","Last_Yes_DOY Flowers or flower buds","115","DOY",NA,"Phenology Network","Year = 2012, 2012 | Site Name = Project Tree watch 2 | Individual ID = 26855"
"Quercus rubra","First_Yes_DOY Open flowers","95","DOY",NA,"Phenology Network","Year = 2012, 2012 | Site Name = Project Tree watch 2 | Individual ID = 26855"
"Quercus rubra","Last_Yes_DOY Open flowers","115","DOY",NA,"Phenology Network","Year = 2012, 2012 | Site Name = Project Tree watch 2 | Individual ID = 26855"
"Quercus rubra","First_Yes_DOY Pollen release (flowers)","95","DOY",NA,"Phenology Network","Year = 2012, 2012 | Site Name = Project Tree watch 2 | Individual ID = 26855"
"Quercus rubra","Last_Yes_DOY Pollen release (flowers)","115","DOY",NA,"Phenology Network","Year = 2012, 2012 | Site Name = Project Tree watch 2 | Individual ID = 26855"
"Quercus rubra","First_Yes_DOY Flowers or flower buds","95","DOY",NA,"Phenology Network","Year = 2012, 2012 | Site Name = Project Tree watch 2 | Individual ID = 26856"
"Quercus rubra","Last_Yes_DOY Flowers or flower buds","115","DOY",NA,"Phenology Network","Year = 2012, 2012 | Site Name = Project Tree watch 2 | Individual ID = 26856"
"Quercus rubra","First_Yes_DOY Open flowers","95","DOY",NA,"Phenology Network","Year = 2012, 2012 | Site Name = Project Tree watch 2 | Individual ID = 26856"
"Quercus rubra","Last_Yes_DOY Open flowers","115","DOY",NA,"Phenology Network","Year = 2012, 2012 | Site Name = Project Tree watch 2 | Individual ID = 26856"
"Quercus rubra","First_Yes_DOY Pollen release (flowers)","95","DOY",NA,"Phenology Network","Year = 2012, 2012 | Site Name = Project Tree watch 2 | Individual ID = 26856"
"Quercus rubra","Last_Yes_DOY Pollen release (flowers)","115","DOY",NA,"Phenology Network","Year = 2012, 2012 | Site Name = Project Tree watch 2 | Individual ID = 26856"
"Quercus rubra","First_Yes_DOY Flowers or flower buds","95","DOY",NA,"Phenology Network","Year = 2012, 2012 | Site Name = Project Tree watch 2 | Individual ID = 26857"
"Quercus rubra","Last_Yes_DOY Flowers or flower buds","123","DOY",NA,"Phenology Network","Year = 2012, 2012 | Site Name = Project Tree watch 2 | Individual ID = 26857"
"Quercus rubra","First_Yes_DOY Open flowers","95","DOY",NA,"Phenology Network","Year = 2012, 2012 | Site Name = Project Tree watch 2 | Individual ID = 26857"
"Quercus rubra","Last_Yes_DOY Open flowers","123","DOY",NA,"Phenology Network","Year = 2012, 2012 | Site Name = Project Tree watch 2 | Individual ID = 26857"
"Quercus rubra","First_Yes_DOY Pollen release (flowers)","95","DOY",NA,"Phenology Network","Year = 2012, 2012 | Site Name = Project Tree watch 2 | Individual ID = 26857"
"Quercus rubra","Last_Yes_DOY Pollen release (flowers)","123","DOY",NA,"Phenology Network","Year = 2012, 2012 | Site Name = Project Tree watch 2 | Individual ID = 26857"
"Quercus rubra","First_Yes_DOY Flowers or flower buds","95","DOY",NA,"Phenology Network","Year = 2012, 2012 | Site Name = Project Tree watch 2 | Individual ID = 26858"
"Quercus rubra","Last_Yes_DOY Flowers or flower buds","115","DOY",NA,"Phenology Network","Year = 2012, 2012 | Site Name = Project Tree watch 2 | Individual ID = 26858"
"Quercus rubra","First_Yes_DOY Open flowers","95","DOY",NA,"Phenology Network","Year = 2012, 2012 | Site Name = Project Tree watch 2 | Individual ID = 26858"
"Quercus rubra","Last_Yes_DOY Open flowers","115","DOY",NA,"Phenology Network","Year = 2012, 2012 | Site Name = Project Tree watch 2 | Individual ID = 26858"
"Quercus rubra","First_Yes_DOY Pollen release (flowers)","95","DOY",NA,"Phenology Network","Year = 2012, 2012 | Site Name = Project Tree watch 2 | Individual ID = 26858"
"Quercus rubra","Last_Yes_DOY Pollen release (flowers)","115","DOY",NA,"Phenology Network","Year = 2012, 2012 | Site Name = Project Tree watch 2 | Individual ID = 26858"
"Acer rubrum","First_Yes_DOY Flowers or flower buds","95","DOY",NA,"Phenology Network","Year = 2012, 2012 | Site Name = Project Tree watch 2 | Individual ID = 26863"
"Acer rubrum","Last_Yes_DOY Flowers or flower buds","95","DOY",NA,"Phenology Network","Year = 2012, 2012 | Site Name = Project Tree watch 2 | Individual ID = 26863"
"Fraxinus pennsylvanica","First_Yes_DOY Flowers or flower buds","95","DOY",NA,"Phenology Network","Year = 2012, 2012 | Site Name = Project Tree watch 2 | Individual ID = 26864"
"Fraxinus pennsylvanica","Last_Yes_DOY Flowers or flower buds","115","DOY",NA,"Phenology Network","Year = 2012, 2012 | Site Name = Project Tree watch 2 | Individual ID = 26864"
"Fraxinus pennsylvanica","First_Yes_DOY Flowers or flower buds","144","DOY",NA,"Phenology Network","Year = 2012, 2012 | Site Name = Project Tree watch 2 | Individual ID = 26864"
"Fraxinus pennsylvanica","Last_Yes_DOY Flowers or flower buds","144","DOY",NA,"Phenology Network","Year = 2012, 2012 | Site Name = Project Tree watch 2 | Individual ID = 26864"
"Fraxinus pennsylvanica","First_Yes_DOY Open flowers","95","DOY",NA,"Phenology Network","Year = 2012, 2012 | Site Name = Project Tree watch 2 | Individual ID = 26864"
"Fraxinus pennsylvanica","Last_Yes_DOY Open flowers","115","DOY",NA,"Phenology Network","Year = 2012, 2012 | Site Name = Project Tree watch 2 | Individual ID = 26864"
"Fraxinus pennsylvanica","First_Yes_DOY Open flowers","144","DOY",NA,"Phenology Network","Year = 2012, 2012 | Site Name = Project Tree watch 2 | Individual ID = 26864"
"Fraxinus pennsylvanica","Last_Yes_DOY Open flowers","144","DOY",NA,"Phenology Network","Year = 2012, 2012 | Site Name = Project Tree watch 2 | Individual ID = 26864"
"Fraxinus pennsylvanica","First_Yes_DOY Flowers or flower buds","95","DOY",NA,"Phenology Network","Year = 2012, 2012 | Site Name = Project Tree watch 2 | Individual ID = 26865"
"Fraxinus pennsylvanica","Last_Yes_DOY Flowers or flower buds","115","DOY",NA,"Phenology Network","Year = 2012, 2012 | Site Name = Project Tree watch 2 | Individual ID = 26865"
"Fraxinus pennsylvanica","First_Yes_DOY Flowers or flower buds","144","DOY",NA,"Phenology Network","Year = 2012, 2012 | Site Name = Project Tree watch 2 | Individual ID = 26865"
"Fraxinus pennsylvanica","Last_Yes_DOY Flowers or flower buds","164","DOY",NA,"Phenology Network","Year = 2012, 2012 | Site Name = Project Tree watch 2 | Individual ID = 26865"
"Fraxinus pennsylvanica","First_Yes_DOY Open flowers","95","DOY",NA,"Phenology Network","Year = 2012, 2012 | Site Name = Project Tree watch 2 | Individual ID = 26865"
"Fraxinus pennsylvanica","Last_Yes_DOY Open flowers","115","DOY",NA,"Phenology Network","Year = 2012, 2012 | Site Name = Project Tree watch 2 | Individual ID = 26865"
"Fraxinus pennsylvanica","First_Yes_DOY Open flowers","144","DOY",NA,"Phenology Network","Year = 2012, 2012 | Site Name = Project Tree watch 2 | Individual ID = 26865"
"Fraxinus pennsylvanica","Last_Yes_DOY Open flowers","164","DOY",NA,"Phenology Network","Year = 2012, 2012 | Site Name = Project Tree watch 2 | Individual ID = 26865"
"Fraxinus pennsylvanica","First_Yes_DOY Pollen release (flowers)","95","DOY",NA,"Phenology Network","Year = 2012, 2012 | Site Name = Project Tree watch 2 | Individual ID = 26865"
"Fraxinus pennsylvanica","Last_Yes_DOY Pollen release (flowers)","103","DOY",NA,"Phenology Network","Year = 2012, 2012 | Site Name = Project Tree watch 2 | Individual ID = 26865"
"Fraxinus pennsylvanica","First_Yes_DOY Flowers or flower buds","95","DOY",NA,"Phenology Network","Year = 2012, 2012 | Site Name = Project Tree watch 2 | Individual ID = 26866"
"Fraxinus pennsylvanica","Last_Yes_DOY Flowers or flower buds","115","DOY",NA,"Phenology Network","Year = 2012, 2012 | Site Name = Project Tree watch 2 | Individual ID = 26866"
"Fraxinus pennsylvanica","First_Yes_DOY Open flowers","103","DOY",NA,"Phenology Network","Year = 2012, 2012 | Site Name = Project Tree watch 2 | Individual ID = 26866"
"Fraxinus pennsylvanica","Last_Yes_DOY Open flowers","115","DOY",NA,"Phenology Network","Year = 2012, 2012 | Site Name = Project Tree watch 2 | Individual ID = 26866"
"Fraxinus pennsylvanica","First_Yes_DOY Flowers or flower buds","95","DOY",NA,"Phenology Network","Year = 2012, 2012 | Site Name = Project Tree watch 2 | Individual ID = 26867"
"Fraxinus pennsylvanica","Last_Yes_DOY Flowers or flower buds","150","DOY",NA,"Phenology Network","Year = 2012, 2012 | Site Name = Project Tree watch 2 | Individual ID = 26867"
"Fraxinus pennsylvanica","First_Yes_DOY Open flowers","95","DOY",NA,"Phenology Network","Year = 2012, 2012 | Site Name = Project Tree watch 2 | Individual ID = 26867"
"Fraxinus pennsylvanica","Last_Yes_DOY Open flowers","150","DOY",NA,"Phenology Network","Year = 2012, 2012 | Site Name = Project Tree watch 2 | Individual ID = 26867"
"Fraxinus pennsylvanica","First_Yes_DOY Pollen release (flowers)","95","DOY",NA,"Phenology Network","Year = 2012, 2012 | Site Name = Project Tree watch 2 | Individual ID = 26867"
"Fraxinus pennsylvanica","Last_Yes_DOY Pollen release (flowers)","103","DOY",NA,"Phenology Network","Year = 2012, 2012 | Site Name = Project Tree watch 2 | Individual ID = 26867"
"Fraxinus pennsylvanica","First_Yes_DOY Flowers or flower buds","95","DOY",NA,"Phenology Network","Year = 2012, 2012 | Site Name = Project Tree watch 2 | Individual ID = 26868"
"Fraxinus pennsylvanica","Last_Yes_DOY Flowers or flower buds","115","DOY",NA,"Phenology Network","Year = 2012, 2012 | Site Name = Project Tree watch 2 | Individual ID = 26868"
"Fraxinus pennsylvanica","First_Yes_DOY Open flowers","95","DOY",NA,"Phenology Network","Year = 2012, 2012 | Site Name = Project Tree watch 2 | Individual ID = 26868"
"Fraxinus pennsylvanica","Last_Yes_DOY Open flowers","115","DOY",NA,"Phenology Network","Year = 2012, 2012 | Site Name = Project Tree watch 2 | Individual ID = 26868"
"Acer saccharinum","First_Yes_DOY Flowers or flower buds","354","DOY",NA,"Phenology Network","Year = 2012, 2012 | Site Name = West Side of Baseball Diamonds at Lac Lavon Park | Individual ID = 32842"
"Acer saccharinum","Last_Yes_DOY Flowers or flower buds","359","DOY",NA,"Phenology Network","Year = 2012, 2012 | Site Name = West Side of Baseball Diamonds at Lac Lavon Park | Individual ID = 32842"
"Acer rubrum","First_Yes_DOY Flowers or flower buds","55","DOY",NA,"Phenology Network","Year = 2013, 2013 | Site Name = Back yard and pond | Individual ID = 36078"
"Acer rubrum","Last_Yes_DOY Flowers or flower buds","55","DOY",NA,"Phenology Network","Year = 2013, 2013 | Site Name = Back yard and pond | Individual ID = 36078"
"Acer rubrum","First_Yes_DOY Flowers or flower buds","101","DOY",NA,"Phenology Network","Year = 2013, 2013 | Site Name = PPN_9200010 | Individual ID = 1977"
"Acer rubrum","Last_Yes_DOY Flowers or flower buds","123","DOY",NA,"Phenology Network","Year = 2013, 2013 | Site Name = PPN_9200010 | Individual ID = 1977"
"Acer rubrum","First_Yes_DOY Open flowers","105","DOY",NA,"Phenology Network","Year = 2013, 2013 | Site Name = PPN_9200010 | Individual ID = 1977"
"Acer rubrum","Last_Yes_DOY Open flowers","123","DOY",NA,"Phenology Network","Year = 2013, 2013 | Site Name = PPN_9200010 | Individual ID = 1977"
"Acer rubrum","First_Yes_DOY Pollen release (flowers)","125","DOY",NA,"Phenology Network","Year = 2013, 2013 | Site Name = PPN_9200010 | Individual ID = 1977"
"Acer rubrum","Last_Yes_DOY Pollen release (flowers)","137","DOY",NA,"Phenology Network","Year = 2013, 2013 | Site Name = PPN_9200010 | Individual ID = 1977"
"Acer rubrum","First_Yes_DOY Flowers or flower buds","110","DOY",NA,"Phenology Network","Year = 2013, 2013 | Site Name = backyard | Individual ID = 2321"
"Acer rubrum","Last_Yes_DOY Flowers or flower buds","117","DOY",NA,"Phenology Network","Year = 2013, 2013 | Site Name = backyard | Individual ID = 2321"
"Acer rubrum","First_Yes_DOY Open flowers","117","DOY",NA,"Phenology Network","Year = 2013, 2013 | Site Name = backyard | Individual ID = 2321"
"Acer rubrum","Last_Yes_DOY Open flowers","117","DOY",NA,"Phenology Network","Year = 2013, 2013 | Site Name = backyard | Individual ID = 2321"
"Acer rubrum","First_Yes_DOY Flowers or flower buds","117","DOY",NA,"Phenology Network","Year = 2013, 2013 | Site Name = Home | Individual ID = 2325"
"Acer rubrum","Last_Yes_DOY Flowers or flower buds","117","DOY",NA,"Phenology Network","Year = 2013, 2013 | Site Name = Home | Individual ID = 2325"
"Acer rubrum","First_Yes_DOY Flowers or flower buds","105","DOY",NA,"Phenology Network","Year = 2013, 2013 | Site Name = backyard | Individual ID = 2448"
"Acer rubrum","Last_Yes_DOY Flowers or flower buds","112","DOY",NA,"Phenology Network","Year = 2013, 2013 | Site Name = backyard | Individual ID = 2448"
"Acer rubrum","First_Yes_DOY Flowers or flower buds","251","DOY",NA,"Phenology Network","Year = 2013, 2013 | Site Name = backyard | Individual ID = 2448"
"Acer rubrum","Last_Yes_DOY Flowers or flower buds","311","DOY",NA,"Phenology Network","Year = 2013, 2013 | Site Name = backyard | Individual ID = 2448"
"Acer rubrum","First_Yes_DOY Open flowers","105","DOY",NA,"Phenology Network","Year = 2013, 2013 | Site Name = backyard | Individual ID = 2448"
"Acer rubrum","Last_Yes_DOY Open flowers","112","DOY",NA,"Phenology Network","Year = 2013, 2013 | Site Name = backyard | Individual ID = 2448"
"Acer rubrum","First_Yes_DOY Flowers or flower buds","112","DOY",NA,"Phenology Network","Year = 2013, 2013 | Site Name = Cedar Bog Lake Highland 2 | Individual ID = 3187"
"Acer rubrum","Last_Yes_DOY Flowers or flower buds","125","DOY",NA,"Phenology Network","Year = 2013, 2013 | Site Name = Cedar Bog Lake Highland 2 | Individual ID = 3187"
"Acer rubrum","First_Yes_DOY Open flowers","119","DOY",NA,"Phenology Network","Year = 2013, 2013 | Site Name = Cedar Bog Lake Highland 2 | Individual ID = 3187"
"Acer rubrum","Last_Yes_DOY Open flowers","125","DOY",NA,"Phenology Network","Year = 2013, 2013 | Site Name = Cedar Bog Lake Highland 2 | Individual ID = 3187"
"Acer rubrum","First_Yes_DOY Flowers or flower buds","112","DOY",NA,"Phenology Network","Year = 2013, 2013 | Site Name = Cedar Bog Lake Highland 2 | Individual ID = 3188"
"Acer rubrum","Last_Yes_DOY Flowers or flower buds","125","DOY",NA,"Phenology Network","Year = 2013, 2013 | Site Name = Cedar Bog Lake Highland 2 | Individual ID = 3188"
"Acer rubrum","First_Yes_DOY Open flowers","119","DOY",NA,"Phenology Network","Year = 2013, 2013 | Site Name = Cedar Bog Lake Highland 2 | Individual ID = 3188"
"Acer rubrum","Last_Yes_DOY Open flowers","125","DOY",NA,"Phenology Network","Year = 2013, 2013 | Site Name = Cedar Bog Lake Highland 2 | Individual ID = 3188"
"Acer negundo","First_Yes_DOY Flowers or flower buds","125","DOY",NA,"Phenology Network","Year = 2013, 2013 | Site Name = Beckman Lake Highland (Cedar Creek LTER) | Individual ID = 3192"
"Acer negundo","Last_Yes_DOY Flowers or flower buds","136","DOY",NA,"Phenology Network","Year = 2013, 2013 | Site Name = Beckman Lake Highland (Cedar Creek LTER) | Individual ID = 3192"
"Acer negundo","First_Yes_DOY Open flowers","125","DOY",NA,"Phenology Network","Year = 2013, 2013 | Site Name = Beckman Lake Highland (Cedar Creek LTER) | Individual ID = 3192"
"Acer negundo","Last_Yes_DOY Open flowers","136","DOY",NA,"Phenology Network","Year = 2013, 2013 | Site Name = Beckman Lake Highland (Cedar Creek LTER) | Individual ID = 3192"
"Acer negundo","First_Yes_DOY Pollen release (flowers)","125","DOY",NA,"Phenology Network","Year = 2013, 2013 | Site Name = Beckman Lake Highland (Cedar Creek LTER) | Individual ID = 3192"
"Acer negundo","Last_Yes_DOY Pollen release (flowers)","136","DOY",NA,"Phenology Network","Year = 2013, 2013 | Site Name = Beckman Lake Highland (Cedar Creek LTER) | Individual ID = 3192"
"Populus tremuloides","First_Yes_DOY Flowers or flower buds","112","DOY",NA,"Phenology Network","Year = 2013, 2013 | Site Name = Cedar Bog Lake Highland 1 | Individual ID = 3204"
"Populus tremuloides","Last_Yes_DOY Flowers or flower buds","125","DOY",NA,"Phenology Network","Year = 2013, 2013 | Site Name = Cedar Bog Lake Highland 1 | Individual ID = 3204"
"Populus tremuloides","First_Yes_DOY Open flowers","112","DOY",NA,"Phenology Network","Year = 2013, 2013 | Site Name = Cedar Bog Lake Highland 1 | Individual ID = 3204"
"Populus tremuloides","Last_Yes_DOY Open flowers","125","DOY",NA,"Phenology Network","Year = 2013, 2013 | Site Name = Cedar Bog Lake Highland 1 | Individual ID = 3204"
"Populus tremuloides","First_Yes_DOY Flowers or flower buds","112","DOY",NA,"Phenology Network","Year = 2013, 2013 | Site Name = Cedar Bog Lake Highland 2 | Individual ID = 3206"
"Populus tremuloides","Last_Yes_DOY Flowers or flower buds","125","DOY",NA,"Phenology Network","Year = 2013, 2013 | Site Name = Cedar Bog Lake Highland 2 | Individual ID = 3206"
"Populus tremuloides","First_Yes_DOY Open flowers","112","DOY",NA,"Phenology Network","Year = 2013, 2013 | Site Name = Cedar Bog Lake Highland 2 | Individual ID = 3206"
"Populus tremuloides","Last_Yes_DOY Open flowers","125","DOY",NA,"Phenology Network","Year = 2013, 2013 | Site Name = Cedar Bog Lake Highland 2 | Individual ID = 3206"
"Acer rubrum","First_Yes_DOY Flowers or flower buds","119","DOY",NA,"Phenology Network","Year = 2013, 2013 | Site Name = Beckman Lake Highland (Cedar Creek LTER) | Individual ID = 3813"
"Acer rubrum","Last_Yes_DOY Flowers or flower buds","125","DOY",NA,"Phenology Network","Year = 2013, 2013 | Site Name = Beckman Lake Highland (Cedar Creek LTER) | Individual ID = 3813"
"Acer rubrum","First_Yes_DOY Open flowers","119","DOY",NA,"Phenology Network","Year = 2013, 2013 | Site Name = Beckman Lake Highland (Cedar Creek LTER) | Individual ID = 3813"
"Acer rubrum","Last_Yes_DOY Open flowers","125","DOY",NA,"Phenology Network","Year = 2013, 2013 | Site Name = Beckman Lake Highland (Cedar Creek LTER) | Individual ID = 3813"
"Acer rubrum","First_Yes_DOY Pollen release (flowers)","125","DOY",NA,"Phenology Network","Year = 2013, 2013 | Site Name = Beckman Lake Highland (Cedar Creek LTER) | Individual ID = 3813"
"Acer rubrum","Last_Yes_DOY Pollen release (flowers)","125","DOY",NA,"Phenology Network","Year = 2013, 2013 | Site Name = Beckman Lake Highland (Cedar Creek LTER) | Individual ID = 3813"
"Quercus rubra","First_Yes_DOY Flowers or flower buds","142","DOY",NA,"Phenology Network","Year = 2013, 2013 | Site Name = PPN_9470029 | Individual ID = 3975"
"Quercus rubra","Last_Yes_DOY Flowers or flower buds","142","DOY",NA,"Phenology Network","Year = 2013, 2013 | Site Name = PPN_9470029 | Individual ID = 3975"
"Quercus rubra","First_Yes_DOY Open flowers","142","DOY",NA,"Phenology Network","Year = 2013, 2013 | Site Name = PPN_9470029 | Individual ID = 3975"
"Quercus rubra","Last_Yes_DOY Open flowers","142","DOY",NA,"Phenology Network","Year = 2013, 2013 | Site Name = PPN_9470029 | Individual ID = 3975"
"Quercus rubra","First_Yes_DOY Pollen release (flowers)","142","DOY",NA,"Phenology Network","Year = 2013, 2013 | Site Name = PPN_9470029 | Individual ID = 3975"
"Quercus rubra","Last_Yes_DOY Pollen release (flowers)","142","DOY",NA,"Phenology Network","Year = 2013, 2013 | Site Name = PPN_9470029 | Individual ID = 3975"
"Acer rubrum","First_Yes_DOY Flowers or flower buds","107","DOY",NA,"Phenology Network","Year = 2013, 2013 | Site Name = Stony Lake Hills subdivision | Individual ID = 5016"
"Acer rubrum","Last_Yes_DOY Flowers or flower buds","107","DOY",NA,"Phenology Network","Year = 2013, 2013 | Site Name = Stony Lake Hills subdivision | Individual ID = 5016"
"Acer rubrum","First_Yes_DOY Flowers or flower buds","121","DOY",NA,"Phenology Network","Year = 2013, 2013 | Site Name = Stony Lake Hills subdivision | Individual ID = 5016"
"Acer rubrum","Last_Yes_DOY Flowers or flower buds","121","DOY",NA,"Phenology Network","Year = 2013, 2013 | Site Name = Stony Lake Hills subdivision | Individual ID = 5016"
"Acer rubrum","First_Yes_DOY Open flowers","107","DOY",NA,"Phenology Network","Year = 2013, 2013 | Site Name = Stony Lake Hills subdivision | Individual ID = 5016"
"Acer rubrum","Last_Yes_DOY Open flowers","121","DOY",NA,"Phenology Network","Year = 2013, 2013 | Site Name = Stony Lake Hills subdivision | Individual ID = 5016"
"Acer rubrum","First_Yes_DOY Pollen release (flowers)","107","DOY",NA,"Phenology Network","Year = 2013, 2013 | Site Name = Stony Lake Hills subdivision | Individual ID = 5016"
"Acer rubrum","Last_Yes_DOY Pollen release (flowers)","121","DOY",NA,"Phenology Network","Year = 2013, 2013 | Site Name = Stony Lake Hills subdivision | Individual ID = 5016"
"Acer rubrum","First_Yes_DOY Flowers or flower buds","120","DOY",NA,"Phenology Network","Year = 2013, 2013 | Site Name = MEF S2 | Individual ID = 5051"
"Acer rubrum","Last_Yes_DOY Flowers or flower buds","134","DOY",NA,"Phenology Network","Year = 2013, 2013 | Site Name = MEF S2 | Individual ID = 5051"
"Acer rubrum","First_Yes_DOY Open flowers","134","DOY",NA,"Phenology Network","Year = 2013, 2013 | Site Name = MEF S2 | Individual ID = 5051"
"Acer rubrum","Last_Yes_DOY Open flowers","134","DOY",NA,"Phenology Network","Year = 2013, 2013 | Site Name = MEF S2 | Individual ID = 5051"
"Populus tremuloides","First_Yes_DOY Flowers or flower buds","127","DOY",NA,"Phenology Network","Year = 2013, 2013 | Site Name = MEF S2 | Individual ID = 5052"
"Populus tremuloides","Last_Yes_DOY Flowers or flower buds","127","DOY",NA,"Phenology Network","Year = 2013, 2013 | Site Name = MEF S2 | Individual ID = 5052"
"Populus tremuloides","First_Yes_DOY Open flowers","127","DOY",NA,"Phenology Network","Year = 2013, 2013 | Site Name = MEF S2 | Individual ID = 5052"
"Populus tremuloides","Last_Yes_DOY Open flowers","127","DOY",NA,"Phenology Network","Year = 2013, 2013 | Site Name = MEF S2 | Individual ID = 5052"
"Quercus rubra","First_Yes_DOY Flowers or flower buds","137","DOY",NA,"Phenology Network","Year = 2013, 2013 | Site Name = Cedar Bog Lake Highland 1 | Individual ID = 5104"
"Quercus rubra","Last_Yes_DOY Flowers or flower buds","137","DOY",NA,"Phenology Network","Year = 2013, 2013 | Site Name = Cedar Bog Lake Highland 1 | Individual ID = 5104"
"Quercus rubra","First_Yes_DOY Open flowers","137","DOY",NA,"Phenology Network","Year = 2013, 2013 | Site Name = Cedar Bog Lake Highland 1 | Individual ID = 5104"
"Quercus rubra","Last_Yes_DOY Open flowers","137","DOY",NA,"Phenology Network","Year = 2013, 2013 | Site Name = Cedar Bog Lake Highland 1 | Individual ID = 5104"
"Quercus rubra","First_Yes_DOY Pollen release (flowers)","137","DOY",NA,"Phenology Network","Year = 2013, 2013 | Site Name = Cedar Bog Lake Highland 1 | Individual ID = 5104"
"Quercus rubra","Last_Yes_DOY Pollen release (flowers)","137","DOY",NA,"Phenology Network","Year = 2013, 2013 | Site Name = Cedar Bog Lake Highland 1 | Individual ID = 5104"
"Quercus alba","First_Yes_DOY Flowers or flower buds","137","DOY",NA,"Phenology Network","Year = 2013, 2013 | Site Name = Cedar Bog Lake Highland 1 | Individual ID = 5105"
"Quercus alba","Last_Yes_DOY Flowers or flower buds","137","DOY",NA,"Phenology Network","Year = 2013, 2013 | Site Name = Cedar Bog Lake Highland 1 | Individual ID = 5105"
"Quercus alba","First_Yes_DOY Open flowers","137","DOY",NA,"Phenology Network","Year = 2013, 2013 | Site Name = Cedar Bog Lake Highland 1 | Individual ID = 5105"
"Quercus alba","Last_Yes_DOY Open flowers","137","DOY",NA,"Phenology Network","Year = 2013, 2013 | Site Name = Cedar Bog Lake Highland 1 | Individual ID = 5105"
"Quercus rubra","First_Yes_DOY Flowers or flower buds","137","DOY",NA,"Phenology Network","Year = 2013, 2013 | Site Name = Cedar Bog Lake Highland 2 | Individual ID = 5106"
"Quercus rubra","Last_Yes_DOY Flowers or flower buds","137","DOY",NA,"Phenology Network","Year = 2013, 2013 | Site Name = Cedar Bog Lake Highland 2 | Individual ID = 5106"
"Quercus rubra","First_Yes_DOY Open flowers","137","DOY",NA,"Phenology Network","Year = 2013, 2013 | Site Name = Cedar Bog Lake Highland 2 | Individual ID = 5106"
"Quercus rubra","Last_Yes_DOY Open flowers","137","DOY",NA,"Phenology Network","Year = 2013, 2013 | Site Name = Cedar Bog Lake Highland 2 | Individual ID = 5106"
"Quercus rubra","First_Yes_DOY Flowers or flower buds","136","DOY",NA,"Phenology Network","Year = 2013, 2013 | Site Name = Beckman Lake Highland (Cedar Creek LTER) | Individual ID = 5109"
"Quercus rubra","Last_Yes_DOY Flowers or flower buds","136","DOY",NA,"Phenology Network","Year = 2013, 2013 | Site Name = Beckman Lake Highland (Cedar Creek LTER) | Individual ID = 5109"
"Quercus rubra","First_Yes_DOY Open flowers","136","DOY",NA,"Phenology Network","Year = 2013, 2013 | Site Name = Beckman Lake Highland (Cedar Creek LTER) | Individual ID = 5109"
"Quercus rubra","Last_Yes_DOY Open flowers","136","DOY",NA,"Phenology Network","Year = 2013, 2013 | Site Name = Beckman Lake Highland (Cedar Creek LTER) | Individual ID = 5109"
"Quercus rubra","First_Yes_DOY Pollen release (flowers)","136","DOY",NA,"Phenology Network","Year = 2013, 2013 | Site Name = Beckman Lake Highland (Cedar Creek LTER) | Individual ID = 5109"
"Quercus rubra","Last_Yes_DOY Pollen release (flowers)","136","DOY",NA,"Phenology Network","Year = 2013, 2013 | Site Name = Beckman Lake Highland (Cedar Creek LTER) | Individual ID = 5109"
"Quercus alba","First_Yes_DOY Flowers or flower buds","136","DOY",NA,"Phenology Network","Year = 2013, 2013 | Site Name = Beckman Lake Highland (Cedar Creek LTER) | Individual ID = 5110"
"Quercus alba","Last_Yes_DOY Flowers or flower buds","144","DOY",NA,"Phenology Network","Year = 2013, 2013 | Site Name = Beckman Lake Highland (Cedar Creek LTER) | Individual ID = 5110"
"Quercus alba","First_Yes_DOY Open flowers","136","DOY",NA,"Phenology Network","Year = 2013, 2013 | Site Name = Beckman Lake Highland (Cedar Creek LTER) | Individual ID = 5110"
"Quercus alba","Last_Yes_DOY Open flowers","144","DOY",NA,"Phenology Network","Year = 2013, 2013 | Site Name = Beckman Lake Highland (Cedar Creek LTER) | Individual ID = 5110"
"Quercus alba","First_Yes_DOY Flowers or flower buds","136","DOY",NA,"Phenology Network","Year = 2013, 2013 | Site Name = PhenoCAM tower (Cedar Creek LTER) | Individual ID = 5112"
"Quercus alba","Last_Yes_DOY Flowers or flower buds","149","DOY",NA,"Phenology Network","Year = 2013, 2013 | Site Name = PhenoCAM tower (Cedar Creek LTER) | Individual ID = 5112"
"Quercus alba","First_Yes_DOY Open flowers","136","DOY",NA,"Phenology Network","Year = 2013, 2013 | Site Name = PhenoCAM tower (Cedar Creek LTER) | Individual ID = 5112"
"Quercus alba","Last_Yes_DOY Open flowers","149","DOY",NA,"Phenology Network","Year = 2013, 2013 | Site Name = PhenoCAM tower (Cedar Creek LTER) | Individual ID = 5112"
"Quercus alba","First_Yes_DOY Pollen release (flowers)","149","DOY",NA,"Phenology Network","Year = 2013, 2013 | Site Name = PhenoCAM tower (Cedar Creek LTER) | Individual ID = 5112"
"Quercus alba","Last_Yes_DOY Pollen release (flowers)","149","DOY",NA,"Phenology Network","Year = 2013, 2013 | Site Name = PhenoCAM tower (Cedar Creek LTER) | Individual ID = 5112"
"Quercus rubra","First_Yes_DOY Flowers or flower buds","136","DOY",NA,"Phenology Network","Year = 2013, 2013 | Site Name = PhenoCAM tower (Cedar Creek LTER) | Individual ID = 5113"
"Quercus rubra","Last_Yes_DOY Flowers or flower buds","136","DOY",NA,"Phenology Network","Year = 2013, 2013 | Site Name = PhenoCAM tower (Cedar Creek LTER) | Individual ID = 5113"
"Quercus rubra","First_Yes_DOY Open flowers","136","DOY",NA,"Phenology Network","Year = 2013, 2013 | Site Name = PhenoCAM tower (Cedar Creek LTER) | Individual ID = 5113"
"Quercus rubra","Last_Yes_DOY Open flowers","136","DOY",NA,"Phenology Network","Year = 2013, 2013 | Site Name = PhenoCAM tower (Cedar Creek LTER) | Individual ID = 5113"
"Acer rubrum","First_Yes_DOY Flowers or flower buds","112","DOY",NA,"Phenology Network","Year = 2013, 2013 | Site Name = PhenoCAM tower (Cedar Creek LTER) | Individual ID = 5115"
"Acer rubrum","Last_Yes_DOY Flowers or flower buds","125","DOY",NA,"Phenology Network","Year = 2013, 2013 | Site Name = PhenoCAM tower (Cedar Creek LTER) | Individual ID = 5115"
"Acer rubrum","First_Yes_DOY Open flowers","125","DOY",NA,"Phenology Network","Year = 2013, 2013 | Site Name = PhenoCAM tower (Cedar Creek LTER) | Individual ID = 5115"
"Acer rubrum","Last_Yes_DOY Open flowers","125","DOY",NA,"Phenology Network","Year = 2013, 2013 | Site Name = PhenoCAM tower (Cedar Creek LTER) | Individual ID = 5115"
"Acer rubrum","First_Yes_DOY Pollen release (flowers)","125","DOY",NA,"Phenology Network","Year = 2013, 2013 | Site Name = PhenoCAM tower (Cedar Creek LTER) | Individual ID = 5115"
"Acer rubrum","Last_Yes_DOY Pollen release (flowers)","125","DOY",NA,"Phenology Network","Year = 2013, 2013 | Site Name = PhenoCAM tower (Cedar Creek LTER) | Individual ID = 5115"
"Acer rubrum","First_Yes_DOY Flowers or flower buds","127","DOY",NA,"Phenology Network","Year = 2013, 2013 | Site Name = MEF S2 | Individual ID = 5182"
"Acer rubrum","Last_Yes_DOY Flowers or flower buds","134","DOY",NA,"Phenology Network","Year = 2013, 2013 | Site Name = MEF S2 | Individual ID = 5182"
"Acer rubrum","First_Yes_DOY Open flowers","134","DOY",NA,"Phenology Network","Year = 2013, 2013 | Site Name = MEF S2 | Individual ID = 5182"
"Acer rubrum","Last_Yes_DOY Open flowers","134","DOY",NA,"Phenology Network","Year = 2013, 2013 | Site Name = MEF S2 | Individual ID = 5182"
"Acer rubrum","First_Yes_DOY Flowers or flower buds","120","DOY",NA,"Phenology Network","Year = 2013, 2013 | Site Name = MEF S2 | Individual ID = 5183"
"Acer rubrum","Last_Yes_DOY Flowers or flower buds","134","DOY",NA,"Phenology Network","Year = 2013, 2013 | Site Name = MEF S2 | Individual ID = 5183"
"Acer rubrum","First_Yes_DOY Open flowers","134","DOY",NA,"Phenology Network","Year = 2013, 2013 | Site Name = MEF S2 | Individual ID = 5183"
"Acer rubrum","Last_Yes_DOY Open flowers","134","DOY",NA,"Phenology Network","Year = 2013, 2013 | Site Name = MEF S2 | Individual ID = 5183"
"Populus tremuloides","First_Yes_DOY Flowers or flower buds","120","DOY",NA,"Phenology Network","Year = 2013, 2013 | Site Name = MEF S2 | Individual ID = 5184"
"Populus tremuloides","Last_Yes_DOY Flowers or flower buds","127","DOY",NA,"Phenology Network","Year = 2013, 2013 | Site Name = MEF S2 | Individual ID = 5184"
"Populus tremuloides","First_Yes_DOY Open flowers","120","DOY",NA,"Phenology Network","Year = 2013, 2013 | Site Name = MEF S2 | Individual ID = 5184"
"Populus tremuloides","Last_Yes_DOY Open flowers","127","DOY",NA,"Phenology Network","Year = 2013, 2013 | Site Name = MEF S2 | Individual ID = 5184"
"Populus tremuloides","First_Yes_DOY Flowers or flower buds","127","DOY",NA,"Phenology Network","Year = 2013, 2013 | Site Name = MEF S2 | Individual ID = 5185"
"Populus tremuloides","Last_Yes_DOY Flowers or flower buds","127","DOY",NA,"Phenology Network","Year = 2013, 2013 | Site Name = MEF S2 | Individual ID = 5185"
"Populus tremuloides","First_Yes_DOY Open flowers","127","DOY",NA,"Phenology Network","Year = 2013, 2013 | Site Name = MEF S2 | Individual ID = 5185"
"Populus tremuloides","Last_Yes_DOY Open flowers","127","DOY",NA,"Phenology Network","Year = 2013, 2013 | Site Name = MEF S2 | Individual ID = 5185"
"Populus tremuloides","First_Yes_DOY Flowers or flower buds","120","DOY",NA,"Phenology Network","Year = 2013, 2013 | Site Name = MEF S2 | Individual ID = 5612"
"Populus tremuloides","Last_Yes_DOY Flowers or flower buds","127","DOY",NA,"Phenology Network","Year = 2013, 2013 | Site Name = MEF S2 | Individual ID = 5612"
"Populus tremuloides","First_Yes_DOY Open flowers","120","DOY",NA,"Phenology Network","Year = 2013, 2013 | Site Name = MEF S2 | Individual ID = 5612"
"Populus tremuloides","Last_Yes_DOY Open flowers","127","DOY",NA,"Phenology Network","Year = 2013, 2013 | Site Name = MEF S2 | Individual ID = 5612"
"Populus tremuloides","First_Yes_DOY Flowers or flower buds","120","DOY",NA,"Phenology Network","Year = 2013, 2013 | Site Name = MEF S2 | Individual ID = 5613"
"Populus tremuloides","Last_Yes_DOY Flowers or flower buds","120","DOY",NA,"Phenology Network","Year = 2013, 2013 | Site Name = MEF S2 | Individual ID = 5613"
"Populus tremuloides","First_Yes_DOY Flowers or flower buds","127","DOY",NA,"Phenology Network","Year = 2013, 2013 | Site Name = MEF S2 | Individual ID = 5614"
"Populus tremuloides","Last_Yes_DOY Flowers or flower buds","127","DOY",NA,"Phenology Network","Year = 2013, 2013 | Site Name = MEF S2 | Individual ID = 5614"
"Populus tremuloides","First_Yes_DOY Open flowers","127","DOY",NA,"Phenology Network","Year = 2013, 2013 | Site Name = MEF S2 | Individual ID = 5614"
"Populus tremuloides","Last_Yes_DOY Open flowers","127","DOY",NA,"Phenology Network","Year = 2013, 2013 | Site Name = MEF S2 | Individual ID = 5614"
"Populus tremuloides","First_Yes_DOY Flowers or flower buds","107","DOY",NA,"Phenology Network","Year = 2013, 2013 | Site Name = Stony Lake Hills subdivision | Individual ID = 9629"
"Populus tremuloides","Last_Yes_DOY Flowers or flower buds","117","DOY",NA,"Phenology Network","Year = 2013, 2013 | Site Name = Stony Lake Hills subdivision | Individual ID = 9629"
"Populus tremuloides","First_Yes_DOY Open flowers","107","DOY",NA,"Phenology Network","Year = 2013, 2013 | Site Name = Stony Lake Hills subdivision | Individual ID = 9629"
"Populus tremuloides","Last_Yes_DOY Open flowers","117","DOY",NA,"Phenology Network","Year = 2013, 2013 | Site Name = Stony Lake Hills subdivision | Individual ID = 9629"
"Populus tremuloides","First_Yes_DOY Pollen release (flowers)","107","DOY",NA,"Phenology Network","Year = 2013, 2013 | Site Name = Stony Lake Hills subdivision | Individual ID = 9629"
"Populus tremuloides","Last_Yes_DOY Pollen release (flowers)","117","DOY",NA,"Phenology Network","Year = 2013, 2013 | Site Name = Stony Lake Hills subdivision | Individual ID = 9629"
"Tilia americana","First_Yes_DOY Flowers or flower buds","191","DOY",NA,"Phenology Network","Year = 2013, 2013 | Site Name = Cedar Bog Lake Lowland 2 | Individual ID = 11001"
"Tilia americana","Last_Yes_DOY Flowers or flower buds","191","DOY",NA,"Phenology Network","Year = 2013, 2013 | Site Name = Cedar Bog Lake Lowland 2 | Individual ID = 11001"
"Tilia americana","First_Yes_DOY Open flowers","191","DOY",NA,"Phenology Network","Year = 2013, 2013 | Site Name = Cedar Bog Lake Lowland 2 | Individual ID = 11001"
"Tilia americana","Last_Yes_DOY Open flowers","191","DOY",NA,"Phenology Network","Year = 2013, 2013 | Site Name = Cedar Bog Lake Lowland 2 | Individual ID = 11001"
"Tilia americana","First_Yes_DOY Flowers or flower buds","171","DOY",NA,"Phenology Network","Year = 2013, 2013 | Site Name = Cedar Bog Lake Lowland 2 | Individual ID = 11002"
"Tilia americana","Last_Yes_DOY Flowers or flower buds","191","DOY",NA,"Phenology Network","Year = 2013, 2013 | Site Name = Cedar Bog Lake Lowland 2 | Individual ID = 11002"
"Tilia americana","First_Yes_DOY Open flowers","184","DOY",NA,"Phenology Network","Year = 2013, 2013 | Site Name = Cedar Bog Lake Lowland 2 | Individual ID = 11002"
"Tilia americana","Last_Yes_DOY Open flowers","184","DOY",NA,"Phenology Network","Year = 2013, 2013 | Site Name = Cedar Bog Lake Lowland 2 | Individual ID = 11002"
"Populus tremuloides","First_Yes_DOY Open flowers","119","DOY",NA,"Phenology Network","Year = 2013, 2013 | Site Name = Montgomery/WeiblenHome | Individual ID = 11360"
"Populus tremuloides","Last_Yes_DOY Open flowers","122","DOY",NA,"Phenology Network","Year = 2013, 2013 | Site Name = Montgomery/WeiblenHome | Individual ID = 11360"
"Tilia americana","First_Yes_DOY Flowers or flower buds","152","DOY",NA,"Phenology Network","Year = 2013, 2013 | Site Name = Linwood Park | Individual ID = 16313"
"Tilia americana","Last_Yes_DOY Flowers or flower buds","193","DOY",NA,"Phenology Network","Year = 2013, 2013 | Site Name = Linwood Park | Individual ID = 16313"
"Tilia americana","First_Yes_DOY Open flowers","193","DOY",NA,"Phenology Network","Year = 2013, 2013 | Site Name = Linwood Park | Individual ID = 16313"
"Tilia americana","Last_Yes_DOY Open flowers","193","DOY",NA,"Phenology Network","Year = 2013, 2013 | Site Name = Linwood Park | Individual ID = 16313"
"Tilia americana","First_Yes_DOY Pollen release (flowers)","193","DOY",NA,"Phenology Network","Year = 2013, 2013 | Site Name = Linwood Park | Individual ID = 16313"
"Tilia americana","Last_Yes_DOY Pollen release (flowers)","193","DOY",NA,"Phenology Network","Year = 2013, 2013 | Site Name = Linwood Park | Individual ID = 16313"
"Acer negundo","First_Yes_DOY Flowers or flower buds","119","DOY",NA,"Phenology Network","Year = 2013, 2013 | Site Name = Linwood Park | Individual ID = 16316"
"Acer negundo","Last_Yes_DOY Flowers or flower buds","125","DOY",NA,"Phenology Network","Year = 2013, 2013 | Site Name = Linwood Park | Individual ID = 16316"
"Acer negundo","First_Yes_DOY Open flowers","119","DOY",NA,"Phenology Network","Year = 2013, 2013 | Site Name = Linwood Park | Individual ID = 16316"
"Acer negundo","Last_Yes_DOY Open flowers","125","DOY",NA,"Phenology Network","Year = 2013, 2013 | Site Name = Linwood Park | Individual ID = 16316"
"Acer negundo","First_Yes_DOY Pollen release (flowers)","125","DOY",NA,"Phenology Network","Year = 2013, 2013 | Site Name = Linwood Park | Individual ID = 16316"
"Acer negundo","Last_Yes_DOY Pollen release (flowers)","125","DOY",NA,"Phenology Network","Year = 2013, 2013 | Site Name = Linwood Park | Individual ID = 16316"
"Fraxinus pennsylvanica","First_Yes_DOY Flowers or flower buds","125","DOY",NA,"Phenology Network","Year = 2013, 2013 | Site Name = Linwood Park | Individual ID = 16317"
"Fraxinus pennsylvanica","Last_Yes_DOY Flowers or flower buds","125","DOY",NA,"Phenology Network","Year = 2013, 2013 | Site Name = Linwood Park | Individual ID = 16317"
"Fraxinus pennsylvanica","First_Yes_DOY Flowers or flower buds","125","DOY",NA,"Phenology Network","Year = 2013, 2013 | Site Name = Linwood Park | Individual ID = 16318"
"Fraxinus pennsylvanica","Last_Yes_DOY Flowers or flower buds","125","DOY",NA,"Phenology Network","Year = 2013, 2013 | Site Name = Linwood Park | Individual ID = 16318"
"Fraxinus pennsylvanica","First_Yes_DOY Open flowers","125","DOY",NA,"Phenology Network","Year = 2013, 2013 | Site Name = Linwood Park | Individual ID = 16318"
"Fraxinus pennsylvanica","Last_Yes_DOY Open flowers","125","DOY",NA,"Phenology Network","Year = 2013, 2013 | Site Name = Linwood Park | Individual ID = 16318"
"Tilia americana","First_Yes_DOY Flowers or flower buds","179","DOY",NA,"Phenology Network","Year = 2013, 2013 | Site Name = PPN_214861 | Individual ID = 21153"
"Tilia americana","Last_Yes_DOY Flowers or flower buds","198","DOY",NA,"Phenology Network","Year = 2013, 2013 | Site Name = PPN_214861 | Individual ID = 21153"
"Tilia americana","First_Yes_DOY Open flowers","187","DOY",NA,"Phenology Network","Year = 2013, 2013 | Site Name = PPN_214861 | Individual ID = 21153"
"Tilia americana","Last_Yes_DOY Open flowers","193","DOY",NA,"Phenology Network","Year = 2013, 2013 | Site Name = PPN_214861 | Individual ID = 21153"
"Tilia americana","First_Yes_DOY Open flowers","195","DOY",NA,"Phenology Network","Year = 2013, 2013 | Site Name = PPN_214861 | Individual ID = 21153"
"Tilia americana","Last_Yes_DOY Open flowers","198","DOY",NA,"Phenology Network","Year = 2013, 2013 | Site Name = PPN_214861 | Individual ID = 21153"
"Acer negundo","First_Yes_DOY Flowers or flower buds","131","DOY",NA,"Phenology Network","Year = 2013, 2013 | Site Name = my yard | Individual ID = 25776"
"Acer negundo","Last_Yes_DOY Flowers or flower buds","137","DOY",NA,"Phenology Network","Year = 2013, 2013 | Site Name = my yard | Individual ID = 25776"
"Acer negundo","First_Yes_DOY Open flowers","131","DOY",NA,"Phenology Network","Year = 2013, 2013 | Site Name = my yard | Individual ID = 25776"
"Acer negundo","Last_Yes_DOY Open flowers","137","DOY",NA,"Phenology Network","Year = 2013, 2013 | Site Name = my yard | Individual ID = 25776"
"Fraxinus nigra","First_Yes_DOY Flowers or flower buds","137","DOY",NA,"Phenology Network","Year = 2013, 2013 | Site Name = Cedar Bog Lake Highland 1 | Individual ID = 25814"
"Fraxinus nigra","Last_Yes_DOY Flowers or flower buds","137","DOY",NA,"Phenology Network","Year = 2013, 2013 | Site Name = Cedar Bog Lake Highland 1 | Individual ID = 25814"
"Fraxinus nigra","First_Yes_DOY Open flowers","137","DOY",NA,"Phenology Network","Year = 2013, 2013 | Site Name = Cedar Bog Lake Highland 1 | Individual ID = 25814"
"Fraxinus nigra","Last_Yes_DOY Open flowers","137","DOY",NA,"Phenology Network","Year = 2013, 2013 | Site Name = Cedar Bog Lake Highland 1 | Individual ID = 25814"
"Fraxinus nigra","First_Yes_DOY Flowers or flower buds","136","DOY",NA,"Phenology Network","Year = 2013, 2013 | Site Name = Beckman Lake Highland (Cedar Creek LTER) | Individual ID = 25816"
"Fraxinus nigra","Last_Yes_DOY Flowers or flower buds","136","DOY",NA,"Phenology Network","Year = 2013, 2013 | Site Name = Beckman Lake Highland (Cedar Creek LTER) | Individual ID = 25816"
"Fraxinus nigra","First_Yes_DOY Open flowers","136","DOY",NA,"Phenology Network","Year = 2013, 2013 | Site Name = Beckman Lake Highland (Cedar Creek LTER) | Individual ID = 25816"
"Fraxinus nigra","Last_Yes_DOY Open flowers","136","DOY",NA,"Phenology Network","Year = 2013, 2013 | Site Name = Beckman Lake Highland (Cedar Creek LTER) | Individual ID = 25816"
"Fraxinus nigra","First_Yes_DOY Flowers or flower buds","136","DOY",NA,"Phenology Network","Year = 2013, 2013 | Site Name = Beckman Lake Highland (Cedar Creek LTER) | Individual ID = 25818"
"Fraxinus nigra","Last_Yes_DOY Flowers or flower buds","136","DOY",NA,"Phenology Network","Year = 2013, 2013 | Site Name = Beckman Lake Highland (Cedar Creek LTER) | Individual ID = 25818"
"Fraxinus nigra","First_Yes_DOY Open flowers","136","DOY",NA,"Phenology Network","Year = 2013, 2013 | Site Name = Beckman Lake Highland (Cedar Creek LTER) | Individual ID = 25818"
"Fraxinus nigra","Last_Yes_DOY Open flowers","136","DOY",NA,"Phenology Network","Year = 2013, 2013 | Site Name = Beckman Lake Highland (Cedar Creek LTER) | Individual ID = 25818"
"Fraxinus nigra","First_Yes_DOY Flowers or flower buds","125","DOY",NA,"Phenology Network","Year = 2013, 2013 | Site Name = Cedar Bog Lake Highland 2 | Individual ID = 25822"
"Fraxinus nigra","Last_Yes_DOY Flowers or flower buds","137","DOY",NA,"Phenology Network","Year = 2013, 2013 | Site Name = Cedar Bog Lake Highland 2 | Individual ID = 25822"
"Fraxinus nigra","First_Yes_DOY Open flowers","125","DOY",NA,"Phenology Network","Year = 2013, 2013 | Site Name = Cedar Bog Lake Highland 2 | Individual ID = 25822"
"Fraxinus nigra","Last_Yes_DOY Open flowers","137","DOY",NA,"Phenology Network","Year = 2013, 2013 | Site Name = Cedar Bog Lake Highland 2 | Individual ID = 25822"
"Tilia americana","First_Yes_DOY Flowers or flower buds","158","DOY",NA,"Phenology Network","Year = 2013, 2013 | Site Name = my yard | Individual ID = 25991"
"Tilia americana","Last_Yes_DOY Flowers or flower buds","199","DOY",NA,"Phenology Network","Year = 2013, 2013 | Site Name = my yard | Individual ID = 25991"
"Tilia americana","First_Yes_DOY Open flowers","190","DOY",NA,"Phenology Network","Year = 2013, 2013 | Site Name = my yard | Individual ID = 25991"
"Tilia americana","Last_Yes_DOY Open flowers","199","DOY",NA,"Phenology Network","Year = 2013, 2013 | Site Name = my yard | Individual ID = 25991"
"Acer rubrum","First_Yes_DOY Flowers or flower buds","111","DOY",NA,"Phenology Network","Year = 2013, 2013 | Site Name = Project Tree watch 2 | Individual ID = 26859"
"Acer rubrum","Last_Yes_DOY Flowers or flower buds","119","DOY",NA,"Phenology Network","Year = 2013, 2013 | Site Name = Project Tree watch 2 | Individual ID = 26859"
"Acer rubrum","First_Yes_DOY Open flowers","119","DOY",NA,"Phenology Network","Year = 2013, 2013 | Site Name = Project Tree watch 2 | Individual ID = 26859"
"Acer rubrum","Last_Yes_DOY Open flowers","119","DOY",NA,"Phenology Network","Year = 2013, 2013 | Site Name = Project Tree watch 2 | Individual ID = 26859"
"Acer rubrum","First_Yes_DOY Pollen release (flowers)","119","DOY",NA,"Phenology Network","Year = 2013, 2013 | Site Name = Project Tree watch 2 | Individual ID = 26859"
"Acer rubrum","Last_Yes_DOY Pollen release (flowers)","119","DOY",NA,"Phenology Network","Year = 2013, 2013 | Site Name = Project Tree watch 2 | Individual ID = 26859"
"Acer rubrum","First_Yes_DOY Flowers or flower buds","111","DOY",NA,"Phenology Network","Year = 2013, 2013 | Site Name = Project Tree watch 2 | Individual ID = 26860"
"Acer rubrum","Last_Yes_DOY Flowers or flower buds","119","DOY",NA,"Phenology Network","Year = 2013, 2013 | Site Name = Project Tree watch 2 | Individual ID = 26860"
"Acer rubrum","First_Yes_DOY Open flowers","119","DOY",NA,"Phenology Network","Year = 2013, 2013 | Site Name = Project Tree watch 2 | Individual ID = 26860"
"Acer rubrum","Last_Yes_DOY Open flowers","119","DOY",NA,"Phenology Network","Year = 2013, 2013 | Site Name = Project Tree watch 2 | Individual ID = 26860"
"Acer rubrum","First_Yes_DOY Pollen release (flowers)","119","DOY",NA,"Phenology Network","Year = 2013, 2013 | Site Name = Project Tree watch 2 | Individual ID = 26860"
"Acer rubrum","Last_Yes_DOY Pollen release (flowers)","119","DOY",NA,"Phenology Network","Year = 2013, 2013 | Site Name = Project Tree watch 2 | Individual ID = 26860"
"Acer rubrum","First_Yes_DOY Flowers or flower buds","111","DOY",NA,"Phenology Network","Year = 2013, 2013 | Site Name = Project Tree watch 2 | Individual ID = 26861"
"Acer rubrum","Last_Yes_DOY Flowers or flower buds","119","DOY",NA,"Phenology Network","Year = 2013, 2013 | Site Name = Project Tree watch 2 | Individual ID = 26861"
"Acer rubrum","First_Yes_DOY Open flowers","119","DOY",NA,"Phenology Network","Year = 2013, 2013 | Site Name = Project Tree watch 2 | Individual ID = 26861"
"Acer rubrum","Last_Yes_DOY Open flowers","119","DOY",NA,"Phenology Network","Year = 2013, 2013 | Site Name = Project Tree watch 2 | Individual ID = 26861"
"Acer rubrum","First_Yes_DOY Pollen release (flowers)","119","DOY",NA,"Phenology Network","Year = 2013, 2013 | Site Name = Project Tree watch 2 | Individual ID = 26861"
"Acer rubrum","Last_Yes_DOY Pollen release (flowers)","119","DOY",NA,"Phenology Network","Year = 2013, 2013 | Site Name = Project Tree watch 2 | Individual ID = 26861"
"Acer rubrum","First_Yes_DOY Flowers or flower buds","111","DOY",NA,"Phenology Network","Year = 2013, 2013 | Site Name = Project Tree watch 2 | Individual ID = 26862"
"Acer rubrum","Last_Yes_DOY Flowers or flower buds","119","DOY",NA,"Phenology Network","Year = 2013, 2013 | Site Name = Project Tree watch 2 | Individual ID = 26862"
"Acer rubrum","First_Yes_DOY Open flowers","119","DOY",NA,"Phenology Network","Year = 2013, 2013 | Site Name = Project Tree watch 2 | Individual ID = 26862"
"Acer rubrum","Last_Yes_DOY Open flowers","119","DOY",NA,"Phenology Network","Year = 2013, 2013 | Site Name = Project Tree watch 2 | Individual ID = 26862"
"Acer rubrum","First_Yes_DOY Pollen release (flowers)","119","DOY",NA,"Phenology Network","Year = 2013, 2013 | Site Name = Project Tree watch 2 | Individual ID = 26862"
"Acer rubrum","Last_Yes_DOY Pollen release (flowers)","119","DOY",NA,"Phenology Network","Year = 2013, 2013 | Site Name = Project Tree watch 2 | Individual ID = 26862"
"Acer rubrum","First_Yes_DOY Flowers or flower buds","111","DOY",NA,"Phenology Network","Year = 2013, 2013 | Site Name = Project Tree watch 2 | Individual ID = 26863"
"Acer rubrum","Last_Yes_DOY Flowers or flower buds","119","DOY",NA,"Phenology Network","Year = 2013, 2013 | Site Name = Project Tree watch 2 | Individual ID = 26863"
"Acer rubrum","First_Yes_DOY Open flowers","119","DOY",NA,"Phenology Network","Year = 2013, 2013 | Site Name = Project Tree watch 2 | Individual ID = 26863"
"Acer rubrum","Last_Yes_DOY Open flowers","119","DOY",NA,"Phenology Network","Year = 2013, 2013 | Site Name = Project Tree watch 2 | Individual ID = 26863"
"Acer rubrum","First_Yes_DOY Pollen release (flowers)","119","DOY",NA,"Phenology Network","Year = 2013, 2013 | Site Name = Project Tree watch 2 | Individual ID = 26863"
"Acer rubrum","Last_Yes_DOY Pollen release (flowers)","119","DOY",NA,"Phenology Network","Year = 2013, 2013 | Site Name = Project Tree watch 2 | Individual ID = 26863"
"Fraxinus pennsylvanica","First_Yes_DOY Flowers or flower buds","125","DOY",NA,"Phenology Network","Year = 2013, 2013 | Site Name = Project Tree watch 2 | Individual ID = 26864"
"Fraxinus pennsylvanica","Last_Yes_DOY Flowers or flower buds","125","DOY",NA,"Phenology Network","Year = 2013, 2013 | Site Name = Project Tree watch 2 | Individual ID = 26864"
"Fraxinus pennsylvanica","First_Yes_DOY Flowers or flower buds","125","DOY",NA,"Phenology Network","Year = 2013, 2013 | Site Name = Project Tree watch 2 | Individual ID = 26865"
"Fraxinus pennsylvanica","Last_Yes_DOY Flowers or flower buds","125","DOY",NA,"Phenology Network","Year = 2013, 2013 | Site Name = Project Tree watch 2 | Individual ID = 26865"
"Fraxinus pennsylvanica","First_Yes_DOY Flowers or flower buds","125","DOY",NA,"Phenology Network","Year = 2013, 2013 | Site Name = Project Tree watch 2 | Individual ID = 26866"
"Fraxinus pennsylvanica","Last_Yes_DOY Flowers or flower buds","125","DOY",NA,"Phenology Network","Year = 2013, 2013 | Site Name = Project Tree watch 2 | Individual ID = 26866"
"Fraxinus pennsylvanica","First_Yes_DOY Flowers or flower buds","125","DOY",NA,"Phenology Network","Year = 2013, 2013 | Site Name = Project Tree watch 2 | Individual ID = 26867"
"Fraxinus pennsylvanica","Last_Yes_DOY Flowers or flower buds","125","DOY",NA,"Phenology Network","Year = 2013, 2013 | Site Name = Project Tree watch 2 | Individual ID = 26867"
"Fraxinus pennsylvanica","First_Yes_DOY Flowers or flower buds","125","DOY",NA,"Phenology Network","Year = 2013, 2013 | Site Name = Project Tree watch 2 | Individual ID = 26868"
"Fraxinus pennsylvanica","Last_Yes_DOY Flowers or flower buds","125","DOY",NA,"Phenology Network","Year = 2013, 2013 | Site Name = Project Tree watch 2 | Individual ID = 26868"
"Quercus rubra","First_Yes_DOY Flowers or flower buds","141","DOY",NA,"Phenology Network","Year = 2013, 2013 | Site Name = Homestead | Individual ID = 34941"
"Quercus rubra","Last_Yes_DOY Flowers or flower buds","141","DOY",NA,"Phenology Network","Year = 2013, 2013 | Site Name = Homestead | Individual ID = 34941"
"Populus deltoides","First_Yes_DOY Flowers or flower buds","106","DOY",NA,"Phenology Network","Year = 2013, 2013 | Site Name = Total yard | Individual ID = 35192"
"Populus deltoides","Last_Yes_DOY Flowers or flower buds","126","DOY",NA,"Phenology Network","Year = 2013, 2013 | Site Name = Total yard | Individual ID = 35192"
"Populus deltoides","First_Yes_DOY Open flowers","106","DOY",NA,"Phenology Network","Year = 2013, 2013 | Site Name = Total yard | Individual ID = 35192"
"Populus deltoides","Last_Yes_DOY Open flowers","126","DOY",NA,"Phenology Network","Year = 2013, 2013 | Site Name = Total yard | Individual ID = 35192"
"Populus deltoides","First_Yes_DOY Pollen release (flowers)","106","DOY",NA,"Phenology Network","Year = 2013, 2013 | Site Name = Total yard | Individual ID = 35192"
"Populus deltoides","Last_Yes_DOY Pollen release (flowers)","126","DOY",NA,"Phenology Network","Year = 2013, 2013 | Site Name = Total yard | Individual ID = 35192"
"Populus tremuloides","First_Yes_DOY Flowers or flower buds","105","DOY",NA,"Phenology Network","Year = 2013, 2013 | Site Name = woods | Individual ID = 35858"
"Populus tremuloides","Last_Yes_DOY Flowers or flower buds","125","DOY",NA,"Phenology Network","Year = 2013, 2013 | Site Name = woods | Individual ID = 35858"
"Populus tremuloides","First_Yes_DOY Open flowers","117","DOY",NA,"Phenology Network","Year = 2013, 2013 | Site Name = woods | Individual ID = 35858"
"Populus tremuloides","Last_Yes_DOY Open flowers","125","DOY",NA,"Phenology Network","Year = 2013, 2013 | Site Name = woods | Individual ID = 35858"
"Populus tremuloides","First_Yes_DOY Pollen release (flowers)","118","DOY",NA,"Phenology Network","Year = 2013, 2013 | Site Name = woods | Individual ID = 35858"
"Populus tremuloides","Last_Yes_DOY Pollen release (flowers)","118","DOY",NA,"Phenology Network","Year = 2013, 2013 | Site Name = woods | Individual ID = 35858"
"Acer rubrum","First_Yes_DOY Flowers or flower buds","68","DOY",NA,"Phenology Network","Year = 2013, 2013 | Site Name = Back yard and pond | Individual ID = 36078"
"Acer rubrum","Last_Yes_DOY Flowers or flower buds","83","DOY",NA,"Phenology Network","Year = 2013, 2013 | Site Name = Back yard and pond | Individual ID = 36078"
"Populus tremuloides","First_Yes_DOY Flowers or flower buds","133","DOY",NA,"Phenology Network","Year = 2013, 2013 | Site Name = University of Wisconsin - Platteville | Individual ID = 36094"
"Populus tremuloides","Last_Yes_DOY Flowers or flower buds","133","DOY",NA,"Phenology Network","Year = 2013, 2013 | Site Name = University of Wisconsin - Platteville | Individual ID = 36094"
"Fraxinus americana","First_Yes_DOY Flowers or flower buds","132","DOY",NA,"Phenology Network","Year = 2013, 2013 | Site Name = University of Wisconsin - Platteville | Individual ID = 36100"
"Fraxinus americana","Last_Yes_DOY Flowers or flower buds","132","DOY",NA,"Phenology Network","Year = 2013, 2013 | Site Name = University of Wisconsin - Platteville | Individual ID = 36100"
"Fraxinus americana","First_Yes_DOY Open flowers","132","DOY",NA,"Phenology Network","Year = 2013, 2013 | Site Name = University of Wisconsin - Platteville | Individual ID = 36100"
"Fraxinus americana","Last_Yes_DOY Open flowers","132","DOY",NA,"Phenology Network","Year = 2013, 2013 | Site Name = University of Wisconsin - Platteville | Individual ID = 36100"
"Fraxinus americana","First_Yes_DOY Pollen release (flowers)","132","DOY",NA,"Phenology Network","Year = 2013, 2013 | Site Name = University of Wisconsin - Platteville | Individual ID = 36100"
"Fraxinus americana","Last_Yes_DOY Pollen release (flowers)","132","DOY",NA,"Phenology Network","Year = 2013, 2013 | Site Name = University of Wisconsin - Platteville | Individual ID = 36100"
"Quercus alba","First_Yes_DOY Flowers or flower buds","130","DOY",NA,"Phenology Network","Year = 2013, 2013 | Site Name = University of Wisconsin - Platteville | Individual ID = 38551"
"Quercus alba","Last_Yes_DOY Flowers or flower buds","130","DOY",NA,"Phenology Network","Year = 2013, 2013 | Site Name = University of Wisconsin - Platteville | Individual ID = 38551"
"Quercus alba","First_Yes_DOY Flowers or flower buds","126","DOY",NA,"Phenology Network","Year = 2013, 2013 | Site Name = University of Wisconsin- | Individual ID = 38660"
"Quercus alba","Last_Yes_DOY Flowers or flower buds","126","DOY",NA,"Phenology Network","Year = 2013, 2013 | Site Name = University of Wisconsin- | Individual ID = 38660"
"Acer negundo","First_Yes_DOY Flowers or flower buds","126","DOY",NA,"Phenology Network","Year = 2013, 2013 | Site Name = East yard boundary | Individual ID = 39414"
"Acer negundo","Last_Yes_DOY Flowers or flower buds","126","DOY",NA,"Phenology Network","Year = 2013, 2013 | Site Name = East yard boundary | Individual ID = 39414"
"Populus tremuloides","First_Yes_DOY Flowers or flower buds","120","DOY",NA,"Phenology Network","Year = 2013, 2013 | Site Name = Platteville | Individual ID = 39426"
"Populus tremuloides","Last_Yes_DOY Flowers or flower buds","134","DOY",NA,"Phenology Network","Year = 2013, 2013 | Site Name = Platteville | Individual ID = 39426"
"Populus tremuloides","First_Yes_DOY Open flowers","120","DOY",NA,"Phenology Network","Year = 2013, 2013 | Site Name = Platteville | Individual ID = 39426"
"Populus tremuloides","Last_Yes_DOY Open flowers","134","DOY",NA,"Phenology Network","Year = 2013, 2013 | Site Name = Platteville | Individual ID = 39426"
"Populus tremuloides","First_Yes_DOY Pollen release (flowers)","120","DOY",NA,"Phenology Network","Year = 2013, 2013 | Site Name = Platteville | Individual ID = 39426"
"Populus tremuloides","Last_Yes_DOY Pollen release (flowers)","134","DOY",NA,"Phenology Network","Year = 2013, 2013 | Site Name = Platteville | Individual ID = 39426"
"Acer saccharinum","First_Yes_DOY Flowers or flower buds","103","DOY",NA,"Phenology Network","Year = 2013, 2013 | Site Name = My Place | Individual ID = 39430"
"Acer saccharinum","Last_Yes_DOY Flowers or flower buds","120","DOY",NA,"Phenology Network","Year = 2013, 2013 | Site Name = My Place | Individual ID = 39430"
"Acer saccharinum","First_Yes_DOY Open flowers","103","DOY",NA,"Phenology Network","Year = 2013, 2013 | Site Name = My Place | Individual ID = 39430"
"Acer saccharinum","Last_Yes_DOY Open flowers","120","DOY",NA,"Phenology Network","Year = 2013, 2013 | Site Name = My Place | Individual ID = 39430"
"Quercus alba","First_Yes_DOY Flowers or flower buds","135","DOY",NA,"Phenology Network","Year = 2013, 2013 | Site Name = Backyard | Individual ID = 39504"
"Quercus alba","Last_Yes_DOY Flowers or flower buds","142","DOY",NA,"Phenology Network","Year = 2013, 2013 | Site Name = Backyard | Individual ID = 39504"
"Quercus alba","First_Yes_DOY Open flowers","135","DOY",NA,"Phenology Network","Year = 2013, 2013 | Site Name = Backyard | Individual ID = 39504"
"Quercus alba","Last_Yes_DOY Open flowers","142","DOY",NA,"Phenology Network","Year = 2013, 2013 | Site Name = Backyard | Individual ID = 39504"
"Quercus alba","First_Yes_DOY Pollen release (flowers)","137","DOY",NA,"Phenology Network","Year = 2013, 2013 | Site Name = Backyard | Individual ID = 39504"
"Quercus alba","Last_Yes_DOY Pollen release (flowers)","142","DOY",NA,"Phenology Network","Year = 2013, 2013 | Site Name = Backyard | Individual ID = 39504"
"Quercus alba","First_Yes_DOY Flowers or flower buds","135","DOY",NA,"Phenology Network","Year = 2013, 2013 | Site Name = Backyard | Individual ID = 39620"
"Quercus alba","Last_Yes_DOY Flowers or flower buds","142","DOY",NA,"Phenology Network","Year = 2013, 2013 | Site Name = Backyard | Individual ID = 39620"
"Quercus alba","First_Yes_DOY Open flowers","135","DOY",NA,"Phenology Network","Year = 2013, 2013 | Site Name = Backyard | Individual ID = 39620"
"Quercus alba","Last_Yes_DOY Open flowers","142","DOY",NA,"Phenology Network","Year = 2013, 2013 | Site Name = Backyard | Individual ID = 39620"
"Quercus alba","First_Yes_DOY Pollen release (flowers)","137","DOY",NA,"Phenology Network","Year = 2013, 2013 | Site Name = Backyard | Individual ID = 39620"
"Quercus alba","Last_Yes_DOY Pollen release (flowers)","142","DOY",NA,"Phenology Network","Year = 2013, 2013 | Site Name = Backyard | Individual ID = 39620"
"Quercus alba","First_Yes_DOY Flowers or flower buds","135","DOY",NA,"Phenology Network","Year = 2013, 2013 | Site Name = Backyard | Individual ID = 39621"
"Quercus alba","Last_Yes_DOY Flowers or flower buds","142","DOY",NA,"Phenology Network","Year = 2013, 2013 | Site Name = Backyard | Individual ID = 39621"
"Quercus alba","First_Yes_DOY Open flowers","135","DOY",NA,"Phenology Network","Year = 2013, 2013 | Site Name = Backyard | Individual ID = 39621"
"Quercus alba","Last_Yes_DOY Open flowers","142","DOY",NA,"Phenology Network","Year = 2013, 2013 | Site Name = Backyard | Individual ID = 39621"
"Quercus alba","First_Yes_DOY Pollen release (flowers)","137","DOY",NA,"Phenology Network","Year = 2013, 2013 | Site Name = Backyard | Individual ID = 39621"
"Quercus alba","Last_Yes_DOY Pollen release (flowers)","142","DOY",NA,"Phenology Network","Year = 2013, 2013 | Site Name = Backyard | Individual ID = 39621"
"Quercus alba","First_Yes_DOY Flowers or flower buds","135","DOY",NA,"Phenology Network","Year = 2013, 2013 | Site Name = Backyard | Individual ID = 39622"
"Quercus alba","Last_Yes_DOY Flowers or flower buds","142","DOY",NA,"Phenology Network","Year = 2013, 2013 | Site Name = Backyard | Individual ID = 39622"
"Quercus alba","First_Yes_DOY Open flowers","135","DOY",NA,"Phenology Network","Year = 2013, 2013 | Site Name = Backyard | Individual ID = 39622"
"Quercus alba","Last_Yes_DOY Open flowers","142","DOY",NA,"Phenology Network","Year = 2013, 2013 | Site Name = Backyard | Individual ID = 39622"
"Quercus alba","First_Yes_DOY Pollen release (flowers)","137","DOY",NA,"Phenology Network","Year = 2013, 2013 | Site Name = Backyard | Individual ID = 39622"
"Quercus alba","Last_Yes_DOY Pollen release (flowers)","142","DOY",NA,"Phenology Network","Year = 2013, 2013 | Site Name = Backyard | Individual ID = 39622"
"Quercus alba","First_Yes_DOY Flowers or flower buds","135","DOY",NA,"Phenology Network","Year = 2013, 2013 | Site Name = Backyard | Individual ID = 39623"
"Quercus alba","Last_Yes_DOY Flowers or flower buds","142","DOY",NA,"Phenology Network","Year = 2013, 2013 | Site Name = Backyard | Individual ID = 39623"
"Quercus alba","First_Yes_DOY Open flowers","135","DOY",NA,"Phenology Network","Year = 2013, 2013 | Site Name = Backyard | Individual ID = 39623"
"Quercus alba","Last_Yes_DOY Open flowers","142","DOY",NA,"Phenology Network","Year = 2013, 2013 | Site Name = Backyard | Individual ID = 39623"
"Quercus alba","First_Yes_DOY Pollen release (flowers)","137","DOY",NA,"Phenology Network","Year = 2013, 2013 | Site Name = Backyard | Individual ID = 39623"
"Quercus alba","Last_Yes_DOY Pollen release (flowers)","142","DOY",NA,"Phenology Network","Year = 2013, 2013 | Site Name = Backyard | Individual ID = 39623"
"Quercus alba","First_Yes_DOY Flowers or flower buds","135","DOY",NA,"Phenology Network","Year = 2013, 2013 | Site Name = Backyard | Individual ID = 39624"
"Quercus alba","Last_Yes_DOY Flowers or flower buds","142","DOY",NA,"Phenology Network","Year = 2013, 2013 | Site Name = Backyard | Individual ID = 39624"
"Quercus alba","First_Yes_DOY Open flowers","137","DOY",NA,"Phenology Network","Year = 2013, 2013 | Site Name = Backyard | Individual ID = 39624"
"Quercus alba","Last_Yes_DOY Open flowers","142","DOY",NA,"Phenology Network","Year = 2013, 2013 | Site Name = Backyard | Individual ID = 39624"
"Quercus alba","First_Yes_DOY Pollen release (flowers)","137","DOY",NA,"Phenology Network","Year = 2013, 2013 | Site Name = Backyard | Individual ID = 39624"
"Quercus alba","Last_Yes_DOY Pollen release (flowers)","142","DOY",NA,"Phenology Network","Year = 2013, 2013 | Site Name = Backyard | Individual ID = 39624"
"Populus tremuloides","First_Yes_DOY Flowers or flower buds","125","DOY",NA,"Phenology Network","Year = 2013, 2013 | Site Name = driveway | Individual ID = 41183"
"Populus tremuloides","Last_Yes_DOY Flowers or flower buds","125","DOY",NA,"Phenology Network","Year = 2013, 2013 | Site Name = driveway | Individual ID = 41183"
"Acer saccharinum","First_Yes_DOY Flowers or flower buds","99","DOY",NA,"Phenology Network","Year = 2013, 2013 | Site Name = St Paul (Como neighborhood)  | Individual ID = 41325"
"Acer saccharinum","Last_Yes_DOY Flowers or flower buds","128","DOY",NA,"Phenology Network","Year = 2013, 2013 | Site Name = St Paul (Como neighborhood)  | Individual ID = 41325"
"Acer saccharinum","First_Yes_DOY Open flowers","128","DOY",NA,"Phenology Network","Year = 2013, 2013 | Site Name = St Paul (Como neighborhood)  | Individual ID = 41325"
"Acer saccharinum","Last_Yes_DOY Open flowers","128","DOY",NA,"Phenology Network","Year = 2013, 2013 | Site Name = St Paul (Como neighborhood)  | Individual ID = 41325"
"Acer saccharinum","First_Yes_DOY Pollen release (flowers)","128","DOY",NA,"Phenology Network","Year = 2013, 2013 | Site Name = St Paul (Como neighborhood)  | Individual ID = 41325"
"Acer saccharinum","Last_Yes_DOY Pollen release (flowers)","128","DOY",NA,"Phenology Network","Year = 2013, 2013 | Site Name = St Paul (Como neighborhood)  | Individual ID = 41325"
"Acer saccharinum","First_Yes_DOY Pollen release (flowers)","144","DOY",NA,"Phenology Network","Year = 2013, 2013 | Site Name = St Paul (Como neighborhood)  | Individual ID = 41325"
"Acer saccharinum","Last_Yes_DOY Pollen release (flowers)","144","DOY",NA,"Phenology Network","Year = 2013, 2013 | Site Name = St Paul (Como neighborhood)  | Individual ID = 41325"
"Acer saccharinum","First_Yes_DOY Flowers or flower buds","99","DOY",NA,"Phenology Network","Year = 2013, 2013 | Site Name = St Paul (Como neighborhood)  | Individual ID = 41326"
"Acer saccharinum","Last_Yes_DOY Flowers or flower buds","128","DOY",NA,"Phenology Network","Year = 2013, 2013 | Site Name = St Paul (Como neighborhood)  | Individual ID = 41326"
"Acer saccharinum","First_Yes_DOY Open flowers","99","DOY",NA,"Phenology Network","Year = 2013, 2013 | Site Name = St Paul (Como neighborhood)  | Individual ID = 41326"
"Acer saccharinum","Last_Yes_DOY Open flowers","128","DOY",NA,"Phenology Network","Year = 2013, 2013 | Site Name = St Paul (Como neighborhood)  | Individual ID = 41326"
"Acer saccharinum","First_Yes_DOY Pollen release (flowers)","144","DOY",NA,"Phenology Network","Year = 2013, 2013 | Site Name = St Paul (Como neighborhood)  | Individual ID = 41326"
"Acer saccharinum","Last_Yes_DOY Pollen release (flowers)","144","DOY",NA,"Phenology Network","Year = 2013, 2013 | Site Name = St Paul (Como neighborhood)  | Individual ID = 41326"
"Acer saccharinum","First_Yes_DOY Flowers or flower buds","99","DOY",NA,"Phenology Network","Year = 2013, 2013 | Site Name = St Paul (Como neighborhood)  | Individual ID = 41327"
"Acer saccharinum","Last_Yes_DOY Flowers or flower buds","128","DOY",NA,"Phenology Network","Year = 2013, 2013 | Site Name = St Paul (Como neighborhood)  | Individual ID = 41327"
"Acer saccharinum","First_Yes_DOY Open flowers","99","DOY",NA,"Phenology Network","Year = 2013, 2013 | Site Name = St Paul (Como neighborhood)  | Individual ID = 41327"
"Acer saccharinum","Last_Yes_DOY Open flowers","128","DOY",NA,"Phenology Network","Year = 2013, 2013 | Site Name = St Paul (Como neighborhood)  | Individual ID = 41327"
"Acer saccharinum","First_Yes_DOY Pollen release (flowers)","128","DOY",NA,"Phenology Network","Year = 2013, 2013 | Site Name = St Paul (Como neighborhood)  | Individual ID = 41327"
"Acer saccharinum","Last_Yes_DOY Pollen release (flowers)","138","DOY",NA,"Phenology Network","Year = 2013, 2013 | Site Name = St Paul (Como neighborhood)  | Individual ID = 41327"
"Acer saccharinum","First_Yes_DOY Flowers or flower buds","107","DOY",NA,"Phenology Network","Year = 2013, 2013 | Site Name = St Paul (Como neighborhood)  | Individual ID = 41328"
"Acer saccharinum","Last_Yes_DOY Flowers or flower buds","136","DOY",NA,"Phenology Network","Year = 2013, 2013 | Site Name = St Paul (Como neighborhood)  | Individual ID = 41328"
"Acer saccharinum","First_Yes_DOY Open flowers","107","DOY",NA,"Phenology Network","Year = 2013, 2013 | Site Name = St Paul (Como neighborhood)  | Individual ID = 41328"
"Acer saccharinum","Last_Yes_DOY Open flowers","136","DOY",NA,"Phenology Network","Year = 2013, 2013 | Site Name = St Paul (Como neighborhood)  | Individual ID = 41328"
"Acer saccharinum","First_Yes_DOY Pollen release (flowers)","126","DOY",NA,"Phenology Network","Year = 2013, 2013 | Site Name = St Paul (Como neighborhood)  | Individual ID = 41328"
"Acer saccharinum","Last_Yes_DOY Pollen release (flowers)","136","DOY",NA,"Phenology Network","Year = 2013, 2013 | Site Name = St Paul (Como neighborhood)  | Individual ID = 41328"
"Acer saccharinum","First_Yes_DOY Flowers or flower buds","116","DOY",NA,"Phenology Network","Year = 2013, 2013 | Site Name = St Paul (Como neighborhood)  | Individual ID = 41329"
"Acer saccharinum","Last_Yes_DOY Flowers or flower buds","138","DOY",NA,"Phenology Network","Year = 2013, 2013 | Site Name = St Paul (Como neighborhood)  | Individual ID = 41329"
"Acer saccharinum","First_Yes_DOY Open flowers","116","DOY",NA,"Phenology Network","Year = 2013, 2013 | Site Name = St Paul (Como neighborhood)  | Individual ID = 41329"
"Acer saccharinum","Last_Yes_DOY Open flowers","138","DOY",NA,"Phenology Network","Year = 2013, 2013 | Site Name = St Paul (Como neighborhood)  | Individual ID = 41329"
"Acer saccharinum","First_Yes_DOY Pollen release (flowers)","116","DOY",NA,"Phenology Network","Year = 2013, 2013 | Site Name = St Paul (Como neighborhood)  | Individual ID = 41329"
"Acer saccharinum","Last_Yes_DOY Pollen release (flowers)","125","DOY",NA,"Phenology Network","Year = 2013, 2013 | Site Name = St Paul (Como neighborhood)  | Individual ID = 41329"
"Quercus palustris","First_Yes_DOY Flowers or flower buds","132","DOY",NA,"Phenology Network","Year = 2013, 2013 | Site Name = St Paul (Como neighborhood)  | Individual ID = 41330"
"Quercus palustris","Last_Yes_DOY Flowers or flower buds","161","DOY",NA,"Phenology Network","Year = 2013, 2013 | Site Name = St Paul (Como neighborhood)  | Individual ID = 41330"
"Quercus palustris","First_Yes_DOY Open flowers","137","DOY",NA,"Phenology Network","Year = 2013, 2013 | Site Name = St Paul (Como neighborhood)  | Individual ID = 41330"
"Quercus palustris","Last_Yes_DOY Open flowers","161","DOY",NA,"Phenology Network","Year = 2013, 2013 | Site Name = St Paul (Como neighborhood)  | Individual ID = 41330"
"Quercus palustris","First_Yes_DOY Flowers or flower buds","114","DOY",NA,"Phenology Network","Year = 2013, 2013 | Site Name = St Paul (Como neighborhood)  | Individual ID = 41333"
"Quercus palustris","Last_Yes_DOY Flowers or flower buds","139","DOY",NA,"Phenology Network","Year = 2013, 2013 | Site Name = St Paul (Como neighborhood)  | Individual ID = 41333"
"Quercus palustris","First_Yes_DOY Open flowers","131","DOY",NA,"Phenology Network","Year = 2013, 2013 | Site Name = St Paul (Como neighborhood)  | Individual ID = 41333"
"Quercus palustris","Last_Yes_DOY Open flowers","139","DOY",NA,"Phenology Network","Year = 2013, 2013 | Site Name = St Paul (Como neighborhood)  | Individual ID = 41333"
"Quercus palustris","First_Yes_DOY Pollen release (flowers)","136","DOY",NA,"Phenology Network","Year = 2013, 2013 | Site Name = St Paul (Como neighborhood)  | Individual ID = 41333"
"Quercus palustris","Last_Yes_DOY Pollen release (flowers)","139","DOY",NA,"Phenology Network","Year = 2013, 2013 | Site Name = St Paul (Como neighborhood)  | Individual ID = 41333"
"Ulmus americana","First_Yes_DOY Flowers or flower buds","118","DOY",NA,"Phenology Network","Year = 2013, 2013 | Site Name = St Paul (Como neighborhood)  | Individual ID = 41335"
"Ulmus americana","Last_Yes_DOY Flowers or flower buds","129","DOY",NA,"Phenology Network","Year = 2013, 2013 | Site Name = St Paul (Como neighborhood)  | Individual ID = 41335"
"Ulmus americana","First_Yes_DOY Open flowers","118","DOY",NA,"Phenology Network","Year = 2013, 2013 | Site Name = St Paul (Como neighborhood)  | Individual ID = 41335"
"Ulmus americana","Last_Yes_DOY Open flowers","129","DOY",NA,"Phenology Network","Year = 2013, 2013 | Site Name = St Paul (Como neighborhood)  | Individual ID = 41335"
"Ulmus americana","First_Yes_DOY Flowers or flower buds","107","DOY",NA,"Phenology Network","Year = 2013, 2013 | Site Name = St Paul (Como neighborhood)  | Individual ID = 41336"
"Ulmus americana","Last_Yes_DOY Flowers or flower buds","136","DOY",NA,"Phenology Network","Year = 2013, 2013 | Site Name = St Paul (Como neighborhood)  | Individual ID = 41336"
"Ulmus americana","First_Yes_DOY Open flowers","119","DOY",NA,"Phenology Network","Year = 2013, 2013 | Site Name = St Paul (Como neighborhood)  | Individual ID = 41336"
"Ulmus americana","Last_Yes_DOY Open flowers","136","DOY",NA,"Phenology Network","Year = 2013, 2013 | Site Name = St Paul (Como neighborhood)  | Individual ID = 41336"
"Ulmus americana","First_Yes_DOY Pollen release (flowers)","126","DOY",NA,"Phenology Network","Year = 2013, 2013 | Site Name = St Paul (Como neighborhood)  | Individual ID = 41336"
"Ulmus americana","Last_Yes_DOY Pollen release (flowers)","136","DOY",NA,"Phenology Network","Year = 2013, 2013 | Site Name = St Paul (Como neighborhood)  | Individual ID = 41336"
"Ulmus americana","First_Yes_DOY Flowers or flower buds","116","DOY",NA,"Phenology Network","Year = 2013, 2013 | Site Name = St Paul (Como neighborhood)  | Individual ID = 41337"
"Ulmus americana","Last_Yes_DOY Flowers or flower buds","125","DOY",NA,"Phenology Network","Year = 2013, 2013 | Site Name = St Paul (Como neighborhood)  | Individual ID = 41337"
"Ulmus americana","First_Yes_DOY Open flowers","125","DOY",NA,"Phenology Network","Year = 2013, 2013 | Site Name = St Paul (Como neighborhood)  | Individual ID = 41337"
"Ulmus americana","Last_Yes_DOY Open flowers","125","DOY",NA,"Phenology Network","Year = 2013, 2013 | Site Name = St Paul (Como neighborhood)  | Individual ID = 41337"
"Ulmus americana","First_Yes_DOY Pollen release (flowers)","125","DOY",NA,"Phenology Network","Year = 2013, 2013 | Site Name = St Paul (Como neighborhood)  | Individual ID = 41337"
"Ulmus americana","Last_Yes_DOY Pollen release (flowers)","125","DOY",NA,"Phenology Network","Year = 2013, 2013 | Site Name = St Paul (Como neighborhood)  | Individual ID = 41337"
"Ulmus americana","First_Yes_DOY Flowers or flower buds","119","DOY",NA,"Phenology Network","Year = 2013, 2013 | Site Name = St Paul (Como neighborhood)  | Individual ID = 41338"
"Ulmus americana","Last_Yes_DOY Flowers or flower buds","127","DOY",NA,"Phenology Network","Year = 2013, 2013 | Site Name = St Paul (Como neighborhood)  | Individual ID = 41338"
"Ulmus americana","First_Yes_DOY Open flowers","119","DOY",NA,"Phenology Network","Year = 2013, 2013 | Site Name = St Paul (Como neighborhood)  | Individual ID = 41338"
"Ulmus americana","Last_Yes_DOY Open flowers","127","DOY",NA,"Phenology Network","Year = 2013, 2013 | Site Name = St Paul (Como neighborhood)  | Individual ID = 41338"
"Ulmus americana","First_Yes_DOY Pollen release (flowers)","119","DOY",NA,"Phenology Network","Year = 2013, 2013 | Site Name = St Paul (Como neighborhood)  | Individual ID = 41338"
"Ulmus americana","Last_Yes_DOY Pollen release (flowers)","127","DOY",NA,"Phenology Network","Year = 2013, 2013 | Site Name = St Paul (Como neighborhood)  | Individual ID = 41338"
"Acer rubrum","First_Yes_DOY Flowers or flower buds","100","DOY",NA,"Phenology Network","Year = 2013, 2013 | Site Name = Michigan house | Individual ID = 41859"
"Acer rubrum","Last_Yes_DOY Flowers or flower buds","116","DOY",NA,"Phenology Network","Year = 2013, 2013 | Site Name = Michigan house | Individual ID = 41859"
"Acer rubrum","First_Yes_DOY Open flowers","100","DOY",NA,"Phenology Network","Year = 2013, 2013 | Site Name = Michigan house | Individual ID = 41859"
"Acer rubrum","Last_Yes_DOY Open flowers","116","DOY",NA,"Phenology Network","Year = 2013, 2013 | Site Name = Michigan house | Individual ID = 41859"
"Acer rubrum","First_Yes_DOY Pollen release (flowers)","112","DOY",NA,"Phenology Network","Year = 2013, 2013 | Site Name = Michigan house | Individual ID = 41859"
"Acer rubrum","Last_Yes_DOY Pollen release (flowers)","116","DOY",NA,"Phenology Network","Year = 2013, 2013 | Site Name = Michigan house | Individual ID = 41859"
"Acer rubrum","First_Yes_DOY Flowers or flower buds","100","DOY",NA,"Phenology Network","Year = 2013, 2013 | Site Name = Michigan house | Individual ID = 41860"
"Acer rubrum","Last_Yes_DOY Flowers or flower buds","116","DOY",NA,"Phenology Network","Year = 2013, 2013 | Site Name = Michigan house | Individual ID = 41860"
"Acer rubrum","First_Yes_DOY Open flowers","116","DOY",NA,"Phenology Network","Year = 2013, 2013 | Site Name = Michigan house | Individual ID = 41860"
"Acer rubrum","Last_Yes_DOY Open flowers","116","DOY",NA,"Phenology Network","Year = 2013, 2013 | Site Name = Michigan house | Individual ID = 41860"
"Acer rubrum","First_Yes_DOY Pollen release (flowers)","116","DOY",NA,"Phenology Network","Year = 2013, 2013 | Site Name = Michigan house | Individual ID = 41860"
"Acer rubrum","Last_Yes_DOY Pollen release (flowers)","116","DOY",NA,"Phenology Network","Year = 2013, 2013 | Site Name = Michigan house | Individual ID = 41860"
"Fraxinus pennsylvanica","First_Yes_DOY Flowers or flower buds","107","DOY",NA,"Phenology Network","Year = 2013, 2013 | Site Name = St Paul (Como neighborhood)  | Individual ID = 42002"
"Fraxinus pennsylvanica","Last_Yes_DOY Flowers or flower buds","136","DOY",NA,"Phenology Network","Year = 2013, 2013 | Site Name = St Paul (Como neighborhood)  | Individual ID = 42002"
"Fraxinus pennsylvanica","First_Yes_DOY Open flowers","131","DOY",NA,"Phenology Network","Year = 2013, 2013 | Site Name = St Paul (Como neighborhood)  | Individual ID = 42002"
"Fraxinus pennsylvanica","Last_Yes_DOY Open flowers","136","DOY",NA,"Phenology Network","Year = 2013, 2013 | Site Name = St Paul (Como neighborhood)  | Individual ID = 42002"
"Fraxinus pennsylvanica","First_Yes_DOY Pollen release (flowers)","131","DOY",NA,"Phenology Network","Year = 2013, 2013 | Site Name = St Paul (Como neighborhood)  | Individual ID = 42002"
"Fraxinus pennsylvanica","Last_Yes_DOY Pollen release (flowers)","136","DOY",NA,"Phenology Network","Year = 2013, 2013 | Site Name = St Paul (Como neighborhood)  | Individual ID = 42002"
"Acer saccharinum","First_Yes_DOY Flowers or flower buds","114","DOY",NA,"Phenology Network","Year = 2013, 2013 | Site Name = home backyard | Individual ID = 42939"
"Acer saccharinum","Last_Yes_DOY Flowers or flower buds","128","DOY",NA,"Phenology Network","Year = 2013, 2013 | Site Name = home backyard | Individual ID = 42939"
"Acer saccharinum","First_Yes_DOY Open flowers","117","DOY",NA,"Phenology Network","Year = 2013, 2013 | Site Name = home backyard | Individual ID = 42939"
"Acer saccharinum","Last_Yes_DOY Open flowers","128","DOY",NA,"Phenology Network","Year = 2013, 2013 | Site Name = home backyard | Individual ID = 42939"
"Acer saccharinum","First_Yes_DOY Pollen release (flowers)","125","DOY",NA,"Phenology Network","Year = 2013, 2013 | Site Name = home backyard | Individual ID = 42939"
"Acer saccharinum","Last_Yes_DOY Pollen release (flowers)","128","DOY",NA,"Phenology Network","Year = 2013, 2013 | Site Name = home backyard | Individual ID = 42939"
"Populus tremuloides","First_Yes_DOY Flowers or flower buds","119","DOY",NA,"Phenology Network","Year = 2013, 2013 | Site Name = Voyageurs National Park HQ | Individual ID = 43065"
"Populus tremuloides","Last_Yes_DOY Flowers or flower buds","119","DOY",NA,"Phenology Network","Year = 2013, 2013 | Site Name = Voyageurs National Park HQ | Individual ID = 43065"
"Acer saccharinum","First_Yes_DOY Flowers or flower buds","118","DOY",NA,"Phenology Network","Year = 2013, 2013 | Site Name = home | Individual ID = 43099"
"Acer saccharinum","Last_Yes_DOY Flowers or flower buds","133","DOY",NA,"Phenology Network","Year = 2013, 2013 | Site Name = home | Individual ID = 43099"
"Acer saccharinum","First_Yes_DOY Open flowers","118","DOY",NA,"Phenology Network","Year = 2013, 2013 | Site Name = home | Individual ID = 43099"
"Acer saccharinum","Last_Yes_DOY Open flowers","133","DOY",NA,"Phenology Network","Year = 2013, 2013 | Site Name = home | Individual ID = 43099"
"Acer saccharinum","First_Yes_DOY Pollen release (flowers)","118","DOY",NA,"Phenology Network","Year = 2013, 2013 | Site Name = home | Individual ID = 43099"
"Acer saccharinum","Last_Yes_DOY Pollen release (flowers)","118","DOY",NA,"Phenology Network","Year = 2013, 2013 | Site Name = home | Individual ID = 43099"
"Acer saccharinum","First_Yes_DOY Pollen release (flowers)","133","DOY",NA,"Phenology Network","Year = 2013, 2013 | Site Name = home | Individual ID = 43099"
"Acer saccharinum","Last_Yes_DOY Pollen release (flowers)","133","DOY",NA,"Phenology Network","Year = 2013, 2013 | Site Name = home | Individual ID = 43099"
"Populus tremuloides","First_Yes_DOY Flowers or flower buds","127","DOY",NA,"Phenology Network","Year = 2013, 2013 | Site Name = 43.104829 longitude, 90.042336 latitude, 1023 elevation | Individual ID = 43373"
"Populus tremuloides","Last_Yes_DOY Flowers or flower buds","127","DOY",NA,"Phenology Network","Year = 2013, 2013 | Site Name = 43.104829 longitude, 90.042336 latitude, 1023 elevation | Individual ID = 43373"
"Populus tremuloides","First_Yes_DOY Open flowers","127","DOY",NA,"Phenology Network","Year = 2013, 2013 | Site Name = 43.104829 longitude, 90.042336 latitude, 1023 elevation | Individual ID = 43373"
"Populus tremuloides","Last_Yes_DOY Open flowers","127","DOY",NA,"Phenology Network","Year = 2013, 2013 | Site Name = 43.104829 longitude, 90.042336 latitude, 1023 elevation | Individual ID = 43373"
"Populus tremuloides","First_Yes_DOY Pollen release (flowers)","127","DOY",NA,"Phenology Network","Year = 2013, 2013 | Site Name = 43.104829 longitude, 90.042336 latitude, 1023 elevation | Individual ID = 43373"
"Populus tremuloides","Last_Yes_DOY Pollen release (flowers)","127","DOY",NA,"Phenology Network","Year = 2013, 2013 | Site Name = 43.104829 longitude, 90.042336 latitude, 1023 elevation | Individual ID = 43373"
"Acer negundo","First_Yes_DOY Flowers or flower buds","127","DOY",NA,"Phenology Network","Year = 2013, 2013 | Site Name = 43.104829 longitude, 90.042336 latitude, 1023 elevation | Individual ID = 43375"
"Acer negundo","Last_Yes_DOY Flowers or flower buds","127","DOY",NA,"Phenology Network","Year = 2013, 2013 | Site Name = 43.104829 longitude, 90.042336 latitude, 1023 elevation | Individual ID = 43375"
"Quercus rubra","First_Yes_DOY Flowers or flower buds","125","DOY",NA,"Phenology Network","Year = 2013, 2013 | Site Name = backyard | Individual ID = 43413"
"Quercus rubra","Last_Yes_DOY Flowers or flower buds","139","DOY",NA,"Phenology Network","Year = 2013, 2013 | Site Name = backyard | Individual ID = 43413"
"Acer saccharinum","First_Yes_DOY Flowers or flower buds","127","DOY",NA,"Phenology Network","Year = 2013, 2013 | Site Name = Garlough Environmental Magnet School | Individual ID = 44377"
"Acer saccharinum","Last_Yes_DOY Flowers or flower buds","127","DOY",NA,"Phenology Network","Year = 2013, 2013 | Site Name = Garlough Environmental Magnet School | Individual ID = 44377"
"Acer saccharinum","First_Yes_DOY Open flowers","127","DOY",NA,"Phenology Network","Year = 2013, 2013 | Site Name = Garlough Environmental Magnet School | Individual ID = 44377"
"Acer saccharinum","Last_Yes_DOY Open flowers","127","DOY",NA,"Phenology Network","Year = 2013, 2013 | Site Name = Garlough Environmental Magnet School | Individual ID = 44377"
"Acer saccharinum","First_Yes_DOY Pollen release (flowers)","127","DOY",NA,"Phenology Network","Year = 2013, 2013 | Site Name = Garlough Environmental Magnet School | Individual ID = 44377"
"Acer saccharinum","Last_Yes_DOY Pollen release (flowers)","127","DOY",NA,"Phenology Network","Year = 2013, 2013 | Site Name = Garlough Environmental Magnet School | Individual ID = 44377"
"Fraxinus pennsylvanica","First_Yes_DOY Flowers or flower buds","121","DOY",NA,"Phenology Network","Year = 2013, 2013 | Site Name = Yard | Individual ID = 45068"
"Fraxinus pennsylvanica","Last_Yes_DOY Flowers or flower buds","129","DOY",NA,"Phenology Network","Year = 2013, 2013 | Site Name = Yard | Individual ID = 45068"
"Fraxinus pennsylvanica","First_Yes_DOY Open flowers","121","DOY",NA,"Phenology Network","Year = 2013, 2013 | Site Name = Yard | Individual ID = 45068"
"Fraxinus pennsylvanica","Last_Yes_DOY Open flowers","129","DOY",NA,"Phenology Network","Year = 2013, 2013 | Site Name = Yard | Individual ID = 45068"
"Fraxinus pennsylvanica","First_Yes_DOY Pollen release (flowers)","129","DOY",NA,"Phenology Network","Year = 2013, 2013 | Site Name = Yard | Individual ID = 45068"
"Fraxinus pennsylvanica","Last_Yes_DOY Pollen release (flowers)","129","DOY",NA,"Phenology Network","Year = 2013, 2013 | Site Name = Yard | Individual ID = 45068"
"Acer negundo","First_Yes_DOY Flowers or flower buds","127","DOY",NA,"Phenology Network","Year = 2013, 2013 | Site Name = Norway Valley | Individual ID = 45107"
"Acer negundo","Last_Yes_DOY Flowers or flower buds","127","DOY",NA,"Phenology Network","Year = 2013, 2013 | Site Name = Norway Valley | Individual ID = 45107"
"Acer negundo","First_Yes_DOY Open flowers","127","DOY",NA,"Phenology Network","Year = 2013, 2013 | Site Name = Norway Valley | Individual ID = 45107"
"Acer negundo","Last_Yes_DOY Open flowers","127","DOY",NA,"Phenology Network","Year = 2013, 2013 | Site Name = Norway Valley | Individual ID = 45107"
"Acer negundo","First_Yes_DOY Flowers or flower buds","127","DOY",NA,"Phenology Network","Year = 2013, 2013 | Site Name = Norway Valley | Individual ID = 45108"
"Acer negundo","Last_Yes_DOY Flowers or flower buds","127","DOY",NA,"Phenology Network","Year = 2013, 2013 | Site Name = Norway Valley | Individual ID = 45108"
"Acer negundo","First_Yes_DOY Open flowers","127","DOY",NA,"Phenology Network","Year = 2013, 2013 | Site Name = Norway Valley | Individual ID = 45108"
"Acer negundo","Last_Yes_DOY Open flowers","127","DOY",NA,"Phenology Network","Year = 2013, 2013 | Site Name = Norway Valley | Individual ID = 45108"
"Acer negundo","First_Yes_DOY Flowers or flower buds","127","DOY",NA,"Phenology Network","Year = 2013, 2013 | Site Name = Norway Valley | Individual ID = 45109"
"Acer negundo","Last_Yes_DOY Flowers or flower buds","127","DOY",NA,"Phenology Network","Year = 2013, 2013 | Site Name = Norway Valley | Individual ID = 45109"
"Tilia americana","First_Yes_DOY Flowers or flower buds","170","DOY",NA,"Phenology Network","Year = 2013, 2013 | Site Name = School | Individual ID = 46667"
"Tilia americana","Last_Yes_DOY Flowers or flower buds","185","DOY",NA,"Phenology Network","Year = 2013, 2013 | Site Name = School | Individual ID = 46667"
"Tilia americana","First_Yes_DOY Open flowers","185","DOY",NA,"Phenology Network","Year = 2013, 2013 | Site Name = School | Individual ID = 46667"
"Tilia americana","Last_Yes_DOY Open flowers","185","DOY",NA,"Phenology Network","Year = 2013, 2013 | Site Name = School | Individual ID = 46667"
"Fraxinus pennsylvanica","First_Yes_DOY Flowers or flower buds","261","DOY",NA,"Phenology Network","Year = 2013, 2013 | Site Name = trinity christian college | Individual ID = 49802"
"Fraxinus pennsylvanica","Last_Yes_DOY Flowers or flower buds","261","DOY",NA,"Phenology Network","Year = 2013, 2013 | Site Name = trinity christian college | Individual ID = 49802"
"Fraxinus pennsylvanica","First_Yes_DOY Open flowers","261","DOY",NA,"Phenology Network","Year = 2013, 2013 | Site Name = trinity christian college | Individual ID = 49802"
"Fraxinus pennsylvanica","Last_Yes_DOY Open flowers","261","DOY",NA,"Phenology Network","Year = 2013, 2013 | Site Name = trinity christian college | Individual ID = 49802"
"Populus tremuloides","First_Yes_DOY Open flowers","129","DOY",NA,"Phenology Network","Year = 2013, 2013 | Site Name = Homestead | Individual ID = 51364"
"Populus tremuloides","Last_Yes_DOY Open flowers","129","DOY",NA,"Phenology Network","Year = 2013, 2013 | Site Name = Homestead | Individual ID = 51364"
"Quercus palustris","First_Yes_DOY Flowers or flower buds","289","DOY",NA,"Phenology Network","Year = 2013, 2013 | Site Name = Wood Lake Nature Center | Individual ID = 52987"
"Quercus palustris","Last_Yes_DOY Flowers or flower buds","289","DOY",NA,"Phenology Network","Year = 2013, 2013 | Site Name = Wood Lake Nature Center | Individual ID = 52987"
"Acer negundo","First_Yes_DOY Flowers or flower buds","321","DOY",NA,"Phenology Network","Year = 2013, 2013 | Site Name = Diamond Point Park | Individual ID = 56411"
"Acer negundo","Last_Yes_DOY Flowers or flower buds","321","DOY",NA,"Phenology Network","Year = 2013, 2013 | Site Name = Diamond Point Park | Individual ID = 56411"
"Acer negundo","First_Yes_DOY Flowers or flower buds","321","DOY",NA,"Phenology Network","Year = 2013, 2013 | Site Name = Diamond Point | Individual ID = 56416"
"Acer negundo","Last_Yes_DOY Flowers or flower buds","321","DOY",NA,"Phenology Network","Year = 2013, 2013 | Site Name = Diamond Point | Individual ID = 56416"
"Acer negundo","First_Yes_DOY Flowers or flower buds","248","DOY",NA,"Phenology Network","Year = 2013, 2013 | Site Name = Trinity Christian College | Individual ID = 60638"
"Acer negundo","Last_Yes_DOY Flowers or flower buds","248","DOY",NA,"Phenology Network","Year = 2013, 2013 | Site Name = Trinity Christian College | Individual ID = 60638"
"Acer rubrum","First_Yes_DOY Flowers or flower buds","101","DOY",NA,"Phenology Network","Year = 2014, 2014 | Site Name = PPN_9200010 | Individual ID = 1977"
"Acer rubrum","Last_Yes_DOY Flowers or flower buds","120","DOY",NA,"Phenology Network","Year = 2014, 2014 | Site Name = PPN_9200010 | Individual ID = 1977"
"Acer rubrum","First_Yes_DOY Open flowers","102","DOY",NA,"Phenology Network","Year = 2014, 2014 | Site Name = PPN_9200010 | Individual ID = 1977"
"Acer rubrum","Last_Yes_DOY Open flowers","120","DOY",NA,"Phenology Network","Year = 2014, 2014 | Site Name = PPN_9200010 | Individual ID = 1977"
"Acer rubrum","First_Yes_DOY Flowers or flower buds","81","DOY",NA,"Phenology Network","Year = 2014, 2014 | Site Name = backyard | Individual ID = 2321"
"Acer rubrum","Last_Yes_DOY Flowers or flower buds","111","DOY",NA,"Phenology Network","Year = 2014, 2014 | Site Name = backyard | Individual ID = 2321"
"Acer rubrum","First_Yes_DOY Open flowers","111","DOY",NA,"Phenology Network","Year = 2014, 2014 | Site Name = backyard | Individual ID = 2321"
"Acer rubrum","Last_Yes_DOY Open flowers","111","DOY",NA,"Phenology Network","Year = 2014, 2014 | Site Name = backyard | Individual ID = 2321"
"Acer rubrum","First_Yes_DOY Flowers or flower buds","102","DOY",NA,"Phenology Network","Year = 2014, 2014 | Site Name = backyard | Individual ID = 2448"
"Acer rubrum","Last_Yes_DOY Flowers or flower buds","112","DOY",NA,"Phenology Network","Year = 2014, 2014 | Site Name = backyard | Individual ID = 2448"
"Acer rubrum","First_Yes_DOY Flowers or flower buds","359","DOY",NA,"Phenology Network","Year = 2014, 2015 | Site Name = backyard | Individual ID = 2448"
"Acer rubrum","Last_Yes_DOY Flowers or flower buds","52","DOY",NA,"Phenology Network","Year = 2014, 2015 | Site Name = backyard | Individual ID = 2448"
"Acer rubrum","First_Yes_DOY Open flowers","102","DOY",NA,"Phenology Network","Year = 2014, 2014 | Site Name = backyard | Individual ID = 2448"
"Acer rubrum","Last_Yes_DOY Open flowers","112","DOY",NA,"Phenology Network","Year = 2014, 2014 | Site Name = backyard | Individual ID = 2448"
"Acer rubrum","First_Yes_DOY Flowers or flower buds","121","DOY",NA,"Phenology Network","Year = 2014, 2014 | Site Name = Cedar Bog Lake Highland 2 | Individual ID = 3187"
"Acer rubrum","Last_Yes_DOY Flowers or flower buds","127","DOY",NA,"Phenology Network","Year = 2014, 2014 | Site Name = Cedar Bog Lake Highland 2 | Individual ID = 3187"
"Acer rubrum","First_Yes_DOY Open flowers","121","DOY",NA,"Phenology Network","Year = 2014, 2014 | Site Name = Cedar Bog Lake Highland 2 | Individual ID = 3187"
"Acer rubrum","Last_Yes_DOY Open flowers","127","DOY",NA,"Phenology Network","Year = 2014, 2014 | Site Name = Cedar Bog Lake Highland 2 | Individual ID = 3187"
"Acer rubrum","First_Yes_DOY Pollen release (flowers)","121","DOY",NA,"Phenology Network","Year = 2014, 2014 | Site Name = Cedar Bog Lake Highland 2 | Individual ID = 3187"
"Acer rubrum","Last_Yes_DOY Pollen release (flowers)","121","DOY",NA,"Phenology Network","Year = 2014, 2014 | Site Name = Cedar Bog Lake Highland 2 | Individual ID = 3187"
"Acer rubrum","First_Yes_DOY Flowers or flower buds","121","DOY",NA,"Phenology Network","Year = 2014, 2014 | Site Name = Cedar Bog Lake Highland 2 | Individual ID = 3188"
"Acer rubrum","Last_Yes_DOY Flowers or flower buds","127","DOY",NA,"Phenology Network","Year = 2014, 2014 | Site Name = Cedar Bog Lake Highland 2 | Individual ID = 3188"
"Acer rubrum","First_Yes_DOY Open flowers","121","DOY",NA,"Phenology Network","Year = 2014, 2014 | Site Name = Cedar Bog Lake Highland 2 | Individual ID = 3188"
"Acer rubrum","Last_Yes_DOY Open flowers","127","DOY",NA,"Phenology Network","Year = 2014, 2014 | Site Name = Cedar Bog Lake Highland 2 | Individual ID = 3188"
"Acer rubrum","First_Yes_DOY Pollen release (flowers)","121","DOY",NA,"Phenology Network","Year = 2014, 2014 | Site Name = Cedar Bog Lake Highland 2 | Individual ID = 3188"
"Acer rubrum","Last_Yes_DOY Pollen release (flowers)","121","DOY",NA,"Phenology Network","Year = 2014, 2014 | Site Name = Cedar Bog Lake Highland 2 | Individual ID = 3188"
"Acer negundo","First_Yes_DOY Flowers or flower buds","121","DOY",NA,"Phenology Network","Year = 2014, 2014 | Site Name = Beckman Lake Highland (Cedar Creek LTER) | Individual ID = 3192"
"Acer negundo","Last_Yes_DOY Flowers or flower buds","127","DOY",NA,"Phenology Network","Year = 2014, 2014 | Site Name = Beckman Lake Highland (Cedar Creek LTER) | Individual ID = 3192"
"Acer negundo","First_Yes_DOY Open flowers","127","DOY",NA,"Phenology Network","Year = 2014, 2014 | Site Name = Beckman Lake Highland (Cedar Creek LTER) | Individual ID = 3192"
"Acer negundo","Last_Yes_DOY Open flowers","127","DOY",NA,"Phenology Network","Year = 2014, 2014 | Site Name = Beckman Lake Highland (Cedar Creek LTER) | Individual ID = 3192"
"Acer negundo","First_Yes_DOY Pollen release (flowers)","127","DOY",NA,"Phenology Network","Year = 2014, 2014 | Site Name = Beckman Lake Highland (Cedar Creek LTER) | Individual ID = 3192"
"Acer negundo","Last_Yes_DOY Pollen release (flowers)","127","DOY",NA,"Phenology Network","Year = 2014, 2014 | Site Name = Beckman Lake Highland (Cedar Creek LTER) | Individual ID = 3192"
"Acer negundo","First_Yes_DOY Flowers or flower buds","142","DOY",NA,"Phenology Network","Year = 2014, 2014 | Site Name = Beckman Lake Highland (Cedar Creek LTER) | Individual ID = 3193"
"Acer negundo","Last_Yes_DOY Flowers or flower buds","142","DOY",NA,"Phenology Network","Year = 2014, 2014 | Site Name = Beckman Lake Highland (Cedar Creek LTER) | Individual ID = 3193"
"Acer negundo","First_Yes_DOY Open flowers","142","DOY",NA,"Phenology Network","Year = 2014, 2014 | Site Name = Beckman Lake Highland (Cedar Creek LTER) | Individual ID = 3193"
"Acer negundo","Last_Yes_DOY Open flowers","142","DOY",NA,"Phenology Network","Year = 2014, 2014 | Site Name = Beckman Lake Highland (Cedar Creek LTER) | Individual ID = 3193"
"Populus tremuloides","First_Yes_DOY Flowers or flower buds","121","DOY",NA,"Phenology Network","Year = 2014, 2014 | Site Name = Cedar Bog Lake Highland 1 | Individual ID = 3204"
"Populus tremuloides","Last_Yes_DOY Flowers or flower buds","127","DOY",NA,"Phenology Network","Year = 2014, 2014 | Site Name = Cedar Bog Lake Highland 1 | Individual ID = 3204"
"Populus tremuloides","First_Yes_DOY Open flowers","121","DOY",NA,"Phenology Network","Year = 2014, 2014 | Site Name = Cedar Bog Lake Highland 1 | Individual ID = 3204"
"Populus tremuloides","Last_Yes_DOY Open flowers","127","DOY",NA,"Phenology Network","Year = 2014, 2014 | Site Name = Cedar Bog Lake Highland 1 | Individual ID = 3204"
"Populus tremuloides","First_Yes_DOY Flowers or flower buds","121","DOY",NA,"Phenology Network","Year = 2014, 2014 | Site Name = Cedar Bog Lake Highland 2 | Individual ID = 3206"
"Populus tremuloides","Last_Yes_DOY Flowers or flower buds","127","DOY",NA,"Phenology Network","Year = 2014, 2014 | Site Name = Cedar Bog Lake Highland 2 | Individual ID = 3206"
"Acer rubrum","First_Yes_DOY Flowers or flower buds","121","DOY",NA,"Phenology Network","Year = 2014, 2014 | Site Name = Beckman Lake Highland (Cedar Creek LTER) | Individual ID = 3813"
"Acer rubrum","Last_Yes_DOY Flowers or flower buds","127","DOY",NA,"Phenology Network","Year = 2014, 2014 | Site Name = Beckman Lake Highland (Cedar Creek LTER) | Individual ID = 3813"
"Acer rubrum","First_Yes_DOY Open flowers","121","DOY",NA,"Phenology Network","Year = 2014, 2014 | Site Name = Beckman Lake Highland (Cedar Creek LTER) | Individual ID = 3813"
"Acer rubrum","Last_Yes_DOY Open flowers","127","DOY",NA,"Phenology Network","Year = 2014, 2014 | Site Name = Beckman Lake Highland (Cedar Creek LTER) | Individual ID = 3813"
"Acer rubrum","First_Yes_DOY Pollen release (flowers)","121","DOY",NA,"Phenology Network","Year = 2014, 2014 | Site Name = Beckman Lake Highland (Cedar Creek LTER) | Individual ID = 3813"
"Acer rubrum","Last_Yes_DOY Pollen release (flowers)","127","DOY",NA,"Phenology Network","Year = 2014, 2014 | Site Name = Beckman Lake Highland (Cedar Creek LTER) | Individual ID = 3813"
"Acer rubrum","First_Yes_DOY Flowers or flower buds","108","DOY",NA,"Phenology Network","Year = 2014, 2014 | Site Name = Stony Lake Hills subdivision | Individual ID = 5016"
"Acer rubrum","Last_Yes_DOY Flowers or flower buds","108","DOY",NA,"Phenology Network","Year = 2014, 2014 | Site Name = Stony Lake Hills subdivision | Individual ID = 5016"
"Acer rubrum","First_Yes_DOY Flowers or flower buds","116","DOY",NA,"Phenology Network","Year = 2014, 2014 | Site Name = Stony Lake Hills subdivision | Individual ID = 5016"
"Acer rubrum","Last_Yes_DOY Flowers or flower buds","116","DOY",NA,"Phenology Network","Year = 2014, 2014 | Site Name = Stony Lake Hills subdivision | Individual ID = 5016"
"Acer rubrum","First_Yes_DOY Open flowers","108","DOY",NA,"Phenology Network","Year = 2014, 2014 | Site Name = Stony Lake Hills subdivision | Individual ID = 5016"
"Acer rubrum","Last_Yes_DOY Open flowers","108","DOY",NA,"Phenology Network","Year = 2014, 2014 | Site Name = Stony Lake Hills subdivision | Individual ID = 5016"
"Acer rubrum","First_Yes_DOY Open flowers","116","DOY",NA,"Phenology Network","Year = 2014, 2014 | Site Name = Stony Lake Hills subdivision | Individual ID = 5016"
"Acer rubrum","Last_Yes_DOY Open flowers","116","DOY",NA,"Phenology Network","Year = 2014, 2014 | Site Name = Stony Lake Hills subdivision | Individual ID = 5016"
"Acer rubrum","First_Yes_DOY Pollen release (flowers)","108","DOY",NA,"Phenology Network","Year = 2014, 2014 | Site Name = Stony Lake Hills subdivision | Individual ID = 5016"
"Acer rubrum","Last_Yes_DOY Pollen release (flowers)","108","DOY",NA,"Phenology Network","Year = 2014, 2014 | Site Name = Stony Lake Hills subdivision | Individual ID = 5016"
"Acer rubrum","First_Yes_DOY Pollen release (flowers)","116","DOY",NA,"Phenology Network","Year = 2014, 2014 | Site Name = Stony Lake Hills subdivision | Individual ID = 5016"
"Acer rubrum","Last_Yes_DOY Pollen release (flowers)","116","DOY",NA,"Phenology Network","Year = 2014, 2014 | Site Name = Stony Lake Hills subdivision | Individual ID = 5016"
"Acer rubrum","First_Yes_DOY Flowers or flower buds","133","DOY",NA,"Phenology Network","Year = 2014, 2014 | Site Name = MEF S2 | Individual ID = 5051"
"Acer rubrum","Last_Yes_DOY Flowers or flower buds","140","DOY",NA,"Phenology Network","Year = 2014, 2014 | Site Name = MEF S2 | Individual ID = 5051"
"Acer rubrum","First_Yes_DOY Open flowers","133","DOY",NA,"Phenology Network","Year = 2014, 2014 | Site Name = MEF S2 | Individual ID = 5051"
"Acer rubrum","Last_Yes_DOY Open flowers","140","DOY",NA,"Phenology Network","Year = 2014, 2014 | Site Name = MEF S2 | Individual ID = 5051"
"Acer rubrum","First_Yes_DOY Pollen release (flowers)","133","DOY",NA,"Phenology Network","Year = 2014, 2014 | Site Name = MEF S2 | Individual ID = 5051"
"Acer rubrum","Last_Yes_DOY Pollen release (flowers)","133","DOY",NA,"Phenology Network","Year = 2014, 2014 | Site Name = MEF S2 | Individual ID = 5051"
"Populus tremuloides","First_Yes_DOY Flowers or flower buds","95","DOY",NA,"Phenology Network","Year = 2014, 2014 | Site Name = Home | Individual ID = 5082"
"Populus tremuloides","Last_Yes_DOY Flowers or flower buds","100","DOY",NA,"Phenology Network","Year = 2014, 2014 | Site Name = Home | Individual ID = 5082"
"Quercus alba","First_Yes_DOY Flowers or flower buds","142","DOY",NA,"Phenology Network","Year = 2014, 2014 | Site Name = Cedar Bog Lake Highland 1 | Individual ID = 5103"
"Quercus alba","Last_Yes_DOY Flowers or flower buds","142","DOY",NA,"Phenology Network","Year = 2014, 2014 | Site Name = Cedar Bog Lake Highland 1 | Individual ID = 5103"
"Quercus rubra","First_Yes_DOY Flowers or flower buds","133","DOY",NA,"Phenology Network","Year = 2014, 2014 | Site Name = Cedar Bog Lake Highland 1 | Individual ID = 5104"
"Quercus rubra","Last_Yes_DOY Flowers or flower buds","142","DOY",NA,"Phenology Network","Year = 2014, 2014 | Site Name = Cedar Bog Lake Highland 1 | Individual ID = 5104"
"Quercus rubra","First_Yes_DOY Open flowers","133","DOY",NA,"Phenology Network","Year = 2014, 2014 | Site Name = Cedar Bog Lake Highland 1 | Individual ID = 5104"
"Quercus rubra","Last_Yes_DOY Open flowers","142","DOY",NA,"Phenology Network","Year = 2014, 2014 | Site Name = Cedar Bog Lake Highland 1 | Individual ID = 5104"
"Quercus alba","First_Yes_DOY Flowers or flower buds","142","DOY",NA,"Phenology Network","Year = 2014, 2014 | Site Name = Cedar Bog Lake Highland 1 | Individual ID = 5105"
"Quercus alba","Last_Yes_DOY Flowers or flower buds","142","DOY",NA,"Phenology Network","Year = 2014, 2014 | Site Name = Cedar Bog Lake Highland 1 | Individual ID = 5105"
"Quercus alba","First_Yes_DOY Open flowers","142","DOY",NA,"Phenology Network","Year = 2014, 2014 | Site Name = Cedar Bog Lake Highland 1 | Individual ID = 5105"
"Quercus alba","Last_Yes_DOY Open flowers","142","DOY",NA,"Phenology Network","Year = 2014, 2014 | Site Name = Cedar Bog Lake Highland 1 | Individual ID = 5105"
"Quercus rubra","First_Yes_DOY Flowers or flower buds","133","DOY",NA,"Phenology Network","Year = 2014, 2014 | Site Name = Cedar Bog Lake Highland 2 | Individual ID = 5106"
"Quercus rubra","Last_Yes_DOY Flowers or flower buds","142","DOY",NA,"Phenology Network","Year = 2014, 2014 | Site Name = Cedar Bog Lake Highland 2 | Individual ID = 5106"
"Quercus rubra","First_Yes_DOY Open flowers","142","DOY",NA,"Phenology Network","Year = 2014, 2014 | Site Name = Cedar Bog Lake Highland 2 | Individual ID = 5106"
"Quercus rubra","Last_Yes_DOY Open flowers","142","DOY",NA,"Phenology Network","Year = 2014, 2014 | Site Name = Cedar Bog Lake Highland 2 | Individual ID = 5106"
"Quercus rubra","First_Yes_DOY Flowers or flower buds","133","DOY",NA,"Phenology Network","Year = 2014, 2014 | Site Name = Beckman Lake Highland (Cedar Creek LTER) | Individual ID = 5109"
"Quercus rubra","Last_Yes_DOY Flowers or flower buds","150","DOY",NA,"Phenology Network","Year = 2014, 2014 | Site Name = Beckman Lake Highland (Cedar Creek LTER) | Individual ID = 5109"
"Quercus rubra","First_Yes_DOY Open flowers","142","DOY",NA,"Phenology Network","Year = 2014, 2014 | Site Name = Beckman Lake Highland (Cedar Creek LTER) | Individual ID = 5109"
"Quercus rubra","Last_Yes_DOY Open flowers","150","DOY",NA,"Phenology Network","Year = 2014, 2014 | Site Name = Beckman Lake Highland (Cedar Creek LTER) | Individual ID = 5109"
"Quercus alba","First_Yes_DOY Flowers or flower buds","133","DOY",NA,"Phenology Network","Year = 2014, 2014 | Site Name = Beckman Lake Highland (Cedar Creek LTER) | Individual ID = 5110"
"Quercus alba","Last_Yes_DOY Flowers or flower buds","150","DOY",NA,"Phenology Network","Year = 2014, 2014 | Site Name = Beckman Lake Highland (Cedar Creek LTER) | Individual ID = 5110"
"Quercus alba","First_Yes_DOY Open flowers","142","DOY",NA,"Phenology Network","Year = 2014, 2014 | Site Name = Beckman Lake Highland (Cedar Creek LTER) | Individual ID = 5110"
"Quercus alba","Last_Yes_DOY Open flowers","150","DOY",NA,"Phenology Network","Year = 2014, 2014 | Site Name = Beckman Lake Highland (Cedar Creek LTER) | Individual ID = 5110"
"Acer rubrum","First_Yes_DOY Flowers or flower buds","133","DOY",NA,"Phenology Network","Year = 2014, 2014 | Site Name = MEF S2 | Individual ID = 5182"
"Acer rubrum","Last_Yes_DOY Flowers or flower buds","140","DOY",NA,"Phenology Network","Year = 2014, 2014 | Site Name = MEF S2 | Individual ID = 5182"
"Acer rubrum","First_Yes_DOY Open flowers","140","DOY",NA,"Phenology Network","Year = 2014, 2014 | Site Name = MEF S2 | Individual ID = 5182"
"Acer rubrum","Last_Yes_DOY Open flowers","140","DOY",NA,"Phenology Network","Year = 2014, 2014 | Site Name = MEF S2 | Individual ID = 5182"
"Acer rubrum","First_Yes_DOY Flowers or flower buds","133","DOY",NA,"Phenology Network","Year = 2014, 2014 | Site Name = MEF S2 | Individual ID = 5183"
"Acer rubrum","Last_Yes_DOY Flowers or flower buds","140","DOY",NA,"Phenology Network","Year = 2014, 2014 | Site Name = MEF S2 | Individual ID = 5183"
"Acer rubrum","First_Yes_DOY Open flowers","133","DOY",NA,"Phenology Network","Year = 2014, 2014 | Site Name = MEF S2 | Individual ID = 5183"
"Acer rubrum","Last_Yes_DOY Open flowers","140","DOY",NA,"Phenology Network","Year = 2014, 2014 | Site Name = MEF S2 | Individual ID = 5183"
"Acer rubrum","First_Yes_DOY Pollen release (flowers)","133","DOY",NA,"Phenology Network","Year = 2014, 2014 | Site Name = MEF S2 | Individual ID = 5183"
"Acer rubrum","Last_Yes_DOY Pollen release (flowers)","133","DOY",NA,"Phenology Network","Year = 2014, 2014 | Site Name = MEF S2 | Individual ID = 5183"
"Populus tremuloides","First_Yes_DOY Flowers or flower buds","126","DOY",NA,"Phenology Network","Year = 2014, 2014 | Site Name = MEF S2 | Individual ID = 5184"
"Populus tremuloides","Last_Yes_DOY Flowers or flower buds","140","DOY",NA,"Phenology Network","Year = 2014, 2014 | Site Name = MEF S2 | Individual ID = 5184"
"Populus tremuloides","First_Yes_DOY Open flowers","133","DOY",NA,"Phenology Network","Year = 2014, 2014 | Site Name = MEF S2 | Individual ID = 5184"
"Populus tremuloides","Last_Yes_DOY Open flowers","140","DOY",NA,"Phenology Network","Year = 2014, 2014 | Site Name = MEF S2 | Individual ID = 5184"
"Populus tremuloides","First_Yes_DOY Flowers or flower buds","126","DOY",NA,"Phenology Network","Year = 2014, 2014 | Site Name = MEF S2 | Individual ID = 5612"
"Populus tremuloides","Last_Yes_DOY Flowers or flower buds","140","DOY",NA,"Phenology Network","Year = 2014, 2014 | Site Name = MEF S2 | Individual ID = 5612"
"Populus tremuloides","First_Yes_DOY Open flowers","133","DOY",NA,"Phenology Network","Year = 2014, 2014 | Site Name = MEF S2 | Individual ID = 5612"
"Populus tremuloides","Last_Yes_DOY Open flowers","140","DOY",NA,"Phenology Network","Year = 2014, 2014 | Site Name = MEF S2 | Individual ID = 5612"
"Populus tremuloides","First_Yes_DOY Open flowers","108","DOY",NA,"Phenology Network","Year = 2014, 2014 | Site Name = Stony Lake Hills subdivision | Individual ID = 9629"
"Populus tremuloides","Last_Yes_DOY Open flowers","108","DOY",NA,"Phenology Network","Year = 2014, 2014 | Site Name = Stony Lake Hills subdivision | Individual ID = 9629"
"Populus tremuloides","First_Yes_DOY Pollen release (flowers)","108","DOY",NA,"Phenology Network","Year = 2014, 2014 | Site Name = Stony Lake Hills subdivision | Individual ID = 9629"
"Populus tremuloides","Last_Yes_DOY Pollen release (flowers)","108","DOY",NA,"Phenology Network","Year = 2014, 2014 | Site Name = Stony Lake Hills subdivision | Individual ID = 9629"
"Tilia americana","First_Yes_DOY Flowers or flower buds","192","DOY",NA,"Phenology Network","Year = 2014, 2014 | Site Name = Cedar Bog Lake Lowland 2 | Individual ID = 11002"
"Tilia americana","Last_Yes_DOY Flowers or flower buds","192","DOY",NA,"Phenology Network","Year = 2014, 2014 | Site Name = Cedar Bog Lake Lowland 2 | Individual ID = 11002"
"Acer negundo","First_Yes_DOY Flowers or flower buds","128","DOY",NA,"Phenology Network","Year = 2014, 2014 | Site Name = my yard | Individual ID = 25776"
"Acer negundo","Last_Yes_DOY Flowers or flower buds","131","DOY",NA,"Phenology Network","Year = 2014, 2014 | Site Name = my yard | Individual ID = 25776"
"Acer negundo","First_Yes_DOY Open flowers","131","DOY",NA,"Phenology Network","Year = 2014, 2014 | Site Name = my yard | Individual ID = 25776"
"Acer negundo","Last_Yes_DOY Open flowers","131","DOY",NA,"Phenology Network","Year = 2014, 2014 | Site Name = my yard | Individual ID = 25776"
"Tilia americana","First_Yes_DOY Flowers or flower buds","164","DOY",NA,"Phenology Network","Year = 2014, 2014 | Site Name = my yard | Individual ID = 25991"
"Tilia americana","Last_Yes_DOY Flowers or flower buds","168","DOY",NA,"Phenology Network","Year = 2014, 2014 | Site Name = my yard | Individual ID = 25991"
"Acer rubrum","First_Yes_DOY Flowers or flower buds","120","DOY",NA,"Phenology Network","Year = 2014, 2014 | Site Name = Project Tree watch 2 | Individual ID = 26859"
"Acer rubrum","Last_Yes_DOY Flowers or flower buds","128","DOY",NA,"Phenology Network","Year = 2014, 2014 | Site Name = Project Tree watch 2 | Individual ID = 26859"
"Acer rubrum","First_Yes_DOY Open flowers","120","DOY",NA,"Phenology Network","Year = 2014, 2014 | Site Name = Project Tree watch 2 | Individual ID = 26859"
"Acer rubrum","Last_Yes_DOY Open flowers","128","DOY",NA,"Phenology Network","Year = 2014, 2014 | Site Name = Project Tree watch 2 | Individual ID = 26859"
"Acer rubrum","First_Yes_DOY Flowers or flower buds","120","DOY",NA,"Phenology Network","Year = 2014, 2014 | Site Name = Project Tree watch 2 | Individual ID = 26860"
"Acer rubrum","Last_Yes_DOY Flowers or flower buds","128","DOY",NA,"Phenology Network","Year = 2014, 2014 | Site Name = Project Tree watch 2 | Individual ID = 26860"
"Acer rubrum","First_Yes_DOY Open flowers","120","DOY",NA,"Phenology Network","Year = 2014, 2014 | Site Name = Project Tree watch 2 | Individual ID = 26860"
"Acer rubrum","Last_Yes_DOY Open flowers","128","DOY",NA,"Phenology Network","Year = 2014, 2014 | Site Name = Project Tree watch 2 | Individual ID = 26860"
"Acer rubrum","First_Yes_DOY Flowers or flower buds","120","DOY",NA,"Phenology Network","Year = 2014, 2014 | Site Name = Project Tree watch 2 | Individual ID = 26861"
"Acer rubrum","Last_Yes_DOY Flowers or flower buds","128","DOY",NA,"Phenology Network","Year = 2014, 2014 | Site Name = Project Tree watch 2 | Individual ID = 26861"
"Acer rubrum","First_Yes_DOY Open flowers","120","DOY",NA,"Phenology Network","Year = 2014, 2014 | Site Name = Project Tree watch 2 | Individual ID = 26861"
"Acer rubrum","Last_Yes_DOY Open flowers","128","DOY",NA,"Phenology Network","Year = 2014, 2014 | Site Name = Project Tree watch 2 | Individual ID = 26861"
"Acer rubrum","First_Yes_DOY Flowers or flower buds","120","DOY",NA,"Phenology Network","Year = 2014, 2014 | Site Name = Project Tree watch 2 | Individual ID = 26862"
"Acer rubrum","Last_Yes_DOY Flowers or flower buds","128","DOY",NA,"Phenology Network","Year = 2014, 2014 | Site Name = Project Tree watch 2 | Individual ID = 26862"
"Acer rubrum","First_Yes_DOY Open flowers","120","DOY",NA,"Phenology Network","Year = 2014, 2014 | Site Name = Project Tree watch 2 | Individual ID = 26862"
"Acer rubrum","Last_Yes_DOY Open flowers","128","DOY",NA,"Phenology Network","Year = 2014, 2014 | Site Name = Project Tree watch 2 | Individual ID = 26862"
"Acer rubrum","First_Yes_DOY Flowers or flower buds","120","DOY",NA,"Phenology Network","Year = 2014, 2014 | Site Name = Project Tree watch 2 | Individual ID = 26863"
"Acer rubrum","Last_Yes_DOY Flowers or flower buds","128","DOY",NA,"Phenology Network","Year = 2014, 2014 | Site Name = Project Tree watch 2 | Individual ID = 26863"
"Acer rubrum","First_Yes_DOY Open flowers","120","DOY",NA,"Phenology Network","Year = 2014, 2014 | Site Name = Project Tree watch 2 | Individual ID = 26863"
"Acer rubrum","Last_Yes_DOY Open flowers","128","DOY",NA,"Phenology Network","Year = 2014, 2014 | Site Name = Project Tree watch 2 | Individual ID = 26863"
"Fraxinus pennsylvanica","First_Yes_DOY Flowers or flower buds","120","DOY",NA,"Phenology Network","Year = 2014, 2014 | Site Name = Project Tree watch 2 | Individual ID = 26864"
"Fraxinus pennsylvanica","Last_Yes_DOY Flowers or flower buds","128","DOY",NA,"Phenology Network","Year = 2014, 2014 | Site Name = Project Tree watch 2 | Individual ID = 26864"
"Fraxinus pennsylvanica","First_Yes_DOY Open flowers","120","DOY",NA,"Phenology Network","Year = 2014, 2014 | Site Name = Project Tree watch 2 | Individual ID = 26864"
"Fraxinus pennsylvanica","Last_Yes_DOY Open flowers","128","DOY",NA,"Phenology Network","Year = 2014, 2014 | Site Name = Project Tree watch 2 | Individual ID = 26864"
"Fraxinus pennsylvanica","First_Yes_DOY Flowers or flower buds","120","DOY",NA,"Phenology Network","Year = 2014, 2014 | Site Name = Project Tree watch 2 | Individual ID = 26865"
"Fraxinus pennsylvanica","Last_Yes_DOY Flowers or flower buds","128","DOY",NA,"Phenology Network","Year = 2014, 2014 | Site Name = Project Tree watch 2 | Individual ID = 26865"
"Fraxinus pennsylvanica","First_Yes_DOY Open flowers","120","DOY",NA,"Phenology Network","Year = 2014, 2014 | Site Name = Project Tree watch 2 | Individual ID = 26865"
"Fraxinus pennsylvanica","Last_Yes_DOY Open flowers","128","DOY",NA,"Phenology Network","Year = 2014, 2014 | Site Name = Project Tree watch 2 | Individual ID = 26865"
"Fraxinus pennsylvanica","First_Yes_DOY Flowers or flower buds","120","DOY",NA,"Phenology Network","Year = 2014, 2014 | Site Name = Project Tree watch 2 | Individual ID = 26866"
"Fraxinus pennsylvanica","Last_Yes_DOY Flowers or flower buds","128","DOY",NA,"Phenology Network","Year = 2014, 2014 | Site Name = Project Tree watch 2 | Individual ID = 26866"
"Fraxinus pennsylvanica","First_Yes_DOY Open flowers","120","DOY",NA,"Phenology Network","Year = 2014, 2014 | Site Name = Project Tree watch 2 | Individual ID = 26866"
"Fraxinus pennsylvanica","Last_Yes_DOY Open flowers","128","DOY",NA,"Phenology Network","Year = 2014, 2014 | Site Name = Project Tree watch 2 | Individual ID = 26866"
"Fraxinus pennsylvanica","First_Yes_DOY Flowers or flower buds","120","DOY",NA,"Phenology Network","Year = 2014, 2014 | Site Name = Project Tree watch 2 | Individual ID = 26867"
"Fraxinus pennsylvanica","Last_Yes_DOY Flowers or flower buds","128","DOY",NA,"Phenology Network","Year = 2014, 2014 | Site Name = Project Tree watch 2 | Individual ID = 26867"
"Fraxinus pennsylvanica","First_Yes_DOY Open flowers","120","DOY",NA,"Phenology Network","Year = 2014, 2014 | Site Name = Project Tree watch 2 | Individual ID = 26867"
"Fraxinus pennsylvanica","Last_Yes_DOY Open flowers","128","DOY",NA,"Phenology Network","Year = 2014, 2014 | Site Name = Project Tree watch 2 | Individual ID = 26867"
"Fraxinus pennsylvanica","First_Yes_DOY Flowers or flower buds","120","DOY",NA,"Phenology Network","Year = 2014, 2014 | Site Name = Project Tree watch 2 | Individual ID = 26868"
"Fraxinus pennsylvanica","Last_Yes_DOY Flowers or flower buds","128","DOY",NA,"Phenology Network","Year = 2014, 2014 | Site Name = Project Tree watch 2 | Individual ID = 26868"
"Fraxinus pennsylvanica","First_Yes_DOY Open flowers","120","DOY",NA,"Phenology Network","Year = 2014, 2014 | Site Name = Project Tree watch 2 | Individual ID = 26868"
"Fraxinus pennsylvanica","Last_Yes_DOY Open flowers","128","DOY",NA,"Phenology Network","Year = 2014, 2014 | Site Name = Project Tree watch 2 | Individual ID = 26868"
"Populus tremuloides","First_Yes_DOY Flowers or flower buds","122","DOY",NA,"Phenology Network","Year = 2014, 2014 | Site Name = Fig Lake Forest | Individual ID = 36161"
"Populus tremuloides","Last_Yes_DOY Flowers or flower buds","124","DOY",NA,"Phenology Network","Year = 2014, 2014 | Site Name = Fig Lake Forest | Individual ID = 36161"
"Populus tremuloides","First_Yes_DOY Open flowers","122","DOY",NA,"Phenology Network","Year = 2014, 2014 | Site Name = Fig Lake Forest | Individual ID = 36161"
"Populus tremuloides","Last_Yes_DOY Open flowers","124","DOY",NA,"Phenology Network","Year = 2014, 2014 | Site Name = Fig Lake Forest | Individual ID = 36161"
"Populus tremuloides","First_Yes_DOY Flowers or flower buds","122","DOY",NA,"Phenology Network","Year = 2014, 2014 | Site Name = Fig Lake Forest | Individual ID = 36181"
"Populus tremuloides","Last_Yes_DOY Flowers or flower buds","124","DOY",NA,"Phenology Network","Year = 2014, 2014 | Site Name = Fig Lake Forest | Individual ID = 36181"
"Populus tremuloides","First_Yes_DOY Open flowers","122","DOY",NA,"Phenology Network","Year = 2014, 2014 | Site Name = Fig Lake Forest | Individual ID = 36181"
"Populus tremuloides","Last_Yes_DOY Open flowers","124","DOY",NA,"Phenology Network","Year = 2014, 2014 | Site Name = Fig Lake Forest | Individual ID = 36181"
"Populus tremuloides","First_Yes_DOY Flowers or flower buds","122","DOY",NA,"Phenology Network","Year = 2014, 2014 | Site Name = Fig Lake Forest | Individual ID = 36182"
"Populus tremuloides","Last_Yes_DOY Flowers or flower buds","124","DOY",NA,"Phenology Network","Year = 2014, 2014 | Site Name = Fig Lake Forest | Individual ID = 36182"
"Populus tremuloides","First_Yes_DOY Open flowers","122","DOY",NA,"Phenology Network","Year = 2014, 2014 | Site Name = Fig Lake Forest | Individual ID = 36182"
"Populus tremuloides","Last_Yes_DOY Open flowers","124","DOY",NA,"Phenology Network","Year = 2014, 2014 | Site Name = Fig Lake Forest | Individual ID = 36182"
"Populus deltoides","First_Yes_DOY Flowers or flower buds","114","DOY",NA,"Phenology Network","Year = 2014, 2014 | Site Name = Kroening Interpretive Center | Individual ID = 38500"
"Populus deltoides","Last_Yes_DOY Flowers or flower buds","114","DOY",NA,"Phenology Network","Year = 2014, 2014 | Site Name = Kroening Interpretive Center | Individual ID = 38500"
"Populus deltoides","First_Yes_DOY Flowers or flower buds","136","DOY",NA,"Phenology Network","Year = 2014, 2014 | Site Name = Kroening Interpretive Center | Individual ID = 38500"
"Populus deltoides","Last_Yes_DOY Flowers or flower buds","136","DOY",NA,"Phenology Network","Year = 2014, 2014 | Site Name = Kroening Interpretive Center | Individual ID = 38500"
"Populus deltoides","First_Yes_DOY Open flowers","114","DOY",NA,"Phenology Network","Year = 2014, 2014 | Site Name = Kroening Interpretive Center | Individual ID = 38500"
"Populus deltoides","Last_Yes_DOY Open flowers","114","DOY",NA,"Phenology Network","Year = 2014, 2014 | Site Name = Kroening Interpretive Center | Individual ID = 38500"
"Populus deltoides","First_Yes_DOY Pollen release (flowers)","161","DOY",NA,"Phenology Network","Year = 2014, 2014 | Site Name = Kroening Interpretive Center | Individual ID = 38500"
"Populus deltoides","Last_Yes_DOY Pollen release (flowers)","161","DOY",NA,"Phenology Network","Year = 2014, 2014 | Site Name = Kroening Interpretive Center | Individual ID = 38500"
"Acer saccharinum","First_Yes_DOY Flowers or flower buds","97","DOY",NA,"Phenology Network","Year = 2014, 2014 | Site Name = My Place | Individual ID = 39430"
"Acer saccharinum","Last_Yes_DOY Flowers or flower buds","111","DOY",NA,"Phenology Network","Year = 2014, 2014 | Site Name = My Place | Individual ID = 39430"
"Acer saccharinum","First_Yes_DOY Open flowers","99","DOY",NA,"Phenology Network","Year = 2014, 2014 | Site Name = My Place | Individual ID = 39430"
"Acer saccharinum","Last_Yes_DOY Open flowers","111","DOY",NA,"Phenology Network","Year = 2014, 2014 | Site Name = My Place | Individual ID = 39430"
"Quercus palustris","First_Yes_DOY Flowers or flower buds","146","DOY",NA,"Phenology Network","Year = 2014, 2014 | Site Name = St Paul (Como neighborhood)  | Individual ID = 41330"
"Quercus palustris","Last_Yes_DOY Flowers or flower buds","146","DOY",NA,"Phenology Network","Year = 2014, 2014 | Site Name = St Paul (Como neighborhood)  | Individual ID = 41330"
"Quercus palustris","First_Yes_DOY Open flowers","146","DOY",NA,"Phenology Network","Year = 2014, 2014 | Site Name = St Paul (Como neighborhood)  | Individual ID = 41330"
"Quercus palustris","Last_Yes_DOY Open flowers","146","DOY",NA,"Phenology Network","Year = 2014, 2014 | Site Name = St Paul (Como neighborhood)  | Individual ID = 41330"
"Quercus palustris","First_Yes_DOY Pollen release (flowers)","146","DOY",NA,"Phenology Network","Year = 2014, 2014 | Site Name = St Paul (Como neighborhood)  | Individual ID = 41330"
"Quercus palustris","Last_Yes_DOY Pollen release (flowers)","146","DOY",NA,"Phenology Network","Year = 2014, 2014 | Site Name = St Paul (Como neighborhood)  | Individual ID = 41330"
"Quercus palustris","First_Yes_DOY Flowers or flower buds","128","DOY",NA,"Phenology Network","Year = 2014, 2014 | Site Name = Project Tree watch 2 | Individual ID = 41331"
"Quercus palustris","Last_Yes_DOY Flowers or flower buds","147","DOY",NA,"Phenology Network","Year = 2014, 2014 | Site Name = Project Tree watch 2 | Individual ID = 41331"
"Quercus palustris","First_Yes_DOY Open flowers","147","DOY",NA,"Phenology Network","Year = 2014, 2014 | Site Name = Project Tree watch 2 | Individual ID = 41331"
"Quercus palustris","Last_Yes_DOY Open flowers","147","DOY",NA,"Phenology Network","Year = 2014, 2014 | Site Name = Project Tree watch 2 | Individual ID = 41331"
"Quercus palustris","First_Yes_DOY Pollen release (flowers)","147","DOY",NA,"Phenology Network","Year = 2014, 2014 | Site Name = Project Tree watch 2 | Individual ID = 41331"
"Quercus palustris","Last_Yes_DOY Pollen release (flowers)","147","DOY",NA,"Phenology Network","Year = 2014, 2014 | Site Name = Project Tree watch 2 | Individual ID = 41331"
"Quercus palustris","First_Yes_DOY Flowers or flower buds","141","DOY",NA,"Phenology Network","Year = 2014, 2014 | Site Name = Project Tree watch 2 | Individual ID = 41332"
"Quercus palustris","Last_Yes_DOY Flowers or flower buds","147","DOY",NA,"Phenology Network","Year = 2014, 2014 | Site Name = Project Tree watch 2 | Individual ID = 41332"
"Quercus palustris","First_Yes_DOY Open flowers","141","DOY",NA,"Phenology Network","Year = 2014, 2014 | Site Name = Project Tree watch 2 | Individual ID = 41332"
"Quercus palustris","Last_Yes_DOY Open flowers","147","DOY",NA,"Phenology Network","Year = 2014, 2014 | Site Name = Project Tree watch 2 | Individual ID = 41332"
"Quercus palustris","First_Yes_DOY Pollen release (flowers)","147","DOY",NA,"Phenology Network","Year = 2014, 2014 | Site Name = Project Tree watch 2 | Individual ID = 41332"
"Quercus palustris","Last_Yes_DOY Pollen release (flowers)","147","DOY",NA,"Phenology Network","Year = 2014, 2014 | Site Name = Project Tree watch 2 | Individual ID = 41332"
"Ulmus americana","First_Yes_DOY Flowers or flower buds","111","DOY",NA,"Phenology Network","Year = 2014, 2014 | Site Name = St Paul (Como neighborhood)  | Individual ID = 41335"
"Ulmus americana","Last_Yes_DOY Flowers or flower buds","124","DOY",NA,"Phenology Network","Year = 2014, 2014 | Site Name = St Paul (Como neighborhood)  | Individual ID = 41335"
"Ulmus americana","First_Yes_DOY Open flowers","111","DOY",NA,"Phenology Network","Year = 2014, 2014 | Site Name = St Paul (Como neighborhood)  | Individual ID = 41335"
"Ulmus americana","Last_Yes_DOY Open flowers","124","DOY",NA,"Phenology Network","Year = 2014, 2014 | Site Name = St Paul (Como neighborhood)  | Individual ID = 41335"
"Ulmus americana","First_Yes_DOY Pollen release (flowers)","124","DOY",NA,"Phenology Network","Year = 2014, 2014 | Site Name = St Paul (Como neighborhood)  | Individual ID = 41335"
"Ulmus americana","Last_Yes_DOY Pollen release (flowers)","124","DOY",NA,"Phenology Network","Year = 2014, 2014 | Site Name = St Paul (Como neighborhood)  | Individual ID = 41335"
"Acer rubrum","First_Yes_DOY Flowers or flower buds","102","DOY",NA,"Phenology Network","Year = 2014, 2014 | Site Name = Michigan house | Individual ID = 41859"
"Acer rubrum","Last_Yes_DOY Flowers or flower buds","119","DOY",NA,"Phenology Network","Year = 2014, 2014 | Site Name = Michigan house | Individual ID = 41859"
"Acer rubrum","First_Yes_DOY Open flowers","102","DOY",NA,"Phenology Network","Year = 2014, 2014 | Site Name = Michigan house | Individual ID = 41859"
"Acer rubrum","Last_Yes_DOY Open flowers","119","DOY",NA,"Phenology Network","Year = 2014, 2014 | Site Name = Michigan house | Individual ID = 41859"
"Acer rubrum","First_Yes_DOY Flowers or flower buds","102","DOY",NA,"Phenology Network","Year = 2014, 2014 | Site Name = Michigan house | Individual ID = 41860"
"Acer rubrum","Last_Yes_DOY Flowers or flower buds","119","DOY",NA,"Phenology Network","Year = 2014, 2014 | Site Name = Michigan house | Individual ID = 41860"
"Acer rubrum","First_Yes_DOY Open flowers","102","DOY",NA,"Phenology Network","Year = 2014, 2014 | Site Name = Michigan house | Individual ID = 41860"
"Acer rubrum","Last_Yes_DOY Open flowers","119","DOY",NA,"Phenology Network","Year = 2014, 2014 | Site Name = Michigan house | Individual ID = 41860"
"Quercus palustris","First_Yes_DOY Flowers or flower buds","131","DOY",NA,"Phenology Network","Year = 2014, 2014 | Site Name = St Paul (Como neighborhood)  | Individual ID = 41999"
"Quercus palustris","Last_Yes_DOY Flowers or flower buds","152","DOY",NA,"Phenology Network","Year = 2014, 2014 | Site Name = St Paul (Como neighborhood)  | Individual ID = 41999"
"Quercus palustris","First_Yes_DOY Pollen release (flowers)","131","DOY",NA,"Phenology Network","Year = 2014, 2014 | Site Name = St Paul (Como neighborhood)  | Individual ID = 41999"
"Quercus palustris","Last_Yes_DOY Pollen release (flowers)","152","DOY",NA,"Phenology Network","Year = 2014, 2014 | Site Name = St Paul (Como neighborhood)  | Individual ID = 41999"
"Quercus palustris","First_Yes_DOY Flowers or flower buds","140","DOY",NA,"Phenology Network","Year = 2014, 2014 | Site Name = St Paul (Como neighborhood)  | Individual ID = 42000"
"Quercus palustris","Last_Yes_DOY Flowers or flower buds","151","DOY",NA,"Phenology Network","Year = 2014, 2014 | Site Name = St Paul (Como neighborhood)  | Individual ID = 42000"
"Quercus palustris","First_Yes_DOY Open flowers","140","DOY",NA,"Phenology Network","Year = 2014, 2014 | Site Name = St Paul (Como neighborhood)  | Individual ID = 42000"
"Quercus palustris","Last_Yes_DOY Open flowers","151","DOY",NA,"Phenology Network","Year = 2014, 2014 | Site Name = St Paul (Como neighborhood)  | Individual ID = 42000"
"Acer saccharinum","First_Yes_DOY Flowers or flower buds","99","DOY",NA,"Phenology Network","Year = 2014, 2014 | Site Name = home backyard | Individual ID = 42939"
"Acer saccharinum","Last_Yes_DOY Flowers or flower buds","131","DOY",NA,"Phenology Network","Year = 2014, 2014 | Site Name = home backyard | Individual ID = 42939"
"Acer saccharinum","First_Yes_DOY Open flowers","109","DOY",NA,"Phenology Network","Year = 2014, 2014 | Site Name = home backyard | Individual ID = 42939"
"Acer saccharinum","Last_Yes_DOY Open flowers","123","DOY",NA,"Phenology Network","Year = 2014, 2014 | Site Name = home backyard | Individual ID = 42939"
"Fraxinus pennsylvanica","First_Yes_DOY Flowers or flower buds","129","DOY",NA,"Phenology Network","Year = 2014, 2014 | Site Name = Yard | Individual ID = 45068"
"Fraxinus pennsylvanica","Last_Yes_DOY Flowers or flower buds","129","DOY",NA,"Phenology Network","Year = 2014, 2014 | Site Name = Yard | Individual ID = 45068"
"Fraxinus pennsylvanica","First_Yes_DOY Open flowers","129","DOY",NA,"Phenology Network","Year = 2014, 2014 | Site Name = Yard | Individual ID = 45068"
"Fraxinus pennsylvanica","Last_Yes_DOY Open flowers","129","DOY",NA,"Phenology Network","Year = 2014, 2014 | Site Name = Yard | Individual ID = 45068"
"Fraxinus pennsylvanica","First_Yes_DOY Pollen release (flowers)","140","DOY",NA,"Phenology Network","Year = 2014, 2014 | Site Name = Yard | Individual ID = 45068"
"Fraxinus pennsylvanica","Last_Yes_DOY Pollen release (flowers)","140","DOY",NA,"Phenology Network","Year = 2014, 2014 | Site Name = Yard | Individual ID = 45068"
"Acer negundo","First_Yes_DOY Flowers or flower buds","116","DOY",NA,"Phenology Network","Year = 2014, 2014 | Site Name = Kroening Interpretive Center | Individual ID = 46616"
"Acer negundo","Last_Yes_DOY Flowers or flower buds","116","DOY",NA,"Phenology Network","Year = 2014, 2014 | Site Name = Kroening Interpretive Center | Individual ID = 46616"
"Acer negundo","First_Yes_DOY Flowers or flower buds","128","DOY",NA,"Phenology Network","Year = 2014, 2014 | Site Name = Kroening Interpretive Center | Individual ID = 46616"
"Acer negundo","Last_Yes_DOY Flowers or flower buds","128","DOY",NA,"Phenology Network","Year = 2014, 2014 | Site Name = Kroening Interpretive Center | Individual ID = 46616"
"Acer negundo","First_Yes_DOY Open flowers","116","DOY",NA,"Phenology Network","Year = 2014, 2014 | Site Name = Kroening Interpretive Center | Individual ID = 46616"
"Acer negundo","Last_Yes_DOY Open flowers","116","DOY",NA,"Phenology Network","Year = 2014, 2014 | Site Name = Kroening Interpretive Center | Individual ID = 46616"
"Acer negundo","First_Yes_DOY Open flowers","128","DOY",NA,"Phenology Network","Year = 2014, 2014 | Site Name = Kroening Interpretive Center | Individual ID = 46616"
"Acer negundo","Last_Yes_DOY Open flowers","128","DOY",NA,"Phenology Network","Year = 2014, 2014 | Site Name = Kroening Interpretive Center | Individual ID = 46616"
"Acer rubrum","First_Yes_DOY Flowers or flower buds","109","DOY",NA,"Phenology Network","Year = 2014, 2014 | Site Name = neighborhood | Individual ID = 48292"
"Acer rubrum","Last_Yes_DOY Flowers or flower buds","130","DOY",NA,"Phenology Network","Year = 2014, 2014 | Site Name = neighborhood | Individual ID = 48292"
"Acer rubrum","First_Yes_DOY Open flowers","110","DOY",NA,"Phenology Network","Year = 2014, 2014 | Site Name = neighborhood | Individual ID = 48292"
"Acer rubrum","Last_Yes_DOY Open flowers","123","DOY",NA,"Phenology Network","Year = 2014, 2014 | Site Name = neighborhood | Individual ID = 48292"
"Fraxinus pennsylvanica","First_Yes_DOY Flowers or flower buds","131","DOY",NA,"Phenology Network","Year = 2014, 2014 | Site Name = St Paul (Como neighborhood)  | Individual ID = 48437"
"Fraxinus pennsylvanica","Last_Yes_DOY Flowers or flower buds","152","DOY",NA,"Phenology Network","Year = 2014, 2014 | Site Name = St Paul (Como neighborhood)  | Individual ID = 48437"
"Fraxinus pennsylvanica","First_Yes_DOY Open flowers","131","DOY",NA,"Phenology Network","Year = 2014, 2014 | Site Name = St Paul (Como neighborhood)  | Individual ID = 48437"
"Fraxinus pennsylvanica","Last_Yes_DOY Open flowers","152","DOY",NA,"Phenology Network","Year = 2014, 2014 | Site Name = St Paul (Como neighborhood)  | Individual ID = 48437"
"Fraxinus pennsylvanica","First_Yes_DOY Pollen release (flowers)","131","DOY",NA,"Phenology Network","Year = 2014, 2014 | Site Name = St Paul (Como neighborhood)  | Individual ID = 48437"
"Fraxinus pennsylvanica","Last_Yes_DOY Pollen release (flowers)","152","DOY",NA,"Phenology Network","Year = 2014, 2014 | Site Name = St Paul (Como neighborhood)  | Individual ID = 48437"
"Acer rubrum","First_Yes_DOY Flowers or flower buds","138","DOY",NA,"Phenology Network","Year = 2014, 2014 | Site Name = Congdon Park | Individual ID = 49847"
"Acer rubrum","Last_Yes_DOY Flowers or flower buds","138","DOY",NA,"Phenology Network","Year = 2014, 2014 | Site Name = Congdon Park | Individual ID = 49847"
"Acer rubrum","First_Yes_DOY Flowers or flower buds","135","DOY",NA,"Phenology Network","Year = 2014, 2014 | Site Name = St Paul Campus | Individual ID = 50308"
"Acer rubrum","Last_Yes_DOY Flowers or flower buds","135","DOY",NA,"Phenology Network","Year = 2014, 2014 | Site Name = St Paul Campus | Individual ID = 50308"
"Acer rubrum","First_Yes_DOY Open flowers","135","DOY",NA,"Phenology Network","Year = 2014, 2014 | Site Name = St Paul Campus | Individual ID = 50308"
"Acer rubrum","Last_Yes_DOY Open flowers","135","DOY",NA,"Phenology Network","Year = 2014, 2014 | Site Name = St Paul Campus | Individual ID = 50308"
"Acer rubrum","First_Yes_DOY Pollen release (flowers)","135","DOY",NA,"Phenology Network","Year = 2014, 2014 | Site Name = St Paul Campus | Individual ID = 50308"
"Acer rubrum","Last_Yes_DOY Pollen release (flowers)","135","DOY",NA,"Phenology Network","Year = 2014, 2014 | Site Name = St Paul Campus | Individual ID = 50308"
"Acer negundo","First_Yes_DOY Flowers or flower buds","136","DOY",NA,"Phenology Network","Year = 2014, 2014 | Site Name = Wood Lake Nature Center | Individual ID = 52983"
"Acer negundo","Last_Yes_DOY Flowers or flower buds","144","DOY",NA,"Phenology Network","Year = 2014, 2014 | Site Name = Wood Lake Nature Center | Individual ID = 52983"
"Acer negundo","First_Yes_DOY Flowers or flower buds","157","DOY",NA,"Phenology Network","Year = 2014, 2014 | Site Name = Wood Lake Nature Center | Individual ID = 52983"
"Acer negundo","Last_Yes_DOY Flowers or flower buds","157","DOY",NA,"Phenology Network","Year = 2014, 2014 | Site Name = Wood Lake Nature Center | Individual ID = 52983"
"Acer negundo","First_Yes_DOY Open flowers","141","DOY",NA,"Phenology Network","Year = 2014, 2014 | Site Name = Wood Lake Nature Center | Individual ID = 52983"
"Acer negundo","Last_Yes_DOY Open flowers","157","DOY",NA,"Phenology Network","Year = 2014, 2014 | Site Name = Wood Lake Nature Center | Individual ID = 52983"
"Carya ovata","First_Yes_DOY Flowers or flower buds","189","DOY",NA,"Phenology Network","Year = 2014, 2014 | Site Name = Old Hickory-Bluebird Trail | Individual ID = 62213"
"Carya ovata","Last_Yes_DOY Flowers or flower buds","189","DOY",NA,"Phenology Network","Year = 2014, 2014 | Site Name = Old Hickory-Bluebird Trail | Individual ID = 62213"
"Carya ovata","First_Yes_DOY Open flowers","189","DOY",NA,"Phenology Network","Year = 2014, 2014 | Site Name = Old Hickory-Bluebird Trail | Individual ID = 62213"
"Carya ovata","Last_Yes_DOY Open flowers","189","DOY",NA,"Phenology Network","Year = 2014, 2014 | Site Name = Old Hickory-Bluebird Trail | Individual ID = 62213"
"Quercus rubra","First_Yes_DOY Flowers or flower buds","189","DOY",NA,"Phenology Network","Year = 2014, 2014 | Site Name = Old Hickory-Bluebird Trail | Individual ID = 63369"
"Quercus rubra","Last_Yes_DOY Flowers or flower buds","189","DOY",NA,"Phenology Network","Year = 2014, 2014 | Site Name = Old Hickory-Bluebird Trail | Individual ID = 63369"
"Quercus rubra","First_Yes_DOY Open flowers","189","DOY",NA,"Phenology Network","Year = 2014, 2014 | Site Name = Old Hickory-Bluebird Trail | Individual ID = 63369"
"Quercus rubra","Last_Yes_DOY Open flowers","189","DOY",NA,"Phenology Network","Year = 2014, 2014 | Site Name = Old Hickory-Bluebird Trail | Individual ID = 63369"
"Tilia americana","First_Yes_DOY Pollen release (flowers)","189","DOY",NA,"Phenology Network","Year = 2014, 2014 | Site Name = Old Oak-Basswoods-Savanna | Individual ID = 63950"
"Tilia americana","Last_Yes_DOY Pollen release (flowers)","189","DOY",NA,"Phenology Network","Year = 2014, 2014 | Site Name = Old Oak-Basswoods-Savanna | Individual ID = 63950"
"Quercus rubra","First_Yes_DOY Pollen release (flowers)","189","DOY",NA,"Phenology Network","Year = 2014, 2014 | Site Name = Old Oak-Basswoods-Savanna | Individual ID = 63955"
"Quercus rubra","Last_Yes_DOY Pollen release (flowers)","189","DOY",NA,"Phenology Network","Year = 2014, 2014 | Site Name = Old Oak-Basswoods-Savanna | Individual ID = 63955"
"Acer rubrum","First_Yes_DOY Flowers or flower buds","98","DOY",NA,"Phenology Network","Year = 2014, 2014 | Site Name = Swede Hallow | Individual ID = 64758"
"Acer rubrum","Last_Yes_DOY Flowers or flower buds","98","DOY",NA,"Phenology Network","Year = 2014, 2014 | Site Name = Swede Hallow | Individual ID = 64758"
"Acer rubrum","First_Yes_DOY Open flowers","98","DOY",NA,"Phenology Network","Year = 2014, 2014 | Site Name = Swede Hallow | Individual ID = 64758"
"Acer rubrum","Last_Yes_DOY Open flowers","98","DOY",NA,"Phenology Network","Year = 2014, 2014 | Site Name = Swede Hallow | Individual ID = 64758"
"Acer rubrum","First_Yes_DOY Flowers or flower buds","98","DOY",NA,"Phenology Network","Year = 2014, 2014 | Site Name = Office | Individual ID = 64841"
"Acer rubrum","Last_Yes_DOY Flowers or flower buds","100","DOY",NA,"Phenology Network","Year = 2014, 2014 | Site Name = Office | Individual ID = 64841"
"Acer rubrum","First_Yes_DOY Open flowers","98","DOY",NA,"Phenology Network","Year = 2014, 2014 | Site Name = Office | Individual ID = 64841"
"Acer rubrum","Last_Yes_DOY Open flowers","100","DOY",NA,"Phenology Network","Year = 2014, 2014 | Site Name = Office | Individual ID = 64841"
"Populus deltoides","First_Yes_DOY Flowers or flower buds","107","DOY",NA,"Phenology Network","Year = 2014, 2014 | Site Name = Silverwood Nature Center | Individual ID = 66846"
"Populus deltoides","Last_Yes_DOY Flowers or flower buds","107","DOY",NA,"Phenology Network","Year = 2014, 2014 | Site Name = Silverwood Nature Center | Individual ID = 66846"
"Carya cordiformis","First_Yes_DOY Open flowers","164","DOY",NA,"Phenology Network","Year = 2014, 2014 | Site Name = Silverwood Nature Center | Individual ID = 66849"
"Carya cordiformis","Last_Yes_DOY Open flowers","164","DOY",NA,"Phenology Network","Year = 2014, 2014 | Site Name = Silverwood Nature Center | Individual ID = 66849"
"Carya cordiformis","First_Yes_DOY Open flowers","178","DOY",NA,"Phenology Network","Year = 2014, 2014 | Site Name = Silverwood Nature Center | Individual ID = 66849"
"Carya cordiformis","Last_Yes_DOY Open flowers","186","DOY",NA,"Phenology Network","Year = 2014, 2014 | Site Name = Silverwood Nature Center | Individual ID = 66849"
"Populus deltoides","First_Yes_DOY Flowers or flower buds","107","DOY",NA,"Phenology Network","Year = 2014, 2014 | Site Name = Silverwood Nature Center | Individual ID = 66914"
"Populus deltoides","Last_Yes_DOY Flowers or flower buds","107","DOY",NA,"Phenology Network","Year = 2014, 2014 | Site Name = Silverwood Nature Center | Individual ID = 66914"
"Carya cordiformis","First_Yes_DOY Flowers or flower buds","158","DOY",NA,"Phenology Network","Year = 2014, 2014 | Site Name = Silverwood Nature Center | Individual ID = 66915"
"Carya cordiformis","Last_Yes_DOY Flowers or flower buds","178","DOY",NA,"Phenology Network","Year = 2014, 2014 | Site Name = Silverwood Nature Center | Individual ID = 66915"
"Carya cordiformis","First_Yes_DOY Open flowers","164","DOY",NA,"Phenology Network","Year = 2014, 2014 | Site Name = Silverwood Nature Center | Individual ID = 66915"
"Carya cordiformis","Last_Yes_DOY Open flowers","164","DOY",NA,"Phenology Network","Year = 2014, 2014 | Site Name = Silverwood Nature Center | Individual ID = 66915"
"Acer rubrum","First_Yes_DOY Flowers or flower buds","104","DOY",NA,"Phenology Network","Year = 2014, 2014 | Site Name = Uphome | Individual ID = 66968"
"Acer rubrum","Last_Yes_DOY Flowers or flower buds","116","DOY",NA,"Phenology Network","Year = 2014, 2014 | Site Name = Uphome | Individual ID = 66968"
"Populus balsamifera","First_Yes_DOY Flowers or flower buds","130","DOY",NA,"Phenology Network","Year = 2014, 2014 | Site Name = park rapids conifer circle  | Individual ID = 67788"
"Populus balsamifera","Last_Yes_DOY Flowers or flower buds","135","DOY",NA,"Phenology Network","Year = 2014, 2014 | Site Name = park rapids conifer circle  | Individual ID = 67788"
"Populus balsamifera","First_Yes_DOY Open flowers","132","DOY",NA,"Phenology Network","Year = 2014, 2014 | Site Name = park rapids conifer circle  | Individual ID = 67788"
"Populus balsamifera","Last_Yes_DOY Open flowers","135","DOY",NA,"Phenology Network","Year = 2014, 2014 | Site Name = park rapids conifer circle  | Individual ID = 67788"
"Populus balsamifera","First_Yes_DOY Pollen release (flowers)","132","DOY",NA,"Phenology Network","Year = 2014, 2014 | Site Name = park rapids conifer circle  | Individual ID = 67788"
"Populus balsamifera","Last_Yes_DOY Pollen release (flowers)","135","DOY",NA,"Phenology Network","Year = 2014, 2014 | Site Name = park rapids conifer circle  | Individual ID = 67788"
"Populus tremuloides","First_Yes_DOY Flowers or flower buds","110","DOY",NA,"Phenology Network","Year = 2014, 2014 | Site Name = park rapids conifer circle  | Individual ID = 67804"
"Populus tremuloides","Last_Yes_DOY Flowers or flower buds","130","DOY",NA,"Phenology Network","Year = 2014, 2014 | Site Name = park rapids conifer circle  | Individual ID = 67804"
"Populus tremuloides","First_Yes_DOY Open flowers","117","DOY",NA,"Phenology Network","Year = 2014, 2014 | Site Name = park rapids conifer circle  | Individual ID = 67804"
"Populus tremuloides","Last_Yes_DOY Open flowers","130","DOY",NA,"Phenology Network","Year = 2014, 2014 | Site Name = park rapids conifer circle  | Individual ID = 67804"
"Populus tremuloides","First_Yes_DOY Pollen release (flowers)","125","DOY",NA,"Phenology Network","Year = 2014, 2014 | Site Name = park rapids conifer circle  | Individual ID = 67804"
"Populus tremuloides","Last_Yes_DOY Pollen release (flowers)","125","DOY",NA,"Phenology Network","Year = 2014, 2014 | Site Name = park rapids conifer circle  | Individual ID = 67804"
"Acer rubrum","First_Yes_DOY Flowers or flower buds","132","DOY",NA,"Phenology Network","Year = 2014, 2014 | Site Name = park rapids conifer circle  | Individual ID = 67807"
"Acer rubrum","Last_Yes_DOY Flowers or flower buds","135","DOY",NA,"Phenology Network","Year = 2014, 2014 | Site Name = park rapids conifer circle  | Individual ID = 67807"
"Acer rubrum","First_Yes_DOY Open flowers","132","DOY",NA,"Phenology Network","Year = 2014, 2014 | Site Name = park rapids conifer circle  | Individual ID = 67807"
"Acer rubrum","Last_Yes_DOY Open flowers","135","DOY",NA,"Phenology Network","Year = 2014, 2014 | Site Name = park rapids conifer circle  | Individual ID = 67807"
"Acer rubrum","First_Yes_DOY Pollen release (flowers)","132","DOY",NA,"Phenology Network","Year = 2014, 2014 | Site Name = park rapids conifer circle  | Individual ID = 67807"
"Acer rubrum","Last_Yes_DOY Pollen release (flowers)","135","DOY",NA,"Phenology Network","Year = 2014, 2014 | Site Name = park rapids conifer circle  | Individual ID = 67807"
"Populus tremuloides","First_Yes_DOY Flowers or flower buds","136","DOY",NA,"Phenology Network","Year = 2014, 2014 | Site Name = Haines Road | Individual ID = 67979"
"Populus tremuloides","Last_Yes_DOY Flowers or flower buds","141","DOY",NA,"Phenology Network","Year = 2014, 2014 | Site Name = Haines Road | Individual ID = 67979"
"Populus tremuloides","First_Yes_DOY Open flowers","136","DOY",NA,"Phenology Network","Year = 2014, 2014 | Site Name = Haines Road | Individual ID = 67979"
"Populus tremuloides","Last_Yes_DOY Open flowers","141","DOY",NA,"Phenology Network","Year = 2014, 2014 | Site Name = Haines Road | Individual ID = 67979"
"Populus tremuloides","First_Yes_DOY Pollen release (flowers)","143","DOY",NA,"Phenology Network","Year = 2014, 2014 | Site Name = Jaysnest | Individual ID = 68496"
"Populus tremuloides","Last_Yes_DOY Pollen release (flowers)","143","DOY",NA,"Phenology Network","Year = 2014, 2014 | Site Name = Jaysnest | Individual ID = 68496"
"Acer negundo","First_Yes_DOY Pollen release (flowers)","132","DOY",NA,"Phenology Network","Year = 2014, 2014 | Site Name = Home | Individual ID = 68563"
"Acer negundo","Last_Yes_DOY Pollen release (flowers)","132","DOY",NA,"Phenology Network","Year = 2014, 2014 | Site Name = Home | Individual ID = 68563"
"Populus tremuloides","First_Yes_DOY Flowers or flower buds","124","DOY",NA,"Phenology Network","Year = 2014, 2014 | Site Name = Home/ front yard | Individual ID = 68568"
"Populus tremuloides","Last_Yes_DOY Flowers or flower buds","124","DOY",NA,"Phenology Network","Year = 2014, 2014 | Site Name = Home/ front yard | Individual ID = 68568"
"Populus tremuloides","First_Yes_DOY Open flowers","124","DOY",NA,"Phenology Network","Year = 2014, 2014 | Site Name = Home/ front yard | Individual ID = 68568"
"Populus tremuloides","Last_Yes_DOY Open flowers","124","DOY",NA,"Phenology Network","Year = 2014, 2014 | Site Name = Home/ front yard | Individual ID = 68568"
"Acer rubrum","First_Yes_DOY Flowers or flower buds","115","DOY",NA,"Phenology Network","Year = 2014, 2014 | Site Name = RCTC, Rochester | Individual ID = 68928"
"Acer rubrum","Last_Yes_DOY Flowers or flower buds","115","DOY",NA,"Phenology Network","Year = 2014, 2014 | Site Name = RCTC, Rochester | Individual ID = 68928"
"Acer rubrum","First_Yes_DOY Open flowers","115","DOY",NA,"Phenology Network","Year = 2014, 2014 | Site Name = RCTC, Rochester | Individual ID = 68928"
"Acer rubrum","Last_Yes_DOY Open flowers","115","DOY",NA,"Phenology Network","Year = 2014, 2014 | Site Name = RCTC, Rochester | Individual ID = 68928"
"Acer rubrum","First_Yes_DOY Flowers or flower buds","115","DOY",NA,"Phenology Network","Year = 2014, 2014 | Site Name = RCTC, Rochester | Individual ID = 68937"
"Acer rubrum","Last_Yes_DOY Flowers or flower buds","115","DOY",NA,"Phenology Network","Year = 2014, 2014 | Site Name = RCTC, Rochester | Individual ID = 68937"
"Acer rubrum","First_Yes_DOY Open flowers","115","DOY",NA,"Phenology Network","Year = 2014, 2014 | Site Name = RCTC, Rochester | Individual ID = 68937"
"Acer rubrum","Last_Yes_DOY Open flowers","115","DOY",NA,"Phenology Network","Year = 2014, 2014 | Site Name = RCTC, Rochester | Individual ID = 68937"
"Acer rubrum","First_Yes_DOY Pollen release (flowers)","115","DOY",NA,"Phenology Network","Year = 2014, 2014 | Site Name = RCTC, Rochester | Individual ID = 68937"
"Acer rubrum","Last_Yes_DOY Pollen release (flowers)","115","DOY",NA,"Phenology Network","Year = 2014, 2014 | Site Name = RCTC, Rochester | Individual ID = 68937"
"Acer rubrum","First_Yes_DOY Flowers or flower buds","109","DOY",NA,"Phenology Network","Year = 2014, 2014 | Site Name = Back Yard | Individual ID = 69122"
"Acer rubrum","Last_Yes_DOY Flowers or flower buds","131","DOY",NA,"Phenology Network","Year = 2014, 2014 | Site Name = Back Yard | Individual ID = 69122"
"Acer rubrum","First_Yes_DOY Open flowers","109","DOY",NA,"Phenology Network","Year = 2014, 2014 | Site Name = Back Yard | Individual ID = 69122"
"Acer rubrum","Last_Yes_DOY Open flowers","124","DOY",NA,"Phenology Network","Year = 2014, 2014 | Site Name = Back Yard | Individual ID = 69122"
"Acer rubrum","First_Yes_DOY Pollen release (flowers)","124","DOY",NA,"Phenology Network","Year = 2014, 2014 | Site Name = Back Yard | Individual ID = 69122"
"Acer rubrum","Last_Yes_DOY Pollen release (flowers)","131","DOY",NA,"Phenology Network","Year = 2014, 2014 | Site Name = Back Yard | Individual ID = 69122"
"Acer saccharinum","First_Yes_DOY Flowers or flower buds","109","DOY",NA,"Phenology Network","Year = 2014, 2014 | Site Name = Back Yard | Individual ID = 69125"
"Acer saccharinum","Last_Yes_DOY Flowers or flower buds","131","DOY",NA,"Phenology Network","Year = 2014, 2014 | Site Name = Back Yard | Individual ID = 69125"
"Acer saccharinum","First_Yes_DOY Open flowers","109","DOY",NA,"Phenology Network","Year = 2014, 2014 | Site Name = Back Yard | Individual ID = 69125"
"Acer saccharinum","Last_Yes_DOY Open flowers","131","DOY",NA,"Phenology Network","Year = 2014, 2014 | Site Name = Back Yard | Individual ID = 69125"
"Acer saccharinum","First_Yes_DOY Pollen release (flowers)","124","DOY",NA,"Phenology Network","Year = 2014, 2014 | Site Name = Back Yard | Individual ID = 69125"
"Acer saccharinum","Last_Yes_DOY Pollen release (flowers)","131","DOY",NA,"Phenology Network","Year = 2014, 2014 | Site Name = Back Yard | Individual ID = 69125"
"Quercus alba","First_Yes_DOY Flowers or flower buds","137","DOY",NA,"Phenology Network","Year = 2014, 2014 | Site Name = Michigan house | Individual ID = 69158"
"Quercus alba","Last_Yes_DOY Flowers or flower buds","152","DOY",NA,"Phenology Network","Year = 2014, 2014 | Site Name = Michigan house | Individual ID = 69158"
"Quercus alba","First_Yes_DOY Open flowers","152","DOY",NA,"Phenology Network","Year = 2014, 2014 | Site Name = Michigan house | Individual ID = 69158"
"Quercus alba","Last_Yes_DOY Open flowers","152","DOY",NA,"Phenology Network","Year = 2014, 2014 | Site Name = Michigan house | Individual ID = 69158"
"Quercus alba","First_Yes_DOY Pollen release (flowers)","146","DOY",NA,"Phenology Network","Year = 2014, 2014 | Site Name = Michigan house | Individual ID = 69158"
"Quercus alba","Last_Yes_DOY Pollen release (flowers)","152","DOY",NA,"Phenology Network","Year = 2014, 2014 | Site Name = Michigan house | Individual ID = 69158"
"Populus tremuloides","First_Yes_DOY Flowers or flower buds","122","DOY",NA,"Phenology Network","Year = 2014, 2014 | Site Name = Kettlekamp Prairie | Individual ID = 69348"
"Populus tremuloides","Last_Yes_DOY Flowers or flower buds","127","DOY",NA,"Phenology Network","Year = 2014, 2014 | Site Name = Kettlekamp Prairie | Individual ID = 69348"
"Populus tremuloides","First_Yes_DOY Open flowers","122","DOY",NA,"Phenology Network","Year = 2014, 2014 | Site Name = Kettlekamp Prairie | Individual ID = 69348"
"Populus tremuloides","Last_Yes_DOY Open flowers","122","DOY",NA,"Phenology Network","Year = 2014, 2014 | Site Name = Kettlekamp Prairie | Individual ID = 69348"
"Populus tremuloides","First_Yes_DOY Flowers or flower buds","122","DOY",NA,"Phenology Network","Year = 2014, 2014 | Site Name = Kettlekamp Prairie | Individual ID = 69349"
"Populus tremuloides","Last_Yes_DOY Flowers or flower buds","127","DOY",NA,"Phenology Network","Year = 2014, 2014 | Site Name = Kettlekamp Prairie | Individual ID = 69349"
"Populus tremuloides","First_Yes_DOY Open flowers","122","DOY",NA,"Phenology Network","Year = 2014, 2014 | Site Name = Kettlekamp Prairie | Individual ID = 69349"
"Populus tremuloides","Last_Yes_DOY Open flowers","122","DOY",NA,"Phenology Network","Year = 2014, 2014 | Site Name = Kettlekamp Prairie | Individual ID = 69349"
"Populus tremuloides","First_Yes_DOY Flowers or flower buds","122","DOY",NA,"Phenology Network","Year = 2014, 2014 | Site Name = Kettlekamp Prairie | Individual ID = 69350"
"Populus tremuloides","Last_Yes_DOY Flowers or flower buds","127","DOY",NA,"Phenology Network","Year = 2014, 2014 | Site Name = Kettlekamp Prairie | Individual ID = 69350"
"Populus tremuloides","First_Yes_DOY Open flowers","122","DOY",NA,"Phenology Network","Year = 2014, 2014 | Site Name = Kettlekamp Prairie | Individual ID = 69350"
"Populus tremuloides","Last_Yes_DOY Open flowers","122","DOY",NA,"Phenology Network","Year = 2014, 2014 | Site Name = Kettlekamp Prairie | Individual ID = 69350"
"Populus tremuloides","First_Yes_DOY Flowers or flower buds","122","DOY",NA,"Phenology Network","Year = 2014, 2014 | Site Name = Kettlekamp Prairie | Individual ID = 69351"
"Populus tremuloides","Last_Yes_DOY Flowers or flower buds","127","DOY",NA,"Phenology Network","Year = 2014, 2014 | Site Name = Kettlekamp Prairie | Individual ID = 69351"
"Populus tremuloides","First_Yes_DOY Open flowers","122","DOY",NA,"Phenology Network","Year = 2014, 2014 | Site Name = Kettlekamp Prairie | Individual ID = 69351"
"Populus tremuloides","Last_Yes_DOY Open flowers","122","DOY",NA,"Phenology Network","Year = 2014, 2014 | Site Name = Kettlekamp Prairie | Individual ID = 69351"
"Acer rubrum","First_Yes_DOY Flowers or flower buds","126","DOY",NA,"Phenology Network","Year = 2014, 2014 | Site Name = front yard | Individual ID = 69443"
"Acer rubrum","Last_Yes_DOY Flowers or flower buds","127","DOY",NA,"Phenology Network","Year = 2014, 2014 | Site Name = front yard | Individual ID = 69443"
"Acer rubrum","First_Yes_DOY Open flowers","126","DOY",NA,"Phenology Network","Year = 2014, 2014 | Site Name = front yard | Individual ID = 69443"
"Acer rubrum","Last_Yes_DOY Open flowers","127","DOY",NA,"Phenology Network","Year = 2014, 2014 | Site Name = front yard | Individual ID = 69443"
"Fraxinus pennsylvanica","First_Yes_DOY Flowers or flower buds","139","DOY",NA,"Phenology Network","Year = 2014, 2014 | Site Name = Circle Trail | Individual ID = 74743"
"Fraxinus pennsylvanica","Last_Yes_DOY Flowers or flower buds","148","DOY",NA,"Phenology Network","Year = 2014, 2014 | Site Name = Circle Trail | Individual ID = 74743"
"Fraxinus pennsylvanica","First_Yes_DOY Open flowers","139","DOY",NA,"Phenology Network","Year = 2014, 2014 | Site Name = Circle Trail | Individual ID = 74743"
"Fraxinus pennsylvanica","Last_Yes_DOY Open flowers","139","DOY",NA,"Phenology Network","Year = 2014, 2014 | Site Name = Circle Trail | Individual ID = 74743"
"Acer rubrum","First_Yes_DOY Flowers or flower buds","239","DOY",NA,"Phenology Network","Year = 2014, 2014 | Site Name = Washington Park | Individual ID = 76559"
"Acer rubrum","Last_Yes_DOY Flowers or flower buds","288","DOY",NA,"Phenology Network","Year = 2014, 2014 | Site Name = Washington Park | Individual ID = 76559"
"Acer rubrum","First_Yes_DOY Open flowers","239","DOY",NA,"Phenology Network","Year = 2014, 2014 | Site Name = Washington Park | Individual ID = 76559"
"Acer rubrum","Last_Yes_DOY Open flowers","295","DOY",NA,"Phenology Network","Year = 2014, 2014 | Site Name = Washington Park | Individual ID = 76559"
"Acer saccharinum","First_Yes_DOY Flowers or flower buds","91","DOY",NA,"Phenology Network","Year = 2014, 2014 | Site Name = Cedar Creek Home | Individual ID = 84402"
"Acer saccharinum","Last_Yes_DOY Flowers or flower buds","91","DOY",NA,"Phenology Network","Year = 2014, 2014 | Site Name = Cedar Creek Home | Individual ID = 84402"
"Acer rubrum","First_Yes_DOY Flowers or flower buds","101","DOY",NA,"Phenology Network","Year = 2015, 2015 | Site Name = PPN_9200010 | Individual ID = 1977"
"Acer rubrum","Last_Yes_DOY Flowers or flower buds","114","DOY",NA,"Phenology Network","Year = 2015, 2015 | Site Name = PPN_9200010 | Individual ID = 1977"
"Acer rubrum","First_Yes_DOY Open flowers","101","DOY",NA,"Phenology Network","Year = 2015, 2015 | Site Name = PPN_9200010 | Individual ID = 1977"
"Acer rubrum","Last_Yes_DOY Open flowers","114","DOY",NA,"Phenology Network","Year = 2015, 2015 | Site Name = PPN_9200010 | Individual ID = 1977"
"Acer rubrum","First_Yes_DOY Flowers or flower buds","74","DOY",NA,"Phenology Network","Year = 2015, 2015 | Site Name = backyard | Individual ID = 2321"
"Acer rubrum","Last_Yes_DOY Flowers or flower buds","107","DOY",NA,"Phenology Network","Year = 2015, 2015 | Site Name = backyard | Individual ID = 2321"
"Acer rubrum","First_Yes_DOY Flowers or flower buds","52","DOY",NA,"Phenology Network","Year = 2016, 2016 | Site Name = backyard | Individual ID = 2321"
"Acer rubrum","Last_Yes_DOY Flowers or flower buds","52","DOY",NA,"Phenology Network","Year = 2016, 2016 | Site Name = backyard | Individual ID = 2321"
"Acer rubrum","First_Yes_DOY Open flowers","96","DOY",NA,"Phenology Network","Year = 2015, 2015 | Site Name = backyard | Individual ID = 2321"
"Acer rubrum","Last_Yes_DOY Open flowers","107","DOY",NA,"Phenology Network","Year = 2015, 2015 | Site Name = backyard | Individual ID = 2321"
"Acer rubrum","First_Yes_DOY Flowers or flower buds","65","DOY",NA,"Phenology Network","Year = 2015, 2015 | Site Name = backyard | Individual ID = 2448"
"Acer rubrum","Last_Yes_DOY Flowers or flower buds","109","DOY",NA,"Phenology Network","Year = 2015, 2015 | Site Name = backyard | Individual ID = 2448"
"Acer rubrum","First_Yes_DOY Flowers or flower buds","277","DOY",NA,"Phenology Network","Year = 2015, 2016 | Site Name = backyard | Individual ID = 2448"
"Acer rubrum","Last_Yes_DOY Flowers or flower buds","51","DOY",NA,"Phenology Network","Year = 2015, 2016 | Site Name = backyard | Individual ID = 2448"
"Acer rubrum","First_Yes_DOY Open flowers","101","DOY",NA,"Phenology Network","Year = 2015, 2015 | Site Name = backyard | Individual ID = 2448"
"Acer rubrum","Last_Yes_DOY Open flowers","109","DOY",NA,"Phenology Network","Year = 2015, 2015 | Site Name = backyard | Individual ID = 2448"
"Acer rubrum","First_Yes_DOY Flowers or flower buds","93","DOY",NA,"Phenology Network","Year = 2015, 2015 | Site Name = Cedar Bog Lake Highland 2 | Individual ID = 3187"
"Acer rubrum","Last_Yes_DOY Flowers or flower buds","112","DOY",NA,"Phenology Network","Year = 2015, 2015 | Site Name = Cedar Bog Lake Highland 2 | Individual ID = 3187"
"Acer rubrum","First_Yes_DOY Open flowers","104","DOY",NA,"Phenology Network","Year = 2015, 2015 | Site Name = Cedar Bog Lake Highland 2 | Individual ID = 3187"
"Acer rubrum","Last_Yes_DOY Open flowers","112","DOY",NA,"Phenology Network","Year = 2015, 2015 | Site Name = Cedar Bog Lake Highland 2 | Individual ID = 3187"
"Acer rubrum","First_Yes_DOY Pollen release (flowers)","104","DOY",NA,"Phenology Network","Year = 2015, 2015 | Site Name = Cedar Bog Lake Highland 2 | Individual ID = 3187"
"Acer rubrum","Last_Yes_DOY Pollen release (flowers)","104","DOY",NA,"Phenology Network","Year = 2015, 2015 | Site Name = Cedar Bog Lake Highland 2 | Individual ID = 3187"
"Acer rubrum","First_Yes_DOY Flowers or flower buds","93","DOY",NA,"Phenology Network","Year = 2015, 2015 | Site Name = Cedar Bog Lake Highland 2 | Individual ID = 3188"
"Acer rubrum","Last_Yes_DOY Flowers or flower buds","112","DOY",NA,"Phenology Network","Year = 2015, 2015 | Site Name = Cedar Bog Lake Highland 2 | Individual ID = 3188"
"Acer rubrum","First_Yes_DOY Open flowers","104","DOY",NA,"Phenology Network","Year = 2015, 2015 | Site Name = Cedar Bog Lake Highland 2 | Individual ID = 3188"
"Acer rubrum","Last_Yes_DOY Open flowers","112","DOY",NA,"Phenology Network","Year = 2015, 2015 | Site Name = Cedar Bog Lake Highland 2 | Individual ID = 3188"
"Acer rubrum","First_Yes_DOY Pollen release (flowers)","104","DOY",NA,"Phenology Network","Year = 2015, 2015 | Site Name = Cedar Bog Lake Highland 2 | Individual ID = 3188"
"Acer rubrum","Last_Yes_DOY Pollen release (flowers)","104","DOY",NA,"Phenology Network","Year = 2015, 2015 | Site Name = Cedar Bog Lake Highland 2 | Individual ID = 3188"
"Acer negundo","First_Yes_DOY Flowers or flower buds","112","DOY",NA,"Phenology Network","Year = 2015, 2015 | Site Name = Beckman Lake Highland (Cedar Creek LTER) | Individual ID = 3192"
"Acer negundo","Last_Yes_DOY Flowers or flower buds","119","DOY",NA,"Phenology Network","Year = 2015, 2015 | Site Name = Beckman Lake Highland (Cedar Creek LTER) | Individual ID = 3192"
"Acer negundo","First_Yes_DOY Open flowers","119","DOY",NA,"Phenology Network","Year = 2015, 2015 | Site Name = Beckman Lake Highland (Cedar Creek LTER) | Individual ID = 3192"
"Acer negundo","Last_Yes_DOY Open flowers","119","DOY",NA,"Phenology Network","Year = 2015, 2015 | Site Name = Beckman Lake Highland (Cedar Creek LTER) | Individual ID = 3192"
"Acer negundo","First_Yes_DOY Pollen release (flowers)","119","DOY",NA,"Phenology Network","Year = 2015, 2015 | Site Name = Beckman Lake Highland (Cedar Creek LTER) | Individual ID = 3192"
"Acer negundo","Last_Yes_DOY Pollen release (flowers)","119","DOY",NA,"Phenology Network","Year = 2015, 2015 | Site Name = Beckman Lake Highland (Cedar Creek LTER) | Individual ID = 3192"
"Populus tremuloides","First_Yes_DOY Flowers or flower buds","79","DOY",NA,"Phenology Network","Year = 2015, 2015 | Site Name = Cedar Bog Lake Highland 1 | Individual ID = 3204"
"Populus tremuloides","Last_Yes_DOY Flowers or flower buds","104","DOY",NA,"Phenology Network","Year = 2015, 2015 | Site Name = Cedar Bog Lake Highland 1 | Individual ID = 3204"
"Populus tremuloides","First_Yes_DOY Open flowers","93","DOY",NA,"Phenology Network","Year = 2015, 2015 | Site Name = Cedar Bog Lake Highland 1 | Individual ID = 3204"
"Populus tremuloides","Last_Yes_DOY Open flowers","104","DOY",NA,"Phenology Network","Year = 2015, 2015 | Site Name = Cedar Bog Lake Highland 1 | Individual ID = 3204"
"Populus tremuloides","First_Yes_DOY Pollen release (flowers)","93","DOY",NA,"Phenology Network","Year = 2015, 2015 | Site Name = Cedar Bog Lake Highland 1 | Individual ID = 3204"
"Populus tremuloides","Last_Yes_DOY Pollen release (flowers)","104","DOY",NA,"Phenology Network","Year = 2015, 2015 | Site Name = Cedar Bog Lake Highland 1 | Individual ID = 3204"
"Populus tremuloides","First_Yes_DOY Flowers or flower buds","93","DOY",NA,"Phenology Network","Year = 2015, 2015 | Site Name = Cedar Bog Lake Highland 2 | Individual ID = 3206"
"Populus tremuloides","Last_Yes_DOY Flowers or flower buds","104","DOY",NA,"Phenology Network","Year = 2015, 2015 | Site Name = Cedar Bog Lake Highland 2 | Individual ID = 3206"
"Populus tremuloides","First_Yes_DOY Open flowers","93","DOY",NA,"Phenology Network","Year = 2015, 2015 | Site Name = Cedar Bog Lake Highland 2 | Individual ID = 3206"
"Populus tremuloides","Last_Yes_DOY Open flowers","104","DOY",NA,"Phenology Network","Year = 2015, 2015 | Site Name = Cedar Bog Lake Highland 2 | Individual ID = 3206"
"Populus tremuloides","First_Yes_DOY Pollen release (flowers)","93","DOY",NA,"Phenology Network","Year = 2015, 2015 | Site Name = Cedar Bog Lake Highland 2 | Individual ID = 3206"
"Populus tremuloides","Last_Yes_DOY Pollen release (flowers)","104","DOY",NA,"Phenology Network","Year = 2015, 2015 | Site Name = Cedar Bog Lake Highland 2 | Individual ID = 3206"
"Populus tremuloides","First_Yes_DOY Flowers or flower buds","113","DOY",NA,"Phenology Network","Year = 2015, 2015 | Site Name = gordon ranger station | Individual ID = 3597"
"Populus tremuloides","Last_Yes_DOY Flowers or flower buds","113","DOY",NA,"Phenology Network","Year = 2015, 2015 | Site Name = gordon ranger station | Individual ID = 3597"
"Populus tremuloides","First_Yes_DOY Open flowers","113","DOY",NA,"Phenology Network","Year = 2015, 2015 | Site Name = gordon ranger station | Individual ID = 3597"
"Populus tremuloides","Last_Yes_DOY Open flowers","113","DOY",NA,"Phenology Network","Year = 2015, 2015 | Site Name = gordon ranger station | Individual ID = 3597"
"Acer rubrum","First_Yes_DOY Flowers or flower buds","113","DOY",NA,"Phenology Network","Year = 2015, 2015 | Site Name = gordon ranger station | Individual ID = 3598"
"Acer rubrum","Last_Yes_DOY Flowers or flower buds","113","DOY",NA,"Phenology Network","Year = 2015, 2015 | Site Name = gordon ranger station | Individual ID = 3598"
"Acer rubrum","First_Yes_DOY Open flowers","113","DOY",NA,"Phenology Network","Year = 2015, 2015 | Site Name = gordon ranger station | Individual ID = 3598"
"Acer rubrum","Last_Yes_DOY Open flowers","113","DOY",NA,"Phenology Network","Year = 2015, 2015 | Site Name = gordon ranger station | Individual ID = 3598"
"Acer rubrum","First_Yes_DOY Flowers or flower buds","93","DOY",NA,"Phenology Network","Year = 2015, 2015 | Site Name = Beckman Lake Highland (Cedar Creek LTER) | Individual ID = 3813"
"Acer rubrum","Last_Yes_DOY Flowers or flower buds","112","DOY",NA,"Phenology Network","Year = 2015, 2015 | Site Name = Beckman Lake Highland (Cedar Creek LTER) | Individual ID = 3813"
"Acer rubrum","First_Yes_DOY Open flowers","104","DOY",NA,"Phenology Network","Year = 2015, 2015 | Site Name = Beckman Lake Highland (Cedar Creek LTER) | Individual ID = 3813"
"Acer rubrum","Last_Yes_DOY Open flowers","112","DOY",NA,"Phenology Network","Year = 2015, 2015 | Site Name = Beckman Lake Highland (Cedar Creek LTER) | Individual ID = 3813"
"Acer rubrum","First_Yes_DOY Pollen release (flowers)","104","DOY",NA,"Phenology Network","Year = 2015, 2015 | Site Name = Beckman Lake Highland (Cedar Creek LTER) | Individual ID = 3813"
"Acer rubrum","Last_Yes_DOY Pollen release (flowers)","104","DOY",NA,"Phenology Network","Year = 2015, 2015 | Site Name = Beckman Lake Highland (Cedar Creek LTER) | Individual ID = 3813"
"Acer rubrum","First_Yes_DOY Flowers or flower buds","103","DOY",NA,"Phenology Network","Year = 2015, 2015 | Site Name = Stony Lake Hills subdivision | Individual ID = 5016"
"Acer rubrum","Last_Yes_DOY Flowers or flower buds","108","DOY",NA,"Phenology Network","Year = 2015, 2015 | Site Name = Stony Lake Hills subdivision | Individual ID = 5016"
"Acer rubrum","First_Yes_DOY Open flowers","103","DOY",NA,"Phenology Network","Year = 2015, 2015 | Site Name = Stony Lake Hills subdivision | Individual ID = 5016"
"Acer rubrum","Last_Yes_DOY Open flowers","108","DOY",NA,"Phenology Network","Year = 2015, 2015 | Site Name = Stony Lake Hills subdivision | Individual ID = 5016"
"Acer rubrum","First_Yes_DOY Pollen release (flowers)","103","DOY",NA,"Phenology Network","Year = 2015, 2015 | Site Name = Stony Lake Hills subdivision | Individual ID = 5016"
"Acer rubrum","Last_Yes_DOY Pollen release (flowers)","103","DOY",NA,"Phenology Network","Year = 2015, 2015 | Site Name = Stony Lake Hills subdivision | Individual ID = 5016"
"Acer rubrum","First_Yes_DOY Flowers or flower buds","97","DOY",NA,"Phenology Network","Year = 2015, 2015 | Site Name = MEF S2 | Individual ID = 5051"
"Acer rubrum","Last_Yes_DOY Flowers or flower buds","118","DOY",NA,"Phenology Network","Year = 2015, 2015 | Site Name = MEF S2 | Individual ID = 5051"
"Acer rubrum","First_Yes_DOY Open flowers","105","DOY",NA,"Phenology Network","Year = 2015, 2015 | Site Name = MEF S2 | Individual ID = 5051"
"Acer rubrum","Last_Yes_DOY Open flowers","118","DOY",NA,"Phenology Network","Year = 2015, 2015 | Site Name = MEF S2 | Individual ID = 5051"
"Populus tremuloides","First_Yes_DOY Flowers or flower buds","90","DOY",NA,"Phenology Network","Year = 2015, 2015 | Site Name = MEF S2 | Individual ID = 5052"
"Populus tremuloides","Last_Yes_DOY Flowers or flower buds","125","DOY",NA,"Phenology Network","Year = 2015, 2015 | Site Name = MEF S2 | Individual ID = 5052"
"Populus tremuloides","First_Yes_DOY Open flowers","111","DOY",NA,"Phenology Network","Year = 2015, 2015 | Site Name = MEF S2 | Individual ID = 5052"
"Populus tremuloides","Last_Yes_DOY Open flowers","125","DOY",NA,"Phenology Network","Year = 2015, 2015 | Site Name = MEF S2 | Individual ID = 5052"
"Quercus alba","First_Yes_DOY Flowers or flower buds","135","DOY",NA,"Phenology Network","Year = 2015, 2015 | Site Name = Cedar Bog Lake Highland 1 | Individual ID = 5103"
"Quercus alba","Last_Yes_DOY Flowers or flower buds","139","DOY",NA,"Phenology Network","Year = 2015, 2015 | Site Name = Cedar Bog Lake Highland 1 | Individual ID = 5103"
"Quercus alba","First_Yes_DOY Open flowers","135","DOY",NA,"Phenology Network","Year = 2015, 2015 | Site Name = Cedar Bog Lake Highland 1 | Individual ID = 5103"
"Quercus alba","Last_Yes_DOY Open flowers","139","DOY",NA,"Phenology Network","Year = 2015, 2015 | Site Name = Cedar Bog Lake Highland 1 | Individual ID = 5103"
"Quercus alba","First_Yes_DOY Pollen release (flowers)","135","DOY",NA,"Phenology Network","Year = 2015, 2015 | Site Name = Cedar Bog Lake Highland 1 | Individual ID = 5103"
"Quercus alba","Last_Yes_DOY Pollen release (flowers)","139","DOY",NA,"Phenology Network","Year = 2015, 2015 | Site Name = Cedar Bog Lake Highland 1 | Individual ID = 5103"
"Quercus rubra","First_Yes_DOY Flowers or flower buds","119","DOY",NA,"Phenology Network","Year = 2015, 2015 | Site Name = Cedar Bog Lake Highland 1 | Individual ID = 5104"
"Quercus rubra","Last_Yes_DOY Flowers or flower buds","126","DOY",NA,"Phenology Network","Year = 2015, 2015 | Site Name = Cedar Bog Lake Highland 1 | Individual ID = 5104"
"Quercus rubra","First_Yes_DOY Open flowers","126","DOY",NA,"Phenology Network","Year = 2015, 2015 | Site Name = Cedar Bog Lake Highland 1 | Individual ID = 5104"
"Quercus rubra","Last_Yes_DOY Open flowers","126","DOY",NA,"Phenology Network","Year = 2015, 2015 | Site Name = Cedar Bog Lake Highland 1 | Individual ID = 5104"
"Quercus rubra","First_Yes_DOY Pollen release (flowers)","126","DOY",NA,"Phenology Network","Year = 2015, 2015 | Site Name = Cedar Bog Lake Highland 1 | Individual ID = 5104"
"Quercus rubra","Last_Yes_DOY Pollen release (flowers)","126","DOY",NA,"Phenology Network","Year = 2015, 2015 | Site Name = Cedar Bog Lake Highland 1 | Individual ID = 5104"
"Quercus alba","First_Yes_DOY Flowers or flower buds","119","DOY",NA,"Phenology Network","Year = 2015, 2015 | Site Name = Cedar Bog Lake Highland 1 | Individual ID = 5105"
"Quercus alba","Last_Yes_DOY Flowers or flower buds","135","DOY",NA,"Phenology Network","Year = 2015, 2015 | Site Name = Cedar Bog Lake Highland 1 | Individual ID = 5105"
"Quercus alba","First_Yes_DOY Open flowers","135","DOY",NA,"Phenology Network","Year = 2015, 2015 | Site Name = Cedar Bog Lake Highland 1 | Individual ID = 5105"
"Quercus alba","Last_Yes_DOY Open flowers","135","DOY",NA,"Phenology Network","Year = 2015, 2015 | Site Name = Cedar Bog Lake Highland 1 | Individual ID = 5105"
"Quercus alba","First_Yes_DOY Pollen release (flowers)","135","DOY",NA,"Phenology Network","Year = 2015, 2015 | Site Name = Cedar Bog Lake Highland 1 | Individual ID = 5105"
"Quercus alba","Last_Yes_DOY Pollen release (flowers)","135","DOY",NA,"Phenology Network","Year = 2015, 2015 | Site Name = Cedar Bog Lake Highland 1 | Individual ID = 5105"
"Quercus rubra","First_Yes_DOY Flowers or flower buds","119","DOY",NA,"Phenology Network","Year = 2015, 2015 | Site Name = Cedar Bog Lake Highland 2 | Individual ID = 5106"
"Quercus rubra","Last_Yes_DOY Flowers or flower buds","135","DOY",NA,"Phenology Network","Year = 2015, 2015 | Site Name = Cedar Bog Lake Highland 2 | Individual ID = 5106"
"Quercus rubra","First_Yes_DOY Open flowers","126","DOY",NA,"Phenology Network","Year = 2015, 2015 | Site Name = Cedar Bog Lake Highland 2 | Individual ID = 5106"
"Quercus rubra","Last_Yes_DOY Open flowers","135","DOY",NA,"Phenology Network","Year = 2015, 2015 | Site Name = Cedar Bog Lake Highland 2 | Individual ID = 5106"
"Quercus rubra","First_Yes_DOY Pollen release (flowers)","126","DOY",NA,"Phenology Network","Year = 2015, 2015 | Site Name = Cedar Bog Lake Highland 2 | Individual ID = 5106"
"Quercus rubra","Last_Yes_DOY Pollen release (flowers)","126","DOY",NA,"Phenology Network","Year = 2015, 2015 | Site Name = Cedar Bog Lake Highland 2 | Individual ID = 5106"
"Quercus rubra","First_Yes_DOY Flowers or flower buds","119","DOY",NA,"Phenology Network","Year = 2015, 2015 | Site Name = Beckman Lake Highland (Cedar Creek LTER) | Individual ID = 5109"
"Quercus rubra","Last_Yes_DOY Flowers or flower buds","126","DOY",NA,"Phenology Network","Year = 2015, 2015 | Site Name = Beckman Lake Highland (Cedar Creek LTER) | Individual ID = 5109"
"Quercus rubra","First_Yes_DOY Open flowers","126","DOY",NA,"Phenology Network","Year = 2015, 2015 | Site Name = Beckman Lake Highland (Cedar Creek LTER) | Individual ID = 5109"
"Quercus rubra","Last_Yes_DOY Open flowers","126","DOY",NA,"Phenology Network","Year = 2015, 2015 | Site Name = Beckman Lake Highland (Cedar Creek LTER) | Individual ID = 5109"
"Quercus rubra","First_Yes_DOY Pollen release (flowers)","126","DOY",NA,"Phenology Network","Year = 2015, 2015 | Site Name = Beckman Lake Highland (Cedar Creek LTER) | Individual ID = 5109"
"Quercus rubra","Last_Yes_DOY Pollen release (flowers)","126","DOY",NA,"Phenology Network","Year = 2015, 2015 | Site Name = Beckman Lake Highland (Cedar Creek LTER) | Individual ID = 5109"
"Quercus alba","First_Yes_DOY Flowers or flower buds","119","DOY",NA,"Phenology Network","Year = 2015, 2015 | Site Name = Beckman Lake Highland (Cedar Creek LTER) | Individual ID = 5110"
"Quercus alba","Last_Yes_DOY Flowers or flower buds","135","DOY",NA,"Phenology Network","Year = 2015, 2015 | Site Name = Beckman Lake Highland (Cedar Creek LTER) | Individual ID = 5110"
"Quercus alba","First_Yes_DOY Open flowers","135","DOY",NA,"Phenology Network","Year = 2015, 2015 | Site Name = Beckman Lake Highland (Cedar Creek LTER) | Individual ID = 5110"
"Quercus alba","Last_Yes_DOY Open flowers","135","DOY",NA,"Phenology Network","Year = 2015, 2015 | Site Name = Beckman Lake Highland (Cedar Creek LTER) | Individual ID = 5110"
"Quercus alba","First_Yes_DOY Pollen release (flowers)","135","DOY",NA,"Phenology Network","Year = 2015, 2015 | Site Name = Beckman Lake Highland (Cedar Creek LTER) | Individual ID = 5110"
"Quercus alba","Last_Yes_DOY Pollen release (flowers)","135","DOY",NA,"Phenology Network","Year = 2015, 2015 | Site Name = Beckman Lake Highland (Cedar Creek LTER) | Individual ID = 5110"
"Quercus alba","First_Yes_DOY Flowers or flower buds","119","DOY",NA,"Phenology Network","Year = 2015, 2015 | Site Name = PhenoCAM tower (Cedar Creek LTER) | Individual ID = 5112"
"Quercus alba","Last_Yes_DOY Flowers or flower buds","135","DOY",NA,"Phenology Network","Year = 2015, 2015 | Site Name = PhenoCAM tower (Cedar Creek LTER) | Individual ID = 5112"
"Quercus alba","First_Yes_DOY Open flowers","135","DOY",NA,"Phenology Network","Year = 2015, 2015 | Site Name = PhenoCAM tower (Cedar Creek LTER) | Individual ID = 5112"
"Quercus alba","Last_Yes_DOY Open flowers","135","DOY",NA,"Phenology Network","Year = 2015, 2015 | Site Name = PhenoCAM tower (Cedar Creek LTER) | Individual ID = 5112"
"Quercus alba","First_Yes_DOY Pollen release (flowers)","135","DOY",NA,"Phenology Network","Year = 2015, 2015 | Site Name = PhenoCAM tower (Cedar Creek LTER) | Individual ID = 5112"
"Quercus alba","Last_Yes_DOY Pollen release (flowers)","135","DOY",NA,"Phenology Network","Year = 2015, 2015 | Site Name = PhenoCAM tower (Cedar Creek LTER) | Individual ID = 5112"
"Quercus rubra","First_Yes_DOY Flowers or flower buds","119","DOY",NA,"Phenology Network","Year = 2015, 2015 | Site Name = PhenoCAM tower (Cedar Creek LTER) | Individual ID = 5113"
"Quercus rubra","Last_Yes_DOY Flowers or flower buds","135","DOY",NA,"Phenology Network","Year = 2015, 2015 | Site Name = PhenoCAM tower (Cedar Creek LTER) | Individual ID = 5113"
"Quercus rubra","First_Yes_DOY Open flowers","126","DOY",NA,"Phenology Network","Year = 2015, 2015 | Site Name = PhenoCAM tower (Cedar Creek LTER) | Individual ID = 5113"
"Quercus rubra","Last_Yes_DOY Open flowers","135","DOY",NA,"Phenology Network","Year = 2015, 2015 | Site Name = PhenoCAM tower (Cedar Creek LTER) | Individual ID = 5113"
"Quercus rubra","First_Yes_DOY Pollen release (flowers)","126","DOY",NA,"Phenology Network","Year = 2015, 2015 | Site Name = PhenoCAM tower (Cedar Creek LTER) | Individual ID = 5113"
"Quercus rubra","Last_Yes_DOY Pollen release (flowers)","135","DOY",NA,"Phenology Network","Year = 2015, 2015 | Site Name = PhenoCAM tower (Cedar Creek LTER) | Individual ID = 5113"
"Acer rubrum","First_Yes_DOY Flowers or flower buds","104","DOY",NA,"Phenology Network","Year = 2015, 2015 | Site Name = PhenoCAM tower (Cedar Creek LTER) | Individual ID = 5115"
"Acer rubrum","Last_Yes_DOY Flowers or flower buds","112","DOY",NA,"Phenology Network","Year = 2015, 2015 | Site Name = PhenoCAM tower (Cedar Creek LTER) | Individual ID = 5115"
"Acer rubrum","First_Yes_DOY Open flowers","104","DOY",NA,"Phenology Network","Year = 2015, 2015 | Site Name = PhenoCAM tower (Cedar Creek LTER) | Individual ID = 5115"
"Acer rubrum","Last_Yes_DOY Open flowers","112","DOY",NA,"Phenology Network","Year = 2015, 2015 | Site Name = PhenoCAM tower (Cedar Creek LTER) | Individual ID = 5115"
"Acer rubrum","First_Yes_DOY Flowers or flower buds","97","DOY",NA,"Phenology Network","Year = 2015, 2015 | Site Name = MEF S2 | Individual ID = 5182"
"Acer rubrum","Last_Yes_DOY Flowers or flower buds","118","DOY",NA,"Phenology Network","Year = 2015, 2015 | Site Name = MEF S2 | Individual ID = 5182"
"Acer rubrum","First_Yes_DOY Open flowers","97","DOY",NA,"Phenology Network","Year = 2015, 2015 | Site Name = MEF S2 | Individual ID = 5182"
"Acer rubrum","Last_Yes_DOY Open flowers","118","DOY",NA,"Phenology Network","Year = 2015, 2015 | Site Name = MEF S2 | Individual ID = 5182"
"Acer rubrum","First_Yes_DOY Flowers or flower buds","111","DOY",NA,"Phenology Network","Year = 2015, 2015 | Site Name = MEF S2 | Individual ID = 5183"
"Acer rubrum","Last_Yes_DOY Flowers or flower buds","118","DOY",NA,"Phenology Network","Year = 2015, 2015 | Site Name = MEF S2 | Individual ID = 5183"
"Acer rubrum","First_Yes_DOY Open flowers","111","DOY",NA,"Phenology Network","Year = 2015, 2015 | Site Name = MEF S2 | Individual ID = 5183"
"Acer rubrum","Last_Yes_DOY Open flowers","118","DOY",NA,"Phenology Network","Year = 2015, 2015 | Site Name = MEF S2 | Individual ID = 5183"
"Populus tremuloides","First_Yes_DOY Flowers or flower buds","90","DOY",NA,"Phenology Network","Year = 2015, 2015 | Site Name = MEF S2 | Individual ID = 5612"
"Populus tremuloides","Last_Yes_DOY Flowers or flower buds","105","DOY",NA,"Phenology Network","Year = 2015, 2015 | Site Name = MEF S2 | Individual ID = 5612"
"Populus tremuloides","First_Yes_DOY Flowers or flower buds","97","DOY",NA,"Phenology Network","Year = 2015, 2015 | Site Name = Stony Lake Hills subdivision | Individual ID = 9629"
"Populus tremuloides","Last_Yes_DOY Flowers or flower buds","103","DOY",NA,"Phenology Network","Year = 2015, 2015 | Site Name = Stony Lake Hills subdivision | Individual ID = 9629"
"Populus tremuloides","First_Yes_DOY Open flowers","103","DOY",NA,"Phenology Network","Year = 2015, 2015 | Site Name = Stony Lake Hills subdivision | Individual ID = 9629"
"Populus tremuloides","Last_Yes_DOY Open flowers","103","DOY",NA,"Phenology Network","Year = 2015, 2015 | Site Name = Stony Lake Hills subdivision | Individual ID = 9629"
"Populus tremuloides","First_Yes_DOY Pollen release (flowers)","103","DOY",NA,"Phenology Network","Year = 2015, 2015 | Site Name = Stony Lake Hills subdivision | Individual ID = 9629"
"Populus tremuloides","Last_Yes_DOY Pollen release (flowers)","103","DOY",NA,"Phenology Network","Year = 2015, 2015 | Site Name = Stony Lake Hills subdivision | Individual ID = 9629"
"Tilia americana","First_Yes_DOY Flowers or flower buds","153","DOY",NA,"Phenology Network","Year = 2015, 2015 | Site Name = Cedar Bog Lake Lowland 2 | Individual ID = 11001"
"Tilia americana","Last_Yes_DOY Flowers or flower buds","188","DOY",NA,"Phenology Network","Year = 2015, 2015 | Site Name = Cedar Bog Lake Lowland 2 | Individual ID = 11001"
"Tilia americana","First_Yes_DOY Open flowers","188","DOY",NA,"Phenology Network","Year = 2015, 2015 | Site Name = Cedar Bog Lake Lowland 2 | Individual ID = 11001"
"Tilia americana","Last_Yes_DOY Open flowers","188","DOY",NA,"Phenology Network","Year = 2015, 2015 | Site Name = Cedar Bog Lake Lowland 2 | Individual ID = 11001"
"Tilia americana","First_Yes_DOY Pollen release (flowers)","188","DOY",NA,"Phenology Network","Year = 2015, 2015 | Site Name = Cedar Bog Lake Lowland 2 | Individual ID = 11001"
"Tilia americana","Last_Yes_DOY Pollen release (flowers)","188","DOY",NA,"Phenology Network","Year = 2015, 2015 | Site Name = Cedar Bog Lake Lowland 2 | Individual ID = 11001"
"Tilia americana","First_Yes_DOY Flowers or flower buds","153","DOY",NA,"Phenology Network","Year = 2015, 2015 | Site Name = Cedar Bog Lake Lowland 2 | Individual ID = 11002"
"Tilia americana","Last_Yes_DOY Flowers or flower buds","188","DOY",NA,"Phenology Network","Year = 2015, 2015 | Site Name = Cedar Bog Lake Lowland 2 | Individual ID = 11002"
"Tilia americana","First_Yes_DOY Open flowers","188","DOY",NA,"Phenology Network","Year = 2015, 2015 | Site Name = Cedar Bog Lake Lowland 2 | Individual ID = 11002"
"Tilia americana","Last_Yes_DOY Open flowers","188","DOY",NA,"Phenology Network","Year = 2015, 2015 | Site Name = Cedar Bog Lake Lowland 2 | Individual ID = 11002"
"Tilia americana","First_Yes_DOY Pollen release (flowers)","188","DOY",NA,"Phenology Network","Year = 2015, 2015 | Site Name = Cedar Bog Lake Lowland 2 | Individual ID = 11002"
"Tilia americana","Last_Yes_DOY Pollen release (flowers)","188","DOY",NA,"Phenology Network","Year = 2015, 2015 | Site Name = Cedar Bog Lake Lowland 2 | Individual ID = 11002"
"Populus tremuloides","First_Yes_DOY Flowers or flower buds","91","DOY",NA,"Phenology Network","Year = 2015, 2015 | Site Name = Montgomery/WeiblenHome | Individual ID = 11360"
"Populus tremuloides","Last_Yes_DOY Flowers or flower buds","102","DOY",NA,"Phenology Network","Year = 2015, 2015 | Site Name = Montgomery/WeiblenHome | Individual ID = 11360"
"Populus tremuloides","First_Yes_DOY Open flowers","97","DOY",NA,"Phenology Network","Year = 2015, 2015 | Site Name = Montgomery/WeiblenHome | Individual ID = 11360"
"Populus tremuloides","Last_Yes_DOY Open flowers","100","DOY",NA,"Phenology Network","Year = 2015, 2015 | Site Name = Montgomery/WeiblenHome | Individual ID = 11360"
"Acer negundo","First_Yes_DOY Flowers or flower buds","106","DOY",NA,"Phenology Network","Year = 2015, 2015 | Site Name = my yard | Individual ID = 25776"
"Acer negundo","Last_Yes_DOY Flowers or flower buds","112","DOY",NA,"Phenology Network","Year = 2015, 2015 | Site Name = my yard | Individual ID = 25776"
"Acer negundo","First_Yes_DOY Open flowers","106","DOY",NA,"Phenology Network","Year = 2015, 2015 | Site Name = my yard | Individual ID = 25776"
"Acer negundo","Last_Yes_DOY Open flowers","112","DOY",NA,"Phenology Network","Year = 2015, 2015 | Site Name = my yard | Individual ID = 25776"
"Tilia americana","First_Yes_DOY Flowers or flower buds","155","DOY",NA,"Phenology Network","Year = 2015, 2015 | Site Name = my yard | Individual ID = 25991"
"Tilia americana","Last_Yes_DOY Flowers or flower buds","196","DOY",NA,"Phenology Network","Year = 2015, 2015 | Site Name = my yard | Individual ID = 25991"
"Tilia americana","First_Yes_DOY Open flowers","189","DOY",NA,"Phenology Network","Year = 2015, 2015 | Site Name = my yard | Individual ID = 25991"
"Tilia americana","Last_Yes_DOY Open flowers","196","DOY",NA,"Phenology Network","Year = 2015, 2015 | Site Name = my yard | Individual ID = 25991"
"Acer rubrum","First_Yes_DOY Flowers or flower buds","79","DOY",NA,"Phenology Network","Year = 2015, 2015 | Site Name = Project Tree watch 2 | Individual ID = 26859"
"Acer rubrum","Last_Yes_DOY Flowers or flower buds","104","DOY",NA,"Phenology Network","Year = 2015, 2015 | Site Name = Project Tree watch 2 | Individual ID = 26859"
"Acer rubrum","First_Yes_DOY Open flowers","104","DOY",NA,"Phenology Network","Year = 2015, 2015 | Site Name = Project Tree watch 2 | Individual ID = 26859"
"Acer rubrum","Last_Yes_DOY Open flowers","104","DOY",NA,"Phenology Network","Year = 2015, 2015 | Site Name = Project Tree watch 2 | Individual ID = 26859"
"Acer rubrum","First_Yes_DOY Pollen release (flowers)","104","DOY",NA,"Phenology Network","Year = 2015, 2015 | Site Name = Project Tree watch 2 | Individual ID = 26859"
"Acer rubrum","Last_Yes_DOY Pollen release (flowers)","104","DOY",NA,"Phenology Network","Year = 2015, 2015 | Site Name = Project Tree watch 2 | Individual ID = 26859"
"Acer rubrum","First_Yes_DOY Flowers or flower buds","79","DOY",NA,"Phenology Network","Year = 2015, 2015 | Site Name = Project Tree watch 2 | Individual ID = 26860"
"Acer rubrum","Last_Yes_DOY Flowers or flower buds","104","DOY",NA,"Phenology Network","Year = 2015, 2015 | Site Name = Project Tree watch 2 | Individual ID = 26860"
"Acer rubrum","First_Yes_DOY Open flowers","104","DOY",NA,"Phenology Network","Year = 2015, 2015 | Site Name = Project Tree watch 2 | Individual ID = 26860"
"Acer rubrum","Last_Yes_DOY Open flowers","104","DOY",NA,"Phenology Network","Year = 2015, 2015 | Site Name = Project Tree watch 2 | Individual ID = 26860"
"Acer rubrum","First_Yes_DOY Pollen release (flowers)","104","DOY",NA,"Phenology Network","Year = 2015, 2015 | Site Name = Project Tree watch 2 | Individual ID = 26860"
"Acer rubrum","Last_Yes_DOY Pollen release (flowers)","104","DOY",NA,"Phenology Network","Year = 2015, 2015 | Site Name = Project Tree watch 2 | Individual ID = 26860"
"Acer rubrum","First_Yes_DOY Flowers or flower buds","79","DOY",NA,"Phenology Network","Year = 2015, 2015 | Site Name = Project Tree watch 2 | Individual ID = 26861"
"Acer rubrum","Last_Yes_DOY Flowers or flower buds","104","DOY",NA,"Phenology Network","Year = 2015, 2015 | Site Name = Project Tree watch 2 | Individual ID = 26861"
"Acer rubrum","First_Yes_DOY Open flowers","104","DOY",NA,"Phenology Network","Year = 2015, 2015 | Site Name = Project Tree watch 2 | Individual ID = 26861"
"Acer rubrum","Last_Yes_DOY Open flowers","104","DOY",NA,"Phenology Network","Year = 2015, 2015 | Site Name = Project Tree watch 2 | Individual ID = 26861"
"Acer rubrum","First_Yes_DOY Pollen release (flowers)","104","DOY",NA,"Phenology Network","Year = 2015, 2015 | Site Name = Project Tree watch 2 | Individual ID = 26861"
"Acer rubrum","Last_Yes_DOY Pollen release (flowers)","104","DOY",NA,"Phenology Network","Year = 2015, 2015 | Site Name = Project Tree watch 2 | Individual ID = 26861"
"Acer rubrum","First_Yes_DOY Flowers or flower buds","79","DOY",NA,"Phenology Network","Year = 2015, 2015 | Site Name = Project Tree watch 2 | Individual ID = 26862"
"Acer rubrum","Last_Yes_DOY Flowers or flower buds","104","DOY",NA,"Phenology Network","Year = 2015, 2015 | Site Name = Project Tree watch 2 | Individual ID = 26862"
"Acer rubrum","First_Yes_DOY Open flowers","104","DOY",NA,"Phenology Network","Year = 2015, 2015 | Site Name = Project Tree watch 2 | Individual ID = 26862"
"Acer rubrum","Last_Yes_DOY Open flowers","104","DOY",NA,"Phenology Network","Year = 2015, 2015 | Site Name = Project Tree watch 2 | Individual ID = 26862"
"Acer rubrum","First_Yes_DOY Pollen release (flowers)","104","DOY",NA,"Phenology Network","Year = 2015, 2015 | Site Name = Project Tree watch 2 | Individual ID = 26862"
"Acer rubrum","Last_Yes_DOY Pollen release (flowers)","104","DOY",NA,"Phenology Network","Year = 2015, 2015 | Site Name = Project Tree watch 2 | Individual ID = 26862"
"Acer rubrum","First_Yes_DOY Flowers or flower buds","79","DOY",NA,"Phenology Network","Year = 2015, 2015 | Site Name = Project Tree watch 2 | Individual ID = 26863"
"Acer rubrum","Last_Yes_DOY Flowers or flower buds","104","DOY",NA,"Phenology Network","Year = 2015, 2015 | Site Name = Project Tree watch 2 | Individual ID = 26863"
"Acer rubrum","First_Yes_DOY Open flowers","104","DOY",NA,"Phenology Network","Year = 2015, 2015 | Site Name = Project Tree watch 2 | Individual ID = 26863"
"Acer rubrum","Last_Yes_DOY Open flowers","104","DOY",NA,"Phenology Network","Year = 2015, 2015 | Site Name = Project Tree watch 2 | Individual ID = 26863"
"Acer rubrum","First_Yes_DOY Pollen release (flowers)","104","DOY",NA,"Phenology Network","Year = 2015, 2015 | Site Name = Project Tree watch 2 | Individual ID = 26863"
"Acer rubrum","Last_Yes_DOY Pollen release (flowers)","104","DOY",NA,"Phenology Network","Year = 2015, 2015 | Site Name = Project Tree watch 2 | Individual ID = 26863"
"Fraxinus pennsylvanica","First_Yes_DOY Flowers or flower buds","112","DOY",NA,"Phenology Network","Year = 2015, 2015 | Site Name = Project Tree watch 2 | Individual ID = 26864"
"Fraxinus pennsylvanica","Last_Yes_DOY Flowers or flower buds","126","DOY",NA,"Phenology Network","Year = 2015, 2015 | Site Name = Project Tree watch 2 | Individual ID = 26864"
"Fraxinus pennsylvanica","First_Yes_DOY Open flowers","112","DOY",NA,"Phenology Network","Year = 2015, 2015 | Site Name = Project Tree watch 2 | Individual ID = 26864"
"Fraxinus pennsylvanica","Last_Yes_DOY Open flowers","126","DOY",NA,"Phenology Network","Year = 2015, 2015 | Site Name = Project Tree watch 2 | Individual ID = 26864"
"Fraxinus pennsylvanica","First_Yes_DOY Pollen release (flowers)","126","DOY",NA,"Phenology Network","Year = 2015, 2015 | Site Name = Project Tree watch 2 | Individual ID = 26864"
"Fraxinus pennsylvanica","Last_Yes_DOY Pollen release (flowers)","126","DOY",NA,"Phenology Network","Year = 2015, 2015 | Site Name = Project Tree watch 2 | Individual ID = 26864"
"Fraxinus pennsylvanica","First_Yes_DOY Flowers or flower buds","112","DOY",NA,"Phenology Network","Year = 2015, 2015 | Site Name = Project Tree watch 2 | Individual ID = 26865"
"Fraxinus pennsylvanica","Last_Yes_DOY Flowers or flower buds","126","DOY",NA,"Phenology Network","Year = 2015, 2015 | Site Name = Project Tree watch 2 | Individual ID = 26865"
"Fraxinus pennsylvanica","First_Yes_DOY Open flowers","112","DOY",NA,"Phenology Network","Year = 2015, 2015 | Site Name = Project Tree watch 2 | Individual ID = 26865"
"Fraxinus pennsylvanica","Last_Yes_DOY Open flowers","126","DOY",NA,"Phenology Network","Year = 2015, 2015 | Site Name = Project Tree watch 2 | Individual ID = 26865"
"Fraxinus pennsylvanica","First_Yes_DOY Pollen release (flowers)","126","DOY",NA,"Phenology Network","Year = 2015, 2015 | Site Name = Project Tree watch 2 | Individual ID = 26865"
"Fraxinus pennsylvanica","Last_Yes_DOY Pollen release (flowers)","126","DOY",NA,"Phenology Network","Year = 2015, 2015 | Site Name = Project Tree watch 2 | Individual ID = 26865"
"Fraxinus pennsylvanica","First_Yes_DOY Flowers or flower buds","112","DOY",NA,"Phenology Network","Year = 2015, 2015 | Site Name = Project Tree watch 2 | Individual ID = 26866"
"Fraxinus pennsylvanica","Last_Yes_DOY Flowers or flower buds","126","DOY",NA,"Phenology Network","Year = 2015, 2015 | Site Name = Project Tree watch 2 | Individual ID = 26866"
"Fraxinus pennsylvanica","First_Yes_DOY Open flowers","112","DOY",NA,"Phenology Network","Year = 2015, 2015 | Site Name = Project Tree watch 2 | Individual ID = 26866"
"Fraxinus pennsylvanica","Last_Yes_DOY Open flowers","126","DOY",NA,"Phenology Network","Year = 2015, 2015 | Site Name = Project Tree watch 2 | Individual ID = 26866"
"Fraxinus pennsylvanica","First_Yes_DOY Pollen release (flowers)","126","DOY",NA,"Phenology Network","Year = 2015, 2015 | Site Name = Project Tree watch 2 | Individual ID = 26866"
"Fraxinus pennsylvanica","Last_Yes_DOY Pollen release (flowers)","126","DOY",NA,"Phenology Network","Year = 2015, 2015 | Site Name = Project Tree watch 2 | Individual ID = 26866"
"Fraxinus pennsylvanica","First_Yes_DOY Flowers or flower buds","112","DOY",NA,"Phenology Network","Year = 2015, 2015 | Site Name = Project Tree watch 2 | Individual ID = 26867"
"Fraxinus pennsylvanica","Last_Yes_DOY Flowers or flower buds","126","DOY",NA,"Phenology Network","Year = 2015, 2015 | Site Name = Project Tree watch 2 | Individual ID = 26867"
"Fraxinus pennsylvanica","First_Yes_DOY Open flowers","112","DOY",NA,"Phenology Network","Year = 2015, 2015 | Site Name = Project Tree watch 2 | Individual ID = 26867"
"Fraxinus pennsylvanica","Last_Yes_DOY Open flowers","126","DOY",NA,"Phenology Network","Year = 2015, 2015 | Site Name = Project Tree watch 2 | Individual ID = 26867"
"Fraxinus pennsylvanica","First_Yes_DOY Pollen release (flowers)","126","DOY",NA,"Phenology Network","Year = 2015, 2015 | Site Name = Project Tree watch 2 | Individual ID = 26867"
"Fraxinus pennsylvanica","Last_Yes_DOY Pollen release (flowers)","126","DOY",NA,"Phenology Network","Year = 2015, 2015 | Site Name = Project Tree watch 2 | Individual ID = 26867"
"Fraxinus pennsylvanica","First_Yes_DOY Flowers or flower buds","112","DOY",NA,"Phenology Network","Year = 2015, 2015 | Site Name = Project Tree watch 2 | Individual ID = 26868"
"Fraxinus pennsylvanica","Last_Yes_DOY Flowers or flower buds","126","DOY",NA,"Phenology Network","Year = 2015, 2015 | Site Name = Project Tree watch 2 | Individual ID = 26868"
"Fraxinus pennsylvanica","First_Yes_DOY Open flowers","112","DOY",NA,"Phenology Network","Year = 2015, 2015 | Site Name = Project Tree watch 2 | Individual ID = 26868"
"Fraxinus pennsylvanica","Last_Yes_DOY Open flowers","126","DOY",NA,"Phenology Network","Year = 2015, 2015 | Site Name = Project Tree watch 2 | Individual ID = 26868"
"Fraxinus pennsylvanica","First_Yes_DOY Pollen release (flowers)","126","DOY",NA,"Phenology Network","Year = 2015, 2015 | Site Name = Project Tree watch 2 | Individual ID = 26868"
"Fraxinus pennsylvanica","Last_Yes_DOY Pollen release (flowers)","126","DOY",NA,"Phenology Network","Year = 2015, 2015 | Site Name = Project Tree watch 2 | Individual ID = 26868"
"Quercus rubra","First_Yes_DOY Flowers or flower buds","127","DOY",NA,"Phenology Network","Year = 2015, 2015 | Site Name = Homestead | Individual ID = 34941"
"Quercus rubra","Last_Yes_DOY Flowers or flower buds","127","DOY",NA,"Phenology Network","Year = 2015, 2015 | Site Name = Homestead | Individual ID = 34941"
"Populus deltoides","First_Yes_DOY Flowers or flower buds","98","DOY",NA,"Phenology Network","Year = 2015, 2015 | Site Name = Kroening Interpretive Center | Individual ID = 38500"
"Populus deltoides","Last_Yes_DOY Flowers or flower buds","98","DOY",NA,"Phenology Network","Year = 2015, 2015 | Site Name = Kroening Interpretive Center | Individual ID = 38500"
"Populus deltoides","First_Yes_DOY Flowers or flower buds","108","DOY",NA,"Phenology Network","Year = 2015, 2015 | Site Name = Kroening Interpretive Center | Individual ID = 38500"
"Populus deltoides","Last_Yes_DOY Flowers or flower buds","108","DOY",NA,"Phenology Network","Year = 2015, 2015 | Site Name = Kroening Interpretive Center | Individual ID = 38500"
"Populus deltoides","First_Yes_DOY Flowers or flower buds","113","DOY",NA,"Phenology Network","Year = 2015, 2015 | Site Name = Kroening Interpretive Center | Individual ID = 38500"
"Populus deltoides","Last_Yes_DOY Flowers or flower buds","113","DOY",NA,"Phenology Network","Year = 2015, 2015 | Site Name = Kroening Interpretive Center | Individual ID = 38500"
"Populus deltoides","First_Yes_DOY Flowers or flower buds","128","DOY",NA,"Phenology Network","Year = 2015, 2015 | Site Name = Kroening Interpretive Center | Individual ID = 38500"
"Populus deltoides","Last_Yes_DOY Flowers or flower buds","128","DOY",NA,"Phenology Network","Year = 2015, 2015 | Site Name = Kroening Interpretive Center | Individual ID = 38500"
"Populus deltoides","First_Yes_DOY Open flowers","108","DOY",NA,"Phenology Network","Year = 2015, 2015 | Site Name = Kroening Interpretive Center | Individual ID = 38500"
"Populus deltoides","Last_Yes_DOY Open flowers","108","DOY",NA,"Phenology Network","Year = 2015, 2015 | Site Name = Kroening Interpretive Center | Individual ID = 38500"
"Populus deltoides","First_Yes_DOY Open flowers","113","DOY",NA,"Phenology Network","Year = 2015, 2015 | Site Name = Kroening Interpretive Center | Individual ID = 38500"
"Populus deltoides","Last_Yes_DOY Open flowers","113","DOY",NA,"Phenology Network","Year = 2015, 2015 | Site Name = Kroening Interpretive Center | Individual ID = 38500"
"Populus deltoides","First_Yes_DOY Pollen release (flowers)","108","DOY",NA,"Phenology Network","Year = 2015, 2015 | Site Name = Kroening Interpretive Center | Individual ID = 38500"
"Populus deltoides","Last_Yes_DOY Pollen release (flowers)","108","DOY",NA,"Phenology Network","Year = 2015, 2015 | Site Name = Kroening Interpretive Center | Individual ID = 38500"
"Populus deltoides","First_Yes_DOY Pollen release (flowers)","165","DOY",NA,"Phenology Network","Year = 2015, 2015 | Site Name = Kroening Interpretive Center | Individual ID = 38500"
"Populus deltoides","Last_Yes_DOY Pollen release (flowers)","165","DOY",NA,"Phenology Network","Year = 2015, 2015 | Site Name = Kroening Interpretive Center | Individual ID = 38500"
"Quercus palustris","First_Yes_DOY Flowers or flower buds","119","DOY",NA,"Phenology Network","Year = 2015, 2015 | Site Name = Project Tree watch 2 | Individual ID = 41331"
"Quercus palustris","Last_Yes_DOY Flowers or flower buds","135","DOY",NA,"Phenology Network","Year = 2015, 2015 | Site Name = Project Tree watch 2 | Individual ID = 41331"
"Quercus palustris","First_Yes_DOY Open flowers","126","DOY",NA,"Phenology Network","Year = 2015, 2015 | Site Name = Project Tree watch 2 | Individual ID = 41331"
"Quercus palustris","Last_Yes_DOY Open flowers","135","DOY",NA,"Phenology Network","Year = 2015, 2015 | Site Name = Project Tree watch 2 | Individual ID = 41331"
"Quercus palustris","First_Yes_DOY Pollen release (flowers)","126","DOY",NA,"Phenology Network","Year = 2015, 2015 | Site Name = Project Tree watch 2 | Individual ID = 41331"
"Quercus palustris","Last_Yes_DOY Pollen release (flowers)","135","DOY",NA,"Phenology Network","Year = 2015, 2015 | Site Name = Project Tree watch 2 | Individual ID = 41331"
"Quercus palustris","First_Yes_DOY Flowers or flower buds","119","DOY",NA,"Phenology Network","Year = 2015, 2015 | Site Name = Project Tree watch 2 | Individual ID = 41332"
"Quercus palustris","Last_Yes_DOY Flowers or flower buds","135","DOY",NA,"Phenology Network","Year = 2015, 2015 | Site Name = Project Tree watch 2 | Individual ID = 41332"
"Quercus palustris","First_Yes_DOY Open flowers","126","DOY",NA,"Phenology Network","Year = 2015, 2015 | Site Name = Project Tree watch 2 | Individual ID = 41332"
"Quercus palustris","Last_Yes_DOY Open flowers","135","DOY",NA,"Phenology Network","Year = 2015, 2015 | Site Name = Project Tree watch 2 | Individual ID = 41332"
"Quercus palustris","First_Yes_DOY Pollen release (flowers)","126","DOY",NA,"Phenology Network","Year = 2015, 2015 | Site Name = Project Tree watch 2 | Individual ID = 41332"
"Quercus palustris","Last_Yes_DOY Pollen release (flowers)","135","DOY",NA,"Phenology Network","Year = 2015, 2015 | Site Name = Project Tree watch 2 | Individual ID = 41332"
"Acer rubrum","First_Yes_DOY Flowers or flower buds","78","DOY",NA,"Phenology Network","Year = 2015, 2015 | Site Name = Michigan house | Individual ID = 41859"
"Acer rubrum","Last_Yes_DOY Flowers or flower buds","114","DOY",NA,"Phenology Network","Year = 2015, 2015 | Site Name = Michigan house | Individual ID = 41859"
"Acer rubrum","First_Yes_DOY Open flowers","104","DOY",NA,"Phenology Network","Year = 2015, 2015 | Site Name = Michigan house | Individual ID = 41859"
"Acer rubrum","Last_Yes_DOY Open flowers","114","DOY",NA,"Phenology Network","Year = 2015, 2015 | Site Name = Michigan house | Individual ID = 41859"
"Acer rubrum","First_Yes_DOY Pollen release (flowers)","104","DOY",NA,"Phenology Network","Year = 2015, 2015 | Site Name = Michigan house | Individual ID = 41859"
"Acer rubrum","Last_Yes_DOY Pollen release (flowers)","114","DOY",NA,"Phenology Network","Year = 2015, 2015 | Site Name = Michigan house | Individual ID = 41859"
"Acer rubrum","First_Yes_DOY Flowers or flower buds","78","DOY",NA,"Phenology Network","Year = 2015, 2015 | Site Name = Michigan house | Individual ID = 41860"
"Acer rubrum","Last_Yes_DOY Flowers or flower buds","120","DOY",NA,"Phenology Network","Year = 2015, 2015 | Site Name = Michigan house | Individual ID = 41860"
"Acer rubrum","First_Yes_DOY Open flowers","104","DOY",NA,"Phenology Network","Year = 2015, 2015 | Site Name = Michigan house | Individual ID = 41860"
"Acer rubrum","Last_Yes_DOY Open flowers","120","DOY",NA,"Phenology Network","Year = 2015, 2015 | Site Name = Michigan house | Individual ID = 41860"
"Acer rubrum","First_Yes_DOY Pollen release (flowers)","111","DOY",NA,"Phenology Network","Year = 2015, 2015 | Site Name = Michigan house | Individual ID = 41860"
"Acer rubrum","Last_Yes_DOY Pollen release (flowers)","120","DOY",NA,"Phenology Network","Year = 2015, 2015 | Site Name = Michigan house | Individual ID = 41860"
"Quercus palustris","First_Yes_DOY Flowers or flower buds","119","DOY",NA,"Phenology Network","Year = 2015, 2015 | Site Name = St Paul (Como neighborhood)  | Individual ID = 42000"
"Quercus palustris","Last_Yes_DOY Flowers or flower buds","119","DOY",NA,"Phenology Network","Year = 2015, 2015 | Site Name = St Paul (Como neighborhood)  | Individual ID = 42000"
"Quercus palustris","First_Yes_DOY Open flowers","119","DOY",NA,"Phenology Network","Year = 2015, 2015 | Site Name = St Paul (Como neighborhood)  | Individual ID = 42000"
"Quercus palustris","Last_Yes_DOY Open flowers","119","DOY",NA,"Phenology Network","Year = 2015, 2015 | Site Name = St Paul (Como neighborhood)  | Individual ID = 42000"
"Acer saccharinum","First_Yes_DOY Flowers or flower buds","75","DOY",NA,"Phenology Network","Year = 2015, 2015 | Site Name = home backyard | Individual ID = 42939"
"Acer saccharinum","Last_Yes_DOY Flowers or flower buds","115","DOY",NA,"Phenology Network","Year = 2015, 2015 | Site Name = home backyard | Individual ID = 42939"
"Acer saccharinum","First_Yes_DOY Open flowers","81","DOY",NA,"Phenology Network","Year = 2015, 2015 | Site Name = home backyard | Individual ID = 42939"
"Acer saccharinum","Last_Yes_DOY Open flowers","115","DOY",NA,"Phenology Network","Year = 2015, 2015 | Site Name = home backyard | Individual ID = 42939"
"Acer negundo","First_Yes_DOY Flowers or flower buds","94","DOY",NA,"Phenology Network","Year = 2015, 2015 | Site Name = Kroening Interpretive Center | Individual ID = 46616"
"Acer negundo","Last_Yes_DOY Flowers or flower buds","98","DOY",NA,"Phenology Network","Year = 2015, 2015 | Site Name = Kroening Interpretive Center | Individual ID = 46616"
"Acer negundo","First_Yes_DOY Flowers or flower buds","108","DOY",NA,"Phenology Network","Year = 2015, 2015 | Site Name = Kroening Interpretive Center | Individual ID = 46616"
"Acer negundo","Last_Yes_DOY Flowers or flower buds","113","DOY",NA,"Phenology Network","Year = 2015, 2015 | Site Name = Kroening Interpretive Center | Individual ID = 46616"
"Acer negundo","First_Yes_DOY Open flowers","108","DOY",NA,"Phenology Network","Year = 2015, 2015 | Site Name = Kroening Interpretive Center | Individual ID = 46616"
"Acer negundo","Last_Yes_DOY Open flowers","113","DOY",NA,"Phenology Network","Year = 2015, 2015 | Site Name = Kroening Interpretive Center | Individual ID = 46616"
"Quercus rubra","First_Yes_DOY Flowers or flower buds","129","DOY",NA,"Phenology Network","Year = 2015, 2015 | Site Name = School | Individual ID = 46665"
"Quercus rubra","Last_Yes_DOY Flowers or flower buds","143","DOY",NA,"Phenology Network","Year = 2015, 2015 | Site Name = School | Individual ID = 46665"
"Quercus rubra","First_Yes_DOY Open flowers","143","DOY",NA,"Phenology Network","Year = 2015, 2015 | Site Name = School | Individual ID = 46665"
"Quercus rubra","Last_Yes_DOY Open flowers","157","DOY",NA,"Phenology Network","Year = 2015, 2015 | Site Name = School | Individual ID = 46665"
"Tilia americana","First_Yes_DOY Flowers or flower buds","143","DOY",NA,"Phenology Network","Year = 2015, 2015 | Site Name = School | Individual ID = 46667"
"Tilia americana","Last_Yes_DOY Flowers or flower buds","171","DOY",NA,"Phenology Network","Year = 2015, 2015 | Site Name = School | Individual ID = 46667"
"Tilia americana","First_Yes_DOY Open flowers","179","DOY",NA,"Phenology Network","Year = 2015, 2015 | Site Name = School | Individual ID = 46667"
"Tilia americana","Last_Yes_DOY Open flowers","185","DOY",NA,"Phenology Network","Year = 2015, 2015 | Site Name = School | Individual ID = 46667"
"Acer rubrum","First_Yes_DOY Flowers or flower buds","79","DOY",NA,"Phenology Network","Year = 2015, 2015 | Site Name = Cedar Creek Home | Individual ID = 48157"
"Acer rubrum","Last_Yes_DOY Flowers or flower buds","91","DOY",NA,"Phenology Network","Year = 2015, 2015 | Site Name = Cedar Creek Home | Individual ID = 48157"
"Acer rubrum","First_Yes_DOY Flowers or flower buds","93","DOY",NA,"Phenology Network","Year = 2015, 2015 | Site Name = neighborhood | Individual ID = 48292"
"Acer rubrum","Last_Yes_DOY Flowers or flower buds","110","DOY",NA,"Phenology Network","Year = 2015, 2015 | Site Name = neighborhood | Individual ID = 48292"
"Acer rubrum","First_Yes_DOY Open flowers","93","DOY",NA,"Phenology Network","Year = 2015, 2015 | Site Name = neighborhood | Individual ID = 48292"
"Acer rubrum","Last_Yes_DOY Open flowers","110","DOY",NA,"Phenology Network","Year = 2015, 2015 | Site Name = neighborhood | Individual ID = 48292"
"Acer rubrum","First_Yes_DOY Flowers or flower buds","111","DOY",NA,"Phenology Network","Year = 2015, 2015 | Site Name = St Paul Campus | Individual ID = 50308"
"Acer rubrum","Last_Yes_DOY Flowers or flower buds","111","DOY",NA,"Phenology Network","Year = 2015, 2015 | Site Name = St Paul Campus | Individual ID = 50308"
"Acer rubrum","First_Yes_DOY Open flowers","111","DOY",NA,"Phenology Network","Year = 2015, 2015 | Site Name = St Paul Campus | Individual ID = 50308"
"Acer rubrum","Last_Yes_DOY Open flowers","111","DOY",NA,"Phenology Network","Year = 2015, 2015 | Site Name = St Paul Campus | Individual ID = 50308"
"Acer rubrum","First_Yes_DOY Pollen release (flowers)","111","DOY",NA,"Phenology Network","Year = 2015, 2015 | Site Name = St Paul Campus | Individual ID = 50308"
"Acer rubrum","Last_Yes_DOY Pollen release (flowers)","111","DOY",NA,"Phenology Network","Year = 2015, 2015 | Site Name = St Paul Campus | Individual ID = 50308"
"Acer negundo","First_Yes_DOY Flowers or flower buds","105","DOY",NA,"Phenology Network","Year = 2015, 2015 | Site Name = Wood Lake Nature Center | Individual ID = 52983"
"Acer negundo","Last_Yes_DOY Flowers or flower buds","105","DOY",NA,"Phenology Network","Year = 2015, 2015 | Site Name = Wood Lake Nature Center | Individual ID = 52983"
"Acer negundo","First_Yes_DOY Pollen release (flowers)","218","DOY",NA,"Phenology Network","Year = 2015, 2015 | Site Name = Wood Lake Nature Center | Individual ID = 52983"
"Acer negundo","Last_Yes_DOY Pollen release (flowers)","218","DOY",NA,"Phenology Network","Year = 2015, 2015 | Site Name = Wood Lake Nature Center | Individual ID = 52983"
"Populus deltoides","First_Yes_DOY Flowers or flower buds","98","DOY",NA,"Phenology Network","Year = 2015, 2015 | Site Name = Wood Lake Nature Center | Individual ID = 52985"
"Populus deltoides","Last_Yes_DOY Flowers or flower buds","98","DOY",NA,"Phenology Network","Year = 2015, 2015 | Site Name = Wood Lake Nature Center | Individual ID = 52985"
"Populus deltoides","First_Yes_DOY Flowers or flower buds","126","DOY",NA,"Phenology Network","Year = 2015, 2015 | Site Name = Wood Lake Nature Center | Individual ID = 52985"
"Populus deltoides","Last_Yes_DOY Flowers or flower buds","126","DOY",NA,"Phenology Network","Year = 2015, 2015 | Site Name = Wood Lake Nature Center | Individual ID = 52985"
"Populus deltoides","First_Yes_DOY Open flowers","105","DOY",NA,"Phenology Network","Year = 2015, 2015 | Site Name = Wood Lake Nature Center | Individual ID = 52985"
"Populus deltoides","Last_Yes_DOY Open flowers","105","DOY",NA,"Phenology Network","Year = 2015, 2015 | Site Name = Wood Lake Nature Center | Individual ID = 52985"
"Quercus palustris","First_Yes_DOY Flowers or flower buds","126","DOY",NA,"Phenology Network","Year = 2015, 2015 | Site Name = Wood Lake Nature Center | Individual ID = 52987"
"Quercus palustris","Last_Yes_DOY Flowers or flower buds","126","DOY",NA,"Phenology Network","Year = 2015, 2015 | Site Name = Wood Lake Nature Center | Individual ID = 52987"
"Quercus palustris","First_Yes_DOY Open flowers","126","DOY",NA,"Phenology Network","Year = 2015, 2015 | Site Name = Wood Lake Nature Center | Individual ID = 52987"
"Quercus palustris","Last_Yes_DOY Open flowers","126","DOY",NA,"Phenology Network","Year = 2015, 2015 | Site Name = Wood Lake Nature Center | Individual ID = 52987"
"Quercus palustris","First_Yes_DOY Pollen release (flowers)","132","DOY",NA,"Phenology Network","Year = 2015, 2015 | Site Name = Wood Lake Nature Center | Individual ID = 52987"
"Quercus palustris","Last_Yes_DOY Pollen release (flowers)","132","DOY",NA,"Phenology Network","Year = 2015, 2015 | Site Name = Wood Lake Nature Center | Individual ID = 52987"
"Acer saccharinum","First_Yes_DOY Flowers or flower buds","91","DOY",NA,"Phenology Network","Year = 2015, 2015 | Site Name = Wood Lake Nature Center | Individual ID = 52988"
"Acer saccharinum","Last_Yes_DOY Flowers or flower buds","105","DOY",NA,"Phenology Network","Year = 2015, 2015 | Site Name = Wood Lake Nature Center | Individual ID = 52988"
"Acer saccharinum","First_Yes_DOY Pollen release (flowers)","119","DOY",NA,"Phenology Network","Year = 2015, 2015 | Site Name = Wood Lake Nature Center | Individual ID = 52988"
"Acer saccharinum","Last_Yes_DOY Pollen release (flowers)","126","DOY",NA,"Phenology Network","Year = 2015, 2015 | Site Name = Wood Lake Nature Center | Individual ID = 52988"
"Quercus alba","First_Yes_DOY Flowers or flower buds","124","DOY",NA,"Phenology Network","Year = 2015, 2015 | Site Name = Home | Individual ID = 53576"
"Quercus alba","Last_Yes_DOY Flowers or flower buds","124","DOY",NA,"Phenology Network","Year = 2015, 2015 | Site Name = Home | Individual ID = 53576"
"Quercus rubra","First_Yes_DOY Flowers or flower buds","132","DOY",NA,"Phenology Network","Year = 2015, 2015 | Site Name = NADP | Individual ID = 60255"
"Quercus rubra","Last_Yes_DOY Flowers or flower buds","132","DOY",NA,"Phenology Network","Year = 2015, 2015 | Site Name = NADP | Individual ID = 60255"
"Quercus rubra","First_Yes_DOY Open flowers","146","DOY",NA,"Phenology Network","Year = 2015, 2015 | Site Name = NADP | Individual ID = 60255"
"Quercus rubra","Last_Yes_DOY Open flowers","146","DOY",NA,"Phenology Network","Year = 2015, 2015 | Site Name = NADP | Individual ID = 60255"
"Quercus rubra","First_Yes_DOY Pollen release (flowers)","146","DOY",NA,"Phenology Network","Year = 2015, 2015 | Site Name = NADP | Individual ID = 60255"
"Quercus rubra","Last_Yes_DOY Pollen release (flowers)","153","DOY",NA,"Phenology Network","Year = 2015, 2015 | Site Name = NADP | Individual ID = 60255"
"Quercus rubra","First_Yes_DOY Flowers or flower buds","132","DOY",NA,"Phenology Network","Year = 2015, 2015 | Site Name = NADP | Individual ID = 60256"
"Quercus rubra","Last_Yes_DOY Flowers or flower buds","132","DOY",NA,"Phenology Network","Year = 2015, 2015 | Site Name = NADP | Individual ID = 60256"
"Quercus rubra","First_Yes_DOY Flowers or flower buds","125","DOY",NA,"Phenology Network","Year = 2015, 2015 | Site Name = NADP | Individual ID = 60257"
"Quercus rubra","Last_Yes_DOY Flowers or flower buds","132","DOY",NA,"Phenology Network","Year = 2015, 2015 | Site Name = NADP | Individual ID = 60257"
"Quercus rubra","First_Yes_DOY Open flowers","146","DOY",NA,"Phenology Network","Year = 2015, 2015 | Site Name = NADP | Individual ID = 60257"
"Quercus rubra","Last_Yes_DOY Open flowers","146","DOY",NA,"Phenology Network","Year = 2015, 2015 | Site Name = NADP | Individual ID = 60257"
"Quercus rubra","First_Yes_DOY Pollen release (flowers)","146","DOY",NA,"Phenology Network","Year = 2015, 2015 | Site Name = NADP | Individual ID = 60257"
"Quercus rubra","Last_Yes_DOY Pollen release (flowers)","153","DOY",NA,"Phenology Network","Year = 2015, 2015 | Site Name = NADP | Individual ID = 60257"
"Populus tremuloides","First_Yes_DOY Flowers or flower buds","119","DOY",NA,"Phenology Network","Year = 2015, 2015 | Site Name = Homestead | Individual ID = 68445"
"Populus tremuloides","Last_Yes_DOY Flowers or flower buds","119","DOY",NA,"Phenology Network","Year = 2015, 2015 | Site Name = Homestead | Individual ID = 68445"
"Populus tremuloides","First_Yes_DOY Open flowers","119","DOY",NA,"Phenology Network","Year = 2015, 2015 | Site Name = Homestead | Individual ID = 68445"
"Populus tremuloides","Last_Yes_DOY Open flowers","119","DOY",NA,"Phenology Network","Year = 2015, 2015 | Site Name = Homestead | Individual ID = 68445"
"Populus tremuloides","First_Yes_DOY Pollen release (flowers)","119","DOY",NA,"Phenology Network","Year = 2015, 2015 | Site Name = Homestead | Individual ID = 68445"
"Populus tremuloides","Last_Yes_DOY Pollen release (flowers)","119","DOY",NA,"Phenology Network","Year = 2015, 2015 | Site Name = Homestead | Individual ID = 68445"
"Acer negundo","First_Yes_DOY Flowers or flower buds","94","DOY",NA,"Phenology Network","Year = 2015, 2015 | Site Name = Home and verge | Individual ID = 69017"
"Acer negundo","Last_Yes_DOY Flowers or flower buds","94","DOY",NA,"Phenology Network","Year = 2015, 2015 | Site Name = Home and verge | Individual ID = 69017"
"Acer negundo","First_Yes_DOY Open flowers","94","DOY",NA,"Phenology Network","Year = 2015, 2015 | Site Name = Home and verge | Individual ID = 69017"
"Acer negundo","Last_Yes_DOY Open flowers","94","DOY",NA,"Phenology Network","Year = 2015, 2015 | Site Name = Home and verge | Individual ID = 69017"
"Acer rubrum","First_Yes_DOY Flowers or flower buds","91","DOY",NA,"Phenology Network","Year = 2015, 2015 | Site Name = Back Yard | Individual ID = 69122"
"Acer rubrum","Last_Yes_DOY Flowers or flower buds","119","DOY",NA,"Phenology Network","Year = 2015, 2015 | Site Name = Back Yard | Individual ID = 69122"
"Acer rubrum","First_Yes_DOY Open flowers","91","DOY",NA,"Phenology Network","Year = 2015, 2015 | Site Name = Back Yard | Individual ID = 69122"
"Acer rubrum","Last_Yes_DOY Open flowers","121","DOY",NA,"Phenology Network","Year = 2015, 2015 | Site Name = Back Yard | Individual ID = 69122"
"Acer rubrum","First_Yes_DOY Pollen release (flowers)","91","DOY",NA,"Phenology Network","Year = 2015, 2015 | Site Name = Back Yard | Individual ID = 69122"
"Acer rubrum","Last_Yes_DOY Pollen release (flowers)","112","DOY",NA,"Phenology Network","Year = 2015, 2015 | Site Name = Back Yard | Individual ID = 69122"
"Acer rubrum","First_Yes_DOY Pollen release (flowers)","119","DOY",NA,"Phenology Network","Year = 2015, 2015 | Site Name = Back Yard | Individual ID = 69122"
"Acer rubrum","Last_Yes_DOY Pollen release (flowers)","119","DOY",NA,"Phenology Network","Year = 2015, 2015 | Site Name = Back Yard | Individual ID = 69122"
"Acer saccharinum","First_Yes_DOY Flowers or flower buds","76","DOY",NA,"Phenology Network","Year = 2015, 2015 | Site Name = Back Yard | Individual ID = 69125"
"Acer saccharinum","Last_Yes_DOY Flowers or flower buds","117","DOY",NA,"Phenology Network","Year = 2015, 2015 | Site Name = Back Yard | Individual ID = 69125"
"Acer saccharinum","First_Yes_DOY Open flowers","76","DOY",NA,"Phenology Network","Year = 2015, 2015 | Site Name = Back Yard | Individual ID = 69125"
"Acer saccharinum","Last_Yes_DOY Open flowers","117","DOY",NA,"Phenology Network","Year = 2015, 2015 | Site Name = Back Yard | Individual ID = 69125"
"Acer saccharinum","First_Yes_DOY Pollen release (flowers)","76","DOY",NA,"Phenology Network","Year = 2015, 2015 | Site Name = Back Yard | Individual ID = 69125"
"Acer saccharinum","Last_Yes_DOY Pollen release (flowers)","107","DOY",NA,"Phenology Network","Year = 2015, 2015 | Site Name = Back Yard | Individual ID = 69125"
"Acer saccharinum","First_Yes_DOY Pollen release (flowers)","112","DOY",NA,"Phenology Network","Year = 2015, 2015 | Site Name = Back Yard | Individual ID = 69125"
"Acer saccharinum","Last_Yes_DOY Pollen release (flowers)","117","DOY",NA,"Phenology Network","Year = 2015, 2015 | Site Name = Back Yard | Individual ID = 69125"
"Quercus alba","First_Yes_DOY Flowers or flower buds","136","DOY",NA,"Phenology Network","Year = 2015, 2015 | Site Name = Michigan house | Individual ID = 69158"
"Quercus alba","Last_Yes_DOY Flowers or flower buds","136","DOY",NA,"Phenology Network","Year = 2015, 2015 | Site Name = Michigan house | Individual ID = 69158"
"Quercus alba","First_Yes_DOY Open flowers","136","DOY",NA,"Phenology Network","Year = 2015, 2015 | Site Name = Michigan house | Individual ID = 69158"
"Quercus alba","Last_Yes_DOY Open flowers","136","DOY",NA,"Phenology Network","Year = 2015, 2015 | Site Name = Michigan house | Individual ID = 69158"
"Quercus alba","First_Yes_DOY Pollen release (flowers)","136","DOY",NA,"Phenology Network","Year = 2015, 2015 | Site Name = Michigan house | Individual ID = 69158"
"Quercus alba","Last_Yes_DOY Pollen release (flowers)","136","DOY",NA,"Phenology Network","Year = 2015, 2015 | Site Name = Michigan house | Individual ID = 69158"
"Fraxinus pennsylvanica","First_Yes_DOY Flowers or flower buds","103","DOY",NA,"Phenology Network","Year = 2015, 2015 | Site Name = Circle Trail | Individual ID = 74743"
"Fraxinus pennsylvanica","Last_Yes_DOY Flowers or flower buds","112","DOY",NA,"Phenology Network","Year = 2015, 2015 | Site Name = Circle Trail | Individual ID = 74743"
"Fraxinus pennsylvanica","First_Yes_DOY Flowers or flower buds","121","DOY",NA,"Phenology Network","Year = 2015, 2015 | Site Name = Circle Trail | Individual ID = 74743"
"Fraxinus pennsylvanica","Last_Yes_DOY Flowers or flower buds","121","DOY",NA,"Phenology Network","Year = 2015, 2015 | Site Name = Circle Trail | Individual ID = 74743"
"Fraxinus pennsylvanica","First_Yes_DOY Open flowers","112","DOY",NA,"Phenology Network","Year = 2015, 2015 | Site Name = Circle Trail | Individual ID = 74743"
"Fraxinus pennsylvanica","Last_Yes_DOY Open flowers","121","DOY",NA,"Phenology Network","Year = 2015, 2015 | Site Name = Circle Trail | Individual ID = 74743"
"Fraxinus pennsylvanica","First_Yes_DOY Pollen release (flowers)","112","DOY",NA,"Phenology Network","Year = 2015, 2015 | Site Name = Circle Trail | Individual ID = 74743"
"Fraxinus pennsylvanica","Last_Yes_DOY Pollen release (flowers)","121","DOY",NA,"Phenology Network","Year = 2015, 2015 | Site Name = Circle Trail | Individual ID = 74743"
"Acer rubrum","First_Yes_DOY Flowers or flower buds","91","DOY",NA,"Phenology Network","Year = 2015, 2015 | Site Name = Wood Lake Nature Center | Individual ID = 78054"
"Acer rubrum","Last_Yes_DOY Flowers or flower buds","98","DOY",NA,"Phenology Network","Year = 2015, 2015 | Site Name = Wood Lake Nature Center | Individual ID = 78054"
"Acer rubrum","First_Yes_DOY Flowers or flower buds","112","DOY",NA,"Phenology Network","Year = 2015, 2015 | Site Name = Wood Lake Nature Center | Individual ID = 78054"
"Acer rubrum","Last_Yes_DOY Flowers or flower buds","112","DOY",NA,"Phenology Network","Year = 2015, 2015 | Site Name = Wood Lake Nature Center | Individual ID = 78054"
"Acer rubrum","First_Yes_DOY Open flowers","105","DOY",NA,"Phenology Network","Year = 2015, 2015 | Site Name = Wood Lake Nature Center | Individual ID = 78054"
"Acer rubrum","Last_Yes_DOY Open flowers","112","DOY",NA,"Phenology Network","Year = 2015, 2015 | Site Name = Wood Lake Nature Center | Individual ID = 78054"
"Acer rubrum","First_Yes_DOY Open flowers","126","DOY",NA,"Phenology Network","Year = 2015, 2015 | Site Name = Wood Lake Nature Center | Individual ID = 78054"
"Acer rubrum","Last_Yes_DOY Open flowers","126","DOY",NA,"Phenology Network","Year = 2015, 2015 | Site Name = Wood Lake Nature Center | Individual ID = 78054"
"Acer rubrum","First_Yes_DOY Pollen release (flowers)","132","DOY",NA,"Phenology Network","Year = 2015, 2015 | Site Name = Wood Lake Nature Center | Individual ID = 78054"
"Acer rubrum","Last_Yes_DOY Pollen release (flowers)","132","DOY",NA,"Phenology Network","Year = 2015, 2015 | Site Name = Wood Lake Nature Center | Individual ID = 78054"
"Fraxinus americana","First_Yes_DOY Flowers or flower buds","106","DOY",NA,"Phenology Network","Year = 2015, 2015 | Site Name = LCS Outdoor Learning Environment | Individual ID = 78446"
"Fraxinus americana","Last_Yes_DOY Flowers or flower buds","128","DOY",NA,"Phenology Network","Year = 2015, 2015 | Site Name = LCS Outdoor Learning Environment | Individual ID = 78446"
"Fraxinus americana","First_Yes_DOY Open flowers","112","DOY",NA,"Phenology Network","Year = 2015, 2015 | Site Name = LCS Outdoor Learning Environment | Individual ID = 78446"
"Fraxinus americana","Last_Yes_DOY Open flowers","128","DOY",NA,"Phenology Network","Year = 2015, 2015 | Site Name = LCS Outdoor Learning Environment | Individual ID = 78446"
"Fraxinus americana","First_Yes_DOY Pollen release (flowers)","128","DOY",NA,"Phenology Network","Year = 2015, 2015 | Site Name = LCS Outdoor Learning Environment | Individual ID = 78446"
"Fraxinus americana","Last_Yes_DOY Pollen release (flowers)","128","DOY",NA,"Phenology Network","Year = 2015, 2015 | Site Name = LCS Outdoor Learning Environment | Individual ID = 78446"
"Quercus rubra","First_Yes_DOY Flowers or flower buds","106","DOY",NA,"Phenology Network","Year = 2015, 2015 | Site Name = LCS Outdoor Learning Environment | Individual ID = 78447"
"Quercus rubra","Last_Yes_DOY Flowers or flower buds","106","DOY",NA,"Phenology Network","Year = 2015, 2015 | Site Name = LCS Outdoor Learning Environment | Individual ID = 78447"
"Quercus rubra","First_Yes_DOY Flowers or flower buds","121","DOY",NA,"Phenology Network","Year = 2015, 2015 | Site Name = LCS Outdoor Learning Environment | Individual ID = 78447"
"Quercus rubra","Last_Yes_DOY Flowers or flower buds","135","DOY",NA,"Phenology Network","Year = 2015, 2015 | Site Name = LCS Outdoor Learning Environment | Individual ID = 78447"
"Quercus rubra","First_Yes_DOY Open flowers","106","DOY",NA,"Phenology Network","Year = 2015, 2015 | Site Name = LCS Outdoor Learning Environment | Individual ID = 78447"
"Quercus rubra","Last_Yes_DOY Open flowers","106","DOY",NA,"Phenology Network","Year = 2015, 2015 | Site Name = LCS Outdoor Learning Environment | Individual ID = 78447"
"Quercus rubra","First_Yes_DOY Open flowers","128","DOY",NA,"Phenology Network","Year = 2015, 2015 | Site Name = LCS Outdoor Learning Environment | Individual ID = 78447"
"Quercus rubra","Last_Yes_DOY Open flowers","135","DOY",NA,"Phenology Network","Year = 2015, 2015 | Site Name = LCS Outdoor Learning Environment | Individual ID = 78447"
"Quercus rubra","First_Yes_DOY Pollen release (flowers)","128","DOY",NA,"Phenology Network","Year = 2015, 2015 | Site Name = LCS Outdoor Learning Environment | Individual ID = 78447"
"Quercus rubra","Last_Yes_DOY Pollen release (flowers)","128","DOY",NA,"Phenology Network","Year = 2015, 2015 | Site Name = LCS Outdoor Learning Environment | Individual ID = 78447"
"Acer rubrum","First_Yes_DOY Flowers or flower buds","92","DOY",NA,"Phenology Network","Year = 2015, 2015 | Site Name = Home | Individual ID = 78858"
"Acer rubrum","Last_Yes_DOY Flowers or flower buds","124","DOY",NA,"Phenology Network","Year = 2015, 2015 | Site Name = Home | Individual ID = 78858"
"Acer rubrum","First_Yes_DOY Open flowers","92","DOY",NA,"Phenology Network","Year = 2015, 2015 | Site Name = Home | Individual ID = 78858"
"Acer rubrum","Last_Yes_DOY Open flowers","110","DOY",NA,"Phenology Network","Year = 2015, 2015 | Site Name = Home | Individual ID = 78858"
"Acer rubrum","First_Yes_DOY Pollen release (flowers)","110","DOY",NA,"Phenology Network","Year = 2015, 2015 | Site Name = Home | Individual ID = 78858"
"Acer rubrum","Last_Yes_DOY Pollen release (flowers)","110","DOY",NA,"Phenology Network","Year = 2015, 2015 | Site Name = Home | Individual ID = 78858"
"Carya cordiformis","First_Yes_DOY Flowers or flower buds","124","DOY",NA,"Phenology Network","Year = 2015, 2015 | Site Name = Home | Individual ID = 78859"
"Carya cordiformis","Last_Yes_DOY Flowers or flower buds","124","DOY",NA,"Phenology Network","Year = 2015, 2015 | Site Name = Home | Individual ID = 78859"
"Populus deltoides","First_Yes_DOY Flowers or flower buds","110","DOY",NA,"Phenology Network","Year = 2015, 2015 | Site Name = Home | Individual ID = 78860"
"Populus deltoides","Last_Yes_DOY Flowers or flower buds","124","DOY",NA,"Phenology Network","Year = 2015, 2015 | Site Name = Home | Individual ID = 78860"
"Populus deltoides","First_Yes_DOY Open flowers","110","DOY",NA,"Phenology Network","Year = 2015, 2015 | Site Name = Home | Individual ID = 78860"
"Populus deltoides","Last_Yes_DOY Open flowers","124","DOY",NA,"Phenology Network","Year = 2015, 2015 | Site Name = Home | Individual ID = 78860"
"Populus tremuloides","First_Yes_DOY Flowers or flower buds","69","DOY",NA,"Phenology Network","Year = 2015, 2015 | Site Name = Home | Individual ID = 79752"
"Populus tremuloides","Last_Yes_DOY Flowers or flower buds","118","DOY",NA,"Phenology Network","Year = 2015, 2015 | Site Name = Home | Individual ID = 79752"
"Populus tremuloides","First_Yes_DOY Open flowers","69","DOY",NA,"Phenology Network","Year = 2015, 2015 | Site Name = Home | Individual ID = 79752"
"Populus tremuloides","Last_Yes_DOY Open flowers","108","DOY",NA,"Phenology Network","Year = 2015, 2015 | Site Name = Home | Individual ID = 79752"
"Populus tremuloides","First_Yes_DOY Pollen release (flowers)","97","DOY",NA,"Phenology Network","Year = 2015, 2015 | Site Name = Home | Individual ID = 79752"
"Populus tremuloides","Last_Yes_DOY Pollen release (flowers)","108","DOY",NA,"Phenology Network","Year = 2015, 2015 | Site Name = Home | Individual ID = 79752"
"Acer rubrum","First_Yes_DOY Flowers or flower buds","118","DOY",NA,"Phenology Network","Year = 2015, 2015 | Site Name = UMD Malosky | Individual ID = 80352"
"Acer rubrum","Last_Yes_DOY Flowers or flower buds","125","DOY",NA,"Phenology Network","Year = 2015, 2015 | Site Name = UMD Malosky | Individual ID = 80352"
"Acer rubrum","First_Yes_DOY Open flowers","125","DOY",NA,"Phenology Network","Year = 2015, 2015 | Site Name = UMD Malosky | Individual ID = 80352"
"Acer rubrum","Last_Yes_DOY Open flowers","125","DOY",NA,"Phenology Network","Year = 2015, 2015 | Site Name = UMD Malosky | Individual ID = 80352"
"Populus balsamifera","First_Yes_DOY Flowers or flower buds","116","DOY",NA,"Phenology Network","Year = 2015, 2015 | Site Name = Tofte house | Individual ID = 81151"
"Populus balsamifera","Last_Yes_DOY Flowers or flower buds","131","DOY",NA,"Phenology Network","Year = 2015, 2015 | Site Name = Tofte house | Individual ID = 81151"
"Populus balsamifera","First_Yes_DOY Open flowers","128","DOY",NA,"Phenology Network","Year = 2015, 2015 | Site Name = Tofte house | Individual ID = 81151"
"Populus balsamifera","Last_Yes_DOY Open flowers","131","DOY",NA,"Phenology Network","Year = 2015, 2015 | Site Name = Tofte house | Individual ID = 81151"
"Acer rubrum","First_Yes_DOY Flowers or flower buds","80","DOY",NA,"Phenology Network","Year = 2015, 2015 | Site Name = Yard | Individual ID = 82689"
"Acer rubrum","Last_Yes_DOY Flowers or flower buds","101","DOY",NA,"Phenology Network","Year = 2015, 2015 | Site Name = Yard | Individual ID = 82689"
"Acer rubrum","First_Yes_DOY Open flowers","95","DOY",NA,"Phenology Network","Year = 2015, 2015 | Site Name = Yard | Individual ID = 82689"
"Acer rubrum","Last_Yes_DOY Open flowers","108","DOY",NA,"Phenology Network","Year = 2015, 2015 | Site Name = Yard | Individual ID = 82689"
"Acer rubrum","First_Yes_DOY Pollen release (flowers)","101","DOY",NA,"Phenology Network","Year = 2015, 2015 | Site Name = Yard | Individual ID = 82689"
"Acer rubrum","Last_Yes_DOY Pollen release (flowers)","101","DOY",NA,"Phenology Network","Year = 2015, 2015 | Site Name = Yard | Individual ID = 82689"
"Acer saccharinum","First_Yes_DOY Flowers or flower buds","74","DOY",NA,"Phenology Network","Year = 2015, 2015 | Site Name = Cedar Creek Home | Individual ID = 84402"
"Acer saccharinum","Last_Yes_DOY Flowers or flower buds","91","DOY",NA,"Phenology Network","Year = 2015, 2015 | Site Name = Cedar Creek Home | Individual ID = 84402"
"Acer saccharinum","First_Yes_DOY Open flowers","82","DOY",NA,"Phenology Network","Year = 2015, 2015 | Site Name = Cedar Creek Home | Individual ID = 84402"
"Acer saccharinum","Last_Yes_DOY Open flowers","91","DOY",NA,"Phenology Network","Year = 2015, 2015 | Site Name = Cedar Creek Home | Individual ID = 84402"
"Populus tremuloides","First_Yes_DOY Flowers or flower buds","75","DOY",NA,"Phenology Network","Year = 2015, 2015 | Site Name = Cedar Creek Home | Individual ID = 84414"
"Populus tremuloides","Last_Yes_DOY Flowers or flower buds","91","DOY",NA,"Phenology Network","Year = 2015, 2015 | Site Name = Cedar Creek Home | Individual ID = 84414"
"Populus tremuloides","First_Yes_DOY Open flowers","75","DOY",NA,"Phenology Network","Year = 2015, 2015 | Site Name = Cedar Creek Home | Individual ID = 84414"
"Populus tremuloides","Last_Yes_DOY Open flowers","91","DOY",NA,"Phenology Network","Year = 2015, 2015 | Site Name = Cedar Creek Home | Individual ID = 84414"
"Acer saccharinum","First_Yes_DOY Flowers or flower buds","96","DOY",NA,"Phenology Network","Year = 2015, 2015 | Site Name = LCS Outdoor Learning Environment | Individual ID = 85116"
"Acer saccharinum","Last_Yes_DOY Flowers or flower buds","107","DOY",NA,"Phenology Network","Year = 2015, 2015 | Site Name = LCS Outdoor Learning Environment | Individual ID = 85116"
"Acer saccharinum","First_Yes_DOY Flowers or flower buds","114","DOY",NA,"Phenology Network","Year = 2015, 2015 | Site Name = LCS Outdoor Learning Environment | Individual ID = 85116"
"Acer saccharinum","Last_Yes_DOY Flowers or flower buds","114","DOY",NA,"Phenology Network","Year = 2015, 2015 | Site Name = LCS Outdoor Learning Environment | Individual ID = 85116"
"Acer saccharinum","First_Yes_DOY Open flowers","96","DOY",NA,"Phenology Network","Year = 2015, 2015 | Site Name = LCS Outdoor Learning Environment | Individual ID = 85116"
"Acer saccharinum","Last_Yes_DOY Open flowers","107","DOY",NA,"Phenology Network","Year = 2015, 2015 | Site Name = LCS Outdoor Learning Environment | Individual ID = 85116"
"Acer saccharinum","First_Yes_DOY Open flowers","114","DOY",NA,"Phenology Network","Year = 2015, 2015 | Site Name = LCS Outdoor Learning Environment | Individual ID = 85116"
"Acer saccharinum","Last_Yes_DOY Open flowers","114","DOY",NA,"Phenology Network","Year = 2015, 2015 | Site Name = LCS Outdoor Learning Environment | Individual ID = 85116"
"Acer saccharinum","First_Yes_DOY Pollen release (flowers)","96","DOY",NA,"Phenology Network","Year = 2015, 2015 | Site Name = LCS Outdoor Learning Environment | Individual ID = 85116"
"Acer saccharinum","Last_Yes_DOY Pollen release (flowers)","107","DOY",NA,"Phenology Network","Year = 2015, 2015 | Site Name = LCS Outdoor Learning Environment | Individual ID = 85116"
"Acer saccharinum","First_Yes_DOY Pollen release (flowers)","114","DOY",NA,"Phenology Network","Year = 2015, 2015 | Site Name = LCS Outdoor Learning Environment | Individual ID = 85116"
"Acer saccharinum","Last_Yes_DOY Pollen release (flowers)","114","DOY",NA,"Phenology Network","Year = 2015, 2015 | Site Name = LCS Outdoor Learning Environment | Individual ID = 85116"
"Acer saccharinum","First_Yes_DOY Flowers or flower buds","101","DOY",NA,"Phenology Network","Year = 2015, 2015 | Site Name = Josh Leonard's corner | Individual ID = 85573"
"Acer saccharinum","Last_Yes_DOY Flowers or flower buds","101","DOY",NA,"Phenology Network","Year = 2015, 2015 | Site Name = Josh Leonard's corner | Individual ID = 85573"
"Acer saccharinum","First_Yes_DOY Open flowers","101","DOY",NA,"Phenology Network","Year = 2015, 2015 | Site Name = Josh Leonard's corner | Individual ID = 85573"
"Acer saccharinum","Last_Yes_DOY Open flowers","101","DOY",NA,"Phenology Network","Year = 2015, 2015 | Site Name = Josh Leonard's corner | Individual ID = 85573"
"Acer saccharinum","First_Yes_DOY Flowers or flower buds","89","DOY",NA,"Phenology Network","Year = 2015, 2015 | Site Name = Josh Leonard's corner | Individual ID = 85574"
"Acer saccharinum","Last_Yes_DOY Flowers or flower buds","101","DOY",NA,"Phenology Network","Year = 2015, 2015 | Site Name = Josh Leonard's corner | Individual ID = 85574"
"Acer saccharinum","First_Yes_DOY Open flowers","89","DOY",NA,"Phenology Network","Year = 2015, 2015 | Site Name = Josh Leonard's corner | Individual ID = 85574"
"Acer saccharinum","Last_Yes_DOY Open flowers","101","DOY",NA,"Phenology Network","Year = 2015, 2015 | Site Name = Josh Leonard's corner | Individual ID = 85574"
"Quercus rubra","First_Yes_DOY Flowers or flower buds","116","DOY",NA,"Phenology Network","Year = 2015, 2015 | Site Name = Josh Leonard's corner | Individual ID = 85605"
"Quercus rubra","Last_Yes_DOY Flowers or flower buds","131","DOY",NA,"Phenology Network","Year = 2015, 2015 | Site Name = Josh Leonard's corner | Individual ID = 85605"
"Quercus rubra","First_Yes_DOY Open flowers","119","DOY",NA,"Phenology Network","Year = 2015, 2015 | Site Name = Josh Leonard's corner | Individual ID = 85605"
"Quercus rubra","Last_Yes_DOY Open flowers","131","DOY",NA,"Phenology Network","Year = 2015, 2015 | Site Name = Josh Leonard's corner | Individual ID = 85605"
"Acer negundo","First_Yes_DOY Flowers or flower buds","91","DOY",NA,"Phenology Network","Year = 2015, 2015 | Site Name = Woods | Individual ID = 85779"
"Acer negundo","Last_Yes_DOY Flowers or flower buds","108","DOY",NA,"Phenology Network","Year = 2015, 2015 | Site Name = Woods | Individual ID = 85779"
"Acer negundo","First_Yes_DOY Open flowers","108","DOY",NA,"Phenology Network","Year = 2015, 2015 | Site Name = Woods | Individual ID = 85779"
"Acer negundo","Last_Yes_DOY Open flowers","108","DOY",NA,"Phenology Network","Year = 2015, 2015 | Site Name = Woods | Individual ID = 85779"
"Acer negundo","First_Yes_DOY Flowers or flower buds","108","DOY",NA,"Phenology Network","Year = 2015, 2015 | Site Name = Woods | Individual ID = 85780"
"Acer negundo","Last_Yes_DOY Flowers or flower buds","108","DOY",NA,"Phenology Network","Year = 2015, 2015 | Site Name = Woods | Individual ID = 85780"
"Acer negundo","First_Yes_DOY Open flowers","108","DOY",NA,"Phenology Network","Year = 2015, 2015 | Site Name = Woods | Individual ID = 85780"
"Acer negundo","Last_Yes_DOY Open flowers","108","DOY",NA,"Phenology Network","Year = 2015, 2015 | Site Name = Woods | Individual ID = 85780"
"Populus tremuloides","First_Yes_DOY Flowers or flower buds","108","DOY",NA,"Phenology Network","Year = 2015, 2015 | Site Name = Tofte house | Individual ID = 86291"
"Populus tremuloides","Last_Yes_DOY Flowers or flower buds","116","DOY",NA,"Phenology Network","Year = 2015, 2015 | Site Name = Tofte house | Individual ID = 86291"
"Populus balsamifera","First_Yes_DOY Flowers or flower buds","108","DOY",NA,"Phenology Network","Year = 2015, 2015 | Site Name = Tofte house | Individual ID = 86351"
"Populus balsamifera","Last_Yes_DOY Flowers or flower buds","141","DOY",NA,"Phenology Network","Year = 2015, 2015 | Site Name = Tofte house | Individual ID = 86351"
"Populus balsamifera","First_Yes_DOY Open flowers","128","DOY",NA,"Phenology Network","Year = 2015, 2015 | Site Name = Tofte house | Individual ID = 86351"
"Populus balsamifera","Last_Yes_DOY Open flowers","131","DOY",NA,"Phenology Network","Year = 2015, 2015 | Site Name = Tofte house | Individual ID = 86351"
"Populus tremuloides","First_Yes_DOY Flowers or flower buds","94","DOY",NA,"Phenology Network","Year = 2015, 2015 | Site Name = Tofte house | Individual ID = 86353"
"Populus tremuloides","Last_Yes_DOY Flowers or flower buds","116","DOY",NA,"Phenology Network","Year = 2015, 2015 | Site Name = Tofte house | Individual ID = 86353"
"Populus tremuloides","First_Yes_DOY Open flowers","112","DOY",NA,"Phenology Network","Year = 2015, 2015 | Site Name = Tofte house | Individual ID = 86353"
"Populus tremuloides","Last_Yes_DOY Open flowers","116","DOY",NA,"Phenology Network","Year = 2015, 2015 | Site Name = Tofte house | Individual ID = 86353"
"Populus deltoides","First_Yes_DOY Flowers or flower buds","108","DOY",NA,"Phenology Network","Year = 2015, 2015 | Site Name = Yard | Individual ID = 87205"
"Populus deltoides","Last_Yes_DOY Flowers or flower buds","108","DOY",NA,"Phenology Network","Year = 2015, 2015 | Site Name = Yard | Individual ID = 87205"
"Populus deltoides","First_Yes_DOY Flowers or flower buds","108","DOY",NA,"Phenology Network","Year = 2015, 2015 | Site Name = Yard | Individual ID = 87206"
"Populus deltoides","Last_Yes_DOY Flowers or flower buds","108","DOY",NA,"Phenology Network","Year = 2015, 2015 | Site Name = Yard | Individual ID = 87206"
"Fraxinus pennsylvanica","First_Yes_DOY Flowers or flower buds","108","DOY",NA,"Phenology Network","Year = 2015, 2015 | Site Name = Yard | Individual ID = 87207"
"Fraxinus pennsylvanica","Last_Yes_DOY Flowers or flower buds","108","DOY",NA,"Phenology Network","Year = 2015, 2015 | Site Name = Yard | Individual ID = 87207"
"Fraxinus pennsylvanica","First_Yes_DOY Flowers or flower buds","108","DOY",NA,"Phenology Network","Year = 2015, 2015 | Site Name = Yard | Individual ID = 87208"
"Fraxinus pennsylvanica","Last_Yes_DOY Flowers or flower buds","108","DOY",NA,"Phenology Network","Year = 2015, 2015 | Site Name = Yard | Individual ID = 87208"
"Acer saccharinum","First_Yes_DOY Flowers or flower buds","108","DOY",NA,"Phenology Network","Year = 2015, 2015 | Site Name = Woods | Individual ID = 87212"
"Acer saccharinum","Last_Yes_DOY Flowers or flower buds","108","DOY",NA,"Phenology Network","Year = 2015, 2015 | Site Name = Woods | Individual ID = 87212"
"Fraxinus americana","First_Yes_DOY Flowers or flower buds","110","DOY",NA,"Phenology Network","Year = 2015, 2015 | Site Name = My backyard | Individual ID = 87590"
"Fraxinus americana","Last_Yes_DOY Flowers or flower buds","113","DOY",NA,"Phenology Network","Year = 2015, 2015 | Site Name = My backyard | Individual ID = 87590"
"Fraxinus americana","First_Yes_DOY Open flowers","110","DOY",NA,"Phenology Network","Year = 2015, 2015 | Site Name = My backyard | Individual ID = 87590"
"Fraxinus americana","Last_Yes_DOY Open flowers","113","DOY",NA,"Phenology Network","Year = 2015, 2015 | Site Name = My backyard | Individual ID = 87590"
"Quercus rubra","First_Yes_DOY Flowers or flower buds","118","DOY",NA,"Phenology Network","Year = 2015, 2015 | Site Name = Warner Park Oak Path | Individual ID = 87857"
"Quercus rubra","Last_Yes_DOY Flowers or flower buds","118","DOY",NA,"Phenology Network","Year = 2015, 2015 | Site Name = Warner Park Oak Path | Individual ID = 87857"
"Quercus rubra","First_Yes_DOY Pollen release (flowers)","118","DOY",NA,"Phenology Network","Year = 2015, 2015 | Site Name = Warner Park Oak Path | Individual ID = 87857"
"Quercus rubra","Last_Yes_DOY Pollen release (flowers)","118","DOY",NA,"Phenology Network","Year = 2015, 2015 | Site Name = Warner Park Oak Path | Individual ID = 87857"
"Quercus palustris","First_Yes_DOY Flowers or flower buds","110","DOY",NA,"Phenology Network","Year = 2015, 2015 | Site Name = Kettlekamp Prairie | Individual ID = 87924"
"Quercus palustris","Last_Yes_DOY Flowers or flower buds","126","DOY",NA,"Phenology Network","Year = 2015, 2015 | Site Name = Kettlekamp Prairie | Individual ID = 87924"
"Quercus palustris","First_Yes_DOY Open flowers","110","DOY",NA,"Phenology Network","Year = 2015, 2015 | Site Name = Kettlekamp Prairie | Individual ID = 87924"
"Quercus palustris","Last_Yes_DOY Open flowers","126","DOY",NA,"Phenology Network","Year = 2015, 2015 | Site Name = Kettlekamp Prairie | Individual ID = 87924"
"Quercus rubra","First_Yes_DOY Flowers or flower buds","110","DOY",NA,"Phenology Network","Year = 2015, 2015 | Site Name = Kettlekamp Prairie | Individual ID = 87925"
"Quercus rubra","Last_Yes_DOY Flowers or flower buds","126","DOY",NA,"Phenology Network","Year = 2015, 2015 | Site Name = Kettlekamp Prairie | Individual ID = 87925"
"Quercus rubra","First_Yes_DOY Open flowers","110","DOY",NA,"Phenology Network","Year = 2015, 2015 | Site Name = Kettlekamp Prairie | Individual ID = 87925"
"Quercus rubra","Last_Yes_DOY Open flowers","126","DOY",NA,"Phenology Network","Year = 2015, 2015 | Site Name = Kettlekamp Prairie | Individual ID = 87925"
"Quercus palustris","First_Yes_DOY Flowers or flower buds","110","DOY",NA,"Phenology Network","Year = 2015, 2015 | Site Name = Kettlekamp Prairie | Individual ID = 87926"
"Quercus palustris","Last_Yes_DOY Flowers or flower buds","126","DOY",NA,"Phenology Network","Year = 2015, 2015 | Site Name = Kettlekamp Prairie | Individual ID = 87926"
"Quercus palustris","First_Yes_DOY Open flowers","124","DOY",NA,"Phenology Network","Year = 2015, 2015 | Site Name = Kettlekamp Prairie | Individual ID = 87926"
"Quercus palustris","Last_Yes_DOY Open flowers","126","DOY",NA,"Phenology Network","Year = 2015, 2015 | Site Name = Kettlekamp Prairie | Individual ID = 87926"
"Ulmus americana","First_Yes_DOY Flowers or flower buds","85","DOY",NA,"Phenology Network","Year = 2015, 2015 | Site Name = School | Individual ID = 88088"
"Ulmus americana","Last_Yes_DOY Flowers or flower buds","113","DOY",NA,"Phenology Network","Year = 2015, 2015 | Site Name = School | Individual ID = 88088"
"Acer rubrum","First_Yes_DOY Flowers or flower buds","120","DOY",NA,"Phenology Network","Year = 2015, 2015 | Site Name = home | Individual ID = 88542"
"Acer rubrum","Last_Yes_DOY Flowers or flower buds","123","DOY",NA,"Phenology Network","Year = 2015, 2015 | Site Name = home | Individual ID = 88542"
"Acer rubrum","First_Yes_DOY Open flowers","120","DOY",NA,"Phenology Network","Year = 2015, 2015 | Site Name = home | Individual ID = 88542"
"Acer rubrum","Last_Yes_DOY Open flowers","123","DOY",NA,"Phenology Network","Year = 2015, 2015 | Site Name = home | Individual ID = 88542"
"Tilia americana","First_Yes_DOY Flowers or flower buds","178","DOY",NA,"Phenology Network","Year = 2015, 2015 | Site Name = Warner Park | Individual ID = 88697"
"Tilia americana","Last_Yes_DOY Flowers or flower buds","178","DOY",NA,"Phenology Network","Year = 2015, 2015 | Site Name = Warner Park | Individual ID = 88697"
"Tilia americana","First_Yes_DOY Open flowers","178","DOY",NA,"Phenology Network","Year = 2015, 2015 | Site Name = Warner Park | Individual ID = 88697"
"Tilia americana","Last_Yes_DOY Open flowers","178","DOY",NA,"Phenology Network","Year = 2015, 2015 | Site Name = Warner Park | Individual ID = 88697"
"Tilia americana","First_Yes_DOY Pollen release (flowers)","178","DOY",NA,"Phenology Network","Year = 2015, 2015 | Site Name = Warner Park | Individual ID = 88697"
"Tilia americana","Last_Yes_DOY Pollen release (flowers)","178","DOY",NA,"Phenology Network","Year = 2015, 2015 | Site Name = Warner Park | Individual ID = 88697"
"Quercus rubra","First_Yes_DOY Flowers or flower buds","118","DOY",NA,"Phenology Network","Year = 2015, 2015 | Site Name = Warner Park Castle Creek Path | Individual ID = 88787"
"Quercus rubra","Last_Yes_DOY Flowers or flower buds","118","DOY",NA,"Phenology Network","Year = 2015, 2015 | Site Name = Warner Park Castle Creek Path | Individual ID = 88787"
"Acer rubrum","First_Yes_DOY Flowers or flower buds","125","DOY",NA,"Phenology Network","Year = 2015, 2015 | Site Name = Michigan house | Individual ID = 88806"
"Acer rubrum","Last_Yes_DOY Flowers or flower buds","125","DOY",NA,"Phenology Network","Year = 2015, 2015 | Site Name = Michigan house | Individual ID = 88806"
"Acer rubrum","First_Yes_DOY Open flowers","125","DOY",NA,"Phenology Network","Year = 2015, 2015 | Site Name = Michigan house | Individual ID = 88806"
"Acer rubrum","Last_Yes_DOY Open flowers","125","DOY",NA,"Phenology Network","Year = 2015, 2015 | Site Name = Michigan house | Individual ID = 88806"
"Acer rubrum","First_Yes_DOY Pollen release (flowers)","125","DOY",NA,"Phenology Network","Year = 2015, 2015 | Site Name = Michigan house | Individual ID = 88806"
"Acer rubrum","Last_Yes_DOY Pollen release (flowers)","125","DOY",NA,"Phenology Network","Year = 2015, 2015 | Site Name = Michigan house | Individual ID = 88806"
"Tilia americana","First_Yes_DOY Flowers or flower buds","238","DOY",NA,"Phenology Network","Year = 2015, 2015 | Site Name =  Regis Hall front yard | Individual ID = 94239"
"Tilia americana","Last_Yes_DOY Flowers or flower buds","245","DOY",NA,"Phenology Network","Year = 2015, 2015 | Site Name =  Regis Hall front yard | Individual ID = 94239"
"Tilia americana","First_Yes_DOY Flowers or flower buds","257","DOY",NA,"Phenology Network","Year = 2015, 2015 | Site Name =  Regis Hall front yard | Individual ID = 94239"
"Tilia americana","Last_Yes_DOY Flowers or flower buds","257","DOY",NA,"Phenology Network","Year = 2015, 2015 | Site Name =  Regis Hall front yard | Individual ID = 94239"
"Tilia americana","First_Yes_DOY Flowers or flower buds","308","DOY",NA,"Phenology Network","Year = 2015, 2015 | Site Name =  Regis Hall front yard | Individual ID = 94239"
"Tilia americana","Last_Yes_DOY Flowers or flower buds","308","DOY",NA,"Phenology Network","Year = 2015, 2015 | Site Name =  Regis Hall front yard | Individual ID = 94239"
"Acer negundo","First_Yes_DOY Flowers or flower buds","267","DOY",NA,"Phenology Network","Year = 2015, 2015 | Site Name = trinity christian college | Individual ID = 94366"
"Acer negundo","Last_Yes_DOY Flowers or flower buds","267","DOY",NA,"Phenology Network","Year = 2015, 2015 | Site Name = trinity christian college | Individual ID = 94366"
"Acer negundo","First_Yes_DOY Open flowers","246","DOY",NA,"Phenology Network","Year = 2015, 2015 | Site Name = trinity christian college | Individual ID = 94366"
"Acer negundo","Last_Yes_DOY Open flowers","267","DOY",NA,"Phenology Network","Year = 2015, 2015 | Site Name = trinity christian college | Individual ID = 94366"
"Acer negundo","First_Yes_DOY Open flowers","274","DOY",NA,"Phenology Network","Year = 2015, 2015 | Site Name = Natural | Individual ID = 94831"
"Acer negundo","Last_Yes_DOY Open flowers","274","DOY",NA,"Phenology Network","Year = 2015, 2015 | Site Name = Natural | Individual ID = 94831"
"Acer negundo","First_Yes_DOY Pollen release (flowers)","274","DOY",NA,"Phenology Network","Year = 2015, 2015 | Site Name = Natural | Individual ID = 94831"
"Acer negundo","Last_Yes_DOY Pollen release (flowers)","274","DOY",NA,"Phenology Network","Year = 2015, 2015 | Site Name = Natural | Individual ID = 94831"
"Fraxinus americana","First_Yes_DOY Flowers or flower buds","299","DOY",NA,"Phenology Network","Year = 2015, 2015 | Site Name = High School Campus | Individual ID = 96658"
"Fraxinus americana","Last_Yes_DOY Flowers or flower buds","299","DOY",NA,"Phenology Network","Year = 2015, 2015 | Site Name = High School Campus | Individual ID = 96658"
"Fraxinus americana","First_Yes_DOY Open flowers","299","DOY",NA,"Phenology Network","Year = 2015, 2015 | Site Name = High School Campus | Individual ID = 96658"
"Fraxinus americana","Last_Yes_DOY Open flowers","299","DOY",NA,"Phenology Network","Year = 2015, 2015 | Site Name = High School Campus | Individual ID = 96658"
"Acer saccharinum","First_Yes_DOY Pollen release (flowers)","238","DOY",NA,"Phenology Network","Year = 2015, 2015 | Site Name = Loyola University Chicago | Individual ID = 97699"
"Acer saccharinum","Last_Yes_DOY Pollen release (flowers)","245","DOY",NA,"Phenology Network","Year = 2015, 2015 | Site Name = Loyola University Chicago | Individual ID = 97699"
"Acer saccharinum","First_Yes_DOY Pollen release (flowers)","252","DOY",NA,"Phenology Network","Year = 2015, 2015 | Site Name = Loyola University Chicago | Individual ID = 97699"
"Acer saccharinum","Last_Yes_DOY Pollen release (flowers)","266","DOY",NA,"Phenology Network","Year = 2015, 2015 | Site Name = Loyola University Chicago | Individual ID = 97699"
"Populus tremuloides","First_Yes_DOY Flowers or flower buds","20","DOY",NA,"Phenology Network","Year = 2016, 2016 | Site Name = Home | Individual ID = 285420"
"Populus tremuloides","Last_Yes_DOY Flowers or flower buds","20","DOY",NA,"Phenology Network","Year = 2016, 2016 | Site Name = Home | Individual ID = 285420"
"Populus tremuloides","First_Yes_DOY Open flowers","20","DOY",NA,"Phenology Network","Year = 2016, 2016 | Site Name = Home | Individual ID = 285420"
"Populus tremuloides","Last_Yes_DOY Open flowers","20","DOY",NA,"Phenology Network","Year = 2016, 2016 | Site Name = Home | Individual ID = 285420"
"Acer rubrum","First_Yes_DOY Flowers or flower buds","85","DOY",NA,"Phenology Network","Year = 2016, 2016 | Site Name = PPN_9200010 | Individual ID = 1977"
"Acer rubrum","Last_Yes_DOY Flowers or flower buds","109","DOY",NA,"Phenology Network","Year = 2016, 2016 | Site Name = PPN_9200010 | Individual ID = 1977"
"Acer rubrum","First_Yes_DOY Open flowers","85","DOY",NA,"Phenology Network","Year = 2016, 2016 | Site Name = PPN_9200010 | Individual ID = 1977"
"Acer rubrum","Last_Yes_DOY Open flowers","109","DOY",NA,"Phenology Network","Year = 2016, 2016 | Site Name = PPN_9200010 | Individual ID = 1977"
"Acer rubrum","First_Yes_DOY Flowers or flower buds","80","DOY",NA,"Phenology Network","Year = 2016, 2016 | Site Name = backyard | Individual ID = 2321"
"Acer rubrum","Last_Yes_DOY Flowers or flower buds","101","DOY",NA,"Phenology Network","Year = 2016, 2016 | Site Name = backyard | Individual ID = 2321"
"Acer rubrum","First_Yes_DOY Open flowers","80","DOY",NA,"Phenology Network","Year = 2016, 2016 | Site Name = backyard | Individual ID = 2321"
"Acer rubrum","Last_Yes_DOY Open flowers","101","DOY",NA,"Phenology Network","Year = 2016, 2016 | Site Name = backyard | Individual ID = 2321"
"Acer rubrum","First_Yes_DOY Flowers or flower buds","67","DOY",NA,"Phenology Network","Year = 2016, 2016 | Site Name = backyard | Individual ID = 2448"
"Acer rubrum","Last_Yes_DOY Flowers or flower buds","107","DOY",NA,"Phenology Network","Year = 2016, 2016 | Site Name = backyard | Individual ID = 2448"
"Acer rubrum","First_Yes_DOY Flowers or flower buds","272","DOY",NA,"Phenology Network","Year = 2016, 2017 | Site Name = backyard | Individual ID = 2448"
"Acer rubrum","Last_Yes_DOY Flowers or flower buds","56","DOY",NA,"Phenology Network","Year = 2016, 2017 | Site Name = backyard | Individual ID = 2448"
"Acer rubrum","First_Yes_DOY Open flowers","78","DOY",NA,"Phenology Network","Year = 2016, 2016 | Site Name = backyard | Individual ID = 2448"
"Acer rubrum","Last_Yes_DOY Open flowers","102","DOY",NA,"Phenology Network","Year = 2016, 2016 | Site Name = backyard | Individual ID = 2448"
"Acer rubrum","First_Yes_DOY Flowers or flower buds","104","DOY",NA,"Phenology Network","Year = 2016, 2016 | Site Name = Cedar Bog Lake Highland 2 | Individual ID = 3187"
"Acer rubrum","Last_Yes_DOY Flowers or flower buds","104","DOY",NA,"Phenology Network","Year = 2016, 2016 | Site Name = Cedar Bog Lake Highland 2 | Individual ID = 3187"
"Acer rubrum","First_Yes_DOY Open flowers","104","DOY",NA,"Phenology Network","Year = 2016, 2016 | Site Name = Cedar Bog Lake Highland 2 | Individual ID = 3187"
"Acer rubrum","Last_Yes_DOY Open flowers","104","DOY",NA,"Phenology Network","Year = 2016, 2016 | Site Name = Cedar Bog Lake Highland 2 | Individual ID = 3187"
"Acer rubrum","First_Yes_DOY Flowers or flower buds","90","DOY",NA,"Phenology Network","Year = 2016, 2016 | Site Name = Cedar Bog Lake Highland 2 | Individual ID = 3188"
"Acer rubrum","Last_Yes_DOY Flowers or flower buds","104","DOY",NA,"Phenology Network","Year = 2016, 2016 | Site Name = Cedar Bog Lake Highland 2 | Individual ID = 3188"
"Acer rubrum","First_Yes_DOY Open flowers","90","DOY",NA,"Phenology Network","Year = 2016, 2016 | Site Name = Cedar Bog Lake Highland 2 | Individual ID = 3188"
"Acer rubrum","Last_Yes_DOY Open flowers","104","DOY",NA,"Phenology Network","Year = 2016, 2016 | Site Name = Cedar Bog Lake Highland 2 | Individual ID = 3188"
"Acer rubrum","First_Yes_DOY Pollen release (flowers)","90","DOY",NA,"Phenology Network","Year = 2016, 2016 | Site Name = Cedar Bog Lake Highland 2 | Individual ID = 3188"
"Acer rubrum","Last_Yes_DOY Pollen release (flowers)","90","DOY",NA,"Phenology Network","Year = 2016, 2016 | Site Name = Cedar Bog Lake Highland 2 | Individual ID = 3188"
"Acer negundo","First_Yes_DOY Flowers or flower buds","104","DOY",NA,"Phenology Network","Year = 2016, 2016 | Site Name = Beckman Lake Highland (Cedar Creek LTER) | Individual ID = 3192"
"Acer negundo","Last_Yes_DOY Flowers or flower buds","111","DOY",NA,"Phenology Network","Year = 2016, 2016 | Site Name = Beckman Lake Highland (Cedar Creek LTER) | Individual ID = 3192"
"Acer negundo","First_Yes_DOY Open flowers","104","DOY",NA,"Phenology Network","Year = 2016, 2016 | Site Name = Beckman Lake Highland (Cedar Creek LTER) | Individual ID = 3192"
"Acer negundo","Last_Yes_DOY Open flowers","111","DOY",NA,"Phenology Network","Year = 2016, 2016 | Site Name = Beckman Lake Highland (Cedar Creek LTER) | Individual ID = 3192"
"Populus tremuloides","First_Yes_DOY Flowers or flower buds","71","DOY",NA,"Phenology Network","Year = 2016, 2016 | Site Name = Cedar Bog Lake Highland 2 | Individual ID = 3206"
"Populus tremuloides","Last_Yes_DOY Flowers or flower buds","90","DOY",NA,"Phenology Network","Year = 2016, 2016 | Site Name = Cedar Bog Lake Highland 2 | Individual ID = 3206"
"Populus tremuloides","First_Yes_DOY Flowers or flower buds","60","DOY",NA,"Phenology Network","Year = 2017, 2017 | Site Name = Cedar Bog Lake Highland 2 | Individual ID = 3206"
"Populus tremuloides","Last_Yes_DOY Flowers or flower buds","60","DOY",NA,"Phenology Network","Year = 2017, 2017 | Site Name = Cedar Bog Lake Highland 2 | Individual ID = 3206"
"Populus tremuloides","First_Yes_DOY Open flowers","90","DOY",NA,"Phenology Network","Year = 2016, 2016 | Site Name = Cedar Bog Lake Highland 2 | Individual ID = 3206"
"Populus tremuloides","Last_Yes_DOY Open flowers","90","DOY",NA,"Phenology Network","Year = 2016, 2016 | Site Name = Cedar Bog Lake Highland 2 | Individual ID = 3206"
"Acer rubrum","First_Yes_DOY Flowers or flower buds","103","DOY",NA,"Phenology Network","Year = 2016, 2016 | Site Name = MEF S2 | Individual ID = 5051"
"Acer rubrum","Last_Yes_DOY Flowers or flower buds","117","DOY",NA,"Phenology Network","Year = 2016, 2016 | Site Name = MEF S2 | Individual ID = 5051"
"Acer rubrum","First_Yes_DOY Open flowers","103","DOY",NA,"Phenology Network","Year = 2016, 2016 | Site Name = MEF S2 | Individual ID = 5051"
"Acer rubrum","Last_Yes_DOY Open flowers","117","DOY",NA,"Phenology Network","Year = 2016, 2016 | Site Name = MEF S2 | Individual ID = 5051"
"Acer rubrum","First_Yes_DOY Pollen release (flowers)","103","DOY",NA,"Phenology Network","Year = 2016, 2016 | Site Name = MEF S2 | Individual ID = 5051"
"Acer rubrum","Last_Yes_DOY Pollen release (flowers)","117","DOY",NA,"Phenology Network","Year = 2016, 2016 | Site Name = MEF S2 | Individual ID = 5051"
"Populus tremuloides","First_Yes_DOY Flowers or flower buds","50","DOY",NA,"Phenology Network","Year = 2017, 2017 | Site Name = Home | Individual ID = 5082"
"Populus tremuloides","Last_Yes_DOY Flowers or flower buds","50","DOY",NA,"Phenology Network","Year = 2017, 2017 | Site Name = Home | Individual ID = 5082"
"Quercus alba","First_Yes_DOY Flowers or flower buds","130","DOY",NA,"Phenology Network","Year = 2016, 2016 | Site Name = Cedar Bog Lake Highland 1 | Individual ID = 5103"
"Quercus alba","Last_Yes_DOY Flowers or flower buds","130","DOY",NA,"Phenology Network","Year = 2016, 2016 | Site Name = Cedar Bog Lake Highland 1 | Individual ID = 5103"
"Quercus alba","First_Yes_DOY Open flowers","130","DOY",NA,"Phenology Network","Year = 2016, 2016 | Site Name = Cedar Bog Lake Highland 1 | Individual ID = 5103"
"Quercus alba","Last_Yes_DOY Open flowers","130","DOY",NA,"Phenology Network","Year = 2016, 2016 | Site Name = Cedar Bog Lake Highland 1 | Individual ID = 5103"
"Quercus alba","First_Yes_DOY Pollen release (flowers)","130","DOY",NA,"Phenology Network","Year = 2016, 2016 | Site Name = Cedar Bog Lake Highland 1 | Individual ID = 5103"
"Quercus alba","Last_Yes_DOY Pollen release (flowers)","130","DOY",NA,"Phenology Network","Year = 2016, 2016 | Site Name = Cedar Bog Lake Highland 1 | Individual ID = 5103"
"Quercus rubra","First_Yes_DOY Flowers or flower buds","111","DOY",NA,"Phenology Network","Year = 2016, 2016 | Site Name = Cedar Bog Lake Highland 1 | Individual ID = 5104"
"Quercus rubra","Last_Yes_DOY Flowers or flower buds","130","DOY",NA,"Phenology Network","Year = 2016, 2016 | Site Name = Cedar Bog Lake Highland 1 | Individual ID = 5104"
"Quercus rubra","First_Yes_DOY Open flowers","130","DOY",NA,"Phenology Network","Year = 2016, 2016 | Site Name = Cedar Bog Lake Highland 1 | Individual ID = 5104"
"Quercus rubra","Last_Yes_DOY Open flowers","130","DOY",NA,"Phenology Network","Year = 2016, 2016 | Site Name = Cedar Bog Lake Highland 1 | Individual ID = 5104"
"Quercus rubra","First_Yes_DOY Pollen release (flowers)","130","DOY",NA,"Phenology Network","Year = 2016, 2016 | Site Name = Cedar Bog Lake Highland 1 | Individual ID = 5104"
"Quercus rubra","Last_Yes_DOY Pollen release (flowers)","130","DOY",NA,"Phenology Network","Year = 2016, 2016 | Site Name = Cedar Bog Lake Highland 1 | Individual ID = 5104"
"Quercus alba","First_Yes_DOY Flowers or flower buds","130","DOY",NA,"Phenology Network","Year = 2016, 2016 | Site Name = Cedar Bog Lake Highland 1 | Individual ID = 5105"
"Quercus alba","Last_Yes_DOY Flowers or flower buds","137","DOY",NA,"Phenology Network","Year = 2016, 2016 | Site Name = Cedar Bog Lake Highland 1 | Individual ID = 5105"
"Quercus alba","First_Yes_DOY Open flowers","130","DOY",NA,"Phenology Network","Year = 2016, 2016 | Site Name = Cedar Bog Lake Highland 1 | Individual ID = 5105"
"Quercus alba","Last_Yes_DOY Open flowers","137","DOY",NA,"Phenology Network","Year = 2016, 2016 | Site Name = Cedar Bog Lake Highland 1 | Individual ID = 5105"
"Quercus alba","First_Yes_DOY Pollen release (flowers)","130","DOY",NA,"Phenology Network","Year = 2016, 2016 | Site Name = Cedar Bog Lake Highland 1 | Individual ID = 5105"
"Quercus alba","Last_Yes_DOY Pollen release (flowers)","137","DOY",NA,"Phenology Network","Year = 2016, 2016 | Site Name = Cedar Bog Lake Highland 1 | Individual ID = 5105"
"Quercus rubra","First_Yes_DOY Flowers or flower buds","111","DOY",NA,"Phenology Network","Year = 2016, 2016 | Site Name = Cedar Bog Lake Highland 2 | Individual ID = 5106"
"Quercus rubra","Last_Yes_DOY Flowers or flower buds","130","DOY",NA,"Phenology Network","Year = 2016, 2016 | Site Name = Cedar Bog Lake Highland 2 | Individual ID = 5106"
"Quercus rubra","First_Yes_DOY Open flowers","118","DOY",NA,"Phenology Network","Year = 2016, 2016 | Site Name = Cedar Bog Lake Highland 2 | Individual ID = 5106"
"Quercus rubra","Last_Yes_DOY Open flowers","130","DOY",NA,"Phenology Network","Year = 2016, 2016 | Site Name = Cedar Bog Lake Highland 2 | Individual ID = 5106"
"Quercus rubra","First_Yes_DOY Pollen release (flowers)","130","DOY",NA,"Phenology Network","Year = 2016, 2016 | Site Name = Cedar Bog Lake Highland 2 | Individual ID = 5106"
"Quercus rubra","Last_Yes_DOY Pollen release (flowers)","130","DOY",NA,"Phenology Network","Year = 2016, 2016 | Site Name = Cedar Bog Lake Highland 2 | Individual ID = 5106"
"Quercus rubra","First_Yes_DOY Flowers or flower buds","118","DOY",NA,"Phenology Network","Year = 2016, 2016 | Site Name = Beckman Lake Highland (Cedar Creek LTER) | Individual ID = 5109"
"Quercus rubra","Last_Yes_DOY Flowers or flower buds","130","DOY",NA,"Phenology Network","Year = 2016, 2016 | Site Name = Beckman Lake Highland (Cedar Creek LTER) | Individual ID = 5109"
"Quercus rubra","First_Yes_DOY Open flowers","130","DOY",NA,"Phenology Network","Year = 2016, 2016 | Site Name = Beckman Lake Highland (Cedar Creek LTER) | Individual ID = 5109"
"Quercus rubra","Last_Yes_DOY Open flowers","130","DOY",NA,"Phenology Network","Year = 2016, 2016 | Site Name = Beckman Lake Highland (Cedar Creek LTER) | Individual ID = 5109"
"Quercus rubra","First_Yes_DOY Pollen release (flowers)","130","DOY",NA,"Phenology Network","Year = 2016, 2016 | Site Name = Beckman Lake Highland (Cedar Creek LTER) | Individual ID = 5109"
"Quercus rubra","Last_Yes_DOY Pollen release (flowers)","130","DOY",NA,"Phenology Network","Year = 2016, 2016 | Site Name = Beckman Lake Highland (Cedar Creek LTER) | Individual ID = 5109"
"Quercus alba","First_Yes_DOY Flowers or flower buds","111","DOY",NA,"Phenology Network","Year = 2016, 2016 | Site Name = Beckman Lake Highland (Cedar Creek LTER) | Individual ID = 5110"
"Quercus alba","Last_Yes_DOY Flowers or flower buds","130","DOY",NA,"Phenology Network","Year = 2016, 2016 | Site Name = Beckman Lake Highland (Cedar Creek LTER) | Individual ID = 5110"
"Quercus alba","First_Yes_DOY Open flowers","111","DOY",NA,"Phenology Network","Year = 2016, 2016 | Site Name = Beckman Lake Highland (Cedar Creek LTER) | Individual ID = 5110"
"Quercus alba","Last_Yes_DOY Open flowers","130","DOY",NA,"Phenology Network","Year = 2016, 2016 | Site Name = Beckman Lake Highland (Cedar Creek LTER) | Individual ID = 5110"
"Quercus alba","First_Yes_DOY Pollen release (flowers)","130","DOY",NA,"Phenology Network","Year = 2016, 2016 | Site Name = Beckman Lake Highland (Cedar Creek LTER) | Individual ID = 5110"
"Quercus alba","Last_Yes_DOY Pollen release (flowers)","130","DOY",NA,"Phenology Network","Year = 2016, 2016 | Site Name = Beckman Lake Highland (Cedar Creek LTER) | Individual ID = 5110"
"Quercus alba","First_Yes_DOY Flowers or flower buds","130","DOY",NA,"Phenology Network","Year = 2016, 2016 | Site Name = PhenoCAM tower (Cedar Creek LTER) | Individual ID = 5112"
"Quercus alba","Last_Yes_DOY Flowers or flower buds","137","DOY",NA,"Phenology Network","Year = 2016, 2016 | Site Name = PhenoCAM tower (Cedar Creek LTER) | Individual ID = 5112"
"Quercus alba","First_Yes_DOY Open flowers","130","DOY",NA,"Phenology Network","Year = 2016, 2016 | Site Name = PhenoCAM tower (Cedar Creek LTER) | Individual ID = 5112"
"Quercus alba","Last_Yes_DOY Open flowers","137","DOY",NA,"Phenology Network","Year = 2016, 2016 | Site Name = PhenoCAM tower (Cedar Creek LTER) | Individual ID = 5112"
"Quercus alba","First_Yes_DOY Pollen release (flowers)","130","DOY",NA,"Phenology Network","Year = 2016, 2016 | Site Name = PhenoCAM tower (Cedar Creek LTER) | Individual ID = 5112"
"Quercus alba","Last_Yes_DOY Pollen release (flowers)","137","DOY",NA,"Phenology Network","Year = 2016, 2016 | Site Name = PhenoCAM tower (Cedar Creek LTER) | Individual ID = 5112"
"Quercus rubra","First_Yes_DOY Flowers or flower buds","111","DOY",NA,"Phenology Network","Year = 2016, 2016 | Site Name = PhenoCAM tower (Cedar Creek LTER) | Individual ID = 5113"
"Quercus rubra","Last_Yes_DOY Flowers or flower buds","130","DOY",NA,"Phenology Network","Year = 2016, 2016 | Site Name = PhenoCAM tower (Cedar Creek LTER) | Individual ID = 5113"
"Quercus rubra","First_Yes_DOY Open flowers","130","DOY",NA,"Phenology Network","Year = 2016, 2016 | Site Name = PhenoCAM tower (Cedar Creek LTER) | Individual ID = 5113"
"Quercus rubra","Last_Yes_DOY Open flowers","130","DOY",NA,"Phenology Network","Year = 2016, 2016 | Site Name = PhenoCAM tower (Cedar Creek LTER) | Individual ID = 5113"
"Quercus rubra","First_Yes_DOY Pollen release (flowers)","130","DOY",NA,"Phenology Network","Year = 2016, 2016 | Site Name = PhenoCAM tower (Cedar Creek LTER) | Individual ID = 5113"
"Quercus rubra","Last_Yes_DOY Pollen release (flowers)","130","DOY",NA,"Phenology Network","Year = 2016, 2016 | Site Name = PhenoCAM tower (Cedar Creek LTER) | Individual ID = 5113"
"Acer rubrum","First_Yes_DOY Flowers or flower buds","90","DOY",NA,"Phenology Network","Year = 2016, 2016 | Site Name = PhenoCAM tower (Cedar Creek LTER) | Individual ID = 5115"
"Acer rubrum","Last_Yes_DOY Flowers or flower buds","90","DOY",NA,"Phenology Network","Year = 2016, 2016 | Site Name = PhenoCAM tower (Cedar Creek LTER) | Individual ID = 5115"
"Acer rubrum","First_Yes_DOY Flowers or flower buds","103","DOY",NA,"Phenology Network","Year = 2016, 2016 | Site Name = MEF S2 | Individual ID = 5182"
"Acer rubrum","Last_Yes_DOY Flowers or flower buds","117","DOY",NA,"Phenology Network","Year = 2016, 2016 | Site Name = MEF S2 | Individual ID = 5182"
"Acer rubrum","First_Yes_DOY Open flowers","103","DOY",NA,"Phenology Network","Year = 2016, 2016 | Site Name = MEF S2 | Individual ID = 5182"
"Acer rubrum","Last_Yes_DOY Open flowers","117","DOY",NA,"Phenology Network","Year = 2016, 2016 | Site Name = MEF S2 | Individual ID = 5182"
"Acer rubrum","First_Yes_DOY Pollen release (flowers)","103","DOY",NA,"Phenology Network","Year = 2016, 2016 | Site Name = MEF S2 | Individual ID = 5182"
"Acer rubrum","Last_Yes_DOY Pollen release (flowers)","117","DOY",NA,"Phenology Network","Year = 2016, 2016 | Site Name = MEF S2 | Individual ID = 5182"
"Acer rubrum","First_Yes_DOY Flowers or flower buds","103","DOY",NA,"Phenology Network","Year = 2016, 2016 | Site Name = MEF S2 | Individual ID = 5183"
"Acer rubrum","Last_Yes_DOY Flowers or flower buds","117","DOY",NA,"Phenology Network","Year = 2016, 2016 | Site Name = MEF S2 | Individual ID = 5183"
"Acer rubrum","First_Yes_DOY Open flowers","103","DOY",NA,"Phenology Network","Year = 2016, 2016 | Site Name = MEF S2 | Individual ID = 5183"
"Acer rubrum","Last_Yes_DOY Open flowers","117","DOY",NA,"Phenology Network","Year = 2016, 2016 | Site Name = MEF S2 | Individual ID = 5183"
"Populus tremuloides","First_Yes_DOY Flowers or flower buds","103","DOY",NA,"Phenology Network","Year = 2016, 2016 | Site Name = MEF S2 | Individual ID = 5612"
"Populus tremuloides","Last_Yes_DOY Flowers or flower buds","117","DOY",NA,"Phenology Network","Year = 2016, 2016 | Site Name = MEF S2 | Individual ID = 5612"
"Populus tremuloides","First_Yes_DOY Open flowers","103","DOY",NA,"Phenology Network","Year = 2016, 2016 | Site Name = MEF S2 | Individual ID = 5612"
"Populus tremuloides","Last_Yes_DOY Open flowers","117","DOY",NA,"Phenology Network","Year = 2016, 2016 | Site Name = MEF S2 | Individual ID = 5612"
"Populus tremuloides","First_Yes_DOY Pollen release (flowers)","103","DOY",NA,"Phenology Network","Year = 2016, 2016 | Site Name = MEF S2 | Individual ID = 5612"
"Populus tremuloides","Last_Yes_DOY Pollen release (flowers)","117","DOY",NA,"Phenology Network","Year = 2016, 2016 | Site Name = MEF S2 | Individual ID = 5612"
"Tilia americana","First_Yes_DOY Flowers or flower buds","167","DOY",NA,"Phenology Network","Year = 2016, 2016 | Site Name = Cedar Bog Lake Lowland 2 | Individual ID = 11001"
"Tilia americana","Last_Yes_DOY Flowers or flower buds","187","DOY",NA,"Phenology Network","Year = 2016, 2016 | Site Name = Cedar Bog Lake Lowland 2 | Individual ID = 11001"
"Tilia americana","First_Yes_DOY Flowers or flower buds","167","DOY",NA,"Phenology Network","Year = 2016, 2016 | Site Name = Cedar Bog Lake Lowland 2 | Individual ID = 11002"
"Tilia americana","Last_Yes_DOY Flowers or flower buds","187","DOY",NA,"Phenology Network","Year = 2016, 2016 | Site Name = Cedar Bog Lake Lowland 2 | Individual ID = 11002"
"Populus tremuloides","First_Yes_DOY Flowers or flower buds","90","DOY",NA,"Phenology Network","Year = 2016, 2016 | Site Name = Montgomery/WeiblenHome | Individual ID = 11360"
"Populus tremuloides","Last_Yes_DOY Flowers or flower buds","94","DOY",NA,"Phenology Network","Year = 2016, 2016 | Site Name = Montgomery/WeiblenHome | Individual ID = 11360"
"Populus tremuloides","First_Yes_DOY Open flowers","90","DOY",NA,"Phenology Network","Year = 2016, 2016 | Site Name = Montgomery/WeiblenHome | Individual ID = 11360"
"Populus tremuloides","Last_Yes_DOY Open flowers","94","DOY",NA,"Phenology Network","Year = 2016, 2016 | Site Name = Montgomery/WeiblenHome | Individual ID = 11360"
"Quercus alba","First_Yes_DOY Flowers or flower buds","272","DOY",NA,"Phenology Network","Year = 2016, 2016 | Site Name = front yard | Individual ID = 25513"
"Quercus alba","Last_Yes_DOY Flowers or flower buds","279","DOY",NA,"Phenology Network","Year = 2016, 2016 | Site Name = front yard | Individual ID = 25513"
"Acer negundo","First_Yes_DOY Flowers or flower buds","111","DOY",NA,"Phenology Network","Year = 2016, 2016 | Site Name = my yard | Individual ID = 25776"
"Acer negundo","Last_Yes_DOY Flowers or flower buds","121","DOY",NA,"Phenology Network","Year = 2016, 2016 | Site Name = my yard | Individual ID = 25776"
"Acer negundo","First_Yes_DOY Open flowers","111","DOY",NA,"Phenology Network","Year = 2016, 2016 | Site Name = my yard | Individual ID = 25776"
"Acer negundo","Last_Yes_DOY Open flowers","121","DOY",NA,"Phenology Network","Year = 2016, 2016 | Site Name = my yard | Individual ID = 25776"
"Fraxinus nigra","First_Yes_DOY Flowers or flower buds","118","DOY",NA,"Phenology Network","Year = 2016, 2016 | Site Name = Cedar Bog Lake Highland 1 | Individual ID = 25814"
"Fraxinus nigra","Last_Yes_DOY Flowers or flower buds","137","DOY",NA,"Phenology Network","Year = 2016, 2016 | Site Name = Cedar Bog Lake Highland 1 | Individual ID = 25814"
"Fraxinus nigra","First_Yes_DOY Open flowers","130","DOY",NA,"Phenology Network","Year = 2016, 2016 | Site Name = Cedar Bog Lake Highland 1 | Individual ID = 25814"
"Fraxinus nigra","Last_Yes_DOY Open flowers","137","DOY",NA,"Phenology Network","Year = 2016, 2016 | Site Name = Cedar Bog Lake Highland 1 | Individual ID = 25814"
"Fraxinus nigra","First_Yes_DOY Flowers or flower buds","137","DOY",NA,"Phenology Network","Year = 2016, 2016 | Site Name = Beckman Lake Highland (Cedar Creek LTER) | Individual ID = 25816"
"Fraxinus nigra","Last_Yes_DOY Flowers or flower buds","137","DOY",NA,"Phenology Network","Year = 2016, 2016 | Site Name = Beckman Lake Highland (Cedar Creek LTER) | Individual ID = 25816"
"Acer rubrum","First_Yes_DOY Flowers or flower buds","90","DOY",NA,"Phenology Network","Year = 2016, 2016 | Site Name = Project Tree watch 2 | Individual ID = 26859"
"Acer rubrum","Last_Yes_DOY Flowers or flower buds","90","DOY",NA,"Phenology Network","Year = 2016, 2016 | Site Name = Project Tree watch 2 | Individual ID = 26859"
"Acer rubrum","First_Yes_DOY Open flowers","90","DOY",NA,"Phenology Network","Year = 2016, 2016 | Site Name = Project Tree watch 2 | Individual ID = 26859"
"Acer rubrum","Last_Yes_DOY Open flowers","90","DOY",NA,"Phenology Network","Year = 2016, 2016 | Site Name = Project Tree watch 2 | Individual ID = 26859"
"Acer rubrum","First_Yes_DOY Pollen release (flowers)","90","DOY",NA,"Phenology Network","Year = 2016, 2016 | Site Name = Project Tree watch 2 | Individual ID = 26859"
"Acer rubrum","Last_Yes_DOY Pollen release (flowers)","90","DOY",NA,"Phenology Network","Year = 2016, 2016 | Site Name = Project Tree watch 2 | Individual ID = 26859"
"Acer rubrum","First_Yes_DOY Flowers or flower buds","90","DOY",NA,"Phenology Network","Year = 2016, 2016 | Site Name = Project Tree watch 2 | Individual ID = 26860"
"Acer rubrum","Last_Yes_DOY Flowers or flower buds","90","DOY",NA,"Phenology Network","Year = 2016, 2016 | Site Name = Project Tree watch 2 | Individual ID = 26860"
"Acer rubrum","First_Yes_DOY Open flowers","90","DOY",NA,"Phenology Network","Year = 2016, 2016 | Site Name = Project Tree watch 2 | Individual ID = 26860"
"Acer rubrum","Last_Yes_DOY Open flowers","90","DOY",NA,"Phenology Network","Year = 2016, 2016 | Site Name = Project Tree watch 2 | Individual ID = 26860"
"Acer rubrum","First_Yes_DOY Pollen release (flowers)","90","DOY",NA,"Phenology Network","Year = 2016, 2016 | Site Name = Project Tree watch 2 | Individual ID = 26860"
"Acer rubrum","Last_Yes_DOY Pollen release (flowers)","90","DOY",NA,"Phenology Network","Year = 2016, 2016 | Site Name = Project Tree watch 2 | Individual ID = 26860"
"Acer rubrum","First_Yes_DOY Flowers or flower buds","90","DOY",NA,"Phenology Network","Year = 2016, 2016 | Site Name = Project Tree watch 2 | Individual ID = 26861"
"Acer rubrum","Last_Yes_DOY Flowers or flower buds","90","DOY",NA,"Phenology Network","Year = 2016, 2016 | Site Name = Project Tree watch 2 | Individual ID = 26861"
"Acer rubrum","First_Yes_DOY Open flowers","90","DOY",NA,"Phenology Network","Year = 2016, 2016 | Site Name = Project Tree watch 2 | Individual ID = 26861"
"Acer rubrum","Last_Yes_DOY Open flowers","90","DOY",NA,"Phenology Network","Year = 2016, 2016 | Site Name = Project Tree watch 2 | Individual ID = 26861"
"Acer rubrum","First_Yes_DOY Pollen release (flowers)","90","DOY",NA,"Phenology Network","Year = 2016, 2016 | Site Name = Project Tree watch 2 | Individual ID = 26861"
"Acer rubrum","Last_Yes_DOY Pollen release (flowers)","90","DOY",NA,"Phenology Network","Year = 2016, 2016 | Site Name = Project Tree watch 2 | Individual ID = 26861"
"Acer rubrum","First_Yes_DOY Flowers or flower buds","90","DOY",NA,"Phenology Network","Year = 2016, 2016 | Site Name = Project Tree watch 2 | Individual ID = 26862"
"Acer rubrum","Last_Yes_DOY Flowers or flower buds","90","DOY",NA,"Phenology Network","Year = 2016, 2016 | Site Name = Project Tree watch 2 | Individual ID = 26862"
"Acer rubrum","First_Yes_DOY Open flowers","90","DOY",NA,"Phenology Network","Year = 2016, 2016 | Site Name = Project Tree watch 2 | Individual ID = 26862"
"Acer rubrum","Last_Yes_DOY Open flowers","90","DOY",NA,"Phenology Network","Year = 2016, 2016 | Site Name = Project Tree watch 2 | Individual ID = 26862"
"Acer rubrum","First_Yes_DOY Pollen release (flowers)","90","DOY",NA,"Phenology Network","Year = 2016, 2016 | Site Name = Project Tree watch 2 | Individual ID = 26862"
"Acer rubrum","Last_Yes_DOY Pollen release (flowers)","90","DOY",NA,"Phenology Network","Year = 2016, 2016 | Site Name = Project Tree watch 2 | Individual ID = 26862"
"Acer rubrum","First_Yes_DOY Flowers or flower buds","90","DOY",NA,"Phenology Network","Year = 2016, 2016 | Site Name = Project Tree watch 2 | Individual ID = 26863"
"Acer rubrum","Last_Yes_DOY Flowers or flower buds","90","DOY",NA,"Phenology Network","Year = 2016, 2016 | Site Name = Project Tree watch 2 | Individual ID = 26863"
"Acer rubrum","First_Yes_DOY Open flowers","90","DOY",NA,"Phenology Network","Year = 2016, 2016 | Site Name = Project Tree watch 2 | Individual ID = 26863"
"Acer rubrum","Last_Yes_DOY Open flowers","90","DOY",NA,"Phenology Network","Year = 2016, 2016 | Site Name = Project Tree watch 2 | Individual ID = 26863"
"Acer rubrum","First_Yes_DOY Pollen release (flowers)","90","DOY",NA,"Phenology Network","Year = 2016, 2016 | Site Name = Project Tree watch 2 | Individual ID = 26863"
"Acer rubrum","Last_Yes_DOY Pollen release (flowers)","90","DOY",NA,"Phenology Network","Year = 2016, 2016 | Site Name = Project Tree watch 2 | Individual ID = 26863"
"Quercus palustris","First_Yes_DOY Flowers or flower buds","110","DOY",NA,"Phenology Network","Year = 2016, 2016 | Site Name = St Paul (Como neighborhood)  | Individual ID = 42000"
"Quercus palustris","Last_Yes_DOY Flowers or flower buds","135","DOY",NA,"Phenology Network","Year = 2016, 2016 | Site Name = St Paul (Como neighborhood)  | Individual ID = 42000"
"Quercus palustris","First_Yes_DOY Open flowers","125","DOY",NA,"Phenology Network","Year = 2016, 2016 | Site Name = St Paul (Como neighborhood)  | Individual ID = 42000"
"Quercus palustris","Last_Yes_DOY Open flowers","135","DOY",NA,"Phenology Network","Year = 2016, 2016 | Site Name = St Paul (Como neighborhood)  | Individual ID = 42000"
"Tilia americana","First_Yes_DOY Flowers or flower buds","128","DOY",NA,"Phenology Network","Year = 2016, 2016 | Site Name = School | Individual ID = 46667"
"Tilia americana","Last_Yes_DOY Flowers or flower buds","168","DOY",NA,"Phenology Network","Year = 2016, 2016 | Site Name = School | Individual ID = 46667"
"Tilia americana","First_Yes_DOY Open flowers","176","DOY",NA,"Phenology Network","Year = 2016, 2016 | Site Name = School | Individual ID = 46667"
"Tilia americana","Last_Yes_DOY Open flowers","177","DOY",NA,"Phenology Network","Year = 2016, 2016 | Site Name = School | Individual ID = 46667"
"Acer rubrum","First_Yes_DOY Flowers or flower buds","52","DOY",NA,"Phenology Network","Year = 2017, 2017 | Site Name = Cedar Creek Home | Individual ID = 48157"
"Acer rubrum","Last_Yes_DOY Flowers or flower buds","52","DOY",NA,"Phenology Network","Year = 2017, 2017 | Site Name = Cedar Creek Home | Individual ID = 48157"
"Acer rubrum","First_Yes_DOY Flowers or flower buds","92","DOY",NA,"Phenology Network","Year = 2016, 2016 | Site Name = neighborhood | Individual ID = 48292"
"Acer rubrum","Last_Yes_DOY Flowers or flower buds","105","DOY",NA,"Phenology Network","Year = 2016, 2016 | Site Name = neighborhood | Individual ID = 48292"
"Acer rubrum","First_Yes_DOY Open flowers","92","DOY",NA,"Phenology Network","Year = 2016, 2016 | Site Name = neighborhood | Individual ID = 48292"
"Acer rubrum","Last_Yes_DOY Open flowers","105","DOY",NA,"Phenology Network","Year = 2016, 2016 | Site Name = neighborhood | Individual ID = 48292"
"Acer rubrum","First_Yes_DOY Flowers or flower buds","92","DOY",NA,"Phenology Network","Year = 2016, 2016 | Site Name = St Paul Campus | Individual ID = 50308"
"Acer rubrum","Last_Yes_DOY Flowers or flower buds","111","DOY",NA,"Phenology Network","Year = 2016, 2016 | Site Name = St Paul Campus | Individual ID = 50308"
"Acer rubrum","First_Yes_DOY Open flowers","92","DOY",NA,"Phenology Network","Year = 2016, 2016 | Site Name = St Paul Campus | Individual ID = 50308"
"Acer rubrum","Last_Yes_DOY Open flowers","111","DOY",NA,"Phenology Network","Year = 2016, 2016 | Site Name = St Paul Campus | Individual ID = 50308"
"Acer rubrum","First_Yes_DOY Flowers or flower buds","75","DOY",NA,"Phenology Network","Year = 2016, 2016 | Site Name = Home | Individual ID = 51999"
"Acer rubrum","Last_Yes_DOY Flowers or flower buds","119","DOY",NA,"Phenology Network","Year = 2016, 2016 | Site Name = Home | Individual ID = 51999"
"Acer rubrum","First_Yes_DOY Open flowers","75","DOY",NA,"Phenology Network","Year = 2016, 2016 | Site Name = Home | Individual ID = 51999"
"Acer rubrum","Last_Yes_DOY Open flowers","119","DOY",NA,"Phenology Network","Year = 2016, 2016 | Site Name = Home | Individual ID = 51999"
"Populus tremuloides","First_Yes_DOY Flowers or flower buds","109","DOY",NA,"Phenology Network","Year = 2016, 2016 | Site Name = Home | Individual ID = 53638"
"Populus tremuloides","Last_Yes_DOY Flowers or flower buds","109","DOY",NA,"Phenology Network","Year = 2016, 2016 | Site Name = Home | Individual ID = 53638"
"Acer rubrum","First_Yes_DOY Flowers or flower buds","107","DOY",NA,"Phenology Network","Year = 2016, 2016 | Site Name = Moms house | Individual ID = 66618"
"Acer rubrum","Last_Yes_DOY Flowers or flower buds","107","DOY",NA,"Phenology Network","Year = 2016, 2016 | Site Name = Moms house | Individual ID = 66618"
"Acer rubrum","First_Yes_DOY Pollen release (flowers)","107","DOY",NA,"Phenology Network","Year = 2016, 2016 | Site Name = Moms house | Individual ID = 66618"
"Acer rubrum","Last_Yes_DOY Pollen release (flowers)","107","DOY",NA,"Phenology Network","Year = 2016, 2016 | Site Name = Moms house | Individual ID = 66618"
"Populus tremuloides","First_Yes_DOY Flowers or flower buds","109","DOY",NA,"Phenology Network","Year = 2016, 2016 | Site Name = Home | Individual ID = 66950"
"Populus tremuloides","Last_Yes_DOY Flowers or flower buds","109","DOY",NA,"Phenology Network","Year = 2016, 2016 | Site Name = Home | Individual ID = 66950"
"Populus tremuloides","First_Yes_DOY Open flowers","109","DOY",NA,"Phenology Network","Year = 2016, 2016 | Site Name = Home | Individual ID = 66950"
"Populus tremuloides","Last_Yes_DOY Open flowers","109","DOY",NA,"Phenology Network","Year = 2016, 2016 | Site Name = Home | Individual ID = 66950"
"Tilia americana","First_Yes_DOY Flowers or flower buds","130","DOY",NA,"Phenology Network","Year = 2016, 2016 | Site Name = Kettlekamp Prairie | Individual ID = 68458"
"Tilia americana","Last_Yes_DOY Flowers or flower buds","130","DOY",NA,"Phenology Network","Year = 2016, 2016 | Site Name = Kettlekamp Prairie | Individual ID = 68458"
"Acer rubrum","First_Yes_DOY Flowers or flower buds","80","DOY",NA,"Phenology Network","Year = 2016, 2016 | Site Name = Back Yard | Individual ID = 69122"
"Acer rubrum","Last_Yes_DOY Flowers or flower buds","115","DOY",NA,"Phenology Network","Year = 2016, 2016 | Site Name = Back Yard | Individual ID = 69122"
"Acer rubrum","First_Yes_DOY Open flowers","81","DOY",NA,"Phenology Network","Year = 2016, 2016 | Site Name = Back Yard | Individual ID = 69122"
"Acer rubrum","Last_Yes_DOY Open flowers","115","DOY",NA,"Phenology Network","Year = 2016, 2016 | Site Name = Back Yard | Individual ID = 69122"
"Acer rubrum","First_Yes_DOY Pollen release (flowers)","92","DOY",NA,"Phenology Network","Year = 2016, 2016 | Site Name = Back Yard | Individual ID = 69122"
"Acer rubrum","Last_Yes_DOY Pollen release (flowers)","97","DOY",NA,"Phenology Network","Year = 2016, 2016 | Site Name = Back Yard | Individual ID = 69122"
"Acer saccharinum","First_Yes_DOY Flowers or flower buds","70","DOY",NA,"Phenology Network","Year = 2016, 2016 | Site Name = Back Yard | Individual ID = 69125"
"Acer saccharinum","Last_Yes_DOY Flowers or flower buds","111","DOY",NA,"Phenology Network","Year = 2016, 2016 | Site Name = Back Yard | Individual ID = 69125"
"Acer saccharinum","First_Yes_DOY Open flowers","70","DOY",NA,"Phenology Network","Year = 2016, 2016 | Site Name = Back Yard | Individual ID = 69125"
"Acer saccharinum","Last_Yes_DOY Open flowers","115","DOY",NA,"Phenology Network","Year = 2016, 2016 | Site Name = Back Yard | Individual ID = 69125"
"Acer saccharinum","First_Yes_DOY Pollen release (flowers)","77","DOY",NA,"Phenology Network","Year = 2016, 2016 | Site Name = Back Yard | Individual ID = 69125"
"Acer saccharinum","Last_Yes_DOY Pollen release (flowers)","97","DOY",NA,"Phenology Network","Year = 2016, 2016 | Site Name = Back Yard | Individual ID = 69125"
"Quercus alba","First_Yes_DOY Flowers or flower buds","126","DOY",NA,"Phenology Network","Year = 2016, 2016 | Site Name = Michigan house | Individual ID = 69158"
"Quercus alba","Last_Yes_DOY Flowers or flower buds","146","DOY",NA,"Phenology Network","Year = 2016, 2016 | Site Name = Michigan house | Individual ID = 69158"
"Quercus alba","First_Yes_DOY Open flowers","134","DOY",NA,"Phenology Network","Year = 2016, 2016 | Site Name = Michigan house | Individual ID = 69158"
"Quercus alba","Last_Yes_DOY Open flowers","146","DOY",NA,"Phenology Network","Year = 2016, 2016 | Site Name = Michigan house | Individual ID = 69158"
"Quercus alba","First_Yes_DOY Pollen release (flowers)","134","DOY",NA,"Phenology Network","Year = 2016, 2016 | Site Name = Michigan house | Individual ID = 69158"
"Quercus alba","Last_Yes_DOY Pollen release (flowers)","146","DOY",NA,"Phenology Network","Year = 2016, 2016 | Site Name = Michigan house | Individual ID = 69158"
"Populus tremuloides","First_Yes_DOY Flowers or flower buds","85","DOY",NA,"Phenology Network","Year = 2016, 2016 | Site Name = Kettlekamp Prairie | Individual ID = 69348"
"Populus tremuloides","Last_Yes_DOY Flowers or flower buds","85","DOY",NA,"Phenology Network","Year = 2016, 2016 | Site Name = Kettlekamp Prairie | Individual ID = 69348"
"Populus tremuloides","First_Yes_DOY Flowers or flower buds","88","DOY",NA,"Phenology Network","Year = 2016, 2016 | Site Name = Kettlekamp Prairie | Individual ID = 69349"
"Populus tremuloides","Last_Yes_DOY Flowers or flower buds","112","DOY",NA,"Phenology Network","Year = 2016, 2016 | Site Name = Kettlekamp Prairie | Individual ID = 69349"
"Populus tremuloides","First_Yes_DOY Open flowers","109","DOY",NA,"Phenology Network","Year = 2016, 2016 | Site Name = Kettlekamp Prairie | Individual ID = 69349"
"Populus tremuloides","Last_Yes_DOY Open flowers","109","DOY",NA,"Phenology Network","Year = 2016, 2016 | Site Name = Kettlekamp Prairie | Individual ID = 69349"
"Populus tremuloides","First_Yes_DOY Flowers or flower buds","103","DOY",NA,"Phenology Network","Year = 2016, 2016 | Site Name = Kettlekamp Prairie | Individual ID = 69350"
"Populus tremuloides","Last_Yes_DOY Flowers or flower buds","103","DOY",NA,"Phenology Network","Year = 2016, 2016 | Site Name = Kettlekamp Prairie | Individual ID = 69350"
"Fraxinus pennsylvanica","First_Yes_DOY Flowers or flower buds","120","DOY",NA,"Phenology Network","Year = 2016, 2016 | Site Name = Circle Trail | Individual ID = 74743"
"Fraxinus pennsylvanica","Last_Yes_DOY Flowers or flower buds","127","DOY",NA,"Phenology Network","Year = 2016, 2016 | Site Name = Circle Trail | Individual ID = 74743"
"Fraxinus pennsylvanica","First_Yes_DOY Flowers or flower buds","141","DOY",NA,"Phenology Network","Year = 2016, 2016 | Site Name = Circle Trail | Individual ID = 74743"
"Fraxinus pennsylvanica","Last_Yes_DOY Flowers or flower buds","141","DOY",NA,"Phenology Network","Year = 2016, 2016 | Site Name = Circle Trail | Individual ID = 74743"
"Fraxinus americana","First_Yes_DOY Flowers or flower buds","106","DOY",NA,"Phenology Network","Year = 2016, 2016 | Site Name = LCS Outdoor Learning Environment | Individual ID = 78446"
"Fraxinus americana","Last_Yes_DOY Flowers or flower buds","127","DOY",NA,"Phenology Network","Year = 2016, 2016 | Site Name = LCS Outdoor Learning Environment | Individual ID = 78446"
"Fraxinus americana","First_Yes_DOY Open flowers","109","DOY",NA,"Phenology Network","Year = 2016, 2016 | Site Name = LCS Outdoor Learning Environment | Individual ID = 78446"
"Fraxinus americana","Last_Yes_DOY Open flowers","127","DOY",NA,"Phenology Network","Year = 2016, 2016 | Site Name = LCS Outdoor Learning Environment | Individual ID = 78446"
"Fraxinus americana","First_Yes_DOY Pollen release (flowers)","127","DOY",NA,"Phenology Network","Year = 2016, 2016 | Site Name = LCS Outdoor Learning Environment | Individual ID = 78446"
"Fraxinus americana","Last_Yes_DOY Pollen release (flowers)","127","DOY",NA,"Phenology Network","Year = 2016, 2016 | Site Name = LCS Outdoor Learning Environment | Individual ID = 78446"
"Quercus rubra","First_Yes_DOY Flowers or flower buds","109","DOY",NA,"Phenology Network","Year = 2016, 2016 | Site Name = LCS Outdoor Learning Environment | Individual ID = 78447"
"Quercus rubra","Last_Yes_DOY Flowers or flower buds","131","DOY",NA,"Phenology Network","Year = 2016, 2016 | Site Name = LCS Outdoor Learning Environment | Individual ID = 78447"
"Quercus rubra","First_Yes_DOY Open flowers","113","DOY",NA,"Phenology Network","Year = 2016, 2016 | Site Name = LCS Outdoor Learning Environment | Individual ID = 78447"
"Quercus rubra","Last_Yes_DOY Open flowers","131","DOY",NA,"Phenology Network","Year = 2016, 2016 | Site Name = LCS Outdoor Learning Environment | Individual ID = 78447"
"Quercus rubra","First_Yes_DOY Pollen release (flowers)","127","DOY",NA,"Phenology Network","Year = 2016, 2016 | Site Name = LCS Outdoor Learning Environment | Individual ID = 78447"
"Quercus rubra","Last_Yes_DOY Pollen release (flowers)","131","DOY",NA,"Phenology Network","Year = 2016, 2016 | Site Name = LCS Outdoor Learning Environment | Individual ID = 78447"
"Acer rubrum","First_Yes_DOY Flowers or flower buds","109","DOY",NA,"Phenology Network","Year = 2016, 2016 | Site Name = Home | Individual ID = 78858"
"Acer rubrum","Last_Yes_DOY Flowers or flower buds","109","DOY",NA,"Phenology Network","Year = 2016, 2016 | Site Name = Home | Individual ID = 78858"
"Acer rubrum","First_Yes_DOY Open flowers","109","DOY",NA,"Phenology Network","Year = 2016, 2016 | Site Name = Home | Individual ID = 78858"
"Acer rubrum","Last_Yes_DOY Open flowers","109","DOY",NA,"Phenology Network","Year = 2016, 2016 | Site Name = Home | Individual ID = 78858"
"Acer rubrum","First_Yes_DOY Pollen release (flowers)","109","DOY",NA,"Phenology Network","Year = 2016, 2016 | Site Name = Home | Individual ID = 78858"
"Acer rubrum","Last_Yes_DOY Pollen release (flowers)","109","DOY",NA,"Phenology Network","Year = 2016, 2016 | Site Name = Home | Individual ID = 78858"
"Populus tremuloides","First_Yes_DOY Flowers or flower buds","82","DOY",NA,"Phenology Network","Year = 2016, 2016 | Site Name = Home | Individual ID = 79752"
"Populus tremuloides","Last_Yes_DOY Flowers or flower buds","105","DOY",NA,"Phenology Network","Year = 2016, 2016 | Site Name = Home | Individual ID = 79752"
"Populus tremuloides","First_Yes_DOY Open flowers","82","DOY",NA,"Phenology Network","Year = 2016, 2016 | Site Name = Home | Individual ID = 79752"
"Populus tremuloides","Last_Yes_DOY Open flowers","105","DOY",NA,"Phenology Network","Year = 2016, 2016 | Site Name = Home | Individual ID = 79752"
"Populus tremuloides","First_Yes_DOY Pollen release (flowers)","89","DOY",NA,"Phenology Network","Year = 2016, 2016 | Site Name = Home | Individual ID = 79752"
"Populus tremuloides","Last_Yes_DOY Pollen release (flowers)","101","DOY",NA,"Phenology Network","Year = 2016, 2016 | Site Name = Home | Individual ID = 79752"
"Acer rubrum","First_Yes_DOY Flowers or flower buds","72","DOY",NA,"Phenology Network","Year = 2016, 2016 | Site Name = Yard | Individual ID = 82689"
"Acer rubrum","Last_Yes_DOY Flowers or flower buds","109","DOY",NA,"Phenology Network","Year = 2016, 2016 | Site Name = Yard | Individual ID = 82689"
"Acer rubrum","First_Yes_DOY Open flowers","89","DOY",NA,"Phenology Network","Year = 2016, 2016 | Site Name = Yard | Individual ID = 82689"
"Acer rubrum","Last_Yes_DOY Open flowers","109","DOY",NA,"Phenology Network","Year = 2016, 2016 | Site Name = Yard | Individual ID = 82689"
"Acer saccharinum","First_Yes_DOY Flowers or flower buds","75","DOY",NA,"Phenology Network","Year = 2016, 2016 | Site Name = LCS Outdoor Learning Environment | Individual ID = 85116"
"Acer saccharinum","Last_Yes_DOY Flowers or flower buds","106","DOY",NA,"Phenology Network","Year = 2016, 2016 | Site Name = LCS Outdoor Learning Environment | Individual ID = 85116"
"Acer saccharinum","First_Yes_DOY Open flowers","75","DOY",NA,"Phenology Network","Year = 2016, 2016 | Site Name = LCS Outdoor Learning Environment | Individual ID = 85116"
"Acer saccharinum","Last_Yes_DOY Open flowers","106","DOY",NA,"Phenology Network","Year = 2016, 2016 | Site Name = LCS Outdoor Learning Environment | Individual ID = 85116"
"Acer saccharinum","First_Yes_DOY Pollen release (flowers)","76","DOY",NA,"Phenology Network","Year = 2016, 2016 | Site Name = LCS Outdoor Learning Environment | Individual ID = 85116"
"Acer saccharinum","Last_Yes_DOY Pollen release (flowers)","76","DOY",NA,"Phenology Network","Year = 2016, 2016 | Site Name = LCS Outdoor Learning Environment | Individual ID = 85116"
"Acer saccharinum","First_Yes_DOY Flowers or flower buds","69","DOY",NA,"Phenology Network","Year = 2016, 2016 | Site Name = Josh Leonard's corner | Individual ID = 85573"
"Acer saccharinum","Last_Yes_DOY Flowers or flower buds","107","DOY",NA,"Phenology Network","Year = 2016, 2016 | Site Name = Josh Leonard's corner | Individual ID = 85573"
"Acer saccharinum","First_Yes_DOY Open flowers","69","DOY",NA,"Phenology Network","Year = 2016, 2016 | Site Name = Josh Leonard's corner | Individual ID = 85573"
"Acer saccharinum","Last_Yes_DOY Open flowers","107","DOY",NA,"Phenology Network","Year = 2016, 2016 | Site Name = Josh Leonard's corner | Individual ID = 85573"
"Acer saccharinum","First_Yes_DOY Pollen release (flowers)","71","DOY",NA,"Phenology Network","Year = 2016, 2016 | Site Name = Josh Leonard's corner | Individual ID = 85573"
"Acer saccharinum","Last_Yes_DOY Pollen release (flowers)","71","DOY",NA,"Phenology Network","Year = 2016, 2016 | Site Name = Josh Leonard's corner | Individual ID = 85573"
"Acer saccharinum","First_Yes_DOY Flowers or flower buds","69","DOY",NA,"Phenology Network","Year = 2016, 2016 | Site Name = Josh Leonard's corner | Individual ID = 85574"
"Acer saccharinum","Last_Yes_DOY Flowers or flower buds","97","DOY",NA,"Phenology Network","Year = 2016, 2016 | Site Name = Josh Leonard's corner | Individual ID = 85574"
"Acer saccharinum","First_Yes_DOY Open flowers","69","DOY",NA,"Phenology Network","Year = 2016, 2016 | Site Name = Josh Leonard's corner | Individual ID = 85574"
"Acer saccharinum","Last_Yes_DOY Open flowers","97","DOY",NA,"Phenology Network","Year = 2016, 2016 | Site Name = Josh Leonard's corner | Individual ID = 85574"
"Acer saccharinum","First_Yes_DOY Pollen release (flowers)","82","DOY",NA,"Phenology Network","Year = 2016, 2016 | Site Name = Josh Leonard's corner | Individual ID = 85574"
"Acer saccharinum","Last_Yes_DOY Pollen release (flowers)","82","DOY",NA,"Phenology Network","Year = 2016, 2016 | Site Name = Josh Leonard's corner | Individual ID = 85574"
"Quercus rubra","First_Yes_DOY Flowers or flower buds","121","DOY",NA,"Phenology Network","Year = 2016, 2016 | Site Name = Josh Leonard's corner | Individual ID = 85605"
"Quercus rubra","Last_Yes_DOY Flowers or flower buds","139","DOY",NA,"Phenology Network","Year = 2016, 2016 | Site Name = Josh Leonard's corner | Individual ID = 85605"
"Quercus rubra","First_Yes_DOY Open flowers","133","DOY",NA,"Phenology Network","Year = 2016, 2016 | Site Name = Josh Leonard's corner | Individual ID = 85605"
"Quercus rubra","Last_Yes_DOY Open flowers","139","DOY",NA,"Phenology Network","Year = 2016, 2016 | Site Name = Josh Leonard's corner | Individual ID = 85605"
"Acer negundo","First_Yes_DOY Flowers or flower buds","82","DOY",NA,"Phenology Network","Year = 2016, 2016 | Site Name = Woods | Individual ID = 85779"
"Acer negundo","Last_Yes_DOY Flowers or flower buds","109","DOY",NA,"Phenology Network","Year = 2016, 2016 | Site Name = Woods | Individual ID = 85779"
"Acer negundo","First_Yes_DOY Open flowers","101","DOY",NA,"Phenology Network","Year = 2016, 2016 | Site Name = Woods | Individual ID = 85779"
"Acer negundo","Last_Yes_DOY Open flowers","109","DOY",NA,"Phenology Network","Year = 2016, 2016 | Site Name = Woods | Individual ID = 85779"
"Acer negundo","First_Yes_DOY Pollen release (flowers)","101","DOY",NA,"Phenology Network","Year = 2016, 2016 | Site Name = Woods | Individual ID = 85779"
"Acer negundo","Last_Yes_DOY Pollen release (flowers)","101","DOY",NA,"Phenology Network","Year = 2016, 2016 | Site Name = Woods | Individual ID = 85779"
"Acer negundo","First_Yes_DOY Flowers or flower buds","82","DOY",NA,"Phenology Network","Year = 2016, 2016 | Site Name = Woods | Individual ID = 85781"
"Acer negundo","Last_Yes_DOY Flowers or flower buds","101","DOY",NA,"Phenology Network","Year = 2016, 2016 | Site Name = Woods | Individual ID = 85781"
"Acer negundo","First_Yes_DOY Open flowers","89","DOY",NA,"Phenology Network","Year = 2016, 2016 | Site Name = Woods | Individual ID = 85781"
"Acer negundo","Last_Yes_DOY Open flowers","101","DOY",NA,"Phenology Network","Year = 2016, 2016 | Site Name = Woods | Individual ID = 85781"
"Populus deltoides","First_Yes_DOY Flowers or flower buds","109","DOY",NA,"Phenology Network","Year = 2016, 2016 | Site Name = Yard | Individual ID = 87205"
"Populus deltoides","Last_Yes_DOY Flowers or flower buds","140","DOY",NA,"Phenology Network","Year = 2016, 2016 | Site Name = Yard | Individual ID = 87205"
"Populus deltoides","First_Yes_DOY Flowers or flower buds","109","DOY",NA,"Phenology Network","Year = 2016, 2016 | Site Name = Yard | Individual ID = 87206"
"Populus deltoides","Last_Yes_DOY Flowers or flower buds","140","DOY",NA,"Phenology Network","Year = 2016, 2016 | Site Name = Yard | Individual ID = 87206"
"Fraxinus pennsylvanica","First_Yes_DOY Flowers or flower buds","140","DOY",NA,"Phenology Network","Year = 2016, 2016 | Site Name = Yard | Individual ID = 87207"
"Fraxinus pennsylvanica","Last_Yes_DOY Flowers or flower buds","146","DOY",NA,"Phenology Network","Year = 2016, 2016 | Site Name = Yard | Individual ID = 87207"
"Fraxinus pennsylvanica","First_Yes_DOY Open flowers","140","DOY",NA,"Phenology Network","Year = 2016, 2016 | Site Name = Yard | Individual ID = 87207"
"Fraxinus pennsylvanica","Last_Yes_DOY Open flowers","146","DOY",NA,"Phenology Network","Year = 2016, 2016 | Site Name = Yard | Individual ID = 87207"
"Fraxinus pennsylvanica","First_Yes_DOY Flowers or flower buds","109","DOY",NA,"Phenology Network","Year = 2016, 2016 | Site Name = Yard | Individual ID = 87208"
"Fraxinus pennsylvanica","Last_Yes_DOY Flowers or flower buds","116","DOY",NA,"Phenology Network","Year = 2016, 2016 | Site Name = Yard | Individual ID = 87208"
"Acer saccharinum","First_Yes_DOY Flowers or flower buds","82","DOY",NA,"Phenology Network","Year = 2016, 2016 | Site Name = Woods | Individual ID = 87212"
"Acer saccharinum","Last_Yes_DOY Flowers or flower buds","101","DOY",NA,"Phenology Network","Year = 2016, 2016 | Site Name = Woods | Individual ID = 87212"
"Acer saccharinum","First_Yes_DOY Open flowers","82","DOY",NA,"Phenology Network","Year = 2016, 2016 | Site Name = Woods | Individual ID = 87212"
"Acer saccharinum","Last_Yes_DOY Open flowers","101","DOY",NA,"Phenology Network","Year = 2016, 2016 | Site Name = Woods | Individual ID = 87212"
"Acer saccharinum","First_Yes_DOY Flowers or flower buds","82","DOY",NA,"Phenology Network","Year = 2016, 2016 | Site Name = Woods | Individual ID = 87213"
"Acer saccharinum","Last_Yes_DOY Flowers or flower buds","101","DOY",NA,"Phenology Network","Year = 2016, 2016 | Site Name = Woods | Individual ID = 87213"
"Acer saccharinum","First_Yes_DOY Open flowers","89","DOY",NA,"Phenology Network","Year = 2016, 2016 | Site Name = Woods | Individual ID = 87213"
"Acer saccharinum","Last_Yes_DOY Open flowers","101","DOY",NA,"Phenology Network","Year = 2016, 2016 | Site Name = Woods | Individual ID = 87213"
"Quercus palustris","First_Yes_DOY Flowers or flower buds","109","DOY",NA,"Phenology Network","Year = 2016, 2016 | Site Name = Kettlekamp Prairie | Individual ID = 87924"
"Quercus palustris","Last_Yes_DOY Flowers or flower buds","120","DOY",NA,"Phenology Network","Year = 2016, 2016 | Site Name = Kettlekamp Prairie | Individual ID = 87924"
"Quercus palustris","First_Yes_DOY Open flowers","116","DOY",NA,"Phenology Network","Year = 2016, 2016 | Site Name = Kettlekamp Prairie | Individual ID = 87924"
"Quercus palustris","Last_Yes_DOY Open flowers","116","DOY",NA,"Phenology Network","Year = 2016, 2016 | Site Name = Kettlekamp Prairie | Individual ID = 87924"
"Quercus rubra","First_Yes_DOY Flowers or flower buds","109","DOY",NA,"Phenology Network","Year = 2016, 2016 | Site Name = Kettlekamp Prairie | Individual ID = 87925"
"Quercus rubra","Last_Yes_DOY Flowers or flower buds","112","DOY",NA,"Phenology Network","Year = 2016, 2016 | Site Name = Kettlekamp Prairie | Individual ID = 87925"
"Quercus palustris","First_Yes_DOY Flowers or flower buds","109","DOY",NA,"Phenology Network","Year = 2016, 2016 | Site Name = Kettlekamp Prairie | Individual ID = 87926"
"Quercus palustris","Last_Yes_DOY Flowers or flower buds","131","DOY",NA,"Phenology Network","Year = 2016, 2016 | Site Name = Kettlekamp Prairie | Individual ID = 87926"
"Quercus palustris","First_Yes_DOY Open flowers","131","DOY",NA,"Phenology Network","Year = 2016, 2016 | Site Name = Kettlekamp Prairie | Individual ID = 87926"
"Quercus palustris","Last_Yes_DOY Open flowers","131","DOY",NA,"Phenology Network","Year = 2016, 2016 | Site Name = Kettlekamp Prairie | Individual ID = 87926"
"Acer rubrum","First_Yes_DOY Flowers or flower buds","113","DOY",NA,"Phenology Network","Year = 2016, 2016 | Site Name = Michigan house | Individual ID = 88806"
"Acer rubrum","Last_Yes_DOY Flowers or flower buds","126","DOY",NA,"Phenology Network","Year = 2016, 2016 | Site Name = Michigan house | Individual ID = 88806"
"Acer rubrum","First_Yes_DOY Open flowers","113","DOY",NA,"Phenology Network","Year = 2016, 2016 | Site Name = Michigan house | Individual ID = 88806"
"Acer rubrum","Last_Yes_DOY Open flowers","126","DOY",NA,"Phenology Network","Year = 2016, 2016 | Site Name = Michigan house | Individual ID = 88806"
"Acer negundo","First_Yes_DOY Flowers or flower buds","114","DOY",NA,"Phenology Network","Year = 2016, 2016 | Site Name = Woods  | Individual ID = 89070"
"Acer negundo","Last_Yes_DOY Flowers or flower buds","114","DOY",NA,"Phenology Network","Year = 2016, 2016 | Site Name = Woods  | Individual ID = 89070"
"Acer negundo","First_Yes_DOY Open flowers","114","DOY",NA,"Phenology Network","Year = 2016, 2016 | Site Name = Woods  | Individual ID = 89070"
"Acer negundo","Last_Yes_DOY Open flowers","114","DOY",NA,"Phenology Network","Year = 2016, 2016 | Site Name = Woods  | Individual ID = 89070"
"Acer saccharinum","First_Yes_DOY Flowers or flower buds","77","DOY",NA,"Phenology Network","Year = 2016, 2016 | Site Name = Home | Individual ID = 91247"
"Acer saccharinum","Last_Yes_DOY Flowers or flower buds","85","DOY",NA,"Phenology Network","Year = 2016, 2016 | Site Name = Home | Individual ID = 91247"
"Acer saccharinum","First_Yes_DOY Open flowers","85","DOY",NA,"Phenology Network","Year = 2016, 2016 | Site Name = Home | Individual ID = 91247"
"Acer saccharinum","Last_Yes_DOY Open flowers","85","DOY",NA,"Phenology Network","Year = 2016, 2016 | Site Name = Home | Individual ID = 91247"
"Acer rubrum","First_Yes_DOY Flowers or flower buds","112","DOY",NA,"Phenology Network","Year = 2016, 2016 | Site Name = Pitcher Pond | Individual ID = 94648"
"Acer rubrum","Last_Yes_DOY Flowers or flower buds","129","DOY",NA,"Phenology Network","Year = 2016, 2016 | Site Name = Pitcher Pond | Individual ID = 94648"
"Acer rubrum","First_Yes_DOY Open flowers","119","DOY",NA,"Phenology Network","Year = 2016, 2016 | Site Name = Pitcher Pond | Individual ID = 94648"
"Acer rubrum","Last_Yes_DOY Open flowers","135","DOY",NA,"Phenology Network","Year = 2016, 2016 | Site Name = Pitcher Pond | Individual ID = 94648"
"Acer rubrum","First_Yes_DOY Pollen release (flowers)","119","DOY",NA,"Phenology Network","Year = 2016, 2016 | Site Name = Pitcher Pond | Individual ID = 94648"
"Acer rubrum","Last_Yes_DOY Pollen release (flowers)","124","DOY",NA,"Phenology Network","Year = 2016, 2016 | Site Name = Pitcher Pond | Individual ID = 94648"
"Acer saccharinum","First_Yes_DOY Flowers or flower buds","76","DOY",NA,"Phenology Network","Year = 2016, 2016 | Site Name = front yard | Individual ID = 94830"
"Acer saccharinum","Last_Yes_DOY Flowers or flower buds","106","DOY",NA,"Phenology Network","Year = 2016, 2016 | Site Name = front yard | Individual ID = 94830"
"Acer saccharinum","First_Yes_DOY Open flowers","94","DOY",NA,"Phenology Network","Year = 2016, 2016 | Site Name = front yard | Individual ID = 94830"
"Acer saccharinum","Last_Yes_DOY Open flowers","106","DOY",NA,"Phenology Network","Year = 2016, 2016 | Site Name = front yard | Individual ID = 94830"
"Populus balsamifera","First_Yes_DOY Flowers or flower buds","115","DOY",NA,"Phenology Network","Year = 2016, 2016 | Site Name = Poplar Balsam Location | Individual ID = 96636"
"Populus balsamifera","Last_Yes_DOY Flowers or flower buds","122","DOY",NA,"Phenology Network","Year = 2016, 2016 | Site Name = Poplar Balsam Location | Individual ID = 96636"
"Populus balsamifera","First_Yes_DOY Open flowers","129","DOY",NA,"Phenology Network","Year = 2016, 2016 | Site Name = Poplar Balsam Location | Individual ID = 96636"
"Populus balsamifera","Last_Yes_DOY Open flowers","129","DOY",NA,"Phenology Network","Year = 2016, 2016 | Site Name = Poplar Balsam Location | Individual ID = 96636"
"Populus balsamifera","First_Yes_DOY Flowers or flower buds","102","DOY",NA,"Phenology Network","Year = 2016, 2016 | Site Name = Balsam Poplar | Individual ID = 96637"
"Populus balsamifera","Last_Yes_DOY Flowers or flower buds","116","DOY",NA,"Phenology Network","Year = 2016, 2016 | Site Name = Balsam Poplar | Individual ID = 96637"
"Populus balsamifera","First_Yes_DOY Flowers or flower buds","120","DOY",NA,"Phenology Network","Year = 2016, 2016 | Site Name = balsam poplar  | Individual ID = 99257"
"Populus balsamifera","Last_Yes_DOY Flowers or flower buds","120","DOY",NA,"Phenology Network","Year = 2016, 2016 | Site Name = balsam poplar  | Individual ID = 99257"
"Quercus rubra","First_Yes_DOY Flowers or flower buds","148","DOY",NA,"Phenology Network","Year = 2016, 2016 | Site Name = Marsh | Individual ID = 102182"
"Quercus rubra","Last_Yes_DOY Flowers or flower buds","148","DOY",NA,"Phenology Network","Year = 2016, 2016 | Site Name = Marsh | Individual ID = 102182"
"Acer negundo","First_Yes_DOY Flowers or flower buds","109","DOY",NA,"Phenology Network","Year = 2016, 2016 | Site Name = Stonehollow | Individual ID = 102437"
"Acer negundo","Last_Yes_DOY Flowers or flower buds","117","DOY",NA,"Phenology Network","Year = 2016, 2016 | Site Name = Stonehollow | Individual ID = 102437"
"Acer negundo","First_Yes_DOY Open flowers","109","DOY",NA,"Phenology Network","Year = 2016, 2016 | Site Name = Stonehollow | Individual ID = 102437"
"Acer negundo","Last_Yes_DOY Open flowers","117","DOY",NA,"Phenology Network","Year = 2016, 2016 | Site Name = Stonehollow | Individual ID = 102437"
"Populus tremuloides","First_Yes_DOY Flowers or flower buds","74","DOY",NA,"Phenology Network","Year = 2016, 2016 | Site Name = Stonehollow | Individual ID = 102441"
"Populus tremuloides","Last_Yes_DOY Flowers or flower buds","117","DOY",NA,"Phenology Network","Year = 2016, 2016 | Site Name = Stonehollow | Individual ID = 102441"
"Populus tremuloides","First_Yes_DOY Open flowers","93","DOY",NA,"Phenology Network","Year = 2016, 2016 | Site Name = Stonehollow | Individual ID = 102441"
"Populus tremuloides","Last_Yes_DOY Open flowers","117","DOY",NA,"Phenology Network","Year = 2016, 2016 | Site Name = Stonehollow | Individual ID = 102441"
"Acer saccharinum","First_Yes_DOY Flowers or flower buds","68","DOY",NA,"Phenology Network","Year = 2016, 2016 | Site Name = Home | Individual ID = 102809"
"Acer saccharinum","Last_Yes_DOY Flowers or flower buds","75","DOY",NA,"Phenology Network","Year = 2016, 2016 | Site Name = Home | Individual ID = 102809"
"Acer saccharinum","First_Yes_DOY Flowers or flower buds","90","DOY",NA,"Phenology Network","Year = 2016, 2016 | Site Name = Home | Individual ID = 102809"
"Acer saccharinum","Last_Yes_DOY Flowers or flower buds","119","DOY",NA,"Phenology Network","Year = 2016, 2016 | Site Name = Home | Individual ID = 102809"
"Acer saccharinum","First_Yes_DOY Flowers or flower buds","59","DOY",NA,"Phenology Network","Year = 2017, 2017 | Site Name = Home | Individual ID = 102809"
"Acer saccharinum","Last_Yes_DOY Flowers or flower buds","59","DOY",NA,"Phenology Network","Year = 2017, 2017 | Site Name = Home | Individual ID = 102809"
"Acer saccharinum","First_Yes_DOY Open flowers","68","DOY",NA,"Phenology Network","Year = 2016, 2016 | Site Name = Home | Individual ID = 102809"
"Acer saccharinum","Last_Yes_DOY Open flowers","75","DOY",NA,"Phenology Network","Year = 2016, 2016 | Site Name = Home | Individual ID = 102809"
"Acer saccharinum","First_Yes_DOY Open flowers","90","DOY",NA,"Phenology Network","Year = 2016, 2016 | Site Name = Home | Individual ID = 102809"
"Acer saccharinum","Last_Yes_DOY Open flowers","119","DOY",NA,"Phenology Network","Year = 2016, 2016 | Site Name = Home | Individual ID = 102809"
"Acer saccharinum","First_Yes_DOY Open flowers","59","DOY",NA,"Phenology Network","Year = 2017, 2017 | Site Name = Home | Individual ID = 102809"
"Acer saccharinum","Last_Yes_DOY Open flowers","59","DOY",NA,"Phenology Network","Year = 2017, 2017 | Site Name = Home | Individual ID = 102809"
"Acer saccharinum","First_Yes_DOY Pollen release (flowers)","75","DOY",NA,"Phenology Network","Year = 2016, 2016 | Site Name = Home | Individual ID = 102809"
"Acer saccharinum","Last_Yes_DOY Pollen release (flowers)","75","DOY",NA,"Phenology Network","Year = 2016, 2016 | Site Name = Home | Individual ID = 102809"
"Acer negundo","First_Yes_DOY Flowers or flower buds","78","DOY",NA,"Phenology Network","Year = 2016, 2016 | Site Name = Home | Individual ID = 103163"
"Acer negundo","Last_Yes_DOY Flowers or flower buds","99","DOY",NA,"Phenology Network","Year = 2016, 2016 | Site Name = Home | Individual ID = 103163"
"Acer negundo","First_Yes_DOY Open flowers","95","DOY",NA,"Phenology Network","Year = 2016, 2016 | Site Name = Home | Individual ID = 103163"
"Acer negundo","Last_Yes_DOY Open flowers","98","DOY",NA,"Phenology Network","Year = 2016, 2016 | Site Name = Home | Individual ID = 103163"
"Acer negundo","First_Yes_DOY Open flowers","103","DOY",NA,"Phenology Network","Year = 2016, 2016 | Site Name = Home | Individual ID = 103163"
"Acer negundo","Last_Yes_DOY Open flowers","113","DOY",NA,"Phenology Network","Year = 2016, 2016 | Site Name = Home | Individual ID = 103163"
"Acer rubrum","First_Yes_DOY Flowers or flower buds","91","DOY",NA,"Phenology Network","Year = 2016, 2016 | Site Name = Stonehollow | Individual ID = 103380"
"Acer rubrum","Last_Yes_DOY Flowers or flower buds","117","DOY",NA,"Phenology Network","Year = 2016, 2016 | Site Name = Stonehollow | Individual ID = 103380"
"Acer rubrum","First_Yes_DOY Open flowers","93","DOY",NA,"Phenology Network","Year = 2016, 2016 | Site Name = Stonehollow | Individual ID = 103380"
"Acer rubrum","Last_Yes_DOY Open flowers","117","DOY",NA,"Phenology Network","Year = 2016, 2016 | Site Name = Stonehollow | Individual ID = 103380"
"Acer rubrum","First_Yes_DOY Pollen release (flowers)","111","DOY",NA,"Phenology Network","Year = 2016, 2016 | Site Name = Stonehollow | Individual ID = 103380"
"Acer rubrum","Last_Yes_DOY Pollen release (flowers)","117","DOY",NA,"Phenology Network","Year = 2016, 2016 | Site Name = Stonehollow | Individual ID = 103380"
"Acer saccharinum","First_Yes_DOY Flowers or flower buds","76","DOY",NA,"Phenology Network","Year = 2016, 2016 | Site Name = Stonehollow | Individual ID = 103381"
"Acer saccharinum","Last_Yes_DOY Flowers or flower buds","117","DOY",NA,"Phenology Network","Year = 2016, 2016 | Site Name = Stonehollow | Individual ID = 103381"
"Acer saccharinum","First_Yes_DOY Open flowers","93","DOY",NA,"Phenology Network","Year = 2016, 2016 | Site Name = Stonehollow | Individual ID = 103381"
"Acer saccharinum","Last_Yes_DOY Open flowers","117","DOY",NA,"Phenology Network","Year = 2016, 2016 | Site Name = Stonehollow | Individual ID = 103381"
"Tilia americana","First_Yes_DOY Flowers or flower buds","124","DOY",NA,"Phenology Network","Year = 2016, 2016 | Site Name = Bellaire School Forest | Individual ID = 103412"
"Tilia americana","Last_Yes_DOY Flowers or flower buds","124","DOY",NA,"Phenology Network","Year = 2016, 2016 | Site Name = Bellaire School Forest | Individual ID = 103412"
"Tilia americana","First_Yes_DOY Flowers or flower buds","144","DOY",NA,"Phenology Network","Year = 2016, 2016 | Site Name = Bellaire School Forest | Individual ID = 103412"
"Tilia americana","Last_Yes_DOY Flowers or flower buds","154","DOY",NA,"Phenology Network","Year = 2016, 2016 | Site Name = Bellaire School Forest | Individual ID = 103412"
"Tilia americana","First_Yes_DOY Open flowers","124","DOY",NA,"Phenology Network","Year = 2016, 2016 | Site Name = Bellaire School Forest | Individual ID = 103412"
"Tilia americana","Last_Yes_DOY Open flowers","124","DOY",NA,"Phenology Network","Year = 2016, 2016 | Site Name = Bellaire School Forest | Individual ID = 103412"
"Quercus rubra","First_Yes_DOY Flowers or flower buds","109","DOY",NA,"Phenology Network","Year = 2016, 2016 | Site Name = Yard | Individual ID = 103700"
"Quercus rubra","Last_Yes_DOY Flowers or flower buds","124","DOY",NA,"Phenology Network","Year = 2016, 2016 | Site Name = Yard | Individual ID = 103700"
"Quercus rubra","First_Yes_DOY Open flowers","124","DOY",NA,"Phenology Network","Year = 2016, 2016 | Site Name = Yard | Individual ID = 103700"
"Quercus rubra","Last_Yes_DOY Open flowers","124","DOY",NA,"Phenology Network","Year = 2016, 2016 | Site Name = Yard | Individual ID = 103700"
"Quercus rubra","First_Yes_DOY Flowers or flower buds","109","DOY",NA,"Phenology Network","Year = 2016, 2016 | Site Name = Yard | Individual ID = 103701"
"Quercus rubra","Last_Yes_DOY Flowers or flower buds","124","DOY",NA,"Phenology Network","Year = 2016, 2016 | Site Name = Yard | Individual ID = 103701"
"Ulmus americana","First_Yes_DOY Flowers or flower buds","85","DOY",NA,"Phenology Network","Year = 2016, 2016 | Site Name = Kettlekamp Prairie | Individual ID = 104191"
"Ulmus americana","Last_Yes_DOY Flowers or flower buds","88","DOY",NA,"Phenology Network","Year = 2016, 2016 | Site Name = Kettlekamp Prairie | Individual ID = 104191"
"Ulmus americana","First_Yes_DOY Open flowers","85","DOY",NA,"Phenology Network","Year = 2016, 2016 | Site Name = Kettlekamp Prairie | Individual ID = 104191"
"Ulmus americana","Last_Yes_DOY Open flowers","85","DOY",NA,"Phenology Network","Year = 2016, 2016 | Site Name = Kettlekamp Prairie | Individual ID = 104191"
"Acer rubrum","First_Yes_DOY Flowers or flower buds","85","DOY",NA,"Phenology Network","Year = 2016, 2016 | Site Name = Home | Individual ID = 104208"
"Acer rubrum","Last_Yes_DOY Flowers or flower buds","85","DOY",NA,"Phenology Network","Year = 2016, 2016 | Site Name = Home | Individual ID = 104208"
"Acer rubrum","First_Yes_DOY Open flowers","85","DOY",NA,"Phenology Network","Year = 2016, 2016 | Site Name = Home | Individual ID = 104208"
"Acer rubrum","Last_Yes_DOY Open flowers","85","DOY",NA,"Phenology Network","Year = 2016, 2016 | Site Name = Home | Individual ID = 104208"
"Acer rubrum","First_Yes_DOY Flowers or flower buds","79","DOY",NA,"Phenology Network","Year = 2016, 2016 | Site Name = Josh Leonard's corner | Individual ID = 104225"
"Acer rubrum","Last_Yes_DOY Flowers or flower buds","107","DOY",NA,"Phenology Network","Year = 2016, 2016 | Site Name = Josh Leonard's corner | Individual ID = 104225"
"Acer rubrum","First_Yes_DOY Open flowers","79","DOY",NA,"Phenology Network","Year = 2016, 2016 | Site Name = Josh Leonard's corner | Individual ID = 104225"
"Acer rubrum","Last_Yes_DOY Open flowers","107","DOY",NA,"Phenology Network","Year = 2016, 2016 | Site Name = Josh Leonard's corner | Individual ID = 104225"
"Acer saccharinum","First_Yes_DOY Flowers or flower buds","89","DOY",NA,"Phenology Network","Year = 2016, 2016 | Site Name = Bellaire School Forest | Individual ID = 104291"
"Acer saccharinum","Last_Yes_DOY Flowers or flower buds","89","DOY",NA,"Phenology Network","Year = 2016, 2016 | Site Name = Bellaire School Forest | Individual ID = 104291"
"Ulmus americana","First_Yes_DOY Flowers or flower buds","104","DOY",NA,"Phenology Network","Year = 2016, 2016 | Site Name = My backyard | Individual ID = 106370"
"Ulmus americana","Last_Yes_DOY Flowers or flower buds","108","DOY",NA,"Phenology Network","Year = 2016, 2016 | Site Name = My backyard | Individual ID = 106370"
"Ulmus americana","First_Yes_DOY Open flowers","104","DOY",NA,"Phenology Network","Year = 2016, 2016 | Site Name = My backyard | Individual ID = 106370"
"Ulmus americana","Last_Yes_DOY Open flowers","108","DOY",NA,"Phenology Network","Year = 2016, 2016 | Site Name = My backyard | Individual ID = 106370"
"Acer saccharinum","First_Yes_DOY Flowers or flower buds","106","DOY",NA,"Phenology Network","Year = 2016, 2016 | Site Name = Powderhorn Park | Individual ID = 106974"
"Acer saccharinum","Last_Yes_DOY Flowers or flower buds","113","DOY",NA,"Phenology Network","Year = 2016, 2016 | Site Name = Powderhorn Park | Individual ID = 106974"
"Acer saccharinum","First_Yes_DOY Open flowers","106","DOY",NA,"Phenology Network","Year = 2016, 2016 | Site Name = Powderhorn Park | Individual ID = 106974"
"Acer saccharinum","Last_Yes_DOY Open flowers","113","DOY",NA,"Phenology Network","Year = 2016, 2016 | Site Name = Powderhorn Park | Individual ID = 106974"
"Populus deltoides","First_Yes_DOY Flowers or flower buds","106","DOY",NA,"Phenology Network","Year = 2016, 2016 | Site Name = Powderhorn Park | Individual ID = 106978"
"Populus deltoides","Last_Yes_DOY Flowers or flower buds","113","DOY",NA,"Phenology Network","Year = 2016, 2016 | Site Name = Powderhorn Park | Individual ID = 106978"
"Populus deltoides","First_Yes_DOY Open flowers","106","DOY",NA,"Phenology Network","Year = 2016, 2016 | Site Name = Powderhorn Park | Individual ID = 106978"
"Populus deltoides","Last_Yes_DOY Open flowers","113","DOY",NA,"Phenology Network","Year = 2016, 2016 | Site Name = Powderhorn Park | Individual ID = 106978"
"Populus deltoides","First_Yes_DOY Pollen release (flowers)","106","DOY",NA,"Phenology Network","Year = 2016, 2016 | Site Name = Powderhorn Park | Individual ID = 106978"
"Populus deltoides","Last_Yes_DOY Pollen release (flowers)","106","DOY",NA,"Phenology Network","Year = 2016, 2016 | Site Name = Powderhorn Park | Individual ID = 106978"
"Acer negundo","First_Yes_DOY Flowers or flower buds","106","DOY",NA,"Phenology Network","Year = 2016, 2016 | Site Name = Casa | Individual ID = 107025"
"Acer negundo","Last_Yes_DOY Flowers or flower buds","115","DOY",NA,"Phenology Network","Year = 2016, 2016 | Site Name = Casa | Individual ID = 107025"
"Ulmus americana","First_Yes_DOY Flowers or flower buds","114","DOY",NA,"Phenology Network","Year = 2016, 2016 | Site Name = Woods  | Individual ID = 107650"
"Ulmus americana","Last_Yes_DOY Flowers or flower buds","114","DOY",NA,"Phenology Network","Year = 2016, 2016 | Site Name = Woods  | Individual ID = 107650"
"Populus balsamifera","First_Yes_DOY Flowers or flower buds","113","DOY",NA,"Phenology Network","Year = 2016, 2016 | Site Name = pop clock tree | Individual ID = 108187"
"Populus balsamifera","Last_Yes_DOY Flowers or flower buds","119","DOY",NA,"Phenology Network","Year = 2016, 2016 | Site Name = pop clock tree | Individual ID = 108187"
"Populus balsamifera","First_Yes_DOY Open flowers","113","DOY",NA,"Phenology Network","Year = 2016, 2016 | Site Name = pop clock tree | Individual ID = 108187"
"Populus balsamifera","Last_Yes_DOY Open flowers","119","DOY",NA,"Phenology Network","Year = 2016, 2016 | Site Name = pop clock tree | Individual ID = 108187"
"Acer saccharinum","First_Yes_DOY Pollen release (flowers)","123","DOY",NA,"Phenology Network","Year = 2016, 2016 | Site Name = YMCA Camp St. Croix | Individual ID = 109038"
"Acer saccharinum","Last_Yes_DOY Pollen release (flowers)","123","DOY",NA,"Phenology Network","Year = 2016, 2016 | Site Name = YMCA Camp St. Croix | Individual ID = 109038"
"Ulmus rubra","First_Yes_DOY Flowers or flower buds","125","DOY",NA,"Phenology Network","Year = 2016, 2016 | Site Name = SHS School Woods | Individual ID = 109126"
"Ulmus rubra","Last_Yes_DOY Flowers or flower buds","125","DOY",NA,"Phenology Network","Year = 2016, 2016 | Site Name = SHS School Woods | Individual ID = 109126"
"Tilia americana","First_Yes_DOY Flowers or flower buds","292","DOY",NA,"Phenology Network","Year = 2016, 2016 | Site Name = SH campus | Individual ID = 115631"
"Tilia americana","Last_Yes_DOY Flowers or flower buds","292","DOY",NA,"Phenology Network","Year = 2016, 2016 | Site Name = SH campus | Individual ID = 115631"
"Tilia americana","First_Yes_DOY Open flowers","292","DOY",NA,"Phenology Network","Year = 2016, 2016 | Site Name = SH campus | Individual ID = 115631"
"Tilia americana","Last_Yes_DOY Open flowers","292","DOY",NA,"Phenology Network","Year = 2016, 2016 | Site Name = SH campus | Individual ID = 115631"
"Tilia americana","First_Yes_DOY Pollen release (flowers)","292","DOY",NA,"Phenology Network","Year = 2016, 2016 | Site Name = SH campus | Individual ID = 115631"
"Tilia americana","Last_Yes_DOY Pollen release (flowers)","292","DOY",NA,"Phenology Network","Year = 2016, 2016 | Site Name = SH campus | Individual ID = 115631"
"Tilia americana","First_Yes_DOY Flowers or flower buds","292","DOY",NA,"Phenology Network","Year = 2016, 2016 | Site Name = SH campus | Individual ID = 115639"
"Tilia americana","Last_Yes_DOY Flowers or flower buds","292","DOY",NA,"Phenology Network","Year = 2016, 2016 | Site Name = SH campus | Individual ID = 115639"
"Fraxinus pennsylvanica","First_Yes_DOY Flowers or flower buds","280","DOY",NA,"Phenology Network","Year = 2016, 2016 | Site Name = Corcoran Park | Individual ID = 116083"
"Fraxinus pennsylvanica","Last_Yes_DOY Flowers or flower buds","280","DOY",NA,"Phenology Network","Year = 2016, 2016 | Site Name = Corcoran Park | Individual ID = 116083"
"Fraxinus pennsylvanica","First_Yes_DOY Flowers or flower buds","293","DOY",NA,"Phenology Network","Year = 2016, 2016 | Site Name = Corcoran Park | Individual ID = 116083"
"Fraxinus pennsylvanica","Last_Yes_DOY Flowers or flower buds","293","DOY",NA,"Phenology Network","Year = 2016, 2016 | Site Name = Corcoran Park | Individual ID = 116083"
"Acer saccharinum","First_Yes_DOY Flowers or flower buds","41","DOY",NA,"Phenology Network","Year = 2017, 2017 | Site Name = Sibley East Gaylord | Individual ID = 120799"
"Acer saccharinum","Last_Yes_DOY Flowers or flower buds","55","DOY",NA,"Phenology Network","Year = 2017, 2017 | Site Name = Sibley East Gaylord | Individual ID = 120799"
"Acer saccharinum","First_Yes_DOY Flowers or flower buds","41","DOY",NA,"Phenology Network","Year = 2017, 2017 | Site Name = Sibley East Gaylord | Individual ID = 120801"
"Acer saccharinum","Last_Yes_DOY Flowers or flower buds","55","DOY",NA,"Phenology Network","Year = 2017, 2017 | Site Name = Sibley East Gaylord | Individual ID = 120801"
"Acer saccharinum","First_Yes_DOY Flowers or flower buds","47","DOY",NA,"Phenology Network","Year = 2017, 2017 | Site Name = Neighborhood | Individual ID = 123150"
"Acer saccharinum","Last_Yes_DOY Flowers or flower buds","47","DOY",NA,"Phenology Network","Year = 2017, 2017 | Site Name = Neighborhood | Individual ID = 123150"
"Acer saccharinum","First_Yes_DOY Open flowers","47","DOY",NA,"Phenology Network","Year = 2017, 2017 | Site Name = Neighborhood | Individual ID = 123150"
"Acer saccharinum","Last_Yes_DOY Open flowers","47","DOY",NA,"Phenology Network","Year = 2017, 2017 | Site Name = Neighborhood | Individual ID = 123150"
"Acer saccharinum","First_Yes_DOY Pollen release (flowers)","47","DOY",NA,"Phenology Network","Year = 2017, 2017 | Site Name = Neighborhood | Individual ID = 123150"
"Acer saccharinum","Last_Yes_DOY Pollen release (flowers)","47","DOY",NA,"Phenology Network","Year = 2017, 2017 | Site Name = Neighborhood | Individual ID = 123150"
"Acer saccharinum","First_Yes_DOY Flowers or flower buds","52","DOY",NA,"Phenology Network","Year = 2017, 2017 | Site Name = Woods  | Individual ID = 123663"
"Acer saccharinum","Last_Yes_DOY Flowers or flower buds","53","DOY",NA,"Phenology Network","Year = 2017, 2017 | Site Name = Woods  | Individual ID = 123663"
"Acer saccharinum","First_Yes_DOY Open flowers","52","DOY",NA,"Phenology Network","Year = 2017, 2017 | Site Name = Woods  | Individual ID = 123663"
"Acer saccharinum","Last_Yes_DOY Open flowers","52","DOY",NA,"Phenology Network","Year = 2017, 2017 | Site Name = Woods  | Individual ID = 123663"
"Acer rubrum","First_Yes_DOY Open flowers","119","DOY",NA,"Phenology Network","Year = 2016, 2016 | Site Name = STEI_064.phenology.phe - primary | Individual ID = 354711"
"Acer rubrum","Last_Yes_DOY Open flowers","123","DOY",NA,"Phenology Network","Year = 2016, 2016 | Site Name = STEI_064.phenology.phe - primary | Individual ID = 354711"
"Acer rubrum","First_Yes_DOY Open flowers","117","DOY",NA,"Phenology Network","Year = 2016, 2016 | Site Name = STEI_064.phenology.phe - primary | Individual ID = 354712"
"Acer rubrum","Last_Yes_DOY Open flowers","117","DOY",NA,"Phenology Network","Year = 2016, 2016 | Site Name = STEI_064.phenology.phe - primary | Individual ID = 354712"
"Acer rubrum","First_Yes_DOY Open flowers","112","DOY",NA,"Phenology Network","Year = 2016, 2016 | Site Name = STEI_064.phenology.phe - primary | Individual ID = 354715"
"Acer rubrum","Last_Yes_DOY Open flowers","127","DOY",NA,"Phenology Network","Year = 2016, 2016 | Site Name = STEI_064.phenology.phe - primary | Individual ID = 354715"
"Acer rubrum","First_Yes_DOY Open flowers","112","DOY",NA,"Phenology Network","Year = 2016, 2016 | Site Name = STEI_064.phenology.phe - primary | Individual ID = 354716"
"Acer rubrum","Last_Yes_DOY Open flowers","123","DOY",NA,"Phenology Network","Year = 2016, 2016 | Site Name = STEI_064.phenology.phe - primary | Individual ID = 354716"
"Acer rubrum","First_Yes_DOY Open flowers","208","DOY",NA,"Phenology Network","Year = 2016, 2016 | Site Name = TREE_058.phenology.phe - primary | Individual ID = 354878"
"Acer rubrum","Last_Yes_DOY Open flowers","208","DOY",NA,"Phenology Network","Year = 2016, 2016 | Site Name = TREE_058.phenology.phe - primary | Individual ID = 354878"
"Acer rubrum","First_Yes_DOY Flowers or flower buds","84","DOY",NA,"Phenology Network","Year = 2017, 2017 | Site Name = PPN_9200010 | Individual ID = 1977"
"Acer rubrum","Last_Yes_DOY Flowers or flower buds","110","DOY",NA,"Phenology Network","Year = 2017, 2017 | Site Name = PPN_9200010 | Individual ID = 1977"
"Acer rubrum","First_Yes_DOY Open flowers","84","DOY",NA,"Phenology Network","Year = 2017, 2017 | Site Name = PPN_9200010 | Individual ID = 1977"
"Acer rubrum","Last_Yes_DOY Open flowers","110","DOY",NA,"Phenology Network","Year = 2017, 2017 | Site Name = PPN_9200010 | Individual ID = 1977"
"Acer rubrum","First_Yes_DOY Flowers or flower buds","87","DOY",NA,"Phenology Network","Year = 2017, 2017 | Site Name = backyard | Individual ID = 2321"
"Acer rubrum","Last_Yes_DOY Flowers or flower buds","92","DOY",NA,"Phenology Network","Year = 2017, 2017 | Site Name = backyard | Individual ID = 2321"
"Acer rubrum","First_Yes_DOY Open flowers","87","DOY",NA,"Phenology Network","Year = 2017, 2017 | Site Name = backyard | Individual ID = 2321"
"Acer rubrum","Last_Yes_DOY Open flowers","92","DOY",NA,"Phenology Network","Year = 2017, 2017 | Site Name = backyard | Individual ID = 2321"
"Acer rubrum","First_Yes_DOY Flowers or flower buds","69","DOY",NA,"Phenology Network","Year = 2017, 2017 | Site Name = backyard | Individual ID = 2448"
"Acer rubrum","Last_Yes_DOY Flowers or flower buds","105","DOY",NA,"Phenology Network","Year = 2017, 2017 | Site Name = backyard | Individual ID = 2448"
"Acer rubrum","First_Yes_DOY Flowers or flower buds","59","DOY",NA,"Phenology Network","Year = 2018, 2018 | Site Name = backyard | Individual ID = 2448"
"Acer rubrum","Last_Yes_DOY Flowers or flower buds","59","DOY",NA,"Phenology Network","Year = 2018, 2018 | Site Name = backyard | Individual ID = 2448"
"Acer rubrum","First_Yes_DOY Open flowers","88","DOY",NA,"Phenology Network","Year = 2017, 2017 | Site Name = backyard | Individual ID = 2448"
"Acer rubrum","Last_Yes_DOY Open flowers","105","DOY",NA,"Phenology Network","Year = 2017, 2017 | Site Name = backyard | Individual ID = 2448"
"Acer rubrum","First_Yes_DOY Flowers or flower buds","103","DOY",NA,"Phenology Network","Year = 2017, 2017 | Site Name = Cedar Bog Lake Highland 2 | Individual ID = 3187"
"Acer rubrum","Last_Yes_DOY Flowers or flower buds","103","DOY",NA,"Phenology Network","Year = 2017, 2017 | Site Name = Cedar Bog Lake Highland 2 | Individual ID = 3187"
"Acer rubrum","First_Yes_DOY Open flowers","103","DOY",NA,"Phenology Network","Year = 2017, 2017 | Site Name = Cedar Bog Lake Highland 2 | Individual ID = 3187"
"Acer rubrum","Last_Yes_DOY Open flowers","103","DOY",NA,"Phenology Network","Year = 2017, 2017 | Site Name = Cedar Bog Lake Highland 2 | Individual ID = 3187"
"Acer rubrum","First_Yes_DOY Pollen release (flowers)","103","DOY",NA,"Phenology Network","Year = 2017, 2017 | Site Name = Cedar Bog Lake Highland 2 | Individual ID = 3187"
"Acer rubrum","Last_Yes_DOY Pollen release (flowers)","103","DOY",NA,"Phenology Network","Year = 2017, 2017 | Site Name = Cedar Bog Lake Highland 2 | Individual ID = 3187"
"Acer rubrum","First_Yes_DOY Flowers or flower buds","95","DOY",NA,"Phenology Network","Year = 2017, 2017 | Site Name = Cedar Bog Lake Highland 2 | Individual ID = 3188"
"Acer rubrum","Last_Yes_DOY Flowers or flower buds","103","DOY",NA,"Phenology Network","Year = 2017, 2017 | Site Name = Cedar Bog Lake Highland 2 | Individual ID = 3188"
"Acer rubrum","First_Yes_DOY Open flowers","95","DOY",NA,"Phenology Network","Year = 2017, 2017 | Site Name = Cedar Bog Lake Highland 2 | Individual ID = 3188"
"Acer rubrum","Last_Yes_DOY Open flowers","103","DOY",NA,"Phenology Network","Year = 2017, 2017 | Site Name = Cedar Bog Lake Highland 2 | Individual ID = 3188"
"Acer rubrum","First_Yes_DOY Pollen release (flowers)","95","DOY",NA,"Phenology Network","Year = 2017, 2017 | Site Name = Cedar Bog Lake Highland 2 | Individual ID = 3188"
"Acer rubrum","Last_Yes_DOY Pollen release (flowers)","103","DOY",NA,"Phenology Network","Year = 2017, 2017 | Site Name = Cedar Bog Lake Highland 2 | Individual ID = 3188"
"Acer negundo","First_Yes_DOY Flowers or flower buds","103","DOY",NA,"Phenology Network","Year = 2017, 2017 | Site Name = Beckman Lake Highland (Cedar Creek LTER) | Individual ID = 3192"
"Acer negundo","Last_Yes_DOY Flowers or flower buds","103","DOY",NA,"Phenology Network","Year = 2017, 2017 | Site Name = Beckman Lake Highland (Cedar Creek LTER) | Individual ID = 3192"
"Acer negundo","First_Yes_DOY Flowers or flower buds","117","DOY",NA,"Phenology Network","Year = 2017, 2017 | Site Name = Beckman Lake Highland (Cedar Creek LTER) | Individual ID = 3192"
"Acer negundo","Last_Yes_DOY Flowers or flower buds","123","DOY",NA,"Phenology Network","Year = 2017, 2017 | Site Name = Beckman Lake Highland (Cedar Creek LTER) | Individual ID = 3192"
"Acer negundo","First_Yes_DOY Open flowers","103","DOY",NA,"Phenology Network","Year = 2017, 2017 | Site Name = Beckman Lake Highland (Cedar Creek LTER) | Individual ID = 3192"
"Acer negundo","Last_Yes_DOY Open flowers","103","DOY",NA,"Phenology Network","Year = 2017, 2017 | Site Name = Beckman Lake Highland (Cedar Creek LTER) | Individual ID = 3192"
"Acer negundo","First_Yes_DOY Open flowers","123","DOY",NA,"Phenology Network","Year = 2017, 2017 | Site Name = Beckman Lake Highland (Cedar Creek LTER) | Individual ID = 3192"
"Acer negundo","Last_Yes_DOY Open flowers","123","DOY",NA,"Phenology Network","Year = 2017, 2017 | Site Name = Beckman Lake Highland (Cedar Creek LTER) | Individual ID = 3192"
"Acer negundo","First_Yes_DOY Pollen release (flowers)","103","DOY",NA,"Phenology Network","Year = 2017, 2017 | Site Name = Beckman Lake Highland (Cedar Creek LTER) | Individual ID = 3192"
"Acer negundo","Last_Yes_DOY Pollen release (flowers)","103","DOY",NA,"Phenology Network","Year = 2017, 2017 | Site Name = Beckman Lake Highland (Cedar Creek LTER) | Individual ID = 3192"
"Acer negundo","First_Yes_DOY Pollen release (flowers)","123","DOY",NA,"Phenology Network","Year = 2017, 2017 | Site Name = Beckman Lake Highland (Cedar Creek LTER) | Individual ID = 3192"
"Acer negundo","Last_Yes_DOY Pollen release (flowers)","123","DOY",NA,"Phenology Network","Year = 2017, 2017 | Site Name = Beckman Lake Highland (Cedar Creek LTER) | Individual ID = 3192"
"Populus tremuloides","First_Yes_DOY Flowers or flower buds","60","DOY",NA,"Phenology Network","Year = 2017, 2017 | Site Name = Cedar Bog Lake Highland 2 | Individual ID = 3206"
"Populus tremuloides","Last_Yes_DOY Flowers or flower buds","89","DOY",NA,"Phenology Network","Year = 2017, 2017 | Site Name = Cedar Bog Lake Highland 2 | Individual ID = 3206"
"Acer rubrum","First_Yes_DOY Flowers or flower buds","95","DOY",NA,"Phenology Network","Year = 2017, 2017 | Site Name = Beckman Lake Highland (Cedar Creek LTER) | Individual ID = 3813"
"Acer rubrum","Last_Yes_DOY Flowers or flower buds","103","DOY",NA,"Phenology Network","Year = 2017, 2017 | Site Name = Beckman Lake Highland (Cedar Creek LTER) | Individual ID = 3813"
"Acer rubrum","First_Yes_DOY Open flowers","95","DOY",NA,"Phenology Network","Year = 2017, 2017 | Site Name = Beckman Lake Highland (Cedar Creek LTER) | Individual ID = 3813"
"Acer rubrum","Last_Yes_DOY Open flowers","103","DOY",NA,"Phenology Network","Year = 2017, 2017 | Site Name = Beckman Lake Highland (Cedar Creek LTER) | Individual ID = 3813"
"Acer rubrum","First_Yes_DOY Pollen release (flowers)","103","DOY",NA,"Phenology Network","Year = 2017, 2017 | Site Name = Beckman Lake Highland (Cedar Creek LTER) | Individual ID = 3813"
"Acer rubrum","Last_Yes_DOY Pollen release (flowers)","103","DOY",NA,"Phenology Network","Year = 2017, 2017 | Site Name = Beckman Lake Highland (Cedar Creek LTER) | Individual ID = 3813"
"Acer rubrum","First_Yes_DOY Flowers or flower buds","101","DOY",NA,"Phenology Network","Year = 2017, 2017 | Site Name = Home | Individual ID = 5081"
"Acer rubrum","Last_Yes_DOY Flowers or flower buds","119","DOY",NA,"Phenology Network","Year = 2017, 2017 | Site Name = Home | Individual ID = 5081"
"Acer rubrum","First_Yes_DOY Open flowers","109","DOY",NA,"Phenology Network","Year = 2017, 2017 | Site Name = Home | Individual ID = 5081"
"Acer rubrum","Last_Yes_DOY Open flowers","109","DOY",NA,"Phenology Network","Year = 2017, 2017 | Site Name = Home | Individual ID = 5081"
"Acer rubrum","First_Yes_DOY Pollen release (flowers)","109","DOY",NA,"Phenology Network","Year = 2017, 2017 | Site Name = Home | Individual ID = 5081"
"Acer rubrum","Last_Yes_DOY Pollen release (flowers)","109","DOY",NA,"Phenology Network","Year = 2017, 2017 | Site Name = Home | Individual ID = 5081"
"Populus tremuloides","First_Yes_DOY Flowers or flower buds","87","DOY",NA,"Phenology Network","Year = 2017, 2017 | Site Name = Home | Individual ID = 5082"
"Populus tremuloides","Last_Yes_DOY Flowers or flower buds","113","DOY",NA,"Phenology Network","Year = 2017, 2017 | Site Name = Home | Individual ID = 5082"
"Populus tremuloides","First_Yes_DOY Flowers or flower buds","60","DOY",NA,"Phenology Network","Year = 2018, 2018 | Site Name = Home | Individual ID = 5082"
"Populus tremuloides","Last_Yes_DOY Flowers or flower buds","60","DOY",NA,"Phenology Network","Year = 2018, 2018 | Site Name = Home | Individual ID = 5082"
"Populus tremuloides","First_Yes_DOY Open flowers","100","DOY",NA,"Phenology Network","Year = 2017, 2017 | Site Name = Home | Individual ID = 5082"
"Populus tremuloides","Last_Yes_DOY Open flowers","113","DOY",NA,"Phenology Network","Year = 2017, 2017 | Site Name = Home | Individual ID = 5082"
"Populus tremuloides","First_Yes_DOY Open flowers","131","DOY",NA,"Phenology Network","Year = 2017, 2017 | Site Name = Home | Individual ID = 5082"
"Populus tremuloides","Last_Yes_DOY Open flowers","131","DOY",NA,"Phenology Network","Year = 2017, 2017 | Site Name = Home | Individual ID = 5082"
"Populus tremuloides","First_Yes_DOY Pollen release (flowers)","100","DOY",NA,"Phenology Network","Year = 2017, 2017 | Site Name = Home | Individual ID = 5082"
"Populus tremuloides","Last_Yes_DOY Pollen release (flowers)","101","DOY",NA,"Phenology Network","Year = 2017, 2017 | Site Name = Home | Individual ID = 5082"
"Quercus alba","First_Yes_DOY Flowers or flower buds","129","DOY",NA,"Phenology Network","Year = 2017, 2017 | Site Name = Cedar Bog Lake Highland 1 | Individual ID = 5103"
"Quercus alba","Last_Yes_DOY Flowers or flower buds","136","DOY",NA,"Phenology Network","Year = 2017, 2017 | Site Name = Cedar Bog Lake Highland 1 | Individual ID = 5103"
"Quercus alba","First_Yes_DOY Open flowers","136","DOY",NA,"Phenology Network","Year = 2017, 2017 | Site Name = Cedar Bog Lake Highland 1 | Individual ID = 5103"
"Quercus alba","Last_Yes_DOY Open flowers","136","DOY",NA,"Phenology Network","Year = 2017, 2017 | Site Name = Cedar Bog Lake Highland 1 | Individual ID = 5103"
"Quercus alba","First_Yes_DOY Pollen release (flowers)","136","DOY",NA,"Phenology Network","Year = 2017, 2017 | Site Name = Cedar Bog Lake Highland 1 | Individual ID = 5103"
"Quercus alba","Last_Yes_DOY Pollen release (flowers)","136","DOY",NA,"Phenology Network","Year = 2017, 2017 | Site Name = Cedar Bog Lake Highland 1 | Individual ID = 5103"
"Quercus rubra","First_Yes_DOY Flowers or flower buds","110","DOY",NA,"Phenology Network","Year = 2017, 2017 | Site Name = Cedar Bog Lake Highland 1 | Individual ID = 5104"
"Quercus rubra","Last_Yes_DOY Flowers or flower buds","129","DOY",NA,"Phenology Network","Year = 2017, 2017 | Site Name = Cedar Bog Lake Highland 1 | Individual ID = 5104"
"Quercus rubra","First_Yes_DOY Open flowers","123","DOY",NA,"Phenology Network","Year = 2017, 2017 | Site Name = Cedar Bog Lake Highland 1 | Individual ID = 5104"
"Quercus rubra","Last_Yes_DOY Open flowers","129","DOY",NA,"Phenology Network","Year = 2017, 2017 | Site Name = Cedar Bog Lake Highland 1 | Individual ID = 5104"
"Quercus rubra","First_Yes_DOY Pollen release (flowers)","129","DOY",NA,"Phenology Network","Year = 2017, 2017 | Site Name = Cedar Bog Lake Highland 1 | Individual ID = 5104"
"Quercus rubra","Last_Yes_DOY Pollen release (flowers)","129","DOY",NA,"Phenology Network","Year = 2017, 2017 | Site Name = Cedar Bog Lake Highland 1 | Individual ID = 5104"
"Quercus alba","First_Yes_DOY Flowers or flower buds","129","DOY",NA,"Phenology Network","Year = 2017, 2017 | Site Name = Cedar Bog Lake Highland 1 | Individual ID = 5105"
"Quercus alba","Last_Yes_DOY Flowers or flower buds","136","DOY",NA,"Phenology Network","Year = 2017, 2017 | Site Name = Cedar Bog Lake Highland 1 | Individual ID = 5105"
"Quercus alba","First_Yes_DOY Open flowers","136","DOY",NA,"Phenology Network","Year = 2017, 2017 | Site Name = Cedar Bog Lake Highland 1 | Individual ID = 5105"
"Quercus alba","Last_Yes_DOY Open flowers","136","DOY",NA,"Phenology Network","Year = 2017, 2017 | Site Name = Cedar Bog Lake Highland 1 | Individual ID = 5105"
"Quercus alba","First_Yes_DOY Pollen release (flowers)","136","DOY",NA,"Phenology Network","Year = 2017, 2017 | Site Name = Cedar Bog Lake Highland 1 | Individual ID = 5105"
"Quercus alba","Last_Yes_DOY Pollen release (flowers)","136","DOY",NA,"Phenology Network","Year = 2017, 2017 | Site Name = Cedar Bog Lake Highland 1 | Individual ID = 5105"
"Quercus rubra","First_Yes_DOY Flowers or flower buds","110","DOY",NA,"Phenology Network","Year = 2017, 2017 | Site Name = Cedar Bog Lake Highland 2 | Individual ID = 5106"
"Quercus rubra","Last_Yes_DOY Flowers or flower buds","129","DOY",NA,"Phenology Network","Year = 2017, 2017 | Site Name = Cedar Bog Lake Highland 2 | Individual ID = 5106"
"Quercus rubra","First_Yes_DOY Open flowers","117","DOY",NA,"Phenology Network","Year = 2017, 2017 | Site Name = Cedar Bog Lake Highland 2 | Individual ID = 5106"
"Quercus rubra","Last_Yes_DOY Open flowers","129","DOY",NA,"Phenology Network","Year = 2017, 2017 | Site Name = Cedar Bog Lake Highland 2 | Individual ID = 5106"
"Quercus rubra","First_Yes_DOY Pollen release (flowers)","129","DOY",NA,"Phenology Network","Year = 2017, 2017 | Site Name = Cedar Bog Lake Highland 2 | Individual ID = 5106"
"Quercus rubra","Last_Yes_DOY Pollen release (flowers)","129","DOY",NA,"Phenology Network","Year = 2017, 2017 | Site Name = Cedar Bog Lake Highland 2 | Individual ID = 5106"
"Quercus rubra","First_Yes_DOY Flowers or flower buds","110","DOY",NA,"Phenology Network","Year = 2017, 2017 | Site Name = Beckman Lake Highland (Cedar Creek LTER) | Individual ID = 5109"
"Quercus rubra","Last_Yes_DOY Flowers or flower buds","129","DOY",NA,"Phenology Network","Year = 2017, 2017 | Site Name = Beckman Lake Highland (Cedar Creek LTER) | Individual ID = 5109"
"Quercus rubra","First_Yes_DOY Open flowers","117","DOY",NA,"Phenology Network","Year = 2017, 2017 | Site Name = Beckman Lake Highland (Cedar Creek LTER) | Individual ID = 5109"
"Quercus rubra","Last_Yes_DOY Open flowers","129","DOY",NA,"Phenology Network","Year = 2017, 2017 | Site Name = Beckman Lake Highland (Cedar Creek LTER) | Individual ID = 5109"
"Quercus rubra","First_Yes_DOY Pollen release (flowers)","129","DOY",NA,"Phenology Network","Year = 2017, 2017 | Site Name = Beckman Lake Highland (Cedar Creek LTER) | Individual ID = 5109"
"Quercus rubra","Last_Yes_DOY Pollen release (flowers)","129","DOY",NA,"Phenology Network","Year = 2017, 2017 | Site Name = Beckman Lake Highland (Cedar Creek LTER) | Individual ID = 5109"
"Quercus alba","First_Yes_DOY Flowers or flower buds","129","DOY",NA,"Phenology Network","Year = 2017, 2017 | Site Name = Beckman Lake Highland (Cedar Creek LTER) | Individual ID = 5110"
"Quercus alba","Last_Yes_DOY Flowers or flower buds","136","DOY",NA,"Phenology Network","Year = 2017, 2017 | Site Name = Beckman Lake Highland (Cedar Creek LTER) | Individual ID = 5110"
"Quercus alba","First_Yes_DOY Open flowers","136","DOY",NA,"Phenology Network","Year = 2017, 2017 | Site Name = Beckman Lake Highland (Cedar Creek LTER) | Individual ID = 5110"
"Quercus alba","Last_Yes_DOY Open flowers","136","DOY",NA,"Phenology Network","Year = 2017, 2017 | Site Name = Beckman Lake Highland (Cedar Creek LTER) | Individual ID = 5110"
"Quercus alba","First_Yes_DOY Pollen release (flowers)","136","DOY",NA,"Phenology Network","Year = 2017, 2017 | Site Name = Beckman Lake Highland (Cedar Creek LTER) | Individual ID = 5110"
"Quercus alba","Last_Yes_DOY Pollen release (flowers)","136","DOY",NA,"Phenology Network","Year = 2017, 2017 | Site Name = Beckman Lake Highland (Cedar Creek LTER) | Individual ID = 5110"
"Quercus alba","First_Yes_DOY Flowers or flower buds","129","DOY",NA,"Phenology Network","Year = 2017, 2017 | Site Name = PhenoCAM tower (Cedar Creek LTER) | Individual ID = 5112"
"Quercus alba","Last_Yes_DOY Flowers or flower buds","136","DOY",NA,"Phenology Network","Year = 2017, 2017 | Site Name = PhenoCAM tower (Cedar Creek LTER) | Individual ID = 5112"
"Quercus alba","First_Yes_DOY Open flowers","136","DOY",NA,"Phenology Network","Year = 2017, 2017 | Site Name = PhenoCAM tower (Cedar Creek LTER) | Individual ID = 5112"
"Quercus alba","Last_Yes_DOY Open flowers","136","DOY",NA,"Phenology Network","Year = 2017, 2017 | Site Name = PhenoCAM tower (Cedar Creek LTER) | Individual ID = 5112"
"Quercus alba","First_Yes_DOY Pollen release (flowers)","136","DOY",NA,"Phenology Network","Year = 2017, 2017 | Site Name = PhenoCAM tower (Cedar Creek LTER) | Individual ID = 5112"
"Quercus alba","Last_Yes_DOY Pollen release (flowers)","136","DOY",NA,"Phenology Network","Year = 2017, 2017 | Site Name = PhenoCAM tower (Cedar Creek LTER) | Individual ID = 5112"
"Quercus rubra","First_Yes_DOY Flowers or flower buds","110","DOY",NA,"Phenology Network","Year = 2017, 2017 | Site Name = PhenoCAM tower (Cedar Creek LTER) | Individual ID = 5113"
"Quercus rubra","Last_Yes_DOY Flowers or flower buds","129","DOY",NA,"Phenology Network","Year = 2017, 2017 | Site Name = PhenoCAM tower (Cedar Creek LTER) | Individual ID = 5113"
"Quercus rubra","First_Yes_DOY Open flowers","117","DOY",NA,"Phenology Network","Year = 2017, 2017 | Site Name = PhenoCAM tower (Cedar Creek LTER) | Individual ID = 5113"
"Quercus rubra","Last_Yes_DOY Open flowers","129","DOY",NA,"Phenology Network","Year = 2017, 2017 | Site Name = PhenoCAM tower (Cedar Creek LTER) | Individual ID = 5113"
"Quercus rubra","First_Yes_DOY Pollen release (flowers)","129","DOY",NA,"Phenology Network","Year = 2017, 2017 | Site Name = PhenoCAM tower (Cedar Creek LTER) | Individual ID = 5113"
"Quercus rubra","Last_Yes_DOY Pollen release (flowers)","129","DOY",NA,"Phenology Network","Year = 2017, 2017 | Site Name = PhenoCAM tower (Cedar Creek LTER) | Individual ID = 5113"
"Acer rubrum","First_Yes_DOY Flowers or flower buds","95","DOY",NA,"Phenology Network","Year = 2017, 2017 | Site Name = PhenoCAM tower (Cedar Creek LTER) | Individual ID = 5115"
"Acer rubrum","Last_Yes_DOY Flowers or flower buds","103","DOY",NA,"Phenology Network","Year = 2017, 2017 | Site Name = PhenoCAM tower (Cedar Creek LTER) | Individual ID = 5115"
"Acer rubrum","First_Yes_DOY Open flowers","95","DOY",NA,"Phenology Network","Year = 2017, 2017 | Site Name = PhenoCAM tower (Cedar Creek LTER) | Individual ID = 5115"
"Acer rubrum","Last_Yes_DOY Open flowers","103","DOY",NA,"Phenology Network","Year = 2017, 2017 | Site Name = PhenoCAM tower (Cedar Creek LTER) | Individual ID = 5115"
"Acer rubrum","First_Yes_DOY Pollen release (flowers)","95","DOY",NA,"Phenology Network","Year = 2017, 2017 | Site Name = PhenoCAM tower (Cedar Creek LTER) | Individual ID = 5115"
"Acer rubrum","Last_Yes_DOY Pollen release (flowers)","103","DOY",NA,"Phenology Network","Year = 2017, 2017 | Site Name = PhenoCAM tower (Cedar Creek LTER) | Individual ID = 5115"
"Tilia americana","First_Yes_DOY Flowers or flower buds","165","DOY",NA,"Phenology Network","Year = 2017, 2017 | Site Name = Cedar Bog Lake Lowland 2 | Individual ID = 11001"
"Tilia americana","Last_Yes_DOY Flowers or flower buds","192","DOY",NA,"Phenology Network","Year = 2017, 2017 | Site Name = Cedar Bog Lake Lowland 2 | Individual ID = 11001"
"Tilia americana","First_Yes_DOY Open flowers","192","DOY",NA,"Phenology Network","Year = 2017, 2017 | Site Name = Cedar Bog Lake Lowland 2 | Individual ID = 11001"
"Tilia americana","Last_Yes_DOY Open flowers","192","DOY",NA,"Phenology Network","Year = 2017, 2017 | Site Name = Cedar Bog Lake Lowland 2 | Individual ID = 11001"
"Tilia americana","First_Yes_DOY Flowers or flower buds","165","DOY",NA,"Phenology Network","Year = 2017, 2017 | Site Name = Cedar Bog Lake Lowland 2 | Individual ID = 11002"
"Tilia americana","Last_Yes_DOY Flowers or flower buds","192","DOY",NA,"Phenology Network","Year = 2017, 2017 | Site Name = Cedar Bog Lake Lowland 2 | Individual ID = 11002"
"Tilia americana","First_Yes_DOY Open flowers","192","DOY",NA,"Phenology Network","Year = 2017, 2017 | Site Name = Cedar Bog Lake Lowland 2 | Individual ID = 11002"
"Tilia americana","Last_Yes_DOY Open flowers","192","DOY",NA,"Phenology Network","Year = 2017, 2017 | Site Name = Cedar Bog Lake Lowland 2 | Individual ID = 11002"
"Populus tremuloides","First_Yes_DOY Flowers or flower buds","78","DOY",NA,"Phenology Network","Year = 2017, 2017 | Site Name = Montgomery/WeiblenHome | Individual ID = 11360"
"Populus tremuloides","Last_Yes_DOY Flowers or flower buds","101","DOY",NA,"Phenology Network","Year = 2017, 2017 | Site Name = Montgomery/WeiblenHome | Individual ID = 11360"
"Populus tremuloides","First_Yes_DOY Open flowers","98","DOY",NA,"Phenology Network","Year = 2017, 2017 | Site Name = Montgomery/WeiblenHome | Individual ID = 11360"
"Populus tremuloides","Last_Yes_DOY Open flowers","101","DOY",NA,"Phenology Network","Year = 2017, 2017 | Site Name = Montgomery/WeiblenHome | Individual ID = 11360"
"Quercus rubra","First_Yes_DOY Flowers or flower buds","114","DOY",NA,"Phenology Network","Year = 2017, 2017 | Site Name = PPN_9110020 | Individual ID = 23332"
"Quercus rubra","Last_Yes_DOY Flowers or flower buds","114","DOY",NA,"Phenology Network","Year = 2017, 2017 | Site Name = PPN_9110020 | Individual ID = 23332"
"Acer negundo","First_Yes_DOY Flowers or flower buds","101","DOY",NA,"Phenology Network","Year = 2017, 2017 | Site Name = my yard | Individual ID = 25776"
"Acer negundo","Last_Yes_DOY Flowers or flower buds","101","DOY",NA,"Phenology Network","Year = 2017, 2017 | Site Name = my yard | Individual ID = 25776"
"Acer negundo","First_Yes_DOY Open flowers","101","DOY",NA,"Phenology Network","Year = 2017, 2017 | Site Name = my yard | Individual ID = 25776"
"Acer negundo","Last_Yes_DOY Open flowers","101","DOY",NA,"Phenology Network","Year = 2017, 2017 | Site Name = my yard | Individual ID = 25776"
"Tilia americana","First_Yes_DOY Flowers or flower buds","160","DOY",NA,"Phenology Network","Year = 2017, 2017 | Site Name = my yard | Individual ID = 25991"
"Tilia americana","Last_Yes_DOY Flowers or flower buds","201","DOY",NA,"Phenology Network","Year = 2017, 2017 | Site Name = my yard | Individual ID = 25991"
"Tilia americana","First_Yes_DOY Open flowers","187","DOY",NA,"Phenology Network","Year = 2017, 2017 | Site Name = my yard | Individual ID = 25991"
"Tilia americana","Last_Yes_DOY Open flowers","201","DOY",NA,"Phenology Network","Year = 2017, 2017 | Site Name = my yard | Individual ID = 25991"
"Acer rubrum","First_Yes_DOY Flowers or flower buds","75","DOY",NA,"Phenology Network","Year = 2017, 2017 | Site Name = Michigan house | Individual ID = 41859"
"Acer rubrum","Last_Yes_DOY Flowers or flower buds","91","DOY",NA,"Phenology Network","Year = 2017, 2017 | Site Name = Michigan house | Individual ID = 41859"
"Acer rubrum","First_Yes_DOY Open flowers","91","DOY",NA,"Phenology Network","Year = 2017, 2017 | Site Name = Michigan house | Individual ID = 41859"
"Acer rubrum","Last_Yes_DOY Open flowers","91","DOY",NA,"Phenology Network","Year = 2017, 2017 | Site Name = Michigan house | Individual ID = 41859"
"Tilia americana","First_Yes_DOY Flowers or flower buds","153","DOY",NA,"Phenology Network","Year = 2017, 2017 | Site Name = School | Individual ID = 46667"
"Tilia americana","Last_Yes_DOY Flowers or flower buds","168","DOY",NA,"Phenology Network","Year = 2017, 2017 | Site Name = School | Individual ID = 46667"
"Tilia americana","First_Yes_DOY Open flowers","175","DOY",NA,"Phenology Network","Year = 2017, 2017 | Site Name = School | Individual ID = 46667"
"Tilia americana","Last_Yes_DOY Open flowers","183","DOY",NA,"Phenology Network","Year = 2017, 2017 | Site Name = School | Individual ID = 46667"
"Acer rubrum","First_Yes_DOY Flowers or flower buds","62","DOY",NA,"Phenology Network","Year = 2017, 2017 | Site Name = Cedar Creek Home | Individual ID = 48157"
"Acer rubrum","Last_Yes_DOY Flowers or flower buds","62","DOY",NA,"Phenology Network","Year = 2017, 2017 | Site Name = Cedar Creek Home | Individual ID = 48157"
"Acer rubrum","First_Yes_DOY Flowers or flower buds","89","DOY",NA,"Phenology Network","Year = 2017, 2017 | Site Name = St Paul Campus | Individual ID = 50308"
"Acer rubrum","Last_Yes_DOY Flowers or flower buds","100","DOY",NA,"Phenology Network","Year = 2017, 2017 | Site Name = St Paul Campus | Individual ID = 50308"
"Acer rubrum","First_Yes_DOY Open flowers","90","DOY",NA,"Phenology Network","Year = 2017, 2017 | Site Name = St Paul Campus | Individual ID = 50308"
"Acer rubrum","Last_Yes_DOY Open flowers","100","DOY",NA,"Phenology Network","Year = 2017, 2017 | Site Name = St Paul Campus | Individual ID = 50308"
"Acer rubrum","First_Yes_DOY Pollen release (flowers)","96","DOY",NA,"Phenology Network","Year = 2017, 2017 | Site Name = St Paul Campus | Individual ID = 50308"
"Acer rubrum","Last_Yes_DOY Pollen release (flowers)","100","DOY",NA,"Phenology Network","Year = 2017, 2017 | Site Name = St Paul Campus | Individual ID = 50308"
"Acer rubrum","First_Yes_DOY Flowers or flower buds","76","DOY",NA,"Phenology Network","Year = 2017, 2017 | Site Name = Home | Individual ID = 51999"
"Acer rubrum","Last_Yes_DOY Flowers or flower buds","76","DOY",NA,"Phenology Network","Year = 2017, 2017 | Site Name = Home | Individual ID = 51999"
"Acer rubrum","First_Yes_DOY Flowers or flower buds","108","DOY",NA,"Phenology Network","Year = 2017, 2017 | Site Name = Home | Individual ID = 51999"
"Acer rubrum","Last_Yes_DOY Flowers or flower buds","115","DOY",NA,"Phenology Network","Year = 2017, 2017 | Site Name = Home | Individual ID = 51999"
"Populus deltoides","First_Yes_DOY Flowers or flower buds","102","DOY",NA,"Phenology Network","Year = 2017, 2017 | Site Name = Wood Lake Nature Center | Individual ID = 52985"
"Populus deltoides","Last_Yes_DOY Flowers or flower buds","123","DOY",NA,"Phenology Network","Year = 2017, 2017 | Site Name = Wood Lake Nature Center | Individual ID = 52985"
"Populus deltoides","First_Yes_DOY Open flowers","109","DOY",NA,"Phenology Network","Year = 2017, 2017 | Site Name = Wood Lake Nature Center | Individual ID = 52985"
"Populus deltoides","Last_Yes_DOY Open flowers","116","DOY",NA,"Phenology Network","Year = 2017, 2017 | Site Name = Wood Lake Nature Center | Individual ID = 52985"
"Populus deltoides","First_Yes_DOY Open flowers","123","DOY",NA,"Phenology Network","Year = 2017, 2017 | Site Name = Wood Lake Nature Center | Individual ID = 52985"
"Populus deltoides","Last_Yes_DOY Open flowers","127","DOY",NA,"Phenology Network","Year = 2017, 2017 | Site Name = Wood Lake Nature Center | Individual ID = 52985"
"Populus deltoides","First_Yes_DOY Open flowers","148","DOY",NA,"Phenology Network","Year = 2017, 2017 | Site Name = Wood Lake Nature Center | Individual ID = 52985"
"Populus deltoides","Last_Yes_DOY Open flowers","152","DOY",NA,"Phenology Network","Year = 2017, 2017 | Site Name = Wood Lake Nature Center | Individual ID = 52985"
"Quercus palustris","First_Yes_DOY Flowers or flower buds","116","DOY",NA,"Phenology Network","Year = 2017, 2017 | Site Name = Wood Lake Nature Center | Individual ID = 52987"
"Quercus palustris","Last_Yes_DOY Flowers or flower buds","123","DOY",NA,"Phenology Network","Year = 2017, 2017 | Site Name = Wood Lake Nature Center | Individual ID = 52987"
"Quercus palustris","First_Yes_DOY Open flowers","116","DOY",NA,"Phenology Network","Year = 2017, 2017 | Site Name = Wood Lake Nature Center | Individual ID = 52987"
"Quercus palustris","Last_Yes_DOY Open flowers","123","DOY",NA,"Phenology Network","Year = 2017, 2017 | Site Name = Wood Lake Nature Center | Individual ID = 52987"
"Quercus palustris","First_Yes_DOY Open flowers","130","DOY",NA,"Phenology Network","Year = 2017, 2017 | Site Name = Wood Lake Nature Center | Individual ID = 52987"
"Quercus palustris","Last_Yes_DOY Open flowers","133","DOY",NA,"Phenology Network","Year = 2017, 2017 | Site Name = Wood Lake Nature Center | Individual ID = 52987"
"Quercus palustris","First_Yes_DOY Pollen release (flowers)","127","DOY",NA,"Phenology Network","Year = 2017, 2017 | Site Name = Wood Lake Nature Center | Individual ID = 52987"
"Quercus palustris","Last_Yes_DOY Pollen release (flowers)","127","DOY",NA,"Phenology Network","Year = 2017, 2017 | Site Name = Wood Lake Nature Center | Individual ID = 52987"
"Acer saccharinum","First_Yes_DOY Flowers or flower buds","95","DOY",NA,"Phenology Network","Year = 2017, 2017 | Site Name = Wood Lake Nature Center | Individual ID = 52988"
"Acer saccharinum","Last_Yes_DOY Flowers or flower buds","106","DOY",NA,"Phenology Network","Year = 2017, 2017 | Site Name = Wood Lake Nature Center | Individual ID = 52988"
"Acer saccharinum","First_Yes_DOY Open flowers","95","DOY",NA,"Phenology Network","Year = 2017, 2017 | Site Name = Wood Lake Nature Center | Individual ID = 52988"
"Acer saccharinum","Last_Yes_DOY Open flowers","106","DOY",NA,"Phenology Network","Year = 2017, 2017 | Site Name = Wood Lake Nature Center | Individual ID = 52988"
"Acer rubrum","First_Yes_DOY Flowers or flower buds","79","DOY",NA,"Phenology Network","Year = 2017, 2017 | Site Name = Back Yard | Individual ID = 69122"
"Acer rubrum","Last_Yes_DOY Flowers or flower buds","103","DOY",NA,"Phenology Network","Year = 2017, 2017 | Site Name = Back Yard | Individual ID = 69122"
"Acer rubrum","First_Yes_DOY Flowers or flower buds","108","DOY",NA,"Phenology Network","Year = 2017, 2017 | Site Name = Back Yard | Individual ID = 69122"
"Acer rubrum","Last_Yes_DOY Flowers or flower buds","108","DOY",NA,"Phenology Network","Year = 2017, 2017 | Site Name = Back Yard | Individual ID = 69122"
"Acer rubrum","First_Yes_DOY Open flowers","90","DOY",NA,"Phenology Network","Year = 2017, 2017 | Site Name = Back Yard | Individual ID = 69122"
"Acer rubrum","Last_Yes_DOY Open flowers","108","DOY",NA,"Phenology Network","Year = 2017, 2017 | Site Name = Back Yard | Individual ID = 69122"
"Acer rubrum","First_Yes_DOY Pollen release (flowers)","96","DOY",NA,"Phenology Network","Year = 2017, 2017 | Site Name = Back Yard | Individual ID = 69122"
"Acer rubrum","Last_Yes_DOY Pollen release (flowers)","106","DOY",NA,"Phenology Network","Year = 2017, 2017 | Site Name = Back Yard | Individual ID = 69122"
"Acer rubrum","First_Yes_DOY Pollen release (flowers)","138","DOY",NA,"Phenology Network","Year = 2017, 2017 | Site Name = Back Yard | Individual ID = 69122"
"Acer rubrum","Last_Yes_DOY Pollen release (flowers)","138","DOY",NA,"Phenology Network","Year = 2017, 2017 | Site Name = Back Yard | Individual ID = 69122"
"Acer saccharinum","First_Yes_DOY Flowers or flower buds","66","DOY",NA,"Phenology Network","Year = 2017, 2017 | Site Name = Back Yard | Individual ID = 69125"
"Acer saccharinum","Last_Yes_DOY Flowers or flower buds","66","DOY",NA,"Phenology Network","Year = 2017, 2017 | Site Name = Back Yard | Individual ID = 69125"
"Acer saccharinum","First_Yes_DOY Flowers or flower buds","79","DOY",NA,"Phenology Network","Year = 2017, 2017 | Site Name = Back Yard | Individual ID = 69125"
"Acer saccharinum","Last_Yes_DOY Flowers or flower buds","103","DOY",NA,"Phenology Network","Year = 2017, 2017 | Site Name = Back Yard | Individual ID = 69125"
"Acer saccharinum","First_Yes_DOY Open flowers","66","DOY",NA,"Phenology Network","Year = 2017, 2017 | Site Name = Back Yard | Individual ID = 69125"
"Acer saccharinum","Last_Yes_DOY Open flowers","66","DOY",NA,"Phenology Network","Year = 2017, 2017 | Site Name = Back Yard | Individual ID = 69125"
"Acer saccharinum","First_Yes_DOY Open flowers","79","DOY",NA,"Phenology Network","Year = 2017, 2017 | Site Name = Back Yard | Individual ID = 69125"
"Acer saccharinum","Last_Yes_DOY Open flowers","103","DOY",NA,"Phenology Network","Year = 2017, 2017 | Site Name = Back Yard | Individual ID = 69125"
"Acer saccharinum","First_Yes_DOY Open flowers","108","DOY",NA,"Phenology Network","Year = 2017, 2017 | Site Name = Back Yard | Individual ID = 69125"
"Acer saccharinum","Last_Yes_DOY Open flowers","108","DOY",NA,"Phenology Network","Year = 2017, 2017 | Site Name = Back Yard | Individual ID = 69125"
"Acer saccharinum","First_Yes_DOY Pollen release (flowers)","86","DOY",NA,"Phenology Network","Year = 2017, 2017 | Site Name = Back Yard | Individual ID = 69125"
"Acer saccharinum","Last_Yes_DOY Pollen release (flowers)","101","DOY",NA,"Phenology Network","Year = 2017, 2017 | Site Name = Back Yard | Individual ID = 69125"
"Acer saccharinum","First_Yes_DOY Pollen release (flowers)","106","DOY",NA,"Phenology Network","Year = 2017, 2017 | Site Name = Back Yard | Individual ID = 69125"
"Acer saccharinum","Last_Yes_DOY Pollen release (flowers)","106","DOY",NA,"Phenology Network","Year = 2017, 2017 | Site Name = Back Yard | Individual ID = 69125"
"Quercus alba","First_Yes_DOY Flowers or flower buds","117","DOY",NA,"Phenology Network","Year = 2017, 2017 | Site Name = Michigan house | Individual ID = 69158"
"Quercus alba","Last_Yes_DOY Flowers or flower buds","150","DOY",NA,"Phenology Network","Year = 2017, 2017 | Site Name = Michigan house | Individual ID = 69158"
"Quercus alba","First_Yes_DOY Open flowers","134","DOY",NA,"Phenology Network","Year = 2017, 2017 | Site Name = Michigan house | Individual ID = 69158"
"Quercus alba","Last_Yes_DOY Open flowers","150","DOY",NA,"Phenology Network","Year = 2017, 2017 | Site Name = Michigan house | Individual ID = 69158"
"Quercus alba","First_Yes_DOY Pollen release (flowers)","150","DOY",NA,"Phenology Network","Year = 2017, 2017 | Site Name = Michigan house | Individual ID = 69158"
"Quercus alba","Last_Yes_DOY Pollen release (flowers)","150","DOY",NA,"Phenology Network","Year = 2017, 2017 | Site Name = Michigan house | Individual ID = 69158"
"Acer rubrum","First_Yes_DOY Flowers or flower buds","74","DOY",NA,"Phenology Network","Year = 2017, 2017 | Site Name = Wood Lake Nature Center | Individual ID = 78054"
"Acer rubrum","Last_Yes_DOY Flowers or flower buds","113","DOY",NA,"Phenology Network","Year = 2017, 2017 | Site Name = Wood Lake Nature Center | Individual ID = 78054"
"Acer rubrum","First_Yes_DOY Open flowers","74","DOY",NA,"Phenology Network","Year = 2017, 2017 | Site Name = Wood Lake Nature Center | Individual ID = 78054"
"Acer rubrum","Last_Yes_DOY Open flowers","116","DOY",NA,"Phenology Network","Year = 2017, 2017 | Site Name = Wood Lake Nature Center | Individual ID = 78054"
"Acer rubrum","First_Yes_DOY Flowers or flower buds","90","DOY",NA,"Phenology Network","Year = 2017, 2017 | Site Name = Wood Lake Nature Center | Individual ID = 78155"
"Acer rubrum","Last_Yes_DOY Flowers or flower buds","113","DOY",NA,"Phenology Network","Year = 2017, 2017 | Site Name = Wood Lake Nature Center | Individual ID = 78155"
"Acer rubrum","First_Yes_DOY Open flowers","90","DOY",NA,"Phenology Network","Year = 2017, 2017 | Site Name = Wood Lake Nature Center | Individual ID = 78155"
"Acer rubrum","Last_Yes_DOY Open flowers","106","DOY",NA,"Phenology Network","Year = 2017, 2017 | Site Name = Wood Lake Nature Center | Individual ID = 78155"
"Acer rubrum","First_Yes_DOY Open flowers","113","DOY",NA,"Phenology Network","Year = 2017, 2017 | Site Name = Wood Lake Nature Center | Individual ID = 78155"
"Acer rubrum","Last_Yes_DOY Open flowers","116","DOY",NA,"Phenology Network","Year = 2017, 2017 | Site Name = Wood Lake Nature Center | Individual ID = 78155"
"Fraxinus americana","First_Yes_DOY Flowers or flower buds","109","DOY",NA,"Phenology Network","Year = 2017, 2017 | Site Name = LCS Outdoor Learning Environment | Individual ID = 78446"
"Fraxinus americana","Last_Yes_DOY Flowers or flower buds","125","DOY",NA,"Phenology Network","Year = 2017, 2017 | Site Name = LCS Outdoor Learning Environment | Individual ID = 78446"
"Fraxinus americana","First_Yes_DOY Open flowers","111","DOY",NA,"Phenology Network","Year = 2017, 2017 | Site Name = LCS Outdoor Learning Environment | Individual ID = 78446"
"Fraxinus americana","Last_Yes_DOY Open flowers","125","DOY",NA,"Phenology Network","Year = 2017, 2017 | Site Name = LCS Outdoor Learning Environment | Individual ID = 78446"
"Quercus rubra","First_Yes_DOY Flowers or flower buds","111","DOY",NA,"Phenology Network","Year = 2017, 2017 | Site Name = LCS Outdoor Learning Environment | Individual ID = 78447"
"Quercus rubra","Last_Yes_DOY Flowers or flower buds","125","DOY",NA,"Phenology Network","Year = 2017, 2017 | Site Name = LCS Outdoor Learning Environment | Individual ID = 78447"
"Quercus rubra","First_Yes_DOY Open flowers","118","DOY",NA,"Phenology Network","Year = 2017, 2017 | Site Name = LCS Outdoor Learning Environment | Individual ID = 78447"
"Quercus rubra","Last_Yes_DOY Open flowers","125","DOY",NA,"Phenology Network","Year = 2017, 2017 | Site Name = LCS Outdoor Learning Environment | Individual ID = 78447"
"Populus tremuloides","First_Yes_DOY Flowers or flower buds","65","DOY",NA,"Phenology Network","Year = 2017, 2017 | Site Name = Home | Individual ID = 79752"
"Populus tremuloides","Last_Yes_DOY Flowers or flower buds","107","DOY",NA,"Phenology Network","Year = 2017, 2017 | Site Name = Home | Individual ID = 79752"
"Populus tremuloides","First_Yes_DOY Open flowers","91","DOY",NA,"Phenology Network","Year = 2017, 2017 | Site Name = Home | Individual ID = 79752"
"Populus tremuloides","Last_Yes_DOY Open flowers","107","DOY",NA,"Phenology Network","Year = 2017, 2017 | Site Name = Home | Individual ID = 79752"
"Populus tremuloides","First_Yes_DOY Pollen release (flowers)","92","DOY",NA,"Phenology Network","Year = 2017, 2017 | Site Name = Home | Individual ID = 79752"
"Populus tremuloides","Last_Yes_DOY Pollen release (flowers)","95","DOY",NA,"Phenology Network","Year = 2017, 2017 | Site Name = Home | Individual ID = 79752"
"Acer rubrum","First_Yes_DOY Flowers or flower buds","103","DOY",NA,"Phenology Network","Year = 2017, 2017 | Site Name = Yard | Individual ID = 82689"
"Acer rubrum","Last_Yes_DOY Flowers or flower buds","103","DOY",NA,"Phenology Network","Year = 2017, 2017 | Site Name = Yard | Individual ID = 82689"
"Acer rubrum","First_Yes_DOY Open flowers","103","DOY",NA,"Phenology Network","Year = 2017, 2017 | Site Name = Yard | Individual ID = 82689"
"Acer rubrum","Last_Yes_DOY Open flowers","103","DOY",NA,"Phenology Network","Year = 2017, 2017 | Site Name = Yard | Individual ID = 82689"
"Populus tremuloides","First_Yes_DOY Flowers or flower buds","62","DOY",NA,"Phenology Network","Year = 2017, 2017 | Site Name = Cedar Creek Home | Individual ID = 84414"
"Populus tremuloides","Last_Yes_DOY Flowers or flower buds","62","DOY",NA,"Phenology Network","Year = 2017, 2017 | Site Name = Cedar Creek Home | Individual ID = 84414"
"Populus tremuloides","First_Yes_DOY Open flowers","62","DOY",NA,"Phenology Network","Year = 2017, 2017 | Site Name = Cedar Creek Home | Individual ID = 84414"
"Populus tremuloides","Last_Yes_DOY Open flowers","62","DOY",NA,"Phenology Network","Year = 2017, 2017 | Site Name = Cedar Creek Home | Individual ID = 84414"
"Acer saccharinum","First_Yes_DOY Flowers or flower buds","79","DOY",NA,"Phenology Network","Year = 2017, 2017 | Site Name = LCS Outdoor Learning Environment | Individual ID = 85116"
"Acer saccharinum","Last_Yes_DOY Flowers or flower buds","99","DOY",NA,"Phenology Network","Year = 2017, 2017 | Site Name = LCS Outdoor Learning Environment | Individual ID = 85116"
"Acer saccharinum","First_Yes_DOY Flowers or flower buds","103","DOY",NA,"Phenology Network","Year = 2017, 2017 | Site Name = LCS Outdoor Learning Environment | Individual ID = 85116"
"Acer saccharinum","Last_Yes_DOY Flowers or flower buds","103","DOY",NA,"Phenology Network","Year = 2017, 2017 | Site Name = LCS Outdoor Learning Environment | Individual ID = 85116"
"Acer saccharinum","First_Yes_DOY Open flowers","89","DOY",NA,"Phenology Network","Year = 2017, 2017 | Site Name = LCS Outdoor Learning Environment | Individual ID = 85116"
"Acer saccharinum","Last_Yes_DOY Open flowers","99","DOY",NA,"Phenology Network","Year = 2017, 2017 | Site Name = LCS Outdoor Learning Environment | Individual ID = 85116"
"Acer saccharinum","First_Yes_DOY Open flowers","103","DOY",NA,"Phenology Network","Year = 2017, 2017 | Site Name = LCS Outdoor Learning Environment | Individual ID = 85116"
"Acer saccharinum","Last_Yes_DOY Open flowers","103","DOY",NA,"Phenology Network","Year = 2017, 2017 | Site Name = LCS Outdoor Learning Environment | Individual ID = 85116"
"Acer saccharinum","First_Yes_DOY Pollen release (flowers)","89","DOY",NA,"Phenology Network","Year = 2017, 2017 | Site Name = LCS Outdoor Learning Environment | Individual ID = 85116"
"Acer saccharinum","Last_Yes_DOY Pollen release (flowers)","99","DOY",NA,"Phenology Network","Year = 2017, 2017 | Site Name = LCS Outdoor Learning Environment | Individual ID = 85116"
"Acer saccharinum","First_Yes_DOY Flowers or flower buds","66","DOY",NA,"Phenology Network","Year = 2017, 2017 | Site Name = Josh Leonard's corner | Individual ID = 85573"
"Acer saccharinum","Last_Yes_DOY Flowers or flower buds","104","DOY",NA,"Phenology Network","Year = 2017, 2017 | Site Name = Josh Leonard's corner | Individual ID = 85573"
"Acer saccharinum","First_Yes_DOY Flowers or flower buds","66","DOY",NA,"Phenology Network","Year = 2017, 2017 | Site Name = Josh Leonard's corner | Individual ID = 85574"
"Acer saccharinum","Last_Yes_DOY Flowers or flower buds","104","DOY",NA,"Phenology Network","Year = 2017, 2017 | Site Name = Josh Leonard's corner | Individual ID = 85574"
"Acer negundo","First_Yes_DOY Flowers or flower buds","103","DOY",NA,"Phenology Network","Year = 2017, 2017 | Site Name = Woods | Individual ID = 85779"
"Acer negundo","Last_Yes_DOY Flowers or flower buds","103","DOY",NA,"Phenology Network","Year = 2017, 2017 | Site Name = Woods | Individual ID = 85779"
"Acer negundo","First_Yes_DOY Open flowers","103","DOY",NA,"Phenology Network","Year = 2017, 2017 | Site Name = Woods | Individual ID = 85779"
"Acer negundo","Last_Yes_DOY Open flowers","103","DOY",NA,"Phenology Network","Year = 2017, 2017 | Site Name = Woods | Individual ID = 85779"
"Acer negundo","First_Yes_DOY Flowers or flower buds","103","DOY",NA,"Phenology Network","Year = 2017, 2017 | Site Name = Woods | Individual ID = 85780"
"Acer negundo","Last_Yes_DOY Flowers or flower buds","103","DOY",NA,"Phenology Network","Year = 2017, 2017 | Site Name = Woods | Individual ID = 85780"
"Populus deltoides","First_Yes_DOY Flowers or flower buds","103","DOY",NA,"Phenology Network","Year = 2017, 2017 | Site Name = Yard | Individual ID = 87205"
"Populus deltoides","Last_Yes_DOY Flowers or flower buds","108","DOY",NA,"Phenology Network","Year = 2017, 2017 | Site Name = Yard | Individual ID = 87205"
"Populus deltoides","First_Yes_DOY Flowers or flower buds","103","DOY",NA,"Phenology Network","Year = 2017, 2017 | Site Name = Yard | Individual ID = 87206"
"Populus deltoides","Last_Yes_DOY Flowers or flower buds","108","DOY",NA,"Phenology Network","Year = 2017, 2017 | Site Name = Yard | Individual ID = 87206"
"Fraxinus pennsylvanica","First_Yes_DOY Flowers or flower buds","142","DOY",NA,"Phenology Network","Year = 2017, 2017 | Site Name = Yard | Individual ID = 87208"
"Fraxinus pennsylvanica","Last_Yes_DOY Flowers or flower buds","142","DOY",NA,"Phenology Network","Year = 2017, 2017 | Site Name = Yard | Individual ID = 87208"
"Fraxinus pennsylvanica","First_Yes_DOY Open flowers","142","DOY",NA,"Phenology Network","Year = 2017, 2017 | Site Name = Yard | Individual ID = 87208"
"Fraxinus pennsylvanica","Last_Yes_DOY Open flowers","142","DOY",NA,"Phenology Network","Year = 2017, 2017 | Site Name = Yard | Individual ID = 87208"
"Quercus palustris","First_Yes_DOY Flowers or flower buds","111","DOY",NA,"Phenology Network","Year = 2017, 2017 | Site Name = Kettlekamp Prairie | Individual ID = 87924"
"Quercus palustris","Last_Yes_DOY Flowers or flower buds","129","DOY",NA,"Phenology Network","Year = 2017, 2017 | Site Name = Kettlekamp Prairie | Individual ID = 87924"
"Quercus palustris","First_Yes_DOY Open flowers","111","DOY",NA,"Phenology Network","Year = 2017, 2017 | Site Name = Kettlekamp Prairie | Individual ID = 87924"
"Quercus palustris","Last_Yes_DOY Open flowers","129","DOY",NA,"Phenology Network","Year = 2017, 2017 | Site Name = Kettlekamp Prairie | Individual ID = 87924"
"Quercus palustris","First_Yes_DOY Pollen release (flowers)","118","DOY",NA,"Phenology Network","Year = 2017, 2017 | Site Name = Kettlekamp Prairie | Individual ID = 87924"
"Quercus palustris","Last_Yes_DOY Pollen release (flowers)","118","DOY",NA,"Phenology Network","Year = 2017, 2017 | Site Name = Kettlekamp Prairie | Individual ID = 87924"
"Quercus rubra","First_Yes_DOY Flowers or flower buds","135","DOY",NA,"Phenology Network","Year = 2017, 2017 | Site Name = Kettlekamp Prairie | Individual ID = 87925"
"Quercus rubra","Last_Yes_DOY Flowers or flower buds","135","DOY",NA,"Phenology Network","Year = 2017, 2017 | Site Name = Kettlekamp Prairie | Individual ID = 87925"
"Quercus rubra","First_Yes_DOY Open flowers","135","DOY",NA,"Phenology Network","Year = 2017, 2017 | Site Name = Kettlekamp Prairie | Individual ID = 87925"
"Quercus rubra","Last_Yes_DOY Open flowers","135","DOY",NA,"Phenology Network","Year = 2017, 2017 | Site Name = Kettlekamp Prairie | Individual ID = 87925"
"Acer rubrum","First_Yes_DOY Flowers or flower buds","75","DOY",NA,"Phenology Network","Year = 2017, 2017 | Site Name = Michigan house | Individual ID = 88806"
"Acer rubrum","Last_Yes_DOY Flowers or flower buds","110","DOY",NA,"Phenology Network","Year = 2017, 2017 | Site Name = Michigan house | Individual ID = 88806"
"Fraxinus pennsylvanica","First_Yes_DOY Flowers or flower buds","101","DOY",NA,"Phenology Network","Year = 2017, 2017 | Site Name = Warner Park | Individual ID = 91080"
"Fraxinus pennsylvanica","Last_Yes_DOY Flowers or flower buds","105","DOY",NA,"Phenology Network","Year = 2017, 2017 | Site Name = Warner Park | Individual ID = 91080"
"Acer rubrum","First_Yes_DOY Flowers or flower buds","106","DOY",NA,"Phenology Network","Year = 2017, 2017 | Site Name = Pitcher Pond | Individual ID = 94648"
"Acer rubrum","Last_Yes_DOY Flowers or flower buds","133","DOY",NA,"Phenology Network","Year = 2017, 2017 | Site Name = Pitcher Pond | Individual ID = 94648"
"Acer rubrum","First_Yes_DOY Open flowers","106","DOY",NA,"Phenology Network","Year = 2017, 2017 | Site Name = Pitcher Pond | Individual ID = 94648"
"Acer rubrum","Last_Yes_DOY Open flowers","133","DOY",NA,"Phenology Network","Year = 2017, 2017 | Site Name = Pitcher Pond | Individual ID = 94648"
"Acer saccharinum","First_Yes_DOY Flowers or flower buds","65","DOY",NA,"Phenology Network","Year = 2017, 2017 | Site Name = front yard | Individual ID = 94830"
"Acer saccharinum","Last_Yes_DOY Flowers or flower buds","101","DOY",NA,"Phenology Network","Year = 2017, 2017 | Site Name = front yard | Individual ID = 94830"
"Acer saccharinum","First_Yes_DOY Open flowers","86","DOY",NA,"Phenology Network","Year = 2017, 2017 | Site Name = front yard | Individual ID = 94830"
"Acer saccharinum","Last_Yes_DOY Open flowers","97","DOY",NA,"Phenology Network","Year = 2017, 2017 | Site Name = front yard | Individual ID = 94830"
"Acer saccharinum","First_Yes_DOY Flowers or flower buds","76","DOY",NA,"Phenology Network","Year = 2017, 2017 | Site Name = Home | Individual ID = 102809"
"Acer saccharinum","Last_Yes_DOY Flowers or flower buds","108","DOY",NA,"Phenology Network","Year = 2017, 2017 | Site Name = Home | Individual ID = 102809"
"Acer saccharinum","First_Yes_DOY Open flowers","76","DOY",NA,"Phenology Network","Year = 2017, 2017 | Site Name = Home | Individual ID = 102809"
"Acer saccharinum","Last_Yes_DOY Open flowers","108","DOY",NA,"Phenology Network","Year = 2017, 2017 | Site Name = Home | Individual ID = 102809"
"Acer negundo","First_Yes_DOY Flowers or flower buds","94","DOY",NA,"Phenology Network","Year = 2017, 2018 | Site Name = Home | Individual ID = 103163"
"Acer negundo","Last_Yes_DOY Flowers or flower buds","60","DOY",NA,"Phenology Network","Year = 2017, 2018 | Site Name = Home | Individual ID = 103163"
"Acer negundo","First_Yes_DOY Open flowers","94","DOY",NA,"Phenology Network","Year = 2017, 2017 | Site Name = Home | Individual ID = 103163"
"Acer negundo","Last_Yes_DOY Open flowers","104","DOY",NA,"Phenology Network","Year = 2017, 2017 | Site Name = Home | Individual ID = 103163"
"Quercus rubra","First_Yes_DOY Flowers or flower buds","115","DOY",NA,"Phenology Network","Year = 2017, 2017 | Site Name = Yard | Individual ID = 103700"
"Quercus rubra","Last_Yes_DOY Flowers or flower buds","115","DOY",NA,"Phenology Network","Year = 2017, 2017 | Site Name = Yard | Individual ID = 103700"
"Acer rubrum","First_Yes_DOY Flowers or flower buds","80","DOY",NA,"Phenology Network","Year = 2017, 2017 | Site Name = Home | Individual ID = 104208"
"Acer rubrum","Last_Yes_DOY Flowers or flower buds","96","DOY",NA,"Phenology Network","Year = 2017, 2017 | Site Name = Home | Individual ID = 104208"
"Acer rubrum","First_Yes_DOY Open flowers","80","DOY",NA,"Phenology Network","Year = 2017, 2017 | Site Name = Home | Individual ID = 104208"
"Acer rubrum","Last_Yes_DOY Open flowers","96","DOY",NA,"Phenology Network","Year = 2017, 2017 | Site Name = Home | Individual ID = 104208"
"Acer rubrum","First_Yes_DOY Flowers or flower buds","67","DOY",NA,"Phenology Network","Year = 2017, 2017 | Site Name = Josh Leonard's corner | Individual ID = 104225"
"Acer rubrum","Last_Yes_DOY Flowers or flower buds","104","DOY",NA,"Phenology Network","Year = 2017, 2017 | Site Name = Josh Leonard's corner | Individual ID = 104225"
"Acer negundo","First_Yes_DOY Flowers or flower buds","104","DOY",NA,"Phenology Network","Year = 2017, 2017 | Site Name = Rapids Lake - Phenology Trail | Individual ID = 111117"
"Acer negundo","Last_Yes_DOY Flowers or flower buds","111","DOY",NA,"Phenology Network","Year = 2017, 2017 | Site Name = Rapids Lake - Phenology Trail | Individual ID = 111117"
"Acer negundo","First_Yes_DOY Open flowers","111","DOY",NA,"Phenology Network","Year = 2017, 2017 | Site Name = Rapids Lake - Phenology Trail | Individual ID = 111117"
"Acer negundo","Last_Yes_DOY Open flowers","111","DOY",NA,"Phenology Network","Year = 2017, 2017 | Site Name = Rapids Lake - Phenology Trail | Individual ID = 111117"
"Acer negundo","First_Yes_DOY Flowers or flower buds","101","DOY",NA,"Phenology Network","Year = 2017, 2017 | Site Name = Rapids Lake - Phenology Trail | Individual ID = 111118"
"Acer negundo","Last_Yes_DOY Flowers or flower buds","111","DOY",NA,"Phenology Network","Year = 2017, 2017 | Site Name = Rapids Lake - Phenology Trail | Individual ID = 111118"
"Acer negundo","First_Yes_DOY Open flowers","101","DOY",NA,"Phenology Network","Year = 2017, 2017 | Site Name = Rapids Lake - Phenology Trail | Individual ID = 111118"
"Acer negundo","Last_Yes_DOY Open flowers","118","DOY",NA,"Phenology Network","Year = 2017, 2017 | Site Name = Rapids Lake - Phenology Trail | Individual ID = 111118"
"Acer negundo","First_Yes_DOY Flowers or flower buds","101","DOY",NA,"Phenology Network","Year = 2017, 2017 | Site Name = Rapids Lake - Phenology Trail | Individual ID = 111119"
"Acer negundo","Last_Yes_DOY Flowers or flower buds","118","DOY",NA,"Phenology Network","Year = 2017, 2017 | Site Name = Rapids Lake - Phenology Trail | Individual ID = 111119"
"Acer negundo","First_Yes_DOY Open flowers","104","DOY",NA,"Phenology Network","Year = 2017, 2017 | Site Name = Rapids Lake - Phenology Trail | Individual ID = 111119"
"Acer negundo","Last_Yes_DOY Open flowers","118","DOY",NA,"Phenology Network","Year = 2017, 2017 | Site Name = Rapids Lake - Phenology Trail | Individual ID = 111119"
"Populus deltoides","First_Yes_DOY Flowers or flower buds","101","DOY",NA,"Phenology Network","Year = 2017, 2017 | Site Name = Rapids Lake - Phenology Trail | Individual ID = 111120"
"Populus deltoides","Last_Yes_DOY Flowers or flower buds","101","DOY",NA,"Phenology Network","Year = 2017, 2017 | Site Name = Rapids Lake - Phenology Trail | Individual ID = 111120"
"Populus deltoides","First_Yes_DOY Flowers or flower buds","111","DOY",NA,"Phenology Network","Year = 2017, 2017 | Site Name = Rapids Lake - Phenology Trail | Individual ID = 111120"
"Populus deltoides","Last_Yes_DOY Flowers or flower buds","118","DOY",NA,"Phenology Network","Year = 2017, 2017 | Site Name = Rapids Lake - Phenology Trail | Individual ID = 111120"
"Populus deltoides","First_Yes_DOY Flowers or flower buds","101","DOY",NA,"Phenology Network","Year = 2017, 2017 | Site Name = Rapids Lake - Phenology Trail | Individual ID = 111121"
"Populus deltoides","Last_Yes_DOY Flowers or flower buds","101","DOY",NA,"Phenology Network","Year = 2017, 2017 | Site Name = Rapids Lake - Phenology Trail | Individual ID = 111121"
"Populus deltoides","First_Yes_DOY Flowers or flower buds","111","DOY",NA,"Phenology Network","Year = 2017, 2017 | Site Name = Rapids Lake - Phenology Trail | Individual ID = 111121"
"Populus deltoides","Last_Yes_DOY Flowers or flower buds","111","DOY",NA,"Phenology Network","Year = 2017, 2017 | Site Name = Rapids Lake - Phenology Trail | Individual ID = 111121"
"Populus deltoides","First_Yes_DOY Open flowers","118","DOY",NA,"Phenology Network","Year = 2017, 2017 | Site Name = Rapids Lake - Phenology Trail | Individual ID = 111121"
"Populus deltoides","Last_Yes_DOY Open flowers","118","DOY",NA,"Phenology Network","Year = 2017, 2017 | Site Name = Rapids Lake - Phenology Trail | Individual ID = 111121"
"Populus deltoides","First_Yes_DOY Pollen release (flowers)","118","DOY",NA,"Phenology Network","Year = 2017, 2017 | Site Name = Rapids Lake - Phenology Trail | Individual ID = 111121"
"Populus deltoides","Last_Yes_DOY Pollen release (flowers)","118","DOY",NA,"Phenology Network","Year = 2017, 2017 | Site Name = Rapids Lake - Phenology Trail | Individual ID = 111121"
"Populus deltoides","First_Yes_DOY Flowers or flower buds","101","DOY",NA,"Phenology Network","Year = 2017, 2017 | Site Name = Rapids Lake - Phenology Trail | Individual ID = 111122"
"Populus deltoides","Last_Yes_DOY Flowers or flower buds","111","DOY",NA,"Phenology Network","Year = 2017, 2017 | Site Name = Rapids Lake - Phenology Trail | Individual ID = 111122"
"Populus deltoides","First_Yes_DOY Open flowers","104","DOY",NA,"Phenology Network","Year = 2017, 2017 | Site Name = Rapids Lake - Phenology Trail | Individual ID = 111122"
"Populus deltoides","Last_Yes_DOY Open flowers","104","DOY",NA,"Phenology Network","Year = 2017, 2017 | Site Name = Rapids Lake - Phenology Trail | Individual ID = 111122"
"Populus deltoides","First_Yes_DOY Open flowers","118","DOY",NA,"Phenology Network","Year = 2017, 2017 | Site Name = Rapids Lake - Phenology Trail | Individual ID = 111122"
"Populus deltoides","Last_Yes_DOY Open flowers","118","DOY",NA,"Phenology Network","Year = 2017, 2017 | Site Name = Rapids Lake - Phenology Trail | Individual ID = 111122"
"Populus deltoides","First_Yes_DOY Pollen release (flowers)","118","DOY",NA,"Phenology Network","Year = 2017, 2017 | Site Name = Rapids Lake - Phenology Trail | Individual ID = 111122"
"Populus deltoides","Last_Yes_DOY Pollen release (flowers)","118","DOY",NA,"Phenology Network","Year = 2017, 2017 | Site Name = Rapids Lake - Phenology Trail | Individual ID = 111122"
"Acer rubrum","First_Yes_DOY Flowers or flower buds","101","DOY",NA,"Phenology Network","Year = 2017, 2017 | Site Name = loop trail | Individual ID = 114612"
"Acer rubrum","Last_Yes_DOY Flowers or flower buds","122","DOY",NA,"Phenology Network","Year = 2017, 2017 | Site Name = loop trail | Individual ID = 114612"
"Acer rubrum","First_Yes_DOY Open flowers","101","DOY",NA,"Phenology Network","Year = 2017, 2017 | Site Name = loop trail | Individual ID = 114612"
"Acer rubrum","Last_Yes_DOY Open flowers","122","DOY",NA,"Phenology Network","Year = 2017, 2017 | Site Name = loop trail | Individual ID = 114612"
"Tilia americana","First_Yes_DOY Flowers or flower buds","155","DOY",NA,"Phenology Network","Year = 2017, 2017 | Site Name = loop trail | Individual ID = 114620"
"Tilia americana","Last_Yes_DOY Flowers or flower buds","201","DOY",NA,"Phenology Network","Year = 2017, 2017 | Site Name = loop trail | Individual ID = 114620"
"Tilia americana","First_Yes_DOY Open flowers","183","DOY",NA,"Phenology Network","Year = 2017, 2017 | Site Name = loop trail | Individual ID = 114620"
"Tilia americana","Last_Yes_DOY Open flowers","201","DOY",NA,"Phenology Network","Year = 2017, 2017 | Site Name = loop trail | Individual ID = 114620"
"Fraxinus nigra","First_Yes_DOY Flowers or flower buds","125","DOY",NA,"Phenology Network","Year = 2017, 2017 | Site Name = loop trail | Individual ID = 114623"
"Fraxinus nigra","Last_Yes_DOY Flowers or flower buds","134","DOY",NA,"Phenology Network","Year = 2017, 2017 | Site Name = loop trail | Individual ID = 114623"
"Fraxinus nigra","First_Yes_DOY Open flowers","125","DOY",NA,"Phenology Network","Year = 2017, 2017 | Site Name = loop trail | Individual ID = 114623"
"Fraxinus nigra","Last_Yes_DOY Open flowers","134","DOY",NA,"Phenology Network","Year = 2017, 2017 | Site Name = loop trail | Individual ID = 114623"
"Populus tremuloides","First_Yes_DOY Flowers or flower buds","98","DOY",NA,"Phenology Network","Year = 2017, 2017 | Site Name = loop trail | Individual ID = 115239"
"Populus tremuloides","Last_Yes_DOY Flowers or flower buds","118","DOY",NA,"Phenology Network","Year = 2017, 2017 | Site Name = loop trail | Individual ID = 115239"
"Populus tremuloides","First_Yes_DOY Open flowers","98","DOY",NA,"Phenology Network","Year = 2017, 2017 | Site Name = loop trail | Individual ID = 115239"
"Populus tremuloides","Last_Yes_DOY Open flowers","118","DOY",NA,"Phenology Network","Year = 2017, 2017 | Site Name = loop trail | Individual ID = 115239"
"Acer negundo","First_Yes_DOY Flowers or flower buds","101","DOY",NA,"Phenology Network","Year = 2017, 2017 | Site Name = loop trail | Individual ID = 115240"
"Acer negundo","Last_Yes_DOY Flowers or flower buds","109","DOY",NA,"Phenology Network","Year = 2017, 2017 | Site Name = loop trail | Individual ID = 115240"
"Acer negundo","First_Yes_DOY Flowers or flower buds","131","DOY",NA,"Phenology Network","Year = 2017, 2017 | Site Name = loop trail | Individual ID = 115240"
"Acer negundo","Last_Yes_DOY Flowers or flower buds","131","DOY",NA,"Phenology Network","Year = 2017, 2017 | Site Name = loop trail | Individual ID = 115240"
"Acer negundo","First_Yes_DOY Open flowers","131","DOY",NA,"Phenology Network","Year = 2017, 2017 | Site Name = loop trail | Individual ID = 115240"
"Acer negundo","Last_Yes_DOY Open flowers","131","DOY",NA,"Phenology Network","Year = 2017, 2017 | Site Name = loop trail | Individual ID = 115240"
"Acer saccharinum","First_Yes_DOY Flowers or flower buds","65","DOY",NA,"Phenology Network","Year = 2017, 2017 | Site Name = Garlough Enviromental Magnet School | Individual ID = 115500"
"Acer saccharinum","Last_Yes_DOY Flowers or flower buds","100","DOY",NA,"Phenology Network","Year = 2017, 2017 | Site Name = Garlough Enviromental Magnet School | Individual ID = 115500"
"Acer saccharinum","First_Yes_DOY Open flowers","65","DOY",NA,"Phenology Network","Year = 2017, 2017 | Site Name = Garlough Enviromental Magnet School | Individual ID = 115500"
"Acer saccharinum","Last_Yes_DOY Open flowers","100","DOY",NA,"Phenology Network","Year = 2017, 2017 | Site Name = Garlough Enviromental Magnet School | Individual ID = 115500"
"Acer saccharinum","First_Yes_DOY Pollen release (flowers)","100","DOY",NA,"Phenology Network","Year = 2017, 2017 | Site Name = Garlough Enviromental Magnet School | Individual ID = 115500"
"Acer saccharinum","Last_Yes_DOY Pollen release (flowers)","100","DOY",NA,"Phenology Network","Year = 2017, 2017 | Site Name = Garlough Enviromental Magnet School | Individual ID = 115500"
"Acer saccharinum","First_Yes_DOY Flowers or flower buds","65","DOY",NA,"Phenology Network","Year = 2017, 2017 | Site Name = Garlough Enviromental Magnet School | Individual ID = 115501"
"Acer saccharinum","Last_Yes_DOY Flowers or flower buds","100","DOY",NA,"Phenology Network","Year = 2017, 2017 | Site Name = Garlough Enviromental Magnet School | Individual ID = 115501"
"Acer saccharinum","First_Yes_DOY Open flowers","65","DOY",NA,"Phenology Network","Year = 2017, 2017 | Site Name = Garlough Enviromental Magnet School | Individual ID = 115501"
"Acer saccharinum","Last_Yes_DOY Open flowers","100","DOY",NA,"Phenology Network","Year = 2017, 2017 | Site Name = Garlough Enviromental Magnet School | Individual ID = 115501"
"Acer saccharinum","First_Yes_DOY Pollen release (flowers)","100","DOY",NA,"Phenology Network","Year = 2017, 2017 | Site Name = Garlough Enviromental Magnet School | Individual ID = 115501"
"Acer saccharinum","Last_Yes_DOY Pollen release (flowers)","100","DOY",NA,"Phenology Network","Year = 2017, 2017 | Site Name = Garlough Enviromental Magnet School | Individual ID = 115501"
"Fraxinus pennsylvanica","First_Yes_DOY Flowers or flower buds","123","DOY",NA,"Phenology Network","Year = 2017, 2017 | Site Name = SH campus | Individual ID = 115613"
"Fraxinus pennsylvanica","Last_Yes_DOY Flowers or flower buds","123","DOY",NA,"Phenology Network","Year = 2017, 2017 | Site Name = SH campus | Individual ID = 115613"
"Acer rubrum","First_Yes_DOY Flowers or flower buds","123","DOY",NA,"Phenology Network","Year = 2017, 2017 | Site Name = SH campus | Individual ID = 115625"
"Acer rubrum","Last_Yes_DOY Flowers or flower buds","130","DOY",NA,"Phenology Network","Year = 2017, 2017 | Site Name = SH campus | Individual ID = 115625"
"Acer rubrum","First_Yes_DOY Open flowers","130","DOY",NA,"Phenology Network","Year = 2017, 2017 | Site Name = SH campus | Individual ID = 115625"
"Acer rubrum","Last_Yes_DOY Open flowers","130","DOY",NA,"Phenology Network","Year = 2017, 2017 | Site Name = SH campus | Individual ID = 115625"
"Acer rubrum","First_Yes_DOY Pollen release (flowers)","123","DOY",NA,"Phenology Network","Year = 2017, 2017 | Site Name = SH campus | Individual ID = 115625"
"Acer rubrum","Last_Yes_DOY Pollen release (flowers)","130","DOY",NA,"Phenology Network","Year = 2017, 2017 | Site Name = SH campus | Individual ID = 115625"
"Tilia americana","First_Yes_DOY Flowers or flower buds","145","DOY",NA,"Phenology Network","Year = 2017, 2017 | Site Name = SH campus | Individual ID = 115631"
"Tilia americana","Last_Yes_DOY Flowers or flower buds","145","DOY",NA,"Phenology Network","Year = 2017, 2017 | Site Name = SH campus | Individual ID = 115631"
"Tilia americana","First_Yes_DOY Pollen release (flowers)","145","DOY",NA,"Phenology Network","Year = 2017, 2017 | Site Name = SH campus | Individual ID = 115631"
"Tilia americana","Last_Yes_DOY Pollen release (flowers)","145","DOY",NA,"Phenology Network","Year = 2017, 2017 | Site Name = SH campus | Individual ID = 115631"
"Tilia americana","First_Yes_DOY Flowers or flower buds","145","DOY",NA,"Phenology Network","Year = 2017, 2017 | Site Name = SH campus | Individual ID = 115634"
"Tilia americana","Last_Yes_DOY Flowers or flower buds","145","DOY",NA,"Phenology Network","Year = 2017, 2017 | Site Name = SH campus | Individual ID = 115634"
"Tilia americana","First_Yes_DOY Pollen release (flowers)","145","DOY",NA,"Phenology Network","Year = 2017, 2017 | Site Name = SH campus | Individual ID = 115634"
"Tilia americana","Last_Yes_DOY Pollen release (flowers)","145","DOY",NA,"Phenology Network","Year = 2017, 2017 | Site Name = SH campus | Individual ID = 115634"
"Tilia americana","First_Yes_DOY Flowers or flower buds","145","DOY",NA,"Phenology Network","Year = 2017, 2017 | Site Name = SH campus | Individual ID = 115635"
"Tilia americana","Last_Yes_DOY Flowers or flower buds","145","DOY",NA,"Phenology Network","Year = 2017, 2017 | Site Name = SH campus | Individual ID = 115635"
"Tilia americana","First_Yes_DOY Pollen release (flowers)","145","DOY",NA,"Phenology Network","Year = 2017, 2017 | Site Name = SH campus | Individual ID = 115635"
"Tilia americana","Last_Yes_DOY Pollen release (flowers)","145","DOY",NA,"Phenology Network","Year = 2017, 2017 | Site Name = SH campus | Individual ID = 115635"
"Tilia americana","First_Yes_DOY Flowers or flower buds","145","DOY",NA,"Phenology Network","Year = 2017, 2017 | Site Name = SH campus | Individual ID = 115639"
"Tilia americana","Last_Yes_DOY Flowers or flower buds","145","DOY",NA,"Phenology Network","Year = 2017, 2017 | Site Name = SH campus | Individual ID = 115639"
"Tilia americana","First_Yes_DOY Pollen release (flowers)","145","DOY",NA,"Phenology Network","Year = 2017, 2017 | Site Name = SH campus | Individual ID = 115639"
"Tilia americana","Last_Yes_DOY Pollen release (flowers)","145","DOY",NA,"Phenology Network","Year = 2017, 2017 | Site Name = SH campus | Individual ID = 115639"
"Ulmus americana","First_Yes_DOY Flowers or flower buds","101","DOY",NA,"Phenology Network","Year = 2017, 2017 | Site Name = loop trail | Individual ID = 115972"
"Ulmus americana","Last_Yes_DOY Flowers or flower buds","118","DOY",NA,"Phenology Network","Year = 2017, 2017 | Site Name = loop trail | Individual ID = 115972"
"Ulmus americana","First_Yes_DOY Open flowers","101","DOY",NA,"Phenology Network","Year = 2017, 2017 | Site Name = loop trail | Individual ID = 115972"
"Ulmus americana","Last_Yes_DOY Open flowers","118","DOY",NA,"Phenology Network","Year = 2017, 2017 | Site Name = loop trail | Individual ID = 115972"
"Acer negundo","First_Yes_DOY Flowers or flower buds","102","DOY",NA,"Phenology Network","Year = 2017, 2017 | Site Name = Bloomington - Phenology Trail | Individual ID = 116300"
"Acer negundo","Last_Yes_DOY Flowers or flower buds","102","DOY",NA,"Phenology Network","Year = 2017, 2017 | Site Name = Bloomington - Phenology Trail | Individual ID = 116300"
"Acer negundo","First_Yes_DOY Pollen release (flowers)","96","DOY",NA,"Phenology Network","Year = 2017, 2017 | Site Name = Bloomington - Phenology Trail | Individual ID = 116300"
"Acer negundo","Last_Yes_DOY Pollen release (flowers)","96","DOY",NA,"Phenology Network","Year = 2017, 2017 | Site Name = Bloomington - Phenology Trail | Individual ID = 116300"
"Acer negundo","First_Yes_DOY Flowers or flower buds","102","DOY",NA,"Phenology Network","Year = 2017, 2017 | Site Name = Bloomington - Phenology Trail | Individual ID = 116301"
"Acer negundo","Last_Yes_DOY Flowers or flower buds","102","DOY",NA,"Phenology Network","Year = 2017, 2017 | Site Name = Bloomington - Phenology Trail | Individual ID = 116301"
"Acer negundo","First_Yes_DOY Flowers or flower buds","102","DOY",NA,"Phenology Network","Year = 2017, 2017 | Site Name = Bloomington - Phenology Trail | Individual ID = 116302"
"Acer negundo","Last_Yes_DOY Flowers or flower buds","102","DOY",NA,"Phenology Network","Year = 2017, 2017 | Site Name = Bloomington - Phenology Trail | Individual ID = 116302"
"Acer negundo","First_Yes_DOY Open flowers","102","DOY",NA,"Phenology Network","Year = 2017, 2017 | Site Name = Bloomington - Phenology Trail | Individual ID = 116302"
"Acer negundo","Last_Yes_DOY Open flowers","102","DOY",NA,"Phenology Network","Year = 2017, 2017 | Site Name = Bloomington - Phenology Trail | Individual ID = 116302"
"Populus deltoides","First_Yes_DOY Flowers or flower buds","102","DOY",NA,"Phenology Network","Year = 2017, 2017 | Site Name = Bloomington - Phenology Trail | Individual ID = 116303"
"Populus deltoides","Last_Yes_DOY Flowers or flower buds","109","DOY",NA,"Phenology Network","Year = 2017, 2017 | Site Name = Bloomington - Phenology Trail | Individual ID = 116303"
"Populus deltoides","First_Yes_DOY Open flowers","151","DOY",NA,"Phenology Network","Year = 2017, 2017 | Site Name = Bloomington - Phenology Trail | Individual ID = 116303"
"Populus deltoides","Last_Yes_DOY Open flowers","151","DOY",NA,"Phenology Network","Year = 2017, 2017 | Site Name = Bloomington - Phenology Trail | Individual ID = 116303"
"Populus deltoides","First_Yes_DOY Flowers or flower buds","102","DOY",NA,"Phenology Network","Year = 2017, 2017 | Site Name = Bloomington - Phenology Trail | Individual ID = 116304"
"Populus deltoides","Last_Yes_DOY Flowers or flower buds","102","DOY",NA,"Phenology Network","Year = 2017, 2017 | Site Name = Bloomington - Phenology Trail | Individual ID = 116304"
"Populus deltoides","First_Yes_DOY Flowers or flower buds","102","DOY",NA,"Phenology Network","Year = 2017, 2017 | Site Name = Bloomington - Phenology Trail | Individual ID = 116305"
"Populus deltoides","Last_Yes_DOY Flowers or flower buds","102","DOY",NA,"Phenology Network","Year = 2017, 2017 | Site Name = Bloomington - Phenology Trail | Individual ID = 116305"
"Populus deltoides","First_Yes_DOY Flowers or flower buds","98","DOY",NA,"Phenology Network","Year = 2017, 2017 | Site Name = Bass Ponds- Phenology Trail | Individual ID = 116990"
"Populus deltoides","Last_Yes_DOY Flowers or flower buds","102","DOY",NA,"Phenology Network","Year = 2017, 2017 | Site Name = Bass Ponds- Phenology Trail | Individual ID = 116990"
"Populus deltoides","First_Yes_DOY Open flowers","98","DOY",NA,"Phenology Network","Year = 2017, 2017 | Site Name = Bass Ponds- Phenology Trail | Individual ID = 116990"
"Populus deltoides","Last_Yes_DOY Open flowers","98","DOY",NA,"Phenology Network","Year = 2017, 2017 | Site Name = Bass Ponds- Phenology Trail | Individual ID = 116990"
"Populus deltoides","First_Yes_DOY Flowers or flower buds","102","DOY",NA,"Phenology Network","Year = 2017, 2017 | Site Name = Bass Ponds- Phenology Trail | Individual ID = 116991"
"Populus deltoides","Last_Yes_DOY Flowers or flower buds","102","DOY",NA,"Phenology Network","Year = 2017, 2017 | Site Name = Bass Ponds- Phenology Trail | Individual ID = 116991"
"Populus deltoides","First_Yes_DOY Flowers or flower buds","102","DOY",NA,"Phenology Network","Year = 2017, 2017 | Site Name = Bass Ponds- Phenology Trail | Individual ID = 116992"
"Populus deltoides","Last_Yes_DOY Flowers or flower buds","102","DOY",NA,"Phenology Network","Year = 2017, 2017 | Site Name = Bass Ponds- Phenology Trail | Individual ID = 116992"
"Populus deltoides","First_Yes_DOY Open flowers","102","DOY",NA,"Phenology Network","Year = 2017, 2017 | Site Name = Bass Ponds- Phenology Trail | Individual ID = 116992"
"Populus deltoides","Last_Yes_DOY Open flowers","102","DOY",NA,"Phenology Network","Year = 2017, 2017 | Site Name = Bass Ponds- Phenology Trail | Individual ID = 116992"
"Fraxinus nigra","First_Yes_DOY Flowers or flower buds","138","DOY",NA,"Phenology Network","Year = 2017, 2017 | Site Name = shingobee lake | Individual ID = 118655"
"Fraxinus nigra","Last_Yes_DOY Flowers or flower buds","138","DOY",NA,"Phenology Network","Year = 2017, 2017 | Site Name = shingobee lake | Individual ID = 118655"
"Populus tremuloides","First_Yes_DOY Flowers or flower buds","68","DOY",NA,"Phenology Network","Year = 2017, 2017 | Site Name = Horton Park | Individual ID = 118745"
"Populus tremuloides","Last_Yes_DOY Flowers or flower buds","103","DOY",NA,"Phenology Network","Year = 2017, 2017 | Site Name = Horton Park | Individual ID = 118745"
"Populus tremuloides","First_Yes_DOY Open flowers","81","DOY",NA,"Phenology Network","Year = 2017, 2017 | Site Name = Horton Park | Individual ID = 118745"
"Populus tremuloides","Last_Yes_DOY Open flowers","103","DOY",NA,"Phenology Network","Year = 2017, 2017 | Site Name = Horton Park | Individual ID = 118745"
"Fraxinus nigra","First_Yes_DOY Flowers or flower buds","137","DOY",NA,"Phenology Network","Year = 2017, 2017 | Site Name = north loop | Individual ID = 119549"
"Fraxinus nigra","Last_Yes_DOY Flowers or flower buds","137","DOY",NA,"Phenology Network","Year = 2017, 2017 | Site Name = north loop | Individual ID = 119549"
"Fraxinus nigra","First_Yes_DOY Open flowers","137","DOY",NA,"Phenology Network","Year = 2017, 2017 | Site Name = north loop | Individual ID = 119549"
"Fraxinus nigra","Last_Yes_DOY Open flowers","137","DOY",NA,"Phenology Network","Year = 2017, 2017 | Site Name = north loop | Individual ID = 119549"
"Acer negundo","First_Yes_DOY Flowers or flower buds","107","DOY",NA,"Phenology Network","Year = 2017, 2017 | Site Name = north loop | Individual ID = 119551"
"Acer negundo","Last_Yes_DOY Flowers or flower buds","114","DOY",NA,"Phenology Network","Year = 2017, 2017 | Site Name = north loop | Individual ID = 119551"
"Acer negundo","First_Yes_DOY Open flowers","107","DOY",NA,"Phenology Network","Year = 2017, 2017 | Site Name = north loop | Individual ID = 119551"
"Acer negundo","Last_Yes_DOY Open flowers","114","DOY",NA,"Phenology Network","Year = 2017, 2017 | Site Name = north loop | Individual ID = 119551"
"Acer rubrum","First_Yes_DOY Flowers or flower buds","107","DOY",NA,"Phenology Network","Year = 2017, 2017 | Site Name = north loop | Individual ID = 119558"
"Acer rubrum","Last_Yes_DOY Flowers or flower buds","122","DOY",NA,"Phenology Network","Year = 2017, 2017 | Site Name = north loop | Individual ID = 119558"
"Acer rubrum","First_Yes_DOY Open flowers","107","DOY",NA,"Phenology Network","Year = 2017, 2017 | Site Name = north loop | Individual ID = 119558"
"Acer rubrum","Last_Yes_DOY Open flowers","122","DOY",NA,"Phenology Network","Year = 2017, 2017 | Site Name = north loop | Individual ID = 119558"
"Acer saccharinum","First_Yes_DOY Flowers or flower buds","62","DOY",NA,"Phenology Network","Year = 2017, 2017 | Site Name = Sibley East Gaylord | Individual ID = 120799"
"Acer saccharinum","Last_Yes_DOY Flowers or flower buds","83","DOY",NA,"Phenology Network","Year = 2017, 2017 | Site Name = Sibley East Gaylord | Individual ID = 120799"
"Acer saccharinum","First_Yes_DOY Open flowers","62","DOY",NA,"Phenology Network","Year = 2017, 2017 | Site Name = Sibley East Gaylord | Individual ID = 120799"
"Acer saccharinum","Last_Yes_DOY Open flowers","83","DOY",NA,"Phenology Network","Year = 2017, 2017 | Site Name = Sibley East Gaylord | Individual ID = 120799"
"Acer saccharinum","First_Yes_DOY Flowers or flower buds","62","DOY",NA,"Phenology Network","Year = 2017, 2017 | Site Name = Sibley East Gaylord | Individual ID = 120801"
"Acer saccharinum","Last_Yes_DOY Flowers or flower buds","97","DOY",NA,"Phenology Network","Year = 2017, 2017 | Site Name = Sibley East Gaylord | Individual ID = 120801"
"Acer saccharinum","First_Yes_DOY Open flowers","62","DOY",NA,"Phenology Network","Year = 2017, 2017 | Site Name = Sibley East Gaylord | Individual ID = 120801"
"Acer saccharinum","Last_Yes_DOY Open flowers","97","DOY",NA,"Phenology Network","Year = 2017, 2017 | Site Name = Sibley East Gaylord | Individual ID = 120801"
"Acer saccharinum","First_Yes_DOY Pollen release (flowers)","97","DOY",NA,"Phenology Network","Year = 2017, 2017 | Site Name = Sibley East Gaylord | Individual ID = 120801"
"Acer saccharinum","Last_Yes_DOY Pollen release (flowers)","97","DOY",NA,"Phenology Network","Year = 2017, 2017 | Site Name = Sibley East Gaylord | Individual ID = 120801"
"Populus deltoides","First_Yes_DOY Flowers or flower buds","131","DOY",NA,"Phenology Network","Year = 2017, 2017 | Site Name = Mississippi Gateway Regional Park | Individual ID = 123963"
"Populus deltoides","Last_Yes_DOY Flowers or flower buds","131","DOY",NA,"Phenology Network","Year = 2017, 2017 | Site Name = Mississippi Gateway Regional Park | Individual ID = 123963"
"Populus deltoides","First_Yes_DOY Flowers or flower buds","149","DOY",NA,"Phenology Network","Year = 2017, 2017 | Site Name = Mississippi Gateway Regional Park | Individual ID = 123963"
"Populus deltoides","Last_Yes_DOY Flowers or flower buds","149","DOY",NA,"Phenology Network","Year = 2017, 2017 | Site Name = Mississippi Gateway Regional Park | Individual ID = 123963"
"Populus deltoides","First_Yes_DOY Open flowers","131","DOY",NA,"Phenology Network","Year = 2017, 2017 | Site Name = Mississippi Gateway Regional Park | Individual ID = 123963"
"Populus deltoides","Last_Yes_DOY Open flowers","131","DOY",NA,"Phenology Network","Year = 2017, 2017 | Site Name = Mississippi Gateway Regional Park | Individual ID = 123963"
"Populus deltoides","First_Yes_DOY Pollen release (flowers)","168","DOY",NA,"Phenology Network","Year = 2017, 2017 | Site Name = Mississippi Gateway Regional Park | Individual ID = 123963"
"Populus deltoides","Last_Yes_DOY Pollen release (flowers)","168","DOY",NA,"Phenology Network","Year = 2017, 2017 | Site Name = Mississippi Gateway Regional Park | Individual ID = 123963"
"Salix nigra","First_Yes_DOY Flowers or flower buds","131","DOY",NA,"Phenology Network","Year = 2017, 2017 | Site Name = Mississippi Gateway Regional Park | Individual ID = 123965"
"Salix nigra","Last_Yes_DOY Flowers or flower buds","133","DOY",NA,"Phenology Network","Year = 2017, 2017 | Site Name = Mississippi Gateway Regional Park | Individual ID = 123965"
"Salix nigra","First_Yes_DOY Open flowers","131","DOY",NA,"Phenology Network","Year = 2017, 2017 | Site Name = Mississippi Gateway Regional Park | Individual ID = 123965"
"Salix nigra","Last_Yes_DOY Open flowers","131","DOY",NA,"Phenology Network","Year = 2017, 2017 | Site Name = Mississippi Gateway Regional Park | Individual ID = 123965"
"Salix nigra","First_Yes_DOY Pollen release (flowers)","131","DOY",NA,"Phenology Network","Year = 2017, 2017 | Site Name = Mississippi Gateway Regional Park | Individual ID = 123965"
"Salix nigra","Last_Yes_DOY Pollen release (flowers)","131","DOY",NA,"Phenology Network","Year = 2017, 2017 | Site Name = Mississippi Gateway Regional Park | Individual ID = 123965"
"Populus deltoides","First_Yes_DOY Flowers or flower buds","107","DOY",NA,"Phenology Network","Year = 2017, 2017 | Site Name = our farm | Individual ID = 123993"
"Populus deltoides","Last_Yes_DOY Flowers or flower buds","152","DOY",NA,"Phenology Network","Year = 2017, 2017 | Site Name = our farm | Individual ID = 123993"
"Populus deltoides","First_Yes_DOY Open flowers","110","DOY",NA,"Phenology Network","Year = 2017, 2017 | Site Name = our farm | Individual ID = 123993"
"Populus deltoides","Last_Yes_DOY Open flowers","152","DOY",NA,"Phenology Network","Year = 2017, 2017 | Site Name = our farm | Individual ID = 123993"
"Populus deltoides","First_Yes_DOY Pollen release (flowers)","116","DOY",NA,"Phenology Network","Year = 2017, 2017 | Site Name = our farm | Individual ID = 123993"
"Populus deltoides","Last_Yes_DOY Pollen release (flowers)","152","DOY",NA,"Phenology Network","Year = 2017, 2017 | Site Name = our farm | Individual ID = 123993"
"Acer rubrum","First_Yes_DOY Flowers or flower buds","107","DOY",NA,"Phenology Network","Year = 2017, 2017 | Site Name = our farm | Individual ID = 123995"
"Acer rubrum","Last_Yes_DOY Flowers or flower buds","144","DOY",NA,"Phenology Network","Year = 2017, 2017 | Site Name = our farm | Individual ID = 123995"
"Acer rubrum","First_Yes_DOY Flowers or flower buds","60","DOY",NA,"Phenology Network","Year = 2018, 2018 | Site Name = our farm | Individual ID = 123995"
"Acer rubrum","Last_Yes_DOY Flowers or flower buds","60","DOY",NA,"Phenology Network","Year = 2018, 2018 | Site Name = our farm | Individual ID = 123995"
"Acer rubrum","First_Yes_DOY Open flowers","110","DOY",NA,"Phenology Network","Year = 2017, 2017 | Site Name = our farm | Individual ID = 123995"
"Acer rubrum","Last_Yes_DOY Open flowers","144","DOY",NA,"Phenology Network","Year = 2017, 2017 | Site Name = our farm | Individual ID = 123995"
"Acer rubrum","First_Yes_DOY Pollen release (flowers)","116","DOY",NA,"Phenology Network","Year = 2017, 2017 | Site Name = our farm | Individual ID = 123995"
"Acer rubrum","Last_Yes_DOY Pollen release (flowers)","144","DOY",NA,"Phenology Network","Year = 2017, 2017 | Site Name = our farm | Individual ID = 123995"
"Salix nigra","First_Yes_DOY Flowers or flower buds","73","DOY",NA,"Phenology Network","Year = 2017, 2017 | Site Name = our farm | Individual ID = 124815"
"Salix nigra","Last_Yes_DOY Flowers or flower buds","121","DOY",NA,"Phenology Network","Year = 2017, 2017 | Site Name = our farm | Individual ID = 124815"
"Salix nigra","First_Yes_DOY Flowers or flower buds","60","DOY",NA,"Phenology Network","Year = 2018, 2018 | Site Name = our farm | Individual ID = 124815"
"Salix nigra","Last_Yes_DOY Flowers or flower buds","60","DOY",NA,"Phenology Network","Year = 2018, 2018 | Site Name = our farm | Individual ID = 124815"
"Salix nigra","First_Yes_DOY Open flowers","80","DOY",NA,"Phenology Network","Year = 2017, 2017 | Site Name = our farm | Individual ID = 124815"
"Salix nigra","Last_Yes_DOY Open flowers","121","DOY",NA,"Phenology Network","Year = 2017, 2017 | Site Name = our farm | Individual ID = 124815"
"Salix nigra","First_Yes_DOY Pollen release (flowers)","100","DOY",NA,"Phenology Network","Year = 2017, 2017 | Site Name = our farm | Individual ID = 124815"
"Salix nigra","Last_Yes_DOY Pollen release (flowers)","121","DOY",NA,"Phenology Network","Year = 2017, 2017 | Site Name = our farm | Individual ID = 124815"
"Populus tremuloides","First_Yes_DOY Flowers or flower buds","68","DOY",NA,"Phenology Network","Year = 2017, 2017 | Site Name = Horton Park | Individual ID = 127574"
"Populus tremuloides","Last_Yes_DOY Flowers or flower buds","126","DOY",NA,"Phenology Network","Year = 2017, 2017 | Site Name = Horton Park | Individual ID = 127574"
"Populus tremuloides","First_Yes_DOY Open flowers","87","DOY",NA,"Phenology Network","Year = 2017, 2017 | Site Name = Horton Park | Individual ID = 127574"
"Populus tremuloides","Last_Yes_DOY Open flowers","126","DOY",NA,"Phenology Network","Year = 2017, 2017 | Site Name = Horton Park | Individual ID = 127574"
"Acer rubrum","First_Yes_DOY Flowers or flower buds","68","DOY",NA,"Phenology Network","Year = 2017, 2017 | Site Name = Horton Park | Individual ID = 127575"
"Acer rubrum","Last_Yes_DOY Flowers or flower buds","103","DOY",NA,"Phenology Network","Year = 2017, 2017 | Site Name = Horton Park | Individual ID = 127575"
"Acer rubrum","First_Yes_DOY Open flowers","92","DOY",NA,"Phenology Network","Year = 2017, 2017 | Site Name = Horton Park | Individual ID = 127575"
"Acer rubrum","Last_Yes_DOY Open flowers","103","DOY",NA,"Phenology Network","Year = 2017, 2017 | Site Name = Horton Park | Individual ID = 127575"
"Quercus rubra","First_Yes_DOY Flowers or flower buds","70","DOY",NA,"Phenology Network","Year = 2017, 2017 | Site Name = Horton Park | Individual ID = 127576"
"Quercus rubra","Last_Yes_DOY Flowers or flower buds","79","DOY",NA,"Phenology Network","Year = 2017, 2017 | Site Name = Horton Park | Individual ID = 127576"
"Quercus rubra","First_Yes_DOY Flowers or flower buds","95","DOY",NA,"Phenology Network","Year = 2017, 2017 | Site Name = Horton Park | Individual ID = 127576"
"Quercus rubra","Last_Yes_DOY Flowers or flower buds","134","DOY",NA,"Phenology Network","Year = 2017, 2017 | Site Name = Horton Park | Individual ID = 127576"
"Quercus rubra","First_Yes_DOY Open flowers","130","DOY",NA,"Phenology Network","Year = 2017, 2017 | Site Name = Horton Park | Individual ID = 127576"
"Quercus rubra","Last_Yes_DOY Open flowers","134","DOY",NA,"Phenology Network","Year = 2017, 2017 | Site Name = Horton Park | Individual ID = 127576"
"Quercus rubra","First_Yes_DOY Pollen release (flowers)","130","DOY",NA,"Phenology Network","Year = 2017, 2017 | Site Name = Horton Park | Individual ID = 127576"
"Quercus rubra","Last_Yes_DOY Pollen release (flowers)","130","DOY",NA,"Phenology Network","Year = 2017, 2017 | Site Name = Horton Park | Individual ID = 127576"
"Acer saccharinum","First_Yes_DOY Flowers or flower buds","64","DOY",NA,"Phenology Network","Year = 2017, 2017 | Site Name = my yard | Individual ID = 129336"
"Acer saccharinum","Last_Yes_DOY Flowers or flower buds","101","DOY",NA,"Phenology Network","Year = 2017, 2017 | Site Name = my yard | Individual ID = 129336"
"Acer saccharinum","First_Yes_DOY Open flowers","81","DOY",NA,"Phenology Network","Year = 2017, 2017 | Site Name = my yard | Individual ID = 129336"
"Acer saccharinum","Last_Yes_DOY Open flowers","101","DOY",NA,"Phenology Network","Year = 2017, 2017 | Site Name = my yard | Individual ID = 129336"
"Acer rubrum","First_Yes_DOY Flowers or flower buds","88","DOY",NA,"Phenology Network","Year = 2017, 2017 | Site Name = WoodyPuppi Yard | Individual ID = 129696"
"Acer rubrum","Last_Yes_DOY Flowers or flower buds","107","DOY",NA,"Phenology Network","Year = 2017, 2017 | Site Name = WoodyPuppi Yard | Individual ID = 129696"
"Acer rubrum","First_Yes_DOY Open flowers","95","DOY",NA,"Phenology Network","Year = 2017, 2017 | Site Name = WoodyPuppi Yard | Individual ID = 129696"
"Acer rubrum","Last_Yes_DOY Open flowers","95","DOY",NA,"Phenology Network","Year = 2017, 2017 | Site Name = WoodyPuppi Yard | Individual ID = 129696"
"Acer rubrum","First_Yes_DOY Open flowers","107","DOY",NA,"Phenology Network","Year = 2017, 2017 | Site Name = WoodyPuppi Yard | Individual ID = 129696"
"Acer rubrum","Last_Yes_DOY Open flowers","107","DOY",NA,"Phenology Network","Year = 2017, 2017 | Site Name = WoodyPuppi Yard | Individual ID = 129696"
"Acer rubrum","First_Yes_DOY Flowers or flower buds","88","DOY",NA,"Phenology Network","Year = 2017, 2017 | Site Name = WoodyPuppi Yard | Individual ID = 129697"
"Acer rubrum","Last_Yes_DOY Flowers or flower buds","105","DOY",NA,"Phenology Network","Year = 2017, 2017 | Site Name = WoodyPuppi Yard | Individual ID = 129697"
"Acer rubrum","First_Yes_DOY Open flowers","95","DOY",NA,"Phenology Network","Year = 2017, 2017 | Site Name = WoodyPuppi Yard | Individual ID = 129697"
"Acer rubrum","Last_Yes_DOY Open flowers","95","DOY",NA,"Phenology Network","Year = 2017, 2017 | Site Name = WoodyPuppi Yard | Individual ID = 129697"
"Acer rubrum","First_Yes_DOY Open flowers","107","DOY",NA,"Phenology Network","Year = 2017, 2017 | Site Name = WoodyPuppi Yard | Individual ID = 129697"
"Acer rubrum","Last_Yes_DOY Open flowers","107","DOY",NA,"Phenology Network","Year = 2017, 2017 | Site Name = WoodyPuppi Yard | Individual ID = 129697"
"Acer negundo","First_Yes_DOY Flowers or flower buds","89","DOY",NA,"Phenology Network","Year = 2017, 2017 | Site Name = LCS Outdoor Learning Environment | Individual ID = 129732"
"Acer negundo","Last_Yes_DOY Flowers or flower buds","109","DOY",NA,"Phenology Network","Year = 2017, 2017 | Site Name = LCS Outdoor Learning Environment | Individual ID = 129732"
"Acer negundo","First_Yes_DOY Open flowers","99","DOY",NA,"Phenology Network","Year = 2017, 2017 | Site Name = LCS Outdoor Learning Environment | Individual ID = 129732"
"Acer negundo","Last_Yes_DOY Open flowers","109","DOY",NA,"Phenology Network","Year = 2017, 2017 | Site Name = LCS Outdoor Learning Environment | Individual ID = 129732"
"Acer negundo","First_Yes_DOY Pollen release (flowers)","103","DOY",NA,"Phenology Network","Year = 2017, 2017 | Site Name = LCS Outdoor Learning Environment | Individual ID = 129732"
"Acer negundo","Last_Yes_DOY Pollen release (flowers)","103","DOY",NA,"Phenology Network","Year = 2017, 2017 | Site Name = LCS Outdoor Learning Environment | Individual ID = 129732"
"Acer rubrum","First_Yes_DOY Flowers or flower buds","101","DOY",NA,"Phenology Network","Year = 2017, 2017 | Site Name = MRC | Individual ID = 130735"
"Acer rubrum","Last_Yes_DOY Flowers or flower buds","129","DOY",NA,"Phenology Network","Year = 2017, 2017 | Site Name = MRC | Individual ID = 130735"
"Acer rubrum","First_Yes_DOY Open flowers","118","DOY",NA,"Phenology Network","Year = 2017, 2017 | Site Name = MRC | Individual ID = 130735"
"Acer rubrum","Last_Yes_DOY Open flowers","129","DOY",NA,"Phenology Network","Year = 2017, 2017 | Site Name = MRC | Individual ID = 130735"
"Acer rubrum","First_Yes_DOY Pollen release (flowers)","129","DOY",NA,"Phenology Network","Year = 2017, 2017 | Site Name = MRC | Individual ID = 130735"
"Acer rubrum","Last_Yes_DOY Pollen release (flowers)","129","DOY",NA,"Phenology Network","Year = 2017, 2017 | Site Name = MRC | Individual ID = 130735"
"Acer rubrum","First_Yes_DOY Flowers or flower buds","101","DOY",NA,"Phenology Network","Year = 2017, 2017 | Site Name = MRC | Individual ID = 130742"
"Acer rubrum","Last_Yes_DOY Flowers or flower buds","129","DOY",NA,"Phenology Network","Year = 2017, 2017 | Site Name = MRC | Individual ID = 130742"
"Acer rubrum","First_Yes_DOY Open flowers","118","DOY",NA,"Phenology Network","Year = 2017, 2017 | Site Name = MRC | Individual ID = 130742"
"Acer rubrum","Last_Yes_DOY Open flowers","129","DOY",NA,"Phenology Network","Year = 2017, 2017 | Site Name = MRC | Individual ID = 130742"
"Acer rubrum","First_Yes_DOY Flowers or flower buds","101","DOY",NA,"Phenology Network","Year = 2017, 2017 | Site Name = MRC | Individual ID = 130743"
"Acer rubrum","Last_Yes_DOY Flowers or flower buds","129","DOY",NA,"Phenology Network","Year = 2017, 2017 | Site Name = MRC | Individual ID = 130743"
"Acer rubrum","First_Yes_DOY Open flowers","118","DOY",NA,"Phenology Network","Year = 2017, 2017 | Site Name = MRC | Individual ID = 130743"
"Acer rubrum","Last_Yes_DOY Open flowers","129","DOY",NA,"Phenology Network","Year = 2017, 2017 | Site Name = MRC | Individual ID = 130743"
"Populus tremuloides","First_Yes_DOY Flowers or flower buds","107","DOY",NA,"Phenology Network","Year = 2017, 2017 | Site Name = MEF_Garage | Individual ID = 130745"
"Populus tremuloides","Last_Yes_DOY Flowers or flower buds","118","DOY",NA,"Phenology Network","Year = 2017, 2017 | Site Name = MEF_Garage | Individual ID = 130745"
"Populus tremuloides","First_Yes_DOY Flowers or flower buds","101","DOY",NA,"Phenology Network","Year = 2017, 2017 | Site Name = MEF_Garage | Individual ID = 130746"
"Populus tremuloides","Last_Yes_DOY Flowers or flower buds","107","DOY",NA,"Phenology Network","Year = 2017, 2017 | Site Name = MEF_Garage | Individual ID = 130746"
"Populus tremuloides","First_Yes_DOY Flowers or flower buds","101","DOY",NA,"Phenology Network","Year = 2017, 2017 | Site Name = MEF_Garage | Individual ID = 130747"
"Populus tremuloides","Last_Yes_DOY Flowers or flower buds","107","DOY",NA,"Phenology Network","Year = 2017, 2017 | Site Name = MEF_Garage | Individual ID = 130747"
"Acer saccharinum","First_Yes_DOY Flowers or flower buds","87","DOY",NA,"Phenology Network","Year = 2017, 2017 | Site Name = Home | Individual ID = 131730"
"Acer saccharinum","Last_Yes_DOY Flowers or flower buds","113","DOY",NA,"Phenology Network","Year = 2017, 2017 | Site Name = Home | Individual ID = 131730"
"Acer saccharinum","First_Yes_DOY Open flowers","94","DOY",NA,"Phenology Network","Year = 2017, 2017 | Site Name = Home | Individual ID = 131730"
"Acer saccharinum","Last_Yes_DOY Open flowers","113","DOY",NA,"Phenology Network","Year = 2017, 2017 | Site Name = Home | Individual ID = 131730"
"Acer saccharinum","First_Yes_DOY Pollen release (flowers)","94","DOY",NA,"Phenology Network","Year = 2017, 2017 | Site Name = Home | Individual ID = 131730"
"Acer saccharinum","Last_Yes_DOY Pollen release (flowers)","94","DOY",NA,"Phenology Network","Year = 2017, 2017 | Site Name = Home | Individual ID = 131730"
"Quercus rubra","First_Yes_DOY Flowers or flower buds","111","DOY",NA,"Phenology Network","Year = 2017, 2017 | Site Name = Oak Collection | Individual ID = 132848"
"Quercus rubra","Last_Yes_DOY Flowers or flower buds","152","DOY",NA,"Phenology Network","Year = 2017, 2017 | Site Name = Oak Collection | Individual ID = 132848"
"Quercus rubra","First_Yes_DOY Open flowers","111","DOY",NA,"Phenology Network","Year = 2017, 2017 | Site Name = Oak Collection | Individual ID = 132848"
"Quercus rubra","Last_Yes_DOY Open flowers","152","DOY",NA,"Phenology Network","Year = 2017, 2017 | Site Name = Oak Collection | Individual ID = 132848"
"Quercus rubra","First_Yes_DOY Pollen release (flowers)","111","DOY",NA,"Phenology Network","Year = 2017, 2017 | Site Name = Oak Collection | Individual ID = 132848"
"Quercus rubra","Last_Yes_DOY Pollen release (flowers)","132","DOY",NA,"Phenology Network","Year = 2017, 2017 | Site Name = Oak Collection | Individual ID = 132848"
"Quercus rubra","First_Yes_DOY Flowers or flower buds","82","DOY",NA,"Phenology Network","Year = 2017, 2017 | Site Name = Oak Collection | Individual ID = 132850"
"Quercus rubra","Last_Yes_DOY Flowers or flower buds","82","DOY",NA,"Phenology Network","Year = 2017, 2017 | Site Name = Oak Collection | Individual ID = 132850"
"Quercus rubra","First_Yes_DOY Flowers or flower buds","111","DOY",NA,"Phenology Network","Year = 2017, 2017 | Site Name = Oak Collection | Individual ID = 132850"
"Quercus rubra","Last_Yes_DOY Flowers or flower buds","146","DOY",NA,"Phenology Network","Year = 2017, 2017 | Site Name = Oak Collection | Individual ID = 132850"
"Quercus rubra","First_Yes_DOY Open flowers","111","DOY",NA,"Phenology Network","Year = 2017, 2017 | Site Name = Oak Collection | Individual ID = 132850"
"Quercus rubra","Last_Yes_DOY Open flowers","146","DOY",NA,"Phenology Network","Year = 2017, 2017 | Site Name = Oak Collection | Individual ID = 132850"
"Quercus rubra","First_Yes_DOY Pollen release (flowers)","111","DOY",NA,"Phenology Network","Year = 2017, 2017 | Site Name = Oak Collection | Individual ID = 132850"
"Quercus rubra","Last_Yes_DOY Pollen release (flowers)","132","DOY",NA,"Phenology Network","Year = 2017, 2017 | Site Name = Oak Collection | Individual ID = 132850"
"Quercus velutina","First_Yes_DOY Flowers or flower buds","111","DOY",NA,"Phenology Network","Year = 2017, 2017 | Site Name = Oak Collection | Individual ID = 132853"
"Quercus velutina","Last_Yes_DOY Flowers or flower buds","137","DOY",NA,"Phenology Network","Year = 2017, 2017 | Site Name = Oak Collection | Individual ID = 132853"
"Quercus velutina","First_Yes_DOY Open flowers","111","DOY",NA,"Phenology Network","Year = 2017, 2017 | Site Name = Oak Collection | Individual ID = 132853"
"Quercus velutina","Last_Yes_DOY Open flowers","137","DOY",NA,"Phenology Network","Year = 2017, 2017 | Site Name = Oak Collection | Individual ID = 132853"
"Quercus velutina","First_Yes_DOY Pollen release (flowers)","111","DOY",NA,"Phenology Network","Year = 2017, 2017 | Site Name = Oak Collection | Individual ID = 132853"
"Quercus velutina","Last_Yes_DOY Pollen release (flowers)","132","DOY",NA,"Phenology Network","Year = 2017, 2017 | Site Name = Oak Collection | Individual ID = 132853"
"Quercus velutina","First_Yes_DOY Flowers or flower buds","111","DOY",NA,"Phenology Network","Year = 2017, 2017 | Site Name = Oak Collection | Individual ID = 132855"
"Quercus velutina","Last_Yes_DOY Flowers or flower buds","137","DOY",NA,"Phenology Network","Year = 2017, 2017 | Site Name = Oak Collection | Individual ID = 132855"
"Quercus velutina","First_Yes_DOY Open flowers","111","DOY",NA,"Phenology Network","Year = 2017, 2017 | Site Name = Oak Collection | Individual ID = 132855"
"Quercus velutina","Last_Yes_DOY Open flowers","137","DOY",NA,"Phenology Network","Year = 2017, 2017 | Site Name = Oak Collection | Individual ID = 132855"
"Quercus velutina","First_Yes_DOY Pollen release (flowers)","111","DOY",NA,"Phenology Network","Year = 2017, 2017 | Site Name = Oak Collection | Individual ID = 132855"
"Quercus velutina","Last_Yes_DOY Pollen release (flowers)","132","DOY",NA,"Phenology Network","Year = 2017, 2017 | Site Name = Oak Collection | Individual ID = 132855"
"Quercus alba","First_Yes_DOY Flowers or flower buds","111","DOY",NA,"Phenology Network","Year = 2017, 2017 | Site Name = Oak Collection | Individual ID = 132856"
"Quercus alba","Last_Yes_DOY Flowers or flower buds","152","DOY",NA,"Phenology Network","Year = 2017, 2017 | Site Name = Oak Collection | Individual ID = 132856"
"Quercus alba","First_Yes_DOY Open flowers","111","DOY",NA,"Phenology Network","Year = 2017, 2017 | Site Name = Oak Collection | Individual ID = 132856"
"Quercus alba","Last_Yes_DOY Open flowers","152","DOY",NA,"Phenology Network","Year = 2017, 2017 | Site Name = Oak Collection | Individual ID = 132856"
"Quercus alba","First_Yes_DOY Pollen release (flowers)","111","DOY",NA,"Phenology Network","Year = 2017, 2017 | Site Name = Oak Collection | Individual ID = 132856"
"Quercus alba","Last_Yes_DOY Pollen release (flowers)","137","DOY",NA,"Phenology Network","Year = 2017, 2017 | Site Name = Oak Collection | Individual ID = 132856"
"Quercus velutina","First_Yes_DOY Flowers or flower buds","111","DOY",NA,"Phenology Network","Year = 2017, 2017 | Site Name = Oak Collection | Individual ID = 132857"
"Quercus velutina","Last_Yes_DOY Flowers or flower buds","160","DOY",NA,"Phenology Network","Year = 2017, 2017 | Site Name = Oak Collection | Individual ID = 132857"
"Quercus velutina","First_Yes_DOY Open flowers","111","DOY",NA,"Phenology Network","Year = 2017, 2017 | Site Name = Oak Collection | Individual ID = 132857"
"Quercus velutina","Last_Yes_DOY Open flowers","160","DOY",NA,"Phenology Network","Year = 2017, 2017 | Site Name = Oak Collection | Individual ID = 132857"
"Quercus velutina","First_Yes_DOY Pollen release (flowers)","111","DOY",NA,"Phenology Network","Year = 2017, 2017 | Site Name = Oak Collection | Individual ID = 132857"
"Quercus velutina","Last_Yes_DOY Pollen release (flowers)","132","DOY",NA,"Phenology Network","Year = 2017, 2017 | Site Name = Oak Collection | Individual ID = 132857"
"Quercus alba","First_Yes_DOY Flowers or flower buds","111","DOY",NA,"Phenology Network","Year = 2017, 2017 | Site Name = Oak Collection | Individual ID = 132858"
"Quercus alba","Last_Yes_DOY Flowers or flower buds","137","DOY",NA,"Phenology Network","Year = 2017, 2017 | Site Name = Oak Collection | Individual ID = 132858"
"Quercus alba","First_Yes_DOY Open flowers","111","DOY",NA,"Phenology Network","Year = 2017, 2017 | Site Name = Oak Collection | Individual ID = 132858"
"Quercus alba","Last_Yes_DOY Open flowers","137","DOY",NA,"Phenology Network","Year = 2017, 2017 | Site Name = Oak Collection | Individual ID = 132858"
"Quercus alba","First_Yes_DOY Pollen release (flowers)","111","DOY",NA,"Phenology Network","Year = 2017, 2017 | Site Name = Oak Collection | Individual ID = 132858"
"Quercus alba","Last_Yes_DOY Pollen release (flowers)","137","DOY",NA,"Phenology Network","Year = 2017, 2017 | Site Name = Oak Collection | Individual ID = 132858"
"Quercus alba","First_Yes_DOY Flowers or flower buds","128","DOY",NA,"Phenology Network","Year = 2017, 2017 | Site Name = Oak Collection | Individual ID = 132860"
"Quercus alba","Last_Yes_DOY Flowers or flower buds","142","DOY",NA,"Phenology Network","Year = 2017, 2017 | Site Name = Oak Collection | Individual ID = 132860"
"Quercus alba","First_Yes_DOY Open flowers","128","DOY",NA,"Phenology Network","Year = 2017, 2017 | Site Name = Oak Collection | Individual ID = 132860"
"Quercus alba","Last_Yes_DOY Open flowers","142","DOY",NA,"Phenology Network","Year = 2017, 2017 | Site Name = Oak Collection | Individual ID = 132860"
"Quercus imbricaria","First_Yes_DOY Flowers or flower buds","111","DOY",NA,"Phenology Network","Year = 2017, 2017 | Site Name = Oak Collection | Individual ID = 132867"
"Quercus imbricaria","Last_Yes_DOY Flowers or flower buds","142","DOY",NA,"Phenology Network","Year = 2017, 2017 | Site Name = Oak Collection | Individual ID = 132867"
"Quercus imbricaria","First_Yes_DOY Flowers or flower buds","163","DOY",NA,"Phenology Network","Year = 2017, 2017 | Site Name = Oak Collection | Individual ID = 132867"
"Quercus imbricaria","Last_Yes_DOY Flowers or flower buds","163","DOY",NA,"Phenology Network","Year = 2017, 2017 | Site Name = Oak Collection | Individual ID = 132867"
"Quercus imbricaria","First_Yes_DOY Open flowers","111","DOY",NA,"Phenology Network","Year = 2017, 2017 | Site Name = Oak Collection | Individual ID = 132867"
"Quercus imbricaria","Last_Yes_DOY Open flowers","142","DOY",NA,"Phenology Network","Year = 2017, 2017 | Site Name = Oak Collection | Individual ID = 132867"
"Quercus imbricaria","First_Yes_DOY Open flowers","163","DOY",NA,"Phenology Network","Year = 2017, 2017 | Site Name = Oak Collection | Individual ID = 132867"
"Quercus imbricaria","Last_Yes_DOY Open flowers","163","DOY",NA,"Phenology Network","Year = 2017, 2017 | Site Name = Oak Collection | Individual ID = 132867"
"Quercus imbricaria","First_Yes_DOY Pollen release (flowers)","111","DOY",NA,"Phenology Network","Year = 2017, 2017 | Site Name = Oak Collection | Individual ID = 132867"
"Quercus imbricaria","Last_Yes_DOY Pollen release (flowers)","111","DOY",NA,"Phenology Network","Year = 2017, 2017 | Site Name = Oak Collection | Individual ID = 132867"
"Quercus imbricaria","First_Yes_DOY Pollen release (flowers)","163","DOY",NA,"Phenology Network","Year = 2017, 2017 | Site Name = Oak Collection | Individual ID = 132867"
"Quercus imbricaria","Last_Yes_DOY Pollen release (flowers)","163","DOY",NA,"Phenology Network","Year = 2017, 2017 | Site Name = Oak Collection | Individual ID = 132867"
"Quercus imbricaria","First_Yes_DOY Flowers or flower buds","75","DOY",NA,"Phenology Network","Year = 2017, 2017 | Site Name = Oak Collection | Individual ID = 132868"
"Quercus imbricaria","Last_Yes_DOY Flowers or flower buds","75","DOY",NA,"Phenology Network","Year = 2017, 2017 | Site Name = Oak Collection | Individual ID = 132868"
"Quercus imbricaria","First_Yes_DOY Flowers or flower buds","111","DOY",NA,"Phenology Network","Year = 2017, 2017 | Site Name = Oak Collection | Individual ID = 132868"
"Quercus imbricaria","Last_Yes_DOY Flowers or flower buds","142","DOY",NA,"Phenology Network","Year = 2017, 2017 | Site Name = Oak Collection | Individual ID = 132868"
"Quercus imbricaria","First_Yes_DOY Open flowers","75","DOY",NA,"Phenology Network","Year = 2017, 2017 | Site Name = Oak Collection | Individual ID = 132868"
"Quercus imbricaria","Last_Yes_DOY Open flowers","75","DOY",NA,"Phenology Network","Year = 2017, 2017 | Site Name = Oak Collection | Individual ID = 132868"
"Quercus imbricaria","First_Yes_DOY Open flowers","111","DOY",NA,"Phenology Network","Year = 2017, 2017 | Site Name = Oak Collection | Individual ID = 132868"
"Quercus imbricaria","Last_Yes_DOY Open flowers","142","DOY",NA,"Phenology Network","Year = 2017, 2017 | Site Name = Oak Collection | Individual ID = 132868"
"Quercus imbricaria","First_Yes_DOY Pollen release (flowers)","111","DOY",NA,"Phenology Network","Year = 2017, 2017 | Site Name = Oak Collection | Individual ID = 132868"
"Quercus imbricaria","Last_Yes_DOY Pollen release (flowers)","135","DOY",NA,"Phenology Network","Year = 2017, 2017 | Site Name = Oak Collection | Individual ID = 132868"
"Quercus rubra","First_Yes_DOY Flowers or flower buds","86","DOY",NA,"Phenology Network","Year = 2017, 2017 | Site Name = Oak Collection | Individual ID = 132872"
"Quercus rubra","Last_Yes_DOY Flowers or flower buds","142","DOY",NA,"Phenology Network","Year = 2017, 2017 | Site Name = Oak Collection | Individual ID = 132872"
"Quercus rubra","First_Yes_DOY Open flowers","86","DOY",NA,"Phenology Network","Year = 2017, 2017 | Site Name = Oak Collection | Individual ID = 132872"
"Quercus rubra","Last_Yes_DOY Open flowers","142","DOY",NA,"Phenology Network","Year = 2017, 2017 | Site Name = Oak Collection | Individual ID = 132872"
"Quercus palustris","First_Yes_DOY Flowers or flower buds","75","DOY",NA,"Phenology Network","Year = 2017, 2017 | Site Name = Oak Collection | Individual ID = 132873"
"Quercus palustris","Last_Yes_DOY Flowers or flower buds","75","DOY",NA,"Phenology Network","Year = 2017, 2017 | Site Name = Oak Collection | Individual ID = 132873"
"Quercus palustris","First_Yes_DOY Flowers or flower buds","114","DOY",NA,"Phenology Network","Year = 2017, 2017 | Site Name = Oak Collection | Individual ID = 132873"
"Quercus palustris","Last_Yes_DOY Flowers or flower buds","135","DOY",NA,"Phenology Network","Year = 2017, 2017 | Site Name = Oak Collection | Individual ID = 132873"
"Quercus palustris","First_Yes_DOY Open flowers","75","DOY",NA,"Phenology Network","Year = 2017, 2017 | Site Name = Oak Collection | Individual ID = 132873"
"Quercus palustris","Last_Yes_DOY Open flowers","75","DOY",NA,"Phenology Network","Year = 2017, 2017 | Site Name = Oak Collection | Individual ID = 132873"
"Quercus palustris","First_Yes_DOY Open flowers","114","DOY",NA,"Phenology Network","Year = 2017, 2017 | Site Name = Oak Collection | Individual ID = 132873"
"Quercus palustris","Last_Yes_DOY Open flowers","135","DOY",NA,"Phenology Network","Year = 2017, 2017 | Site Name = Oak Collection | Individual ID = 132873"
"Quercus palustris","First_Yes_DOY Flowers or flower buds","68","DOY",NA,"Phenology Network","Year = 2017, 2017 | Site Name = Oak Collection | Individual ID = 132874"
"Quercus palustris","Last_Yes_DOY Flowers or flower buds","75","DOY",NA,"Phenology Network","Year = 2017, 2017 | Site Name = Oak Collection | Individual ID = 132874"
"Quercus palustris","First_Yes_DOY Flowers or flower buds","107","DOY",NA,"Phenology Network","Year = 2017, 2017 | Site Name = Oak Collection | Individual ID = 132874"
"Quercus palustris","Last_Yes_DOY Flowers or flower buds","135","DOY",NA,"Phenology Network","Year = 2017, 2017 | Site Name = Oak Collection | Individual ID = 132874"
"Quercus palustris","First_Yes_DOY Open flowers","68","DOY",NA,"Phenology Network","Year = 2017, 2017 | Site Name = Oak Collection | Individual ID = 132874"
"Quercus palustris","Last_Yes_DOY Open flowers","75","DOY",NA,"Phenology Network","Year = 2017, 2017 | Site Name = Oak Collection | Individual ID = 132874"
"Quercus palustris","First_Yes_DOY Open flowers","107","DOY",NA,"Phenology Network","Year = 2017, 2017 | Site Name = Oak Collection | Individual ID = 132874"
"Quercus palustris","Last_Yes_DOY Open flowers","135","DOY",NA,"Phenology Network","Year = 2017, 2017 | Site Name = Oak Collection | Individual ID = 132874"
"Quercus imbricaria","First_Yes_DOY Flowers or flower buds","107","DOY",NA,"Phenology Network","Year = 2017, 2017 | Site Name = Oak Collection | Individual ID = 132879"
"Quercus imbricaria","Last_Yes_DOY Flowers or flower buds","107","DOY",NA,"Phenology Network","Year = 2017, 2017 | Site Name = Oak Collection | Individual ID = 132879"
"Quercus imbricaria","First_Yes_DOY Open flowers","107","DOY",NA,"Phenology Network","Year = 2017, 2017 | Site Name = Oak Collection | Individual ID = 132879"
"Quercus imbricaria","Last_Yes_DOY Open flowers","107","DOY",NA,"Phenology Network","Year = 2017, 2017 | Site Name = Oak Collection | Individual ID = 132879"
"Quercus palustris","First_Yes_DOY Flowers or flower buds","75","DOY",NA,"Phenology Network","Year = 2017, 2017 | Site Name = Oak Collection | Individual ID = 132880"
"Quercus palustris","Last_Yes_DOY Flowers or flower buds","75","DOY",NA,"Phenology Network","Year = 2017, 2017 | Site Name = Oak Collection | Individual ID = 132880"
"Quercus palustris","First_Yes_DOY Flowers or flower buds","114","DOY",NA,"Phenology Network","Year = 2017, 2017 | Site Name = Oak Collection | Individual ID = 132880"
"Quercus palustris","Last_Yes_DOY Flowers or flower buds","135","DOY",NA,"Phenology Network","Year = 2017, 2017 | Site Name = Oak Collection | Individual ID = 132880"
"Quercus palustris","First_Yes_DOY Open flowers","75","DOY",NA,"Phenology Network","Year = 2017, 2017 | Site Name = Oak Collection | Individual ID = 132880"
"Quercus palustris","Last_Yes_DOY Open flowers","75","DOY",NA,"Phenology Network","Year = 2017, 2017 | Site Name = Oak Collection | Individual ID = 132880"
"Quercus palustris","First_Yes_DOY Open flowers","114","DOY",NA,"Phenology Network","Year = 2017, 2017 | Site Name = Oak Collection | Individual ID = 132880"
"Quercus palustris","Last_Yes_DOY Open flowers","135","DOY",NA,"Phenology Network","Year = 2017, 2017 | Site Name = Oak Collection | Individual ID = 132880"
"Ulmus americana","First_Yes_DOY Flowers or flower buds","104","DOY",NA,"Phenology Network","Year = 2017, 2017 | Site Name = Alamo | Individual ID = 132918"
"Ulmus americana","Last_Yes_DOY Flowers or flower buds","107","DOY",NA,"Phenology Network","Year = 2017, 2017 | Site Name = Alamo | Individual ID = 132918"
"Ulmus americana","First_Yes_DOY Open flowers","95","DOY",NA,"Phenology Network","Year = 2017, 2017 | Site Name = Alamo | Individual ID = 132918"
"Ulmus americana","Last_Yes_DOY Open flowers","107","DOY",NA,"Phenology Network","Year = 2017, 2017 | Site Name = Alamo | Individual ID = 132918"
"Ulmus americana","First_Yes_DOY Pollen release (flowers)","96","DOY",NA,"Phenology Network","Year = 2017, 2017 | Site Name = Alamo | Individual ID = 132918"
"Ulmus americana","Last_Yes_DOY Pollen release (flowers)","107","DOY",NA,"Phenology Network","Year = 2017, 2017 | Site Name = Alamo | Individual ID = 132918"
"Quercus rubra","First_Yes_DOY Flowers or flower buds","130","DOY",NA,"Phenology Network","Year = 2017, 2017 | Site Name = My Backyard | Individual ID = 132921"
"Quercus rubra","Last_Yes_DOY Flowers or flower buds","130","DOY",NA,"Phenology Network","Year = 2017, 2017 | Site Name = My Backyard | Individual ID = 132921"
"Quercus rubra","First_Yes_DOY Open flowers","130","DOY",NA,"Phenology Network","Year = 2017, 2017 | Site Name = My Backyard | Individual ID = 132921"
"Quercus rubra","Last_Yes_DOY Open flowers","130","DOY",NA,"Phenology Network","Year = 2017, 2017 | Site Name = My Backyard | Individual ID = 132921"
"Populus tremuloides","First_Yes_DOY Flowers or flower buds","95","DOY",NA,"Phenology Network","Year = 2017, 2017 | Site Name = Alamo | Individual ID = 133662"
"Populus tremuloides","Last_Yes_DOY Flowers or flower buds","107","DOY",NA,"Phenology Network","Year = 2017, 2017 | Site Name = Alamo | Individual ID = 133662"
"Populus tremuloides","First_Yes_DOY Open flowers","95","DOY",NA,"Phenology Network","Year = 2017, 2017 | Site Name = Alamo | Individual ID = 133662"
"Populus tremuloides","Last_Yes_DOY Open flowers","107","DOY",NA,"Phenology Network","Year = 2017, 2017 | Site Name = Alamo | Individual ID = 133662"
"Populus tremuloides","First_Yes_DOY Pollen release (flowers)","96","DOY",NA,"Phenology Network","Year = 2017, 2017 | Site Name = Alamo | Individual ID = 133662"
"Populus tremuloides","Last_Yes_DOY Pollen release (flowers)","107","DOY",NA,"Phenology Network","Year = 2017, 2017 | Site Name = Alamo | Individual ID = 133662"
"Acer rubrum","First_Yes_DOY Flowers or flower buds","106","DOY",NA,"Phenology Network","Year = 2017, 2017 | Site Name = Pitcher Pond | Individual ID = 133853"
"Acer rubrum","Last_Yes_DOY Flowers or flower buds","133","DOY",NA,"Phenology Network","Year = 2017, 2017 | Site Name = Pitcher Pond | Individual ID = 133853"
"Acer rubrum","First_Yes_DOY Open flowers","106","DOY",NA,"Phenology Network","Year = 2017, 2017 | Site Name = Pitcher Pond | Individual ID = 133853"
"Acer rubrum","Last_Yes_DOY Open flowers","133","DOY",NA,"Phenology Network","Year = 2017, 2017 | Site Name = Pitcher Pond | Individual ID = 133853"
"Populus balsamifera","First_Yes_DOY Flowers or flower buds","113","DOY",NA,"Phenology Network","Year = 2017, 2017 | Site Name = Home | Individual ID = 134721"
"Populus balsamifera","Last_Yes_DOY Flowers or flower buds","120","DOY",NA,"Phenology Network","Year = 2017, 2017 | Site Name = Home | Individual ID = 134721"
"Populus balsamifera","First_Yes_DOY Open flowers","120","DOY",NA,"Phenology Network","Year = 2017, 2017 | Site Name = Home | Individual ID = 134721"
"Populus balsamifera","Last_Yes_DOY Open flowers","120","DOY",NA,"Phenology Network","Year = 2017, 2017 | Site Name = Home | Individual ID = 134721"
"Populus grandidentata","First_Yes_DOY Flowers or flower buds","101","DOY",NA,"Phenology Network","Year = 2017, 2017 | Site Name = Home | Individual ID = 134722"
"Populus grandidentata","Last_Yes_DOY Flowers or flower buds","119","DOY",NA,"Phenology Network","Year = 2017, 2017 | Site Name = Home | Individual ID = 134722"
"Populus grandidentata","First_Yes_DOY Open flowers","113","DOY",NA,"Phenology Network","Year = 2017, 2017 | Site Name = Home | Individual ID = 134722"
"Populus grandidentata","Last_Yes_DOY Open flowers","113","DOY",NA,"Phenology Network","Year = 2017, 2017 | Site Name = Home | Individual ID = 134722"
"Populus grandidentata","First_Yes_DOY Pollen release (flowers)","113","DOY",NA,"Phenology Network","Year = 2017, 2017 | Site Name = Home | Individual ID = 134722"
"Populus grandidentata","Last_Yes_DOY Pollen release (flowers)","113","DOY",NA,"Phenology Network","Year = 2017, 2017 | Site Name = Home | Individual ID = 134722"
"Acer negundo","First_Yes_DOY Flowers or flower buds","107","DOY",NA,"Phenology Network","Year = 2017, 2017 | Site Name = north loop | Individual ID = 135315"
"Acer negundo","Last_Yes_DOY Flowers or flower buds","137","DOY",NA,"Phenology Network","Year = 2017, 2017 | Site Name = north loop | Individual ID = 135315"
"Acer negundo","First_Yes_DOY Open flowers","107","DOY",NA,"Phenology Network","Year = 2017, 2017 | Site Name = north loop | Individual ID = 135315"
"Acer negundo","Last_Yes_DOY Open flowers","137","DOY",NA,"Phenology Network","Year = 2017, 2017 | Site Name = north loop | Individual ID = 135315"
"Ulmus americana","First_Yes_DOY Flowers or flower buds","107","DOY",NA,"Phenology Network","Year = 2017, 2017 | Site Name = north loop | Individual ID = 135317"
"Ulmus americana","Last_Yes_DOY Flowers or flower buds","114","DOY",NA,"Phenology Network","Year = 2017, 2017 | Site Name = north loop | Individual ID = 135317"
"Ulmus americana","First_Yes_DOY Open flowers","107","DOY",NA,"Phenology Network","Year = 2017, 2017 | Site Name = north loop | Individual ID = 135317"
"Ulmus americana","Last_Yes_DOY Open flowers","114","DOY",NA,"Phenology Network","Year = 2017, 2017 | Site Name = north loop | Individual ID = 135317"
"Acer negundo","First_Yes_DOY Flowers or flower buds","75","DOY",NA,"Phenology Network","Year = 2017, 2017 | Site Name = Olivia A and Rylee W | Individual ID = 135386"
"Acer negundo","Last_Yes_DOY Flowers or flower buds","86","DOY",NA,"Phenology Network","Year = 2017, 2017 | Site Name = Olivia A and Rylee W | Individual ID = 135386"
"Acer negundo","First_Yes_DOY Flowers or flower buds","112","DOY",NA,"Phenology Network","Year = 2017, 2017 | Site Name = DreamAcres | Individual ID = 135526"
"Acer negundo","Last_Yes_DOY Flowers or flower buds","112","DOY",NA,"Phenology Network","Year = 2017, 2017 | Site Name = DreamAcres | Individual ID = 135526"
"Acer negundo","First_Yes_DOY Open flowers","112","DOY",NA,"Phenology Network","Year = 2017, 2017 | Site Name = DreamAcres | Individual ID = 135526"
"Acer negundo","Last_Yes_DOY Open flowers","112","DOY",NA,"Phenology Network","Year = 2017, 2017 | Site Name = DreamAcres | Individual ID = 135526"
"Acer saccharinum","First_Yes_DOY Flowers or flower buds","119","DOY",NA,"Phenology Network","Year = 2017, 2017 | Site Name = Our Home | Individual ID = 135802"
"Acer saccharinum","Last_Yes_DOY Flowers or flower buds","119","DOY",NA,"Phenology Network","Year = 2017, 2017 | Site Name = Our Home | Individual ID = 135802"
"Acer saccharinum","First_Yes_DOY Open flowers","119","DOY",NA,"Phenology Network","Year = 2017, 2017 | Site Name = Our Home | Individual ID = 135802"
"Acer saccharinum","Last_Yes_DOY Open flowers","119","DOY",NA,"Phenology Network","Year = 2017, 2017 | Site Name = Our Home | Individual ID = 135802"
"Acer saccharinum","First_Yes_DOY Pollen release (flowers)","119","DOY",NA,"Phenology Network","Year = 2017, 2017 | Site Name = Our Home | Individual ID = 135802"
"Acer saccharinum","Last_Yes_DOY Pollen release (flowers)","143","DOY",NA,"Phenology Network","Year = 2017, 2017 | Site Name = Our Home | Individual ID = 135802"
"Tilia americana","First_Yes_DOY Flowers or flower buds","163","DOY",NA,"Phenology Network","Year = 2017, 2017 | Site Name = north loop | Individual ID = 138584"
"Tilia americana","Last_Yes_DOY Flowers or flower buds","199","DOY",NA,"Phenology Network","Year = 2017, 2017 | Site Name = north loop | Individual ID = 138584"
"Tilia americana","First_Yes_DOY Open flowers","199","DOY",NA,"Phenology Network","Year = 2017, 2017 | Site Name = north loop | Individual ID = 138584"
"Tilia americana","Last_Yes_DOY Open flowers","199","DOY",NA,"Phenology Network","Year = 2017, 2017 | Site Name = north loop | Individual ID = 138584"
"Quercus virginiana","First_Yes_DOY Flowers or flower buds","283","DOY",NA,"Phenology Network","Year = 2017, 2017 | Site Name = Gillespie Museum | Individual ID = 144365"
"Quercus virginiana","Last_Yes_DOY Flowers or flower buds","309","DOY",NA,"Phenology Network","Year = 2017, 2017 | Site Name = Gillespie Museum | Individual ID = 144365"
"Fraxinus pennsylvanica","First_Yes_DOY Flowers or flower buds","258","DOY",NA,"Phenology Network","Year = 2017, 2017 | Site Name = Dassel- Cokato Middle School | Individual ID = 145519"
"Fraxinus pennsylvanica","Last_Yes_DOY Flowers or flower buds","258","DOY",NA,"Phenology Network","Year = 2017, 2017 | Site Name = Dassel- Cokato Middle School | Individual ID = 145519"
"Fraxinus pennsylvanica","First_Yes_DOY Pollen release (flowers)","258","DOY",NA,"Phenology Network","Year = 2017, 2017 | Site Name = Dassel- Cokato Middle School | Individual ID = 145519"
"Fraxinus pennsylvanica","Last_Yes_DOY Pollen release (flowers)","258","DOY",NA,"Phenology Network","Year = 2017, 2017 | Site Name = Dassel- Cokato Middle School | Individual ID = 145519"
"Fraxinus pennsylvanica","First_Yes_DOY Flowers or flower buds","153","DOY",NA,"Phenology Network","Year = 2017, 2017 | Site Name = Bagley - Rock Pond Trail | Individual ID = 188657"
"Fraxinus pennsylvanica","Last_Yes_DOY Flowers or flower buds","153","DOY",NA,"Phenology Network","Year = 2017, 2017 | Site Name = Bagley - Rock Pond Trail | Individual ID = 188657"
"Acer rubrum","First_Yes_DOY Open flowers","107","DOY",NA,"Phenology Network","Year = 2017, 2017 | Site Name = STEI_064.phenology.phe - primary | Individual ID = 354724"
"Acer rubrum","Last_Yes_DOY Open flowers","117","DOY",NA,"Phenology Network","Year = 2017, 2017 | Site Name = STEI_064.phenology.phe - primary | Individual ID = 354724"
"Acer rubrum","First_Yes_DOY Open flowers","107","DOY",NA,"Phenology Network","Year = 2017, 2017 | Site Name = STEI_064.phenology.phe - primary | Individual ID = 354725"
"Acer rubrum","Last_Yes_DOY Open flowers","118","DOY",NA,"Phenology Network","Year = 2017, 2017 | Site Name = STEI_064.phenology.phe - primary | Individual ID = 354725"
"Acer rubrum","First_Yes_DOY Open flowers","107","DOY",NA,"Phenology Network","Year = 2017, 2017 | Site Name = STEI_064.phenology.phe - primary | Individual ID = 354726"
"Acer rubrum","Last_Yes_DOY Open flowers","107","DOY",NA,"Phenology Network","Year = 2017, 2017 | Site Name = STEI_064.phenology.phe - primary | Individual ID = 354726"
"Acer rubrum","First_Yes_DOY Open flowers","107","DOY",NA,"Phenology Network","Year = 2017, 2017 | Site Name = STEI_064.phenology.phe - primary | Individual ID = 354730"
"Acer rubrum","Last_Yes_DOY Open flowers","121","DOY",NA,"Phenology Network","Year = 2017, 2017 | Site Name = STEI_064.phenology.phe - primary | Individual ID = 354730"
"Acer rubrum","First_Yes_DOY Open flowers","102","DOY",NA,"Phenology Network","Year = 2017, 2017 | Site Name = STEI_064.phenology.phe - primary | Individual ID = 354732"
"Acer rubrum","Last_Yes_DOY Open flowers","121","DOY",NA,"Phenology Network","Year = 2017, 2017 | Site Name = STEI_064.phenology.phe - primary | Individual ID = 354732"
"Acer rubrum","First_Yes_DOY Open flowers","107","DOY",NA,"Phenology Network","Year = 2017, 2017 | Site Name = STEI_064.phenology.phe - primary | Individual ID = 354734"
"Acer rubrum","Last_Yes_DOY Open flowers","121","DOY",NA,"Phenology Network","Year = 2017, 2017 | Site Name = STEI_064.phenology.phe - primary | Individual ID = 354734"
"Acer rubrum","First_Yes_DOY Open flowers","102","DOY",NA,"Phenology Network","Year = 2017, 2017 | Site Name = STEI_064.phenology.phe - primary | Individual ID = 354735"
"Acer rubrum","Last_Yes_DOY Open flowers","121","DOY",NA,"Phenology Network","Year = 2017, 2017 | Site Name = STEI_064.phenology.phe - primary | Individual ID = 354735"
"Acer rubrum","First_Yes_DOY Open flowers","114","DOY",NA,"Phenology Network","Year = 2017, 2017 | Site Name = STEI_064.phenology.phe - primary | Individual ID = 354737"
"Acer rubrum","Last_Yes_DOY Open flowers","118","DOY",NA,"Phenology Network","Year = 2017, 2017 | Site Name = STEI_064.phenology.phe - primary | Individual ID = 354737"
"Acer rubrum","First_Yes_DOY Open flowers","102","DOY",NA,"Phenology Network","Year = 2017, 2017 | Site Name = STEI_064.phenology.phe - primary | Individual ID = 354744"
"Acer rubrum","Last_Yes_DOY Open flowers","117","DOY",NA,"Phenology Network","Year = 2017, 2017 | Site Name = STEI_064.phenology.phe - primary | Individual ID = 354744"
"Acer rubrum","First_Yes_DOY Open flowers","102","DOY",NA,"Phenology Network","Year = 2017, 2017 | Site Name = STEI_064.phenology.phe - primary | Individual ID = 354745"
"Acer rubrum","Last_Yes_DOY Open flowers","121","DOY",NA,"Phenology Network","Year = 2017, 2017 | Site Name = STEI_064.phenology.phe - primary | Individual ID = 354745"
"Acer rubrum","First_Yes_DOY Open flowers","102","DOY",NA,"Phenology Network","Year = 2017, 2017 | Site Name = STEI_064.phenology.phe - primary | Individual ID = 354746"
"Acer rubrum","Last_Yes_DOY Open flowers","121","DOY",NA,"Phenology Network","Year = 2017, 2017 | Site Name = STEI_064.phenology.phe - primary | Individual ID = 354746"
"Acer rubrum","First_Yes_DOY Open flowers","107","DOY",NA,"Phenology Network","Year = 2017, 2017 | Site Name = STEI_064.phenology.phe - primary | Individual ID = 354747"
"Acer rubrum","Last_Yes_DOY Open flowers","118","DOY",NA,"Phenology Network","Year = 2017, 2017 | Site Name = STEI_064.phenology.phe - primary | Individual ID = 354747"
"Acer rubrum","First_Yes_DOY Open flowers","107","DOY",NA,"Phenology Network","Year = 2017, 2017 | Site Name = STEI_064.phenology.phe - primary | Individual ID = 354748"
"Acer rubrum","Last_Yes_DOY Open flowers","107","DOY",NA,"Phenology Network","Year = 2017, 2017 | Site Name = STEI_064.phenology.phe - primary | Individual ID = 354748"
"Acer rubrum","First_Yes_DOY Open flowers","107","DOY",NA,"Phenology Network","Year = 2017, 2017 | Site Name = STEI_064.phenology.phe - primary | Individual ID = 354749"
"Acer rubrum","Last_Yes_DOY Open flowers","118","DOY",NA,"Phenology Network","Year = 2017, 2017 | Site Name = STEI_064.phenology.phe - primary | Individual ID = 354749"
"Acer rubrum","First_Yes_DOY Open flowers","102","DOY",NA,"Phenology Network","Year = 2017, 2017 | Site Name = STEI_064.phenology.phe - primary | Individual ID = 354751"
"Acer rubrum","Last_Yes_DOY Open flowers","118","DOY",NA,"Phenology Network","Year = 2017, 2017 | Site Name = STEI_064.phenology.phe - primary | Individual ID = 354751"
"Acer rubrum","First_Yes_DOY Open flowers","114","DOY",NA,"Phenology Network","Year = 2017, 2017 | Site Name = STEI_064.phenology.phe - primary | Individual ID = 354752"
"Acer rubrum","Last_Yes_DOY Open flowers","116","DOY",NA,"Phenology Network","Year = 2017, 2017 | Site Name = STEI_064.phenology.phe - primary | Individual ID = 354752"
"Acer rubrum","First_Yes_DOY Open flowers","229","DOY",NA,"Phenology Network","Year = 2017, 2017 | Site Name = STEI_064.phenology.phe - primary | Individual ID = 354752"
"Acer rubrum","Last_Yes_DOY Open flowers","229","DOY",NA,"Phenology Network","Year = 2017, 2017 | Site Name = STEI_064.phenology.phe - primary | Individual ID = 354752"
"Acer rubrum","First_Yes_DOY Open flowers","102","DOY",NA,"Phenology Network","Year = 2017, 2017 | Site Name = STEI_064.phenology.phe - primary | Individual ID = 354753"
"Acer rubrum","Last_Yes_DOY Open flowers","107","DOY",NA,"Phenology Network","Year = 2017, 2017 | Site Name = STEI_064.phenology.phe - primary | Individual ID = 354753"
"Acer rubrum","First_Yes_DOY Open flowers","128","DOY",NA,"Phenology Network","Year = 2017, 2017 | Site Name = STEI_064.phenology.phe - primary | Individual ID = 354754"
"Acer rubrum","Last_Yes_DOY Open flowers","132","DOY",NA,"Phenology Network","Year = 2017, 2017 | Site Name = STEI_064.phenology.phe - primary | Individual ID = 354754"
"Acer rubrum","First_Yes_DOY Open flowers","102","DOY",NA,"Phenology Network","Year = 2017, 2017 | Site Name = STEI_064.phenology.phe - primary | Individual ID = 354756"
"Acer rubrum","Last_Yes_DOY Open flowers","121","DOY",NA,"Phenology Network","Year = 2017, 2017 | Site Name = STEI_064.phenology.phe - primary | Individual ID = 354756"
"Acer rubrum","First_Yes_DOY Open flowers","102","DOY",NA,"Phenology Network","Year = 2017, 2017 | Site Name = STEI_064.phenology.phe - primary | Individual ID = 354757"
"Acer rubrum","Last_Yes_DOY Open flowers","114","DOY",NA,"Phenology Network","Year = 2017, 2017 | Site Name = STEI_064.phenology.phe - primary | Individual ID = 354757"
"Acer rubrum","First_Yes_DOY Open flowers","117","DOY",NA,"Phenology Network","Year = 2017, 2017 | Site Name = STEI_064.phenology.phe - primary | Individual ID = 354757"
"Acer rubrum","Last_Yes_DOY Open flowers","117","DOY",NA,"Phenology Network","Year = 2017, 2017 | Site Name = STEI_064.phenology.phe - primary | Individual ID = 354757"
"Populus tremuloides","First_Yes_DOY Open flowers","94","DOY",NA,"Phenology Network","Year = 2017, 2017 | Site Name = STEI_064.phenology.phe - primary | Individual ID = 354759"
"Populus tremuloides","Last_Yes_DOY Open flowers","102","DOY",NA,"Phenology Network","Year = 2017, 2017 | Site Name = STEI_064.phenology.phe - primary | Individual ID = 354759"
"Acer rubrum","First_Yes_DOY Open flowers","107","DOY",NA,"Phenology Network","Year = 2017, 2017 | Site Name = STEI_064.phenology.phe - primary | Individual ID = 354763"
"Acer rubrum","Last_Yes_DOY Open flowers","121","DOY",NA,"Phenology Network","Year = 2017, 2017 | Site Name = STEI_064.phenology.phe - primary | Individual ID = 354763"
"Acer rubrum","First_Yes_DOY Open flowers","102","DOY",NA,"Phenology Network","Year = 2017, 2017 | Site Name = STEI_064.phenology.phe - primary | Individual ID = 354777"
"Acer rubrum","Last_Yes_DOY Open flowers","118","DOY",NA,"Phenology Network","Year = 2017, 2017 | Site Name = STEI_064.phenology.phe - primary | Individual ID = 354777"
"Acer rubrum","First_Yes_DOY Open flowers","107","DOY",NA,"Phenology Network","Year = 2017, 2017 | Site Name = STEI_064.phenology.phe - primary | Individual ID = 354793"
"Acer rubrum","Last_Yes_DOY Open flowers","117","DOY",NA,"Phenology Network","Year = 2017, 2017 | Site Name = STEI_064.phenology.phe - primary | Individual ID = 354793"
"Acer rubrum","First_Yes_DOY Open flowers","102","DOY",NA,"Phenology Network","Year = 2017, 2017 | Site Name = STEI_064.phenology.phe - primary | Individual ID = 354800"
"Acer rubrum","Last_Yes_DOY Open flowers","117","DOY",NA,"Phenology Network","Year = 2017, 2017 | Site Name = STEI_064.phenology.phe - primary | Individual ID = 354800"
"Acer rubrum","First_Yes_DOY Open flowers","102","DOY",NA,"Phenology Network","Year = 2017, 2017 | Site Name = STEI_064.phenology.phe - primary | Individual ID = 354808"
"Acer rubrum","Last_Yes_DOY Open flowers","121","DOY",NA,"Phenology Network","Year = 2017, 2017 | Site Name = STEI_064.phenology.phe - primary | Individual ID = 354808"
"Acer rubrum","First_Yes_DOY Open flowers","102","DOY",NA,"Phenology Network","Year = 2017, 2017 | Site Name = TREE_058.phenology.phe - primary | Individual ID = 354823"
"Acer rubrum","Last_Yes_DOY Open flowers","114","DOY",NA,"Phenology Network","Year = 2017, 2017 | Site Name = TREE_058.phenology.phe - primary | Individual ID = 354823"
"Acer rubrum","First_Yes_DOY Open flowers","130","DOY",NA,"Phenology Network","Year = 2017, 2017 | Site Name = TREE_058.phenology.phe - primary | Individual ID = 354823"
"Acer rubrum","Last_Yes_DOY Open flowers","130","DOY",NA,"Phenology Network","Year = 2017, 2017 | Site Name = TREE_058.phenology.phe - primary | Individual ID = 354823"
"Acer rubrum","First_Yes_DOY Open flowers","102","DOY",NA,"Phenology Network","Year = 2017, 2017 | Site Name = TREE_058.phenology.phe - primary | Individual ID = 354829"
"Acer rubrum","Last_Yes_DOY Open flowers","114","DOY",NA,"Phenology Network","Year = 2017, 2017 | Site Name = TREE_058.phenology.phe - primary | Individual ID = 354829"
"Acer rubrum","First_Yes_DOY Open flowers","102","DOY",NA,"Phenology Network","Year = 2017, 2017 | Site Name = TREE_058.phenology.phe - primary | Individual ID = 354830"
"Acer rubrum","Last_Yes_DOY Open flowers","114","DOY",NA,"Phenology Network","Year = 2017, 2017 | Site Name = TREE_058.phenology.phe - primary | Individual ID = 354830"
"Acer rubrum","First_Yes_DOY Open flowers","123","DOY",NA,"Phenology Network","Year = 2017, 2017 | Site Name = TREE_058.phenology.phe - primary | Individual ID = 354830"
"Acer rubrum","Last_Yes_DOY Open flowers","125","DOY",NA,"Phenology Network","Year = 2017, 2017 | Site Name = TREE_058.phenology.phe - primary | Individual ID = 354830"
"Acer rubrum","First_Yes_DOY Open flowers","107","DOY",NA,"Phenology Network","Year = 2017, 2017 | Site Name = TREE_058.phenology.phe - primary | Individual ID = 354833"
"Acer rubrum","Last_Yes_DOY Open flowers","114","DOY",NA,"Phenology Network","Year = 2017, 2017 | Site Name = TREE_058.phenology.phe - primary | Individual ID = 354833"
"Acer rubrum","First_Yes_DOY Open flowers","125","DOY",NA,"Phenology Network","Year = 2017, 2017 | Site Name = TREE_058.phenology.phe - primary | Individual ID = 354833"
"Acer rubrum","Last_Yes_DOY Open flowers","125","DOY",NA,"Phenology Network","Year = 2017, 2017 | Site Name = TREE_058.phenology.phe - primary | Individual ID = 354833"
"Acer rubrum","First_Yes_DOY Open flowers","107","DOY",NA,"Phenology Network","Year = 2017, 2017 | Site Name = TREE_058.phenology.phe - primary | Individual ID = 354836"
"Acer rubrum","Last_Yes_DOY Open flowers","107","DOY",NA,"Phenology Network","Year = 2017, 2017 | Site Name = TREE_058.phenology.phe - primary | Individual ID = 354836"
"Acer rubrum","First_Yes_DOY Open flowers","107","DOY",NA,"Phenology Network","Year = 2017, 2017 | Site Name = TREE_058.phenology.phe - primary | Individual ID = 354842"
"Acer rubrum","Last_Yes_DOY Open flowers","114","DOY",NA,"Phenology Network","Year = 2017, 2017 | Site Name = TREE_058.phenology.phe - primary | Individual ID = 354842"
"Acer rubrum","First_Yes_DOY Open flowers","102","DOY",NA,"Phenology Network","Year = 2017, 2017 | Site Name = TREE_058.phenology.phe - primary | Individual ID = 354843"
"Acer rubrum","Last_Yes_DOY Open flowers","114","DOY",NA,"Phenology Network","Year = 2017, 2017 | Site Name = TREE_058.phenology.phe - primary | Individual ID = 354843"
"Acer rubrum","First_Yes_DOY Open flowers","107","DOY",NA,"Phenology Network","Year = 2017, 2017 | Site Name = TREE_058.phenology.phe - primary | Individual ID = 354844"
"Acer rubrum","Last_Yes_DOY Open flowers","114","DOY",NA,"Phenology Network","Year = 2017, 2017 | Site Name = TREE_058.phenology.phe - primary | Individual ID = 354844"
"Acer rubrum","First_Yes_DOY Open flowers","102","DOY",NA,"Phenology Network","Year = 2017, 2017 | Site Name = TREE_058.phenology.phe - primary | Individual ID = 354845"
"Acer rubrum","Last_Yes_DOY Open flowers","114","DOY",NA,"Phenology Network","Year = 2017, 2017 | Site Name = TREE_058.phenology.phe - primary | Individual ID = 354845"
"Acer rubrum","First_Yes_DOY Open flowers","107","DOY",NA,"Phenology Network","Year = 2017, 2017 | Site Name = TREE_058.phenology.phe - primary | Individual ID = 354846"
"Acer rubrum","Last_Yes_DOY Open flowers","114","DOY",NA,"Phenology Network","Year = 2017, 2017 | Site Name = TREE_058.phenology.phe - primary | Individual ID = 354846"
"Acer rubrum","First_Yes_DOY Open flowers","107","DOY",NA,"Phenology Network","Year = 2017, 2017 | Site Name = TREE_058.phenology.phe - primary | Individual ID = 354849"
"Acer rubrum","Last_Yes_DOY Open flowers","121","DOY",NA,"Phenology Network","Year = 2017, 2017 | Site Name = TREE_058.phenology.phe - primary | Individual ID = 354849"
"Acer rubrum","First_Yes_DOY Open flowers","107","DOY",NA,"Phenology Network","Year = 2017, 2017 | Site Name = TREE_058.phenology.phe - primary | Individual ID = 354853"
"Acer rubrum","Last_Yes_DOY Open flowers","123","DOY",NA,"Phenology Network","Year = 2017, 2017 | Site Name = TREE_058.phenology.phe - primary | Individual ID = 354853"
"Acer rubrum","First_Yes_DOY Open flowers","107","DOY",NA,"Phenology Network","Year = 2017, 2017 | Site Name = TREE_058.phenology.phe - primary | Individual ID = 354854"
"Acer rubrum","Last_Yes_DOY Open flowers","114","DOY",NA,"Phenology Network","Year = 2017, 2017 | Site Name = TREE_058.phenology.phe - primary | Individual ID = 354854"
"Acer rubrum","First_Yes_DOY Open flowers","125","DOY",NA,"Phenology Network","Year = 2017, 2017 | Site Name = TREE_058.phenology.phe - primary | Individual ID = 354854"
"Acer rubrum","Last_Yes_DOY Open flowers","132","DOY",NA,"Phenology Network","Year = 2017, 2017 | Site Name = TREE_058.phenology.phe - primary | Individual ID = 354854"
"Acer rubrum","First_Yes_DOY Open flowers","114","DOY",NA,"Phenology Network","Year = 2017, 2017 | Site Name = TREE_058.phenology.phe - primary | Individual ID = 354858"
"Acer rubrum","Last_Yes_DOY Open flowers","114","DOY",NA,"Phenology Network","Year = 2017, 2017 | Site Name = TREE_058.phenology.phe - primary | Individual ID = 354858"
"Acer rubrum","First_Yes_DOY Open flowers","102","DOY",NA,"Phenology Network","Year = 2017, 2017 | Site Name = TREE_058.phenology.phe - primary | Individual ID = 354863"
"Acer rubrum","Last_Yes_DOY Open flowers","114","DOY",NA,"Phenology Network","Year = 2017, 2017 | Site Name = TREE_058.phenology.phe - primary | Individual ID = 354863"
"Acer rubrum","First_Yes_DOY Open flowers","107","DOY",NA,"Phenology Network","Year = 2017, 2017 | Site Name = TREE_058.phenology.phe - primary | Individual ID = 354867"
"Acer rubrum","Last_Yes_DOY Open flowers","114","DOY",NA,"Phenology Network","Year = 2017, 2017 | Site Name = TREE_058.phenology.phe - primary | Individual ID = 354867"
"Acer rubrum","First_Yes_DOY Open flowers","125","DOY",NA,"Phenology Network","Year = 2017, 2017 | Site Name = TREE_058.phenology.phe - primary | Individual ID = 354867"
"Acer rubrum","Last_Yes_DOY Open flowers","125","DOY",NA,"Phenology Network","Year = 2017, 2017 | Site Name = TREE_058.phenology.phe - primary | Individual ID = 354867"
"Acer rubrum","First_Yes_DOY Open flowers","107","DOY",NA,"Phenology Network","Year = 2017, 2017 | Site Name = TREE_058.phenology.phe - primary | Individual ID = 354878"
"Acer rubrum","Last_Yes_DOY Open flowers","114","DOY",NA,"Phenology Network","Year = 2017, 2017 | Site Name = TREE_058.phenology.phe - primary | Individual ID = 354878"
"Acer rubrum","First_Yes_DOY Open flowers","107","DOY",NA,"Phenology Network","Year = 2017, 2017 | Site Name = TREE_058.phenology.phe - primary | Individual ID = 354879"
"Acer rubrum","Last_Yes_DOY Open flowers","114","DOY",NA,"Phenology Network","Year = 2017, 2017 | Site Name = TREE_058.phenology.phe - primary | Individual ID = 354879"
"Acer rubrum","First_Yes_DOY Open flowers","102","DOY",NA,"Phenology Network","Year = 2017, 2017 | Site Name = TREE_058.phenology.phe - primary | Individual ID = 354880"
"Acer rubrum","Last_Yes_DOY Open flowers","114","DOY",NA,"Phenology Network","Year = 2017, 2017 | Site Name = TREE_058.phenology.phe - primary | Individual ID = 354880"
"Acer rubrum","First_Yes_DOY Open flowers","102","DOY",NA,"Phenology Network","Year = 2017, 2017 | Site Name = TREE_058.phenology.phe - primary | Individual ID = 354881"
"Acer rubrum","Last_Yes_DOY Open flowers","114","DOY",NA,"Phenology Network","Year = 2017, 2017 | Site Name = TREE_058.phenology.phe - primary | Individual ID = 354881"
"Acer rubrum","First_Yes_DOY Open flowers","107","DOY",NA,"Phenology Network","Year = 2017, 2017 | Site Name = TREE_058.phenology.phe - primary | Individual ID = 354882"
"Acer rubrum","Last_Yes_DOY Open flowers","114","DOY",NA,"Phenology Network","Year = 2017, 2017 | Site Name = TREE_058.phenology.phe - primary | Individual ID = 354882"
"Acer rubrum","First_Yes_DOY Open flowers","107","DOY",NA,"Phenology Network","Year = 2017, 2017 | Site Name = TREE_058.phenology.phe - primary | Individual ID = 354883"
"Acer rubrum","Last_Yes_DOY Open flowers","114","DOY",NA,"Phenology Network","Year = 2017, 2017 | Site Name = TREE_058.phenology.phe - primary | Individual ID = 354883"
"Acer rubrum","First_Yes_DOY Open flowers","107","DOY",NA,"Phenology Network","Year = 2017, 2017 | Site Name = TREE_058.phenology.phe - primary | Individual ID = 354884"
"Acer rubrum","Last_Yes_DOY Open flowers","107","DOY",NA,"Phenology Network","Year = 2017, 2017 | Site Name = TREE_058.phenology.phe - primary | Individual ID = 354884"
"Acer rubrum","First_Yes_DOY Open flowers","107","DOY",NA,"Phenology Network","Year = 2017, 2017 | Site Name = TREE_058.phenology.phe - primary | Individual ID = 354885"
"Acer rubrum","Last_Yes_DOY Open flowers","121","DOY",NA,"Phenology Network","Year = 2017, 2017 | Site Name = TREE_058.phenology.phe - primary | Individual ID = 354885"
"Acer rubrum","First_Yes_DOY Open flowers","102","DOY",NA,"Phenology Network","Year = 2017, 2017 | Site Name = TREE_058.phenology.phe - primary | Individual ID = 354886"
"Acer rubrum","Last_Yes_DOY Open flowers","114","DOY",NA,"Phenology Network","Year = 2017, 2017 | Site Name = TREE_058.phenology.phe - primary | Individual ID = 354886"
"Acer rubrum","First_Yes_DOY Open flowers","123","DOY",NA,"Phenology Network","Year = 2017, 2017 | Site Name = TREE_058.phenology.phe - primary | Individual ID = 354886"
"Acer rubrum","Last_Yes_DOY Open flowers","125","DOY",NA,"Phenology Network","Year = 2017, 2017 | Site Name = TREE_058.phenology.phe - primary | Individual ID = 354886"
"Acer rubrum","First_Yes_DOY Open flowers","107","DOY",NA,"Phenology Network","Year = 2017, 2017 | Site Name = TREE_058.phenology.phe - primary | Individual ID = 354887"
"Acer rubrum","Last_Yes_DOY Open flowers","114","DOY",NA,"Phenology Network","Year = 2017, 2017 | Site Name = TREE_058.phenology.phe - primary | Individual ID = 354887"
"Acer rubrum","First_Yes_DOY Open flowers","107","DOY",NA,"Phenology Network","Year = 2017, 2017 | Site Name = TREE_058.phenology.phe - primary | Individual ID = 354889"
"Acer rubrum","Last_Yes_DOY Open flowers","114","DOY",NA,"Phenology Network","Year = 2017, 2017 | Site Name = TREE_058.phenology.phe - primary | Individual ID = 354889"
"Acer rubrum","First_Yes_DOY Open flowers","107","DOY",NA,"Phenology Network","Year = 2017, 2017 | Site Name = TREE_058.phenology.phe - primary | Individual ID = 354893"
"Acer rubrum","Last_Yes_DOY Open flowers","121","DOY",NA,"Phenology Network","Year = 2017, 2017 | Site Name = TREE_058.phenology.phe - primary | Individual ID = 354893"
"Acer rubrum","First_Yes_DOY Open flowers","107","DOY",NA,"Phenology Network","Year = 2017, 2017 | Site Name = TREE_058.phenology.phe - primary | Individual ID = 354895"
"Acer rubrum","Last_Yes_DOY Open flowers","114","DOY",NA,"Phenology Network","Year = 2017, 2017 | Site Name = TREE_058.phenology.phe - primary | Individual ID = 354895"
"Acer rubrum","First_Yes_DOY Open flowers","102","DOY",NA,"Phenology Network","Year = 2017, 2017 | Site Name = TREE_058.phenology.phe - primary | Individual ID = 354900"
"Acer rubrum","Last_Yes_DOY Open flowers","121","DOY",NA,"Phenology Network","Year = 2017, 2017 | Site Name = TREE_058.phenology.phe - primary | Individual ID = 354900"
"Acer rubrum","First_Yes_DOY Open flowers","107","DOY",NA,"Phenology Network","Year = 2017, 2017 | Site Name = TREE_058.phenology.phe - primary | Individual ID = 354902"
"Acer rubrum","Last_Yes_DOY Open flowers","114","DOY",NA,"Phenology Network","Year = 2017, 2017 | Site Name = TREE_058.phenology.phe - primary | Individual ID = 354902"
"Acer rubrum","First_Yes_DOY Open flowers","125","DOY",NA,"Phenology Network","Year = 2017, 2017 | Site Name = TREE_058.phenology.phe - primary | Individual ID = 354902"
"Acer rubrum","Last_Yes_DOY Open flowers","128","DOY",NA,"Phenology Network","Year = 2017, 2017 | Site Name = TREE_058.phenology.phe - primary | Individual ID = 354902"
"Acer rubrum","First_Yes_DOY Open flowers","107","DOY",NA,"Phenology Network","Year = 2017, 2017 | Site Name = TREE_058.phenology.phe - primary | Individual ID = 354904"
"Acer rubrum","Last_Yes_DOY Open flowers","121","DOY",NA,"Phenology Network","Year = 2017, 2017 | Site Name = TREE_058.phenology.phe - primary | Individual ID = 354904"
"Acer rubrum","First_Yes_DOY Open flowers","102","DOY",NA,"Phenology Network","Year = 2017, 2017 | Site Name = TREE_058.phenology.phe - primary | Individual ID = 354905"
"Acer rubrum","Last_Yes_DOY Open flowers","107","DOY",NA,"Phenology Network","Year = 2017, 2017 | Site Name = TREE_058.phenology.phe - primary | Individual ID = 354905"
"Acer rubrum","First_Yes_DOY Open flowers","102","DOY",NA,"Phenology Network","Year = 2017, 2017 | Site Name = TREE_058.phenology.phe - primary | Individual ID = 354907"
"Acer rubrum","Last_Yes_DOY Open flowers","125","DOY",NA,"Phenology Network","Year = 2017, 2017 | Site Name = TREE_058.phenology.phe - primary | Individual ID = 354907"
"Acer rubrum","First_Yes_DOY Open flowers","102","DOY",NA,"Phenology Network","Year = 2017, 2017 | Site Name = TREE_058.phenology.phe - primary | Individual ID = 354908"
"Acer rubrum","Last_Yes_DOY Open flowers","114","DOY",NA,"Phenology Network","Year = 2017, 2017 | Site Name = TREE_058.phenology.phe - primary | Individual ID = 354908"
"Acer rubrum","First_Yes_DOY Flowers or flower buds","113","DOY",NA,"Phenology Network","Year = 2018, 2018 | Site Name = PPN_9200010 | Individual ID = 1977"
"Acer rubrum","Last_Yes_DOY Flowers or flower buds","119","DOY",NA,"Phenology Network","Year = 2018, 2018 | Site Name = PPN_9200010 | Individual ID = 1977"
"Acer rubrum","First_Yes_DOY Open flowers","113","DOY",NA,"Phenology Network","Year = 2018, 2018 | Site Name = PPN_9200010 | Individual ID = 1977"
"Acer rubrum","Last_Yes_DOY Open flowers","119","DOY",NA,"Phenology Network","Year = 2018, 2018 | Site Name = PPN_9200010 | Individual ID = 1977"
"Acer rubrum","First_Yes_DOY Flowers or flower buds","112","DOY",NA,"Phenology Network","Year = 2018, 2018 | Site Name = backyard | Individual ID = 2321"
"Acer rubrum","Last_Yes_DOY Flowers or flower buds","112","DOY",NA,"Phenology Network","Year = 2018, 2018 | Site Name = backyard | Individual ID = 2321"
"Acer rubrum","First_Yes_DOY Open flowers","112","DOY",NA,"Phenology Network","Year = 2018, 2018 | Site Name = backyard | Individual ID = 2321"
"Acer rubrum","Last_Yes_DOY Open flowers","112","DOY",NA,"Phenology Network","Year = 2018, 2018 | Site Name = backyard | Individual ID = 2321"
"Acer rubrum","First_Yes_DOY Flowers or flower buds","75","DOY",NA,"Phenology Network","Year = 2018, 2018 | Site Name = backyard | Individual ID = 2448"
"Acer rubrum","Last_Yes_DOY Flowers or flower buds","117","DOY",NA,"Phenology Network","Year = 2018, 2018 | Site Name = backyard | Individual ID = 2448"
"Acer rubrum","First_Yes_DOY Open flowers","103","DOY",NA,"Phenology Network","Year = 2018, 2018 | Site Name = backyard | Individual ID = 2448"
"Acer rubrum","Last_Yes_DOY Open flowers","117","DOY",NA,"Phenology Network","Year = 2018, 2018 | Site Name = backyard | Individual ID = 2448"
"Acer rubrum","First_Yes_DOY Flowers or flower buds","120","DOY",NA,"Phenology Network","Year = 2018, 2018 | Site Name = Cedar Bog Lake Highland 2 | Individual ID = 3187"
"Acer rubrum","Last_Yes_DOY Flowers or flower buds","120","DOY",NA,"Phenology Network","Year = 2018, 2018 | Site Name = Cedar Bog Lake Highland 2 | Individual ID = 3187"
"Acer rubrum","First_Yes_DOY Open flowers","120","DOY",NA,"Phenology Network","Year = 2018, 2018 | Site Name = Cedar Bog Lake Highland 2 | Individual ID = 3187"
"Acer rubrum","Last_Yes_DOY Open flowers","120","DOY",NA,"Phenology Network","Year = 2018, 2018 | Site Name = Cedar Bog Lake Highland 2 | Individual ID = 3187"
"Acer rubrum","First_Yes_DOY Pollen release (flowers)","120","DOY",NA,"Phenology Network","Year = 2018, 2018 | Site Name = Cedar Bog Lake Highland 2 | Individual ID = 3187"
"Acer rubrum","Last_Yes_DOY Pollen release (flowers)","120","DOY",NA,"Phenology Network","Year = 2018, 2018 | Site Name = Cedar Bog Lake Highland 2 | Individual ID = 3187"
"Acer rubrum","First_Yes_DOY Flowers or flower buds","120","DOY",NA,"Phenology Network","Year = 2018, 2018 | Site Name = Cedar Bog Lake Highland 2 | Individual ID = 3188"
"Acer rubrum","Last_Yes_DOY Flowers or flower buds","120","DOY",NA,"Phenology Network","Year = 2018, 2018 | Site Name = Cedar Bog Lake Highland 2 | Individual ID = 3188"
"Acer rubrum","First_Yes_DOY Open flowers","120","DOY",NA,"Phenology Network","Year = 2018, 2018 | Site Name = Cedar Bog Lake Highland 2 | Individual ID = 3188"
"Acer rubrum","Last_Yes_DOY Open flowers","120","DOY",NA,"Phenology Network","Year = 2018, 2018 | Site Name = Cedar Bog Lake Highland 2 | Individual ID = 3188"
"Acer rubrum","First_Yes_DOY Pollen release (flowers)","120","DOY",NA,"Phenology Network","Year = 2018, 2018 | Site Name = Cedar Bog Lake Highland 2 | Individual ID = 3188"
"Acer rubrum","Last_Yes_DOY Pollen release (flowers)","120","DOY",NA,"Phenology Network","Year = 2018, 2018 | Site Name = Cedar Bog Lake Highland 2 | Individual ID = 3188"
"Acer negundo","First_Yes_DOY Flowers or flower buds","127","DOY",NA,"Phenology Network","Year = 2018, 2018 | Site Name = Beckman Lake Highland (Cedar Creek LTER) | Individual ID = 3193"
"Acer negundo","Last_Yes_DOY Flowers or flower buds","127","DOY",NA,"Phenology Network","Year = 2018, 2018 | Site Name = Beckman Lake Highland (Cedar Creek LTER) | Individual ID = 3193"
"Acer negundo","First_Yes_DOY Open flowers","127","DOY",NA,"Phenology Network","Year = 2018, 2018 | Site Name = Beckman Lake Highland (Cedar Creek LTER) | Individual ID = 3193"
"Acer negundo","Last_Yes_DOY Open flowers","127","DOY",NA,"Phenology Network","Year = 2018, 2018 | Site Name = Beckman Lake Highland (Cedar Creek LTER) | Individual ID = 3193"
"Acer negundo","First_Yes_DOY Pollen release (flowers)","127","DOY",NA,"Phenology Network","Year = 2018, 2018 | Site Name = Beckman Lake Highland (Cedar Creek LTER) | Individual ID = 3193"
"Acer negundo","Last_Yes_DOY Pollen release (flowers)","127","DOY",NA,"Phenology Network","Year = 2018, 2018 | Site Name = Beckman Lake Highland (Cedar Creek LTER) | Individual ID = 3193"
"Populus tremuloides","First_Yes_DOY Flowers or flower buds","74","DOY",NA,"Phenology Network","Year = 2018, 2018 | Site Name = Cedar Bog Lake Highland 2 | Individual ID = 3205"
"Populus tremuloides","Last_Yes_DOY Flowers or flower buds","120","DOY",NA,"Phenology Network","Year = 2018, 2018 | Site Name = Cedar Bog Lake Highland 2 | Individual ID = 3205"
"Populus tremuloides","First_Yes_DOY Open flowers","114","DOY",NA,"Phenology Network","Year = 2018, 2018 | Site Name = Cedar Bog Lake Highland 2 | Individual ID = 3205"
"Populus tremuloides","Last_Yes_DOY Open flowers","120","DOY",NA,"Phenology Network","Year = 2018, 2018 | Site Name = Cedar Bog Lake Highland 2 | Individual ID = 3205"
"Populus tremuloides","First_Yes_DOY Pollen release (flowers)","120","DOY",NA,"Phenology Network","Year = 2018, 2018 | Site Name = Cedar Bog Lake Highland 2 | Individual ID = 3205"
"Populus tremuloides","Last_Yes_DOY Pollen release (flowers)","120","DOY",NA,"Phenology Network","Year = 2018, 2018 | Site Name = Cedar Bog Lake Highland 2 | Individual ID = 3205"
"Acer rubrum","First_Yes_DOY Flowers or flower buds","126","DOY",NA,"Phenology Network","Year = 2018, 2018 | Site Name = Home | Individual ID = 5081"
"Acer rubrum","Last_Yes_DOY Flowers or flower buds","133","DOY",NA,"Phenology Network","Year = 2018, 2018 | Site Name = Home | Individual ID = 5081"
"Acer rubrum","First_Yes_DOY Open flowers","126","DOY",NA,"Phenology Network","Year = 2018, 2018 | Site Name = Home | Individual ID = 5081"
"Acer rubrum","Last_Yes_DOY Open flowers","133","DOY",NA,"Phenology Network","Year = 2018, 2018 | Site Name = Home | Individual ID = 5081"
"Acer rubrum","First_Yes_DOY Pollen release (flowers)","126","DOY",NA,"Phenology Network","Year = 2018, 2018 | Site Name = Home | Individual ID = 5081"
"Acer rubrum","Last_Yes_DOY Pollen release (flowers)","126","DOY",NA,"Phenology Network","Year = 2018, 2018 | Site Name = Home | Individual ID = 5081"
"Populus tremuloides","First_Yes_DOY Flowers or flower buds","60","DOY",NA,"Phenology Network","Year = 2018, 2018 | Site Name = Home | Individual ID = 5082"
"Populus tremuloides","Last_Yes_DOY Flowers or flower buds","120","DOY",NA,"Phenology Network","Year = 2018, 2018 | Site Name = Home | Individual ID = 5082"
"Populus tremuloides","First_Yes_DOY Flowers or flower buds","133","DOY",NA,"Phenology Network","Year = 2018, 2018 | Site Name = Home | Individual ID = 5082"
"Populus tremuloides","Last_Yes_DOY Flowers or flower buds","133","DOY",NA,"Phenology Network","Year = 2018, 2018 | Site Name = Home | Individual ID = 5082"
"Populus tremuloides","First_Yes_DOY Flowers or flower buds","49","DOY",NA,"Phenology Network","Year = 2019, 2019 | Site Name = Home | Individual ID = 5082"
"Populus tremuloides","Last_Yes_DOY Flowers or flower buds","49","DOY",NA,"Phenology Network","Year = 2019, 2019 | Site Name = Home | Individual ID = 5082"
"Populus tremuloides","First_Yes_DOY Open flowers","120","DOY",NA,"Phenology Network","Year = 2018, 2018 | Site Name = Home | Individual ID = 5082"
"Populus tremuloides","Last_Yes_DOY Open flowers","120","DOY",NA,"Phenology Network","Year = 2018, 2018 | Site Name = Home | Individual ID = 5082"
"Populus tremuloides","First_Yes_DOY Pollen release (flowers)","120","DOY",NA,"Phenology Network","Year = 2018, 2018 | Site Name = Home | Individual ID = 5082"
"Populus tremuloides","Last_Yes_DOY Pollen release (flowers)","120","DOY",NA,"Phenology Network","Year = 2018, 2018 | Site Name = Home | Individual ID = 5082"
"Quercus alba","First_Yes_DOY Flowers or flower buds","127","DOY",NA,"Phenology Network","Year = 2018, 2018 | Site Name = Cedar Bog Lake Highland 1 | Individual ID = 5103"
"Quercus alba","Last_Yes_DOY Flowers or flower buds","136","DOY",NA,"Phenology Network","Year = 2018, 2018 | Site Name = Cedar Bog Lake Highland 1 | Individual ID = 5103"
"Quercus alba","First_Yes_DOY Open flowers","136","DOY",NA,"Phenology Network","Year = 2018, 2018 | Site Name = Cedar Bog Lake Highland 1 | Individual ID = 5103"
"Quercus alba","Last_Yes_DOY Open flowers","136","DOY",NA,"Phenology Network","Year = 2018, 2018 | Site Name = Cedar Bog Lake Highland 1 | Individual ID = 5103"
"Quercus alba","First_Yes_DOY Pollen release (flowers)","136","DOY",NA,"Phenology Network","Year = 2018, 2018 | Site Name = Cedar Bog Lake Highland 1 | Individual ID = 5103"
"Quercus alba","Last_Yes_DOY Pollen release (flowers)","136","DOY",NA,"Phenology Network","Year = 2018, 2018 | Site Name = Cedar Bog Lake Highland 1 | Individual ID = 5103"
"Quercus rubra","First_Yes_DOY Flowers or flower buds","120","DOY",NA,"Phenology Network","Year = 2018, 2018 | Site Name = Cedar Bog Lake Highland 1 | Individual ID = 5104"
"Quercus rubra","Last_Yes_DOY Flowers or flower buds","136","DOY",NA,"Phenology Network","Year = 2018, 2018 | Site Name = Cedar Bog Lake Highland 1 | Individual ID = 5104"
"Quercus rubra","First_Yes_DOY Open flowers","127","DOY",NA,"Phenology Network","Year = 2018, 2018 | Site Name = Cedar Bog Lake Highland 1 | Individual ID = 5104"
"Quercus rubra","Last_Yes_DOY Open flowers","136","DOY",NA,"Phenology Network","Year = 2018, 2018 | Site Name = Cedar Bog Lake Highland 1 | Individual ID = 5104"
"Quercus rubra","First_Yes_DOY Pollen release (flowers)","136","DOY",NA,"Phenology Network","Year = 2018, 2018 | Site Name = Cedar Bog Lake Highland 1 | Individual ID = 5104"
"Quercus rubra","Last_Yes_DOY Pollen release (flowers)","136","DOY",NA,"Phenology Network","Year = 2018, 2018 | Site Name = Cedar Bog Lake Highland 1 | Individual ID = 5104"
"Quercus alba","First_Yes_DOY Flowers or flower buds","127","DOY",NA,"Phenology Network","Year = 2018, 2018 | Site Name = Cedar Bog Lake Highland 1 | Individual ID = 5105"
"Quercus alba","Last_Yes_DOY Flowers or flower buds","136","DOY",NA,"Phenology Network","Year = 2018, 2018 | Site Name = Cedar Bog Lake Highland 1 | Individual ID = 5105"
"Quercus alba","First_Yes_DOY Open flowers","136","DOY",NA,"Phenology Network","Year = 2018, 2018 | Site Name = Cedar Bog Lake Highland 1 | Individual ID = 5105"
"Quercus alba","Last_Yes_DOY Open flowers","136","DOY",NA,"Phenology Network","Year = 2018, 2018 | Site Name = Cedar Bog Lake Highland 1 | Individual ID = 5105"
"Quercus alba","First_Yes_DOY Pollen release (flowers)","136","DOY",NA,"Phenology Network","Year = 2018, 2018 | Site Name = Cedar Bog Lake Highland 1 | Individual ID = 5105"
"Quercus alba","Last_Yes_DOY Pollen release (flowers)","136","DOY",NA,"Phenology Network","Year = 2018, 2018 | Site Name = Cedar Bog Lake Highland 1 | Individual ID = 5105"
"Quercus rubra","First_Yes_DOY Flowers or flower buds","120","DOY",NA,"Phenology Network","Year = 2018, 2018 | Site Name = Cedar Bog Lake Highland 2 | Individual ID = 5106"
"Quercus rubra","Last_Yes_DOY Flowers or flower buds","127","DOY",NA,"Phenology Network","Year = 2018, 2018 | Site Name = Cedar Bog Lake Highland 2 | Individual ID = 5106"
"Quercus rubra","First_Yes_DOY Open flowers","127","DOY",NA,"Phenology Network","Year = 2018, 2018 | Site Name = Cedar Bog Lake Highland 2 | Individual ID = 5106"
"Quercus rubra","Last_Yes_DOY Open flowers","127","DOY",NA,"Phenology Network","Year = 2018, 2018 | Site Name = Cedar Bog Lake Highland 2 | Individual ID = 5106"
"Quercus rubra","First_Yes_DOY Flowers or flower buds","120","DOY",NA,"Phenology Network","Year = 2018, 2018 | Site Name = Beckman Lake Highland (Cedar Creek LTER) | Individual ID = 5109"
"Quercus rubra","Last_Yes_DOY Flowers or flower buds","127","DOY",NA,"Phenology Network","Year = 2018, 2018 | Site Name = Beckman Lake Highland (Cedar Creek LTER) | Individual ID = 5109"
"Quercus rubra","First_Yes_DOY Open flowers","127","DOY",NA,"Phenology Network","Year = 2018, 2018 | Site Name = Beckman Lake Highland (Cedar Creek LTER) | Individual ID = 5109"
"Quercus rubra","Last_Yes_DOY Open flowers","127","DOY",NA,"Phenology Network","Year = 2018, 2018 | Site Name = Beckman Lake Highland (Cedar Creek LTER) | Individual ID = 5109"
"Quercus alba","First_Yes_DOY Flowers or flower buds","127","DOY",NA,"Phenology Network","Year = 2018, 2018 | Site Name = Beckman Lake Highland (Cedar Creek LTER) | Individual ID = 5110"
"Quercus alba","Last_Yes_DOY Flowers or flower buds","136","DOY",NA,"Phenology Network","Year = 2018, 2018 | Site Name = Beckman Lake Highland (Cedar Creek LTER) | Individual ID = 5110"
"Quercus alba","First_Yes_DOY Open flowers","136","DOY",NA,"Phenology Network","Year = 2018, 2018 | Site Name = Beckman Lake Highland (Cedar Creek LTER) | Individual ID = 5110"
"Quercus alba","Last_Yes_DOY Open flowers","136","DOY",NA,"Phenology Network","Year = 2018, 2018 | Site Name = Beckman Lake Highland (Cedar Creek LTER) | Individual ID = 5110"
"Quercus alba","First_Yes_DOY Pollen release (flowers)","136","DOY",NA,"Phenology Network","Year = 2018, 2018 | Site Name = Beckman Lake Highland (Cedar Creek LTER) | Individual ID = 5110"
"Quercus alba","Last_Yes_DOY Pollen release (flowers)","136","DOY",NA,"Phenology Network","Year = 2018, 2018 | Site Name = Beckman Lake Highland (Cedar Creek LTER) | Individual ID = 5110"
"Quercus alba","First_Yes_DOY Flowers or flower buds","136","DOY",NA,"Phenology Network","Year = 2018, 2018 | Site Name = PhenoCAM tower (Cedar Creek LTER) | Individual ID = 5112"
"Quercus alba","Last_Yes_DOY Flowers or flower buds","136","DOY",NA,"Phenology Network","Year = 2018, 2018 | Site Name = PhenoCAM tower (Cedar Creek LTER) | Individual ID = 5112"
"Quercus alba","First_Yes_DOY Open flowers","136","DOY",NA,"Phenology Network","Year = 2018, 2018 | Site Name = PhenoCAM tower (Cedar Creek LTER) | Individual ID = 5112"
"Quercus alba","Last_Yes_DOY Open flowers","136","DOY",NA,"Phenology Network","Year = 2018, 2018 | Site Name = PhenoCAM tower (Cedar Creek LTER) | Individual ID = 5112"
"Quercus alba","First_Yes_DOY Pollen release (flowers)","136","DOY",NA,"Phenology Network","Year = 2018, 2018 | Site Name = PhenoCAM tower (Cedar Creek LTER) | Individual ID = 5112"
"Quercus alba","Last_Yes_DOY Pollen release (flowers)","136","DOY",NA,"Phenology Network","Year = 2018, 2018 | Site Name = PhenoCAM tower (Cedar Creek LTER) | Individual ID = 5112"
"Quercus rubra","First_Yes_DOY Flowers or flower buds","120","DOY",NA,"Phenology Network","Year = 2018, 2018 | Site Name = PhenoCAM tower (Cedar Creek LTER) | Individual ID = 5113"
"Quercus rubra","Last_Yes_DOY Flowers or flower buds","127","DOY",NA,"Phenology Network","Year = 2018, 2018 | Site Name = PhenoCAM tower (Cedar Creek LTER) | Individual ID = 5113"
"Quercus rubra","First_Yes_DOY Open flowers","127","DOY",NA,"Phenology Network","Year = 2018, 2018 | Site Name = PhenoCAM tower (Cedar Creek LTER) | Individual ID = 5113"
"Quercus rubra","Last_Yes_DOY Open flowers","127","DOY",NA,"Phenology Network","Year = 2018, 2018 | Site Name = PhenoCAM tower (Cedar Creek LTER) | Individual ID = 5113"
"Tilia americana","First_Yes_DOY Flowers or flower buds","164","DOY",NA,"Phenology Network","Year = 2018, 2018 | Site Name = Cedar Bog Lake Lowland 2 | Individual ID = 11001"
"Tilia americana","Last_Yes_DOY Flowers or flower buds","172","DOY",NA,"Phenology Network","Year = 2018, 2018 | Site Name = Cedar Bog Lake Lowland 2 | Individual ID = 11001"
"Tilia americana","First_Yes_DOY Flowers or flower buds","164","DOY",NA,"Phenology Network","Year = 2018, 2018 | Site Name = Cedar Bog Lake Lowland 2 | Individual ID = 11002"
"Tilia americana","Last_Yes_DOY Flowers or flower buds","172","DOY",NA,"Phenology Network","Year = 2018, 2018 | Site Name = Cedar Bog Lake Lowland 2 | Individual ID = 11002"
"Populus tremuloides","First_Yes_DOY Flowers or flower buds","118","DOY",NA,"Phenology Network","Year = 2018, 2018 | Site Name = Montgomery/WeiblenHome | Individual ID = 11360"
"Populus tremuloides","Last_Yes_DOY Flowers or flower buds","118","DOY",NA,"Phenology Network","Year = 2018, 2018 | Site Name = Montgomery/WeiblenHome | Individual ID = 11360"
"Acer negundo","First_Yes_DOY Flowers or flower buds","122","DOY",NA,"Phenology Network","Year = 2018, 2018 | Site Name = my yard | Individual ID = 25776"
"Acer negundo","Last_Yes_DOY Flowers or flower buds","122","DOY",NA,"Phenology Network","Year = 2018, 2018 | Site Name = my yard | Individual ID = 25776"
"Acer negundo","First_Yes_DOY Open flowers","122","DOY",NA,"Phenology Network","Year = 2018, 2018 | Site Name = my yard | Individual ID = 25776"
"Acer negundo","Last_Yes_DOY Open flowers","122","DOY",NA,"Phenology Network","Year = 2018, 2018 | Site Name = my yard | Individual ID = 25776"
"Fraxinus nigra","First_Yes_DOY Flowers or flower buds","127","DOY",NA,"Phenology Network","Year = 2018, 2018 | Site Name = Cedar Bog Lake Highland 2 | Individual ID = 25822"
"Fraxinus nigra","Last_Yes_DOY Flowers or flower buds","127","DOY",NA,"Phenology Network","Year = 2018, 2018 | Site Name = Cedar Bog Lake Highland 2 | Individual ID = 25822"
"Fraxinus nigra","First_Yes_DOY Open flowers","127","DOY",NA,"Phenology Network","Year = 2018, 2018 | Site Name = Cedar Bog Lake Highland 2 | Individual ID = 25822"
"Fraxinus nigra","Last_Yes_DOY Open flowers","127","DOY",NA,"Phenology Network","Year = 2018, 2018 | Site Name = Cedar Bog Lake Highland 2 | Individual ID = 25822"
"Tilia americana","First_Yes_DOY Flowers or flower buds","159","DOY",NA,"Phenology Network","Year = 2018, 2018 | Site Name = my yard | Individual ID = 25991"
"Tilia americana","Last_Yes_DOY Flowers or flower buds","182","DOY",NA,"Phenology Network","Year = 2018, 2018 | Site Name = my yard | Individual ID = 25991"
"Tilia americana","First_Yes_DOY Open flowers","182","DOY",NA,"Phenology Network","Year = 2018, 2018 | Site Name = my yard | Individual ID = 25991"
"Tilia americana","Last_Yes_DOY Open flowers","182","DOY",NA,"Phenology Network","Year = 2018, 2018 | Site Name = my yard | Individual ID = 25991"
"Acer rubrum","First_Yes_DOY Flowers or flower buds","115","DOY",NA,"Phenology Network","Year = 2018, 2018 | Site Name = Michigan house | Individual ID = 41859"
"Acer rubrum","Last_Yes_DOY Flowers or flower buds","123","DOY",NA,"Phenology Network","Year = 2018, 2018 | Site Name = Michigan house | Individual ID = 41859"
"Acer rubrum","First_Yes_DOY Open flowers","115","DOY",NA,"Phenology Network","Year = 2018, 2018 | Site Name = Michigan house | Individual ID = 41859"
"Acer rubrum","Last_Yes_DOY Open flowers","123","DOY",NA,"Phenology Network","Year = 2018, 2018 | Site Name = Michigan house | Individual ID = 41859"
"Acer rubrum","First_Yes_DOY Flowers or flower buds","115","DOY",NA,"Phenology Network","Year = 2018, 2018 | Site Name = Michigan house | Individual ID = 41860"
"Acer rubrum","Last_Yes_DOY Flowers or flower buds","123","DOY",NA,"Phenology Network","Year = 2018, 2018 | Site Name = Michigan house | Individual ID = 41860"
"Acer rubrum","First_Yes_DOY Open flowers","115","DOY",NA,"Phenology Network","Year = 2018, 2018 | Site Name = Michigan house | Individual ID = 41860"
"Acer rubrum","Last_Yes_DOY Open flowers","123","DOY",NA,"Phenology Network","Year = 2018, 2018 | Site Name = Michigan house | Individual ID = 41860"
"Tilia americana","First_Yes_DOY Flowers or flower buds","147","DOY",NA,"Phenology Network","Year = 2018, 2018 | Site Name = School | Individual ID = 46667"
"Tilia americana","Last_Yes_DOY Flowers or flower buds","167","DOY",NA,"Phenology Network","Year = 2018, 2018 | Site Name = School | Individual ID = 46667"
"Tilia americana","First_Yes_DOY Open flowers","173","DOY",NA,"Phenology Network","Year = 2018, 2018 | Site Name = School | Individual ID = 46667"
"Tilia americana","Last_Yes_DOY Open flowers","173","DOY",NA,"Phenology Network","Year = 2018, 2018 | Site Name = School | Individual ID = 46667"
"Acer rubrum","First_Yes_DOY Flowers or flower buds","120","DOY",NA,"Phenology Network","Year = 2018, 2018 | Site Name = St Paul Campus | Individual ID = 50308"
"Acer rubrum","Last_Yes_DOY Flowers or flower buds","122","DOY",NA,"Phenology Network","Year = 2018, 2018 | Site Name = St Paul Campus | Individual ID = 50308"
"Acer rubrum","First_Yes_DOY Open flowers","120","DOY",NA,"Phenology Network","Year = 2018, 2018 | Site Name = St Paul Campus | Individual ID = 50308"
"Acer rubrum","Last_Yes_DOY Open flowers","122","DOY",NA,"Phenology Network","Year = 2018, 2018 | Site Name = St Paul Campus | Individual ID = 50308"
"Populus deltoides","First_Yes_DOY Flowers or flower buds","120","DOY",NA,"Phenology Network","Year = 2018, 2018 | Site Name = Wood Lake Nature Center | Individual ID = 52985"
"Populus deltoides","Last_Yes_DOY Flowers or flower buds","123","DOY",NA,"Phenology Network","Year = 2018, 2018 | Site Name = Wood Lake Nature Center | Individual ID = 52985"
"Populus deltoides","First_Yes_DOY Flowers or flower buds","130","DOY",NA,"Phenology Network","Year = 2018, 2018 | Site Name = Wood Lake Nature Center | Individual ID = 52985"
"Populus deltoides","Last_Yes_DOY Flowers or flower buds","143","DOY",NA,"Phenology Network","Year = 2018, 2018 | Site Name = Wood Lake Nature Center | Individual ID = 52985"
"Populus deltoides","First_Yes_DOY Open flowers","123","DOY",NA,"Phenology Network","Year = 2018, 2018 | Site Name = Wood Lake Nature Center | Individual ID = 52985"
"Populus deltoides","Last_Yes_DOY Open flowers","123","DOY",NA,"Phenology Network","Year = 2018, 2018 | Site Name = Wood Lake Nature Center | Individual ID = 52985"
"Populus deltoides","First_Yes_DOY Open flowers","130","DOY",NA,"Phenology Network","Year = 2018, 2018 | Site Name = Wood Lake Nature Center | Individual ID = 52985"
"Populus deltoides","Last_Yes_DOY Open flowers","143","DOY",NA,"Phenology Network","Year = 2018, 2018 | Site Name = Wood Lake Nature Center | Individual ID = 52985"
"Quercus palustris","First_Yes_DOY Flowers or flower buds","126","DOY",NA,"Phenology Network","Year = 2018, 2018 | Site Name = Wood Lake Nature Center | Individual ID = 52987"
"Quercus palustris","Last_Yes_DOY Flowers or flower buds","126","DOY",NA,"Phenology Network","Year = 2018, 2018 | Site Name = Wood Lake Nature Center | Individual ID = 52987"
"Quercus palustris","First_Yes_DOY Flowers or flower buds","133","DOY",NA,"Phenology Network","Year = 2018, 2018 | Site Name = Wood Lake Nature Center | Individual ID = 52987"
"Quercus palustris","Last_Yes_DOY Flowers or flower buds","139","DOY",NA,"Phenology Network","Year = 2018, 2018 | Site Name = Wood Lake Nature Center | Individual ID = 52987"
"Quercus palustris","First_Yes_DOY Open flowers","126","DOY",NA,"Phenology Network","Year = 2018, 2018 | Site Name = Wood Lake Nature Center | Individual ID = 52987"
"Quercus palustris","Last_Yes_DOY Open flowers","139","DOY",NA,"Phenology Network","Year = 2018, 2018 | Site Name = Wood Lake Nature Center | Individual ID = 52987"
"Quercus palustris","First_Yes_DOY Pollen release (flowers)","130","DOY",NA,"Phenology Network","Year = 2018, 2018 | Site Name = Wood Lake Nature Center | Individual ID = 52987"
"Quercus palustris","Last_Yes_DOY Pollen release (flowers)","130","DOY",NA,"Phenology Network","Year = 2018, 2018 | Site Name = Wood Lake Nature Center | Individual ID = 52987"
"Acer saccharinum","First_Yes_DOY Flowers or flower buds","75","DOY",NA,"Phenology Network","Year = 2018, 2018 | Site Name = Wood Lake Nature Center | Individual ID = 52988"
"Acer saccharinum","Last_Yes_DOY Flowers or flower buds","120","DOY",NA,"Phenology Network","Year = 2018, 2018 | Site Name = Wood Lake Nature Center | Individual ID = 52988"
"Acer saccharinum","First_Yes_DOY Open flowers","123","DOY",NA,"Phenology Network","Year = 2018, 2018 | Site Name = Wood Lake Nature Center | Individual ID = 52988"
"Acer saccharinum","Last_Yes_DOY Open flowers","123","DOY",NA,"Phenology Network","Year = 2018, 2018 | Site Name = Wood Lake Nature Center | Individual ID = 52988"
"Quercus palustris","First_Yes_DOY Flowers or flower buds","138","DOY",NA,"Phenology Network","Year = 2018, 2018 | Site Name = Kettlekamp Prairie | Individual ID = 68457"
"Quercus palustris","Last_Yes_DOY Flowers or flower buds","138","DOY",NA,"Phenology Network","Year = 2018, 2018 | Site Name = Kettlekamp Prairie | Individual ID = 68457"
"Quercus palustris","First_Yes_DOY Open flowers","138","DOY",NA,"Phenology Network","Year = 2018, 2018 | Site Name = Kettlekamp Prairie | Individual ID = 68457"
"Quercus palustris","Last_Yes_DOY Open flowers","138","DOY",NA,"Phenology Network","Year = 2018, 2018 | Site Name = Kettlekamp Prairie | Individual ID = 68457"
"Quercus palustris","First_Yes_DOY Pollen release (flowers)","138","DOY",NA,"Phenology Network","Year = 2018, 2018 | Site Name = Kettlekamp Prairie | Individual ID = 68457"
"Quercus palustris","Last_Yes_DOY Pollen release (flowers)","138","DOY",NA,"Phenology Network","Year = 2018, 2018 | Site Name = Kettlekamp Prairie | Individual ID = 68457"
"Acer rubrum","First_Yes_DOY Flowers or flower buds","88","DOY",NA,"Phenology Network","Year = 2018, 2018 | Site Name = Back Yard | Individual ID = 69122"
"Acer rubrum","Last_Yes_DOY Flowers or flower buds","125","DOY",NA,"Phenology Network","Year = 2018, 2018 | Site Name = Back Yard | Individual ID = 69122"
"Acer rubrum","First_Yes_DOY Open flowers","120","DOY",NA,"Phenology Network","Year = 2018, 2018 | Site Name = Back Yard | Individual ID = 69122"
"Acer rubrum","Last_Yes_DOY Open flowers","125","DOY",NA,"Phenology Network","Year = 2018, 2018 | Site Name = Back Yard | Individual ID = 69122"
"Acer rubrum","First_Yes_DOY Pollen release (flowers)","122","DOY",NA,"Phenology Network","Year = 2018, 2018 | Site Name = Back Yard | Individual ID = 69122"
"Acer rubrum","Last_Yes_DOY Pollen release (flowers)","122","DOY",NA,"Phenology Network","Year = 2018, 2018 | Site Name = Back Yard | Individual ID = 69122"
"Acer saccharinum","First_Yes_DOY Flowers or flower buds","84","DOY",NA,"Phenology Network","Year = 2018, 2018 | Site Name = Back Yard | Individual ID = 69125"
"Acer saccharinum","Last_Yes_DOY Flowers or flower buds","125","DOY",NA,"Phenology Network","Year = 2018, 2018 | Site Name = Back Yard | Individual ID = 69125"
"Acer saccharinum","First_Yes_DOY Open flowers","118","DOY",NA,"Phenology Network","Year = 2018, 2018 | Site Name = Back Yard | Individual ID = 69125"
"Acer saccharinum","Last_Yes_DOY Open flowers","125","DOY",NA,"Phenology Network","Year = 2018, 2018 | Site Name = Back Yard | Individual ID = 69125"
"Quercus alba","First_Yes_DOY Flowers or flower buds","123","DOY",NA,"Phenology Network","Year = 2018, 2018 | Site Name = Michigan house | Individual ID = 69158"
"Quercus alba","Last_Yes_DOY Flowers or flower buds","123","DOY",NA,"Phenology Network","Year = 2018, 2018 | Site Name = Michigan house | Individual ID = 69158"
"Quercus alba","First_Yes_DOY Open flowers","123","DOY",NA,"Phenology Network","Year = 2018, 2018 | Site Name = Michigan house | Individual ID = 69158"
"Quercus alba","Last_Yes_DOY Open flowers","123","DOY",NA,"Phenology Network","Year = 2018, 2018 | Site Name = Michigan house | Individual ID = 69158"
"Quercus alba","First_Yes_DOY Pollen release (flowers)","149","DOY",NA,"Phenology Network","Year = 2018, 2018 | Site Name = Michigan house | Individual ID = 69158"
"Quercus alba","Last_Yes_DOY Pollen release (flowers)","149","DOY",NA,"Phenology Network","Year = 2018, 2018 | Site Name = Michigan house | Individual ID = 69158"
"Populus tremuloides","First_Yes_DOY Flowers or flower buds","123","DOY",NA,"Phenology Network","Year = 2018, 2018 | Site Name = Kettlekamp Prairie | Individual ID = 69348"
"Populus tremuloides","Last_Yes_DOY Flowers or flower buds","127","DOY",NA,"Phenology Network","Year = 2018, 2018 | Site Name = Kettlekamp Prairie | Individual ID = 69348"
"Populus tremuloides","First_Yes_DOY Open flowers","123","DOY",NA,"Phenology Network","Year = 2018, 2018 | Site Name = Kettlekamp Prairie | Individual ID = 69348"
"Populus tremuloides","Last_Yes_DOY Open flowers","123","DOY",NA,"Phenology Network","Year = 2018, 2018 | Site Name = Kettlekamp Prairie | Individual ID = 69348"
"Populus tremuloides","First_Yes_DOY Flowers or flower buds","123","DOY",NA,"Phenology Network","Year = 2018, 2018 | Site Name = Kettlekamp Prairie | Individual ID = 69349"
"Populus tremuloides","Last_Yes_DOY Flowers or flower buds","127","DOY",NA,"Phenology Network","Year = 2018, 2018 | Site Name = Kettlekamp Prairie | Individual ID = 69349"
"Populus tremuloides","First_Yes_DOY Open flowers","123","DOY",NA,"Phenology Network","Year = 2018, 2018 | Site Name = Kettlekamp Prairie | Individual ID = 69349"
"Populus tremuloides","Last_Yes_DOY Open flowers","123","DOY",NA,"Phenology Network","Year = 2018, 2018 | Site Name = Kettlekamp Prairie | Individual ID = 69349"
"Populus tremuloides","First_Yes_DOY Flowers or flower buds","123","DOY",NA,"Phenology Network","Year = 2018, 2018 | Site Name = Kettlekamp Prairie | Individual ID = 69351"
"Populus tremuloides","Last_Yes_DOY Flowers or flower buds","127","DOY",NA,"Phenology Network","Year = 2018, 2018 | Site Name = Kettlekamp Prairie | Individual ID = 69351"
"Populus tremuloides","First_Yes_DOY Open flowers","123","DOY",NA,"Phenology Network","Year = 2018, 2018 | Site Name = Kettlekamp Prairie | Individual ID = 69351"
"Populus tremuloides","Last_Yes_DOY Open flowers","123","DOY",NA,"Phenology Network","Year = 2018, 2018 | Site Name = Kettlekamp Prairie | Individual ID = 69351"
"Fraxinus pennsylvanica","First_Yes_DOY Flowers or flower buds","141","DOY",NA,"Phenology Network","Year = 2018, 2018 | Site Name = Circle Trail | Individual ID = 74743"
"Fraxinus pennsylvanica","Last_Yes_DOY Flowers or flower buds","141","DOY",NA,"Phenology Network","Year = 2018, 2018 | Site Name = Circle Trail | Individual ID = 74743"
"Fraxinus pennsylvanica","First_Yes_DOY Open flowers","141","DOY",NA,"Phenology Network","Year = 2018, 2018 | Site Name = Circle Trail | Individual ID = 74743"
"Fraxinus pennsylvanica","Last_Yes_DOY Open flowers","141","DOY",NA,"Phenology Network","Year = 2018, 2018 | Site Name = Circle Trail | Individual ID = 74743"
"Acer rubrum","First_Yes_DOY Flowers or flower buds","75","DOY",NA,"Phenology Network","Year = 2018, 2018 | Site Name = Wood Lake Nature Center | Individual ID = 78054"
"Acer rubrum","Last_Yes_DOY Flowers or flower buds","120","DOY",NA,"Phenology Network","Year = 2018, 2018 | Site Name = Wood Lake Nature Center | Individual ID = 78054"
"Acer rubrum","First_Yes_DOY Open flowers","113","DOY",NA,"Phenology Network","Year = 2018, 2018 | Site Name = Wood Lake Nature Center | Individual ID = 78054"
"Acer rubrum","Last_Yes_DOY Open flowers","120","DOY",NA,"Phenology Network","Year = 2018, 2018 | Site Name = Wood Lake Nature Center | Individual ID = 78054"
"Fraxinus americana","First_Yes_DOY Flowers or flower buds","124","DOY",NA,"Phenology Network","Year = 2018, 2018 | Site Name = LCS Outdoor Learning Environment | Individual ID = 78446"
"Fraxinus americana","Last_Yes_DOY Flowers or flower buds","124","DOY",NA,"Phenology Network","Year = 2018, 2018 | Site Name = LCS Outdoor Learning Environment | Individual ID = 78446"
"Quercus rubra","First_Yes_DOY Flowers or flower buds","124","DOY",NA,"Phenology Network","Year = 2018, 2018 | Site Name = LCS Outdoor Learning Environment | Individual ID = 78447"
"Quercus rubra","Last_Yes_DOY Flowers or flower buds","131","DOY",NA,"Phenology Network","Year = 2018, 2018 | Site Name = LCS Outdoor Learning Environment | Individual ID = 78447"
"Quercus rubra","First_Yes_DOY Open flowers","131","DOY",NA,"Phenology Network","Year = 2018, 2018 | Site Name = LCS Outdoor Learning Environment | Individual ID = 78447"
"Quercus rubra","Last_Yes_DOY Open flowers","131","DOY",NA,"Phenology Network","Year = 2018, 2018 | Site Name = LCS Outdoor Learning Environment | Individual ID = 78447"
"Populus tremuloides","First_Yes_DOY Flowers or flower buds","84","DOY",NA,"Phenology Network","Year = 2018, 2018 | Site Name = Home | Individual ID = 79752"
"Populus tremuloides","Last_Yes_DOY Flowers or flower buds","125","DOY",NA,"Phenology Network","Year = 2018, 2018 | Site Name = Home | Individual ID = 79752"
"Populus tremuloides","First_Yes_DOY Flowers or flower buds","131","DOY",NA,"Phenology Network","Year = 2018, 2018 | Site Name = Home | Individual ID = 79752"
"Populus tremuloides","Last_Yes_DOY Flowers or flower buds","131","DOY",NA,"Phenology Network","Year = 2018, 2018 | Site Name = Home | Individual ID = 79752"
"Populus tremuloides","First_Yes_DOY Open flowers","112","DOY",NA,"Phenology Network","Year = 2018, 2018 | Site Name = Home | Individual ID = 79752"
"Populus tremuloides","Last_Yes_DOY Open flowers","123","DOY",NA,"Phenology Network","Year = 2018, 2018 | Site Name = Home | Individual ID = 79752"
"Populus tremuloides","First_Yes_DOY Pollen release (flowers)","113","DOY",NA,"Phenology Network","Year = 2018, 2018 | Site Name = Home | Individual ID = 79752"
"Populus tremuloides","Last_Yes_DOY Pollen release (flowers)","116","DOY",NA,"Phenology Network","Year = 2018, 2018 | Site Name = Home | Individual ID = 79752"
"Acer saccharinum","First_Yes_DOY Flowers or flower buds","118","DOY",NA,"Phenology Network","Year = 2018, 2018 | Site Name = LCS Outdoor Learning Environment | Individual ID = 85116"
"Acer saccharinum","Last_Yes_DOY Flowers or flower buds","124","DOY",NA,"Phenology Network","Year = 2018, 2018 | Site Name = LCS Outdoor Learning Environment | Individual ID = 85116"
"Acer saccharinum","First_Yes_DOY Open flowers","118","DOY",NA,"Phenology Network","Year = 2018, 2018 | Site Name = LCS Outdoor Learning Environment | Individual ID = 85116"
"Acer saccharinum","Last_Yes_DOY Open flowers","124","DOY",NA,"Phenology Network","Year = 2018, 2018 | Site Name = LCS Outdoor Learning Environment | Individual ID = 85116"
"Acer saccharinum","First_Yes_DOY Pollen release (flowers)","118","DOY",NA,"Phenology Network","Year = 2018, 2018 | Site Name = LCS Outdoor Learning Environment | Individual ID = 85116"
"Acer saccharinum","Last_Yes_DOY Pollen release (flowers)","124","DOY",NA,"Phenology Network","Year = 2018, 2018 | Site Name = LCS Outdoor Learning Environment | Individual ID = 85116"
"Quercus palustris","First_Yes_DOY Flowers or flower buds","127","DOY",NA,"Phenology Network","Year = 2018, 2018 | Site Name = Kettlekamp Prairie | Individual ID = 87924"
"Quercus palustris","Last_Yes_DOY Flowers or flower buds","127","DOY",NA,"Phenology Network","Year = 2018, 2018 | Site Name = Kettlekamp Prairie | Individual ID = 87924"
"Quercus rubra","First_Yes_DOY Flowers or flower buds","127","DOY",NA,"Phenology Network","Year = 2018, 2018 | Site Name = Kettlekamp Prairie | Individual ID = 87925"
"Quercus rubra","Last_Yes_DOY Flowers or flower buds","138","DOY",NA,"Phenology Network","Year = 2018, 2018 | Site Name = Kettlekamp Prairie | Individual ID = 87925"
"Quercus rubra","First_Yes_DOY Open flowers","138","DOY",NA,"Phenology Network","Year = 2018, 2018 | Site Name = Kettlekamp Prairie | Individual ID = 87925"
"Quercus rubra","Last_Yes_DOY Open flowers","138","DOY",NA,"Phenology Network","Year = 2018, 2018 | Site Name = Kettlekamp Prairie | Individual ID = 87925"
"Quercus rubra","First_Yes_DOY Pollen release (flowers)","138","DOY",NA,"Phenology Network","Year = 2018, 2018 | Site Name = Kettlekamp Prairie | Individual ID = 87925"
"Quercus rubra","Last_Yes_DOY Pollen release (flowers)","138","DOY",NA,"Phenology Network","Year = 2018, 2018 | Site Name = Kettlekamp Prairie | Individual ID = 87925"
"Acer rubrum","First_Yes_DOY Flowers or flower buds","115","DOY",NA,"Phenology Network","Year = 2018, 2018 | Site Name = Michigan house | Individual ID = 88806"
"Acer rubrum","Last_Yes_DOY Flowers or flower buds","123","DOY",NA,"Phenology Network","Year = 2018, 2018 | Site Name = Michigan house | Individual ID = 88806"
"Fraxinus pennsylvanica","First_Yes_DOY Flowers or flower buds","122","DOY",NA,"Phenology Network","Year = 2018, 2018 | Site Name = Warner Park | Individual ID = 91080"
"Fraxinus pennsylvanica","Last_Yes_DOY Flowers or flower buds","122","DOY",NA,"Phenology Network","Year = 2018, 2018 | Site Name = Warner Park | Individual ID = 91080"
"Acer rubrum","First_Yes_DOY Flowers or flower buds","132","DOY",NA,"Phenology Network","Year = 2018, 2018 | Site Name = Pitcher Pond | Individual ID = 94648"
"Acer rubrum","Last_Yes_DOY Flowers or flower buds","132","DOY",NA,"Phenology Network","Year = 2018, 2018 | Site Name = Pitcher Pond | Individual ID = 94648"
"Acer rubrum","First_Yes_DOY Open flowers","132","DOY",NA,"Phenology Network","Year = 2018, 2018 | Site Name = Pitcher Pond | Individual ID = 94648"
"Acer rubrum","Last_Yes_DOY Open flowers","132","DOY",NA,"Phenology Network","Year = 2018, 2018 | Site Name = Pitcher Pond | Individual ID = 94648"
"Acer rubrum","First_Yes_DOY Pollen release (flowers)","132","DOY",NA,"Phenology Network","Year = 2018, 2018 | Site Name = Pitcher Pond | Individual ID = 94648"
"Acer rubrum","Last_Yes_DOY Pollen release (flowers)","132","DOY",NA,"Phenology Network","Year = 2018, 2018 | Site Name = Pitcher Pond | Individual ID = 94648"
"Acer saccharinum","First_Yes_DOY Flowers or flower buds","82","DOY",NA,"Phenology Network","Year = 2018, 2018 | Site Name = front yard | Individual ID = 94830"
"Acer saccharinum","Last_Yes_DOY Flowers or flower buds","123","DOY",NA,"Phenology Network","Year = 2018, 2018 | Site Name = front yard | Individual ID = 94830"
"Acer saccharinum","First_Yes_DOY Open flowers","116","DOY",NA,"Phenology Network","Year = 2018, 2018 | Site Name = front yard | Individual ID = 94830"
"Acer saccharinum","Last_Yes_DOY Open flowers","123","DOY",NA,"Phenology Network","Year = 2018, 2018 | Site Name = front yard | Individual ID = 94830"
"Acer saccharinum","First_Yes_DOY Pollen release (flowers)","121","DOY",NA,"Phenology Network","Year = 2018, 2018 | Site Name = front yard | Individual ID = 94830"
"Acer saccharinum","Last_Yes_DOY Pollen release (flowers)","123","DOY",NA,"Phenology Network","Year = 2018, 2018 | Site Name = front yard | Individual ID = 94830"
"Acer saccharinum","First_Yes_DOY Flowers or flower buds","115","DOY",NA,"Phenology Network","Year = 2018, 2018 | Site Name = Home | Individual ID = 102809"
"Acer saccharinum","Last_Yes_DOY Flowers or flower buds","115","DOY",NA,"Phenology Network","Year = 2018, 2018 | Site Name = Home | Individual ID = 102809"
"Acer saccharinum","First_Yes_DOY Open flowers","115","DOY",NA,"Phenology Network","Year = 2018, 2018 | Site Name = Home | Individual ID = 102809"
"Acer saccharinum","Last_Yes_DOY Open flowers","115","DOY",NA,"Phenology Network","Year = 2018, 2018 | Site Name = Home | Individual ID = 102809"
"Acer negundo","First_Yes_DOY Flowers or flower buds","60","DOY",NA,"Phenology Network","Year = 2018, 2018 | Site Name = Home | Individual ID = 103163"
"Acer negundo","Last_Yes_DOY Flowers or flower buds","60","DOY",NA,"Phenology Network","Year = 2018, 2018 | Site Name = Home | Individual ID = 103163"
"Acer rubrum","First_Yes_DOY Flowers or flower buds","114","DOY",NA,"Phenology Network","Year = 2018, 2018 | Site Name = Home | Individual ID = 104208"
"Acer rubrum","Last_Yes_DOY Flowers or flower buds","120","DOY",NA,"Phenology Network","Year = 2018, 2018 | Site Name = Home | Individual ID = 104208"
"Acer rubrum","First_Yes_DOY Open flowers","114","DOY",NA,"Phenology Network","Year = 2018, 2018 | Site Name = Home | Individual ID = 104208"
"Acer rubrum","Last_Yes_DOY Open flowers","120","DOY",NA,"Phenology Network","Year = 2018, 2018 | Site Name = Home | Individual ID = 104208"
"Acer negundo","First_Yes_DOY Flowers or flower buds","126","DOY",NA,"Phenology Network","Year = 2018, 2018 | Site Name = Rapids Lake - Phenology Trail | Individual ID = 111119"
"Acer negundo","Last_Yes_DOY Flowers or flower buds","126","DOY",NA,"Phenology Network","Year = 2018, 2018 | Site Name = Rapids Lake - Phenology Trail | Individual ID = 111119"
"Populus deltoides","First_Yes_DOY Pollen release (flowers)","161","DOY",NA,"Phenology Network","Year = 2018, 2018 | Site Name = Rapids Lake - Phenology Trail | Individual ID = 111120"
"Populus deltoides","Last_Yes_DOY Pollen release (flowers)","161","DOY",NA,"Phenology Network","Year = 2018, 2018 | Site Name = Rapids Lake - Phenology Trail | Individual ID = 111120"
"Populus deltoides","First_Yes_DOY Pollen release (flowers)","161","DOY",NA,"Phenology Network","Year = 2018, 2018 | Site Name = Rapids Lake - Phenology Trail | Individual ID = 111121"
"Populus deltoides","Last_Yes_DOY Pollen release (flowers)","161","DOY",NA,"Phenology Network","Year = 2018, 2018 | Site Name = Rapids Lake - Phenology Trail | Individual ID = 111121"
"Populus deltoides","First_Yes_DOY Flowers or flower buds","121","DOY",NA,"Phenology Network","Year = 2018, 2018 | Site Name = Rapids Lake - Phenology Trail | Individual ID = 111122"
"Populus deltoides","Last_Yes_DOY Flowers or flower buds","121","DOY",NA,"Phenology Network","Year = 2018, 2018 | Site Name = Rapids Lake - Phenology Trail | Individual ID = 111122"
"Populus deltoides","First_Yes_DOY Pollen release (flowers)","161","DOY",NA,"Phenology Network","Year = 2018, 2018 | Site Name = Rapids Lake - Phenology Trail | Individual ID = 111122"
"Populus deltoides","Last_Yes_DOY Pollen release (flowers)","161","DOY",NA,"Phenology Network","Year = 2018, 2018 | Site Name = Rapids Lake - Phenology Trail | Individual ID = 111122"
"Acer rubrum","First_Yes_DOY Flowers or flower buds","120","DOY",NA,"Phenology Network","Year = 2018, 2018 | Site Name = loop trail | Individual ID = 114612"
"Acer rubrum","Last_Yes_DOY Flowers or flower buds","133","DOY",NA,"Phenology Network","Year = 2018, 2018 | Site Name = loop trail | Individual ID = 114612"
"Acer rubrum","First_Yes_DOY Open flowers","120","DOY",NA,"Phenology Network","Year = 2018, 2018 | Site Name = loop trail | Individual ID = 114612"
"Acer rubrum","Last_Yes_DOY Open flowers","133","DOY",NA,"Phenology Network","Year = 2018, 2018 | Site Name = loop trail | Individual ID = 114612"
"Tilia americana","First_Yes_DOY Flowers or flower buds","140","DOY",NA,"Phenology Network","Year = 2018, 2018 | Site Name = loop trail | Individual ID = 114620"
"Tilia americana","Last_Yes_DOY Flowers or flower buds","140","DOY",NA,"Phenology Network","Year = 2018, 2018 | Site Name = loop trail | Individual ID = 114620"
"Tilia americana","First_Yes_DOY Flowers or flower buds","151","DOY",NA,"Phenology Network","Year = 2018, 2018 | Site Name = loop trail | Individual ID = 114620"
"Tilia americana","Last_Yes_DOY Flowers or flower buds","195","DOY",NA,"Phenology Network","Year = 2018, 2018 | Site Name = loop trail | Individual ID = 114620"
"Tilia americana","First_Yes_DOY Open flowers","184","DOY",NA,"Phenology Network","Year = 2018, 2018 | Site Name = loop trail | Individual ID = 114620"
"Tilia americana","Last_Yes_DOY Open flowers","195","DOY",NA,"Phenology Network","Year = 2018, 2018 | Site Name = loop trail | Individual ID = 114620"
"Fraxinus nigra","First_Yes_DOY Flowers or flower buds","133","DOY",NA,"Phenology Network","Year = 2018, 2018 | Site Name = loop trail | Individual ID = 114623"
"Fraxinus nigra","Last_Yes_DOY Flowers or flower buds","143","DOY",NA,"Phenology Network","Year = 2018, 2018 | Site Name = loop trail | Individual ID = 114623"
"Populus grandidentata","First_Yes_DOY Flowers or flower buds","114","DOY",NA,"Phenology Network","Year = 2018, 2018 | Site Name = loop trail | Individual ID = 115237"
"Populus grandidentata","Last_Yes_DOY Flowers or flower buds","126","DOY",NA,"Phenology Network","Year = 2018, 2018 | Site Name = loop trail | Individual ID = 115237"
"Populus grandidentata","First_Yes_DOY Open flowers","120","DOY",NA,"Phenology Network","Year = 2018, 2018 | Site Name = loop trail | Individual ID = 115237"
"Populus grandidentata","Last_Yes_DOY Open flowers","126","DOY",NA,"Phenology Network","Year = 2018, 2018 | Site Name = loop trail | Individual ID = 115237"
"Populus tremuloides","First_Yes_DOY Flowers or flower buds","114","DOY",NA,"Phenology Network","Year = 2018, 2018 | Site Name = loop trail | Individual ID = 115239"
"Populus tremuloides","Last_Yes_DOY Flowers or flower buds","126","DOY",NA,"Phenology Network","Year = 2018, 2018 | Site Name = loop trail | Individual ID = 115239"
"Acer negundo","First_Yes_DOY Flowers or flower buds","126","DOY",NA,"Phenology Network","Year = 2018, 2018 | Site Name = loop trail | Individual ID = 115240"
"Acer negundo","Last_Yes_DOY Flowers or flower buds","136","DOY",NA,"Phenology Network","Year = 2018, 2018 | Site Name = loop trail | Individual ID = 115240"
"Acer negundo","First_Yes_DOY Open flowers","126","DOY",NA,"Phenology Network","Year = 2018, 2018 | Site Name = loop trail | Individual ID = 115240"
"Acer negundo","Last_Yes_DOY Open flowers","136","DOY",NA,"Phenology Network","Year = 2018, 2018 | Site Name = loop trail | Individual ID = 115240"
"Ulmus americana","First_Yes_DOY Flowers or flower buds","120","DOY",NA,"Phenology Network","Year = 2018, 2018 | Site Name = loop trail | Individual ID = 115972"
"Ulmus americana","Last_Yes_DOY Flowers or flower buds","126","DOY",NA,"Phenology Network","Year = 2018, 2018 | Site Name = loop trail | Individual ID = 115972"
"Ulmus americana","First_Yes_DOY Open flowers","120","DOY",NA,"Phenology Network","Year = 2018, 2018 | Site Name = loop trail | Individual ID = 115972"
"Ulmus americana","Last_Yes_DOY Open flowers","126","DOY",NA,"Phenology Network","Year = 2018, 2018 | Site Name = loop trail | Individual ID = 115972"
"Acer negundo","First_Yes_DOY Flowers or flower buds","130","DOY",NA,"Phenology Network","Year = 2018, 2018 | Site Name = Bloomington - Phenology Trail | Individual ID = 116300"
"Acer negundo","Last_Yes_DOY Flowers or flower buds","130","DOY",NA,"Phenology Network","Year = 2018, 2018 | Site Name = Bloomington - Phenology Trail | Individual ID = 116300"
"Acer negundo","First_Yes_DOY Flowers or flower buds","123","DOY",NA,"Phenology Network","Year = 2018, 2018 | Site Name = Bloomington - Phenology Trail | Individual ID = 116301"
"Acer negundo","Last_Yes_DOY Flowers or flower buds","137","DOY",NA,"Phenology Network","Year = 2018, 2018 | Site Name = Bloomington - Phenology Trail | Individual ID = 116301"
"Acer negundo","First_Yes_DOY Open flowers","144","DOY",NA,"Phenology Network","Year = 2018, 2018 | Site Name = Bloomington - Phenology Trail | Individual ID = 116301"
"Acer negundo","Last_Yes_DOY Open flowers","144","DOY",NA,"Phenology Network","Year = 2018, 2018 | Site Name = Bloomington - Phenology Trail | Individual ID = 116301"
"Acer negundo","First_Yes_DOY Open flowers","244","DOY",NA,"Phenology Network","Year = 2018, 2018 | Site Name = Bloomington - Phenology Trail | Individual ID = 116301"
"Acer negundo","Last_Yes_DOY Open flowers","244","DOY",NA,"Phenology Network","Year = 2018, 2018 | Site Name = Bloomington - Phenology Trail | Individual ID = 116301"
"Acer negundo","First_Yes_DOY Flowers or flower buds","130","DOY",NA,"Phenology Network","Year = 2018, 2018 | Site Name = Bloomington - Phenology Trail | Individual ID = 116302"
"Acer negundo","Last_Yes_DOY Flowers or flower buds","130","DOY",NA,"Phenology Network","Year = 2018, 2018 | Site Name = Bloomington - Phenology Trail | Individual ID = 116302"
"Acer negundo","First_Yes_DOY Open flowers","144","DOY",NA,"Phenology Network","Year = 2018, 2018 | Site Name = Bloomington - Phenology Trail | Individual ID = 116302"
"Acer negundo","Last_Yes_DOY Open flowers","144","DOY",NA,"Phenology Network","Year = 2018, 2018 | Site Name = Bloomington - Phenology Trail | Individual ID = 116302"
"Populus deltoides","First_Yes_DOY Flowers or flower buds","123","DOY",NA,"Phenology Network","Year = 2018, 2018 | Site Name = Bloomington - Phenology Trail | Individual ID = 116303"
"Populus deltoides","Last_Yes_DOY Flowers or flower buds","130","DOY",NA,"Phenology Network","Year = 2018, 2018 | Site Name = Bloomington - Phenology Trail | Individual ID = 116303"
"Populus deltoides","First_Yes_DOY Flowers or flower buds","144","DOY",NA,"Phenology Network","Year = 2018, 2018 | Site Name = Bloomington - Phenology Trail | Individual ID = 116303"
"Populus deltoides","Last_Yes_DOY Flowers or flower buds","144","DOY",NA,"Phenology Network","Year = 2018, 2018 | Site Name = Bloomington - Phenology Trail | Individual ID = 116303"
"Populus deltoides","First_Yes_DOY Open flowers","144","DOY",NA,"Phenology Network","Year = 2018, 2018 | Site Name = Bloomington - Phenology Trail | Individual ID = 116303"
"Populus deltoides","Last_Yes_DOY Open flowers","144","DOY",NA,"Phenology Network","Year = 2018, 2018 | Site Name = Bloomington - Phenology Trail | Individual ID = 116303"
"Populus deltoides","First_Yes_DOY Flowers or flower buds","123","DOY",NA,"Phenology Network","Year = 2018, 2018 | Site Name = Bloomington - Phenology Trail | Individual ID = 116304"
"Populus deltoides","Last_Yes_DOY Flowers or flower buds","130","DOY",NA,"Phenology Network","Year = 2018, 2018 | Site Name = Bloomington - Phenology Trail | Individual ID = 116304"
"Populus deltoides","First_Yes_DOY Flowers or flower buds","144","DOY",NA,"Phenology Network","Year = 2018, 2018 | Site Name = Bloomington - Phenology Trail | Individual ID = 116304"
"Populus deltoides","Last_Yes_DOY Flowers or flower buds","144","DOY",NA,"Phenology Network","Year = 2018, 2018 | Site Name = Bloomington - Phenology Trail | Individual ID = 116304"
"Populus deltoides","First_Yes_DOY Open flowers","144","DOY",NA,"Phenology Network","Year = 2018, 2018 | Site Name = Bloomington - Phenology Trail | Individual ID = 116304"
"Populus deltoides","Last_Yes_DOY Open flowers","144","DOY",NA,"Phenology Network","Year = 2018, 2018 | Site Name = Bloomington - Phenology Trail | Individual ID = 116304"
"Populus deltoides","First_Yes_DOY Flowers or flower buds","123","DOY",NA,"Phenology Network","Year = 2018, 2018 | Site Name = Bloomington - Phenology Trail | Individual ID = 116305"
"Populus deltoides","Last_Yes_DOY Flowers or flower buds","130","DOY",NA,"Phenology Network","Year = 2018, 2018 | Site Name = Bloomington - Phenology Trail | Individual ID = 116305"
"Quercus rubra","First_Yes_DOY Flowers or flower buds","123","DOY",NA,"Phenology Network","Year = 2018, 2018 | Site Name = Bloomington - Phenology Trail | Individual ID = 116318"
"Quercus rubra","Last_Yes_DOY Flowers or flower buds","123","DOY",NA,"Phenology Network","Year = 2018, 2018 | Site Name = Bloomington - Phenology Trail | Individual ID = 116318"
"Populus deltoides","First_Yes_DOY Pollen release (flowers)","151","DOY",NA,"Phenology Network","Year = 2018, 2018 | Site Name = Bass Ponds- Phenology Trail | Individual ID = 116990"
"Populus deltoides","Last_Yes_DOY Pollen release (flowers)","151","DOY",NA,"Phenology Network","Year = 2018, 2018 | Site Name = Bass Ponds- Phenology Trail | Individual ID = 116990"
"Populus deltoides","First_Yes_DOY Flowers or flower buds","141","DOY",NA,"Phenology Network","Year = 2018, 2018 | Site Name = Bass Ponds- Phenology Trail | Individual ID = 116991"
"Populus deltoides","Last_Yes_DOY Flowers or flower buds","141","DOY",NA,"Phenology Network","Year = 2018, 2018 | Site Name = Bass Ponds- Phenology Trail | Individual ID = 116991"
"Populus deltoides","First_Yes_DOY Pollen release (flowers)","151","DOY",NA,"Phenology Network","Year = 2018, 2018 | Site Name = Bass Ponds- Phenology Trail | Individual ID = 116991"
"Populus deltoides","Last_Yes_DOY Pollen release (flowers)","151","DOY",NA,"Phenology Network","Year = 2018, 2018 | Site Name = Bass Ponds- Phenology Trail | Individual ID = 116991"
"Fraxinus nigra","First_Yes_DOY Flowers or flower buds","130","DOY",NA,"Phenology Network","Year = 2018, 2018 | Site Name = shingobee lake | Individual ID = 118655"
"Fraxinus nigra","Last_Yes_DOY Flowers or flower buds","144","DOY",NA,"Phenology Network","Year = 2018, 2018 | Site Name = shingobee lake | Individual ID = 118655"
"Populus tremuloides","First_Yes_DOY Flowers or flower buds","76","DOY",NA,"Phenology Network","Year = 2018, 2018 | Site Name = Horton Park | Individual ID = 118745"
"Populus tremuloides","Last_Yes_DOY Flowers or flower buds","122","DOY",NA,"Phenology Network","Year = 2018, 2018 | Site Name = Horton Park | Individual ID = 118745"
"Populus tremuloides","First_Yes_DOY Open flowers","110","DOY",NA,"Phenology Network","Year = 2018, 2018 | Site Name = Horton Park | Individual ID = 118745"
"Populus tremuloides","Last_Yes_DOY Open flowers","122","DOY",NA,"Phenology Network","Year = 2018, 2018 | Site Name = Horton Park | Individual ID = 118745"
"Fraxinus nigra","First_Yes_DOY Flowers or flower buds","130","DOY",NA,"Phenology Network","Year = 2018, 2018 | Site Name = north loop | Individual ID = 119549"
"Fraxinus nigra","Last_Yes_DOY Flowers or flower buds","137","DOY",NA,"Phenology Network","Year = 2018, 2018 | Site Name = north loop | Individual ID = 119549"
"Acer rubrum","First_Yes_DOY Flowers or flower buds","124","DOY",NA,"Phenology Network","Year = 2018, 2018 | Site Name = north loop | Individual ID = 119558"
"Acer rubrum","Last_Yes_DOY Flowers or flower buds","124","DOY",NA,"Phenology Network","Year = 2018, 2018 | Site Name = north loop | Individual ID = 119558"
"Acer rubrum","First_Yes_DOY Open flowers","124","DOY",NA,"Phenology Network","Year = 2018, 2018 | Site Name = north loop | Individual ID = 119558"
"Acer rubrum","Last_Yes_DOY Open flowers","124","DOY",NA,"Phenology Network","Year = 2018, 2018 | Site Name = north loop | Individual ID = 119558"
"Populus deltoides","First_Yes_DOY Flowers or flower buds","112","DOY",NA,"Phenology Network","Year = 2018, 2018 | Site Name = Mississippi Gateway Regional Park | Individual ID = 123963"
"Populus deltoides","Last_Yes_DOY Flowers or flower buds","112","DOY",NA,"Phenology Network","Year = 2018, 2018 | Site Name = Mississippi Gateway Regional Park | Individual ID = 123963"
"Populus deltoides","First_Yes_DOY Flowers or flower buds","126","DOY",NA,"Phenology Network","Year = 2018, 2018 | Site Name = Mississippi Gateway Regional Park | Individual ID = 123963"
"Populus deltoides","Last_Yes_DOY Flowers or flower buds","126","DOY",NA,"Phenology Network","Year = 2018, 2018 | Site Name = Mississippi Gateway Regional Park | Individual ID = 123963"
"Populus deltoides","First_Yes_DOY Flowers or flower buds","176","DOY",NA,"Phenology Network","Year = 2018, 2018 | Site Name = Mississippi Gateway Regional Park | Individual ID = 123963"
"Populus deltoides","Last_Yes_DOY Flowers or flower buds","176","DOY",NA,"Phenology Network","Year = 2018, 2018 | Site Name = Mississippi Gateway Regional Park | Individual ID = 123963"
"Populus deltoides","First_Yes_DOY Open flowers","140","DOY",NA,"Phenology Network","Year = 2018, 2018 | Site Name = Mississippi Gateway Regional Park | Individual ID = 123963"
"Populus deltoides","Last_Yes_DOY Open flowers","140","DOY",NA,"Phenology Network","Year = 2018, 2018 | Site Name = Mississippi Gateway Regional Park | Individual ID = 123963"
"Populus deltoides","First_Yes_DOY Open flowers","176","DOY",NA,"Phenology Network","Year = 2018, 2018 | Site Name = Mississippi Gateway Regional Park | Individual ID = 123963"
"Populus deltoides","Last_Yes_DOY Open flowers","176","DOY",NA,"Phenology Network","Year = 2018, 2018 | Site Name = Mississippi Gateway Regional Park | Individual ID = 123963"
"Populus deltoides","First_Yes_DOY Pollen release (flowers)","140","DOY",NA,"Phenology Network","Year = 2018, 2018 | Site Name = Mississippi Gateway Regional Park | Individual ID = 123963"
"Populus deltoides","Last_Yes_DOY Pollen release (flowers)","140","DOY",NA,"Phenology Network","Year = 2018, 2018 | Site Name = Mississippi Gateway Regional Park | Individual ID = 123963"
"Populus deltoides","First_Yes_DOY Pollen release (flowers)","154","DOY",NA,"Phenology Network","Year = 2018, 2018 | Site Name = Mississippi Gateway Regional Park | Individual ID = 123963"
"Populus deltoides","Last_Yes_DOY Pollen release (flowers)","154","DOY",NA,"Phenology Network","Year = 2018, 2018 | Site Name = Mississippi Gateway Regional Park | Individual ID = 123963"
"Populus deltoides","First_Yes_DOY Pollen release (flowers)","168","DOY",NA,"Phenology Network","Year = 2018, 2018 | Site Name = Mississippi Gateway Regional Park | Individual ID = 123963"
"Populus deltoides","Last_Yes_DOY Pollen release (flowers)","171","DOY",NA,"Phenology Network","Year = 2018, 2018 | Site Name = Mississippi Gateway Regional Park | Individual ID = 123963"
"Populus deltoides","First_Yes_DOY Pollen release (flowers)","176","DOY",NA,"Phenology Network","Year = 2018, 2018 | Site Name = Mississippi Gateway Regional Park | Individual ID = 123963"
"Populus deltoides","Last_Yes_DOY Pollen release (flowers)","176","DOY",NA,"Phenology Network","Year = 2018, 2018 | Site Name = Mississippi Gateway Regional Park | Individual ID = 123963"
"Acer saccharinum","First_Yes_DOY Flowers or flower buds","102","DOY",NA,"Phenology Network","Year = 2018, 2018 | Site Name = Mississippi Gateway Regional Park | Individual ID = 123964"
"Acer saccharinum","Last_Yes_DOY Flowers or flower buds","112","DOY",NA,"Phenology Network","Year = 2018, 2018 | Site Name = Mississippi Gateway Regional Park | Individual ID = 123964"
"Acer saccharinum","First_Yes_DOY Open flowers","112","DOY",NA,"Phenology Network","Year = 2018, 2018 | Site Name = Mississippi Gateway Regional Park | Individual ID = 123964"
"Acer saccharinum","Last_Yes_DOY Open flowers","112","DOY",NA,"Phenology Network","Year = 2018, 2018 | Site Name = Mississippi Gateway Regional Park | Individual ID = 123964"
"Acer saccharinum","First_Yes_DOY Pollen release (flowers)","112","DOY",NA,"Phenology Network","Year = 2018, 2018 | Site Name = Mississippi Gateway Regional Park | Individual ID = 123964"
"Acer saccharinum","Last_Yes_DOY Pollen release (flowers)","112","DOY",NA,"Phenology Network","Year = 2018, 2018 | Site Name = Mississippi Gateway Regional Park | Individual ID = 123964"
"Salix nigra","First_Yes_DOY Flowers or flower buds","136","DOY",NA,"Phenology Network","Year = 2018, 2018 | Site Name = Mississippi Gateway Regional Park | Individual ID = 123965"
"Salix nigra","Last_Yes_DOY Flowers or flower buds","151","DOY",NA,"Phenology Network","Year = 2018, 2018 | Site Name = Mississippi Gateway Regional Park | Individual ID = 123965"
"Salix nigra","First_Yes_DOY Flowers or flower buds","182","DOY",NA,"Phenology Network","Year = 2018, 2018 | Site Name = Mississippi Gateway Regional Park | Individual ID = 123965"
"Salix nigra","Last_Yes_DOY Flowers or flower buds","182","DOY",NA,"Phenology Network","Year = 2018, 2018 | Site Name = Mississippi Gateway Regional Park | Individual ID = 123965"
"Salix nigra","First_Yes_DOY Open flowers","136","DOY",NA,"Phenology Network","Year = 2018, 2018 | Site Name = Mississippi Gateway Regional Park | Individual ID = 123965"
"Salix nigra","Last_Yes_DOY Open flowers","154","DOY",NA,"Phenology Network","Year = 2018, 2018 | Site Name = Mississippi Gateway Regional Park | Individual ID = 123965"
"Salix nigra","First_Yes_DOY Open flowers","168","DOY",NA,"Phenology Network","Year = 2018, 2018 | Site Name = Mississippi Gateway Regional Park | Individual ID = 123965"
"Salix nigra","Last_Yes_DOY Open flowers","168","DOY",NA,"Phenology Network","Year = 2018, 2018 | Site Name = Mississippi Gateway Regional Park | Individual ID = 123965"
"Salix nigra","First_Yes_DOY Open flowers","182","DOY",NA,"Phenology Network","Year = 2018, 2018 | Site Name = Mississippi Gateway Regional Park | Individual ID = 123965"
"Salix nigra","Last_Yes_DOY Open flowers","182","DOY",NA,"Phenology Network","Year = 2018, 2018 | Site Name = Mississippi Gateway Regional Park | Individual ID = 123965"
"Salix nigra","First_Yes_DOY Pollen release (flowers)","140","DOY",NA,"Phenology Network","Year = 2018, 2018 | Site Name = Mississippi Gateway Regional Park | Individual ID = 123965"
"Salix nigra","Last_Yes_DOY Pollen release (flowers)","154","DOY",NA,"Phenology Network","Year = 2018, 2018 | Site Name = Mississippi Gateway Regional Park | Individual ID = 123965"
"Salix nigra","First_Yes_DOY Pollen release (flowers)","168","DOY",NA,"Phenology Network","Year = 2018, 2018 | Site Name = Mississippi Gateway Regional Park | Individual ID = 123965"
"Salix nigra","Last_Yes_DOY Pollen release (flowers)","168","DOY",NA,"Phenology Network","Year = 2018, 2018 | Site Name = Mississippi Gateway Regional Park | Individual ID = 123965"
"Acer rubrum","First_Yes_DOY Flowers or flower buds","60","DOY",NA,"Phenology Network","Year = 2018, 2018 | Site Name = our farm | Individual ID = 123995"
"Acer rubrum","Last_Yes_DOY Flowers or flower buds","137","DOY",NA,"Phenology Network","Year = 2018, 2018 | Site Name = our farm | Individual ID = 123995"
"Acer rubrum","First_Yes_DOY Open flowers","127","DOY",NA,"Phenology Network","Year = 2018, 2018 | Site Name = our farm | Individual ID = 123995"
"Acer rubrum","Last_Yes_DOY Open flowers","137","DOY",NA,"Phenology Network","Year = 2018, 2018 | Site Name = our farm | Individual ID = 123995"
"Acer rubrum","First_Yes_DOY Pollen release (flowers)","127","DOY",NA,"Phenology Network","Year = 2018, 2018 | Site Name = our farm | Individual ID = 123995"
"Acer rubrum","Last_Yes_DOY Pollen release (flowers)","127","DOY",NA,"Phenology Network","Year = 2018, 2018 | Site Name = our farm | Individual ID = 123995"
"Salix nigra","First_Yes_DOY Flowers or flower buds","60","DOY",NA,"Phenology Network","Year = 2018, 2018 | Site Name = our farm | Individual ID = 124815"
"Salix nigra","Last_Yes_DOY Flowers or flower buds","127","DOY",NA,"Phenology Network","Year = 2018, 2018 | Site Name = our farm | Individual ID = 124815"
"Salix nigra","First_Yes_DOY Open flowers","118","DOY",NA,"Phenology Network","Year = 2018, 2018 | Site Name = our farm | Individual ID = 124815"
"Salix nigra","Last_Yes_DOY Open flowers","127","DOY",NA,"Phenology Network","Year = 2018, 2018 | Site Name = our farm | Individual ID = 124815"
"Salix nigra","First_Yes_DOY Pollen release (flowers)","127","DOY",NA,"Phenology Network","Year = 2018, 2018 | Site Name = our farm | Individual ID = 124815"
"Salix nigra","Last_Yes_DOY Pollen release (flowers)","127","DOY",NA,"Phenology Network","Year = 2018, 2018 | Site Name = our farm | Individual ID = 124815"
"Populus tremuloides","First_Yes_DOY Flowers or flower buds","76","DOY",NA,"Phenology Network","Year = 2018, 2018 | Site Name = Horton Park | Individual ID = 127574"
"Populus tremuloides","Last_Yes_DOY Flowers or flower buds","122","DOY",NA,"Phenology Network","Year = 2018, 2018 | Site Name = Horton Park | Individual ID = 127574"
"Populus tremuloides","First_Yes_DOY Open flowers","112","DOY",NA,"Phenology Network","Year = 2018, 2018 | Site Name = Horton Park | Individual ID = 127574"
"Populus tremuloides","Last_Yes_DOY Open flowers","122","DOY",NA,"Phenology Network","Year = 2018, 2018 | Site Name = Horton Park | Individual ID = 127574"
"Acer rubrum","First_Yes_DOY Flowers or flower buds","115","DOY",NA,"Phenology Network","Year = 2018, 2018 | Site Name = Horton Park | Individual ID = 127575"
"Acer rubrum","Last_Yes_DOY Flowers or flower buds","122","DOY",NA,"Phenology Network","Year = 2018, 2018 | Site Name = Horton Park | Individual ID = 127575"
"Acer rubrum","First_Yes_DOY Open flowers","115","DOY",NA,"Phenology Network","Year = 2018, 2018 | Site Name = Horton Park | Individual ID = 127575"
"Acer rubrum","Last_Yes_DOY Open flowers","122","DOY",NA,"Phenology Network","Year = 2018, 2018 | Site Name = Horton Park | Individual ID = 127575"
"Quercus rubra","First_Yes_DOY Flowers or flower buds","125","DOY",NA,"Phenology Network","Year = 2018, 2018 | Site Name = Horton Park | Individual ID = 127576"
"Quercus rubra","Last_Yes_DOY Flowers or flower buds","132","DOY",NA,"Phenology Network","Year = 2018, 2018 | Site Name = Horton Park | Individual ID = 127576"
"Acer rubrum","First_Yes_DOY Flowers or flower buds","119","DOY",NA,"Phenology Network","Year = 2018, 2018 | Site Name = WoodyPuppi Yard | Individual ID = 129696"
"Acer rubrum","Last_Yes_DOY Flowers or flower buds","119","DOY",NA,"Phenology Network","Year = 2018, 2018 | Site Name = WoodyPuppi Yard | Individual ID = 129696"
"Acer rubrum","First_Yes_DOY Flowers or flower buds","135","DOY",NA,"Phenology Network","Year = 2018, 2018 | Site Name = WoodyPuppi Yard | Individual ID = 129696"
"Acer rubrum","Last_Yes_DOY Flowers or flower buds","135","DOY",NA,"Phenology Network","Year = 2018, 2018 | Site Name = WoodyPuppi Yard | Individual ID = 129696"
"Acer rubrum","First_Yes_DOY Open flowers","119","DOY",NA,"Phenology Network","Year = 2018, 2018 | Site Name = WoodyPuppi Yard | Individual ID = 129696"
"Acer rubrum","Last_Yes_DOY Open flowers","119","DOY",NA,"Phenology Network","Year = 2018, 2018 | Site Name = WoodyPuppi Yard | Individual ID = 129696"
"Acer rubrum","First_Yes_DOY Flowers or flower buds","119","DOY",NA,"Phenology Network","Year = 2018, 2018 | Site Name = WoodyPuppi Yard | Individual ID = 129697"
"Acer rubrum","Last_Yes_DOY Flowers or flower buds","119","DOY",NA,"Phenology Network","Year = 2018, 2018 | Site Name = WoodyPuppi Yard | Individual ID = 129697"
"Acer rubrum","First_Yes_DOY Flowers or flower buds","135","DOY",NA,"Phenology Network","Year = 2018, 2018 | Site Name = WoodyPuppi Yard | Individual ID = 129697"
"Acer rubrum","Last_Yes_DOY Flowers or flower buds","135","DOY",NA,"Phenology Network","Year = 2018, 2018 | Site Name = WoodyPuppi Yard | Individual ID = 129697"
"Acer rubrum","First_Yes_DOY Open flowers","119","DOY",NA,"Phenology Network","Year = 2018, 2018 | Site Name = WoodyPuppi Yard | Individual ID = 129697"
"Acer rubrum","Last_Yes_DOY Open flowers","119","DOY",NA,"Phenology Network","Year = 2018, 2018 | Site Name = WoodyPuppi Yard | Individual ID = 129697"
"Acer negundo","First_Yes_DOY Flowers or flower buds","118","DOY",NA,"Phenology Network","Year = 2018, 2018 | Site Name = LCS Outdoor Learning Environment | Individual ID = 129732"
"Acer negundo","Last_Yes_DOY Flowers or flower buds","124","DOY",NA,"Phenology Network","Year = 2018, 2018 | Site Name = LCS Outdoor Learning Environment | Individual ID = 129732"
"Acer negundo","First_Yes_DOY Open flowers","124","DOY",NA,"Phenology Network","Year = 2018, 2018 | Site Name = LCS Outdoor Learning Environment | Individual ID = 129732"
"Acer negundo","Last_Yes_DOY Open flowers","124","DOY",NA,"Phenology Network","Year = 2018, 2018 | Site Name = LCS Outdoor Learning Environment | Individual ID = 129732"
"Acer negundo","First_Yes_DOY Pollen release (flowers)","124","DOY",NA,"Phenology Network","Year = 2018, 2018 | Site Name = LCS Outdoor Learning Environment | Individual ID = 129732"
"Acer negundo","Last_Yes_DOY Pollen release (flowers)","124","DOY",NA,"Phenology Network","Year = 2018, 2018 | Site Name = LCS Outdoor Learning Environment | Individual ID = 129732"
"Quercus alba","First_Yes_DOY Flowers or flower buds","129","DOY",NA,"Phenology Network","Year = 2018, 2018 | Site Name = WoodyPuppi Yard | Individual ID = 131610"
"Quercus alba","Last_Yes_DOY Flowers or flower buds","135","DOY",NA,"Phenology Network","Year = 2018, 2018 | Site Name = WoodyPuppi Yard | Individual ID = 131610"
"Acer saccharinum","First_Yes_DOY Flowers or flower buds","120","DOY",NA,"Phenology Network","Year = 2018, 2018 | Site Name = Home | Individual ID = 131730"
"Acer saccharinum","Last_Yes_DOY Flowers or flower buds","126","DOY",NA,"Phenology Network","Year = 2018, 2018 | Site Name = Home | Individual ID = 131730"
"Acer saccharinum","First_Yes_DOY Open flowers","120","DOY",NA,"Phenology Network","Year = 2018, 2018 | Site Name = Home | Individual ID = 131730"
"Acer saccharinum","Last_Yes_DOY Open flowers","126","DOY",NA,"Phenology Network","Year = 2018, 2018 | Site Name = Home | Individual ID = 131730"
"Acer saccharinum","First_Yes_DOY Pollen release (flowers)","120","DOY",NA,"Phenology Network","Year = 2018, 2018 | Site Name = Home | Individual ID = 131730"
"Acer saccharinum","Last_Yes_DOY Pollen release (flowers)","120","DOY",NA,"Phenology Network","Year = 2018, 2018 | Site Name = Home | Individual ID = 131730"
"Quercus rubra","First_Yes_DOY Flowers or flower buds","124","DOY",NA,"Phenology Network","Year = 2018, 2018 | Site Name = Oak Collection | Individual ID = 132848"
"Quercus rubra","Last_Yes_DOY Flowers or flower buds","137","DOY",NA,"Phenology Network","Year = 2018, 2018 | Site Name = Oak Collection | Individual ID = 132848"
"Quercus rubra","First_Yes_DOY Open flowers","131","DOY",NA,"Phenology Network","Year = 2018, 2018 | Site Name = Oak Collection | Individual ID = 132848"
"Quercus rubra","Last_Yes_DOY Open flowers","137","DOY",NA,"Phenology Network","Year = 2018, 2018 | Site Name = Oak Collection | Individual ID = 132848"
"Quercus rubra","First_Yes_DOY Pollen release (flowers)","131","DOY",NA,"Phenology Network","Year = 2018, 2018 | Site Name = Oak Collection | Individual ID = 132848"
"Quercus rubra","Last_Yes_DOY Pollen release (flowers)","137","DOY",NA,"Phenology Network","Year = 2018, 2018 | Site Name = Oak Collection | Individual ID = 132848"
"Quercus rubra","First_Yes_DOY Flowers or flower buds","130","DOY",NA,"Phenology Network","Year = 2018, 2018 | Site Name = Oak Collection | Individual ID = 132850"
"Quercus rubra","Last_Yes_DOY Flowers or flower buds","137","DOY",NA,"Phenology Network","Year = 2018, 2018 | Site Name = Oak Collection | Individual ID = 132850"
"Quercus rubra","First_Yes_DOY Open flowers","130","DOY",NA,"Phenology Network","Year = 2018, 2018 | Site Name = Oak Collection | Individual ID = 132850"
"Quercus rubra","Last_Yes_DOY Open flowers","137","DOY",NA,"Phenology Network","Year = 2018, 2018 | Site Name = Oak Collection | Individual ID = 132850"
"Quercus velutina","First_Yes_DOY Flowers or flower buds","124","DOY",NA,"Phenology Network","Year = 2018, 2018 | Site Name = Oak Collection | Individual ID = 132853"
"Quercus velutina","Last_Yes_DOY Flowers or flower buds","137","DOY",NA,"Phenology Network","Year = 2018, 2018 | Site Name = Oak Collection | Individual ID = 132853"
"Quercus velutina","First_Yes_DOY Open flowers","131","DOY",NA,"Phenology Network","Year = 2018, 2018 | Site Name = Oak Collection | Individual ID = 132853"
"Quercus velutina","Last_Yes_DOY Open flowers","137","DOY",NA,"Phenology Network","Year = 2018, 2018 | Site Name = Oak Collection | Individual ID = 132853"
"Quercus velutina","First_Yes_DOY Pollen release (flowers)","131","DOY",NA,"Phenology Network","Year = 2018, 2018 | Site Name = Oak Collection | Individual ID = 132853"
"Quercus velutina","Last_Yes_DOY Pollen release (flowers)","137","DOY",NA,"Phenology Network","Year = 2018, 2018 | Site Name = Oak Collection | Individual ID = 132853"
"Quercus velutina","First_Yes_DOY Flowers or flower buds","124","DOY",NA,"Phenology Network","Year = 2018, 2018 | Site Name = Oak Collection | Individual ID = 132855"
"Quercus velutina","Last_Yes_DOY Flowers or flower buds","137","DOY",NA,"Phenology Network","Year = 2018, 2018 | Site Name = Oak Collection | Individual ID = 132855"
"Quercus velutina","First_Yes_DOY Open flowers","131","DOY",NA,"Phenology Network","Year = 2018, 2018 | Site Name = Oak Collection | Individual ID = 132855"
"Quercus velutina","Last_Yes_DOY Open flowers","137","DOY",NA,"Phenology Network","Year = 2018, 2018 | Site Name = Oak Collection | Individual ID = 132855"
"Quercus velutina","First_Yes_DOY Pollen release (flowers)","131","DOY",NA,"Phenology Network","Year = 2018, 2018 | Site Name = Oak Collection | Individual ID = 132855"
"Quercus velutina","Last_Yes_DOY Pollen release (flowers)","137","DOY",NA,"Phenology Network","Year = 2018, 2018 | Site Name = Oak Collection | Individual ID = 132855"
"Quercus alba","First_Yes_DOY Flowers or flower buds","124","DOY",NA,"Phenology Network","Year = 2018, 2018 | Site Name = Oak Collection | Individual ID = 132856"
"Quercus alba","Last_Yes_DOY Flowers or flower buds","137","DOY",NA,"Phenology Network","Year = 2018, 2018 | Site Name = Oak Collection | Individual ID = 132856"
"Quercus alba","First_Yes_DOY Open flowers","131","DOY",NA,"Phenology Network","Year = 2018, 2018 | Site Name = Oak Collection | Individual ID = 132856"
"Quercus alba","Last_Yes_DOY Open flowers","137","DOY",NA,"Phenology Network","Year = 2018, 2018 | Site Name = Oak Collection | Individual ID = 132856"
"Quercus alba","First_Yes_DOY Pollen release (flowers)","131","DOY",NA,"Phenology Network","Year = 2018, 2018 | Site Name = Oak Collection | Individual ID = 132856"
"Quercus alba","Last_Yes_DOY Pollen release (flowers)","137","DOY",NA,"Phenology Network","Year = 2018, 2018 | Site Name = Oak Collection | Individual ID = 132856"
"Quercus velutina","First_Yes_DOY Flowers or flower buds","127","DOY",NA,"Phenology Network","Year = 2018, 2018 | Site Name = Oak Collection | Individual ID = 132857"
"Quercus velutina","Last_Yes_DOY Flowers or flower buds","148","DOY",NA,"Phenology Network","Year = 2018, 2018 | Site Name = Oak Collection | Individual ID = 132857"
"Quercus velutina","First_Yes_DOY Open flowers","148","DOY",NA,"Phenology Network","Year = 2018, 2018 | Site Name = Oak Collection | Individual ID = 132857"
"Quercus velutina","Last_Yes_DOY Open flowers","148","DOY",NA,"Phenology Network","Year = 2018, 2018 | Site Name = Oak Collection | Individual ID = 132857"
"Quercus alba","First_Yes_DOY Flowers or flower buds","130","DOY",NA,"Phenology Network","Year = 2018, 2018 | Site Name = Oak Collection | Individual ID = 132858"
"Quercus alba","Last_Yes_DOY Flowers or flower buds","134","DOY",NA,"Phenology Network","Year = 2018, 2018 | Site Name = Oak Collection | Individual ID = 132858"
"Quercus alba","First_Yes_DOY Pollen release (flowers)","142","DOY",NA,"Phenology Network","Year = 2018, 2018 | Site Name = Oak Collection | Individual ID = 132858"
"Quercus alba","Last_Yes_DOY Pollen release (flowers)","142","DOY",NA,"Phenology Network","Year = 2018, 2018 | Site Name = Oak Collection | Individual ID = 132858"
"Quercus alba","First_Yes_DOY Flowers or flower buds","132","DOY",NA,"Phenology Network","Year = 2018, 2018 | Site Name = Oak Collection | Individual ID = 132860"
"Quercus alba","Last_Yes_DOY Flowers or flower buds","139","DOY",NA,"Phenology Network","Year = 2018, 2018 | Site Name = Oak Collection | Individual ID = 132860"
"Quercus alba","First_Yes_DOY Open flowers","132","DOY",NA,"Phenology Network","Year = 2018, 2018 | Site Name = Oak Collection | Individual ID = 132860"
"Quercus alba","Last_Yes_DOY Open flowers","139","DOY",NA,"Phenology Network","Year = 2018, 2018 | Site Name = Oak Collection | Individual ID = 132860"
"Quercus alba","First_Yes_DOY Pollen release (flowers)","139","DOY",NA,"Phenology Network","Year = 2018, 2018 | Site Name = Oak Collection | Individual ID = 132860"
"Quercus alba","Last_Yes_DOY Pollen release (flowers)","139","DOY",NA,"Phenology Network","Year = 2018, 2018 | Site Name = Oak Collection | Individual ID = 132860"
"Quercus phellos","First_Yes_DOY Flowers or flower buds","127","DOY",NA,"Phenology Network","Year = 2018, 2018 | Site Name = Oak Collection | Individual ID = 132862"
"Quercus phellos","Last_Yes_DOY Flowers or flower buds","127","DOY",NA,"Phenology Network","Year = 2018, 2018 | Site Name = Oak Collection | Individual ID = 132862"
"Quercus phellos","First_Yes_DOY Flowers or flower buds","141","DOY",NA,"Phenology Network","Year = 2018, 2018 | Site Name = Oak Collection | Individual ID = 132862"
"Quercus phellos","Last_Yes_DOY Flowers or flower buds","141","DOY",NA,"Phenology Network","Year = 2018, 2018 | Site Name = Oak Collection | Individual ID = 132862"
"Quercus phellos","First_Yes_DOY Open flowers","141","DOY",NA,"Phenology Network","Year = 2018, 2018 | Site Name = Oak Collection | Individual ID = 132862"
"Quercus phellos","Last_Yes_DOY Open flowers","141","DOY",NA,"Phenology Network","Year = 2018, 2018 | Site Name = Oak Collection | Individual ID = 132862"
"Quercus phellos","First_Yes_DOY Pollen release (flowers)","141","DOY",NA,"Phenology Network","Year = 2018, 2018 | Site Name = Oak Collection | Individual ID = 132862"
"Quercus phellos","Last_Yes_DOY Pollen release (flowers)","141","DOY",NA,"Phenology Network","Year = 2018, 2018 | Site Name = Oak Collection | Individual ID = 132862"
"Quercus imbricaria","First_Yes_DOY Flowers or flower buds","132","DOY",NA,"Phenology Network","Year = 2018, 2018 | Site Name = Oak Collection | Individual ID = 132867"
"Quercus imbricaria","Last_Yes_DOY Flowers or flower buds","139","DOY",NA,"Phenology Network","Year = 2018, 2018 | Site Name = Oak Collection | Individual ID = 132867"
"Quercus imbricaria","First_Yes_DOY Open flowers","139","DOY",NA,"Phenology Network","Year = 2018, 2018 | Site Name = Oak Collection | Individual ID = 132867"
"Quercus imbricaria","Last_Yes_DOY Open flowers","139","DOY",NA,"Phenology Network","Year = 2018, 2018 | Site Name = Oak Collection | Individual ID = 132867"
"Quercus imbricaria","First_Yes_DOY Flowers or flower buds","127","DOY",NA,"Phenology Network","Year = 2018, 2018 | Site Name = Oak Collection | Individual ID = 132868"
"Quercus imbricaria","Last_Yes_DOY Flowers or flower buds","127","DOY",NA,"Phenology Network","Year = 2018, 2018 | Site Name = Oak Collection | Individual ID = 132868"
"Quercus imbricaria","First_Yes_DOY Flowers or flower buds","148","DOY",NA,"Phenology Network","Year = 2018, 2018 | Site Name = Oak Collection | Individual ID = 132868"
"Quercus imbricaria","Last_Yes_DOY Flowers or flower buds","148","DOY",NA,"Phenology Network","Year = 2018, 2018 | Site Name = Oak Collection | Individual ID = 132868"
"Quercus imbricaria","First_Yes_DOY Open flowers","148","DOY",NA,"Phenology Network","Year = 2018, 2018 | Site Name = Oak Collection | Individual ID = 132868"
"Quercus imbricaria","Last_Yes_DOY Open flowers","148","DOY",NA,"Phenology Network","Year = 2018, 2018 | Site Name = Oak Collection | Individual ID = 132868"
"Quercus rubra","First_Yes_DOY Flowers or flower buds","130","DOY",NA,"Phenology Network","Year = 2018, 2018 | Site Name = Oak Collection | Individual ID = 132872"
"Quercus rubra","Last_Yes_DOY Flowers or flower buds","152","DOY",NA,"Phenology Network","Year = 2018, 2018 | Site Name = Oak Collection | Individual ID = 132872"
"Quercus rubra","First_Yes_DOY Open flowers","138","DOY",NA,"Phenology Network","Year = 2018, 2018 | Site Name = Oak Collection | Individual ID = 132872"
"Quercus rubra","Last_Yes_DOY Open flowers","152","DOY",NA,"Phenology Network","Year = 2018, 2018 | Site Name = Oak Collection | Individual ID = 132872"
"Quercus palustris","First_Yes_DOY Flowers or flower buds","110","DOY",NA,"Phenology Network","Year = 2018, 2018 | Site Name = Oak Collection | Individual ID = 132873"
"Quercus palustris","Last_Yes_DOY Flowers or flower buds","138","DOY",NA,"Phenology Network","Year = 2018, 2018 | Site Name = Oak Collection | Individual ID = 132873"
"Quercus palustris","First_Yes_DOY Open flowers","131","DOY",NA,"Phenology Network","Year = 2018, 2018 | Site Name = Oak Collection | Individual ID = 132873"
"Quercus palustris","Last_Yes_DOY Open flowers","138","DOY",NA,"Phenology Network","Year = 2018, 2018 | Site Name = Oak Collection | Individual ID = 132873"
"Quercus palustris","First_Yes_DOY Pollen release (flowers)","131","DOY",NA,"Phenology Network","Year = 2018, 2018 | Site Name = Oak Collection | Individual ID = 132873"
"Quercus palustris","Last_Yes_DOY Pollen release (flowers)","138","DOY",NA,"Phenology Network","Year = 2018, 2018 | Site Name = Oak Collection | Individual ID = 132873"
"Quercus imbricaria","First_Yes_DOY Flowers or flower buds","129","DOY",NA,"Phenology Network","Year = 2018, 2018 | Site Name = Oak Collection | Individual ID = 132879"
"Quercus imbricaria","Last_Yes_DOY Flowers or flower buds","129","DOY",NA,"Phenology Network","Year = 2018, 2018 | Site Name = Oak Collection | Individual ID = 132879"
"Quercus palustris","First_Yes_DOY Flowers or flower buds","129","DOY",NA,"Phenology Network","Year = 2018, 2018 | Site Name = Oak Collection | Individual ID = 132880"
"Quercus palustris","Last_Yes_DOY Flowers or flower buds","129","DOY",NA,"Phenology Network","Year = 2018, 2018 | Site Name = Oak Collection | Individual ID = 132880"
"Acer rubrum","First_Yes_DOY Flowers or flower buds","132","DOY",NA,"Phenology Network","Year = 2018, 2018 | Site Name = Pitcher Pond | Individual ID = 133853"
"Acer rubrum","Last_Yes_DOY Flowers or flower buds","139","DOY",NA,"Phenology Network","Year = 2018, 2018 | Site Name = Pitcher Pond | Individual ID = 133853"
"Acer rubrum","First_Yes_DOY Open flowers","132","DOY",NA,"Phenology Network","Year = 2018, 2018 | Site Name = Pitcher Pond | Individual ID = 133853"
"Acer rubrum","Last_Yes_DOY Open flowers","139","DOY",NA,"Phenology Network","Year = 2018, 2018 | Site Name = Pitcher Pond | Individual ID = 133853"
"Populus balsamifera","First_Yes_DOY Flowers or flower buds","133","DOY",NA,"Phenology Network","Year = 2018, 2018 | Site Name = Home | Individual ID = 134721"
"Populus balsamifera","Last_Yes_DOY Flowers or flower buds","133","DOY",NA,"Phenology Network","Year = 2018, 2018 | Site Name = Home | Individual ID = 134721"
"Populus balsamifera","First_Yes_DOY Open flowers","133","DOY",NA,"Phenology Network","Year = 2018, 2018 | Site Name = Home | Individual ID = 134721"
"Populus balsamifera","Last_Yes_DOY Open flowers","133","DOY",NA,"Phenology Network","Year = 2018, 2018 | Site Name = Home | Individual ID = 134721"
"Populus balsamifera","First_Yes_DOY Pollen release (flowers)","133","DOY",NA,"Phenology Network","Year = 2018, 2018 | Site Name = Home | Individual ID = 134721"
"Populus balsamifera","Last_Yes_DOY Pollen release (flowers)","133","DOY",NA,"Phenology Network","Year = 2018, 2018 | Site Name = Home | Individual ID = 134721"
"Populus grandidentata","First_Yes_DOY Flowers or flower buds","120","DOY",NA,"Phenology Network","Year = 2018, 2018 | Site Name = Home | Individual ID = 134722"
"Populus grandidentata","Last_Yes_DOY Flowers or flower buds","133","DOY",NA,"Phenology Network","Year = 2018, 2018 | Site Name = Home | Individual ID = 134722"
"Populus grandidentata","First_Yes_DOY Open flowers","126","DOY",NA,"Phenology Network","Year = 2018, 2018 | Site Name = Home | Individual ID = 134722"
"Populus grandidentata","Last_Yes_DOY Open flowers","133","DOY",NA,"Phenology Network","Year = 2018, 2018 | Site Name = Home | Individual ID = 134722"
"Populus grandidentata","First_Yes_DOY Pollen release (flowers)","126","DOY",NA,"Phenology Network","Year = 2018, 2018 | Site Name = Home | Individual ID = 134722"
"Populus grandidentata","Last_Yes_DOY Pollen release (flowers)","126","DOY",NA,"Phenology Network","Year = 2018, 2018 | Site Name = Home | Individual ID = 134722"
"Acer negundo","First_Yes_DOY Flowers or flower buds","124","DOY",NA,"Phenology Network","Year = 2018, 2018 | Site Name = north loop | Individual ID = 135315"
"Acer negundo","Last_Yes_DOY Flowers or flower buds","137","DOY",NA,"Phenology Network","Year = 2018, 2018 | Site Name = north loop | Individual ID = 135315"
"Acer negundo","First_Yes_DOY Open flowers","124","DOY",NA,"Phenology Network","Year = 2018, 2018 | Site Name = north loop | Individual ID = 135315"
"Acer negundo","Last_Yes_DOY Open flowers","137","DOY",NA,"Phenology Network","Year = 2018, 2018 | Site Name = north loop | Individual ID = 135315"
"Ulmus americana","First_Yes_DOY Flowers or flower buds","124","DOY",NA,"Phenology Network","Year = 2018, 2018 | Site Name = north loop | Individual ID = 135317"
"Ulmus americana","Last_Yes_DOY Flowers or flower buds","124","DOY",NA,"Phenology Network","Year = 2018, 2018 | Site Name = north loop | Individual ID = 135317"
"Ulmus americana","First_Yes_DOY Open flowers","124","DOY",NA,"Phenology Network","Year = 2018, 2018 | Site Name = north loop | Individual ID = 135317"
"Ulmus americana","Last_Yes_DOY Open flowers","124","DOY",NA,"Phenology Network","Year = 2018, 2018 | Site Name = north loop | Individual ID = 135317"
"Acer saccharinum","First_Yes_DOY Flowers or flower buds","118","DOY",NA,"Phenology Network","Year = 2018, 2018 | Site Name = Our Home | Individual ID = 135802"
"Acer saccharinum","Last_Yes_DOY Flowers or flower buds","125","DOY",NA,"Phenology Network","Year = 2018, 2018 | Site Name = Our Home | Individual ID = 135802"
"Acer saccharinum","First_Yes_DOY Open flowers","118","DOY",NA,"Phenology Network","Year = 2018, 2018 | Site Name = Our Home | Individual ID = 135802"
"Acer saccharinum","Last_Yes_DOY Open flowers","118","DOY",NA,"Phenology Network","Year = 2018, 2018 | Site Name = Our Home | Individual ID = 135802"
"Tilia americana","First_Yes_DOY Flowers or flower buds","158","DOY",NA,"Phenology Network","Year = 2018, 2018 | Site Name = north loop | Individual ID = 138584"
"Tilia americana","Last_Yes_DOY Flowers or flower buds","165","DOY",NA,"Phenology Network","Year = 2018, 2018 | Site Name = north loop | Individual ID = 138584"
"Populus balsamifera","First_Yes_DOY Flowers or flower buds","126","DOY",NA,"Phenology Network","Year = 2018, 2018 | Site Name = loop trail | Individual ID = 141593"
"Populus balsamifera","Last_Yes_DOY Flowers or flower buds","136","DOY",NA,"Phenology Network","Year = 2018, 2018 | Site Name = loop trail | Individual ID = 141593"
"Acer rubrum","First_Yes_DOY Flowers or flower buds","118","DOY",NA,"Phenology Network","Year = 2018, 2018 | Site Name = Native American Medicine Gardens | Individual ID = 141724"
"Acer rubrum","Last_Yes_DOY Flowers or flower buds","122","DOY",NA,"Phenology Network","Year = 2018, 2018 | Site Name = Native American Medicine Gardens | Individual ID = 141724"
"Acer rubrum","First_Yes_DOY Open flowers","118","DOY",NA,"Phenology Network","Year = 2018, 2018 | Site Name = Native American Medicine Gardens | Individual ID = 141724"
"Acer rubrum","Last_Yes_DOY Open flowers","122","DOY",NA,"Phenology Network","Year = 2018, 2018 | Site Name = Native American Medicine Gardens | Individual ID = 141724"
"Quercus rubra","First_Yes_DOY Flowers or flower buds","122","DOY",NA,"Phenology Network","Year = 2018, 2018 | Site Name = Native American Medicine Gardens | Individual ID = 141725"
"Quercus rubra","Last_Yes_DOY Flowers or flower buds","131","DOY",NA,"Phenology Network","Year = 2018, 2018 | Site Name = Native American Medicine Gardens | Individual ID = 141725"
"Populus tremuloides","First_Yes_DOY Flowers or flower buds","109","DOY",NA,"Phenology Network","Year = 2018, 2018 | Site Name = Back Yard | Individual ID = 142365"
"Populus tremuloides","Last_Yes_DOY Flowers or flower buds","125","DOY",NA,"Phenology Network","Year = 2018, 2018 | Site Name = Back Yard | Individual ID = 142365"
"Populus tremuloides","First_Yes_DOY Open flowers","112","DOY",NA,"Phenology Network","Year = 2018, 2018 | Site Name = Back Yard | Individual ID = 142365"
"Populus tremuloides","Last_Yes_DOY Open flowers","125","DOY",NA,"Phenology Network","Year = 2018, 2018 | Site Name = Back Yard | Individual ID = 142365"
"Populus tremuloides","First_Yes_DOY Pollen release (flowers)","118","DOY",NA,"Phenology Network","Year = 2018, 2018 | Site Name = Back Yard | Individual ID = 142365"
"Populus tremuloides","Last_Yes_DOY Pollen release (flowers)","125","DOY",NA,"Phenology Network","Year = 2018, 2018 | Site Name = Back Yard | Individual ID = 142365"
"Quercus alba","First_Yes_DOY Flowers or flower buds","136","DOY",NA,"Phenology Network","Year = 2018, 2018 | Site Name = Silverwood Park VS Oak Savanna | Individual ID = 151500"
"Quercus alba","Last_Yes_DOY Flowers or flower buds","143","DOY",NA,"Phenology Network","Year = 2018, 2018 | Site Name = Silverwood Park VS Oak Savanna | Individual ID = 151500"
"Quercus alba","First_Yes_DOY Flowers or flower buds","297","DOY",NA,"Phenology Network","Year = 2018, 2018 | Site Name = Silverwood Park VS Oak Savanna | Individual ID = 151500"
"Quercus alba","Last_Yes_DOY Flowers or flower buds","297","DOY",NA,"Phenology Network","Year = 2018, 2018 | Site Name = Silverwood Park VS Oak Savanna | Individual ID = 151500"
"Quercus alba","First_Yes_DOY Open flowers","136","DOY",NA,"Phenology Network","Year = 2018, 2018 | Site Name = Silverwood Park VS Oak Savanna | Individual ID = 151500"
"Quercus alba","Last_Yes_DOY Open flowers","143","DOY",NA,"Phenology Network","Year = 2018, 2018 | Site Name = Silverwood Park VS Oak Savanna | Individual ID = 151500"
"Acer saccharinum","First_Yes_DOY Flowers or flower buds","117","DOY",NA,"Phenology Network","Year = 2018, 2018 | Site Name = Albany farm | Individual ID = 154889"
"Acer saccharinum","Last_Yes_DOY Flowers or flower buds","123","DOY",NA,"Phenology Network","Year = 2018, 2018 | Site Name = Albany farm | Individual ID = 154889"
"Acer saccharinum","First_Yes_DOY Open flowers","117","DOY",NA,"Phenology Network","Year = 2018, 2018 | Site Name = Albany farm | Individual ID = 154889"
"Acer saccharinum","Last_Yes_DOY Open flowers","123","DOY",NA,"Phenology Network","Year = 2018, 2018 | Site Name = Albany farm | Individual ID = 154889"
"Acer saccharinum","First_Yes_DOY Pollen release (flowers)","123","DOY",NA,"Phenology Network","Year = 2018, 2018 | Site Name = Albany farm | Individual ID = 154889"
"Acer saccharinum","Last_Yes_DOY Pollen release (flowers)","123","DOY",NA,"Phenology Network","Year = 2018, 2018 | Site Name = Albany farm | Individual ID = 154889"
"Acer rubrum","First_Yes_DOY Flowers or flower buds","72","DOY",NA,"Phenology Network","Year = 2018, 2018 | Site Name = WMU tree stations | Individual ID = 154890"
"Acer rubrum","Last_Yes_DOY Flowers or flower buds","72","DOY",NA,"Phenology Network","Year = 2018, 2018 | Site Name = WMU tree stations | Individual ID = 154890"
"Acer rubrum","First_Yes_DOY Flowers or flower buds","56","DOY",NA,"Phenology Network","Year = 2019, 2019 | Site Name = WMU tree stations | Individual ID = 154890"
"Acer rubrum","Last_Yes_DOY Flowers or flower buds","56","DOY",NA,"Phenology Network","Year = 2019, 2019 | Site Name = WMU tree stations | Individual ID = 154890"
"Populus tremuloides","First_Yes_DOY Flowers or flower buds","119","DOY",NA,"Phenology Network","Year = 2018, 2018 | Site Name = Sugarloaf Cove Nature Center | Individual ID = 157613"
"Populus tremuloides","Last_Yes_DOY Flowers or flower buds","129","DOY",NA,"Phenology Network","Year = 2018, 2018 | Site Name = Sugarloaf Cove Nature Center | Individual ID = 157613"
"Populus tremuloides","First_Yes_DOY Open flowers","122","DOY",NA,"Phenology Network","Year = 2018, 2018 | Site Name = Sugarloaf Cove Nature Center | Individual ID = 157613"
"Populus tremuloides","Last_Yes_DOY Open flowers","122","DOY",NA,"Phenology Network","Year = 2018, 2018 | Site Name = Sugarloaf Cove Nature Center | Individual ID = 157613"
"Populus balsamifera","First_Yes_DOY Flowers or flower buds","119","DOY",NA,"Phenology Network","Year = 2018, 2018 | Site Name = Sugarloaf Cove Nature Center | Individual ID = 157614"
"Populus balsamifera","Last_Yes_DOY Flowers or flower buds","119","DOY",NA,"Phenology Network","Year = 2018, 2018 | Site Name = Sugarloaf Cove Nature Center | Individual ID = 157614"
"Acer rubrum","First_Yes_DOY Flowers or flower buds","72","DOY",NA,"Phenology Network","Year = 2018, 2018 | Site Name = WMU tree stations | Individual ID = 157633"
"Acer rubrum","Last_Yes_DOY Flowers or flower buds","72","DOY",NA,"Phenology Network","Year = 2018, 2018 | Site Name = WMU tree stations | Individual ID = 157633"
"Acer rubrum","First_Yes_DOY Flowers or flower buds","80","DOY",NA,"Phenology Network","Year = 2018, 2018 | Site Name = WMU tree stations | Individual ID = 157633"
"Acer rubrum","Last_Yes_DOY Flowers or flower buds","80","DOY",NA,"Phenology Network","Year = 2018, 2018 | Site Name = WMU tree stations | Individual ID = 157633"
"Acer rubrum","First_Yes_DOY Flowers or flower buds","86","DOY",NA,"Phenology Network","Year = 2018, 2018 | Site Name = WMU tree stations | Individual ID = 157633"
"Acer rubrum","Last_Yes_DOY Flowers or flower buds","86","DOY",NA,"Phenology Network","Year = 2018, 2018 | Site Name = WMU tree stations | Individual ID = 157633"
"Acer rubrum","First_Yes_DOY Flowers or flower buds","93","DOY",NA,"Phenology Network","Year = 2018, 2018 | Site Name = WMU tree stations | Individual ID = 157633"
"Acer rubrum","Last_Yes_DOY Flowers or flower buds","93","DOY",NA,"Phenology Network","Year = 2018, 2018 | Site Name = WMU tree stations | Individual ID = 157633"
"Acer rubrum","First_Yes_DOY Flowers or flower buds","100","DOY",NA,"Phenology Network","Year = 2018, 2018 | Site Name = WMU tree stations | Individual ID = 157633"
"Acer rubrum","Last_Yes_DOY Flowers or flower buds","100","DOY",NA,"Phenology Network","Year = 2018, 2018 | Site Name = WMU tree stations | Individual ID = 157633"
"Acer rubrum","First_Yes_DOY Flowers or flower buds","107","DOY",NA,"Phenology Network","Year = 2018, 2018 | Site Name = WMU tree stations | Individual ID = 157633"
"Acer rubrum","Last_Yes_DOY Flowers or flower buds","107","DOY",NA,"Phenology Network","Year = 2018, 2018 | Site Name = WMU tree stations | Individual ID = 157633"
"Quercus rubra","First_Yes_DOY Flowers or flower buds","91","DOY",NA,"Phenology Network","Year = 2018, 2018 | Site Name = School | Individual ID = 160035"
"Quercus rubra","Last_Yes_DOY Flowers or flower buds","91","DOY",NA,"Phenology Network","Year = 2018, 2018 | Site Name = School | Individual ID = 160035"
"Acer negundo","First_Yes_DOY Flowers or flower buds","116","DOY",NA,"Phenology Network","Year = 2018, 2018 | Site Name = Warner Park | Individual ID = 160677"
"Acer negundo","Last_Yes_DOY Flowers or flower buds","122","DOY",NA,"Phenology Network","Year = 2018, 2018 | Site Name = Warner Park | Individual ID = 160677"
"Populus deltoides","First_Yes_DOY Flowers or flower buds","122","DOY",NA,"Phenology Network","Year = 2018, 2018 | Site Name = Warner Park | Individual ID = 160682"
"Populus deltoides","Last_Yes_DOY Flowers or flower buds","122","DOY",NA,"Phenology Network","Year = 2018, 2018 | Site Name = Warner Park | Individual ID = 160682"
"Acer saccharinum","First_Yes_DOY Flowers or flower buds","101","DOY",NA,"Phenology Network","Year = 2018, 2018 | Site Name = AGSpringFlora | Individual ID = 161261"
"Acer saccharinum","Last_Yes_DOY Flowers or flower buds","122","DOY",NA,"Phenology Network","Year = 2018, 2018 | Site Name = AGSpringFlora | Individual ID = 161261"
"Acer saccharinum","First_Yes_DOY Open flowers","101","DOY",NA,"Phenology Network","Year = 2018, 2018 | Site Name = AGSpringFlora | Individual ID = 161261"
"Acer saccharinum","Last_Yes_DOY Open flowers","122","DOY",NA,"Phenology Network","Year = 2018, 2018 | Site Name = AGSpringFlora | Individual ID = 161261"
"Acer saccharinum","First_Yes_DOY Pollen release (flowers)","101","DOY",NA,"Phenology Network","Year = 2018, 2018 | Site Name = AGSpringFlora | Individual ID = 161261"
"Acer saccharinum","Last_Yes_DOY Pollen release (flowers)","122","DOY",NA,"Phenology Network","Year = 2018, 2018 | Site Name = AGSpringFlora | Individual ID = 161261"
"Acer saccharinum","First_Yes_DOY Flowers or flower buds","102","DOY",NA,"Phenology Network","Year = 2018, 2018 | Site Name = Lunt | Individual ID = 161300"
"Acer saccharinum","Last_Yes_DOY Flowers or flower buds","123","DOY",NA,"Phenology Network","Year = 2018, 2018 | Site Name = Lunt | Individual ID = 161300"
"Acer saccharinum","First_Yes_DOY Open flowers","102","DOY",NA,"Phenology Network","Year = 2018, 2018 | Site Name = Lunt | Individual ID = 161300"
"Acer saccharinum","Last_Yes_DOY Open flowers","123","DOY",NA,"Phenology Network","Year = 2018, 2018 | Site Name = Lunt | Individual ID = 161300"
"Acer rubrum","First_Yes_DOY Flowers or flower buds","95","DOY",NA,"Phenology Network","Year = 2018, 2018 | Site Name = LUC | Individual ID = 161323"
"Acer rubrum","Last_Yes_DOY Flowers or flower buds","106","DOY",NA,"Phenology Network","Year = 2018, 2018 | Site Name = LUC | Individual ID = 161323"
"Acer saccharinum","First_Yes_DOY Flowers or flower buds","114","DOY",NA,"Phenology Network","Year = 2018, 2018 | Site Name = Sibley East Arlington, MN | Individual ID = 161370"
"Acer saccharinum","Last_Yes_DOY Flowers or flower buds","115","DOY",NA,"Phenology Network","Year = 2018, 2018 | Site Name = Sibley East Arlington, MN | Individual ID = 161370"
"Acer saccharinum","First_Yes_DOY Open flowers","114","DOY",NA,"Phenology Network","Year = 2018, 2018 | Site Name = Sibley East Arlington, MN | Individual ID = 161370"
"Acer saccharinum","Last_Yes_DOY Open flowers","115","DOY",NA,"Phenology Network","Year = 2018, 2018 | Site Name = Sibley East Arlington, MN | Individual ID = 161370"
"Fraxinus pennsylvanica","First_Yes_DOY Flowers or flower buds","81","DOY",NA,"Phenology Network","Year = 2018, 2018 | Site Name = LUC Campus | Individual ID = 161401"
"Fraxinus pennsylvanica","Last_Yes_DOY Flowers or flower buds","104","DOY",NA,"Phenology Network","Year = 2018, 2018 | Site Name = LUC Campus | Individual ID = 161401"
"Acer rubrum","First_Yes_DOY Flowers or flower buds","113","DOY",NA,"Phenology Network","Year = 2018, 2018 | Site Name = School | Individual ID = 162259"
"Acer rubrum","Last_Yes_DOY Flowers or flower buds","116","DOY",NA,"Phenology Network","Year = 2018, 2018 | Site Name = School | Individual ID = 162259"
"Acer rubrum","First_Yes_DOY Open flowers","113","DOY",NA,"Phenology Network","Year = 2018, 2018 | Site Name = School | Individual ID = 162259"
"Acer rubrum","Last_Yes_DOY Open flowers","116","DOY",NA,"Phenology Network","Year = 2018, 2018 | Site Name = School | Individual ID = 162259"
"Acer rubrum","First_Yes_DOY Flowers or flower buds","118","DOY",NA,"Phenology Network","Year = 2018, 2018 | Site Name = Home | Individual ID = 162834"
"Acer rubrum","Last_Yes_DOY Flowers or flower buds","129","DOY",NA,"Phenology Network","Year = 2018, 2018 | Site Name = Home | Individual ID = 162834"
"Acer rubrum","First_Yes_DOY Open flowers","120","DOY",NA,"Phenology Network","Year = 2018, 2018 | Site Name = Home | Individual ID = 162834"
"Acer rubrum","Last_Yes_DOY Open flowers","129","DOY",NA,"Phenology Network","Year = 2018, 2018 | Site Name = Home | Individual ID = 162834"
"Acer rubrum","First_Yes_DOY Pollen release (flowers)","121","DOY",NA,"Phenology Network","Year = 2018, 2018 | Site Name = Home | Individual ID = 162834"
"Acer rubrum","Last_Yes_DOY Pollen release (flowers)","126","DOY",NA,"Phenology Network","Year = 2018, 2018 | Site Name = Home | Individual ID = 162834"
"Acer negundo","First_Yes_DOY Flowers or flower buds","120","DOY",NA,"Phenology Network","Year = 2018, 2018 | Site Name = Home | Individual ID = 163231"
"Acer negundo","Last_Yes_DOY Flowers or flower buds","129","DOY",NA,"Phenology Network","Year = 2018, 2018 | Site Name = Home | Individual ID = 163231"
"Acer negundo","First_Yes_DOY Open flowers","120","DOY",NA,"Phenology Network","Year = 2018, 2018 | Site Name = Home | Individual ID = 163231"
"Acer negundo","Last_Yes_DOY Open flowers","129","DOY",NA,"Phenology Network","Year = 2018, 2018 | Site Name = Home | Individual ID = 163231"
"Acer negundo","First_Yes_DOY Pollen release (flowers)","122","DOY",NA,"Phenology Network","Year = 2018, 2018 | Site Name = Home | Individual ID = 163231"
"Acer negundo","Last_Yes_DOY Pollen release (flowers)","122","DOY",NA,"Phenology Network","Year = 2018, 2018 | Site Name = Home | Individual ID = 163231"
"Fraxinus pennsylvanica","First_Yes_DOY Flowers or flower buds","138","DOY",NA,"Phenology Network","Year = 2018, 2018 | Site Name = Home | Individual ID = 163237"
"Fraxinus pennsylvanica","Last_Yes_DOY Flowers or flower buds","138","DOY",NA,"Phenology Network","Year = 2018, 2018 | Site Name = Home | Individual ID = 163237"
"Acer saccharinum","First_Yes_DOY Flowers or flower buds","118","DOY",NA,"Phenology Network","Year = 2018, 2018 | Site Name = back yard | Individual ID = 163241"
"Acer saccharinum","Last_Yes_DOY Flowers or flower buds","120","DOY",NA,"Phenology Network","Year = 2018, 2018 | Site Name = back yard | Individual ID = 163241"
"Acer saccharinum","First_Yes_DOY Flowers or flower buds","144","DOY",NA,"Phenology Network","Year = 2018, 2018 | Site Name = back yard | Individual ID = 163241"
"Acer saccharinum","Last_Yes_DOY Flowers or flower buds","144","DOY",NA,"Phenology Network","Year = 2018, 2018 | Site Name = back yard | Individual ID = 163241"
"Acer saccharinum","First_Yes_DOY Open flowers","120","DOY",NA,"Phenology Network","Year = 2018, 2018 | Site Name = back yard | Individual ID = 163241"
"Acer saccharinum","Last_Yes_DOY Open flowers","128","DOY",NA,"Phenology Network","Year = 2018, 2018 | Site Name = back yard | Individual ID = 163241"
"Acer saccharinum","First_Yes_DOY Open flowers","136","DOY",NA,"Phenology Network","Year = 2018, 2018 | Site Name = back yard | Individual ID = 163241"
"Acer saccharinum","Last_Yes_DOY Open flowers","144","DOY",NA,"Phenology Network","Year = 2018, 2018 | Site Name = back yard | Individual ID = 163241"
"Acer saccharinum","First_Yes_DOY Pollen release (flowers)","120","DOY",NA,"Phenology Network","Year = 2018, 2018 | Site Name = back yard | Individual ID = 163241"
"Acer saccharinum","Last_Yes_DOY Pollen release (flowers)","144","DOY",NA,"Phenology Network","Year = 2018, 2018 | Site Name = back yard | Individual ID = 163241"
"Acer saccharinum","First_Yes_DOY Flowers or flower buds","118","DOY",NA,"Phenology Network","Year = 2018, 2018 | Site Name = Home | Individual ID = 163250"
"Acer saccharinum","Last_Yes_DOY Flowers or flower buds","129","DOY",NA,"Phenology Network","Year = 2018, 2018 | Site Name = Home | Individual ID = 163250"
"Acer saccharinum","First_Yes_DOY Open flowers","124","DOY",NA,"Phenology Network","Year = 2018, 2018 | Site Name = Home | Individual ID = 163250"
"Acer saccharinum","Last_Yes_DOY Open flowers","129","DOY",NA,"Phenology Network","Year = 2018, 2018 | Site Name = Home | Individual ID = 163250"
"Acer rubrum","First_Yes_DOY Open flowers","118","DOY",NA,"Phenology Network","Year = 2018, 2018 | Site Name = Home | Individual ID = 163660"
"Acer rubrum","Last_Yes_DOY Open flowers","118","DOY",NA,"Phenology Network","Year = 2018, 2018 | Site Name = Home | Individual ID = 163660"
"Acer rubrum","First_Yes_DOY Pollen release (flowers)","118","DOY",NA,"Phenology Network","Year = 2018, 2018 | Site Name = Home | Individual ID = 163660"
"Acer rubrum","Last_Yes_DOY Pollen release (flowers)","118","DOY",NA,"Phenology Network","Year = 2018, 2018 | Site Name = Home | Individual ID = 163660"
"Acer saccharinum","First_Yes_DOY Flowers or flower buds","86","DOY",NA,"Phenology Network","Year = 2018, 2018 | Site Name = Lakeview East | Individual ID = 163727"
"Acer saccharinum","Last_Yes_DOY Flowers or flower buds","118","DOY",NA,"Phenology Network","Year = 2018, 2018 | Site Name = Lakeview East | Individual ID = 163727"
"Populus balsamifera","First_Yes_DOY Flowers or flower buds","122","DOY",NA,"Phenology Network","Year = 2018, 2018 | Site Name = Sugarloaf Cove Nature Center | Individual ID = 164314"
"Populus balsamifera","Last_Yes_DOY Flowers or flower buds","129","DOY",NA,"Phenology Network","Year = 2018, 2018 | Site Name = Sugarloaf Cove Nature Center | Individual ID = 164314"
"Acer negundo","First_Yes_DOY Flowers or flower buds","92","DOY",NA,"Phenology Network","Year = 2018, 2018 | Site Name = This Place | Individual ID = 164957"
"Acer negundo","Last_Yes_DOY Flowers or flower buds","92","DOY",NA,"Phenology Network","Year = 2018, 2018 | Site Name = This Place | Individual ID = 164957"
"Acer negundo","First_Yes_DOY Flowers or flower buds","117","DOY",NA,"Phenology Network","Year = 2018, 2018 | Site Name = This Place | Individual ID = 164957"
"Acer negundo","Last_Yes_DOY Flowers or flower buds","123","DOY",NA,"Phenology Network","Year = 2018, 2018 | Site Name = This Place | Individual ID = 164957"
"Acer rubrum","First_Yes_DOY Flowers or flower buds","116","DOY",NA,"Phenology Network","Year = 2018, 2018 | Site Name = Prairie Springs | Individual ID = 165170"
"Acer rubrum","Last_Yes_DOY Flowers or flower buds","116","DOY",NA,"Phenology Network","Year = 2018, 2018 | Site Name = Prairie Springs | Individual ID = 165170"
"Tilia americana","First_Yes_DOY Flowers or flower buds","156","DOY",NA,"Phenology Network","Year = 2018, 2018 | Site Name = marcell experimental forest | Individual ID = 166028"
"Tilia americana","Last_Yes_DOY Flowers or flower buds","156","DOY",NA,"Phenology Network","Year = 2018, 2018 | Site Name = marcell experimental forest | Individual ID = 166028"
"Acer rubrum","First_Yes_DOY Flowers or flower buds","135","DOY",NA,"Phenology Network","Year = 2018, 2018 | Site Name = marcell experimental forest | Individual ID = 166044"
"Acer rubrum","Last_Yes_DOY Flowers or flower buds","135","DOY",NA,"Phenology Network","Year = 2018, 2018 | Site Name = marcell experimental forest | Individual ID = 166044"
"Acer rubrum","First_Yes_DOY Open flowers","135","DOY",NA,"Phenology Network","Year = 2018, 2018 | Site Name = marcell experimental forest | Individual ID = 166044"
"Acer rubrum","Last_Yes_DOY Open flowers","135","DOY",NA,"Phenology Network","Year = 2018, 2018 | Site Name = marcell experimental forest | Individual ID = 166044"
"Quercus rubra","First_Yes_DOY Flowers or flower buds","142","DOY",NA,"Phenology Network","Year = 2018, 2018 | Site Name = Home | Individual ID = 166352"
"Quercus rubra","Last_Yes_DOY Flowers or flower buds","146","DOY",NA,"Phenology Network","Year = 2018, 2018 | Site Name = Home | Individual ID = 166352"
"Acer saccharinum","First_Yes_DOY Flowers or flower buds","102","DOY",NA,"Phenology Network","Year = 2018, 2018 | Site Name = Evanston | Individual ID = 166382"
"Acer saccharinum","Last_Yes_DOY Flowers or flower buds","123","DOY",NA,"Phenology Network","Year = 2018, 2018 | Site Name = Evanston | Individual ID = 166382"
"Acer saccharinum","First_Yes_DOY Flowers or flower buds","137","DOY",NA,"Phenology Network","Year = 2018, 2018 | Site Name = Evanston | Individual ID = 166382"
"Acer saccharinum","Last_Yes_DOY Flowers or flower buds","137","DOY",NA,"Phenology Network","Year = 2018, 2018 | Site Name = Evanston | Individual ID = 166382"
"Acer saccharinum","First_Yes_DOY Open flowers","102","DOY",NA,"Phenology Network","Year = 2018, 2018 | Site Name = Evanston | Individual ID = 166382"
"Acer saccharinum","Last_Yes_DOY Open flowers","123","DOY",NA,"Phenology Network","Year = 2018, 2018 | Site Name = Evanston | Individual ID = 166382"
"Acer saccharinum","First_Yes_DOY Open flowers","137","DOY",NA,"Phenology Network","Year = 2018, 2018 | Site Name = Evanston | Individual ID = 166382"
"Acer saccharinum","Last_Yes_DOY Open flowers","137","DOY",NA,"Phenology Network","Year = 2018, 2018 | Site Name = Evanston | Individual ID = 166382"
"Quercus alba","First_Yes_DOY Flowers or flower buds","131","DOY",NA,"Phenology Network","Year = 2018, 2018 | Site Name = Phenology project | Individual ID = 166837"
"Quercus alba","Last_Yes_DOY Flowers or flower buds","131","DOY",NA,"Phenology Network","Year = 2018, 2018 | Site Name = Phenology project | Individual ID = 166837"
"Quercus alba","First_Yes_DOY Open flowers","131","DOY",NA,"Phenology Network","Year = 2018, 2018 | Site Name = Phenology project | Individual ID = 166837"
"Quercus alba","Last_Yes_DOY Open flowers","131","DOY",NA,"Phenology Network","Year = 2018, 2018 | Site Name = Phenology project | Individual ID = 166837"
"Acer rubrum","First_Yes_DOY Flowers or flower buds","107","DOY",NA,"Phenology Network","Year = 2018, 2018 | Site Name = Ironwood | Individual ID = 167004"
"Acer rubrum","Last_Yes_DOY Flowers or flower buds","107","DOY",NA,"Phenology Network","Year = 2018, 2018 | Site Name = Ironwood | Individual ID = 167004"
"Populus deltoides","First_Yes_DOY Pollen release (flowers)","153","DOY",NA,"Phenology Network","Year = 2018, 2018 | Site Name = Crowley Park | Individual ID = 167756"
"Populus deltoides","Last_Yes_DOY Pollen release (flowers)","153","DOY",NA,"Phenology Network","Year = 2018, 2018 | Site Name = Crowley Park | Individual ID = 167756"
"Salix nigra","First_Yes_DOY Flowers or flower buds","102","DOY",NA,"Phenology Network","Year = 2018, 2018 | Site Name = Lunt | Individual ID = 168001"
"Salix nigra","Last_Yes_DOY Flowers or flower buds","144","DOY",NA,"Phenology Network","Year = 2018, 2018 | Site Name = Lunt | Individual ID = 168001"
"Salix nigra","First_Yes_DOY Open flowers","116","DOY",NA,"Phenology Network","Year = 2018, 2018 | Site Name = Lunt | Individual ID = 168001"
"Salix nigra","Last_Yes_DOY Open flowers","144","DOY",NA,"Phenology Network","Year = 2018, 2018 | Site Name = Lunt | Individual ID = 168001"
"Salix nigra","First_Yes_DOY Pollen release (flowers)","123","DOY",NA,"Phenology Network","Year = 2018, 2018 | Site Name = Lunt | Individual ID = 168001"
"Salix nigra","Last_Yes_DOY Pollen release (flowers)","131","DOY",NA,"Phenology Network","Year = 2018, 2018 | Site Name = Lunt | Individual ID = 168001"
"Acer rubrum","First_Yes_DOY Flowers or flower buds","102","DOY",NA,"Phenology Network","Year = 2018, 2018 | Site Name = Jackson Ave  | Individual ID = 168289"
"Acer rubrum","Last_Yes_DOY Flowers or flower buds","128","DOY",NA,"Phenology Network","Year = 2018, 2018 | Site Name = Jackson Ave  | Individual ID = 168289"
"Acer rubrum","First_Yes_DOY Open flowers","114","DOY",NA,"Phenology Network","Year = 2018, 2018 | Site Name = Jackson Ave  | Individual ID = 168289"
"Acer rubrum","Last_Yes_DOY Open flowers","128","DOY",NA,"Phenology Network","Year = 2018, 2018 | Site Name = Jackson Ave  | Individual ID = 168289"
"Acer rubrum","First_Yes_DOY Open flowers","127","DOY",NA,"Phenology Network","Year = 2018, 2018 | Site Name = TREE_058.phenology.phe - primary | Individual ID = 354823"
"Acer rubrum","Last_Yes_DOY Open flowers","129","DOY",NA,"Phenology Network","Year = 2018, 2018 | Site Name = TREE_058.phenology.phe - primary | Individual ID = 354823"
"Acer rubrum","First_Yes_DOY Open flowers","127","DOY",NA,"Phenology Network","Year = 2018, 2018 | Site Name = TREE_058.phenology.phe - primary | Individual ID = 354829"
"Acer rubrum","Last_Yes_DOY Open flowers","127","DOY",NA,"Phenology Network","Year = 2018, 2018 | Site Name = TREE_058.phenology.phe - primary | Individual ID = 354829"
"Acer rubrum","First_Yes_DOY Open flowers","127","DOY",NA,"Phenology Network","Year = 2018, 2018 | Site Name = TREE_058.phenology.phe - primary | Individual ID = 354830"
"Acer rubrum","Last_Yes_DOY Open flowers","129","DOY",NA,"Phenology Network","Year = 2018, 2018 | Site Name = TREE_058.phenology.phe - primary | Individual ID = 354830"
"Acer rubrum","First_Yes_DOY Open flowers","127","DOY",NA,"Phenology Network","Year = 2018, 2018 | Site Name = TREE_058.phenology.phe - primary | Individual ID = 354833"
"Acer rubrum","Last_Yes_DOY Open flowers","127","DOY",NA,"Phenology Network","Year = 2018, 2018 | Site Name = TREE_058.phenology.phe - primary | Individual ID = 354833"
"Acer rubrum","First_Yes_DOY Open flowers","127","DOY",NA,"Phenology Network","Year = 2018, 2018 | Site Name = TREE_058.phenology.phe - primary | Individual ID = 354842"
"Acer rubrum","Last_Yes_DOY Open flowers","127","DOY",NA,"Phenology Network","Year = 2018, 2018 | Site Name = TREE_058.phenology.phe - primary | Individual ID = 354842"
"Acer rubrum","First_Yes_DOY Open flowers","127","DOY",NA,"Phenology Network","Year = 2018, 2018 | Site Name = TREE_058.phenology.phe - primary | Individual ID = 354843"
"Acer rubrum","Last_Yes_DOY Open flowers","127","DOY",NA,"Phenology Network","Year = 2018, 2018 | Site Name = TREE_058.phenology.phe - primary | Individual ID = 354843"
"Acer rubrum","First_Yes_DOY Open flowers","127","DOY",NA,"Phenology Network","Year = 2018, 2018 | Site Name = TREE_058.phenology.phe - primary | Individual ID = 354844"
"Acer rubrum","Last_Yes_DOY Open flowers","127","DOY",NA,"Phenology Network","Year = 2018, 2018 | Site Name = TREE_058.phenology.phe - primary | Individual ID = 354844"
"Acer rubrum","First_Yes_DOY Open flowers","127","DOY",NA,"Phenology Network","Year = 2018, 2018 | Site Name = TREE_058.phenology.phe - primary | Individual ID = 354849"
"Acer rubrum","Last_Yes_DOY Open flowers","127","DOY",NA,"Phenology Network","Year = 2018, 2018 | Site Name = TREE_058.phenology.phe - primary | Individual ID = 354849"
"Acer rubrum","First_Yes_DOY Open flowers","127","DOY",NA,"Phenology Network","Year = 2018, 2018 | Site Name = TREE_058.phenology.phe - primary | Individual ID = 354854"
"Acer rubrum","Last_Yes_DOY Open flowers","127","DOY",NA,"Phenology Network","Year = 2018, 2018 | Site Name = TREE_058.phenology.phe - primary | Individual ID = 354854"
"Acer rubrum","First_Yes_DOY Open flowers","127","DOY",NA,"Phenology Network","Year = 2018, 2018 | Site Name = TREE_058.phenology.phe - primary | Individual ID = 354863"
"Acer rubrum","Last_Yes_DOY Open flowers","127","DOY",NA,"Phenology Network","Year = 2018, 2018 | Site Name = TREE_058.phenology.phe - primary | Individual ID = 354863"
"Acer rubrum","First_Yes_DOY Open flowers","129","DOY",NA,"Phenology Network","Year = 2018, 2018 | Site Name = TREE_058.phenology.phe - primary | Individual ID = 354871"
"Acer rubrum","Last_Yes_DOY Open flowers","129","DOY",NA,"Phenology Network","Year = 2018, 2018 | Site Name = TREE_058.phenology.phe - primary | Individual ID = 354871"
"Acer rubrum","First_Yes_DOY Open flowers","127","DOY",NA,"Phenology Network","Year = 2018, 2018 | Site Name = TREE_058.phenology.phe - primary | Individual ID = 354879"
"Acer rubrum","Last_Yes_DOY Open flowers","127","DOY",NA,"Phenology Network","Year = 2018, 2018 | Site Name = TREE_058.phenology.phe - primary | Individual ID = 354879"
"Acer rubrum","First_Yes_DOY Open flowers","127","DOY",NA,"Phenology Network","Year = 2018, 2018 | Site Name = TREE_058.phenology.phe - primary | Individual ID = 354880"
"Acer rubrum","Last_Yes_DOY Open flowers","127","DOY",NA,"Phenology Network","Year = 2018, 2018 | Site Name = TREE_058.phenology.phe - primary | Individual ID = 354880"
"Acer rubrum","First_Yes_DOY Open flowers","127","DOY",NA,"Phenology Network","Year = 2018, 2018 | Site Name = TREE_058.phenology.phe - primary | Individual ID = 354881"
"Acer rubrum","Last_Yes_DOY Open flowers","127","DOY",NA,"Phenology Network","Year = 2018, 2018 | Site Name = TREE_058.phenology.phe - primary | Individual ID = 354881"
"Acer rubrum","First_Yes_DOY Open flowers","127","DOY",NA,"Phenology Network","Year = 2018, 2018 | Site Name = TREE_058.phenology.phe - primary | Individual ID = 354882"
"Acer rubrum","Last_Yes_DOY Open flowers","127","DOY",NA,"Phenology Network","Year = 2018, 2018 | Site Name = TREE_058.phenology.phe - primary | Individual ID = 354882"
"Acer rubrum","First_Yes_DOY Open flowers","127","DOY",NA,"Phenology Network","Year = 2018, 2018 | Site Name = TREE_058.phenology.phe - primary | Individual ID = 354883"
"Acer rubrum","Last_Yes_DOY Open flowers","127","DOY",NA,"Phenology Network","Year = 2018, 2018 | Site Name = TREE_058.phenology.phe - primary | Individual ID = 354883"
"Acer rubrum","First_Yes_DOY Open flowers","127","DOY",NA,"Phenology Network","Year = 2018, 2018 | Site Name = TREE_058.phenology.phe - primary | Individual ID = 354885"
"Acer rubrum","Last_Yes_DOY Open flowers","127","DOY",NA,"Phenology Network","Year = 2018, 2018 | Site Name = TREE_058.phenology.phe - primary | Individual ID = 354885"
"Acer rubrum","First_Yes_DOY Open flowers","127","DOY",NA,"Phenology Network","Year = 2018, 2018 | Site Name = TREE_058.phenology.phe - primary | Individual ID = 354886"
"Acer rubrum","Last_Yes_DOY Open flowers","129","DOY",NA,"Phenology Network","Year = 2018, 2018 | Site Name = TREE_058.phenology.phe - primary | Individual ID = 354886"
"Acer rubrum","First_Yes_DOY Open flowers","127","DOY",NA,"Phenology Network","Year = 2018, 2018 | Site Name = TREE_058.phenology.phe - primary | Individual ID = 354887"
"Acer rubrum","Last_Yes_DOY Open flowers","127","DOY",NA,"Phenology Network","Year = 2018, 2018 | Site Name = TREE_058.phenology.phe - primary | Individual ID = 354887"
"Acer rubrum","First_Yes_DOY Open flowers","129","DOY",NA,"Phenology Network","Year = 2018, 2018 | Site Name = TREE_058.phenology.phe - primary | Individual ID = 354889"
"Acer rubrum","Last_Yes_DOY Open flowers","129","DOY",NA,"Phenology Network","Year = 2018, 2018 | Site Name = TREE_058.phenology.phe - primary | Individual ID = 354889"
"Acer rubrum","First_Yes_DOY Open flowers","127","DOY",NA,"Phenology Network","Year = 2018, 2018 | Site Name = TREE_058.phenology.phe - primary | Individual ID = 354893"
"Acer rubrum","Last_Yes_DOY Open flowers","129","DOY",NA,"Phenology Network","Year = 2018, 2018 | Site Name = TREE_058.phenology.phe - primary | Individual ID = 354893"
"Acer rubrum","First_Yes_DOY Open flowers","127","DOY",NA,"Phenology Network","Year = 2018, 2018 | Site Name = TREE_058.phenology.phe - primary | Individual ID = 354900"
"Acer rubrum","Last_Yes_DOY Open flowers","127","DOY",NA,"Phenology Network","Year = 2018, 2018 | Site Name = TREE_058.phenology.phe - primary | Individual ID = 354900"
"Acer rubrum","First_Yes_DOY Open flowers","127","DOY",NA,"Phenology Network","Year = 2018, 2018 | Site Name = TREE_058.phenology.phe - primary | Individual ID = 354902"
"Acer rubrum","Last_Yes_DOY Open flowers","127","DOY",NA,"Phenology Network","Year = 2018, 2018 | Site Name = TREE_058.phenology.phe - primary | Individual ID = 354902"
"Acer rubrum","First_Yes_DOY Open flowers","127","DOY",NA,"Phenology Network","Year = 2018, 2018 | Site Name = TREE_058.phenology.phe - primary | Individual ID = 354904"
"Acer rubrum","Last_Yes_DOY Open flowers","129","DOY",NA,"Phenology Network","Year = 2018, 2018 | Site Name = TREE_058.phenology.phe - primary | Individual ID = 354904"
"Acer rubrum","First_Yes_DOY Open flowers","127","DOY",NA,"Phenology Network","Year = 2018, 2018 | Site Name = TREE_058.phenology.phe - primary | Individual ID = 354907"
"Acer rubrum","Last_Yes_DOY Open flowers","129","DOY",NA,"Phenology Network","Year = 2018, 2018 | Site Name = TREE_058.phenology.phe - primary | Individual ID = 354907"
"Acer rubrum","First_Yes_DOY Open flowers","127","DOY",NA,"Phenology Network","Year = 2018, 2018 | Site Name = TREE_058.phenology.phe - primary | Individual ID = 354908"
"Acer rubrum","Last_Yes_DOY Open flowers","127","DOY",NA,"Phenology Network","Year = 2018, 2018 | Site Name = TREE_058.phenology.phe - primary | Individual ID = 354908"
"Acer rubrum","First_Yes_DOY Flowers or flower buds","103","DOY",NA,"Phenology Network","Year = 2019, 2019 | Site Name = PPN_9200010 | Individual ID = 1977"
"Acer rubrum","Last_Yes_DOY Flowers or flower buds","122","DOY",NA,"Phenology Network","Year = 2019, 2019 | Site Name = PPN_9200010 | Individual ID = 1977"
"Acer rubrum","First_Yes_DOY Open flowers","103","DOY",NA,"Phenology Network","Year = 2019, 2019 | Site Name = PPN_9200010 | Individual ID = 1977"
"Acer rubrum","Last_Yes_DOY Open flowers","122","DOY",NA,"Phenology Network","Year = 2019, 2019 | Site Name = PPN_9200010 | Individual ID = 1977"
"Acer rubrum","First_Yes_DOY Flowers or flower buds","97","DOY",NA,"Phenology Network","Year = 2019, 2019 | Site Name = backyard | Individual ID = 2321"
"Acer rubrum","Last_Yes_DOY Flowers or flower buds","103","DOY",NA,"Phenology Network","Year = 2019, 2019 | Site Name = backyard | Individual ID = 2321"
"Acer rubrum","First_Yes_DOY Open flowers","103","DOY",NA,"Phenology Network","Year = 2019, 2019 | Site Name = backyard | Individual ID = 2321"
"Acer rubrum","Last_Yes_DOY Open flowers","103","DOY",NA,"Phenology Network","Year = 2019, 2019 | Site Name = backyard | Individual ID = 2321"
"Acer rubrum","First_Yes_DOY Flowers or flower buds","100","DOY",NA,"Phenology Network","Year = 2019, 2019 | Site Name = backyard | Individual ID = 2448"
"Acer rubrum","Last_Yes_DOY Flowers or flower buds","111","DOY",NA,"Phenology Network","Year = 2019, 2019 | Site Name = backyard | Individual ID = 2448"
"Acer rubrum","First_Yes_DOY Open flowers","100","DOY",NA,"Phenology Network","Year = 2019, 2019 | Site Name = backyard | Individual ID = 2448"
"Acer rubrum","Last_Yes_DOY Open flowers","111","DOY",NA,"Phenology Network","Year = 2019, 2019 | Site Name = backyard | Individual ID = 2448"
"Acer rubrum","First_Yes_DOY Flowers or flower buds","123","DOY",NA,"Phenology Network","Year = 2019, 2019 | Site Name = Beckman Lake Highland (Cedar Creek LTER) | Individual ID = 3813"
"Acer rubrum","Last_Yes_DOY Flowers or flower buds","123","DOY",NA,"Phenology Network","Year = 2019, 2019 | Site Name = Beckman Lake Highland (Cedar Creek LTER) | Individual ID = 3813"
"Acer rubrum","First_Yes_DOY Open flowers","123","DOY",NA,"Phenology Network","Year = 2019, 2019 | Site Name = Beckman Lake Highland (Cedar Creek LTER) | Individual ID = 3813"
"Acer rubrum","Last_Yes_DOY Open flowers","123","DOY",NA,"Phenology Network","Year = 2019, 2019 | Site Name = Beckman Lake Highland (Cedar Creek LTER) | Individual ID = 3813"
"Acer rubrum","First_Yes_DOY Flowers or flower buds","114","DOY",NA,"Phenology Network","Year = 2019, 2019 | Site Name = Home | Individual ID = 5081"
"Acer rubrum","Last_Yes_DOY Flowers or flower buds","131","DOY",NA,"Phenology Network","Year = 2019, 2019 | Site Name = Home | Individual ID = 5081"
"Acer rubrum","First_Yes_DOY Open flowers","119","DOY",NA,"Phenology Network","Year = 2019, 2019 | Site Name = Home | Individual ID = 5081"
"Acer rubrum","Last_Yes_DOY Open flowers","131","DOY",NA,"Phenology Network","Year = 2019, 2019 | Site Name = Home | Individual ID = 5081"
"Acer rubrum","First_Yes_DOY Pollen release (flowers)","119","DOY",NA,"Phenology Network","Year = 2019, 2019 | Site Name = Home | Individual ID = 5081"
"Acer rubrum","Last_Yes_DOY Pollen release (flowers)","131","DOY",NA,"Phenology Network","Year = 2019, 2019 | Site Name = Home | Individual ID = 5081"
"Populus tremuloides","First_Yes_DOY Flowers or flower buds","84","DOY",NA,"Phenology Network","Year = 2019, 2019 | Site Name = Home | Individual ID = 5082"
"Populus tremuloides","Last_Yes_DOY Flowers or flower buds","124","DOY",NA,"Phenology Network","Year = 2019, 2019 | Site Name = Home | Individual ID = 5082"
"Populus tremuloides","First_Yes_DOY Flowers or flower buds","55","DOY",NA,"Phenology Network","Year = 2020, 2020 | Site Name = Home | Individual ID = 5082"
"Populus tremuloides","Last_Yes_DOY Flowers or flower buds","55","DOY",NA,"Phenology Network","Year = 2020, 2020 | Site Name = Home | Individual ID = 5082"
"Populus tremuloides","First_Yes_DOY Open flowers","110","DOY",NA,"Phenology Network","Year = 2019, 2019 | Site Name = Home | Individual ID = 5082"
"Populus tremuloides","Last_Yes_DOY Open flowers","114","DOY",NA,"Phenology Network","Year = 2019, 2019 | Site Name = Home | Individual ID = 5082"
"Populus tremuloides","First_Yes_DOY Open flowers","119","DOY",NA,"Phenology Network","Year = 2019, 2019 | Site Name = Home | Individual ID = 5082"
"Populus tremuloides","Last_Yes_DOY Open flowers","119","DOY",NA,"Phenology Network","Year = 2019, 2019 | Site Name = Home | Individual ID = 5082"
"Populus tremuloides","First_Yes_DOY Pollen release (flowers)","114","DOY",NA,"Phenology Network","Year = 2019, 2019 | Site Name = Home | Individual ID = 5082"
"Populus tremuloides","Last_Yes_DOY Pollen release (flowers)","114","DOY",NA,"Phenology Network","Year = 2019, 2019 | Site Name = Home | Individual ID = 5082"
"Quercus alba","First_Yes_DOY Open flowers","151","DOY",NA,"Phenology Network","Year = 2019, 2019 | Site Name = Cedar Bog Lake Highland 1 | Individual ID = 5103"
"Quercus alba","Last_Yes_DOY Open flowers","151","DOY",NA,"Phenology Network","Year = 2019, 2019 | Site Name = Cedar Bog Lake Highland 1 | Individual ID = 5103"
"Quercus rubra","First_Yes_DOY Flowers or flower buds","123","DOY",NA,"Phenology Network","Year = 2019, 2019 | Site Name = Cedar Bog Lake Highland 1 | Individual ID = 5104"
"Quercus rubra","Last_Yes_DOY Flowers or flower buds","144","DOY",NA,"Phenology Network","Year = 2019, 2019 | Site Name = Cedar Bog Lake Highland 1 | Individual ID = 5104"
"Quercus rubra","First_Yes_DOY Flowers or flower buds","158","DOY",NA,"Phenology Network","Year = 2019, 2019 | Site Name = Cedar Bog Lake Highland 1 | Individual ID = 5104"
"Quercus rubra","Last_Yes_DOY Flowers or flower buds","158","DOY",NA,"Phenology Network","Year = 2019, 2019 | Site Name = Cedar Bog Lake Highland 1 | Individual ID = 5104"
"Quercus rubra","First_Yes_DOY Open flowers","144","DOY",NA,"Phenology Network","Year = 2019, 2019 | Site Name = Cedar Bog Lake Highland 1 | Individual ID = 5104"
"Quercus rubra","Last_Yes_DOY Open flowers","144","DOY",NA,"Phenology Network","Year = 2019, 2019 | Site Name = Cedar Bog Lake Highland 1 | Individual ID = 5104"
"Quercus rubra","First_Yes_DOY Open flowers","158","DOY",NA,"Phenology Network","Year = 2019, 2019 | Site Name = Cedar Bog Lake Highland 1 | Individual ID = 5104"
"Quercus rubra","Last_Yes_DOY Open flowers","158","DOY",NA,"Phenology Network","Year = 2019, 2019 | Site Name = Cedar Bog Lake Highland 1 | Individual ID = 5104"
"Quercus alba","First_Yes_DOY Flowers or flower buds","144","DOY",NA,"Phenology Network","Year = 2019, 2019 | Site Name = Cedar Bog Lake Highland 1 | Individual ID = 5105"
"Quercus alba","Last_Yes_DOY Flowers or flower buds","144","DOY",NA,"Phenology Network","Year = 2019, 2019 | Site Name = Cedar Bog Lake Highland 1 | Individual ID = 5105"
"Quercus alba","First_Yes_DOY Open flowers","144","DOY",NA,"Phenology Network","Year = 2019, 2019 | Site Name = Cedar Bog Lake Highland 1 | Individual ID = 5105"
"Quercus alba","Last_Yes_DOY Open flowers","144","DOY",NA,"Phenology Network","Year = 2019, 2019 | Site Name = Cedar Bog Lake Highland 1 | Individual ID = 5105"
"Quercus rubra","First_Yes_DOY Flowers or flower buds","123","DOY",NA,"Phenology Network","Year = 2019, 2019 | Site Name = Cedar Bog Lake Highland 2 | Individual ID = 5106"
"Quercus rubra","Last_Yes_DOY Flowers or flower buds","144","DOY",NA,"Phenology Network","Year = 2019, 2019 | Site Name = Cedar Bog Lake Highland 2 | Individual ID = 5106"
"Quercus rubra","First_Yes_DOY Flowers or flower buds","158","DOY",NA,"Phenology Network","Year = 2019, 2019 | Site Name = Cedar Bog Lake Highland 2 | Individual ID = 5106"
"Quercus rubra","Last_Yes_DOY Flowers or flower buds","158","DOY",NA,"Phenology Network","Year = 2019, 2019 | Site Name = Cedar Bog Lake Highland 2 | Individual ID = 5106"
"Quercus rubra","First_Yes_DOY Open flowers","144","DOY",NA,"Phenology Network","Year = 2019, 2019 | Site Name = Cedar Bog Lake Highland 2 | Individual ID = 5106"
"Quercus rubra","Last_Yes_DOY Open flowers","144","DOY",NA,"Phenology Network","Year = 2019, 2019 | Site Name = Cedar Bog Lake Highland 2 | Individual ID = 5106"
"Quercus rubra","First_Yes_DOY Open flowers","158","DOY",NA,"Phenology Network","Year = 2019, 2019 | Site Name = Cedar Bog Lake Highland 2 | Individual ID = 5106"
"Quercus rubra","Last_Yes_DOY Open flowers","158","DOY",NA,"Phenology Network","Year = 2019, 2019 | Site Name = Cedar Bog Lake Highland 2 | Individual ID = 5106"
"Quercus rubra","First_Yes_DOY Flowers or flower buds","123","DOY",NA,"Phenology Network","Year = 2019, 2019 | Site Name = Beckman Lake Highland (Cedar Creek LTER) | Individual ID = 5109"
"Quercus rubra","Last_Yes_DOY Flowers or flower buds","144","DOY",NA,"Phenology Network","Year = 2019, 2019 | Site Name = Beckman Lake Highland (Cedar Creek LTER) | Individual ID = 5109"
"Quercus rubra","First_Yes_DOY Open flowers","127","DOY",NA,"Phenology Network","Year = 2019, 2019 | Site Name = Beckman Lake Highland (Cedar Creek LTER) | Individual ID = 5109"
"Quercus rubra","Last_Yes_DOY Open flowers","144","DOY",NA,"Phenology Network","Year = 2019, 2019 | Site Name = Beckman Lake Highland (Cedar Creek LTER) | Individual ID = 5109"
"Quercus alba","First_Yes_DOY Flowers or flower buds","127","DOY",NA,"Phenology Network","Year = 2019, 2019 | Site Name = Beckman Lake Highland (Cedar Creek LTER) | Individual ID = 5110"
"Quercus alba","Last_Yes_DOY Flowers or flower buds","134","DOY",NA,"Phenology Network","Year = 2019, 2019 | Site Name = Beckman Lake Highland (Cedar Creek LTER) | Individual ID = 5110"
"Quercus alba","First_Yes_DOY Flowers or flower buds","158","DOY",NA,"Phenology Network","Year = 2019, 2019 | Site Name = Beckman Lake Highland (Cedar Creek LTER) | Individual ID = 5110"
"Quercus alba","Last_Yes_DOY Flowers or flower buds","158","DOY",NA,"Phenology Network","Year = 2019, 2019 | Site Name = Beckman Lake Highland (Cedar Creek LTER) | Individual ID = 5110"
"Quercus alba","First_Yes_DOY Open flowers","158","DOY",NA,"Phenology Network","Year = 2019, 2019 | Site Name = Beckman Lake Highland (Cedar Creek LTER) | Individual ID = 5110"
"Quercus alba","Last_Yes_DOY Open flowers","158","DOY",NA,"Phenology Network","Year = 2019, 2019 | Site Name = Beckman Lake Highland (Cedar Creek LTER) | Individual ID = 5110"
"Populus tremuloides","First_Yes_DOY Flowers or flower buds","99","DOY",NA,"Phenology Network","Year = 2019, 2019 | Site Name = Montgomery/WeiblenHome | Individual ID = 11360"
"Populus tremuloides","Last_Yes_DOY Flowers or flower buds","112","DOY",NA,"Phenology Network","Year = 2019, 2019 | Site Name = Montgomery/WeiblenHome | Individual ID = 11360"
"Populus tremuloides","First_Yes_DOY Open flowers","99","DOY",NA,"Phenology Network","Year = 2019, 2019 | Site Name = Montgomery/WeiblenHome | Individual ID = 11360"
"Populus tremuloides","Last_Yes_DOY Open flowers","112","DOY",NA,"Phenology Network","Year = 2019, 2019 | Site Name = Montgomery/WeiblenHome | Individual ID = 11360"
"Acer negundo","First_Yes_DOY Flowers or flower buds","115","DOY",NA,"Phenology Network","Year = 2019, 2019 | Site Name = my yard | Individual ID = 25776"
"Acer negundo","Last_Yes_DOY Flowers or flower buds","130","DOY",NA,"Phenology Network","Year = 2019, 2019 | Site Name = my yard | Individual ID = 25776"
"Acer negundo","First_Yes_DOY Open flowers","121","DOY",NA,"Phenology Network","Year = 2019, 2019 | Site Name = my yard | Individual ID = 25776"
"Acer negundo","Last_Yes_DOY Open flowers","130","DOY",NA,"Phenology Network","Year = 2019, 2019 | Site Name = my yard | Individual ID = 25776"
"Acer negundo","First_Yes_DOY Open flowers","146","DOY",NA,"Phenology Network","Year = 2019, 2019 | Site Name = my yard | Individual ID = 25776"
"Acer negundo","Last_Yes_DOY Open flowers","146","DOY",NA,"Phenology Network","Year = 2019, 2019 | Site Name = my yard | Individual ID = 25776"
"Fraxinus nigra","First_Yes_DOY Open flowers","134","DOY",NA,"Phenology Network","Year = 2019, 2019 | Site Name = Cedar Bog Lake Highland 1 | Individual ID = 25814"
"Fraxinus nigra","Last_Yes_DOY Open flowers","134","DOY",NA,"Phenology Network","Year = 2019, 2019 | Site Name = Cedar Bog Lake Highland 1 | Individual ID = 25814"
"Tilia americana","First_Yes_DOY Flowers or flower buds","170","DOY",NA,"Phenology Network","Year = 2019, 2019 | Site Name = my yard | Individual ID = 25991"
"Tilia americana","Last_Yes_DOY Flowers or flower buds","207","DOY",NA,"Phenology Network","Year = 2019, 2019 | Site Name = my yard | Individual ID = 25991"
"Tilia americana","First_Yes_DOY Open flowers","194","DOY",NA,"Phenology Network","Year = 2019, 2019 | Site Name = my yard | Individual ID = 25991"
"Tilia americana","Last_Yes_DOY Open flowers","207","DOY",NA,"Phenology Network","Year = 2019, 2019 | Site Name = my yard | Individual ID = 25991"
"Acer rubrum","First_Yes_DOY Flowers or flower buds","124","DOY",NA,"Phenology Network","Year = 2019, 2019 | Site Name = Michigan house | Individual ID = 41859"
"Acer rubrum","Last_Yes_DOY Flowers or flower buds","132","DOY",NA,"Phenology Network","Year = 2019, 2019 | Site Name = Michigan house | Individual ID = 41859"
"Acer rubrum","First_Yes_DOY Open flowers","124","DOY",NA,"Phenology Network","Year = 2019, 2019 | Site Name = Michigan house | Individual ID = 41859"
"Acer rubrum","Last_Yes_DOY Open flowers","132","DOY",NA,"Phenology Network","Year = 2019, 2019 | Site Name = Michigan house | Individual ID = 41859"
"Acer rubrum","First_Yes_DOY Flowers or flower buds","124","DOY",NA,"Phenology Network","Year = 2019, 2019 | Site Name = Michigan house | Individual ID = 41860"
"Acer rubrum","Last_Yes_DOY Flowers or flower buds","124","DOY",NA,"Phenology Network","Year = 2019, 2019 | Site Name = Michigan house | Individual ID = 41860"
"Tilia americana","First_Yes_DOY Flowers or flower buds","159","DOY",NA,"Phenology Network","Year = 2019, 2019 | Site Name = School | Individual ID = 46667"
"Tilia americana","Last_Yes_DOY Flowers or flower buds","180","DOY",NA,"Phenology Network","Year = 2019, 2019 | Site Name = School | Individual ID = 46667"
"Tilia americana","First_Yes_DOY Open flowers","186","DOY",NA,"Phenology Network","Year = 2019, 2019 | Site Name = School | Individual ID = 46667"
"Tilia americana","Last_Yes_DOY Open flowers","186","DOY",NA,"Phenology Network","Year = 2019, 2019 | Site Name = School | Individual ID = 46667"
"Acer rubrum","First_Yes_DOY Flowers or flower buds","108","DOY",NA,"Phenology Network","Year = 2019, 2019 | Site Name = St Paul Campus | Individual ID = 50308"
"Acer rubrum","Last_Yes_DOY Flowers or flower buds","129","DOY",NA,"Phenology Network","Year = 2019, 2019 | Site Name = St Paul Campus | Individual ID = 50308"
"Acer rubrum","First_Yes_DOY Open flowers","108","DOY",NA,"Phenology Network","Year = 2019, 2019 | Site Name = St Paul Campus | Individual ID = 50308"
"Acer rubrum","Last_Yes_DOY Open flowers","129","DOY",NA,"Phenology Network","Year = 2019, 2019 | Site Name = St Paul Campus | Individual ID = 50308"
"Populus deltoides","First_Yes_DOY Flowers or flower buds","116","DOY",NA,"Phenology Network","Year = 2019, 2019 | Site Name = Wood Lake Nature Center | Individual ID = 52985"
"Populus deltoides","Last_Yes_DOY Flowers or flower buds","119","DOY",NA,"Phenology Network","Year = 2019, 2019 | Site Name = Wood Lake Nature Center | Individual ID = 52985"
"Populus deltoides","First_Yes_DOY Open flowers","119","DOY",NA,"Phenology Network","Year = 2019, 2019 | Site Name = Wood Lake Nature Center | Individual ID = 52985"
"Populus deltoides","Last_Yes_DOY Open flowers","119","DOY",NA,"Phenology Network","Year = 2019, 2019 | Site Name = Wood Lake Nature Center | Individual ID = 52985"
"Populus deltoides","First_Yes_DOY Pollen release (flowers)","124","DOY",NA,"Phenology Network","Year = 2019, 2019 | Site Name = Wood Lake Nature Center | Individual ID = 52985"
"Populus deltoides","Last_Yes_DOY Pollen release (flowers)","126","DOY",NA,"Phenology Network","Year = 2019, 2019 | Site Name = Wood Lake Nature Center | Individual ID = 52985"
"Quercus palustris","First_Yes_DOY Flowers or flower buds","124","DOY",NA,"Phenology Network","Year = 2019, 2019 | Site Name = Wood Lake Nature Center | Individual ID = 52987"
"Quercus palustris","Last_Yes_DOY Flowers or flower buds","137","DOY",NA,"Phenology Network","Year = 2019, 2019 | Site Name = Wood Lake Nature Center | Individual ID = 52987"
"Quercus palustris","First_Yes_DOY Open flowers","124","DOY",NA,"Phenology Network","Year = 2019, 2019 | Site Name = Wood Lake Nature Center | Individual ID = 52987"
"Quercus palustris","Last_Yes_DOY Open flowers","137","DOY",NA,"Phenology Network","Year = 2019, 2019 | Site Name = Wood Lake Nature Center | Individual ID = 52987"
"Acer saccharinum","First_Yes_DOY Open flowers","99","DOY",NA,"Phenology Network","Year = 2019, 2019 | Site Name = Wood Lake Nature Center | Individual ID = 52988"
"Acer saccharinum","Last_Yes_DOY Open flowers","99","DOY",NA,"Phenology Network","Year = 2019, 2019 | Site Name = Wood Lake Nature Center | Individual ID = 52988"
"Acer rubrum","First_Yes_DOY Flowers or flower buds","93","DOY",NA,"Phenology Network","Year = 2019, 2019 | Site Name = Back Yard | Individual ID = 69122"
"Acer rubrum","Last_Yes_DOY Flowers or flower buds","94","DOY",NA,"Phenology Network","Year = 2019, 2019 | Site Name = Back Yard | Individual ID = 69122"
"Acer rubrum","First_Yes_DOY Flowers or flower buds","109","DOY",NA,"Phenology Network","Year = 2019, 2019 | Site Name = Back Yard | Individual ID = 69122"
"Acer rubrum","Last_Yes_DOY Flowers or flower buds","118","DOY",NA,"Phenology Network","Year = 2019, 2019 | Site Name = Back Yard | Individual ID = 69122"
"Acer rubrum","First_Yes_DOY Open flowers","94","DOY",NA,"Phenology Network","Year = 2019, 2019 | Site Name = Back Yard | Individual ID = 69122"
"Acer rubrum","Last_Yes_DOY Open flowers","94","DOY",NA,"Phenology Network","Year = 2019, 2019 | Site Name = Back Yard | Individual ID = 69122"
"Acer rubrum","First_Yes_DOY Open flowers","105","DOY",NA,"Phenology Network","Year = 2019, 2019 | Site Name = Back Yard | Individual ID = 69122"
"Acer rubrum","Last_Yes_DOY Open flowers","123","DOY",NA,"Phenology Network","Year = 2019, 2019 | Site Name = Back Yard | Individual ID = 69122"
"Acer saccharinum","First_Yes_DOY Flowers or flower buds","88","DOY",NA,"Phenology Network","Year = 2019, 2019 | Site Name = Back Yard | Individual ID = 69125"
"Acer saccharinum","Last_Yes_DOY Flowers or flower buds","118","DOY",NA,"Phenology Network","Year = 2019, 2019 | Site Name = Back Yard | Individual ID = 69125"
"Acer saccharinum","First_Yes_DOY Open flowers","94","DOY",NA,"Phenology Network","Year = 2019, 2019 | Site Name = Back Yard | Individual ID = 69125"
"Acer saccharinum","Last_Yes_DOY Open flowers","118","DOY",NA,"Phenology Network","Year = 2019, 2019 | Site Name = Back Yard | Individual ID = 69125"
"Quercus alba","First_Yes_DOY Flowers or flower buds","132","DOY",NA,"Phenology Network","Year = 2019, 2019 | Site Name = Michigan house | Individual ID = 69158"
"Quercus alba","Last_Yes_DOY Flowers or flower buds","132","DOY",NA,"Phenology Network","Year = 2019, 2019 | Site Name = Michigan house | Individual ID = 69158"
"Acer saccharinum","First_Yes_DOY Flowers or flower buds","122","DOY",NA,"Phenology Network","Year = 2019, 2019 | Site Name = home | Individual ID = 69505"
"Acer saccharinum","Last_Yes_DOY Flowers or flower buds","122","DOY",NA,"Phenology Network","Year = 2019, 2019 | Site Name = home | Individual ID = 69505"
"Acer saccharinum","First_Yes_DOY Flowers or flower buds","146","DOY",NA,"Phenology Network","Year = 2019, 2019 | Site Name = home | Individual ID = 69505"
"Acer saccharinum","Last_Yes_DOY Flowers or flower buds","146","DOY",NA,"Phenology Network","Year = 2019, 2019 | Site Name = home | Individual ID = 69505"
"Acer saccharinum","First_Yes_DOY Open flowers","134","DOY",NA,"Phenology Network","Year = 2019, 2019 | Site Name = home | Individual ID = 69505"
"Acer saccharinum","Last_Yes_DOY Open flowers","134","DOY",NA,"Phenology Network","Year = 2019, 2019 | Site Name = home | Individual ID = 69505"
"Acer rubrum","First_Yes_DOY Flowers or flower buds","99","DOY",NA,"Phenology Network","Year = 2019, 2019 | Site Name = Wood Lake Nature Center | Individual ID = 78054"
"Acer rubrum","Last_Yes_DOY Flowers or flower buds","99","DOY",NA,"Phenology Network","Year = 2019, 2019 | Site Name = Wood Lake Nature Center | Individual ID = 78054"
"Fraxinus americana","First_Yes_DOY Flowers or flower buds","116","DOY",NA,"Phenology Network","Year = 2019, 2019 | Site Name = LCS Outdoor Learning Environment | Individual ID = 78446"
"Fraxinus americana","Last_Yes_DOY Flowers or flower buds","130","DOY",NA,"Phenology Network","Year = 2019, 2019 | Site Name = LCS Outdoor Learning Environment | Individual ID = 78446"
"Fraxinus americana","First_Yes_DOY Open flowers","116","DOY",NA,"Phenology Network","Year = 2019, 2019 | Site Name = LCS Outdoor Learning Environment | Individual ID = 78446"
"Fraxinus americana","Last_Yes_DOY Open flowers","130","DOY",NA,"Phenology Network","Year = 2019, 2019 | Site Name = LCS Outdoor Learning Environment | Individual ID = 78446"
"Quercus rubra","First_Yes_DOY Flowers or flower buds","124","DOY",NA,"Phenology Network","Year = 2019, 2019 | Site Name = LCS Outdoor Learning Environment | Individual ID = 78447"
"Quercus rubra","Last_Yes_DOY Flowers or flower buds","137","DOY",NA,"Phenology Network","Year = 2019, 2019 | Site Name = LCS Outdoor Learning Environment | Individual ID = 78447"
"Quercus rubra","First_Yes_DOY Open flowers","137","DOY",NA,"Phenology Network","Year = 2019, 2019 | Site Name = LCS Outdoor Learning Environment | Individual ID = 78447"
"Quercus rubra","Last_Yes_DOY Open flowers","144","DOY",NA,"Phenology Network","Year = 2019, 2019 | Site Name = LCS Outdoor Learning Environment | Individual ID = 78447"
"Populus tremuloides","First_Yes_DOY Flowers or flower buds","81","DOY",NA,"Phenology Network","Year = 2019, 2019 | Site Name = Home | Individual ID = 79752"
"Populus tremuloides","Last_Yes_DOY Flowers or flower buds","117","DOY",NA,"Phenology Network","Year = 2019, 2019 | Site Name = Home | Individual ID = 79752"
"Populus tremuloides","First_Yes_DOY Open flowers","81","DOY",NA,"Phenology Network","Year = 2019, 2019 | Site Name = Home | Individual ID = 79752"
"Populus tremuloides","Last_Yes_DOY Open flowers","117","DOY",NA,"Phenology Network","Year = 2019, 2019 | Site Name = Home | Individual ID = 79752"
"Acer saccharinum","First_Yes_DOY Flowers or flower buds","88","DOY",NA,"Phenology Network","Year = 2019, 2019 | Site Name = LCS Outdoor Learning Environment | Individual ID = 85116"
"Acer saccharinum","Last_Yes_DOY Flowers or flower buds","116","DOY",NA,"Phenology Network","Year = 2019, 2019 | Site Name = LCS Outdoor Learning Environment | Individual ID = 85116"
"Acer saccharinum","First_Yes_DOY Open flowers","102","DOY",NA,"Phenology Network","Year = 2019, 2019 | Site Name = LCS Outdoor Learning Environment | Individual ID = 85116"
"Acer saccharinum","Last_Yes_DOY Open flowers","116","DOY",NA,"Phenology Network","Year = 2019, 2019 | Site Name = LCS Outdoor Learning Environment | Individual ID = 85116"
"Acer rubrum","First_Yes_DOY Flowers or flower buds","124","DOY",NA,"Phenology Network","Year = 2019, 2019 | Site Name = Michigan house | Individual ID = 88806"
"Acer rubrum","Last_Yes_DOY Flowers or flower buds","132","DOY",NA,"Phenology Network","Year = 2019, 2019 | Site Name = Michigan house | Individual ID = 88806"
"Acer rubrum","First_Yes_DOY Open flowers","124","DOY",NA,"Phenology Network","Year = 2019, 2019 | Site Name = Michigan house | Individual ID = 88806"
"Acer rubrum","Last_Yes_DOY Open flowers","132","DOY",NA,"Phenology Network","Year = 2019, 2019 | Site Name = Michigan house | Individual ID = 88806"
"Acer saccharinum","First_Yes_DOY Flowers or flower buds","87","DOY",NA,"Phenology Network","Year = 2019, 2019 | Site Name = front yard | Individual ID = 94830"
"Acer saccharinum","Last_Yes_DOY Flowers or flower buds","101","DOY",NA,"Phenology Network","Year = 2019, 2019 | Site Name = front yard | Individual ID = 94830"
"Acer saccharinum","First_Yes_DOY Open flowers","101","DOY",NA,"Phenology Network","Year = 2019, 2019 | Site Name = front yard | Individual ID = 94830"
"Acer saccharinum","Last_Yes_DOY Open flowers","101","DOY",NA,"Phenology Network","Year = 2019, 2019 | Site Name = front yard | Individual ID = 94830"
"Acer saccharinum","First_Yes_DOY Flowers or flower buds","97","DOY",NA,"Phenology Network","Year = 2019, 2019 | Site Name = Home | Individual ID = 102809"
"Acer saccharinum","Last_Yes_DOY Flowers or flower buds","110","DOY",NA,"Phenology Network","Year = 2019, 2019 | Site Name = Home | Individual ID = 102809"
"Acer saccharinum","First_Yes_DOY Flowers or flower buds","45","DOY",NA,"Phenology Network","Year = 2020, 2020 | Site Name = Home | Individual ID = 102809"
"Acer saccharinum","Last_Yes_DOY Flowers or flower buds","61","DOY",NA,"Phenology Network","Year = 2020, 2020 | Site Name = Home | Individual ID = 102809"
"Acer saccharinum","First_Yes_DOY Open flowers","97","DOY",NA,"Phenology Network","Year = 2019, 2019 | Site Name = Home | Individual ID = 102809"
"Acer saccharinum","Last_Yes_DOY Open flowers","110","DOY",NA,"Phenology Network","Year = 2019, 2019 | Site Name = Home | Individual ID = 102809"
"Acer negundo","First_Yes_DOY Pollen release (flowers)","105","DOY",NA,"Phenology Network","Year = 2019, 2019 | Site Name = Home | Individual ID = 103163"
"Acer negundo","Last_Yes_DOY Pollen release (flowers)","105","DOY",NA,"Phenology Network","Year = 2019, 2019 | Site Name = Home | Individual ID = 103163"
"Acer rubrum","First_Yes_DOY Flowers or flower buds","98","DOY",NA,"Phenology Network","Year = 2019, 2019 | Site Name = Home | Individual ID = 104208"
"Acer rubrum","Last_Yes_DOY Flowers or flower buds","103","DOY",NA,"Phenology Network","Year = 2019, 2019 | Site Name = Home | Individual ID = 104208"
"Acer rubrum","First_Yes_DOY Open flowers","98","DOY",NA,"Phenology Network","Year = 2019, 2019 | Site Name = Home | Individual ID = 104208"
"Acer rubrum","Last_Yes_DOY Open flowers","103","DOY",NA,"Phenology Network","Year = 2019, 2019 | Site Name = Home | Individual ID = 104208"
"Acer negundo","First_Yes_DOY Flowers or flower buds","118","DOY",NA,"Phenology Network","Year = 2019, 2019 | Site Name = Rapids Lake - Phenology Trail | Individual ID = 111118"
"Acer negundo","Last_Yes_DOY Flowers or flower buds","124","DOY",NA,"Phenology Network","Year = 2019, 2019 | Site Name = Rapids Lake - Phenology Trail | Individual ID = 111118"
"Acer negundo","First_Yes_DOY Flowers or flower buds","124","DOY",NA,"Phenology Network","Year = 2019, 2019 | Site Name = Rapids Lake - Phenology Trail | Individual ID = 111119"
"Acer negundo","Last_Yes_DOY Flowers or flower buds","131","DOY",NA,"Phenology Network","Year = 2019, 2019 | Site Name = Rapids Lake - Phenology Trail | Individual ID = 111119"
"Acer negundo","First_Yes_DOY Open flowers","131","DOY",NA,"Phenology Network","Year = 2019, 2019 | Site Name = Rapids Lake - Phenology Trail | Individual ID = 111119"
"Acer negundo","Last_Yes_DOY Open flowers","131","DOY",NA,"Phenology Network","Year = 2019, 2019 | Site Name = Rapids Lake - Phenology Trail | Individual ID = 111119"
"Populus deltoides","First_Yes_DOY Flowers or flower buds","138","DOY",NA,"Phenology Network","Year = 2019, 2019 | Site Name = Rapids Lake - Phenology Trail | Individual ID = 111122"
"Populus deltoides","Last_Yes_DOY Flowers or flower buds","145","DOY",NA,"Phenology Network","Year = 2019, 2019 | Site Name = Rapids Lake - Phenology Trail | Individual ID = 111122"
"Populus deltoides","First_Yes_DOY Flowers or flower buds","152","DOY",NA,"Phenology Network","Year = 2019, 2019 | Site Name = Rapids Lake - Phenology Trail | Individual ID = 111122"
"Populus deltoides","Last_Yes_DOY Flowers or flower buds","152","DOY",NA,"Phenology Network","Year = 2019, 2019 | Site Name = Rapids Lake - Phenology Trail | Individual ID = 111122"
"Populus deltoides","First_Yes_DOY Open flowers","138","DOY",NA,"Phenology Network","Year = 2019, 2019 | Site Name = Rapids Lake - Phenology Trail | Individual ID = 111122"
"Populus deltoides","Last_Yes_DOY Open flowers","145","DOY",NA,"Phenology Network","Year = 2019, 2019 | Site Name = Rapids Lake - Phenology Trail | Individual ID = 111122"
"Populus deltoides","First_Yes_DOY Open flowers","152","DOY",NA,"Phenology Network","Year = 2019, 2019 | Site Name = Rapids Lake - Phenology Trail | Individual ID = 111122"
"Populus deltoides","Last_Yes_DOY Open flowers","152","DOY",NA,"Phenology Network","Year = 2019, 2019 | Site Name = Rapids Lake - Phenology Trail | Individual ID = 111122"
"Acer rubrum","First_Yes_DOY Flowers or flower buds","111","DOY",NA,"Phenology Network","Year = 2019, 2019 | Site Name = loop trail | Individual ID = 114612"
"Acer rubrum","Last_Yes_DOY Flowers or flower buds","126","DOY",NA,"Phenology Network","Year = 2019, 2019 | Site Name = loop trail | Individual ID = 114612"
"Acer rubrum","First_Yes_DOY Open flowers","122","DOY",NA,"Phenology Network","Year = 2019, 2019 | Site Name = loop trail | Individual ID = 114612"
"Acer rubrum","Last_Yes_DOY Open flowers","126","DOY",NA,"Phenology Network","Year = 2019, 2019 | Site Name = loop trail | Individual ID = 114612"
"Tilia americana","First_Yes_DOY Flowers or flower buds","159","DOY",NA,"Phenology Network","Year = 2019, 2019 | Site Name = loop trail | Individual ID = 114620"
"Tilia americana","Last_Yes_DOY Flowers or flower buds","181","DOY",NA,"Phenology Network","Year = 2019, 2019 | Site Name = loop trail | Individual ID = 114620"
"Tilia americana","First_Yes_DOY Flowers or flower buds","201","DOY",NA,"Phenology Network","Year = 2019, 2019 | Site Name = loop trail | Individual ID = 114620"
"Tilia americana","Last_Yes_DOY Flowers or flower buds","201","DOY",NA,"Phenology Network","Year = 2019, 2019 | Site Name = loop trail | Individual ID = 114620"
"Tilia americana","First_Yes_DOY Open flowers","181","DOY",NA,"Phenology Network","Year = 2019, 2019 | Site Name = loop trail | Individual ID = 114620"
"Tilia americana","Last_Yes_DOY Open flowers","181","DOY",NA,"Phenology Network","Year = 2019, 2019 | Site Name = loop trail | Individual ID = 114620"
"Tilia americana","First_Yes_DOY Open flowers","201","DOY",NA,"Phenology Network","Year = 2019, 2019 | Site Name = loop trail | Individual ID = 114620"
"Tilia americana","Last_Yes_DOY Open flowers","201","DOY",NA,"Phenology Network","Year = 2019, 2019 | Site Name = loop trail | Individual ID = 114620"
"Fraxinus nigra","First_Yes_DOY Flowers or flower buds","122","DOY",NA,"Phenology Network","Year = 2019, 2019 | Site Name = loop trail | Individual ID = 114623"
"Fraxinus nigra","Last_Yes_DOY Flowers or flower buds","148","DOY",NA,"Phenology Network","Year = 2019, 2019 | Site Name = loop trail | Individual ID = 114623"
"Fraxinus nigra","First_Yes_DOY Open flowers","135","DOY",NA,"Phenology Network","Year = 2019, 2019 | Site Name = loop trail | Individual ID = 114623"
"Fraxinus nigra","Last_Yes_DOY Open flowers","135","DOY",NA,"Phenology Network","Year = 2019, 2019 | Site Name = loop trail | Individual ID = 114623"
"Populus grandidentata","First_Yes_DOY Flowers or flower buds","109","DOY",NA,"Phenology Network","Year = 2019, 2019 | Site Name = loop trail | Individual ID = 115237"
"Populus grandidentata","Last_Yes_DOY Flowers or flower buds","126","DOY",NA,"Phenology Network","Year = 2019, 2019 | Site Name = loop trail | Individual ID = 115237"
"Populus tremuloides","First_Yes_DOY Flowers or flower buds","109","DOY",NA,"Phenology Network","Year = 2019, 2019 | Site Name = loop trail | Individual ID = 115239"
"Populus tremuloides","Last_Yes_DOY Flowers or flower buds","126","DOY",NA,"Phenology Network","Year = 2019, 2019 | Site Name = loop trail | Individual ID = 115239"
"Populus tremuloides","First_Yes_DOY Open flowers","111","DOY",NA,"Phenology Network","Year = 2019, 2019 | Site Name = loop trail | Individual ID = 115239"
"Populus tremuloides","Last_Yes_DOY Open flowers","122","DOY",NA,"Phenology Network","Year = 2019, 2019 | Site Name = loop trail | Individual ID = 115239"
"Acer negundo","First_Yes_DOY Flowers or flower buds","122","DOY",NA,"Phenology Network","Year = 2019, 2019 | Site Name = loop trail | Individual ID = 115240"
"Acer negundo","Last_Yes_DOY Flowers or flower buds","140","DOY",NA,"Phenology Network","Year = 2019, 2019 | Site Name = loop trail | Individual ID = 115240"
"Acer negundo","First_Yes_DOY Open flowers","135","DOY",NA,"Phenology Network","Year = 2019, 2019 | Site Name = loop trail | Individual ID = 115240"
"Acer negundo","Last_Yes_DOY Open flowers","140","DOY",NA,"Phenology Network","Year = 2019, 2019 | Site Name = loop trail | Individual ID = 115240"
"Ulmus americana","First_Yes_DOY Flowers or flower buds","111","DOY",NA,"Phenology Network","Year = 2019, 2019 | Site Name = loop trail | Individual ID = 115972"
"Ulmus americana","Last_Yes_DOY Flowers or flower buds","126","DOY",NA,"Phenology Network","Year = 2019, 2019 | Site Name = loop trail | Individual ID = 115972"
"Ulmus americana","First_Yes_DOY Open flowers","111","DOY",NA,"Phenology Network","Year = 2019, 2019 | Site Name = loop trail | Individual ID = 115972"
"Ulmus americana","Last_Yes_DOY Open flowers","126","DOY",NA,"Phenology Network","Year = 2019, 2019 | Site Name = loop trail | Individual ID = 115972"
"Acer negundo","First_Yes_DOY Flowers or flower buds","117","DOY",NA,"Phenology Network","Year = 2019, 2019 | Site Name = Bloomington - Phenology Trail | Individual ID = 116300"
"Acer negundo","Last_Yes_DOY Flowers or flower buds","117","DOY",NA,"Phenology Network","Year = 2019, 2019 | Site Name = Bloomington - Phenology Trail | Individual ID = 116300"
"Acer negundo","First_Yes_DOY Flowers or flower buds","126","DOY",NA,"Phenology Network","Year = 2019, 2019 | Site Name = Bloomington - Phenology Trail | Individual ID = 116300"
"Acer negundo","Last_Yes_DOY Flowers or flower buds","126","DOY",NA,"Phenology Network","Year = 2019, 2019 | Site Name = Bloomington - Phenology Trail | Individual ID = 116300"
"Acer negundo","First_Yes_DOY Open flowers","115","DOY",NA,"Phenology Network","Year = 2019, 2019 | Site Name = Bloomington - Phenology Trail | Individual ID = 116300"
"Acer negundo","Last_Yes_DOY Open flowers","117","DOY",NA,"Phenology Network","Year = 2019, 2019 | Site Name = Bloomington - Phenology Trail | Individual ID = 116300"
"Acer negundo","First_Yes_DOY Open flowers","126","DOY",NA,"Phenology Network","Year = 2019, 2019 | Site Name = Bloomington - Phenology Trail | Individual ID = 116300"
"Acer negundo","Last_Yes_DOY Open flowers","126","DOY",NA,"Phenology Network","Year = 2019, 2019 | Site Name = Bloomington - Phenology Trail | Individual ID = 116300"
"Acer negundo","First_Yes_DOY Flowers or flower buds","117","DOY",NA,"Phenology Network","Year = 2019, 2019 | Site Name = Bloomington - Phenology Trail | Individual ID = 116301"
"Acer negundo","Last_Yes_DOY Flowers or flower buds","126","DOY",NA,"Phenology Network","Year = 2019, 2019 | Site Name = Bloomington - Phenology Trail | Individual ID = 116301"
"Acer negundo","First_Yes_DOY Open flowers","115","DOY",NA,"Phenology Network","Year = 2019, 2019 | Site Name = Bloomington - Phenology Trail | Individual ID = 116301"
"Acer negundo","Last_Yes_DOY Open flowers","126","DOY",NA,"Phenology Network","Year = 2019, 2019 | Site Name = Bloomington - Phenology Trail | Individual ID = 116301"
"Acer negundo","First_Yes_DOY Flowers or flower buds","117","DOY",NA,"Phenology Network","Year = 2019, 2019 | Site Name = Bloomington - Phenology Trail | Individual ID = 116302"
"Acer negundo","Last_Yes_DOY Flowers or flower buds","126","DOY",NA,"Phenology Network","Year = 2019, 2019 | Site Name = Bloomington - Phenology Trail | Individual ID = 116302"
"Acer negundo","First_Yes_DOY Open flowers","126","DOY",NA,"Phenology Network","Year = 2019, 2019 | Site Name = Bloomington - Phenology Trail | Individual ID = 116302"
"Acer negundo","Last_Yes_DOY Open flowers","126","DOY",NA,"Phenology Network","Year = 2019, 2019 | Site Name = Bloomington - Phenology Trail | Individual ID = 116302"
"Populus deltoides","First_Yes_DOY Flowers or flower buds","113","DOY",NA,"Phenology Network","Year = 2019, 2019 | Site Name = Bloomington - Phenology Trail | Individual ID = 116303"
"Populus deltoides","Last_Yes_DOY Flowers or flower buds","117","DOY",NA,"Phenology Network","Year = 2019, 2019 | Site Name = Bloomington - Phenology Trail | Individual ID = 116303"
"Populus deltoides","First_Yes_DOY Flowers or flower buds","130","DOY",NA,"Phenology Network","Year = 2019, 2019 | Site Name = Bloomington - Phenology Trail | Individual ID = 116303"
"Populus deltoides","Last_Yes_DOY Flowers or flower buds","130","DOY",NA,"Phenology Network","Year = 2019, 2019 | Site Name = Bloomington - Phenology Trail | Individual ID = 116303"
"Populus deltoides","First_Yes_DOY Flowers or flower buds","143","DOY",NA,"Phenology Network","Year = 2019, 2019 | Site Name = Bloomington - Phenology Trail | Individual ID = 116303"
"Populus deltoides","Last_Yes_DOY Flowers or flower buds","143","DOY",NA,"Phenology Network","Year = 2019, 2019 | Site Name = Bloomington - Phenology Trail | Individual ID = 116303"
"Populus deltoides","First_Yes_DOY Open flowers","117","DOY",NA,"Phenology Network","Year = 2019, 2019 | Site Name = Bloomington - Phenology Trail | Individual ID = 116303"
"Populus deltoides","Last_Yes_DOY Open flowers","121","DOY",NA,"Phenology Network","Year = 2019, 2019 | Site Name = Bloomington - Phenology Trail | Individual ID = 116303"
"Populus deltoides","First_Yes_DOY Flowers or flower buds","93","DOY",NA,"Phenology Network","Year = 2019, 2019 | Site Name = Bloomington - Phenology Trail | Individual ID = 116304"
"Populus deltoides","Last_Yes_DOY Flowers or flower buds","93","DOY",NA,"Phenology Network","Year = 2019, 2019 | Site Name = Bloomington - Phenology Trail | Individual ID = 116304"
"Populus deltoides","First_Yes_DOY Flowers or flower buds","102","DOY",NA,"Phenology Network","Year = 2019, 2019 | Site Name = Bloomington - Phenology Trail | Individual ID = 116304"
"Populus deltoides","Last_Yes_DOY Flowers or flower buds","117","DOY",NA,"Phenology Network","Year = 2019, 2019 | Site Name = Bloomington - Phenology Trail | Individual ID = 116304"
"Populus deltoides","First_Yes_DOY Open flowers","113","DOY",NA,"Phenology Network","Year = 2019, 2019 | Site Name = Bloomington - Phenology Trail | Individual ID = 116304"
"Populus deltoides","Last_Yes_DOY Open flowers","113","DOY",NA,"Phenology Network","Year = 2019, 2019 | Site Name = Bloomington - Phenology Trail | Individual ID = 116304"
"Populus deltoides","First_Yes_DOY Open flowers","117","DOY",NA,"Phenology Network","Year = 2019, 2019 | Site Name = Bloomington - Phenology Trail | Individual ID = 116304"
"Populus deltoides","Last_Yes_DOY Open flowers","117","DOY",NA,"Phenology Network","Year = 2019, 2019 | Site Name = Bloomington - Phenology Trail | Individual ID = 116304"
"Populus deltoides","First_Yes_DOY Flowers or flower buds","108","DOY",NA,"Phenology Network","Year = 2019, 2019 | Site Name = Bloomington - Phenology Trail | Individual ID = 116305"
"Populus deltoides","Last_Yes_DOY Flowers or flower buds","108","DOY",NA,"Phenology Network","Year = 2019, 2019 | Site Name = Bloomington - Phenology Trail | Individual ID = 116305"
"Quercus rubra","First_Yes_DOY Flowers or flower buds","140","DOY",NA,"Phenology Network","Year = 2019, 2019 | Site Name = Bloomington - Phenology Trail | Individual ID = 116317"
"Quercus rubra","Last_Yes_DOY Flowers or flower buds","143","DOY",NA,"Phenology Network","Year = 2019, 2019 | Site Name = Bloomington - Phenology Trail | Individual ID = 116317"
"Quercus rubra","First_Yes_DOY Flowers or flower buds","126","DOY",NA,"Phenology Network","Year = 2019, 2019 | Site Name = Bloomington - Phenology Trail | Individual ID = 116318"
"Quercus rubra","Last_Yes_DOY Flowers or flower buds","126","DOY",NA,"Phenology Network","Year = 2019, 2019 | Site Name = Bloomington - Phenology Trail | Individual ID = 116318"
"Quercus rubra","First_Yes_DOY Flowers or flower buds","140","DOY",NA,"Phenology Network","Year = 2019, 2019 | Site Name = Bloomington - Phenology Trail | Individual ID = 116318"
"Quercus rubra","Last_Yes_DOY Flowers or flower buds","140","DOY",NA,"Phenology Network","Year = 2019, 2019 | Site Name = Bloomington - Phenology Trail | Individual ID = 116318"
"Populus deltoides","First_Yes_DOY Flowers or flower buds","99","DOY",NA,"Phenology Network","Year = 2019, 2019 | Site Name = Bass Ponds- Phenology Trail | Individual ID = 116990"
"Populus deltoides","Last_Yes_DOY Flowers or flower buds","99","DOY",NA,"Phenology Network","Year = 2019, 2019 | Site Name = Bass Ponds- Phenology Trail | Individual ID = 116990"
"Populus deltoides","First_Yes_DOY Flowers or flower buds","105","DOY",NA,"Phenology Network","Year = 2019, 2019 | Site Name = Bass Ponds- Phenology Trail | Individual ID = 116990"
"Populus deltoides","Last_Yes_DOY Flowers or flower buds","114","DOY",NA,"Phenology Network","Year = 2019, 2019 | Site Name = Bass Ponds- Phenology Trail | Individual ID = 116990"
"Populus deltoides","First_Yes_DOY Open flowers","105","DOY",NA,"Phenology Network","Year = 2019, 2019 | Site Name = Bass Ponds- Phenology Trail | Individual ID = 116990"
"Populus deltoides","Last_Yes_DOY Open flowers","105","DOY",NA,"Phenology Network","Year = 2019, 2019 | Site Name = Bass Ponds- Phenology Trail | Individual ID = 116990"
"Populus deltoides","First_Yes_DOY Open flowers","122","DOY",NA,"Phenology Network","Year = 2019, 2019 | Site Name = Bass Ponds- Phenology Trail | Individual ID = 116990"
"Populus deltoides","Last_Yes_DOY Open flowers","122","DOY",NA,"Phenology Network","Year = 2019, 2019 | Site Name = Bass Ponds- Phenology Trail | Individual ID = 116990"
"Populus deltoides","First_Yes_DOY Flowers or flower buds","112","DOY",NA,"Phenology Network","Year = 2019, 2019 | Site Name = Bass Ponds- Phenology Trail | Individual ID = 116991"
"Populus deltoides","Last_Yes_DOY Flowers or flower buds","114","DOY",NA,"Phenology Network","Year = 2019, 2019 | Site Name = Bass Ponds- Phenology Trail | Individual ID = 116991"
"Populus deltoides","First_Yes_DOY Flowers or flower buds","122","DOY",NA,"Phenology Network","Year = 2019, 2019 | Site Name = Bass Ponds- Phenology Trail | Individual ID = 116991"
"Populus deltoides","Last_Yes_DOY Flowers or flower buds","122","DOY",NA,"Phenology Network","Year = 2019, 2019 | Site Name = Bass Ponds- Phenology Trail | Individual ID = 116991"
"Populus deltoides","First_Yes_DOY Open flowers","112","DOY",NA,"Phenology Network","Year = 2019, 2019 | Site Name = Bass Ponds- Phenology Trail | Individual ID = 116991"
"Populus deltoides","Last_Yes_DOY Open flowers","114","DOY",NA,"Phenology Network","Year = 2019, 2019 | Site Name = Bass Ponds- Phenology Trail | Individual ID = 116991"
"Populus deltoides","First_Yes_DOY Flowers or flower buds","109","DOY",NA,"Phenology Network","Year = 2019, 2019 | Site Name = Bass Ponds- Phenology Trail | Individual ID = 116992"
"Populus deltoides","Last_Yes_DOY Flowers or flower buds","114","DOY",NA,"Phenology Network","Year = 2019, 2019 | Site Name = Bass Ponds- Phenology Trail | Individual ID = 116992"
"Populus deltoides","First_Yes_DOY Flowers or flower buds","122","DOY",NA,"Phenology Network","Year = 2019, 2019 | Site Name = Bass Ponds- Phenology Trail | Individual ID = 116992"
"Populus deltoides","Last_Yes_DOY Flowers or flower buds","122","DOY",NA,"Phenology Network","Year = 2019, 2019 | Site Name = Bass Ponds- Phenology Trail | Individual ID = 116992"
"Populus deltoides","First_Yes_DOY Open flowers","112","DOY",NA,"Phenology Network","Year = 2019, 2019 | Site Name = Bass Ponds- Phenology Trail | Individual ID = 116992"
"Populus deltoides","Last_Yes_DOY Open flowers","114","DOY",NA,"Phenology Network","Year = 2019, 2019 | Site Name = Bass Ponds- Phenology Trail | Individual ID = 116992"
"Populus deltoides","First_Yes_DOY Open flowers","122","DOY",NA,"Phenology Network","Year = 2019, 2019 | Site Name = Bass Ponds- Phenology Trail | Individual ID = 116992"
"Populus deltoides","Last_Yes_DOY Open flowers","122","DOY",NA,"Phenology Network","Year = 2019, 2019 | Site Name = Bass Ponds- Phenology Trail | Individual ID = 116992"
"Fraxinus nigra","First_Yes_DOY Flowers or flower buds","140","DOY",NA,"Phenology Network","Year = 2019, 2019 | Site Name = shingobee lake | Individual ID = 118655"
"Fraxinus nigra","Last_Yes_DOY Flowers or flower buds","140","DOY",NA,"Phenology Network","Year = 2019, 2019 | Site Name = shingobee lake | Individual ID = 118655"
"Populus tremuloides","First_Yes_DOY Flowers or flower buds","67","DOY",NA,"Phenology Network","Year = 2019, 2019 | Site Name = Horton Park | Individual ID = 118745"
"Populus tremuloides","Last_Yes_DOY Flowers or flower buds","113","DOY",NA,"Phenology Network","Year = 2019, 2019 | Site Name = Horton Park | Individual ID = 118745"
"Populus tremuloides","First_Yes_DOY Flowers or flower buds","54","DOY",NA,"Phenology Network","Year = 2020, 2020 | Site Name = Horton Park | Individual ID = 118745"
"Populus tremuloides","Last_Yes_DOY Flowers or flower buds","54","DOY",NA,"Phenology Network","Year = 2020, 2020 | Site Name = Horton Park | Individual ID = 118745"
"Populus tremuloides","First_Yes_DOY Open flowers","97","DOY",NA,"Phenology Network","Year = 2019, 2019 | Site Name = Horton Park | Individual ID = 118745"
"Populus tremuloides","Last_Yes_DOY Open flowers","113","DOY",NA,"Phenology Network","Year = 2019, 2019 | Site Name = Horton Park | Individual ID = 118745"
"Populus tremuloides","First_Yes_DOY Pollen release (flowers)","106","DOY",NA,"Phenology Network","Year = 2019, 2019 | Site Name = Horton Park | Individual ID = 118745"
"Populus tremuloides","Last_Yes_DOY Pollen release (flowers)","106","DOY",NA,"Phenology Network","Year = 2019, 2019 | Site Name = Horton Park | Individual ID = 118745"
"Acer rubrum","First_Yes_DOY Flowers or flower buds","115","DOY",NA,"Phenology Network","Year = 2019, 2019 | Site Name = north loop | Individual ID = 119558"
"Acer rubrum","Last_Yes_DOY Flowers or flower buds","115","DOY",NA,"Phenology Network","Year = 2019, 2019 | Site Name = north loop | Individual ID = 119558"
"Acer rubrum","First_Yes_DOY Open flowers","115","DOY",NA,"Phenology Network","Year = 2019, 2019 | Site Name = north loop | Individual ID = 119558"
"Acer rubrum","Last_Yes_DOY Open flowers","115","DOY",NA,"Phenology Network","Year = 2019, 2019 | Site Name = north loop | Individual ID = 119558"
"Populus deltoides","First_Yes_DOY Flowers or flower buds","110","DOY",NA,"Phenology Network","Year = 2019, 2019 | Site Name = Mississippi Gateway Regional Park | Individual ID = 123963"
"Populus deltoides","Last_Yes_DOY Flowers or flower buds","110","DOY",NA,"Phenology Network","Year = 2019, 2019 | Site Name = Mississippi Gateway Regional Park | Individual ID = 123963"
"Populus deltoides","First_Yes_DOY Flowers or flower buds","120","DOY",NA,"Phenology Network","Year = 2019, 2019 | Site Name = Mississippi Gateway Regional Park | Individual ID = 123963"
"Populus deltoides","Last_Yes_DOY Flowers or flower buds","120","DOY",NA,"Phenology Network","Year = 2019, 2019 | Site Name = Mississippi Gateway Regional Park | Individual ID = 123963"
"Populus deltoides","First_Yes_DOY Flowers or flower buds","148","DOY",NA,"Phenology Network","Year = 2019, 2019 | Site Name = Mississippi Gateway Regional Park | Individual ID = 123963"
"Populus deltoides","Last_Yes_DOY Flowers or flower buds","148","DOY",NA,"Phenology Network","Year = 2019, 2019 | Site Name = Mississippi Gateway Regional Park | Individual ID = 123963"
"Populus deltoides","First_Yes_DOY Open flowers","110","DOY",NA,"Phenology Network","Year = 2019, 2019 | Site Name = Mississippi Gateway Regional Park | Individual ID = 123963"
"Populus deltoides","Last_Yes_DOY Open flowers","110","DOY",NA,"Phenology Network","Year = 2019, 2019 | Site Name = Mississippi Gateway Regional Park | Individual ID = 123963"
"Populus deltoides","First_Yes_DOY Pollen release (flowers)","167","DOY",NA,"Phenology Network","Year = 2019, 2019 | Site Name = Mississippi Gateway Regional Park | Individual ID = 123963"
"Populus deltoides","Last_Yes_DOY Pollen release (flowers)","167","DOY",NA,"Phenology Network","Year = 2019, 2019 | Site Name = Mississippi Gateway Regional Park | Individual ID = 123963"
"Acer saccharinum","First_Yes_DOY Flowers or flower buds","90","DOY",NA,"Phenology Network","Year = 2019, 2019 | Site Name = Mississippi Gateway Regional Park | Individual ID = 123964"
"Acer saccharinum","Last_Yes_DOY Flowers or flower buds","110","DOY",NA,"Phenology Network","Year = 2019, 2019 | Site Name = Mississippi Gateway Regional Park | Individual ID = 123964"
"Acer saccharinum","First_Yes_DOY Flowers or flower buds","120","DOY",NA,"Phenology Network","Year = 2019, 2019 | Site Name = Mississippi Gateway Regional Park | Individual ID = 123964"
"Acer saccharinum","Last_Yes_DOY Flowers or flower buds","120","DOY",NA,"Phenology Network","Year = 2019, 2019 | Site Name = Mississippi Gateway Regional Park | Individual ID = 123964"
"Salix nigra","First_Yes_DOY Flowers or flower buds","120","DOY",NA,"Phenology Network","Year = 2019, 2019 | Site Name = Mississippi Gateway Regional Park | Individual ID = 123965"
"Salix nigra","Last_Yes_DOY Flowers or flower buds","148","DOY",NA,"Phenology Network","Year = 2019, 2019 | Site Name = Mississippi Gateway Regional Park | Individual ID = 123965"
"Salix nigra","First_Yes_DOY Flowers or flower buds","167","DOY",NA,"Phenology Network","Year = 2019, 2019 | Site Name = Mississippi Gateway Regional Park | Individual ID = 123965"
"Salix nigra","Last_Yes_DOY Flowers or flower buds","176","DOY",NA,"Phenology Network","Year = 2019, 2019 | Site Name = Mississippi Gateway Regional Park | Individual ID = 123965"
"Salix nigra","First_Yes_DOY Open flowers","130","DOY",NA,"Phenology Network","Year = 2019, 2019 | Site Name = Mississippi Gateway Regional Park | Individual ID = 123965"
"Salix nigra","Last_Yes_DOY Open flowers","145","DOY",NA,"Phenology Network","Year = 2019, 2019 | Site Name = Mississippi Gateway Regional Park | Individual ID = 123965"
"Salix nigra","First_Yes_DOY Open flowers","167","DOY",NA,"Phenology Network","Year = 2019, 2019 | Site Name = Mississippi Gateway Regional Park | Individual ID = 123965"
"Salix nigra","Last_Yes_DOY Open flowers","167","DOY",NA,"Phenology Network","Year = 2019, 2019 | Site Name = Mississippi Gateway Regional Park | Individual ID = 123965"
"Salix nigra","First_Yes_DOY Open flowers","176","DOY",NA,"Phenology Network","Year = 2019, 2019 | Site Name = Mississippi Gateway Regional Park | Individual ID = 123965"
"Salix nigra","Last_Yes_DOY Open flowers","176","DOY",NA,"Phenology Network","Year = 2019, 2019 | Site Name = Mississippi Gateway Regional Park | Individual ID = 123965"
"Salix nigra","First_Yes_DOY Pollen release (flowers)","145","DOY",NA,"Phenology Network","Year = 2019, 2019 | Site Name = Mississippi Gateway Regional Park | Individual ID = 123965"
"Salix nigra","Last_Yes_DOY Pollen release (flowers)","145","DOY",NA,"Phenology Network","Year = 2019, 2019 | Site Name = Mississippi Gateway Regional Park | Individual ID = 123965"
"Salix nigra","First_Yes_DOY Pollen release (flowers)","167","DOY",NA,"Phenology Network","Year = 2019, 2019 | Site Name = Mississippi Gateway Regional Park | Individual ID = 123965"
"Salix nigra","Last_Yes_DOY Pollen release (flowers)","167","DOY",NA,"Phenology Network","Year = 2019, 2019 | Site Name = Mississippi Gateway Regional Park | Individual ID = 123965"
"Populus deltoides","First_Yes_DOY Flowers or flower buds","126","DOY",NA,"Phenology Network","Year = 2019, 2019 | Site Name = our farm | Individual ID = 123993"
"Populus deltoides","Last_Yes_DOY Flowers or flower buds","136","DOY",NA,"Phenology Network","Year = 2019, 2019 | Site Name = our farm | Individual ID = 123993"
"Populus deltoides","First_Yes_DOY Open flowers","126","DOY",NA,"Phenology Network","Year = 2019, 2019 | Site Name = our farm | Individual ID = 123993"
"Populus deltoides","Last_Yes_DOY Open flowers","136","DOY",NA,"Phenology Network","Year = 2019, 2019 | Site Name = our farm | Individual ID = 123993"
"Populus deltoides","First_Yes_DOY Pollen release (flowers)","126","DOY",NA,"Phenology Network","Year = 2019, 2019 | Site Name = our farm | Individual ID = 123993"
"Populus deltoides","Last_Yes_DOY Pollen release (flowers)","136","DOY",NA,"Phenology Network","Year = 2019, 2019 | Site Name = our farm | Individual ID = 123993"
"Acer rubrum","First_Yes_DOY Flowers or flower buds","104","DOY",NA,"Phenology Network","Year = 2019, 2019 | Site Name = our farm | Individual ID = 123995"
"Acer rubrum","Last_Yes_DOY Flowers or flower buds","136","DOY",NA,"Phenology Network","Year = 2019, 2019 | Site Name = our farm | Individual ID = 123995"
"Acer rubrum","First_Yes_DOY Open flowers","111","DOY",NA,"Phenology Network","Year = 2019, 2019 | Site Name = our farm | Individual ID = 123995"
"Acer rubrum","Last_Yes_DOY Open flowers","136","DOY",NA,"Phenology Network","Year = 2019, 2019 | Site Name = our farm | Individual ID = 123995"
"Acer rubrum","First_Yes_DOY Pollen release (flowers)","111","DOY",NA,"Phenology Network","Year = 2019, 2019 | Site Name = our farm | Individual ID = 123995"
"Acer rubrum","Last_Yes_DOY Pollen release (flowers)","136","DOY",NA,"Phenology Network","Year = 2019, 2019 | Site Name = our farm | Individual ID = 123995"
"Salix nigra","First_Yes_DOY Flowers or flower buds","104","DOY",NA,"Phenology Network","Year = 2019, 2019 | Site Name = our farm | Individual ID = 124815"
"Salix nigra","Last_Yes_DOY Flowers or flower buds","119","DOY",NA,"Phenology Network","Year = 2019, 2019 | Site Name = our farm | Individual ID = 124815"
"Salix nigra","First_Yes_DOY Open flowers","104","DOY",NA,"Phenology Network","Year = 2019, 2019 | Site Name = our farm | Individual ID = 124815"
"Salix nigra","Last_Yes_DOY Open flowers","126","DOY",NA,"Phenology Network","Year = 2019, 2019 | Site Name = our farm | Individual ID = 124815"
"Salix nigra","First_Yes_DOY Pollen release (flowers)","111","DOY",NA,"Phenology Network","Year = 2019, 2019 | Site Name = our farm | Individual ID = 124815"
"Salix nigra","Last_Yes_DOY Pollen release (flowers)","126","DOY",NA,"Phenology Network","Year = 2019, 2019 | Site Name = our farm | Individual ID = 124815"
"Populus tremuloides","First_Yes_DOY Flowers or flower buds","82","DOY",NA,"Phenology Network","Year = 2019, 2019 | Site Name = Horton Park | Individual ID = 127574"
"Populus tremuloides","Last_Yes_DOY Flowers or flower buds","111","DOY",NA,"Phenology Network","Year = 2019, 2019 | Site Name = Horton Park | Individual ID = 127574"
"Populus tremuloides","First_Yes_DOY Open flowers","104","DOY",NA,"Phenology Network","Year = 2019, 2019 | Site Name = Horton Park | Individual ID = 127574"
"Populus tremuloides","Last_Yes_DOY Open flowers","111","DOY",NA,"Phenology Network","Year = 2019, 2019 | Site Name = Horton Park | Individual ID = 127574"
"Acer rubrum","First_Yes_DOY Flowers or flower buds","98","DOY",NA,"Phenology Network","Year = 2019, 2019 | Site Name = Horton Park | Individual ID = 127575"
"Acer rubrum","Last_Yes_DOY Flowers or flower buds","113","DOY",NA,"Phenology Network","Year = 2019, 2019 | Site Name = Horton Park | Individual ID = 127575"
"Acer rubrum","First_Yes_DOY Open flowers","106","DOY",NA,"Phenology Network","Year = 2019, 2019 | Site Name = Horton Park | Individual ID = 127575"
"Acer rubrum","Last_Yes_DOY Open flowers","113","DOY",NA,"Phenology Network","Year = 2019, 2019 | Site Name = Horton Park | Individual ID = 127575"
"Acer rubrum","First_Yes_DOY Pollen release (flowers)","106","DOY",NA,"Phenology Network","Year = 2019, 2019 | Site Name = Horton Park | Individual ID = 127575"
"Acer rubrum","Last_Yes_DOY Pollen release (flowers)","106","DOY",NA,"Phenology Network","Year = 2019, 2019 | Site Name = Horton Park | Individual ID = 127575"
"Quercus rubra","First_Yes_DOY Flowers or flower buds","125","DOY",NA,"Phenology Network","Year = 2019, 2019 | Site Name = Horton Park | Individual ID = 127576"
"Quercus rubra","Last_Yes_DOY Flowers or flower buds","137","DOY",NA,"Phenology Network","Year = 2019, 2019 | Site Name = Horton Park | Individual ID = 127576"
"Quercus rubra","First_Yes_DOY Open flowers","137","DOY",NA,"Phenology Network","Year = 2019, 2019 | Site Name = Horton Park | Individual ID = 127576"
"Quercus rubra","Last_Yes_DOY Open flowers","137","DOY",NA,"Phenology Network","Year = 2019, 2019 | Site Name = Horton Park | Individual ID = 127576"
"Acer saccharinum","First_Yes_DOY Flowers or flower buds","113","DOY",NA,"Phenology Network","Year = 2019, 2019 | Site Name = my yard | Individual ID = 129336"
"Acer saccharinum","Last_Yes_DOY Flowers or flower buds","113","DOY",NA,"Phenology Network","Year = 2019, 2019 | Site Name = my yard | Individual ID = 129336"
"Acer negundo","First_Yes_DOY Flowers or flower buds","88","DOY",NA,"Phenology Network","Year = 2019, 2019 | Site Name = LCS Outdoor Learning Environment | Individual ID = 129732"
"Acer negundo","Last_Yes_DOY Flowers or flower buds","116","DOY",NA,"Phenology Network","Year = 2019, 2019 | Site Name = LCS Outdoor Learning Environment | Individual ID = 129732"
"Acer negundo","First_Yes_DOY Open flowers","102","DOY",NA,"Phenology Network","Year = 2019, 2019 | Site Name = LCS Outdoor Learning Environment | Individual ID = 129732"
"Acer negundo","Last_Yes_DOY Open flowers","116","DOY",NA,"Phenology Network","Year = 2019, 2019 | Site Name = LCS Outdoor Learning Environment | Individual ID = 129732"
"Quercus alba","First_Yes_DOY Flowers or flower buds","131","DOY",NA,"Phenology Network","Year = 2019, 2019 | Site Name = WoodyPuppi Yard | Individual ID = 131610"
"Quercus alba","Last_Yes_DOY Flowers or flower buds","142","DOY",NA,"Phenology Network","Year = 2019, 2019 | Site Name = WoodyPuppi Yard | Individual ID = 131610"
"Quercus alba","First_Yes_DOY Flowers or flower buds","164","DOY",NA,"Phenology Network","Year = 2019, 2019 | Site Name = WoodyPuppi Yard | Individual ID = 131610"
"Quercus alba","Last_Yes_DOY Flowers or flower buds","164","DOY",NA,"Phenology Network","Year = 2019, 2019 | Site Name = WoodyPuppi Yard | Individual ID = 131610"
"Acer saccharinum","First_Yes_DOY Flowers or flower buds","114","DOY",NA,"Phenology Network","Year = 2019, 2019 | Site Name = Home | Individual ID = 131730"
"Acer saccharinum","Last_Yes_DOY Flowers or flower buds","124","DOY",NA,"Phenology Network","Year = 2019, 2019 | Site Name = Home | Individual ID = 131730"
"Acer saccharinum","First_Yes_DOY Open flowers","110","DOY",NA,"Phenology Network","Year = 2019, 2019 | Site Name = Home | Individual ID = 131730"
"Acer saccharinum","Last_Yes_DOY Open flowers","124","DOY",NA,"Phenology Network","Year = 2019, 2019 | Site Name = Home | Individual ID = 131730"
"Acer saccharinum","First_Yes_DOY Pollen release (flowers)","110","DOY",NA,"Phenology Network","Year = 2019, 2019 | Site Name = Home | Individual ID = 131730"
"Acer saccharinum","Last_Yes_DOY Pollen release (flowers)","114","DOY",NA,"Phenology Network","Year = 2019, 2019 | Site Name = Home | Individual ID = 131730"
"Quercus rubra","First_Yes_DOY Flowers or flower buds","119","DOY",NA,"Phenology Network","Year = 2019, 2019 | Site Name = Oak Collection | Individual ID = 132850"
"Quercus rubra","Last_Yes_DOY Flowers or flower buds","134","DOY",NA,"Phenology Network","Year = 2019, 2019 | Site Name = Oak Collection | Individual ID = 132850"
"Quercus rubra","First_Yes_DOY Open flowers","119","DOY",NA,"Phenology Network","Year = 2019, 2019 | Site Name = Oak Collection | Individual ID = 132850"
"Quercus rubra","Last_Yes_DOY Open flowers","134","DOY",NA,"Phenology Network","Year = 2019, 2019 | Site Name = Oak Collection | Individual ID = 132850"
"Quercus rubra","First_Yes_DOY Pollen release (flowers)","134","DOY",NA,"Phenology Network","Year = 2019, 2019 | Site Name = Oak Collection | Individual ID = 132850"
"Quercus rubra","Last_Yes_DOY Pollen release (flowers)","134","DOY",NA,"Phenology Network","Year = 2019, 2019 | Site Name = Oak Collection | Individual ID = 132850"
"Quercus velutina","First_Yes_DOY Flowers or flower buds","114","DOY",NA,"Phenology Network","Year = 2019, 2019 | Site Name = Oak Collection | Individual ID = 132853"
"Quercus velutina","Last_Yes_DOY Flowers or flower buds","148","DOY",NA,"Phenology Network","Year = 2019, 2019 | Site Name = Oak Collection | Individual ID = 132853"
"Quercus velutina","First_Yes_DOY Open flowers","120","DOY",NA,"Phenology Network","Year = 2019, 2019 | Site Name = Oak Collection | Individual ID = 132853"
"Quercus velutina","Last_Yes_DOY Open flowers","148","DOY",NA,"Phenology Network","Year = 2019, 2019 | Site Name = Oak Collection | Individual ID = 132853"
"Quercus velutina","First_Yes_DOY Pollen release (flowers)","128","DOY",NA,"Phenology Network","Year = 2019, 2019 | Site Name = Oak Collection | Individual ID = 132853"
"Quercus velutina","Last_Yes_DOY Pollen release (flowers)","141","DOY",NA,"Phenology Network","Year = 2019, 2019 | Site Name = Oak Collection | Individual ID = 132853"
"Quercus velutina","First_Yes_DOY Flowers or flower buds","114","DOY",NA,"Phenology Network","Year = 2019, 2019 | Site Name = Oak Collection | Individual ID = 132855"
"Quercus velutina","Last_Yes_DOY Flowers or flower buds","148","DOY",NA,"Phenology Network","Year = 2019, 2019 | Site Name = Oak Collection | Individual ID = 132855"
"Quercus velutina","First_Yes_DOY Open flowers","120","DOY",NA,"Phenology Network","Year = 2019, 2019 | Site Name = Oak Collection | Individual ID = 132855"
"Quercus velutina","Last_Yes_DOY Open flowers","148","DOY",NA,"Phenology Network","Year = 2019, 2019 | Site Name = Oak Collection | Individual ID = 132855"
"Quercus velutina","First_Yes_DOY Pollen release (flowers)","128","DOY",NA,"Phenology Network","Year = 2019, 2019 | Site Name = Oak Collection | Individual ID = 132855"
"Quercus velutina","Last_Yes_DOY Pollen release (flowers)","141","DOY",NA,"Phenology Network","Year = 2019, 2019 | Site Name = Oak Collection | Individual ID = 132855"
"Quercus alba","First_Yes_DOY Flowers or flower buds","101","DOY",NA,"Phenology Network","Year = 2019, 2019 | Site Name = Oak Collection | Individual ID = 132856"
"Quercus alba","Last_Yes_DOY Flowers or flower buds","101","DOY",NA,"Phenology Network","Year = 2019, 2019 | Site Name = Oak Collection | Individual ID = 132856"
"Quercus alba","First_Yes_DOY Flowers or flower buds","114","DOY",NA,"Phenology Network","Year = 2019, 2019 | Site Name = Oak Collection | Individual ID = 132856"
"Quercus alba","Last_Yes_DOY Flowers or flower buds","148","DOY",NA,"Phenology Network","Year = 2019, 2019 | Site Name = Oak Collection | Individual ID = 132856"
"Quercus alba","First_Yes_DOY Open flowers","120","DOY",NA,"Phenology Network","Year = 2019, 2019 | Site Name = Oak Collection | Individual ID = 132856"
"Quercus alba","Last_Yes_DOY Open flowers","148","DOY",NA,"Phenology Network","Year = 2019, 2019 | Site Name = Oak Collection | Individual ID = 132856"
"Quercus alba","First_Yes_DOY Pollen release (flowers)","128","DOY",NA,"Phenology Network","Year = 2019, 2019 | Site Name = Oak Collection | Individual ID = 132856"
"Quercus alba","Last_Yes_DOY Pollen release (flowers)","141","DOY",NA,"Phenology Network","Year = 2019, 2019 | Site Name = Oak Collection | Individual ID = 132856"
"Quercus velutina","First_Yes_DOY Flowers or flower buds","114","DOY",NA,"Phenology Network","Year = 2019, 2019 | Site Name = Oak Collection | Individual ID = 132857"
"Quercus velutina","Last_Yes_DOY Flowers or flower buds","148","DOY",NA,"Phenology Network","Year = 2019, 2019 | Site Name = Oak Collection | Individual ID = 132857"
"Quercus velutina","First_Yes_DOY Open flowers","120","DOY",NA,"Phenology Network","Year = 2019, 2019 | Site Name = Oak Collection | Individual ID = 132857"
"Quercus velutina","Last_Yes_DOY Open flowers","148","DOY",NA,"Phenology Network","Year = 2019, 2019 | Site Name = Oak Collection | Individual ID = 132857"
"Quercus velutina","First_Yes_DOY Pollen release (flowers)","128","DOY",NA,"Phenology Network","Year = 2019, 2019 | Site Name = Oak Collection | Individual ID = 132857"
"Quercus velutina","Last_Yes_DOY Pollen release (flowers)","141","DOY",NA,"Phenology Network","Year = 2019, 2019 | Site Name = Oak Collection | Individual ID = 132857"
"Quercus alba","First_Yes_DOY Flowers or flower buds","113","DOY",NA,"Phenology Network","Year = 2019, 2019 | Site Name = Oak Collection | Individual ID = 132858"
"Quercus alba","Last_Yes_DOY Flowers or flower buds","133","DOY",NA,"Phenology Network","Year = 2019, 2019 | Site Name = Oak Collection | Individual ID = 132858"
"Quercus alba","First_Yes_DOY Open flowers","121","DOY",NA,"Phenology Network","Year = 2019, 2019 | Site Name = Oak Collection | Individual ID = 132858"
"Quercus alba","Last_Yes_DOY Open flowers","133","DOY",NA,"Phenology Network","Year = 2019, 2019 | Site Name = Oak Collection | Individual ID = 132858"
"Quercus alba","First_Yes_DOY Flowers or flower buds","135","DOY",NA,"Phenology Network","Year = 2019, 2019 | Site Name = Oak Collection | Individual ID = 132860"
"Quercus alba","Last_Yes_DOY Flowers or flower buds","141","DOY",NA,"Phenology Network","Year = 2019, 2019 | Site Name = Oak Collection | Individual ID = 132860"
"Quercus alba","First_Yes_DOY Open flowers","141","DOY",NA,"Phenology Network","Year = 2019, 2019 | Site Name = Oak Collection | Individual ID = 132860"
"Quercus alba","Last_Yes_DOY Open flowers","141","DOY",NA,"Phenology Network","Year = 2019, 2019 | Site Name = Oak Collection | Individual ID = 132860"
"Quercus alba","First_Yes_DOY Pollen release (flowers)","141","DOY",NA,"Phenology Network","Year = 2019, 2019 | Site Name = Oak Collection | Individual ID = 132860"
"Quercus alba","Last_Yes_DOY Pollen release (flowers)","141","DOY",NA,"Phenology Network","Year = 2019, 2019 | Site Name = Oak Collection | Individual ID = 132860"
"Quercus imbricaria","First_Yes_DOY Flowers or flower buds","135","DOY",NA,"Phenology Network","Year = 2019, 2019 | Site Name = Oak Collection | Individual ID = 132867"
"Quercus imbricaria","Last_Yes_DOY Flowers or flower buds","141","DOY",NA,"Phenology Network","Year = 2019, 2019 | Site Name = Oak Collection | Individual ID = 132867"
"Quercus imbricaria","First_Yes_DOY Open flowers","141","DOY",NA,"Phenology Network","Year = 2019, 2019 | Site Name = Oak Collection | Individual ID = 132867"
"Quercus imbricaria","Last_Yes_DOY Open flowers","141","DOY",NA,"Phenology Network","Year = 2019, 2019 | Site Name = Oak Collection | Individual ID = 132867"
"Quercus imbricaria","First_Yes_DOY Flowers or flower buds","114","DOY",NA,"Phenology Network","Year = 2019, 2019 | Site Name = Oak Collection | Individual ID = 132868"
"Quercus imbricaria","Last_Yes_DOY Flowers or flower buds","148","DOY",NA,"Phenology Network","Year = 2019, 2019 | Site Name = Oak Collection | Individual ID = 132868"
"Quercus imbricaria","First_Yes_DOY Open flowers","128","DOY",NA,"Phenology Network","Year = 2019, 2019 | Site Name = Oak Collection | Individual ID = 132868"
"Quercus imbricaria","Last_Yes_DOY Open flowers","148","DOY",NA,"Phenology Network","Year = 2019, 2019 | Site Name = Oak Collection | Individual ID = 132868"
"Quercus imbricaria","First_Yes_DOY Pollen release (flowers)","128","DOY",NA,"Phenology Network","Year = 2019, 2019 | Site Name = Oak Collection | Individual ID = 132868"
"Quercus imbricaria","Last_Yes_DOY Pollen release (flowers)","141","DOY",NA,"Phenology Network","Year = 2019, 2019 | Site Name = Oak Collection | Individual ID = 132868"
"Quercus rubra","First_Yes_DOY Flowers or flower buds","119","DOY",NA,"Phenology Network","Year = 2019, 2019 | Site Name = Oak Collection | Individual ID = 132872"
"Quercus rubra","Last_Yes_DOY Flowers or flower buds","134","DOY",NA,"Phenology Network","Year = 2019, 2019 | Site Name = Oak Collection | Individual ID = 132872"
"Quercus rubra","First_Yes_DOY Open flowers","134","DOY",NA,"Phenology Network","Year = 2019, 2019 | Site Name = Oak Collection | Individual ID = 132872"
"Quercus rubra","Last_Yes_DOY Open flowers","140","DOY",NA,"Phenology Network","Year = 2019, 2019 | Site Name = Oak Collection | Individual ID = 132872"
"Quercus palustris","First_Yes_DOY Flowers or flower buds","119","DOY",NA,"Phenology Network","Year = 2019, 2019 | Site Name = Oak Collection | Individual ID = 132873"
"Quercus palustris","Last_Yes_DOY Flowers or flower buds","140","DOY",NA,"Phenology Network","Year = 2019, 2019 | Site Name = Oak Collection | Individual ID = 132873"
"Quercus palustris","First_Yes_DOY Open flowers","126","DOY",NA,"Phenology Network","Year = 2019, 2019 | Site Name = Oak Collection | Individual ID = 132873"
"Quercus palustris","Last_Yes_DOY Open flowers","140","DOY",NA,"Phenology Network","Year = 2019, 2019 | Site Name = Oak Collection | Individual ID = 132873"
"Quercus palustris","First_Yes_DOY Pollen release (flowers)","126","DOY",NA,"Phenology Network","Year = 2019, 2019 | Site Name = Oak Collection | Individual ID = 132873"
"Quercus palustris","Last_Yes_DOY Pollen release (flowers)","126","DOY",NA,"Phenology Network","Year = 2019, 2019 | Site Name = Oak Collection | Individual ID = 132873"
"Quercus palustris","First_Yes_DOY Flowers or flower buds","123","DOY",NA,"Phenology Network","Year = 2019, 2019 | Site Name = Oak Collection | Individual ID = 132880"
"Quercus palustris","Last_Yes_DOY Flowers or flower buds","139","DOY",NA,"Phenology Network","Year = 2019, 2019 | Site Name = Oak Collection | Individual ID = 132880"
"Quercus palustris","First_Yes_DOY Open flowers","132","DOY",NA,"Phenology Network","Year = 2019, 2019 | Site Name = Oak Collection | Individual ID = 132880"
"Quercus palustris","Last_Yes_DOY Open flowers","139","DOY",NA,"Phenology Network","Year = 2019, 2019 | Site Name = Oak Collection | Individual ID = 132880"
"Quercus palustris","First_Yes_DOY Pollen release (flowers)","132","DOY",NA,"Phenology Network","Year = 2019, 2019 | Site Name = Oak Collection | Individual ID = 132880"
"Quercus palustris","Last_Yes_DOY Pollen release (flowers)","132","DOY",NA,"Phenology Network","Year = 2019, 2019 | Site Name = Oak Collection | Individual ID = 132880"
"Populus balsamifera","First_Yes_DOY Flowers or flower buds","124","DOY",NA,"Phenology Network","Year = 2019, 2019 | Site Name = Home | Individual ID = 134721"
"Populus balsamifera","Last_Yes_DOY Flowers or flower buds","131","DOY",NA,"Phenology Network","Year = 2019, 2019 | Site Name = Home | Individual ID = 134721"
"Populus balsamifera","First_Yes_DOY Open flowers","126","DOY",NA,"Phenology Network","Year = 2019, 2019 | Site Name = Home | Individual ID = 134721"
"Populus balsamifera","Last_Yes_DOY Open flowers","131","DOY",NA,"Phenology Network","Year = 2019, 2019 | Site Name = Home | Individual ID = 134721"
"Populus balsamifera","First_Yes_DOY Pollen release (flowers)","131","DOY",NA,"Phenology Network","Year = 2019, 2019 | Site Name = Home | Individual ID = 134721"
"Populus balsamifera","Last_Yes_DOY Pollen release (flowers)","131","DOY",NA,"Phenology Network","Year = 2019, 2019 | Site Name = Home | Individual ID = 134721"
"Populus grandidentata","First_Yes_DOY Flowers or flower buds","110","DOY",NA,"Phenology Network","Year = 2019, 2019 | Site Name = Home | Individual ID = 134722"
"Populus grandidentata","Last_Yes_DOY Flowers or flower buds","134","DOY",NA,"Phenology Network","Year = 2019, 2019 | Site Name = Home | Individual ID = 134722"
"Populus grandidentata","First_Yes_DOY Open flowers","124","DOY",NA,"Phenology Network","Year = 2019, 2019 | Site Name = Home | Individual ID = 134722"
"Populus grandidentata","Last_Yes_DOY Open flowers","134","DOY",NA,"Phenology Network","Year = 2019, 2019 | Site Name = Home | Individual ID = 134722"
"Ulmus americana","First_Yes_DOY Flowers or flower buds","115","DOY",NA,"Phenology Network","Year = 2019, 2019 | Site Name = north loop | Individual ID = 135317"
"Ulmus americana","Last_Yes_DOY Flowers or flower buds","115","DOY",NA,"Phenology Network","Year = 2019, 2019 | Site Name = north loop | Individual ID = 135317"
"Ulmus americana","First_Yes_DOY Open flowers","115","DOY",NA,"Phenology Network","Year = 2019, 2019 | Site Name = north loop | Individual ID = 135317"
"Ulmus americana","Last_Yes_DOY Open flowers","115","DOY",NA,"Phenology Network","Year = 2019, 2019 | Site Name = north loop | Individual ID = 135317"
"Acer saccharinum","First_Yes_DOY Flowers or flower buds","118","DOY",NA,"Phenology Network","Year = 2019, 2019 | Site Name = Our Home | Individual ID = 135802"
"Acer saccharinum","Last_Yes_DOY Flowers or flower buds","131","DOY",NA,"Phenology Network","Year = 2019, 2019 | Site Name = Our Home | Individual ID = 135802"
"Acer saccharinum","First_Yes_DOY Open flowers","125","DOY",NA,"Phenology Network","Year = 2019, 2019 | Site Name = Our Home | Individual ID = 135802"
"Acer saccharinum","Last_Yes_DOY Open flowers","131","DOY",NA,"Phenology Network","Year = 2019, 2019 | Site Name = Our Home | Individual ID = 135802"
"Acer saccharinum","First_Yes_DOY Pollen release (flowers)","118","DOY",NA,"Phenology Network","Year = 2019, 2019 | Site Name = Our Home | Individual ID = 135802"
"Acer saccharinum","Last_Yes_DOY Pollen release (flowers)","131","DOY",NA,"Phenology Network","Year = 2019, 2019 | Site Name = Our Home | Individual ID = 135802"
"Populus balsamifera","First_Yes_DOY Flowers or flower buds","122","DOY",NA,"Phenology Network","Year = 2019, 2019 | Site Name = loop trail | Individual ID = 141593"
"Populus balsamifera","Last_Yes_DOY Flowers or flower buds","126","DOY",NA,"Phenology Network","Year = 2019, 2019 | Site Name = loop trail | Individual ID = 141593"
"Populus balsamifera","First_Yes_DOY Open flowers","126","DOY",NA,"Phenology Network","Year = 2019, 2019 | Site Name = loop trail | Individual ID = 141593"
"Populus balsamifera","Last_Yes_DOY Open flowers","126","DOY",NA,"Phenology Network","Year = 2019, 2019 | Site Name = loop trail | Individual ID = 141593"
"Acer rubrum","First_Yes_DOY Flowers or flower buds","109","DOY",NA,"Phenology Network","Year = 2019, 2019 | Site Name = Native American Medicine Gardens | Individual ID = 141724"
"Acer rubrum","Last_Yes_DOY Flowers or flower buds","110","DOY",NA,"Phenology Network","Year = 2019, 2019 | Site Name = Native American Medicine Gardens | Individual ID = 141724"
"Acer rubrum","First_Yes_DOY Open flowers","109","DOY",NA,"Phenology Network","Year = 2019, 2019 | Site Name = Native American Medicine Gardens | Individual ID = 141724"
"Acer rubrum","Last_Yes_DOY Open flowers","110","DOY",NA,"Phenology Network","Year = 2019, 2019 | Site Name = Native American Medicine Gardens | Individual ID = 141724"
"Acer rubrum","First_Yes_DOY Pollen release (flowers)","109","DOY",NA,"Phenology Network","Year = 2019, 2019 | Site Name = Native American Medicine Gardens | Individual ID = 141724"
"Acer rubrum","Last_Yes_DOY Pollen release (flowers)","110","DOY",NA,"Phenology Network","Year = 2019, 2019 | Site Name = Native American Medicine Gardens | Individual ID = 141724"
"Quercus rubra","First_Yes_DOY Flowers or flower buds","132","DOY",NA,"Phenology Network","Year = 2019, 2019 | Site Name = Native American Medicine Gardens | Individual ID = 141725"
"Quercus rubra","Last_Yes_DOY Flowers or flower buds","132","DOY",NA,"Phenology Network","Year = 2019, 2019 | Site Name = Native American Medicine Gardens | Individual ID = 141725"
"Populus tremuloides","First_Yes_DOY Flowers or flower buds","105","DOY",NA,"Phenology Network","Year = 2019, 2019 | Site Name = Back Yard | Individual ID = 142365"
"Populus tremuloides","Last_Yes_DOY Flowers or flower buds","118","DOY",NA,"Phenology Network","Year = 2019, 2019 | Site Name = Back Yard | Individual ID = 142365"
"Populus tremuloides","First_Yes_DOY Flowers or flower buds","129","DOY",NA,"Phenology Network","Year = 2019, 2019 | Site Name = Back Yard | Individual ID = 142365"
"Populus tremuloides","Last_Yes_DOY Flowers or flower buds","129","DOY",NA,"Phenology Network","Year = 2019, 2019 | Site Name = Back Yard | Individual ID = 142365"
"Populus tremuloides","First_Yes_DOY Open flowers","105","DOY",NA,"Phenology Network","Year = 2019, 2019 | Site Name = Back Yard | Individual ID = 142365"
"Populus tremuloides","Last_Yes_DOY Open flowers","118","DOY",NA,"Phenology Network","Year = 2019, 2019 | Site Name = Back Yard | Individual ID = 142365"
"Populus tremuloides","First_Yes_DOY Open flowers","129","DOY",NA,"Phenology Network","Year = 2019, 2019 | Site Name = Back Yard | Individual ID = 142365"
"Populus tremuloides","Last_Yes_DOY Open flowers","129","DOY",NA,"Phenology Network","Year = 2019, 2019 | Site Name = Back Yard | Individual ID = 142365"
"Populus deltoides","First_Yes_DOY Flowers or flower buds","102","DOY",NA,"Phenology Network","Year = 2019, 2019 | Site Name = Backyard | Individual ID = 148295"
"Populus deltoides","Last_Yes_DOY Flowers or flower buds","102","DOY",NA,"Phenology Network","Year = 2019, 2019 | Site Name = Backyard | Individual ID = 148295"
"Acer negundo","First_Yes_DOY Flowers or flower buds","99","DOY",NA,"Phenology Network","Year = 2019, 2019 | Site Name = Backyard | Individual ID = 148296"
"Acer negundo","Last_Yes_DOY Flowers or flower buds","115","DOY",NA,"Phenology Network","Year = 2019, 2019 | Site Name = Backyard | Individual ID = 148296"
"Acer negundo","First_Yes_DOY Open flowers","111","DOY",NA,"Phenology Network","Year = 2019, 2019 | Site Name = Backyard | Individual ID = 148296"
"Acer negundo","Last_Yes_DOY Open flowers","115","DOY",NA,"Phenology Network","Year = 2019, 2019 | Site Name = Backyard | Individual ID = 148296"
"Quercus alba","First_Yes_DOY Flowers or flower buds","103","DOY",NA,"Phenology Network","Year = 2019, 2019 | Site Name = Silverwood Park VS Oak Savanna | Individual ID = 151500"
"Quercus alba","Last_Yes_DOY Flowers or flower buds","124","DOY",NA,"Phenology Network","Year = 2019, 2019 | Site Name = Silverwood Park VS Oak Savanna | Individual ID = 151500"
"Quercus alba","First_Yes_DOY Flowers or flower buds","152","DOY",NA,"Phenology Network","Year = 2019, 2019 | Site Name = Silverwood Park VS Oak Savanna | Individual ID = 151500"
"Quercus alba","Last_Yes_DOY Flowers or flower buds","159","DOY",NA,"Phenology Network","Year = 2019, 2019 | Site Name = Silverwood Park VS Oak Savanna | Individual ID = 151500"
"Quercus alba","First_Yes_DOY Open flowers","152","DOY",NA,"Phenology Network","Year = 2019, 2019 | Site Name = Silverwood Park VS Oak Savanna | Individual ID = 151500"
"Quercus alba","Last_Yes_DOY Open flowers","159","DOY",NA,"Phenology Network","Year = 2019, 2019 | Site Name = Silverwood Park VS Oak Savanna | Individual ID = 151500"
"Acer saccharinum","First_Yes_DOY Flowers or flower buds","116","DOY",NA,"Phenology Network","Year = 2019, 2019 | Site Name = Albany farm | Individual ID = 154889"
"Acer saccharinum","Last_Yes_DOY Flowers or flower buds","116","DOY",NA,"Phenology Network","Year = 2019, 2019 | Site Name = Albany farm | Individual ID = 154889"
"Acer saccharinum","First_Yes_DOY Open flowers","116","DOY",NA,"Phenology Network","Year = 2019, 2019 | Site Name = Albany farm | Individual ID = 154889"
"Acer saccharinum","Last_Yes_DOY Open flowers","116","DOY",NA,"Phenology Network","Year = 2019, 2019 | Site Name = Albany farm | Individual ID = 154889"
"Acer saccharinum","First_Yes_DOY Pollen release (flowers)","116","DOY",NA,"Phenology Network","Year = 2019, 2019 | Site Name = Albany farm | Individual ID = 154889"
"Acer saccharinum","Last_Yes_DOY Pollen release (flowers)","116","DOY",NA,"Phenology Network","Year = 2019, 2019 | Site Name = Albany farm | Individual ID = 154889"
"Populus deltoides","First_Yes_DOY Open flowers","210","DOY",NA,"Phenology Network","Year = 2019, 2019 | Site Name = School of Environmental Studies | Individual ID = 156546"
"Populus deltoides","Last_Yes_DOY Open flowers","210","DOY",NA,"Phenology Network","Year = 2019, 2019 | Site Name = School of Environmental Studies | Individual ID = 156546"
"Acer saccharinum","First_Yes_DOY Flowers or flower buds","125","DOY",NA,"Phenology Network","Year = 2019, 2019 | Site Name = back yard | Individual ID = 163241"
"Acer saccharinum","Last_Yes_DOY Flowers or flower buds","143","DOY",NA,"Phenology Network","Year = 2019, 2019 | Site Name = back yard | Individual ID = 163241"
"Acer saccharinum","First_Yes_DOY Open flowers","125","DOY",NA,"Phenology Network","Year = 2019, 2019 | Site Name = back yard | Individual ID = 163241"
"Acer saccharinum","Last_Yes_DOY Open flowers","143","DOY",NA,"Phenology Network","Year = 2019, 2019 | Site Name = back yard | Individual ID = 163241"
"Acer saccharinum","First_Yes_DOY Pollen release (flowers)","135","DOY",NA,"Phenology Network","Year = 2019, 2019 | Site Name = back yard | Individual ID = 163241"
"Acer saccharinum","Last_Yes_DOY Pollen release (flowers)","143","DOY",NA,"Phenology Network","Year = 2019, 2019 | Site Name = back yard | Individual ID = 163241"
"Acer rubrum","First_Yes_DOY Flowers or flower buds","117","DOY",NA,"Phenology Network","Year = 2019, 2019 | Site Name = Cabin yard | Individual ID = 164132"
"Acer rubrum","Last_Yes_DOY Flowers or flower buds","135","DOY",NA,"Phenology Network","Year = 2019, 2019 | Site Name = Cabin yard | Individual ID = 164132"
"Acer rubrum","First_Yes_DOY Open flowers","117","DOY",NA,"Phenology Network","Year = 2019, 2019 | Site Name = Cabin yard | Individual ID = 164132"
"Acer rubrum","Last_Yes_DOY Open flowers","135","DOY",NA,"Phenology Network","Year = 2019, 2019 | Site Name = Cabin yard | Individual ID = 164132"
"Acer rubrum","First_Yes_DOY Pollen release (flowers)","135","DOY",NA,"Phenology Network","Year = 2019, 2019 | Site Name = Cabin yard | Individual ID = 164132"
"Acer rubrum","Last_Yes_DOY Pollen release (flowers)","135","DOY",NA,"Phenology Network","Year = 2019, 2019 | Site Name = Cabin yard | Individual ID = 164132"
"Quercus rubra","First_Yes_DOY Flowers or flower buds","140","DOY",NA,"Phenology Network","Year = 2019, 2019 | Site Name = Home | Individual ID = 166352"
"Quercus rubra","Last_Yes_DOY Flowers or flower buds","155","DOY",NA,"Phenology Network","Year = 2019, 2019 | Site Name = Home | Individual ID = 166352"
"Quercus rubra","First_Yes_DOY Open flowers","148","DOY",NA,"Phenology Network","Year = 2019, 2019 | Site Name = Home | Individual ID = 166352"
"Quercus rubra","Last_Yes_DOY Open flowers","155","DOY",NA,"Phenology Network","Year = 2019, 2019 | Site Name = Home | Individual ID = 166352"
"Quercus rubra","First_Yes_DOY Pollen release (flowers)","152","DOY",NA,"Phenology Network","Year = 2019, 2019 | Site Name = Home | Individual ID = 166352"
"Quercus rubra","Last_Yes_DOY Pollen release (flowers)","155","DOY",NA,"Phenology Network","Year = 2019, 2019 | Site Name = Home | Individual ID = 166352"
"Acer rubrum","First_Yes_DOY Flowers or flower buds","115","DOY",NA,"Phenology Network","Year = 2019, 2019 | Site Name = Bemidji township park at Farmers Beach | Individual ID = 174406"
"Acer rubrum","Last_Yes_DOY Flowers or flower buds","115","DOY",NA,"Phenology Network","Year = 2019, 2019 | Site Name = Bemidji township park at Farmers Beach | Individual ID = 174406"
"Acer rubrum","First_Yes_DOY Flowers or flower buds","141","DOY",NA,"Phenology Network","Year = 2019, 2019 | Site Name = Bemidji township park at Farmers Beach | Individual ID = 174406"
"Acer rubrum","Last_Yes_DOY Flowers or flower buds","141","DOY",NA,"Phenology Network","Year = 2019, 2019 | Site Name = Bemidji township park at Farmers Beach | Individual ID = 174406"
"Acer rubrum","First_Yes_DOY Open flowers","115","DOY",NA,"Phenology Network","Year = 2019, 2019 | Site Name = Bemidji township park at Farmers Beach | Individual ID = 174406"
"Acer rubrum","Last_Yes_DOY Open flowers","115","DOY",NA,"Phenology Network","Year = 2019, 2019 | Site Name = Bemidji township park at Farmers Beach | Individual ID = 174406"
"Acer rubrum","First_Yes_DOY Open flowers","141","DOY",NA,"Phenology Network","Year = 2019, 2019 | Site Name = Bemidji township park at Farmers Beach | Individual ID = 174406"
"Acer rubrum","Last_Yes_DOY Open flowers","141","DOY",NA,"Phenology Network","Year = 2019, 2019 | Site Name = Bemidji township park at Farmers Beach | Individual ID = 174406"
"Acer rubrum","First_Yes_DOY Flowers or flower buds","128","DOY",NA,"Phenology Network","Year = 2019, 2019 | Site Name = Seward School | Individual ID = 176030"
"Acer rubrum","Last_Yes_DOY Flowers or flower buds","135","DOY",NA,"Phenology Network","Year = 2019, 2019 | Site Name = Seward School | Individual ID = 176030"
"Acer rubrum","First_Yes_DOY Flowers or flower buds","108","DOY",NA,"Phenology Network","Year = 2019, 2019 | Site Name = Reiman Gardens | Individual ID = 182649"
"Acer rubrum","Last_Yes_DOY Flowers or flower buds","123","DOY",NA,"Phenology Network","Year = 2019, 2019 | Site Name = Reiman Gardens | Individual ID = 182649"
"Acer rubrum","First_Yes_DOY Open flowers","108","DOY",NA,"Phenology Network","Year = 2019, 2019 | Site Name = Reiman Gardens | Individual ID = 182649"
"Acer rubrum","Last_Yes_DOY Open flowers","123","DOY",NA,"Phenology Network","Year = 2019, 2019 | Site Name = Reiman Gardens | Individual ID = 182649"
"Quercus rubra","First_Yes_DOY Flowers or flower buds","109","DOY",NA,"Phenology Network","Year = 2019, 2019 | Site Name = Home | Individual ID = 185289"
"Quercus rubra","Last_Yes_DOY Flowers or flower buds","109","DOY",NA,"Phenology Network","Year = 2019, 2019 | Site Name = Home | Individual ID = 185289"
"Acer rubrum","First_Yes_DOY Flowers or flower buds","83","DOY",NA,"Phenology Network","Year = 2019, 2019 | Site Name = Home | Individual ID = 188433"
"Acer rubrum","Last_Yes_DOY Flowers or flower buds","83","DOY",NA,"Phenology Network","Year = 2019, 2019 | Site Name = Home | Individual ID = 188433"
"Acer rubrum","First_Yes_DOY Open flowers","83","DOY",NA,"Phenology Network","Year = 2019, 2019 | Site Name = Home | Individual ID = 188433"
"Acer rubrum","Last_Yes_DOY Open flowers","83","DOY",NA,"Phenology Network","Year = 2019, 2019 | Site Name = Home | Individual ID = 188433"
"Fraxinus pennsylvanica","First_Yes_DOY Flowers or flower buds","134","DOY",NA,"Phenology Network","Year = 2019, 2019 | Site Name = Bagley - Rock Pond Trail | Individual ID = 188655"
"Fraxinus pennsylvanica","Last_Yes_DOY Flowers or flower buds","154","DOY",NA,"Phenology Network","Year = 2019, 2019 | Site Name = Bagley - Rock Pond Trail | Individual ID = 188655"
"Fraxinus pennsylvanica","First_Yes_DOY Flowers or flower buds","161","DOY",NA,"Phenology Network","Year = 2019, 2019 | Site Name = Bagley - Rock Pond Trail | Individual ID = 188656"
"Fraxinus pennsylvanica","Last_Yes_DOY Flowers or flower buds","161","DOY",NA,"Phenology Network","Year = 2019, 2019 | Site Name = Bagley - Rock Pond Trail | Individual ID = 188656"
"Fraxinus pennsylvanica","First_Yes_DOY Flowers or flower buds","154","DOY",NA,"Phenology Network","Year = 2019, 2019 | Site Name = Bagley - Rock Pond Trail | Individual ID = 188657"
"Fraxinus pennsylvanica","Last_Yes_DOY Flowers or flower buds","154","DOY",NA,"Phenology Network","Year = 2019, 2019 | Site Name = Bagley - Rock Pond Trail | Individual ID = 188657"
"Fraxinus pennsylvanica","First_Yes_DOY Flowers or flower buds","160","DOY",NA,"Phenology Network","Year = 2019, 2019 | Site Name = Bagley - Rock Pond Trail | Individual ID = 188657"
"Fraxinus pennsylvanica","Last_Yes_DOY Flowers or flower buds","164","DOY",NA,"Phenology Network","Year = 2019, 2019 | Site Name = Bagley - Rock Pond Trail | Individual ID = 188657"
"Fraxinus pennsylvanica","First_Yes_DOY Open flowers","172","DOY",NA,"Phenology Network","Year = 2019, 2019 | Site Name = Bagley - Rock Pond Trail | Individual ID = 188657"
"Fraxinus pennsylvanica","Last_Yes_DOY Open flowers","172","DOY",NA,"Phenology Network","Year = 2019, 2019 | Site Name = Bagley - Rock Pond Trail | Individual ID = 188657"
"Fraxinus pennsylvanica","First_Yes_DOY Flowers or flower buds","137","DOY",NA,"Phenology Network","Year = 2019, 2019 | Site Name = Boulder Lake - Bear Paw Trail | Individual ID = 188671"
"Fraxinus pennsylvanica","Last_Yes_DOY Flowers or flower buds","140","DOY",NA,"Phenology Network","Year = 2019, 2019 | Site Name = Boulder Lake - Bear Paw Trail | Individual ID = 188671"
"Fraxinus pennsylvanica","First_Yes_DOY Flowers or flower buds","151","DOY",NA,"Phenology Network","Year = 2019, 2019 | Site Name = Boulder Lake - Bear Paw Trail | Individual ID = 188671"
"Fraxinus pennsylvanica","Last_Yes_DOY Flowers or flower buds","151","DOY",NA,"Phenology Network","Year = 2019, 2019 | Site Name = Boulder Lake - Bear Paw Trail | Individual ID = 188671"
"Fraxinus pennsylvanica","First_Yes_DOY Open flowers","151","DOY",NA,"Phenology Network","Year = 2019, 2019 | Site Name = Boulder Lake - Bear Paw Trail | Individual ID = 188671"
"Fraxinus pennsylvanica","Last_Yes_DOY Open flowers","151","DOY",NA,"Phenology Network","Year = 2019, 2019 | Site Name = Boulder Lake - Bear Paw Trail | Individual ID = 188671"
"Fraxinus pennsylvanica","First_Yes_DOY Flowers or flower buds","137","DOY",NA,"Phenology Network","Year = 2019, 2019 | Site Name = Boulder Lake - Bear Paw Trail | Individual ID = 188672"
"Fraxinus pennsylvanica","Last_Yes_DOY Flowers or flower buds","137","DOY",NA,"Phenology Network","Year = 2019, 2019 | Site Name = Boulder Lake - Bear Paw Trail | Individual ID = 188672"
"Fraxinus pennsylvanica","First_Yes_DOY Flowers or flower buds","136","DOY",NA,"Phenology Network","Year = 2019, 2019 | Site Name = Boulder Lake - Bear Paw Trail | Individual ID = 188673"
"Fraxinus pennsylvanica","Last_Yes_DOY Flowers or flower buds","164","DOY",NA,"Phenology Network","Year = 2019, 2019 | Site Name = Boulder Lake - Bear Paw Trail | Individual ID = 188673"
"Fraxinus pennsylvanica","First_Yes_DOY Open flowers","140","DOY",NA,"Phenology Network","Year = 2019, 2019 | Site Name = Boulder Lake - Bear Paw Trail | Individual ID = 188673"
"Fraxinus pennsylvanica","Last_Yes_DOY Open flowers","140","DOY",NA,"Phenology Network","Year = 2019, 2019 | Site Name = Boulder Lake - Bear Paw Trail | Individual ID = 188673"
"Fraxinus pennsylvanica","First_Yes_DOY Open flowers","150","DOY",NA,"Phenology Network","Year = 2019, 2019 | Site Name = Boulder Lake - Bear Paw Trail | Individual ID = 188673"
"Fraxinus pennsylvanica","Last_Yes_DOY Open flowers","164","DOY",NA,"Phenology Network","Year = 2019, 2019 | Site Name = Boulder Lake - Bear Paw Trail | Individual ID = 188673"
"Fraxinus pennsylvanica","First_Yes_DOY Pollen release (flowers)","151","DOY",NA,"Phenology Network","Year = 2019, 2019 | Site Name = Boulder Lake - Bear Paw Trail | Individual ID = 188673"
"Fraxinus pennsylvanica","Last_Yes_DOY Pollen release (flowers)","151","DOY",NA,"Phenology Network","Year = 2019, 2019 | Site Name = Boulder Lake - Bear Paw Trail | Individual ID = 188673"
"Populus tremuloides","First_Yes_DOY Flowers or flower buds","88","DOY",NA,"Phenology Network","Year = 2019, 2019 | Site Name = LCS Outdoor Learning Environment | Individual ID = 188941"
"Populus tremuloides","Last_Yes_DOY Flowers or flower buds","109","DOY",NA,"Phenology Network","Year = 2019, 2019 | Site Name = LCS Outdoor Learning Environment | Individual ID = 188941"
"Populus tremuloides","First_Yes_DOY Open flowers","102","DOY",NA,"Phenology Network","Year = 2019, 2019 | Site Name = LCS Outdoor Learning Environment | Individual ID = 188941"
"Populus tremuloides","Last_Yes_DOY Open flowers","109","DOY",NA,"Phenology Network","Year = 2019, 2019 | Site Name = LCS Outdoor Learning Environment | Individual ID = 188941"
"Acer saccharinum","First_Yes_DOY Flowers or flower buds","106","DOY",NA,"Phenology Network","Year = 2019, 2019 | Site Name = Home | Individual ID = 188955"
"Acer saccharinum","Last_Yes_DOY Flowers or flower buds","106","DOY",NA,"Phenology Network","Year = 2019, 2019 | Site Name = Home | Individual ID = 188955"
"Acer saccharinum","First_Yes_DOY Open flowers","106","DOY",NA,"Phenology Network","Year = 2019, 2019 | Site Name = Home | Individual ID = 188955"
"Acer saccharinum","Last_Yes_DOY Open flowers","106","DOY",NA,"Phenology Network","Year = 2019, 2019 | Site Name = Home | Individual ID = 188955"
"Tilia americana","First_Yes_DOY Flowers or flower buds","154","DOY",NA,"Phenology Network","Year = 2019, 2019 | Site Name = Horton Park | Individual ID = 189748"
"Tilia americana","Last_Yes_DOY Flowers or flower buds","194","DOY",NA,"Phenology Network","Year = 2019, 2019 | Site Name = Horton Park | Individual ID = 189748"
"Tilia americana","First_Yes_DOY Open flowers","187","DOY",NA,"Phenology Network","Year = 2019, 2019 | Site Name = Horton Park | Individual ID = 189748"
"Tilia americana","Last_Yes_DOY Open flowers","194","DOY",NA,"Phenology Network","Year = 2019, 2019 | Site Name = Horton Park | Individual ID = 189748"
"Acer rubrum","First_Yes_DOY Flowers or flower buds","130","DOY",NA,"Phenology Network","Year = 2019, 2019 | Site Name = Lake Walk | Individual ID = 190211"
"Acer rubrum","Last_Yes_DOY Flowers or flower buds","130","DOY",NA,"Phenology Network","Year = 2019, 2019 | Site Name = Lake Walk | Individual ID = 190211"
"Acer rubrum","First_Yes_DOY Flowers or flower buds","153","DOY",NA,"Phenology Network","Year = 2019, 2019 | Site Name = Lake Walk | Individual ID = 190211"
"Acer rubrum","Last_Yes_DOY Flowers or flower buds","160","DOY",NA,"Phenology Network","Year = 2019, 2019 | Site Name = Lake Walk | Individual ID = 190211"
"Acer rubrum","First_Yes_DOY Open flowers","130","DOY",NA,"Phenology Network","Year = 2019, 2019 | Site Name = Lake Walk | Individual ID = 190211"
"Acer rubrum","Last_Yes_DOY Open flowers","144","DOY",NA,"Phenology Network","Year = 2019, 2019 | Site Name = Lake Walk | Individual ID = 190211"
"Acer rubrum","First_Yes_DOY Pollen release (flowers)","130","DOY",NA,"Phenology Network","Year = 2019, 2019 | Site Name = Lake Walk | Individual ID = 190211"
"Acer rubrum","Last_Yes_DOY Pollen release (flowers)","134","DOY",NA,"Phenology Network","Year = 2019, 2019 | Site Name = Lake Walk | Individual ID = 190211"
"Fraxinus pennsylvanica","First_Yes_DOY Flowers or flower buds","137","DOY",NA,"Phenology Network","Year = 2019, 2019 | Site Name = Lake Walk | Individual ID = 190212"
"Fraxinus pennsylvanica","Last_Yes_DOY Flowers or flower buds","160","DOY",NA,"Phenology Network","Year = 2019, 2019 | Site Name = Lake Walk | Individual ID = 190212"
"Fraxinus pennsylvanica","First_Yes_DOY Open flowers","161","DOY",NA,"Phenology Network","Year = 2019, 2019 | Site Name = Lake Walk | Individual ID = 190212"
"Fraxinus pennsylvanica","Last_Yes_DOY Open flowers","161","DOY",NA,"Phenology Network","Year = 2019, 2019 | Site Name = Lake Walk | Individual ID = 190212"
"Fraxinus pennsylvanica","First_Yes_DOY Flowers or flower buds","134","DOY",NA,"Phenology Network","Year = 2019, 2019 | Site Name = Lake Walk | Individual ID = 190213"
"Fraxinus pennsylvanica","Last_Yes_DOY Flowers or flower buds","144","DOY",NA,"Phenology Network","Year = 2019, 2019 | Site Name = Lake Walk | Individual ID = 190213"
"Fraxinus pennsylvanica","First_Yes_DOY Open flowers","152","DOY",NA,"Phenology Network","Year = 2019, 2019 | Site Name = Lake Walk | Individual ID = 190213"
"Fraxinus pennsylvanica","Last_Yes_DOY Open flowers","152","DOY",NA,"Phenology Network","Year = 2019, 2019 | Site Name = Lake Walk | Individual ID = 190213"
"Acer rubrum","First_Yes_DOY Flowers or flower buds","130","DOY",NA,"Phenology Network","Year = 2019, 2019 | Site Name = Lake Walk | Individual ID = 190215"
"Acer rubrum","Last_Yes_DOY Flowers or flower buds","130","DOY",NA,"Phenology Network","Year = 2019, 2019 | Site Name = Lake Walk | Individual ID = 190215"
"Acer rubrum","First_Yes_DOY Flowers or flower buds","153","DOY",NA,"Phenology Network","Year = 2019, 2019 | Site Name = Lake Walk | Individual ID = 190215"
"Acer rubrum","Last_Yes_DOY Flowers or flower buds","153","DOY",NA,"Phenology Network","Year = 2019, 2019 | Site Name = Lake Walk | Individual ID = 190215"
"Acer rubrum","First_Yes_DOY Open flowers","130","DOY",NA,"Phenology Network","Year = 2019, 2019 | Site Name = Lake Walk | Individual ID = 190215"
"Acer rubrum","Last_Yes_DOY Open flowers","137","DOY",NA,"Phenology Network","Year = 2019, 2019 | Site Name = Lake Walk | Individual ID = 190215"
"Acer rubrum","First_Yes_DOY Open flowers","153","DOY",NA,"Phenology Network","Year = 2019, 2019 | Site Name = Lake Walk | Individual ID = 190215"
"Acer rubrum","Last_Yes_DOY Open flowers","153","DOY",NA,"Phenology Network","Year = 2019, 2019 | Site Name = Lake Walk | Individual ID = 190215"
"Acer saccharinum","First_Yes_DOY Flowers or flower buds","103","DOY",NA,"Phenology Network","Year = 2019, 2019 | Site Name = Stillwater corner | Individual ID = 190919"
"Acer saccharinum","Last_Yes_DOY Flowers or flower buds","103","DOY",NA,"Phenology Network","Year = 2019, 2019 | Site Name = Stillwater corner | Individual ID = 190919"
"Acer saccharinum","First_Yes_DOY Open flowers","103","DOY",NA,"Phenology Network","Year = 2019, 2019 | Site Name = Stillwater corner | Individual ID = 190919"
"Acer saccharinum","Last_Yes_DOY Open flowers","103","DOY",NA,"Phenology Network","Year = 2019, 2019 | Site Name = Stillwater corner | Individual ID = 190919"
"Acer negundo","First_Yes_DOY Flowers or flower buds","115","DOY",NA,"Phenology Network","Year = 2019, 2019 | Site Name = Tischer Creek West Fork | Individual ID = 192829"
"Acer negundo","Last_Yes_DOY Flowers or flower buds","119","DOY",NA,"Phenology Network","Year = 2019, 2019 | Site Name = Tischer Creek West Fork | Individual ID = 192829"
"Populus tremuloides","First_Yes_DOY Flowers or flower buds","119","DOY",NA,"Phenology Network","Year = 2019, 2019 | Site Name = Kishwauketoe Nature Conservancy | Individual ID = 194041"
"Populus tremuloides","Last_Yes_DOY Flowers or flower buds","119","DOY",NA,"Phenology Network","Year = 2019, 2019 | Site Name = Kishwauketoe Nature Conservancy | Individual ID = 194041"
"Populus tremuloides","First_Yes_DOY Open flowers","119","DOY",NA,"Phenology Network","Year = 2019, 2019 | Site Name = Kishwauketoe Nature Conservancy | Individual ID = 194041"
"Populus tremuloides","Last_Yes_DOY Open flowers","119","DOY",NA,"Phenology Network","Year = 2019, 2019 | Site Name = Kishwauketoe Nature Conservancy | Individual ID = 194041"
"Acer rubrum","First_Yes_DOY Flowers or flower buds","130","DOY",NA,"Phenology Network","Year = 2019, 2019 | Site Name = Farmington High School | Individual ID = 194046"
"Acer rubrum","Last_Yes_DOY Flowers or flower buds","134","DOY",NA,"Phenology Network","Year = 2019, 2019 | Site Name = Farmington High School | Individual ID = 194046"
"Acer rubrum","First_Yes_DOY Flowers or flower buds","126","DOY",NA,"Phenology Network","Year = 2019, 2019 | Site Name = Farmington High School | Individual ID = 194047"
"Acer rubrum","Last_Yes_DOY Flowers or flower buds","134","DOY",NA,"Phenology Network","Year = 2019, 2019 | Site Name = Farmington High School | Individual ID = 194047"
"Acer rubrum","First_Yes_DOY Open flowers","130","DOY",NA,"Phenology Network","Year = 2019, 2019 | Site Name = Farmington High School | Individual ID = 194047"
"Acer rubrum","Last_Yes_DOY Open flowers","134","DOY",NA,"Phenology Network","Year = 2019, 2019 | Site Name = Farmington High School | Individual ID = 194047"
"Acer rubrum","First_Yes_DOY Flowers or flower buds","126","DOY",NA,"Phenology Network","Year = 2019, 2019 | Site Name = Farmington High School | Individual ID = 194197"
"Acer rubrum","Last_Yes_DOY Flowers or flower buds","134","DOY",NA,"Phenology Network","Year = 2019, 2019 | Site Name = Farmington High School | Individual ID = 194197"
"Acer rubrum","First_Yes_DOY Flowers or flower buds","116","DOY",NA,"Phenology Network","Year = 2019, 2019 | Site Name = Farmington High School | Individual ID = 194200"
"Acer rubrum","Last_Yes_DOY Flowers or flower buds","134","DOY",NA,"Phenology Network","Year = 2019, 2019 | Site Name = Farmington High School | Individual ID = 194200"
"Acer rubrum","First_Yes_DOY Flowers or flower buds","116","DOY",NA,"Phenology Network","Year = 2019, 2019 | Site Name = Farmington High School | Individual ID = 194201"
"Acer rubrum","Last_Yes_DOY Flowers or flower buds","116","DOY",NA,"Phenology Network","Year = 2019, 2019 | Site Name = Farmington High School | Individual ID = 194201"
"Acer rubrum","First_Yes_DOY Flowers or flower buds","116","DOY",NA,"Phenology Network","Year = 2019, 2019 | Site Name = Farmington High School | Individual ID = 194202"
"Acer rubrum","Last_Yes_DOY Flowers or flower buds","134","DOY",NA,"Phenology Network","Year = 2019, 2019 | Site Name = Farmington High School | Individual ID = 194202"
"Acer rubrum","First_Yes_DOY Open flowers","130","DOY",NA,"Phenology Network","Year = 2019, 2019 | Site Name = Farmington High School | Individual ID = 194202"
"Acer rubrum","Last_Yes_DOY Open flowers","134","DOY",NA,"Phenology Network","Year = 2019, 2019 | Site Name = Farmington High School | Individual ID = 194202"
"Acer rubrum","First_Yes_DOY Flowers or flower buds","116","DOY",NA,"Phenology Network","Year = 2019, 2019 | Site Name = Farmington High School | Individual ID = 194203"
"Acer rubrum","Last_Yes_DOY Flowers or flower buds","134","DOY",NA,"Phenology Network","Year = 2019, 2019 | Site Name = Farmington High School | Individual ID = 194203"
"Acer rubrum","First_Yes_DOY Flowers or flower buds","134","DOY",NA,"Phenology Network","Year = 2019, 2019 | Site Name = Farmington High School | Individual ID = 194205"
"Acer rubrum","Last_Yes_DOY Flowers or flower buds","134","DOY",NA,"Phenology Network","Year = 2019, 2019 | Site Name = Farmington High School | Individual ID = 194205"
"Acer rubrum","First_Yes_DOY Open flowers","130","DOY",NA,"Phenology Network","Year = 2019, 2019 | Site Name = Farmington High School | Individual ID = 194205"
"Acer rubrum","Last_Yes_DOY Open flowers","134","DOY",NA,"Phenology Network","Year = 2019, 2019 | Site Name = Farmington High School | Individual ID = 194205"
"Acer rubrum","First_Yes_DOY Pollen release (flowers)","130","DOY",NA,"Phenology Network","Year = 2019, 2019 | Site Name = Farmington High School | Individual ID = 194205"
"Acer rubrum","Last_Yes_DOY Pollen release (flowers)","134","DOY",NA,"Phenology Network","Year = 2019, 2019 | Site Name = Farmington High School | Individual ID = 194205"
"Acer rubrum","First_Yes_DOY Flowers or flower buds","127","DOY",NA,"Phenology Network","Year = 2019, 2019 | Site Name = Farmington High School | Individual ID = 194206"
"Acer rubrum","Last_Yes_DOY Flowers or flower buds","127","DOY",NA,"Phenology Network","Year = 2019, 2019 | Site Name = Farmington High School | Individual ID = 194206"
"Acer rubrum","First_Yes_DOY Flowers or flower buds","130","DOY",NA,"Phenology Network","Year = 2019, 2019 | Site Name = Farmington High School | Individual ID = 194208"
"Acer rubrum","Last_Yes_DOY Flowers or flower buds","134","DOY",NA,"Phenology Network","Year = 2019, 2019 | Site Name = Farmington High School | Individual ID = 194208"
"Acer rubrum","First_Yes_DOY Flowers or flower buds","130","DOY",NA,"Phenology Network","Year = 2019, 2019 | Site Name = Farmington High School | Individual ID = 194211"
"Acer rubrum","Last_Yes_DOY Flowers or flower buds","134","DOY",NA,"Phenology Network","Year = 2019, 2019 | Site Name = Farmington High School | Individual ID = 194211"
"Acer rubrum","First_Yes_DOY Open flowers","130","DOY",NA,"Phenology Network","Year = 2019, 2019 | Site Name = Farmington High School | Individual ID = 194211"
"Acer rubrum","Last_Yes_DOY Open flowers","134","DOY",NA,"Phenology Network","Year = 2019, 2019 | Site Name = Farmington High School | Individual ID = 194211"
"Acer rubrum","First_Yes_DOY Pollen release (flowers)","130","DOY",NA,"Phenology Network","Year = 2019, 2019 | Site Name = Farmington High School | Individual ID = 194211"
"Acer rubrum","Last_Yes_DOY Pollen release (flowers)","134","DOY",NA,"Phenology Network","Year = 2019, 2019 | Site Name = Farmington High School | Individual ID = 194211"
"Populus tremuloides","First_Yes_DOY Flowers or flower buds","119","DOY",NA,"Phenology Network","Year = 2019, 2019 | Site Name = Kishwauketoe Nature Conservancy | Individual ID = 194249"
"Populus tremuloides","Last_Yes_DOY Flowers or flower buds","119","DOY",NA,"Phenology Network","Year = 2019, 2019 | Site Name = Kishwauketoe Nature Conservancy | Individual ID = 194249"
"Populus tremuloides","First_Yes_DOY Open flowers","119","DOY",NA,"Phenology Network","Year = 2019, 2019 | Site Name = Kishwauketoe Nature Conservancy | Individual ID = 194249"
"Populus tremuloides","Last_Yes_DOY Open flowers","119","DOY",NA,"Phenology Network","Year = 2019, 2019 | Site Name = Kishwauketoe Nature Conservancy | Individual ID = 194249"
"Populus tremuloides","First_Yes_DOY Flowers or flower buds","119","DOY",NA,"Phenology Network","Year = 2019, 2019 | Site Name = Kishwauketoe Nature Conservancy | Individual ID = 194250"
"Populus tremuloides","Last_Yes_DOY Flowers or flower buds","119","DOY",NA,"Phenology Network","Year = 2019, 2019 | Site Name = Kishwauketoe Nature Conservancy | Individual ID = 194250"
"Populus tremuloides","First_Yes_DOY Open flowers","119","DOY",NA,"Phenology Network","Year = 2019, 2019 | Site Name = Kishwauketoe Nature Conservancy | Individual ID = 194250"
"Populus tremuloides","Last_Yes_DOY Open flowers","119","DOY",NA,"Phenology Network","Year = 2019, 2019 | Site Name = Kishwauketoe Nature Conservancy | Individual ID = 194250"
"Acer rubrum","First_Yes_DOY Flowers or flower buds","130","DOY",NA,"Phenology Network","Year = 2019, 2019 | Site Name = Lake Walk | Individual ID = 195114"
"Acer rubrum","Last_Yes_DOY Flowers or flower buds","130","DOY",NA,"Phenology Network","Year = 2019, 2019 | Site Name = Lake Walk | Individual ID = 195114"
"Acer rubrum","First_Yes_DOY Flowers or flower buds","153","DOY",NA,"Phenology Network","Year = 2019, 2019 | Site Name = Lake Walk | Individual ID = 195114"
"Acer rubrum","Last_Yes_DOY Flowers or flower buds","160","DOY",NA,"Phenology Network","Year = 2019, 2019 | Site Name = Lake Walk | Individual ID = 195114"
"Acer rubrum","First_Yes_DOY Open flowers","130","DOY",NA,"Phenology Network","Year = 2019, 2019 | Site Name = Lake Walk | Individual ID = 195114"
"Acer rubrum","Last_Yes_DOY Open flowers","137","DOY",NA,"Phenology Network","Year = 2019, 2019 | Site Name = Lake Walk | Individual ID = 195114"
"Acer rubrum","First_Yes_DOY Open flowers","153","DOY",NA,"Phenology Network","Year = 2019, 2019 | Site Name = Lake Walk | Individual ID = 195114"
"Acer rubrum","Last_Yes_DOY Open flowers","153","DOY",NA,"Phenology Network","Year = 2019, 2019 | Site Name = Lake Walk | Individual ID = 195114"
"Acer rubrum","First_Yes_DOY Pollen release (flowers)","134","DOY",NA,"Phenology Network","Year = 2019, 2019 | Site Name = Lake Walk | Individual ID = 195114"
"Acer rubrum","Last_Yes_DOY Pollen release (flowers)","134","DOY",NA,"Phenology Network","Year = 2019, 2019 | Site Name = Lake Walk | Individual ID = 195114"
"Acer rubrum","First_Yes_DOY Flowers or flower buds","130","DOY",NA,"Phenology Network","Year = 2019, 2019 | Site Name = Lake Walk | Individual ID = 195115"
"Acer rubrum","Last_Yes_DOY Flowers or flower buds","130","DOY",NA,"Phenology Network","Year = 2019, 2019 | Site Name = Lake Walk | Individual ID = 195115"
"Acer rubrum","First_Yes_DOY Flowers or flower buds","153","DOY",NA,"Phenology Network","Year = 2019, 2019 | Site Name = Lake Walk | Individual ID = 195115"
"Acer rubrum","Last_Yes_DOY Flowers or flower buds","153","DOY",NA,"Phenology Network","Year = 2019, 2019 | Site Name = Lake Walk | Individual ID = 195115"
"Acer rubrum","First_Yes_DOY Open flowers","130","DOY",NA,"Phenology Network","Year = 2019, 2019 | Site Name = Lake Walk | Individual ID = 195115"
"Acer rubrum","Last_Yes_DOY Open flowers","137","DOY",NA,"Phenology Network","Year = 2019, 2019 | Site Name = Lake Walk | Individual ID = 195115"
"Acer rubrum","First_Yes_DOY Pollen release (flowers)","134","DOY",NA,"Phenology Network","Year = 2019, 2019 | Site Name = Lake Walk | Individual ID = 195115"
"Acer rubrum","Last_Yes_DOY Pollen release (flowers)","134","DOY",NA,"Phenology Network","Year = 2019, 2019 | Site Name = Lake Walk | Individual ID = 195115"
"Fraxinus pennsylvanica","First_Yes_DOY Flowers or flower buds","144","DOY",NA,"Phenology Network","Year = 2019, 2019 | Site Name = Lake Walk | Individual ID = 195116"
"Fraxinus pennsylvanica","Last_Yes_DOY Flowers or flower buds","152","DOY",NA,"Phenology Network","Year = 2019, 2019 | Site Name = Lake Walk | Individual ID = 195116"
"Fraxinus pennsylvanica","First_Yes_DOY Flowers or flower buds","130","DOY",NA,"Phenology Network","Year = 2019, 2019 | Site Name = Lake Walk | Individual ID = 195810"
"Fraxinus pennsylvanica","Last_Yes_DOY Flowers or flower buds","144","DOY",NA,"Phenology Network","Year = 2019, 2019 | Site Name = Lake Walk | Individual ID = 195810"
"Fraxinus pennsylvanica","First_Yes_DOY Flowers or flower buds","153","DOY",NA,"Phenology Network","Year = 2019, 2019 | Site Name = Lake Walk | Individual ID = 195810"
"Fraxinus pennsylvanica","Last_Yes_DOY Flowers or flower buds","153","DOY",NA,"Phenology Network","Year = 2019, 2019 | Site Name = Lake Walk | Individual ID = 195810"
"Fraxinus pennsylvanica","First_Yes_DOY Open flowers","152","DOY",NA,"Phenology Network","Year = 2019, 2019 | Site Name = Lake Walk | Individual ID = 195810"
"Fraxinus pennsylvanica","Last_Yes_DOY Open flowers","153","DOY",NA,"Phenology Network","Year = 2019, 2019 | Site Name = Lake Walk | Individual ID = 195810"
"Quercus rubra","First_Yes_DOY Flowers or flower buds","140","DOY",NA,"Phenology Network","Year = 2019, 2019 | Site Name = saratoga | Individual ID = 195890"
"Quercus rubra","Last_Yes_DOY Flowers or flower buds","140","DOY",NA,"Phenology Network","Year = 2019, 2019 | Site Name = saratoga | Individual ID = 195890"
"Quercus rubra","First_Yes_DOY Open flowers","140","DOY",NA,"Phenology Network","Year = 2019, 2019 | Site Name = saratoga | Individual ID = 195890"
"Quercus rubra","Last_Yes_DOY Open flowers","140","DOY",NA,"Phenology Network","Year = 2019, 2019 | Site Name = saratoga | Individual ID = 195890"
"Populus grandidentata","First_Yes_DOY Flowers or flower buds","132","DOY",NA,"Phenology Network","Year = 2019, 2019 | Site Name = PinehurstTrail | Individual ID = 198872"
"Populus grandidentata","Last_Yes_DOY Flowers or flower buds","132","DOY",NA,"Phenology Network","Year = 2019, 2019 | Site Name = PinehurstTrail | Individual ID = 198872"
"Populus grandidentata","First_Yes_DOY Open flowers","132","DOY",NA,"Phenology Network","Year = 2019, 2019 | Site Name = PinehurstTrail | Individual ID = 198872"
"Populus grandidentata","Last_Yes_DOY Open flowers","132","DOY",NA,"Phenology Network","Year = 2019, 2019 | Site Name = PinehurstTrail | Individual ID = 198872"
"Acer rubrum","First_Yes_DOY Flowers or flower buds","146","DOY",NA,"Phenology Network","Year = 2019, 2019 | Site Name = home | Individual ID = 199236"
"Acer rubrum","Last_Yes_DOY Flowers or flower buds","146","DOY",NA,"Phenology Network","Year = 2019, 2019 | Site Name = home | Individual ID = 199236"
"Acer rubrum","First_Yes_DOY Open flowers","146","DOY",NA,"Phenology Network","Year = 2019, 2019 | Site Name = home | Individual ID = 199236"
"Acer rubrum","Last_Yes_DOY Open flowers","146","DOY",NA,"Phenology Network","Year = 2019, 2019 | Site Name = home | Individual ID = 199236"
"Acer negundo","First_Yes_DOY Flowers or flower buds","141","DOY",NA,"Phenology Network","Year = 2019, 2019 | Site Name = Bemidji township park at Farmers Beach | Individual ID = 199326"
"Acer negundo","Last_Yes_DOY Flowers or flower buds","141","DOY",NA,"Phenology Network","Year = 2019, 2019 | Site Name = Bemidji township park at Farmers Beach | Individual ID = 199326"
"Acer negundo","First_Yes_DOY Flowers or flower buds","157","DOY",NA,"Phenology Network","Year = 2019, 2019 | Site Name = Bemidji township park at Farmers Beach | Individual ID = 199326"
"Acer negundo","Last_Yes_DOY Flowers or flower buds","157","DOY",NA,"Phenology Network","Year = 2019, 2019 | Site Name = Bemidji township park at Farmers Beach | Individual ID = 199326"
"Acer negundo","First_Yes_DOY Open flowers","141","DOY",NA,"Phenology Network","Year = 2019, 2019 | Site Name = Bemidji township park at Farmers Beach | Individual ID = 199326"
"Acer negundo","Last_Yes_DOY Open flowers","141","DOY",NA,"Phenology Network","Year = 2019, 2019 | Site Name = Bemidji township park at Farmers Beach | Individual ID = 199326"
"Acer negundo","First_Yes_DOY Open flowers","157","DOY",NA,"Phenology Network","Year = 2019, 2019 | Site Name = Bemidji township park at Farmers Beach | Individual ID = 199326"
"Acer negundo","Last_Yes_DOY Open flowers","157","DOY",NA,"Phenology Network","Year = 2019, 2019 | Site Name = Bemidji township park at Farmers Beach | Individual ID = 199326"
"Carya ovata","First_Yes_DOY Flowers or flower buds","155","DOY",NA,"Phenology Network","Year = 2019, 2019 | Site Name = Austin Farm East Side Pond and Woods | Individual ID = 200304"
"Carya ovata","Last_Yes_DOY Flowers or flower buds","155","DOY",NA,"Phenology Network","Year = 2019, 2019 | Site Name = Austin Farm East Side Pond and Woods | Individual ID = 200304"
"Populus balsamifera","First_Yes_DOY Flowers or flower buds","276","DOY",NA,"Phenology Network","Year = 2019, 2019 | Site Name = LRGM | Individual ID = 204837"
"Populus balsamifera","Last_Yes_DOY Flowers or flower buds","276","DOY",NA,"Phenology Network","Year = 2019, 2019 | Site Name = LRGM | Individual ID = 204837"
"Carya cordiformis","First_Yes_DOY Flowers or flower buds","273","DOY",NA,"Phenology Network","Year = 2019, 2019 | Site Name = Trin trail woods | Individual ID = 206591"
"Carya cordiformis","Last_Yes_DOY Flowers or flower buds","273","DOY",NA,"Phenology Network","Year = 2019, 2019 | Site Name = Trin trail woods | Individual ID = 206591"
"Carya cordiformis","First_Yes_DOY Flowers or flower buds","273","DOY",NA,"Phenology Network","Year = 2019, 2019 | Site Name = Trin trail woods | Individual ID = 206592"
"Carya cordiformis","Last_Yes_DOY Flowers or flower buds","280","DOY",NA,"Phenology Network","Year = 2019, 2019 | Site Name = Trin trail woods | Individual ID = 206592"
"Acer negundo","First_Yes_DOY Flowers or flower buds","99","DOY",NA,"Phenology Network","Year = 2019, 2019 | Site Name = Maple Collection | Individual ID = 239688"
"Acer negundo","Last_Yes_DOY Flowers or flower buds","121","DOY",NA,"Phenology Network","Year = 2019, 2019 | Site Name = Maple Collection | Individual ID = 239688"
"Acer negundo","First_Yes_DOY Open flowers","99","DOY",NA,"Phenology Network","Year = 2019, 2019 | Site Name = Maple Collection | Individual ID = 239688"
"Acer negundo","Last_Yes_DOY Open flowers","121","DOY",NA,"Phenology Network","Year = 2019, 2019 | Site Name = Maple Collection | Individual ID = 239688"
"Acer negundo","First_Yes_DOY Pollen release (flowers)","113","DOY",NA,"Phenology Network","Year = 2019, 2019 | Site Name = Maple Collection | Individual ID = 239688"
"Acer negundo","Last_Yes_DOY Pollen release (flowers)","113","DOY",NA,"Phenology Network","Year = 2019, 2019 | Site Name = Maple Collection | Individual ID = 239688"
"Acer negundo","First_Yes_DOY Flowers or flower buds","99","DOY",NA,"Phenology Network","Year = 2019, 2019 | Site Name = Maple Collection | Individual ID = 239689"
"Acer negundo","Last_Yes_DOY Flowers or flower buds","121","DOY",NA,"Phenology Network","Year = 2019, 2019 | Site Name = Maple Collection | Individual ID = 239689"
"Acer negundo","First_Yes_DOY Open flowers","107","DOY",NA,"Phenology Network","Year = 2019, 2019 | Site Name = Maple Collection | Individual ID = 239689"
"Acer negundo","Last_Yes_DOY Open flowers","121","DOY",NA,"Phenology Network","Year = 2019, 2019 | Site Name = Maple Collection | Individual ID = 239689"
"Acer negundo","First_Yes_DOY Pollen release (flowers)","113","DOY",NA,"Phenology Network","Year = 2019, 2019 | Site Name = Maple Collection | Individual ID = 239689"
"Acer negundo","Last_Yes_DOY Pollen release (flowers)","121","DOY",NA,"Phenology Network","Year = 2019, 2019 | Site Name = Maple Collection | Individual ID = 239689"
"Acer nigrum","First_Yes_DOY Flowers or flower buds","121","DOY",NA,"Phenology Network","Year = 2019, 2019 | Site Name = Maple Collection | Individual ID = 239690"
"Acer nigrum","Last_Yes_DOY Flowers or flower buds","121","DOY",NA,"Phenology Network","Year = 2019, 2019 | Site Name = Maple Collection | Individual ID = 239690"
"Acer nigrum","First_Yes_DOY Open flowers","121","DOY",NA,"Phenology Network","Year = 2019, 2019 | Site Name = Maple Collection | Individual ID = 239690"
"Acer nigrum","Last_Yes_DOY Open flowers","121","DOY",NA,"Phenology Network","Year = 2019, 2019 | Site Name = Maple Collection | Individual ID = 239690"
"Acer nigrum","First_Yes_DOY Flowers or flower buds","92","DOY",NA,"Phenology Network","Year = 2019, 2019 | Site Name = Maple Collection | Individual ID = 239691"
"Acer nigrum","Last_Yes_DOY Flowers or flower buds","113","DOY",NA,"Phenology Network","Year = 2019, 2019 | Site Name = Maple Collection | Individual ID = 239691"
"Acer nigrum","First_Yes_DOY Open flowers","107","DOY",NA,"Phenology Network","Year = 2019, 2019 | Site Name = Maple Collection | Individual ID = 239691"
"Acer nigrum","Last_Yes_DOY Open flowers","113","DOY",NA,"Phenology Network","Year = 2019, 2019 | Site Name = Maple Collection | Individual ID = 239691"
"Acer nigrum","First_Yes_DOY Pollen release (flowers)","113","DOY",NA,"Phenology Network","Year = 2019, 2019 | Site Name = Maple Collection | Individual ID = 239691"
"Acer nigrum","Last_Yes_DOY Pollen release (flowers)","121","DOY",NA,"Phenology Network","Year = 2019, 2019 | Site Name = Maple Collection | Individual ID = 239691"
"Acer rubrum","First_Yes_DOY Flowers or flower buds","92","DOY",NA,"Phenology Network","Year = 2019, 2019 | Site Name = Maple Collection | Individual ID = 239693"
"Acer rubrum","Last_Yes_DOY Flowers or flower buds","113","DOY",NA,"Phenology Network","Year = 2019, 2019 | Site Name = Maple Collection | Individual ID = 239693"
"Acer rubrum","First_Yes_DOY Open flowers","99","DOY",NA,"Phenology Network","Year = 2019, 2019 | Site Name = Maple Collection | Individual ID = 239693"
"Acer rubrum","Last_Yes_DOY Open flowers","113","DOY",NA,"Phenology Network","Year = 2019, 2019 | Site Name = Maple Collection | Individual ID = 239693"
"Acer rubrum","First_Yes_DOY Flowers or flower buds","92","DOY",NA,"Phenology Network","Year = 2019, 2019 | Site Name = Maple Collection | Individual ID = 239694"
"Acer rubrum","Last_Yes_DOY Flowers or flower buds","107","DOY",NA,"Phenology Network","Year = 2019, 2019 | Site Name = Maple Collection | Individual ID = 239694"
"Acer rubrum","First_Yes_DOY Open flowers","99","DOY",NA,"Phenology Network","Year = 2019, 2019 | Site Name = Maple Collection | Individual ID = 239694"
"Acer rubrum","Last_Yes_DOY Open flowers","107","DOY",NA,"Phenology Network","Year = 2019, 2019 | Site Name = Maple Collection | Individual ID = 239694"
"Acer rubrum","First_Yes_DOY Flowers or flower buds","92","DOY",NA,"Phenology Network","Year = 2019, 2019 | Site Name = Maple Collection | Individual ID = 239695"
"Acer rubrum","Last_Yes_DOY Flowers or flower buds","107","DOY",NA,"Phenology Network","Year = 2019, 2019 | Site Name = Maple Collection | Individual ID = 239695"
"Acer rubrum","First_Yes_DOY Open flowers","99","DOY",NA,"Phenology Network","Year = 2019, 2019 | Site Name = Maple Collection | Individual ID = 239695"
"Acer rubrum","Last_Yes_DOY Open flowers","107","DOY",NA,"Phenology Network","Year = 2019, 2019 | Site Name = Maple Collection | Individual ID = 239695"
"Acer rubrum","First_Yes_DOY Flowers or flower buds","92","DOY",NA,"Phenology Network","Year = 2019, 2019 | Site Name = Maple Collection | Individual ID = 239696"
"Acer rubrum","Last_Yes_DOY Flowers or flower buds","107","DOY",NA,"Phenology Network","Year = 2019, 2019 | Site Name = Maple Collection | Individual ID = 239696"
"Acer rubrum","First_Yes_DOY Open flowers","99","DOY",NA,"Phenology Network","Year = 2019, 2019 | Site Name = Maple Collection | Individual ID = 239696"
"Acer rubrum","Last_Yes_DOY Open flowers","107","DOY",NA,"Phenology Network","Year = 2019, 2019 | Site Name = Maple Collection | Individual ID = 239696"
"Acer rubrum","First_Yes_DOY Flowers or flower buds","92","DOY",NA,"Phenology Network","Year = 2019, 2019 | Site Name = Maple Collection | Individual ID = 239697"
"Acer rubrum","Last_Yes_DOY Flowers or flower buds","92","DOY",NA,"Phenology Network","Year = 2019, 2019 | Site Name = Maple Collection | Individual ID = 239697"
"Acer rubrum","First_Yes_DOY Flowers or flower buds","107","DOY",NA,"Phenology Network","Year = 2019, 2019 | Site Name = Maple Collection | Individual ID = 239697"
"Acer rubrum","Last_Yes_DOY Flowers or flower buds","107","DOY",NA,"Phenology Network","Year = 2019, 2019 | Site Name = Maple Collection | Individual ID = 239697"
"Acer rubrum","First_Yes_DOY Flowers or flower buds","99","DOY",NA,"Phenology Network","Year = 2019, 2019 | Site Name = Maple Collection | Individual ID = 239698"
"Acer rubrum","Last_Yes_DOY Flowers or flower buds","113","DOY",NA,"Phenology Network","Year = 2019, 2019 | Site Name = Maple Collection | Individual ID = 239698"
"Acer rubrum","First_Yes_DOY Open flowers","99","DOY",NA,"Phenology Network","Year = 2019, 2019 | Site Name = Maple Collection | Individual ID = 239698"
"Acer rubrum","Last_Yes_DOY Open flowers","113","DOY",NA,"Phenology Network","Year = 2019, 2019 | Site Name = Maple Collection | Individual ID = 239698"
"Acer rubrum","First_Yes_DOY Pollen release (flowers)","113","DOY",NA,"Phenology Network","Year = 2019, 2019 | Site Name = Maple Collection | Individual ID = 239698"
"Acer rubrum","Last_Yes_DOY Pollen release (flowers)","113","DOY",NA,"Phenology Network","Year = 2019, 2019 | Site Name = Maple Collection | Individual ID = 239698"
"Acer rubrum","First_Yes_DOY Flowers or flower buds","92","DOY",NA,"Phenology Network","Year = 2019, 2019 | Site Name = Maple Collection | Individual ID = 239699"
"Acer rubrum","Last_Yes_DOY Flowers or flower buds","113","DOY",NA,"Phenology Network","Year = 2019, 2019 | Site Name = Maple Collection | Individual ID = 239699"
"Acer rubrum","First_Yes_DOY Open flowers","99","DOY",NA,"Phenology Network","Year = 2019, 2019 | Site Name = Maple Collection | Individual ID = 239699"
"Acer rubrum","Last_Yes_DOY Open flowers","113","DOY",NA,"Phenology Network","Year = 2019, 2019 | Site Name = Maple Collection | Individual ID = 239699"
"Acer negundo","First_Yes_DOY Flowers or flower buds","107","DOY",NA,"Phenology Network","Year = 2019, 2019 | Site Name = Maple Collection | Individual ID = 239705"
"Acer negundo","Last_Yes_DOY Flowers or flower buds","107","DOY",NA,"Phenology Network","Year = 2019, 2019 | Site Name = Maple Collection | Individual ID = 239705"
"Acer negundo","First_Yes_DOY Flowers or flower buds","121","DOY",NA,"Phenology Network","Year = 2019, 2019 | Site Name = Maple Collection | Individual ID = 239705"
"Acer negundo","Last_Yes_DOY Flowers or flower buds","121","DOY",NA,"Phenology Network","Year = 2019, 2019 | Site Name = Maple Collection | Individual ID = 239705"
"Acer negundo","First_Yes_DOY Open flowers","121","DOY",NA,"Phenology Network","Year = 2019, 2019 | Site Name = Maple Collection | Individual ID = 239705"
"Acer negundo","Last_Yes_DOY Open flowers","121","DOY",NA,"Phenology Network","Year = 2019, 2019 | Site Name = Maple Collection | Individual ID = 239705"
"Acer nigrum","First_Yes_DOY Flowers or flower buds","112","DOY",NA,"Phenology Network","Year = 2019, 2019 | Site Name = Maple Collection | Individual ID = 239706"
"Acer nigrum","Last_Yes_DOY Flowers or flower buds","112","DOY",NA,"Phenology Network","Year = 2019, 2019 | Site Name = Maple Collection | Individual ID = 239706"
"Acer nigrum","First_Yes_DOY Open flowers","112","DOY",NA,"Phenology Network","Year = 2019, 2019 | Site Name = Maple Collection | Individual ID = 239706"
"Acer nigrum","Last_Yes_DOY Open flowers","112","DOY",NA,"Phenology Network","Year = 2019, 2019 | Site Name = Maple Collection | Individual ID = 239706"
"Acer rubrum","First_Yes_DOY Flowers or flower buds","100","DOY",NA,"Phenology Network","Year = 2019, 2019 | Site Name = Maple Collection | Individual ID = 239707"
"Acer rubrum","Last_Yes_DOY Flowers or flower buds","100","DOY",NA,"Phenology Network","Year = 2019, 2019 | Site Name = Maple Collection | Individual ID = 239707"
"Acer rubrum","First_Yes_DOY Open flowers","100","DOY",NA,"Phenology Network","Year = 2019, 2019 | Site Name = Maple Collection | Individual ID = 239707"
"Acer rubrum","Last_Yes_DOY Open flowers","100","DOY",NA,"Phenology Network","Year = 2019, 2019 | Site Name = Maple Collection | Individual ID = 239707"
"Acer rubrum","First_Yes_DOY Flowers or flower buds","84","DOY",NA,"Phenology Network","Year = 2019, 2019 | Site Name = Maple Collection | Individual ID = 239708"
"Acer rubrum","Last_Yes_DOY Flowers or flower buds","99","DOY",NA,"Phenology Network","Year = 2019, 2019 | Site Name = Maple Collection | Individual ID = 239708"
"Acer rubrum","First_Yes_DOY Open flowers","99","DOY",NA,"Phenology Network","Year = 2019, 2019 | Site Name = Maple Collection | Individual ID = 239708"
"Acer rubrum","Last_Yes_DOY Open flowers","99","DOY",NA,"Phenology Network","Year = 2019, 2019 | Site Name = Maple Collection | Individual ID = 239708"
"Acer rubrum","First_Yes_DOY Pollen release (flowers)","99","DOY",NA,"Phenology Network","Year = 2019, 2019 | Site Name = Maple Collection | Individual ID = 239708"
"Acer rubrum","Last_Yes_DOY Pollen release (flowers)","99","DOY",NA,"Phenology Network","Year = 2019, 2019 | Site Name = Maple Collection | Individual ID = 239708"
"Acer rubrum","First_Yes_DOY Flowers or flower buds","98","DOY",NA,"Phenology Network","Year = 2019, 2019 | Site Name = Maple Collection | Individual ID = 239709"
"Acer rubrum","Last_Yes_DOY Flowers or flower buds","98","DOY",NA,"Phenology Network","Year = 2019, 2019 | Site Name = Maple Collection | Individual ID = 239709"
"Acer rubrum","First_Yes_DOY Flowers or flower buds","112","DOY",NA,"Phenology Network","Year = 2019, 2019 | Site Name = Maple Collection | Individual ID = 239709"
"Acer rubrum","Last_Yes_DOY Flowers or flower buds","112","DOY",NA,"Phenology Network","Year = 2019, 2019 | Site Name = Maple Collection | Individual ID = 239709"
"Acer rubrum","First_Yes_DOY Open flowers","98","DOY",NA,"Phenology Network","Year = 2019, 2019 | Site Name = Maple Collection | Individual ID = 239709"
"Acer rubrum","Last_Yes_DOY Open flowers","98","DOY",NA,"Phenology Network","Year = 2019, 2019 | Site Name = Maple Collection | Individual ID = 239709"
"Acer rubrum","First_Yes_DOY Open flowers","112","DOY",NA,"Phenology Network","Year = 2019, 2019 | Site Name = Maple Collection | Individual ID = 239709"
"Acer rubrum","Last_Yes_DOY Open flowers","112","DOY",NA,"Phenology Network","Year = 2019, 2019 | Site Name = Maple Collection | Individual ID = 239709"
"Acer rubrum","First_Yes_DOY Pollen release (flowers)","105","DOY",NA,"Phenology Network","Year = 2019, 2019 | Site Name = Maple Collection | Individual ID = 239709"
"Acer rubrum","Last_Yes_DOY Pollen release (flowers)","105","DOY",NA,"Phenology Network","Year = 2019, 2019 | Site Name = Maple Collection | Individual ID = 239709"
"Acer rubrum","First_Yes_DOY Flowers or flower buds","98","DOY",NA,"Phenology Network","Year = 2019, 2019 | Site Name = Maple Collection | Individual ID = 239710"
"Acer rubrum","Last_Yes_DOY Flowers or flower buds","112","DOY",NA,"Phenology Network","Year = 2019, 2019 | Site Name = Maple Collection | Individual ID = 239710"
"Acer rubrum","First_Yes_DOY Open flowers","98","DOY",NA,"Phenology Network","Year = 2019, 2019 | Site Name = Maple Collection | Individual ID = 239710"
"Acer rubrum","Last_Yes_DOY Open flowers","112","DOY",NA,"Phenology Network","Year = 2019, 2019 | Site Name = Maple Collection | Individual ID = 239710"
"Acer rubrum","First_Yes_DOY Pollen release (flowers)","105","DOY",NA,"Phenology Network","Year = 2019, 2019 | Site Name = Maple Collection | Individual ID = 239710"
"Acer rubrum","Last_Yes_DOY Pollen release (flowers)","105","DOY",NA,"Phenology Network","Year = 2019, 2019 | Site Name = Maple Collection | Individual ID = 239710"
"Acer rubrum","First_Yes_DOY Flowers or flower buds","85","DOY",NA,"Phenology Network","Year = 2019, 2019 | Site Name = Maple Collection | Individual ID = 239711"
"Acer rubrum","Last_Yes_DOY Flowers or flower buds","105","DOY",NA,"Phenology Network","Year = 2019, 2019 | Site Name = Maple Collection | Individual ID = 239711"
"Acer rubrum","First_Yes_DOY Open flowers","85","DOY",NA,"Phenology Network","Year = 2019, 2019 | Site Name = Maple Collection | Individual ID = 239711"
"Acer rubrum","Last_Yes_DOY Open flowers","85","DOY",NA,"Phenology Network","Year = 2019, 2019 | Site Name = Maple Collection | Individual ID = 239711"
"Acer rubrum","First_Yes_DOY Open flowers","99","DOY",NA,"Phenology Network","Year = 2019, 2019 | Site Name = Maple Collection | Individual ID = 239711"
"Acer rubrum","Last_Yes_DOY Open flowers","105","DOY",NA,"Phenology Network","Year = 2019, 2019 | Site Name = Maple Collection | Individual ID = 239711"
"Acer rubrum","First_Yes_DOY Pollen release (flowers)","99","DOY",NA,"Phenology Network","Year = 2019, 2019 | Site Name = Maple Collection | Individual ID = 239711"
"Acer rubrum","Last_Yes_DOY Pollen release (flowers)","105","DOY",NA,"Phenology Network","Year = 2019, 2019 | Site Name = Maple Collection | Individual ID = 239711"
"Acer saccharinum","First_Yes_DOY Flowers or flower buds","92","DOY",NA,"Phenology Network","Year = 2019, 2019 | Site Name = Maple Collection | Individual ID = 239716"
"Acer saccharinum","Last_Yes_DOY Flowers or flower buds","107","DOY",NA,"Phenology Network","Year = 2019, 2019 | Site Name = Maple Collection | Individual ID = 239716"
"Acer saccharinum","First_Yes_DOY Flowers or flower buds","154","DOY",NA,"Phenology Network","Year = 2019, 2019 | Site Name = Maple Collection | Individual ID = 239716"
"Acer saccharinum","Last_Yes_DOY Flowers or flower buds","154","DOY",NA,"Phenology Network","Year = 2019, 2019 | Site Name = Maple Collection | Individual ID = 239716"
"Acer saccharinum","First_Yes_DOY Open flowers","99","DOY",NA,"Phenology Network","Year = 2019, 2019 | Site Name = Maple Collection | Individual ID = 239716"
"Acer saccharinum","Last_Yes_DOY Open flowers","107","DOY",NA,"Phenology Network","Year = 2019, 2019 | Site Name = Maple Collection | Individual ID = 239716"
"Acer saccharinum","First_Yes_DOY Open flowers","154","DOY",NA,"Phenology Network","Year = 2019, 2019 | Site Name = Maple Collection | Individual ID = 239716"
"Acer saccharinum","Last_Yes_DOY Open flowers","154","DOY",NA,"Phenology Network","Year = 2019, 2019 | Site Name = Maple Collection | Individual ID = 239716"
"Acer saccharinum","First_Yes_DOY Flowers or flower buds","99","DOY",NA,"Phenology Network","Year = 2019, 2019 | Site Name = Maple Collection | Individual ID = 239717"
"Acer saccharinum","Last_Yes_DOY Flowers or flower buds","114","DOY",NA,"Phenology Network","Year = 2019, 2019 | Site Name = Maple Collection | Individual ID = 239717"
"Acer saccharinum","First_Yes_DOY Flowers or flower buds","154","DOY",NA,"Phenology Network","Year = 2019, 2019 | Site Name = Maple Collection | Individual ID = 239717"
"Acer saccharinum","Last_Yes_DOY Flowers or flower buds","154","DOY",NA,"Phenology Network","Year = 2019, 2019 | Site Name = Maple Collection | Individual ID = 239717"
"Acer saccharinum","First_Yes_DOY Open flowers","99","DOY",NA,"Phenology Network","Year = 2019, 2019 | Site Name = Maple Collection | Individual ID = 239717"
"Acer saccharinum","Last_Yes_DOY Open flowers","107","DOY",NA,"Phenology Network","Year = 2019, 2019 | Site Name = Maple Collection | Individual ID = 239717"
"Acer saccharinum","First_Yes_DOY Open flowers","154","DOY",NA,"Phenology Network","Year = 2019, 2019 | Site Name = Maple Collection | Individual ID = 239717"
"Acer saccharinum","Last_Yes_DOY Open flowers","154","DOY",NA,"Phenology Network","Year = 2019, 2019 | Site Name = Maple Collection | Individual ID = 239717"
"Acer saccharinum","First_Yes_DOY Flowers or flower buds","86","DOY",NA,"Phenology Network","Year = 2019, 2019 | Site Name = Maple Collection | Individual ID = 239718"
"Acer saccharinum","Last_Yes_DOY Flowers or flower buds","106","DOY",NA,"Phenology Network","Year = 2019, 2019 | Site Name = Maple Collection | Individual ID = 239718"
"Acer saccharinum","First_Yes_DOY Open flowers","86","DOY",NA,"Phenology Network","Year = 2019, 2019 | Site Name = Maple Collection | Individual ID = 239718"
"Acer saccharinum","Last_Yes_DOY Open flowers","112","DOY",NA,"Phenology Network","Year = 2019, 2019 | Site Name = Maple Collection | Individual ID = 239718"
"Acer saccharinum","First_Yes_DOY Flowers or flower buds","93","DOY",NA,"Phenology Network","Year = 2019, 2019 | Site Name = Maple Collection | Individual ID = 239719"
"Acer saccharinum","Last_Yes_DOY Flowers or flower buds","106","DOY",NA,"Phenology Network","Year = 2019, 2019 | Site Name = Maple Collection | Individual ID = 239719"
"Acer saccharinum","First_Yes_DOY Flowers or flower buds","134","DOY",NA,"Phenology Network","Year = 2019, 2019 | Site Name = Maple Collection | Individual ID = 239719"
"Acer saccharinum","Last_Yes_DOY Flowers or flower buds","134","DOY",NA,"Phenology Network","Year = 2019, 2019 | Site Name = Maple Collection | Individual ID = 239719"
"Acer saccharinum","First_Yes_DOY Open flowers","93","DOY",NA,"Phenology Network","Year = 2019, 2019 | Site Name = Maple Collection | Individual ID = 239719"
"Acer saccharinum","Last_Yes_DOY Open flowers","119","DOY",NA,"Phenology Network","Year = 2019, 2019 | Site Name = Maple Collection | Individual ID = 239719"
"Acer saccharinum","First_Yes_DOY Flowers or flower buds","98","DOY",NA,"Phenology Network","Year = 2019, 2019 | Site Name = Maple Collection | Individual ID = 239720"
"Acer saccharinum","Last_Yes_DOY Flowers or flower buds","98","DOY",NA,"Phenology Network","Year = 2019, 2019 | Site Name = Maple Collection | Individual ID = 239720"
"Acer saccharinum","First_Yes_DOY Flowers or flower buds","85","DOY",NA,"Phenology Network","Year = 2019, 2019 | Site Name = Maple Collection | Individual ID = 239721"
"Acer saccharinum","Last_Yes_DOY Flowers or flower buds","99","DOY",NA,"Phenology Network","Year = 2019, 2019 | Site Name = Maple Collection | Individual ID = 239721"
"Acer saccharinum","First_Yes_DOY Open flowers","85","DOY",NA,"Phenology Network","Year = 2019, 2019 | Site Name = Maple Collection | Individual ID = 239721"
"Acer saccharinum","Last_Yes_DOY Open flowers","99","DOY",NA,"Phenology Network","Year = 2019, 2019 | Site Name = Maple Collection | Individual ID = 239721"
"Acer saccharinum","First_Yes_DOY Pollen release (flowers)","85","DOY",NA,"Phenology Network","Year = 2019, 2019 | Site Name = Maple Collection | Individual ID = 239721"
"Acer saccharinum","Last_Yes_DOY Pollen release (flowers)","85","DOY",NA,"Phenology Network","Year = 2019, 2019 | Site Name = Maple Collection | Individual ID = 239721"
"Acer rubrum","First_Yes_DOY Open flowers","119","DOY",NA,"Phenology Network","Year = 2019, 2019 | Site Name = TREE_058.phenology.phe - primary | Individual ID = 354823"
"Acer rubrum","Last_Yes_DOY Open flowers","125","DOY",NA,"Phenology Network","Year = 2019, 2019 | Site Name = TREE_058.phenology.phe - primary | Individual ID = 354823"
"Acer rubrum","First_Yes_DOY Open flowers","135","DOY",NA,"Phenology Network","Year = 2019, 2019 | Site Name = TREE_058.phenology.phe - primary | Individual ID = 354823"
"Acer rubrum","Last_Yes_DOY Open flowers","135","DOY",NA,"Phenology Network","Year = 2019, 2019 | Site Name = TREE_058.phenology.phe - primary | Individual ID = 354823"
"Acer rubrum","First_Yes_DOY Open flowers","119","DOY",NA,"Phenology Network","Year = 2019, 2019 | Site Name = TREE_058.phenology.phe - primary | Individual ID = 354829"
"Acer rubrum","Last_Yes_DOY Open flowers","133","DOY",NA,"Phenology Network","Year = 2019, 2019 | Site Name = TREE_058.phenology.phe - primary | Individual ID = 354829"
"Acer rubrum","First_Yes_DOY Open flowers","119","DOY",NA,"Phenology Network","Year = 2019, 2019 | Site Name = TREE_058.phenology.phe - primary | Individual ID = 354830"
"Acer rubrum","Last_Yes_DOY Open flowers","119","DOY",NA,"Phenology Network","Year = 2019, 2019 | Site Name = TREE_058.phenology.phe - primary | Individual ID = 354830"
"Acer rubrum","First_Yes_DOY Open flowers","133","DOY",NA,"Phenology Network","Year = 2019, 2019 | Site Name = TREE_058.phenology.phe - primary | Individual ID = 354830"
"Acer rubrum","Last_Yes_DOY Open flowers","135","DOY",NA,"Phenology Network","Year = 2019, 2019 | Site Name = TREE_058.phenology.phe - primary | Individual ID = 354830"
"Acer rubrum","First_Yes_DOY Open flowers","119","DOY",NA,"Phenology Network","Year = 2019, 2019 | Site Name = TREE_058.phenology.phe - primary | Individual ID = 354833"
"Acer rubrum","Last_Yes_DOY Open flowers","119","DOY",NA,"Phenology Network","Year = 2019, 2019 | Site Name = TREE_058.phenology.phe - primary | Individual ID = 354833"
"Acer rubrum","First_Yes_DOY Open flowers","133","DOY",NA,"Phenology Network","Year = 2019, 2019 | Site Name = TREE_058.phenology.phe - primary | Individual ID = 354833"
"Acer rubrum","Last_Yes_DOY Open flowers","133","DOY",NA,"Phenology Network","Year = 2019, 2019 | Site Name = TREE_058.phenology.phe - primary | Individual ID = 354833"
"Acer rubrum","First_Yes_DOY Open flowers","119","DOY",NA,"Phenology Network","Year = 2019, 2019 | Site Name = TREE_058.phenology.phe - primary | Individual ID = 354836"
"Acer rubrum","Last_Yes_DOY Open flowers","133","DOY",NA,"Phenology Network","Year = 2019, 2019 | Site Name = TREE_058.phenology.phe - primary | Individual ID = 354836"
"Acer rubrum","First_Yes_DOY Open flowers","119","DOY",NA,"Phenology Network","Year = 2019, 2019 | Site Name = TREE_058.phenology.phe - primary | Individual ID = 354842"
"Acer rubrum","Last_Yes_DOY Open flowers","125","DOY",NA,"Phenology Network","Year = 2019, 2019 | Site Name = TREE_058.phenology.phe - primary | Individual ID = 354842"
"Acer rubrum","First_Yes_DOY Open flowers","135","DOY",NA,"Phenology Network","Year = 2019, 2019 | Site Name = TREE_058.phenology.phe - primary | Individual ID = 354842"
"Acer rubrum","Last_Yes_DOY Open flowers","135","DOY",NA,"Phenology Network","Year = 2019, 2019 | Site Name = TREE_058.phenology.phe - primary | Individual ID = 354842"
"Acer rubrum","First_Yes_DOY Open flowers","119","DOY",NA,"Phenology Network","Year = 2019, 2019 | Site Name = TREE_058.phenology.phe - primary | Individual ID = 354843"
"Acer rubrum","Last_Yes_DOY Open flowers","119","DOY",NA,"Phenology Network","Year = 2019, 2019 | Site Name = TREE_058.phenology.phe - primary | Individual ID = 354843"
"Acer rubrum","First_Yes_DOY Open flowers","133","DOY",NA,"Phenology Network","Year = 2019, 2019 | Site Name = TREE_058.phenology.phe - primary | Individual ID = 354843"
"Acer rubrum","Last_Yes_DOY Open flowers","135","DOY",NA,"Phenology Network","Year = 2019, 2019 | Site Name = TREE_058.phenology.phe - primary | Individual ID = 354843"
"Acer rubrum","First_Yes_DOY Open flowers","119","DOY",NA,"Phenology Network","Year = 2019, 2019 | Site Name = TREE_058.phenology.phe - primary | Individual ID = 354844"
"Acer rubrum","Last_Yes_DOY Open flowers","135","DOY",NA,"Phenology Network","Year = 2019, 2019 | Site Name = TREE_058.phenology.phe - primary | Individual ID = 354844"
"Acer rubrum","First_Yes_DOY Open flowers","119","DOY",NA,"Phenology Network","Year = 2019, 2019 | Site Name = TREE_058.phenology.phe - primary | Individual ID = 354845"
"Acer rubrum","Last_Yes_DOY Open flowers","135","DOY",NA,"Phenology Network","Year = 2019, 2019 | Site Name = TREE_058.phenology.phe - primary | Individual ID = 354845"
"Acer rubrum","First_Yes_DOY Open flowers","119","DOY",NA,"Phenology Network","Year = 2019, 2019 | Site Name = TREE_058.phenology.phe - primary | Individual ID = 354846"
"Acer rubrum","Last_Yes_DOY Open flowers","119","DOY",NA,"Phenology Network","Year = 2019, 2019 | Site Name = TREE_058.phenology.phe - primary | Individual ID = 354846"
"Acer rubrum","First_Yes_DOY Open flowers","119","DOY",NA,"Phenology Network","Year = 2019, 2019 | Site Name = TREE_058.phenology.phe - primary | Individual ID = 354849"
"Acer rubrum","Last_Yes_DOY Open flowers","133","DOY",NA,"Phenology Network","Year = 2019, 2019 | Site Name = TREE_058.phenology.phe - primary | Individual ID = 354849"
"Acer rubrum","First_Yes_DOY Open flowers","119","DOY",NA,"Phenology Network","Year = 2019, 2019 | Site Name = TREE_058.phenology.phe - primary | Individual ID = 354853"
"Acer rubrum","Last_Yes_DOY Open flowers","133","DOY",NA,"Phenology Network","Year = 2019, 2019 | Site Name = TREE_058.phenology.phe - primary | Individual ID = 354853"
"Acer rubrum","First_Yes_DOY Open flowers","119","DOY",NA,"Phenology Network","Year = 2019, 2019 | Site Name = TREE_058.phenology.phe - primary | Individual ID = 354854"
"Acer rubrum","Last_Yes_DOY Open flowers","133","DOY",NA,"Phenology Network","Year = 2019, 2019 | Site Name = TREE_058.phenology.phe - primary | Individual ID = 354854"
"Acer rubrum","First_Yes_DOY Open flowers","119","DOY",NA,"Phenology Network","Year = 2019, 2019 | Site Name = TREE_058.phenology.phe - primary | Individual ID = 354858"
"Acer rubrum","Last_Yes_DOY Open flowers","133","DOY",NA,"Phenology Network","Year = 2019, 2019 | Site Name = TREE_058.phenology.phe - primary | Individual ID = 354858"
"Acer rubrum","First_Yes_DOY Open flowers","119","DOY",NA,"Phenology Network","Year = 2019, 2019 | Site Name = TREE_058.phenology.phe - primary | Individual ID = 354863"
"Acer rubrum","Last_Yes_DOY Open flowers","133","DOY",NA,"Phenology Network","Year = 2019, 2019 | Site Name = TREE_058.phenology.phe - primary | Individual ID = 354863"
"Acer rubrum","First_Yes_DOY Open flowers","119","DOY",NA,"Phenology Network","Year = 2019, 2019 | Site Name = TREE_058.phenology.phe - primary | Individual ID = 354867"
"Acer rubrum","Last_Yes_DOY Open flowers","133","DOY",NA,"Phenology Network","Year = 2019, 2019 | Site Name = TREE_058.phenology.phe - primary | Individual ID = 354867"
"Acer rubrum","First_Yes_DOY Open flowers","125","DOY",NA,"Phenology Network","Year = 2019, 2019 | Site Name = TREE_058.phenology.phe - primary | Individual ID = 354870"
"Acer rubrum","Last_Yes_DOY Open flowers","125","DOY",NA,"Phenology Network","Year = 2019, 2019 | Site Name = TREE_058.phenology.phe - primary | Individual ID = 354870"
"Acer rubrum","First_Yes_DOY Open flowers","119","DOY",NA,"Phenology Network","Year = 2019, 2019 | Site Name = TREE_058.phenology.phe - primary | Individual ID = 354871"
"Acer rubrum","Last_Yes_DOY Open flowers","125","DOY",NA,"Phenology Network","Year = 2019, 2019 | Site Name = TREE_058.phenology.phe - primary | Individual ID = 354871"
"Acer rubrum","First_Yes_DOY Open flowers","119","DOY",NA,"Phenology Network","Year = 2019, 2019 | Site Name = TREE_058.phenology.phe - primary | Individual ID = 354878"
"Acer rubrum","Last_Yes_DOY Open flowers","119","DOY",NA,"Phenology Network","Year = 2019, 2019 | Site Name = TREE_058.phenology.phe - primary | Individual ID = 354878"
"Acer rubrum","First_Yes_DOY Open flowers","133","DOY",NA,"Phenology Network","Year = 2019, 2019 | Site Name = TREE_058.phenology.phe - primary | Individual ID = 354878"
"Acer rubrum","Last_Yes_DOY Open flowers","133","DOY",NA,"Phenology Network","Year = 2019, 2019 | Site Name = TREE_058.phenology.phe - primary | Individual ID = 354878"
"Acer rubrum","First_Yes_DOY Open flowers","119","DOY",NA,"Phenology Network","Year = 2019, 2019 | Site Name = TREE_058.phenology.phe - primary | Individual ID = 354879"
"Acer rubrum","Last_Yes_DOY Open flowers","119","DOY",NA,"Phenology Network","Year = 2019, 2019 | Site Name = TREE_058.phenology.phe - primary | Individual ID = 354879"
"Acer rubrum","First_Yes_DOY Open flowers","133","DOY",NA,"Phenology Network","Year = 2019, 2019 | Site Name = TREE_058.phenology.phe - primary | Individual ID = 354879"
"Acer rubrum","Last_Yes_DOY Open flowers","135","DOY",NA,"Phenology Network","Year = 2019, 2019 | Site Name = TREE_058.phenology.phe - primary | Individual ID = 354879"
"Acer rubrum","First_Yes_DOY Open flowers","119","DOY",NA,"Phenology Network","Year = 2019, 2019 | Site Name = TREE_058.phenology.phe - primary | Individual ID = 354880"
"Acer rubrum","Last_Yes_DOY Open flowers","119","DOY",NA,"Phenology Network","Year = 2019, 2019 | Site Name = TREE_058.phenology.phe - primary | Individual ID = 354880"
"Acer rubrum","First_Yes_DOY Open flowers","119","DOY",NA,"Phenology Network","Year = 2019, 2019 | Site Name = TREE_058.phenology.phe - primary | Individual ID = 354881"
"Acer rubrum","Last_Yes_DOY Open flowers","133","DOY",NA,"Phenology Network","Year = 2019, 2019 | Site Name = TREE_058.phenology.phe - primary | Individual ID = 354881"
"Acer rubrum","First_Yes_DOY Open flowers","119","DOY",NA,"Phenology Network","Year = 2019, 2019 | Site Name = TREE_058.phenology.phe - primary | Individual ID = 354882"
"Acer rubrum","Last_Yes_DOY Open flowers","133","DOY",NA,"Phenology Network","Year = 2019, 2019 | Site Name = TREE_058.phenology.phe - primary | Individual ID = 354882"
"Acer rubrum","First_Yes_DOY Open flowers","119","DOY",NA,"Phenology Network","Year = 2019, 2019 | Site Name = TREE_058.phenology.phe - primary | Individual ID = 354883"
"Acer rubrum","Last_Yes_DOY Open flowers","125","DOY",NA,"Phenology Network","Year = 2019, 2019 | Site Name = TREE_058.phenology.phe - primary | Individual ID = 354883"
"Acer rubrum","First_Yes_DOY Open flowers","119","DOY",NA,"Phenology Network","Year = 2019, 2019 | Site Name = TREE_058.phenology.phe - primary | Individual ID = 354884"
"Acer rubrum","Last_Yes_DOY Open flowers","133","DOY",NA,"Phenology Network","Year = 2019, 2019 | Site Name = TREE_058.phenology.phe - primary | Individual ID = 354884"
"Acer rubrum","First_Yes_DOY Open flowers","119","DOY",NA,"Phenology Network","Year = 2019, 2019 | Site Name = TREE_058.phenology.phe - primary | Individual ID = 354885"
"Acer rubrum","Last_Yes_DOY Open flowers","119","DOY",NA,"Phenology Network","Year = 2019, 2019 | Site Name = TREE_058.phenology.phe - primary | Individual ID = 354885"
"Acer rubrum","First_Yes_DOY Open flowers","133","DOY",NA,"Phenology Network","Year = 2019, 2019 | Site Name = TREE_058.phenology.phe - primary | Individual ID = 354885"
"Acer rubrum","Last_Yes_DOY Open flowers","135","DOY",NA,"Phenology Network","Year = 2019, 2019 | Site Name = TREE_058.phenology.phe - primary | Individual ID = 354885"
"Acer rubrum","First_Yes_DOY Open flowers","119","DOY",NA,"Phenology Network","Year = 2019, 2019 | Site Name = TREE_058.phenology.phe - primary | Individual ID = 354886"
"Acer rubrum","Last_Yes_DOY Open flowers","119","DOY",NA,"Phenology Network","Year = 2019, 2019 | Site Name = TREE_058.phenology.phe - primary | Individual ID = 354886"
"Acer rubrum","First_Yes_DOY Open flowers","133","DOY",NA,"Phenology Network","Year = 2019, 2019 | Site Name = TREE_058.phenology.phe - primary | Individual ID = 354886"
"Acer rubrum","Last_Yes_DOY Open flowers","135","DOY",NA,"Phenology Network","Year = 2019, 2019 | Site Name = TREE_058.phenology.phe - primary | Individual ID = 354886"
"Acer rubrum","First_Yes_DOY Open flowers","119","DOY",NA,"Phenology Network","Year = 2019, 2019 | Site Name = TREE_058.phenology.phe - primary | Individual ID = 354887"
"Acer rubrum","Last_Yes_DOY Open flowers","119","DOY",NA,"Phenology Network","Year = 2019, 2019 | Site Name = TREE_058.phenology.phe - primary | Individual ID = 354887"
"Acer rubrum","First_Yes_DOY Open flowers","119","DOY",NA,"Phenology Network","Year = 2019, 2019 | Site Name = TREE_058.phenology.phe - primary | Individual ID = 354889"
"Acer rubrum","Last_Yes_DOY Open flowers","133","DOY",NA,"Phenology Network","Year = 2019, 2019 | Site Name = TREE_058.phenology.phe - primary | Individual ID = 354889"
"Acer rubrum","First_Yes_DOY Open flowers","119","DOY",NA,"Phenology Network","Year = 2019, 2019 | Site Name = TREE_058.phenology.phe - primary | Individual ID = 354893"
"Acer rubrum","Last_Yes_DOY Open flowers","135","DOY",NA,"Phenology Network","Year = 2019, 2019 | Site Name = TREE_058.phenology.phe - primary | Individual ID = 354893"
"Acer rubrum","First_Yes_DOY Open flowers","119","DOY",NA,"Phenology Network","Year = 2019, 2019 | Site Name = TREE_058.phenology.phe - primary | Individual ID = 354895"
"Acer rubrum","Last_Yes_DOY Open flowers","133","DOY",NA,"Phenology Network","Year = 2019, 2019 | Site Name = TREE_058.phenology.phe - primary | Individual ID = 354895"
"Acer rubrum","First_Yes_DOY Open flowers","119","DOY",NA,"Phenology Network","Year = 2019, 2019 | Site Name = TREE_058.phenology.phe - primary | Individual ID = 354900"
"Acer rubrum","Last_Yes_DOY Open flowers","135","DOY",NA,"Phenology Network","Year = 2019, 2019 | Site Name = TREE_058.phenology.phe - primary | Individual ID = 354900"
"Acer rubrum","First_Yes_DOY Open flowers","133","DOY",NA,"Phenology Network","Year = 2019, 2019 | Site Name = TREE_058.phenology.phe - primary | Individual ID = 354902"
"Acer rubrum","Last_Yes_DOY Open flowers","133","DOY",NA,"Phenology Network","Year = 2019, 2019 | Site Name = TREE_058.phenology.phe - primary | Individual ID = 354902"
"Acer rubrum","First_Yes_DOY Open flowers","119","DOY",NA,"Phenology Network","Year = 2019, 2019 | Site Name = TREE_058.phenology.phe - primary | Individual ID = 354904"
"Acer rubrum","Last_Yes_DOY Open flowers","133","DOY",NA,"Phenology Network","Year = 2019, 2019 | Site Name = TREE_058.phenology.phe - primary | Individual ID = 354904"
"Acer rubrum","First_Yes_DOY Open flowers","119","DOY",NA,"Phenology Network","Year = 2019, 2019 | Site Name = TREE_058.phenology.phe - primary | Individual ID = 354905"
"Acer rubrum","Last_Yes_DOY Open flowers","119","DOY",NA,"Phenology Network","Year = 2019, 2019 | Site Name = TREE_058.phenology.phe - primary | Individual ID = 354905"
"Acer rubrum","First_Yes_DOY Open flowers","133","DOY",NA,"Phenology Network","Year = 2019, 2019 | Site Name = TREE_058.phenology.phe - primary | Individual ID = 354905"
"Acer rubrum","Last_Yes_DOY Open flowers","133","DOY",NA,"Phenology Network","Year = 2019, 2019 | Site Name = TREE_058.phenology.phe - primary | Individual ID = 354905"
"Acer rubrum","First_Yes_DOY Open flowers","119","DOY",NA,"Phenology Network","Year = 2019, 2019 | Site Name = TREE_058.phenology.phe - primary | Individual ID = 354907"
"Acer rubrum","Last_Yes_DOY Open flowers","119","DOY",NA,"Phenology Network","Year = 2019, 2019 | Site Name = TREE_058.phenology.phe - primary | Individual ID = 354907"
"Acer rubrum","First_Yes_DOY Open flowers","133","DOY",NA,"Phenology Network","Year = 2019, 2019 | Site Name = TREE_058.phenology.phe - primary | Individual ID = 354907"
"Acer rubrum","Last_Yes_DOY Open flowers","135","DOY",NA,"Phenology Network","Year = 2019, 2019 | Site Name = TREE_058.phenology.phe - primary | Individual ID = 354907"
"Acer rubrum","First_Yes_DOY Open flowers","119","DOY",NA,"Phenology Network","Year = 2019, 2019 | Site Name = TREE_058.phenology.phe - primary | Individual ID = 354908"
"Acer rubrum","Last_Yes_DOY Open flowers","125","DOY",NA,"Phenology Network","Year = 2019, 2019 | Site Name = TREE_058.phenology.phe - primary | Individual ID = 354908"
"Acer rubrum","First_Yes_DOY Open flowers","119","DOY",NA,"Phenology Network","Year = 2019, 2019 | Site Name = TREE_061.phenology.phe - phenocam | Individual ID = 354915"
"Acer rubrum","Last_Yes_DOY Open flowers","133","DOY",NA,"Phenology Network","Year = 2019, 2019 | Site Name = TREE_061.phenology.phe - phenocam | Individual ID = 354915"
"Acer rubrum","First_Yes_DOY Open flowers","119","DOY",NA,"Phenology Network","Year = 2019, 2019 | Site Name = TREE_061.phenology.phe - phenocam | Individual ID = 354916"
"Acer rubrum","Last_Yes_DOY Open flowers","119","DOY",NA,"Phenology Network","Year = 2019, 2019 | Site Name = TREE_061.phenology.phe - phenocam | Individual ID = 354916"
"Acer rubrum","First_Yes_DOY Open flowers","133","DOY",NA,"Phenology Network","Year = 2019, 2019 | Site Name = TREE_061.phenology.phe - phenocam | Individual ID = 354916"
"Acer rubrum","Last_Yes_DOY Open flowers","135","DOY",NA,"Phenology Network","Year = 2019, 2019 | Site Name = TREE_061.phenology.phe - phenocam | Individual ID = 354916"
"Acer rubrum","First_Yes_DOY Open flowers","119","DOY",NA,"Phenology Network","Year = 2019, 2019 | Site Name = TREE_061.phenology.phe - phenocam | Individual ID = 354917"
"Acer rubrum","Last_Yes_DOY Open flowers","133","DOY",NA,"Phenology Network","Year = 2019, 2019 | Site Name = TREE_061.phenology.phe - phenocam | Individual ID = 354917"
"Acer rubrum","First_Yes_DOY Flowers or flower buds","87","DOY",NA,"Phenology Network","Year = 2020, 2020 | Site Name = PPN_9200010 | Individual ID = 1977"
"Acer rubrum","Last_Yes_DOY Flowers or flower buds","100","DOY",NA,"Phenology Network","Year = 2020, 2020 | Site Name = PPN_9200010 | Individual ID = 1977"
"Acer rubrum","First_Yes_DOY Open flowers","94","DOY",NA,"Phenology Network","Year = 2020, 2020 | Site Name = PPN_9200010 | Individual ID = 1977"
"Acer rubrum","Last_Yes_DOY Open flowers","94","DOY",NA,"Phenology Network","Year = 2020, 2020 | Site Name = PPN_9200010 | Individual ID = 1977"
"Acer rubrum","First_Yes_DOY Flowers or flower buds","96","DOY",NA,"Phenology Network","Year = 2020, 2020 | Site Name = backyard | Individual ID = 2321"
"Acer rubrum","Last_Yes_DOY Flowers or flower buds","103","DOY",NA,"Phenology Network","Year = 2020, 2020 | Site Name = backyard | Individual ID = 2321"
"Acer rubrum","First_Yes_DOY Open flowers","96","DOY",NA,"Phenology Network","Year = 2020, 2020 | Site Name = backyard | Individual ID = 2321"
"Acer rubrum","Last_Yes_DOY Open flowers","103","DOY",NA,"Phenology Network","Year = 2020, 2020 | Site Name = backyard | Individual ID = 2321"
"Acer rubrum","First_Yes_DOY Flowers or flower buds","81","DOY",NA,"Phenology Network","Year = 2020, 2020 | Site Name = backyard | Individual ID = 2448"
"Acer rubrum","Last_Yes_DOY Flowers or flower buds","102","DOY",NA,"Phenology Network","Year = 2020, 2020 | Site Name = backyard | Individual ID = 2448"
"Acer rubrum","First_Yes_DOY Open flowers","95","DOY",NA,"Phenology Network","Year = 2020, 2020 | Site Name = backyard | Individual ID = 2448"
"Acer rubrum","Last_Yes_DOY Open flowers","102","DOY",NA,"Phenology Network","Year = 2020, 2020 | Site Name = backyard | Individual ID = 2448"
"Acer rubrum","First_Yes_DOY Flowers or flower buds","75","DOY",NA,"Phenology Network","Year = 2020, 2020 | Site Name = Cedar Bog Lake Highland 2 | Individual ID = 3187"
"Acer rubrum","Last_Yes_DOY Flowers or flower buds","75","DOY",NA,"Phenology Network","Year = 2020, 2020 | Site Name = Cedar Bog Lake Highland 2 | Individual ID = 3187"
"Acer rubrum","First_Yes_DOY Flowers or flower buds","112","DOY",NA,"Phenology Network","Year = 2020, 2020 | Site Name = Cedar Bog Lake Highland 2 | Individual ID = 3187"
"Acer rubrum","Last_Yes_DOY Flowers or flower buds","112","DOY",NA,"Phenology Network","Year = 2020, 2020 | Site Name = Cedar Bog Lake Highland 2 | Individual ID = 3187"
"Acer rubrum","First_Yes_DOY Open flowers","112","DOY",NA,"Phenology Network","Year = 2020, 2020 | Site Name = Cedar Bog Lake Highland 2 | Individual ID = 3187"
"Acer rubrum","Last_Yes_DOY Open flowers","125","DOY",NA,"Phenology Network","Year = 2020, 2020 | Site Name = Cedar Bog Lake Highland 2 | Individual ID = 3187"
"Acer rubrum","First_Yes_DOY Pollen release (flowers)","112","DOY",NA,"Phenology Network","Year = 2020, 2020 | Site Name = Cedar Bog Lake Highland 2 | Individual ID = 3187"
"Acer rubrum","Last_Yes_DOY Pollen release (flowers)","118","DOY",NA,"Phenology Network","Year = 2020, 2020 | Site Name = Cedar Bog Lake Highland 2 | Individual ID = 3187"
"Acer rubrum","First_Yes_DOY Flowers or flower buds","75","DOY",NA,"Phenology Network","Year = 2020, 2020 | Site Name = Cedar Bog Lake Highland 2 | Individual ID = 3188"
"Acer rubrum","Last_Yes_DOY Flowers or flower buds","75","DOY",NA,"Phenology Network","Year = 2020, 2020 | Site Name = Cedar Bog Lake Highland 2 | Individual ID = 3188"
"Acer rubrum","First_Yes_DOY Flowers or flower buds","112","DOY",NA,"Phenology Network","Year = 2020, 2020 | Site Name = Cedar Bog Lake Highland 2 | Individual ID = 3188"
"Acer rubrum","Last_Yes_DOY Flowers or flower buds","112","DOY",NA,"Phenology Network","Year = 2020, 2020 | Site Name = Cedar Bog Lake Highland 2 | Individual ID = 3188"
"Acer rubrum","First_Yes_DOY Flowers or flower buds","125","DOY",NA,"Phenology Network","Year = 2020, 2020 | Site Name = Cedar Bog Lake Highland 2 | Individual ID = 3188"
"Acer rubrum","Last_Yes_DOY Flowers or flower buds","125","DOY",NA,"Phenology Network","Year = 2020, 2020 | Site Name = Cedar Bog Lake Highland 2 | Individual ID = 3188"
"Acer rubrum","First_Yes_DOY Open flowers","112","DOY",NA,"Phenology Network","Year = 2020, 2020 | Site Name = Cedar Bog Lake Highland 2 | Individual ID = 3188"
"Acer rubrum","Last_Yes_DOY Open flowers","118","DOY",NA,"Phenology Network","Year = 2020, 2020 | Site Name = Cedar Bog Lake Highland 2 | Individual ID = 3188"
"Acer rubrum","First_Yes_DOY Pollen release (flowers)","112","DOY",NA,"Phenology Network","Year = 2020, 2020 | Site Name = Cedar Bog Lake Highland 2 | Individual ID = 3188"
"Acer rubrum","Last_Yes_DOY Pollen release (flowers)","118","DOY",NA,"Phenology Network","Year = 2020, 2020 | Site Name = Cedar Bog Lake Highland 2 | Individual ID = 3188"
"Acer negundo","First_Yes_DOY Flowers or flower buds","105","DOY",NA,"Phenology Network","Year = 2020, 2020 | Site Name = Beckman Lake Highland (Cedar Creek LTER) | Individual ID = 3193"
"Acer negundo","Last_Yes_DOY Flowers or flower buds","112","DOY",NA,"Phenology Network","Year = 2020, 2020 | Site Name = Beckman Lake Highland (Cedar Creek LTER) | Individual ID = 3193"
"Acer negundo","First_Yes_DOY Open flowers","118","DOY",NA,"Phenology Network","Year = 2020, 2020 | Site Name = Beckman Lake Highland (Cedar Creek LTER) | Individual ID = 3193"
"Acer negundo","Last_Yes_DOY Open flowers","125","DOY",NA,"Phenology Network","Year = 2020, 2020 | Site Name = Beckman Lake Highland (Cedar Creek LTER) | Individual ID = 3193"
"Acer negundo","First_Yes_DOY Pollen release (flowers)","118","DOY",NA,"Phenology Network","Year = 2020, 2020 | Site Name = Beckman Lake Highland (Cedar Creek LTER) | Individual ID = 3193"
"Acer negundo","Last_Yes_DOY Pollen release (flowers)","125","DOY",NA,"Phenology Network","Year = 2020, 2020 | Site Name = Beckman Lake Highland (Cedar Creek LTER) | Individual ID = 3193"
"Populus tremuloides","First_Yes_DOY Flowers or flower buds","118","DOY",NA,"Phenology Network","Year = 2020, 2020 | Site Name = Cedar Bog Lake Highland 1 | Individual ID = 3204"
"Populus tremuloides","Last_Yes_DOY Flowers or flower buds","118","DOY",NA,"Phenology Network","Year = 2020, 2020 | Site Name = Cedar Bog Lake Highland 1 | Individual ID = 3204"
"Populus tremuloides","First_Yes_DOY Open flowers","118","DOY",NA,"Phenology Network","Year = 2020, 2020 | Site Name = Cedar Bog Lake Highland 1 | Individual ID = 3204"
"Populus tremuloides","Last_Yes_DOY Open flowers","118","DOY",NA,"Phenology Network","Year = 2020, 2020 | Site Name = Cedar Bog Lake Highland 1 | Individual ID = 3204"
"Populus tremuloides","First_Yes_DOY Flowers or flower buds","112","DOY",NA,"Phenology Network","Year = 2020, 2020 | Site Name = Cedar Bog Lake Highland 2 | Individual ID = 3205"
"Populus tremuloides","Last_Yes_DOY Flowers or flower buds","112","DOY",NA,"Phenology Network","Year = 2020, 2020 | Site Name = Cedar Bog Lake Highland 2 | Individual ID = 3205"
"Populus tremuloides","First_Yes_DOY Open flowers","112","DOY",NA,"Phenology Network","Year = 2020, 2020 | Site Name = Cedar Bog Lake Highland 2 | Individual ID = 3205"
"Populus tremuloides","Last_Yes_DOY Open flowers","118","DOY",NA,"Phenology Network","Year = 2020, 2020 | Site Name = Cedar Bog Lake Highland 2 | Individual ID = 3205"
"Acer rubrum","First_Yes_DOY Flowers or flower buds","105","DOY",NA,"Phenology Network","Year = 2020, 2020 | Site Name = Beckman Lake Highland (Cedar Creek LTER) | Individual ID = 3813"
"Acer rubrum","Last_Yes_DOY Flowers or flower buds","112","DOY",NA,"Phenology Network","Year = 2020, 2020 | Site Name = Beckman Lake Highland (Cedar Creek LTER) | Individual ID = 3813"
"Acer rubrum","First_Yes_DOY Open flowers","105","DOY",NA,"Phenology Network","Year = 2020, 2020 | Site Name = Beckman Lake Highland (Cedar Creek LTER) | Individual ID = 3813"
"Acer rubrum","Last_Yes_DOY Open flowers","118","DOY",NA,"Phenology Network","Year = 2020, 2020 | Site Name = Beckman Lake Highland (Cedar Creek LTER) | Individual ID = 3813"
"Acer rubrum","First_Yes_DOY Pollen release (flowers)","112","DOY",NA,"Phenology Network","Year = 2020, 2020 | Site Name = Beckman Lake Highland (Cedar Creek LTER) | Individual ID = 3813"
"Acer rubrum","Last_Yes_DOY Pollen release (flowers)","118","DOY",NA,"Phenology Network","Year = 2020, 2020 | Site Name = Beckman Lake Highland (Cedar Creek LTER) | Individual ID = 3813"
"Acer rubrum","First_Yes_DOY Flowers or flower buds","122","DOY",NA,"Phenology Network","Year = 2020, 2020 | Site Name = Home | Individual ID = 5081"
"Acer rubrum","Last_Yes_DOY Flowers or flower buds","129","DOY",NA,"Phenology Network","Year = 2020, 2020 | Site Name = Home | Individual ID = 5081"
"Acer rubrum","First_Yes_DOY Open flowers","122","DOY",NA,"Phenology Network","Year = 2020, 2020 | Site Name = Home | Individual ID = 5081"
"Acer rubrum","Last_Yes_DOY Open flowers","129","DOY",NA,"Phenology Network","Year = 2020, 2020 | Site Name = Home | Individual ID = 5081"
"Acer rubrum","First_Yes_DOY Pollen release (flowers)","122","DOY",NA,"Phenology Network","Year = 2020, 2020 | Site Name = Home | Individual ID = 5081"
"Acer rubrum","Last_Yes_DOY Pollen release (flowers)","122","DOY",NA,"Phenology Network","Year = 2020, 2020 | Site Name = Home | Individual ID = 5081"
"Populus tremuloides","First_Yes_DOY Flowers or flower buds","68","DOY",NA,"Phenology Network","Year = 2020, 2020 | Site Name = Home | Individual ID = 5082"
"Populus tremuloides","Last_Yes_DOY Flowers or flower buds","117","DOY",NA,"Phenology Network","Year = 2020, 2020 | Site Name = Home | Individual ID = 5082"
"Populus tremuloides","First_Yes_DOY Open flowers","96","DOY",NA,"Phenology Network","Year = 2020, 2020 | Site Name = Home | Individual ID = 5082"
"Populus tremuloides","Last_Yes_DOY Open flowers","117","DOY",NA,"Phenology Network","Year = 2020, 2020 | Site Name = Home | Individual ID = 5082"
"Populus tremuloides","First_Yes_DOY Pollen release (flowers)","96","DOY",NA,"Phenology Network","Year = 2020, 2020 | Site Name = Home | Individual ID = 5082"
"Populus tremuloides","Last_Yes_DOY Pollen release (flowers)","117","DOY",NA,"Phenology Network","Year = 2020, 2020 | Site Name = Home | Individual ID = 5082"
"Quercus alba","First_Yes_DOY Flowers or flower buds","139","DOY",NA,"Phenology Network","Year = 2020, 2020 | Site Name = Cedar Bog Lake Highland 1 | Individual ID = 5103"
"Quercus alba","Last_Yes_DOY Flowers or flower buds","156","DOY",NA,"Phenology Network","Year = 2020, 2020 | Site Name = Cedar Bog Lake Highland 1 | Individual ID = 5103"
"Quercus alba","First_Yes_DOY Open flowers","143","DOY",NA,"Phenology Network","Year = 2020, 2020 | Site Name = Cedar Bog Lake Highland 1 | Individual ID = 5103"
"Quercus alba","Last_Yes_DOY Open flowers","156","DOY",NA,"Phenology Network","Year = 2020, 2020 | Site Name = Cedar Bog Lake Highland 1 | Individual ID = 5103"
"Quercus rubra","First_Yes_DOY Flowers or flower buds","125","DOY",NA,"Phenology Network","Year = 2020, 2020 | Site Name = Cedar Bog Lake Highland 1 | Individual ID = 5104"
"Quercus rubra","Last_Yes_DOY Flowers or flower buds","156","DOY",NA,"Phenology Network","Year = 2020, 2020 | Site Name = Cedar Bog Lake Highland 1 | Individual ID = 5104"
"Quercus rubra","First_Yes_DOY Open flowers","132","DOY",NA,"Phenology Network","Year = 2020, 2020 | Site Name = Cedar Bog Lake Highland 1 | Individual ID = 5104"
"Quercus rubra","Last_Yes_DOY Open flowers","156","DOY",NA,"Phenology Network","Year = 2020, 2020 | Site Name = Cedar Bog Lake Highland 1 | Individual ID = 5104"
"Quercus rubra","First_Yes_DOY Pollen release (flowers)","143","DOY",NA,"Phenology Network","Year = 2020, 2020 | Site Name = Cedar Bog Lake Highland 1 | Individual ID = 5104"
"Quercus rubra","Last_Yes_DOY Pollen release (flowers)","143","DOY",NA,"Phenology Network","Year = 2020, 2020 | Site Name = Cedar Bog Lake Highland 1 | Individual ID = 5104"
"Quercus alba","First_Yes_DOY Flowers or flower buds","139","DOY",NA,"Phenology Network","Year = 2020, 2020 | Site Name = Cedar Bog Lake Highland 1 | Individual ID = 5105"
"Quercus alba","Last_Yes_DOY Flowers or flower buds","156","DOY",NA,"Phenology Network","Year = 2020, 2020 | Site Name = Cedar Bog Lake Highland 1 | Individual ID = 5105"
"Quercus alba","First_Yes_DOY Open flowers","143","DOY",NA,"Phenology Network","Year = 2020, 2020 | Site Name = Cedar Bog Lake Highland 1 | Individual ID = 5105"
"Quercus alba","Last_Yes_DOY Open flowers","156","DOY",NA,"Phenology Network","Year = 2020, 2020 | Site Name = Cedar Bog Lake Highland 1 | Individual ID = 5105"
"Quercus rubra","First_Yes_DOY Flowers or flower buds","125","DOY",NA,"Phenology Network","Year = 2020, 2020 | Site Name = Cedar Bog Lake Highland 2 | Individual ID = 5106"
"Quercus rubra","Last_Yes_DOY Flowers or flower buds","156","DOY",NA,"Phenology Network","Year = 2020, 2020 | Site Name = Cedar Bog Lake Highland 2 | Individual ID = 5106"
"Quercus rubra","First_Yes_DOY Open flowers","132","DOY",NA,"Phenology Network","Year = 2020, 2020 | Site Name = Cedar Bog Lake Highland 2 | Individual ID = 5106"
"Quercus rubra","Last_Yes_DOY Open flowers","156","DOY",NA,"Phenology Network","Year = 2020, 2020 | Site Name = Cedar Bog Lake Highland 2 | Individual ID = 5106"
"Quercus rubra","First_Yes_DOY Pollen release (flowers)","139","DOY",NA,"Phenology Network","Year = 2020, 2020 | Site Name = Cedar Bog Lake Highland 2 | Individual ID = 5106"
"Quercus rubra","Last_Yes_DOY Pollen release (flowers)","143","DOY",NA,"Phenology Network","Year = 2020, 2020 | Site Name = Cedar Bog Lake Highland 2 | Individual ID = 5106"
"Quercus rubra","First_Yes_DOY Flowers or flower buds","125","DOY",NA,"Phenology Network","Year = 2020, 2020 | Site Name = Beckman Lake Highland (Cedar Creek LTER) | Individual ID = 5109"
"Quercus rubra","Last_Yes_DOY Flowers or flower buds","143","DOY",NA,"Phenology Network","Year = 2020, 2020 | Site Name = Beckman Lake Highland (Cedar Creek LTER) | Individual ID = 5109"
"Quercus rubra","First_Yes_DOY Flowers or flower buds","156","DOY",NA,"Phenology Network","Year = 2020, 2020 | Site Name = Beckman Lake Highland (Cedar Creek LTER) | Individual ID = 5109"
"Quercus rubra","Last_Yes_DOY Flowers or flower buds","156","DOY",NA,"Phenology Network","Year = 2020, 2020 | Site Name = Beckman Lake Highland (Cedar Creek LTER) | Individual ID = 5109"
"Quercus rubra","First_Yes_DOY Open flowers","125","DOY",NA,"Phenology Network","Year = 2020, 2020 | Site Name = Beckman Lake Highland (Cedar Creek LTER) | Individual ID = 5109"
"Quercus rubra","Last_Yes_DOY Open flowers","156","DOY",NA,"Phenology Network","Year = 2020, 2020 | Site Name = Beckman Lake Highland (Cedar Creek LTER) | Individual ID = 5109"
"Quercus rubra","First_Yes_DOY Pollen release (flowers)","139","DOY",NA,"Phenology Network","Year = 2020, 2020 | Site Name = Beckman Lake Highland (Cedar Creek LTER) | Individual ID = 5109"
"Quercus rubra","Last_Yes_DOY Pollen release (flowers)","143","DOY",NA,"Phenology Network","Year = 2020, 2020 | Site Name = Beckman Lake Highland (Cedar Creek LTER) | Individual ID = 5109"
"Quercus alba","First_Yes_DOY Flowers or flower buds","132","DOY",NA,"Phenology Network","Year = 2020, 2020 | Site Name = Beckman Lake Highland (Cedar Creek LTER) | Individual ID = 5110"
"Quercus alba","Last_Yes_DOY Flowers or flower buds","143","DOY",NA,"Phenology Network","Year = 2020, 2020 | Site Name = Beckman Lake Highland (Cedar Creek LTER) | Individual ID = 5110"
"Quercus alba","First_Yes_DOY Flowers or flower buds","156","DOY",NA,"Phenology Network","Year = 2020, 2020 | Site Name = Beckman Lake Highland (Cedar Creek LTER) | Individual ID = 5110"
"Quercus alba","Last_Yes_DOY Flowers or flower buds","156","DOY",NA,"Phenology Network","Year = 2020, 2020 | Site Name = Beckman Lake Highland (Cedar Creek LTER) | Individual ID = 5110"
"Quercus alba","First_Yes_DOY Open flowers","132","DOY",NA,"Phenology Network","Year = 2020, 2020 | Site Name = Beckman Lake Highland (Cedar Creek LTER) | Individual ID = 5110"
"Quercus alba","Last_Yes_DOY Open flowers","156","DOY",NA,"Phenology Network","Year = 2020, 2020 | Site Name = Beckman Lake Highland (Cedar Creek LTER) | Individual ID = 5110"
"Quercus alba","First_Yes_DOY Pollen release (flowers)","143","DOY",NA,"Phenology Network","Year = 2020, 2020 | Site Name = Beckman Lake Highland (Cedar Creek LTER) | Individual ID = 5110"
"Quercus alba","Last_Yes_DOY Pollen release (flowers)","143","DOY",NA,"Phenology Network","Year = 2020, 2020 | Site Name = Beckman Lake Highland (Cedar Creek LTER) | Individual ID = 5110"
"Acer negundo","First_Yes_DOY Flowers or flower buds","114","DOY",NA,"Phenology Network","Year = 2020, 2020 | Site Name = my yard | Individual ID = 25776"
"Acer negundo","Last_Yes_DOY Flowers or flower buds","143","DOY",NA,"Phenology Network","Year = 2020, 2020 | Site Name = my yard | Individual ID = 25776"
"Acer negundo","First_Yes_DOY Open flowers","120","DOY",NA,"Phenology Network","Year = 2020, 2020 | Site Name = my yard | Individual ID = 25776"
"Acer negundo","Last_Yes_DOY Open flowers","143","DOY",NA,"Phenology Network","Year = 2020, 2020 | Site Name = my yard | Individual ID = 25776"
"Tilia americana","First_Yes_DOY Flowers or flower buds","158","DOY",NA,"Phenology Network","Year = 2020, 2020 | Site Name = my yard | Individual ID = 25991"
"Tilia americana","Last_Yes_DOY Flowers or flower buds","202","DOY",NA,"Phenology Network","Year = 2020, 2020 | Site Name = my yard | Individual ID = 25991"
"Tilia americana","First_Yes_DOY Open flowers","187","DOY",NA,"Phenology Network","Year = 2020, 2020 | Site Name = my yard | Individual ID = 25991"
"Tilia americana","Last_Yes_DOY Open flowers","187","DOY",NA,"Phenology Network","Year = 2020, 2020 | Site Name = my yard | Individual ID = 25991"
"Acer rubrum","First_Yes_DOY Flowers or flower buds","107","DOY",NA,"Phenology Network","Year = 2020, 2020 | Site Name = St Paul Campus | Individual ID = 50308"
"Acer rubrum","Last_Yes_DOY Flowers or flower buds","107","DOY",NA,"Phenology Network","Year = 2020, 2020 | Site Name = St Paul Campus | Individual ID = 50308"
"Acer rubrum","First_Yes_DOY Open flowers","107","DOY",NA,"Phenology Network","Year = 2020, 2020 | Site Name = St Paul Campus | Individual ID = 50308"
"Acer rubrum","Last_Yes_DOY Open flowers","107","DOY",NA,"Phenology Network","Year = 2020, 2020 | Site Name = St Paul Campus | Individual ID = 50308"
"Acer negundo","First_Yes_DOY Flowers or flower buds","126","DOY",NA,"Phenology Network","Year = 2020, 2020 | Site Name = Wood Lake Nature Center | Individual ID = 52983"
"Acer negundo","Last_Yes_DOY Flowers or flower buds","135","DOY",NA,"Phenology Network","Year = 2020, 2020 | Site Name = Wood Lake Nature Center | Individual ID = 52983"
"Acer negundo","First_Yes_DOY Open flowers","135","DOY",NA,"Phenology Network","Year = 2020, 2020 | Site Name = Wood Lake Nature Center | Individual ID = 52983"
"Acer negundo","Last_Yes_DOY Open flowers","142","DOY",NA,"Phenology Network","Year = 2020, 2020 | Site Name = Wood Lake Nature Center | Individual ID = 52983"
"Acer saccharinum","First_Yes_DOY Flowers or flower buds","98","DOY",NA,"Phenology Network","Year = 2020, 2020 | Site Name = Wood Lake Nature Center | Individual ID = 52988"
"Acer saccharinum","Last_Yes_DOY Flowers or flower buds","113","DOY",NA,"Phenology Network","Year = 2020, 2020 | Site Name = Wood Lake Nature Center | Individual ID = 52988"
"Acer rubrum","First_Yes_DOY Flowers or flower buds","97","DOY",NA,"Phenology Network","Year = 2020, 2020 | Site Name = Back Yard | Individual ID = 69122"
"Acer rubrum","Last_Yes_DOY Flowers or flower buds","125","DOY",NA,"Phenology Network","Year = 2020, 2020 | Site Name = Back Yard | Individual ID = 69122"
"Acer rubrum","First_Yes_DOY Open flowers","97","DOY",NA,"Phenology Network","Year = 2020, 2020 | Site Name = Back Yard | Individual ID = 69122"
"Acer rubrum","Last_Yes_DOY Open flowers","129","DOY",NA,"Phenology Network","Year = 2020, 2020 | Site Name = Back Yard | Individual ID = 69122"
"Acer rubrum","First_Yes_DOY Pollen release (flowers)","118","DOY",NA,"Phenology Network","Year = 2020, 2020 | Site Name = Back Yard | Individual ID = 69122"
"Acer rubrum","Last_Yes_DOY Pollen release (flowers)","122","DOY",NA,"Phenology Network","Year = 2020, 2020 | Site Name = Back Yard | Individual ID = 69122"
"Acer saccharinum","First_Yes_DOY Flowers or flower buds","90","DOY",NA,"Phenology Network","Year = 2020, 2020 | Site Name = Back Yard | Individual ID = 69125"
"Acer saccharinum","Last_Yes_DOY Flowers or flower buds","125","DOY",NA,"Phenology Network","Year = 2020, 2020 | Site Name = Back Yard | Individual ID = 69125"
"Acer saccharinum","First_Yes_DOY Open flowers","90","DOY",NA,"Phenology Network","Year = 2020, 2020 | Site Name = Back Yard | Individual ID = 69125"
"Acer saccharinum","Last_Yes_DOY Open flowers","125","DOY",NA,"Phenology Network","Year = 2020, 2020 | Site Name = Back Yard | Individual ID = 69125"
"Acer saccharinum","First_Yes_DOY Pollen release (flowers)","118","DOY",NA,"Phenology Network","Year = 2020, 2020 | Site Name = Back Yard | Individual ID = 69125"
"Acer saccharinum","Last_Yes_DOY Pollen release (flowers)","122","DOY",NA,"Phenology Network","Year = 2020, 2020 | Site Name = Back Yard | Individual ID = 69125"
"Acer saccharinum","First_Yes_DOY Flowers or flower buds","129","DOY",NA,"Phenology Network","Year = 2020, 2020 | Site Name = home | Individual ID = 69505"
"Acer saccharinum","Last_Yes_DOY Flowers or flower buds","129","DOY",NA,"Phenology Network","Year = 2020, 2020 | Site Name = home | Individual ID = 69505"
"Acer saccharinum","First_Yes_DOY Open flowers","129","DOY",NA,"Phenology Network","Year = 2020, 2020 | Site Name = home | Individual ID = 69505"
"Acer saccharinum","Last_Yes_DOY Open flowers","129","DOY",NA,"Phenology Network","Year = 2020, 2020 | Site Name = home | Individual ID = 69505"
"Acer rubrum","First_Yes_DOY Flowers or flower buds","87","DOY",NA,"Phenology Network","Year = 2020, 2020 | Site Name = Wood Lake Nature Center | Individual ID = 78054"
"Acer rubrum","Last_Yes_DOY Flowers or flower buds","98","DOY",NA,"Phenology Network","Year = 2020, 2020 | Site Name = Wood Lake Nature Center | Individual ID = 78054"
"Acer rubrum","First_Yes_DOY Open flowers","98","DOY",NA,"Phenology Network","Year = 2020, 2020 | Site Name = Wood Lake Nature Center | Individual ID = 78054"
"Acer rubrum","Last_Yes_DOY Open flowers","118","DOY",NA,"Phenology Network","Year = 2020, 2020 | Site Name = Wood Lake Nature Center | Individual ID = 78054"
"Acer rubrum","First_Yes_DOY Flowers or flower buds","87","DOY",NA,"Phenology Network","Year = 2020, 2020 | Site Name = Wood Lake Nature Center | Individual ID = 78155"
"Acer rubrum","Last_Yes_DOY Flowers or flower buds","98","DOY",NA,"Phenology Network","Year = 2020, 2020 | Site Name = Wood Lake Nature Center | Individual ID = 78155"
"Acer rubrum","First_Yes_DOY Open flowers","98","DOY",NA,"Phenology Network","Year = 2020, 2020 | Site Name = Wood Lake Nature Center | Individual ID = 78155"
"Acer rubrum","Last_Yes_DOY Open flowers","118","DOY",NA,"Phenology Network","Year = 2020, 2020 | Site Name = Wood Lake Nature Center | Individual ID = 78155"
"Acer rubrum","First_Yes_DOY Flowers or flower buds","108","DOY",NA,"Phenology Network","Year = 2020, 2020 | Site Name = Pitcher Pond | Individual ID = 94648"
"Acer rubrum","Last_Yes_DOY Flowers or flower buds","144","DOY",NA,"Phenology Network","Year = 2020, 2020 | Site Name = Pitcher Pond | Individual ID = 94648"
"Acer rubrum","First_Yes_DOY Open flowers","130","DOY",NA,"Phenology Network","Year = 2020, 2020 | Site Name = Pitcher Pond | Individual ID = 94648"
"Acer rubrum","Last_Yes_DOY Open flowers","144","DOY",NA,"Phenology Network","Year = 2020, 2020 | Site Name = Pitcher Pond | Individual ID = 94648"
"Acer rubrum","First_Yes_DOY Pollen release (flowers)","130","DOY",NA,"Phenology Network","Year = 2020, 2020 | Site Name = Pitcher Pond | Individual ID = 94648"
"Acer rubrum","Last_Yes_DOY Pollen release (flowers)","130","DOY",NA,"Phenology Network","Year = 2020, 2020 | Site Name = Pitcher Pond | Individual ID = 94648"
"Acer saccharinum","First_Yes_DOY Flowers or flower buds","83","DOY",NA,"Phenology Network","Year = 2020, 2020 | Site Name = front yard | Individual ID = 94830"
"Acer saccharinum","Last_Yes_DOY Flowers or flower buds","117","DOY",NA,"Phenology Network","Year = 2020, 2020 | Site Name = front yard | Individual ID = 94830"
"Acer saccharinum","First_Yes_DOY Open flowers","89","DOY",NA,"Phenology Network","Year = 2020, 2020 | Site Name = front yard | Individual ID = 94830"
"Acer saccharinum","Last_Yes_DOY Open flowers","117","DOY",NA,"Phenology Network","Year = 2020, 2020 | Site Name = front yard | Individual ID = 94830"
"Acer saccharinum","First_Yes_DOY Pollen release (flowers)","113","DOY",NA,"Phenology Network","Year = 2020, 2020 | Site Name = front yard | Individual ID = 94830"
"Acer saccharinum","Last_Yes_DOY Pollen release (flowers)","117","DOY",NA,"Phenology Network","Year = 2020, 2020 | Site Name = front yard | Individual ID = 94830"
"Acer saccharinum","First_Yes_DOY Flowers or flower buds","61","DOY",NA,"Phenology Network","Year = 2020, 2020 | Site Name = Home | Individual ID = 102809"
"Acer saccharinum","Last_Yes_DOY Flowers or flower buds","97","DOY",NA,"Phenology Network","Year = 2020, 2020 | Site Name = Home | Individual ID = 102809"
"Acer saccharinum","First_Yes_DOY Flowers or flower buds","121","DOY",NA,"Phenology Network","Year = 2020, 2020 | Site Name = Home | Individual ID = 102809"
"Acer saccharinum","Last_Yes_DOY Flowers or flower buds","132","DOY",NA,"Phenology Network","Year = 2020, 2020 | Site Name = Home | Individual ID = 102809"
"Acer saccharinum","First_Yes_DOY Open flowers","92","DOY",NA,"Phenology Network","Year = 2020, 2020 | Site Name = Home | Individual ID = 102809"
"Acer saccharinum","Last_Yes_DOY Open flowers","97","DOY",NA,"Phenology Network","Year = 2020, 2020 | Site Name = Home | Individual ID = 102809"
"Acer saccharinum","First_Yes_DOY Open flowers","121","DOY",NA,"Phenology Network","Year = 2020, 2020 | Site Name = Home | Individual ID = 102809"
"Acer saccharinum","Last_Yes_DOY Open flowers","132","DOY",NA,"Phenology Network","Year = 2020, 2020 | Site Name = Home | Individual ID = 102809"
"Acer saccharinum","First_Yes_DOY Pollen release (flowers)","121","DOY",NA,"Phenology Network","Year = 2020, 2020 | Site Name = Home | Individual ID = 102809"
"Acer saccharinum","Last_Yes_DOY Pollen release (flowers)","125","DOY",NA,"Phenology Network","Year = 2020, 2020 | Site Name = Home | Individual ID = 102809"
"Acer negundo","First_Yes_DOY Flowers or flower buds","90","DOY",NA,"Phenology Network","Year = 2020, 2020 | Site Name = Rapids Lake - Phenology Trail | Individual ID = 111118"
"Acer negundo","Last_Yes_DOY Flowers or flower buds","122","DOY",NA,"Phenology Network","Year = 2020, 2020 | Site Name = Rapids Lake - Phenology Trail | Individual ID = 111118"
"Acer negundo","First_Yes_DOY Open flowers","114","DOY",NA,"Phenology Network","Year = 2020, 2020 | Site Name = Rapids Lake - Phenology Trail | Individual ID = 111118"
"Acer negundo","Last_Yes_DOY Open flowers","122","DOY",NA,"Phenology Network","Year = 2020, 2020 | Site Name = Rapids Lake - Phenology Trail | Individual ID = 111118"
"Acer negundo","First_Yes_DOY Flowers or flower buds","90","DOY",NA,"Phenology Network","Year = 2020, 2020 | Site Name = Rapids Lake - Phenology Trail | Individual ID = 111119"
"Acer negundo","Last_Yes_DOY Flowers or flower buds","122","DOY",NA,"Phenology Network","Year = 2020, 2020 | Site Name = Rapids Lake - Phenology Trail | Individual ID = 111119"
"Acer negundo","First_Yes_DOY Open flowers","114","DOY",NA,"Phenology Network","Year = 2020, 2020 | Site Name = Rapids Lake - Phenology Trail | Individual ID = 111119"
"Acer negundo","Last_Yes_DOY Open flowers","122","DOY",NA,"Phenology Network","Year = 2020, 2020 | Site Name = Rapids Lake - Phenology Trail | Individual ID = 111119"
"Populus deltoides","First_Yes_DOY Flowers or flower buds","90","DOY",NA,"Phenology Network","Year = 2020, 2020 | Site Name = Rapids Lake - Phenology Trail | Individual ID = 111120"
"Populus deltoides","Last_Yes_DOY Flowers or flower buds","122","DOY",NA,"Phenology Network","Year = 2020, 2020 | Site Name = Rapids Lake - Phenology Trail | Individual ID = 111120"
"Populus deltoides","First_Yes_DOY Open flowers","114","DOY",NA,"Phenology Network","Year = 2020, 2020 | Site Name = Rapids Lake - Phenology Trail | Individual ID = 111120"
"Populus deltoides","Last_Yes_DOY Open flowers","122","DOY",NA,"Phenology Network","Year = 2020, 2020 | Site Name = Rapids Lake - Phenology Trail | Individual ID = 111120"
"Populus deltoides","First_Yes_DOY Flowers or flower buds","90","DOY",NA,"Phenology Network","Year = 2020, 2020 | Site Name = Rapids Lake - Phenology Trail | Individual ID = 111122"
"Populus deltoides","Last_Yes_DOY Flowers or flower buds","114","DOY",NA,"Phenology Network","Year = 2020, 2020 | Site Name = Rapids Lake - Phenology Trail | Individual ID = 111122"
"Populus deltoides","First_Yes_DOY Open flowers","114","DOY",NA,"Phenology Network","Year = 2020, 2020 | Site Name = Rapids Lake - Phenology Trail | Individual ID = 111122"
"Populus deltoides","Last_Yes_DOY Open flowers","114","DOY",NA,"Phenology Network","Year = 2020, 2020 | Site Name = Rapids Lake - Phenology Trail | Individual ID = 111122"
"Acer negundo","First_Yes_DOY Flowers or flower buds","111","DOY",NA,"Phenology Network","Year = 2020, 2020 | Site Name = Bloomington - Phenology Trail | Individual ID = 116300"
"Acer negundo","Last_Yes_DOY Flowers or flower buds","111","DOY",NA,"Phenology Network","Year = 2020, 2020 | Site Name = Bloomington - Phenology Trail | Individual ID = 116300"
"Acer negundo","First_Yes_DOY Flowers or flower buds","121","DOY",NA,"Phenology Network","Year = 2020, 2020 | Site Name = Bloomington - Phenology Trail | Individual ID = 116300"
"Acer negundo","Last_Yes_DOY Flowers or flower buds","121","DOY",NA,"Phenology Network","Year = 2020, 2020 | Site Name = Bloomington - Phenology Trail | Individual ID = 116300"
"Acer negundo","First_Yes_DOY Open flowers","121","DOY",NA,"Phenology Network","Year = 2020, 2020 | Site Name = Bloomington - Phenology Trail | Individual ID = 116300"
"Acer negundo","Last_Yes_DOY Open flowers","121","DOY",NA,"Phenology Network","Year = 2020, 2020 | Site Name = Bloomington - Phenology Trail | Individual ID = 116300"
"Acer negundo","First_Yes_DOY Flowers or flower buds","105","DOY",NA,"Phenology Network","Year = 2020, 2020 | Site Name = Bloomington - Phenology Trail | Individual ID = 116301"
"Acer negundo","Last_Yes_DOY Flowers or flower buds","118","DOY",NA,"Phenology Network","Year = 2020, 2020 | Site Name = Bloomington - Phenology Trail | Individual ID = 116301"
"Acer negundo","First_Yes_DOY Flowers or flower buds","124","DOY",NA,"Phenology Network","Year = 2020, 2020 | Site Name = Bloomington - Phenology Trail | Individual ID = 116301"
"Acer negundo","Last_Yes_DOY Flowers or flower buds","125","DOY",NA,"Phenology Network","Year = 2020, 2020 | Site Name = Bloomington - Phenology Trail | Individual ID = 116301"
"Acer negundo","First_Yes_DOY Flowers or flower buds","132","DOY",NA,"Phenology Network","Year = 2020, 2020 | Site Name = Bloomington - Phenology Trail | Individual ID = 116301"
"Acer negundo","Last_Yes_DOY Flowers or flower buds","132","DOY",NA,"Phenology Network","Year = 2020, 2020 | Site Name = Bloomington - Phenology Trail | Individual ID = 116301"
"Acer negundo","First_Yes_DOY Flowers or flower buds","139","DOY",NA,"Phenology Network","Year = 2020, 2020 | Site Name = Bloomington - Phenology Trail | Individual ID = 116301"
"Acer negundo","Last_Yes_DOY Flowers or flower buds","139","DOY",NA,"Phenology Network","Year = 2020, 2020 | Site Name = Bloomington - Phenology Trail | Individual ID = 116301"
"Acer negundo","First_Yes_DOY Open flowers","118","DOY",NA,"Phenology Network","Year = 2020, 2020 | Site Name = Bloomington - Phenology Trail | Individual ID = 116301"
"Acer negundo","Last_Yes_DOY Open flowers","125","DOY",NA,"Phenology Network","Year = 2020, 2020 | Site Name = Bloomington - Phenology Trail | Individual ID = 116301"
"Acer negundo","First_Yes_DOY Open flowers","132","DOY",NA,"Phenology Network","Year = 2020, 2020 | Site Name = Bloomington - Phenology Trail | Individual ID = 116301"
"Acer negundo","Last_Yes_DOY Open flowers","132","DOY",NA,"Phenology Network","Year = 2020, 2020 | Site Name = Bloomington - Phenology Trail | Individual ID = 116301"
"Acer negundo","First_Yes_DOY Flowers or flower buds","105","DOY",NA,"Phenology Network","Year = 2020, 2020 | Site Name = Bloomington - Phenology Trail | Individual ID = 116302"
"Acer negundo","Last_Yes_DOY Flowers or flower buds","105","DOY",NA,"Phenology Network","Year = 2020, 2020 | Site Name = Bloomington - Phenology Trail | Individual ID = 116302"
"Acer negundo","First_Yes_DOY Flowers or flower buds","111","DOY",NA,"Phenology Network","Year = 2020, 2020 | Site Name = Bloomington - Phenology Trail | Individual ID = 116302"
"Acer negundo","Last_Yes_DOY Flowers or flower buds","111","DOY",NA,"Phenology Network","Year = 2020, 2020 | Site Name = Bloomington - Phenology Trail | Individual ID = 116302"
"Acer negundo","First_Yes_DOY Flowers or flower buds","118","DOY",NA,"Phenology Network","Year = 2020, 2020 | Site Name = Bloomington - Phenology Trail | Individual ID = 116302"
"Acer negundo","Last_Yes_DOY Flowers or flower buds","118","DOY",NA,"Phenology Network","Year = 2020, 2020 | Site Name = Bloomington - Phenology Trail | Individual ID = 116302"
"Acer negundo","First_Yes_DOY Open flowers","121","DOY",NA,"Phenology Network","Year = 2020, 2020 | Site Name = Bloomington - Phenology Trail | Individual ID = 116302"
"Acer negundo","Last_Yes_DOY Open flowers","121","DOY",NA,"Phenology Network","Year = 2020, 2020 | Site Name = Bloomington - Phenology Trail | Individual ID = 116302"
"Populus deltoides","First_Yes_DOY Flowers or flower buds","105","DOY",NA,"Phenology Network","Year = 2020, 2020 | Site Name = Bloomington - Phenology Trail | Individual ID = 116303"
"Populus deltoides","Last_Yes_DOY Flowers or flower buds","105","DOY",NA,"Phenology Network","Year = 2020, 2020 | Site Name = Bloomington - Phenology Trail | Individual ID = 116303"
"Populus deltoides","First_Yes_DOY Flowers or flower buds","111","DOY",NA,"Phenology Network","Year = 2020, 2020 | Site Name = Bloomington - Phenology Trail | Individual ID = 116303"
"Populus deltoides","Last_Yes_DOY Flowers or flower buds","121","DOY",NA,"Phenology Network","Year = 2020, 2020 | Site Name = Bloomington - Phenology Trail | Individual ID = 116303"
"Populus deltoides","First_Yes_DOY Open flowers","121","DOY",NA,"Phenology Network","Year = 2020, 2020 | Site Name = Bloomington - Phenology Trail | Individual ID = 116303"
"Populus deltoides","Last_Yes_DOY Open flowers","121","DOY",NA,"Phenology Network","Year = 2020, 2020 | Site Name = Bloomington - Phenology Trail | Individual ID = 116303"
"Populus deltoides","First_Yes_DOY Flowers or flower buds","84","DOY",NA,"Phenology Network","Year = 2020, 2020 | Site Name = Bloomington - Phenology Trail | Individual ID = 116304"
"Populus deltoides","Last_Yes_DOY Flowers or flower buds","100","DOY",NA,"Phenology Network","Year = 2020, 2020 | Site Name = Bloomington - Phenology Trail | Individual ID = 116304"
"Populus deltoides","First_Yes_DOY Flowers or flower buds","105","DOY",NA,"Phenology Network","Year = 2020, 2020 | Site Name = Bloomington - Phenology Trail | Individual ID = 116304"
"Populus deltoides","Last_Yes_DOY Flowers or flower buds","118","DOY",NA,"Phenology Network","Year = 2020, 2020 | Site Name = Bloomington - Phenology Trail | Individual ID = 116304"
"Populus deltoides","First_Yes_DOY Flowers or flower buds","125","DOY",NA,"Phenology Network","Year = 2020, 2020 | Site Name = Bloomington - Phenology Trail | Individual ID = 116304"
"Populus deltoides","Last_Yes_DOY Flowers or flower buds","125","DOY",NA,"Phenology Network","Year = 2020, 2020 | Site Name = Bloomington - Phenology Trail | Individual ID = 116304"
"Populus deltoides","First_Yes_DOY Flowers or flower buds","132","DOY",NA,"Phenology Network","Year = 2020, 2020 | Site Name = Bloomington - Phenology Trail | Individual ID = 116304"
"Populus deltoides","Last_Yes_DOY Flowers or flower buds","132","DOY",NA,"Phenology Network","Year = 2020, 2020 | Site Name = Bloomington - Phenology Trail | Individual ID = 116304"
"Populus deltoides","First_Yes_DOY Flowers or flower buds","139","DOY",NA,"Phenology Network","Year = 2020, 2020 | Site Name = Bloomington - Phenology Trail | Individual ID = 116304"
"Populus deltoides","Last_Yes_DOY Flowers or flower buds","139","DOY",NA,"Phenology Network","Year = 2020, 2020 | Site Name = Bloomington - Phenology Trail | Individual ID = 116304"
"Populus deltoides","First_Yes_DOY Open flowers","110","DOY",NA,"Phenology Network","Year = 2020, 2020 | Site Name = Bloomington - Phenology Trail | Individual ID = 116304"
"Populus deltoides","Last_Yes_DOY Open flowers","114","DOY",NA,"Phenology Network","Year = 2020, 2020 | Site Name = Bloomington - Phenology Trail | Individual ID = 116304"
"Populus deltoides","First_Yes_DOY Open flowers","121","DOY",NA,"Phenology Network","Year = 2020, 2020 | Site Name = Bloomington - Phenology Trail | Individual ID = 116304"
"Populus deltoides","Last_Yes_DOY Open flowers","121","DOY",NA,"Phenology Network","Year = 2020, 2020 | Site Name = Bloomington - Phenology Trail | Individual ID = 116304"
"Populus deltoides","First_Yes_DOY Open flowers","125","DOY",NA,"Phenology Network","Year = 2020, 2020 | Site Name = Bloomington - Phenology Trail | Individual ID = 116304"
"Populus deltoides","Last_Yes_DOY Open flowers","125","DOY",NA,"Phenology Network","Year = 2020, 2020 | Site Name = Bloomington - Phenology Trail | Individual ID = 116304"
"Populus deltoides","First_Yes_DOY Open flowers","132","DOY",NA,"Phenology Network","Year = 2020, 2020 | Site Name = Bloomington - Phenology Trail | Individual ID = 116304"
"Populus deltoides","Last_Yes_DOY Open flowers","132","DOY",NA,"Phenology Network","Year = 2020, 2020 | Site Name = Bloomington - Phenology Trail | Individual ID = 116304"
"Populus deltoides","First_Yes_DOY Open flowers","139","DOY",NA,"Phenology Network","Year = 2020, 2020 | Site Name = Bloomington - Phenology Trail | Individual ID = 116304"
"Populus deltoides","Last_Yes_DOY Open flowers","139","DOY",NA,"Phenology Network","Year = 2020, 2020 | Site Name = Bloomington - Phenology Trail | Individual ID = 116304"
"Populus deltoides","First_Yes_DOY Flowers or flower buds","105","DOY",NA,"Phenology Network","Year = 2020, 2020 | Site Name = Bloomington - Phenology Trail | Individual ID = 116305"
"Populus deltoides","Last_Yes_DOY Flowers or flower buds","105","DOY",NA,"Phenology Network","Year = 2020, 2020 | Site Name = Bloomington - Phenology Trail | Individual ID = 116305"
"Populus deltoides","First_Yes_DOY Flowers or flower buds","111","DOY",NA,"Phenology Network","Year = 2020, 2020 | Site Name = Bloomington - Phenology Trail | Individual ID = 116305"
"Populus deltoides","Last_Yes_DOY Flowers or flower buds","114","DOY",NA,"Phenology Network","Year = 2020, 2020 | Site Name = Bloomington - Phenology Trail | Individual ID = 116305"
"Quercus rubra","First_Yes_DOY Flowers or flower buds","124","DOY",NA,"Phenology Network","Year = 2020, 2020 | Site Name = Bloomington - Phenology Trail | Individual ID = 116317"
"Quercus rubra","Last_Yes_DOY Flowers or flower buds","132","DOY",NA,"Phenology Network","Year = 2020, 2020 | Site Name = Bloomington - Phenology Trail | Individual ID = 116317"
"Quercus rubra","First_Yes_DOY Flowers or flower buds","139","DOY",NA,"Phenology Network","Year = 2020, 2020 | Site Name = Bloomington - Phenology Trail | Individual ID = 116317"
"Quercus rubra","Last_Yes_DOY Flowers or flower buds","139","DOY",NA,"Phenology Network","Year = 2020, 2020 | Site Name = Bloomington - Phenology Trail | Individual ID = 116317"
"Quercus rubra","First_Yes_DOY Open flowers","132","DOY",NA,"Phenology Network","Year = 2020, 2020 | Site Name = Bloomington - Phenology Trail | Individual ID = 116317"
"Quercus rubra","Last_Yes_DOY Open flowers","139","DOY",NA,"Phenology Network","Year = 2020, 2020 | Site Name = Bloomington - Phenology Trail | Individual ID = 116317"
"Quercus rubra","First_Yes_DOY Flowers or flower buds","125","DOY",NA,"Phenology Network","Year = 2020, 2020 | Site Name = Bloomington - Phenology Trail | Individual ID = 116318"
"Quercus rubra","Last_Yes_DOY Flowers or flower buds","125","DOY",NA,"Phenology Network","Year = 2020, 2020 | Site Name = Bloomington - Phenology Trail | Individual ID = 116318"
"Quercus rubra","First_Yes_DOY Flowers or flower buds","132","DOY",NA,"Phenology Network","Year = 2020, 2020 | Site Name = Bloomington - Phenology Trail | Individual ID = 116318"
"Quercus rubra","Last_Yes_DOY Flowers or flower buds","132","DOY",NA,"Phenology Network","Year = 2020, 2020 | Site Name = Bloomington - Phenology Trail | Individual ID = 116318"
"Quercus rubra","First_Yes_DOY Open flowers","128","DOY",NA,"Phenology Network","Year = 2020, 2020 | Site Name = Bloomington - Phenology Trail | Individual ID = 116318"
"Quercus rubra","Last_Yes_DOY Open flowers","135","DOY",NA,"Phenology Network","Year = 2020, 2020 | Site Name = Bloomington - Phenology Trail | Individual ID = 116318"
"Quercus rubra","First_Yes_DOY Flowers or flower buds","125","DOY",NA,"Phenology Network","Year = 2020, 2020 | Site Name = Bloomington - Phenology Trail | Individual ID = 116319"
"Quercus rubra","Last_Yes_DOY Flowers or flower buds","132","DOY",NA,"Phenology Network","Year = 2020, 2020 | Site Name = Bloomington - Phenology Trail | Individual ID = 116319"
"Quercus rubra","First_Yes_DOY Flowers or flower buds","139","DOY",NA,"Phenology Network","Year = 2020, 2020 | Site Name = Bloomington - Phenology Trail | Individual ID = 116319"
"Quercus rubra","Last_Yes_DOY Flowers or flower buds","139","DOY",NA,"Phenology Network","Year = 2020, 2020 | Site Name = Bloomington - Phenology Trail | Individual ID = 116319"
"Quercus rubra","First_Yes_DOY Open flowers","128","DOY",NA,"Phenology Network","Year = 2020, 2020 | Site Name = Bloomington - Phenology Trail | Individual ID = 116319"
"Quercus rubra","Last_Yes_DOY Open flowers","135","DOY",NA,"Phenology Network","Year = 2020, 2020 | Site Name = Bloomington - Phenology Trail | Individual ID = 116319"
"Populus deltoides","First_Yes_DOY Flowers or flower buds","91","DOY",NA,"Phenology Network","Year = 2020, 2020 | Site Name = Bass Ponds- Phenology Trail | Individual ID = 116990"
"Populus deltoides","Last_Yes_DOY Flowers or flower buds","91","DOY",NA,"Phenology Network","Year = 2020, 2020 | Site Name = Bass Ponds- Phenology Trail | Individual ID = 116990"
"Populus deltoides","First_Yes_DOY Flowers or flower buds","97","DOY",NA,"Phenology Network","Year = 2020, 2020 | Site Name = Bass Ponds- Phenology Trail | Individual ID = 116990"
"Populus deltoides","Last_Yes_DOY Flowers or flower buds","118","DOY",NA,"Phenology Network","Year = 2020, 2020 | Site Name = Bass Ponds- Phenology Trail | Individual ID = 116990"
"Populus deltoides","First_Yes_DOY Flowers or flower buds","125","DOY",NA,"Phenology Network","Year = 2020, 2020 | Site Name = Bass Ponds- Phenology Trail | Individual ID = 116990"
"Populus deltoides","Last_Yes_DOY Flowers or flower buds","132","DOY",NA,"Phenology Network","Year = 2020, 2020 | Site Name = Bass Ponds- Phenology Trail | Individual ID = 116990"
"Populus deltoides","First_Yes_DOY Flowers or flower buds","139","DOY",NA,"Phenology Network","Year = 2020, 2020 | Site Name = Bass Ponds- Phenology Trail | Individual ID = 116990"
"Populus deltoides","Last_Yes_DOY Flowers or flower buds","139","DOY",NA,"Phenology Network","Year = 2020, 2020 | Site Name = Bass Ponds- Phenology Trail | Individual ID = 116990"
"Populus deltoides","First_Yes_DOY Open flowers","107","DOY",NA,"Phenology Network","Year = 2020, 2020 | Site Name = Bass Ponds- Phenology Trail | Individual ID = 116990"
"Populus deltoides","Last_Yes_DOY Open flowers","121","DOY",NA,"Phenology Network","Year = 2020, 2020 | Site Name = Bass Ponds- Phenology Trail | Individual ID = 116990"
"Populus deltoides","First_Yes_DOY Open flowers","125","DOY",NA,"Phenology Network","Year = 2020, 2020 | Site Name = Bass Ponds- Phenology Trail | Individual ID = 116990"
"Populus deltoides","Last_Yes_DOY Open flowers","128","DOY",NA,"Phenology Network","Year = 2020, 2020 | Site Name = Bass Ponds- Phenology Trail | Individual ID = 116990"
"Populus deltoides","First_Yes_DOY Open flowers","136","DOY",NA,"Phenology Network","Year = 2020, 2020 | Site Name = Bass Ponds- Phenology Trail | Individual ID = 116990"
"Populus deltoides","Last_Yes_DOY Open flowers","136","DOY",NA,"Phenology Network","Year = 2020, 2020 | Site Name = Bass Ponds- Phenology Trail | Individual ID = 116990"
"Populus deltoides","First_Yes_DOY Flowers or flower buds","91","DOY",NA,"Phenology Network","Year = 2020, 2020 | Site Name = Bass Ponds- Phenology Trail | Individual ID = 116991"
"Populus deltoides","Last_Yes_DOY Flowers or flower buds","91","DOY",NA,"Phenology Network","Year = 2020, 2020 | Site Name = Bass Ponds- Phenology Trail | Individual ID = 116991"
"Populus deltoides","First_Yes_DOY Flowers or flower buds","97","DOY",NA,"Phenology Network","Year = 2020, 2020 | Site Name = Bass Ponds- Phenology Trail | Individual ID = 116991"
"Populus deltoides","Last_Yes_DOY Flowers or flower buds","107","DOY",NA,"Phenology Network","Year = 2020, 2020 | Site Name = Bass Ponds- Phenology Trail | Individual ID = 116991"
"Populus deltoides","First_Yes_DOY Flowers or flower buds","111","DOY",NA,"Phenology Network","Year = 2020, 2020 | Site Name = Bass Ponds- Phenology Trail | Individual ID = 116991"
"Populus deltoides","Last_Yes_DOY Flowers or flower buds","118","DOY",NA,"Phenology Network","Year = 2020, 2020 | Site Name = Bass Ponds- Phenology Trail | Individual ID = 116991"
"Populus deltoides","First_Yes_DOY Flowers or flower buds","125","DOY",NA,"Phenology Network","Year = 2020, 2020 | Site Name = Bass Ponds- Phenology Trail | Individual ID = 116991"
"Populus deltoides","Last_Yes_DOY Flowers or flower buds","125","DOY",NA,"Phenology Network","Year = 2020, 2020 | Site Name = Bass Ponds- Phenology Trail | Individual ID = 116991"
"Populus deltoides","First_Yes_DOY Open flowers","108","DOY",NA,"Phenology Network","Year = 2020, 2020 | Site Name = Bass Ponds- Phenology Trail | Individual ID = 116991"
"Populus deltoides","Last_Yes_DOY Open flowers","118","DOY",NA,"Phenology Network","Year = 2020, 2020 | Site Name = Bass Ponds- Phenology Trail | Individual ID = 116991"
"Populus deltoides","First_Yes_DOY Pollen release (flowers)","116","DOY",NA,"Phenology Network","Year = 2020, 2020 | Site Name = Bass Ponds- Phenology Trail | Individual ID = 116991"
"Populus deltoides","Last_Yes_DOY Pollen release (flowers)","118","DOY",NA,"Phenology Network","Year = 2020, 2020 | Site Name = Bass Ponds- Phenology Trail | Individual ID = 116991"
"Populus deltoides","First_Yes_DOY Flowers or flower buds","91","DOY",NA,"Phenology Network","Year = 2020, 2020 | Site Name = Bass Ponds- Phenology Trail | Individual ID = 116992"
"Populus deltoides","Last_Yes_DOY Flowers or flower buds","125","DOY",NA,"Phenology Network","Year = 2020, 2020 | Site Name = Bass Ponds- Phenology Trail | Individual ID = 116992"
"Populus deltoides","First_Yes_DOY Flowers or flower buds","132","DOY",NA,"Phenology Network","Year = 2020, 2020 | Site Name = Bass Ponds- Phenology Trail | Individual ID = 116992"
"Populus deltoides","Last_Yes_DOY Flowers or flower buds","132","DOY",NA,"Phenology Network","Year = 2020, 2020 | Site Name = Bass Ponds- Phenology Trail | Individual ID = 116992"
"Populus deltoides","First_Yes_DOY Flowers or flower buds","147","DOY",NA,"Phenology Network","Year = 2020, 2020 | Site Name = Bass Ponds- Phenology Trail | Individual ID = 116992"
"Populus deltoides","Last_Yes_DOY Flowers or flower buds","147","DOY",NA,"Phenology Network","Year = 2020, 2020 | Site Name = Bass Ponds- Phenology Trail | Individual ID = 116992"
"Populus deltoides","First_Yes_DOY Open flowers","107","DOY",NA,"Phenology Network","Year = 2020, 2020 | Site Name = Bass Ponds- Phenology Trail | Individual ID = 116992"
"Populus deltoides","Last_Yes_DOY Open flowers","118","DOY",NA,"Phenology Network","Year = 2020, 2020 | Site Name = Bass Ponds- Phenology Trail | Individual ID = 116992"
"Populus deltoides","First_Yes_DOY Open flowers","124","DOY",NA,"Phenology Network","Year = 2020, 2020 | Site Name = Bass Ponds- Phenology Trail | Individual ID = 116992"
"Populus deltoides","Last_Yes_DOY Open flowers","125","DOY",NA,"Phenology Network","Year = 2020, 2020 | Site Name = Bass Ponds- Phenology Trail | Individual ID = 116992"
"Populus deltoides","First_Yes_DOY Pollen release (flowers)","116","DOY",NA,"Phenology Network","Year = 2020, 2020 | Site Name = Bass Ponds- Phenology Trail | Individual ID = 116992"
"Populus deltoides","Last_Yes_DOY Pollen release (flowers)","116","DOY",NA,"Phenology Network","Year = 2020, 2020 | Site Name = Bass Ponds- Phenology Trail | Individual ID = 116992"
"Populus tremuloides","First_Yes_DOY Flowers or flower buds","67","DOY",NA,"Phenology Network","Year = 2020, 2020 | Site Name = Horton Park | Individual ID = 118745"
"Populus tremuloides","Last_Yes_DOY Flowers or flower buds","96","DOY",NA,"Phenology Network","Year = 2020, 2020 | Site Name = Horton Park | Individual ID = 118745"
"Populus tremuloides","First_Yes_DOY Open flowers","91","DOY",NA,"Phenology Network","Year = 2020, 2020 | Site Name = Horton Park | Individual ID = 118745"
"Populus tremuloides","Last_Yes_DOY Open flowers","96","DOY",NA,"Phenology Network","Year = 2020, 2020 | Site Name = Horton Park | Individual ID = 118745"
"Salix nigra","First_Yes_DOY Flowers or flower buds","208","DOY",NA,"Phenology Network","Year = 2020, 2020 | Site Name = Mississippi Gateway Regional Park | Individual ID = 123965"
"Salix nigra","Last_Yes_DOY Flowers or flower buds","208","DOY",NA,"Phenology Network","Year = 2020, 2020 | Site Name = Mississippi Gateway Regional Park | Individual ID = 123965"
"Salix nigra","First_Yes_DOY Pollen release (flowers)","183","DOY",NA,"Phenology Network","Year = 2020, 2020 | Site Name = Mississippi Gateway Regional Park | Individual ID = 123965"
"Salix nigra","Last_Yes_DOY Pollen release (flowers)","183","DOY",NA,"Phenology Network","Year = 2020, 2020 | Site Name = Mississippi Gateway Regional Park | Individual ID = 123965"
"Populus tremuloides","First_Yes_DOY Flowers or flower buds","75","DOY",NA,"Phenology Network","Year = 2020, 2020 | Site Name = Horton Park | Individual ID = 127574"
"Populus tremuloides","Last_Yes_DOY Flowers or flower buds","111","DOY",NA,"Phenology Network","Year = 2020, 2020 | Site Name = Horton Park | Individual ID = 127574"
"Populus tremuloides","First_Yes_DOY Open flowers","96","DOY",NA,"Phenology Network","Year = 2020, 2020 | Site Name = Horton Park | Individual ID = 127574"
"Populus tremuloides","Last_Yes_DOY Open flowers","111","DOY",NA,"Phenology Network","Year = 2020, 2020 | Site Name = Horton Park | Individual ID = 127574"
"Acer rubrum","First_Yes_DOY Flowers or flower buds","86","DOY",NA,"Phenology Network","Year = 2020, 2020 | Site Name = Horton Park | Individual ID = 127575"
"Acer rubrum","Last_Yes_DOY Flowers or flower buds","98","DOY",NA,"Phenology Network","Year = 2020, 2020 | Site Name = Horton Park | Individual ID = 127575"
"Acer rubrum","First_Yes_DOY Open flowers","98","DOY",NA,"Phenology Network","Year = 2020, 2020 | Site Name = Horton Park | Individual ID = 127575"
"Acer rubrum","Last_Yes_DOY Open flowers","98","DOY",NA,"Phenology Network","Year = 2020, 2020 | Site Name = Horton Park | Individual ID = 127575"
"Quercus rubra","First_Yes_DOY Flowers or flower buds","108","DOY",NA,"Phenology Network","Year = 2020, 2020 | Site Name = Horton Park | Individual ID = 127576"
"Quercus rubra","Last_Yes_DOY Flowers or flower buds","108","DOY",NA,"Phenology Network","Year = 2020, 2020 | Site Name = Horton Park | Individual ID = 127576"
"Quercus rubra","First_Yes_DOY Flowers or flower buds","124","DOY",NA,"Phenology Network","Year = 2020, 2020 | Site Name = Horton Park | Individual ID = 127576"
"Quercus rubra","Last_Yes_DOY Flowers or flower buds","130","DOY",NA,"Phenology Network","Year = 2020, 2020 | Site Name = Horton Park | Individual ID = 127576"
"Quercus rubra","First_Yes_DOY Open flowers","108","DOY",NA,"Phenology Network","Year = 2020, 2020 | Site Name = Horton Park | Individual ID = 127576"
"Quercus rubra","Last_Yes_DOY Open flowers","108","DOY",NA,"Phenology Network","Year = 2020, 2020 | Site Name = Horton Park | Individual ID = 127576"
"Acer rubrum","First_Yes_DOY Flowers or flower buds","102","DOY",NA,"Phenology Network","Year = 2020, 2020 | Site Name = WoodyPuppi Yard | Individual ID = 129696"
"Acer rubrum","Last_Yes_DOY Flowers or flower buds","109","DOY",NA,"Phenology Network","Year = 2020, 2020 | Site Name = WoodyPuppi Yard | Individual ID = 129696"
"Acer rubrum","First_Yes_DOY Flowers or flower buds","123","DOY",NA,"Phenology Network","Year = 2020, 2020 | Site Name = WoodyPuppi Yard | Individual ID = 129696"
"Acer rubrum","Last_Yes_DOY Flowers or flower buds","123","DOY",NA,"Phenology Network","Year = 2020, 2020 | Site Name = WoodyPuppi Yard | Individual ID = 129696"
"Acer rubrum","First_Yes_DOY Open flowers","116","DOY",NA,"Phenology Network","Year = 2020, 2020 | Site Name = WoodyPuppi Yard | Individual ID = 129696"
"Acer rubrum","Last_Yes_DOY Open flowers","123","DOY",NA,"Phenology Network","Year = 2020, 2020 | Site Name = WoodyPuppi Yard | Individual ID = 129696"
"Acer rubrum","First_Yes_DOY Flowers or flower buds","93","DOY",NA,"Phenology Network","Year = 2020, 2020 | Site Name = WoodyPuppi Yard | Individual ID = 129697"
"Acer rubrum","Last_Yes_DOY Flowers or flower buds","109","DOY",NA,"Phenology Network","Year = 2020, 2020 | Site Name = WoodyPuppi Yard | Individual ID = 129697"
"Acer rubrum","First_Yes_DOY Flowers or flower buds","123","DOY",NA,"Phenology Network","Year = 2020, 2020 | Site Name = WoodyPuppi Yard | Individual ID = 129697"
"Acer rubrum","Last_Yes_DOY Flowers or flower buds","123","DOY",NA,"Phenology Network","Year = 2020, 2020 | Site Name = WoodyPuppi Yard | Individual ID = 129697"
"Acer rubrum","First_Yes_DOY Open flowers","116","DOY",NA,"Phenology Network","Year = 2020, 2020 | Site Name = WoodyPuppi Yard | Individual ID = 129697"
"Acer rubrum","Last_Yes_DOY Open flowers","123","DOY",NA,"Phenology Network","Year = 2020, 2020 | Site Name = WoodyPuppi Yard | Individual ID = 129697"
"Quercus alba","First_Yes_DOY Flowers or flower buds","116","DOY",NA,"Phenology Network","Year = 2020, 2020 | Site Name = WoodyPuppi Yard | Individual ID = 131610"
"Quercus alba","Last_Yes_DOY Flowers or flower buds","123","DOY",NA,"Phenology Network","Year = 2020, 2020 | Site Name = WoodyPuppi Yard | Individual ID = 131610"
"Quercus alba","First_Yes_DOY Open flowers","123","DOY",NA,"Phenology Network","Year = 2020, 2020 | Site Name = WoodyPuppi Yard | Individual ID = 131610"
"Quercus alba","Last_Yes_DOY Open flowers","137","DOY",NA,"Phenology Network","Year = 2020, 2020 | Site Name = WoodyPuppi Yard | Individual ID = 131610"
"Acer saccharinum","First_Yes_DOY Flowers or flower buds","97","DOY",NA,"Phenology Network","Year = 2020, 2020 | Site Name = Home | Individual ID = 131730"
"Acer saccharinum","Last_Yes_DOY Flowers or flower buds","122","DOY",NA,"Phenology Network","Year = 2020, 2020 | Site Name = Home | Individual ID = 131730"
"Acer saccharinum","First_Yes_DOY Open flowers","97","DOY",NA,"Phenology Network","Year = 2020, 2020 | Site Name = Home | Individual ID = 131730"
"Acer saccharinum","Last_Yes_DOY Open flowers","122","DOY",NA,"Phenology Network","Year = 2020, 2020 | Site Name = Home | Individual ID = 131730"
"Acer saccharinum","First_Yes_DOY Pollen release (flowers)","102","DOY",NA,"Phenology Network","Year = 2020, 2020 | Site Name = Home | Individual ID = 131730"
"Acer saccharinum","Last_Yes_DOY Pollen release (flowers)","117","DOY",NA,"Phenology Network","Year = 2020, 2020 | Site Name = Home | Individual ID = 131730"
"Quercus alba","First_Yes_DOY Flowers or flower buds","215","DOY",NA,"Phenology Network","Year = 2020, 2020 | Site Name = Oak Collection | Individual ID = 132858"
"Quercus alba","Last_Yes_DOY Flowers or flower buds","215","DOY",NA,"Phenology Network","Year = 2020, 2020 | Site Name = Oak Collection | Individual ID = 132858"
"Acer rubrum","First_Yes_DOY Flowers or flower buds","108","DOY",NA,"Phenology Network","Year = 2020, 2020 | Site Name = Pitcher Pond | Individual ID = 133853"
"Acer rubrum","Last_Yes_DOY Flowers or flower buds","117","DOY",NA,"Phenology Network","Year = 2020, 2020 | Site Name = Pitcher Pond | Individual ID = 133853"
"Acer rubrum","First_Yes_DOY Flowers or flower buds","144","DOY",NA,"Phenology Network","Year = 2020, 2020 | Site Name = Pitcher Pond | Individual ID = 133853"
"Acer rubrum","Last_Yes_DOY Flowers or flower buds","144","DOY",NA,"Phenology Network","Year = 2020, 2020 | Site Name = Pitcher Pond | Individual ID = 133853"
"Acer rubrum","First_Yes_DOY Open flowers","130","DOY",NA,"Phenology Network","Year = 2020, 2020 | Site Name = Pitcher Pond | Individual ID = 133853"
"Acer rubrum","Last_Yes_DOY Open flowers","144","DOY",NA,"Phenology Network","Year = 2020, 2020 | Site Name = Pitcher Pond | Individual ID = 133853"
"Populus balsamifera","First_Yes_DOY Flowers or flower buds","122","DOY",NA,"Phenology Network","Year = 2020, 2020 | Site Name = Home | Individual ID = 134721"
"Populus balsamifera","Last_Yes_DOY Flowers or flower buds","139","DOY",NA,"Phenology Network","Year = 2020, 2020 | Site Name = Home | Individual ID = 134721"
"Populus balsamifera","First_Yes_DOY Open flowers","127","DOY",NA,"Phenology Network","Year = 2020, 2020 | Site Name = Home | Individual ID = 134721"
"Populus balsamifera","Last_Yes_DOY Open flowers","139","DOY",NA,"Phenology Network","Year = 2020, 2020 | Site Name = Home | Individual ID = 134721"
"Populus grandidentata","First_Yes_DOY Flowers or flower buds","102","DOY",NA,"Phenology Network","Year = 2020, 2020 | Site Name = Home | Individual ID = 134722"
"Populus grandidentata","Last_Yes_DOY Flowers or flower buds","127","DOY",NA,"Phenology Network","Year = 2020, 2020 | Site Name = Home | Individual ID = 134722"
"Populus grandidentata","First_Yes_DOY Open flowers","122","DOY",NA,"Phenology Network","Year = 2020, 2020 | Site Name = Home | Individual ID = 134722"
"Populus grandidentata","Last_Yes_DOY Open flowers","127","DOY",NA,"Phenology Network","Year = 2020, 2020 | Site Name = Home | Individual ID = 134722"
"Populus grandidentata","First_Yes_DOY Pollen release (flowers)","122","DOY",NA,"Phenology Network","Year = 2020, 2020 | Site Name = Home | Individual ID = 134722"
"Populus grandidentata","Last_Yes_DOY Pollen release (flowers)","127","DOY",NA,"Phenology Network","Year = 2020, 2020 | Site Name = Home | Individual ID = 134722"
"Populus tremuloides","First_Yes_DOY Flowers or flower buds","118","DOY",NA,"Phenology Network","Year = 2020, 2020 | Site Name = Back Yard | Individual ID = 142365"
"Populus tremuloides","Last_Yes_DOY Flowers or flower buds","138","DOY",NA,"Phenology Network","Year = 2020, 2020 | Site Name = Back Yard | Individual ID = 142365"
"Populus tremuloides","First_Yes_DOY Open flowers","118","DOY",NA,"Phenology Network","Year = 2020, 2020 | Site Name = Back Yard | Individual ID = 142365"
"Populus tremuloides","Last_Yes_DOY Open flowers","151","DOY",NA,"Phenology Network","Year = 2020, 2020 | Site Name = Back Yard | Individual ID = 142365"
"Populus tremuloides","First_Yes_DOY Pollen release (flowers)","151","DOY",NA,"Phenology Network","Year = 2020, 2020 | Site Name = Back Yard | Individual ID = 142365"
"Populus tremuloides","Last_Yes_DOY Pollen release (flowers)","151","DOY",NA,"Phenology Network","Year = 2020, 2020 | Site Name = Back Yard | Individual ID = 142365"
"Acer saccharinum","First_Yes_DOY Flowers or flower buds","118","DOY",NA,"Phenology Network","Year = 2020, 2020 | Site Name = Albany farm | Individual ID = 154889"
"Acer saccharinum","Last_Yes_DOY Flowers or flower buds","118","DOY",NA,"Phenology Network","Year = 2020, 2020 | Site Name = Albany farm | Individual ID = 154889"
"Acer saccharinum","First_Yes_DOY Open flowers","118","DOY",NA,"Phenology Network","Year = 2020, 2020 | Site Name = Albany farm | Individual ID = 154889"
"Acer saccharinum","Last_Yes_DOY Open flowers","118","DOY",NA,"Phenology Network","Year = 2020, 2020 | Site Name = Albany farm | Individual ID = 154889"
"Acer saccharinum","First_Yes_DOY Pollen release (flowers)","118","DOY",NA,"Phenology Network","Year = 2020, 2020 | Site Name = Albany farm | Individual ID = 154889"
"Acer saccharinum","Last_Yes_DOY Pollen release (flowers)","118","DOY",NA,"Phenology Network","Year = 2020, 2020 | Site Name = Albany farm | Individual ID = 154889"
"Acer saccharinum","First_Yes_DOY Flowers or flower buds","93","DOY",NA,"Phenology Network","Year = 2020, 2020 | Site Name = back yard | Individual ID = 163241"
"Acer saccharinum","Last_Yes_DOY Flowers or flower buds","106","DOY",NA,"Phenology Network","Year = 2020, 2020 | Site Name = back yard | Individual ID = 163241"
"Acer saccharinum","First_Yes_DOY Flowers or flower buds","123","DOY",NA,"Phenology Network","Year = 2020, 2020 | Site Name = back yard | Individual ID = 163241"
"Acer saccharinum","Last_Yes_DOY Flowers or flower buds","148","DOY",NA,"Phenology Network","Year = 2020, 2020 | Site Name = back yard | Individual ID = 163241"
"Acer saccharinum","First_Yes_DOY Open flowers","99","DOY",NA,"Phenology Network","Year = 2020, 2020 | Site Name = back yard | Individual ID = 163241"
"Acer saccharinum","Last_Yes_DOY Open flowers","106","DOY",NA,"Phenology Network","Year = 2020, 2020 | Site Name = back yard | Individual ID = 163241"
"Acer saccharinum","First_Yes_DOY Open flowers","123","DOY",NA,"Phenology Network","Year = 2020, 2020 | Site Name = back yard | Individual ID = 163241"
"Acer saccharinum","Last_Yes_DOY Open flowers","123","DOY",NA,"Phenology Network","Year = 2020, 2020 | Site Name = back yard | Individual ID = 163241"
"Acer saccharinum","First_Yes_DOY Open flowers","134","DOY",NA,"Phenology Network","Year = 2020, 2020 | Site Name = back yard | Individual ID = 163241"
"Acer saccharinum","Last_Yes_DOY Open flowers","148","DOY",NA,"Phenology Network","Year = 2020, 2020 | Site Name = back yard | Individual ID = 163241"
"Acer saccharinum","First_Yes_DOY Pollen release (flowers)","106","DOY",NA,"Phenology Network","Year = 2020, 2020 | Site Name = back yard | Individual ID = 163241"
"Acer saccharinum","Last_Yes_DOY Pollen release (flowers)","106","DOY",NA,"Phenology Network","Year = 2020, 2020 | Site Name = back yard | Individual ID = 163241"
"Acer saccharinum","First_Yes_DOY Pollen release (flowers)","123","DOY",NA,"Phenology Network","Year = 2020, 2020 | Site Name = back yard | Individual ID = 163241"
"Acer saccharinum","Last_Yes_DOY Pollen release (flowers)","136","DOY",NA,"Phenology Network","Year = 2020, 2020 | Site Name = back yard | Individual ID = 163241"
"Acer saccharinum","First_Yes_DOY Pollen release (flowers)","148","DOY",NA,"Phenology Network","Year = 2020, 2020 | Site Name = back yard | Individual ID = 163241"
"Acer saccharinum","Last_Yes_DOY Pollen release (flowers)","148","DOY",NA,"Phenology Network","Year = 2020, 2020 | Site Name = back yard | Individual ID = 163241"
"Acer rubrum","First_Yes_DOY Flowers or flower buds","137","DOY",NA,"Phenology Network","Year = 2020, 2020 | Site Name = Cabin yard | Individual ID = 164132"
"Acer rubrum","Last_Yes_DOY Flowers or flower buds","137","DOY",NA,"Phenology Network","Year = 2020, 2020 | Site Name = Cabin yard | Individual ID = 164132"
"Acer rubrum","First_Yes_DOY Open flowers","137","DOY",NA,"Phenology Network","Year = 2020, 2020 | Site Name = Cabin yard | Individual ID = 164132"
"Acer rubrum","Last_Yes_DOY Open flowers","137","DOY",NA,"Phenology Network","Year = 2020, 2020 | Site Name = Cabin yard | Individual ID = 164132"
"Quercus rubra","First_Yes_DOY Flowers or flower buds","142","DOY",NA,"Phenology Network","Year = 2020, 2020 | Site Name = Home | Individual ID = 166352"
"Quercus rubra","Last_Yes_DOY Flowers or flower buds","149","DOY",NA,"Phenology Network","Year = 2020, 2020 | Site Name = Home | Individual ID = 166352"
"Quercus rubra","First_Yes_DOY Open flowers","149","DOY",NA,"Phenology Network","Year = 2020, 2020 | Site Name = Home | Individual ID = 166352"
"Quercus rubra","Last_Yes_DOY Open flowers","149","DOY",NA,"Phenology Network","Year = 2020, 2020 | Site Name = Home | Individual ID = 166352"
"Quercus rubra","First_Yes_DOY Pollen release (flowers)","149","DOY",NA,"Phenology Network","Year = 2020, 2020 | Site Name = Home | Individual ID = 166352"
"Quercus rubra","Last_Yes_DOY Pollen release (flowers)","149","DOY",NA,"Phenology Network","Year = 2020, 2020 | Site Name = Home | Individual ID = 166352"
"Acer rubrum","First_Yes_DOY Flowers or flower buds","119","DOY",NA,"Phenology Network","Year = 2020, 2020 | Site Name = Bemidji township park at Farmers Beach | Individual ID = 174406"
"Acer rubrum","Last_Yes_DOY Flowers or flower buds","120","DOY",NA,"Phenology Network","Year = 2020, 2020 | Site Name = Bemidji township park at Farmers Beach | Individual ID = 174406"
"Acer rubrum","First_Yes_DOY Open flowers","119","DOY",NA,"Phenology Network","Year = 2020, 2020 | Site Name = Bemidji township park at Farmers Beach | Individual ID = 174406"
"Acer rubrum","Last_Yes_DOY Open flowers","120","DOY",NA,"Phenology Network","Year = 2020, 2020 | Site Name = Bemidji township park at Farmers Beach | Individual ID = 174406"
"Acer rubrum","First_Yes_DOY Flowers or flower buds","106","DOY",NA,"Phenology Network","Year = 2020, 2020 | Site Name = Seward School | Individual ID = 176030"
"Acer rubrum","Last_Yes_DOY Flowers or flower buds","120","DOY",NA,"Phenology Network","Year = 2020, 2020 | Site Name = Seward School | Individual ID = 176030"
"Acer rubrum","First_Yes_DOY Open flowers","111","DOY",NA,"Phenology Network","Year = 2020, 2020 | Site Name = Seward School | Individual ID = 176030"
"Acer rubrum","Last_Yes_DOY Open flowers","120","DOY",NA,"Phenology Network","Year = 2020, 2020 | Site Name = Seward School | Individual ID = 176030"
"Acer rubrum","First_Yes_DOY Flowers or flower buds","92","DOY",NA,"Phenology Network","Year = 2020, 2020 | Site Name = Reiman Gardens | Individual ID = 182649"
"Acer rubrum","Last_Yes_DOY Flowers or flower buds","106","DOY",NA,"Phenology Network","Year = 2020, 2020 | Site Name = Reiman Gardens | Individual ID = 182649"
"Acer rubrum","First_Yes_DOY Open flowers","92","DOY",NA,"Phenology Network","Year = 2020, 2020 | Site Name = Reiman Gardens | Individual ID = 182649"
"Acer rubrum","Last_Yes_DOY Open flowers","106","DOY",NA,"Phenology Network","Year = 2020, 2020 | Site Name = Reiman Gardens | Individual ID = 182649"
"Fraxinus pennsylvanica","First_Yes_DOY Flowers or flower buds","139","DOY",NA,"Phenology Network","Year = 2020, 2020 | Site Name = Bagley - Rock Pond Trail | Individual ID = 188654"
"Fraxinus pennsylvanica","Last_Yes_DOY Flowers or flower buds","139","DOY",NA,"Phenology Network","Year = 2020, 2020 | Site Name = Bagley - Rock Pond Trail | Individual ID = 188654"
"Fraxinus pennsylvanica","First_Yes_DOY Flowers or flower buds","144","DOY",NA,"Phenology Network","Year = 2020, 2020 | Site Name = Bagley - Rock Pond Trail | Individual ID = 188654"
"Fraxinus pennsylvanica","Last_Yes_DOY Flowers or flower buds","151","DOY",NA,"Phenology Network","Year = 2020, 2020 | Site Name = Bagley - Rock Pond Trail | Individual ID = 188654"
"Fraxinus pennsylvanica","First_Yes_DOY Flowers or flower buds","175","DOY",NA,"Phenology Network","Year = 2020, 2020 | Site Name = Bagley - Rock Pond Trail | Individual ID = 188654"
"Fraxinus pennsylvanica","Last_Yes_DOY Flowers or flower buds","175","DOY",NA,"Phenology Network","Year = 2020, 2020 | Site Name = Bagley - Rock Pond Trail | Individual ID = 188654"
"Fraxinus pennsylvanica","First_Yes_DOY Open flowers","149","DOY",NA,"Phenology Network","Year = 2020, 2020 | Site Name = Bagley - Rock Pond Trail | Individual ID = 188654"
"Fraxinus pennsylvanica","Last_Yes_DOY Open flowers","151","DOY",NA,"Phenology Network","Year = 2020, 2020 | Site Name = Bagley - Rock Pond Trail | Individual ID = 188654"
"Fraxinus pennsylvanica","First_Yes_DOY Open flowers","175","DOY",NA,"Phenology Network","Year = 2020, 2020 | Site Name = Bagley - Rock Pond Trail | Individual ID = 188654"
"Fraxinus pennsylvanica","Last_Yes_DOY Open flowers","175","DOY",NA,"Phenology Network","Year = 2020, 2020 | Site Name = Bagley - Rock Pond Trail | Individual ID = 188654"
"Fraxinus pennsylvanica","First_Yes_DOY Flowers or flower buds","149","DOY",NA,"Phenology Network","Year = 2020, 2020 | Site Name = Bagley - Rock Pond Trail | Individual ID = 188655"
"Fraxinus pennsylvanica","Last_Yes_DOY Flowers or flower buds","152","DOY",NA,"Phenology Network","Year = 2020, 2020 | Site Name = Bagley - Rock Pond Trail | Individual ID = 188655"
"Fraxinus pennsylvanica","First_Yes_DOY Flowers or flower buds","166","DOY",NA,"Phenology Network","Year = 2020, 2020 | Site Name = Bagley - Rock Pond Trail | Individual ID = 188655"
"Fraxinus pennsylvanica","Last_Yes_DOY Flowers or flower buds","166","DOY",NA,"Phenology Network","Year = 2020, 2020 | Site Name = Bagley - Rock Pond Trail | Individual ID = 188655"
"Fraxinus pennsylvanica","First_Yes_DOY Flowers or flower buds","149","DOY",NA,"Phenology Network","Year = 2020, 2020 | Site Name = Bagley - Rock Pond Trail | Individual ID = 188656"
"Fraxinus pennsylvanica","Last_Yes_DOY Flowers or flower buds","152","DOY",NA,"Phenology Network","Year = 2020, 2020 | Site Name = Bagley - Rock Pond Trail | Individual ID = 188656"
"Fraxinus pennsylvanica","First_Yes_DOY Flowers or flower buds","139","DOY",NA,"Phenology Network","Year = 2020, 2020 | Site Name = Bagley - Rock Pond Trail | Individual ID = 188657"
"Fraxinus pennsylvanica","Last_Yes_DOY Flowers or flower buds","149","DOY",NA,"Phenology Network","Year = 2020, 2020 | Site Name = Bagley - Rock Pond Trail | Individual ID = 188657"
"Fraxinus pennsylvanica","First_Yes_DOY Flowers or flower buds","156","DOY",NA,"Phenology Network","Year = 2020, 2020 | Site Name = Bagley - Rock Pond Trail | Individual ID = 188657"
"Fraxinus pennsylvanica","Last_Yes_DOY Flowers or flower buds","156","DOY",NA,"Phenology Network","Year = 2020, 2020 | Site Name = Bagley - Rock Pond Trail | Individual ID = 188657"
"Fraxinus pennsylvanica","First_Yes_DOY Flowers or flower buds","166","DOY",NA,"Phenology Network","Year = 2020, 2020 | Site Name = Bagley - Rock Pond Trail | Individual ID = 188657"
"Fraxinus pennsylvanica","Last_Yes_DOY Flowers or flower buds","166","DOY",NA,"Phenology Network","Year = 2020, 2020 | Site Name = Bagley - Rock Pond Trail | Individual ID = 188657"
"Fraxinus pennsylvanica","First_Yes_DOY Open flowers","149","DOY",NA,"Phenology Network","Year = 2020, 2020 | Site Name = Bagley - Rock Pond Trail | Individual ID = 188657"
"Fraxinus pennsylvanica","Last_Yes_DOY Open flowers","149","DOY",NA,"Phenology Network","Year = 2020, 2020 | Site Name = Bagley - Rock Pond Trail | Individual ID = 188657"
"Fraxinus pennsylvanica","First_Yes_DOY Open flowers","156","DOY",NA,"Phenology Network","Year = 2020, 2020 | Site Name = Bagley - Rock Pond Trail | Individual ID = 188657"
"Fraxinus pennsylvanica","Last_Yes_DOY Open flowers","156","DOY",NA,"Phenology Network","Year = 2020, 2020 | Site Name = Bagley - Rock Pond Trail | Individual ID = 188657"
"Fraxinus pennsylvanica","First_Yes_DOY Flowers or flower buds","138","DOY",NA,"Phenology Network","Year = 2020, 2020 | Site Name = Boulder Lake - Bear Paw Trail | Individual ID = 188669"
"Fraxinus pennsylvanica","Last_Yes_DOY Flowers or flower buds","142","DOY",NA,"Phenology Network","Year = 2020, 2020 | Site Name = Boulder Lake - Bear Paw Trail | Individual ID = 188669"
"Fraxinus pennsylvanica","First_Yes_DOY Flowers or flower buds","138","DOY",NA,"Phenology Network","Year = 2020, 2020 | Site Name = Boulder Lake - Bear Paw Trail | Individual ID = 188671"
"Fraxinus pennsylvanica","Last_Yes_DOY Flowers or flower buds","142","DOY",NA,"Phenology Network","Year = 2020, 2020 | Site Name = Boulder Lake - Bear Paw Trail | Individual ID = 188671"
"Fraxinus pennsylvanica","First_Yes_DOY Flowers or flower buds","148","DOY",NA,"Phenology Network","Year = 2020, 2020 | Site Name = Boulder Lake - Bear Paw Trail | Individual ID = 188671"
"Fraxinus pennsylvanica","Last_Yes_DOY Flowers or flower buds","157","DOY",NA,"Phenology Network","Year = 2020, 2020 | Site Name = Boulder Lake - Bear Paw Trail | Individual ID = 188671"
"Fraxinus pennsylvanica","First_Yes_DOY Flowers or flower buds","138","DOY",NA,"Phenology Network","Year = 2020, 2020 | Site Name = Lake Walk | Individual ID = 190212"
"Fraxinus pennsylvanica","Last_Yes_DOY Flowers or flower buds","138","DOY",NA,"Phenology Network","Year = 2020, 2020 | Site Name = Lake Walk | Individual ID = 190212"
"Fraxinus pennsylvanica","First_Yes_DOY Flowers or flower buds","146","DOY",NA,"Phenology Network","Year = 2020, 2020 | Site Name = Lake Walk | Individual ID = 190212"
"Fraxinus pennsylvanica","Last_Yes_DOY Flowers or flower buds","152","DOY",NA,"Phenology Network","Year = 2020, 2020 | Site Name = Lake Walk | Individual ID = 190212"
"Fraxinus pennsylvanica","First_Yes_DOY Open flowers","152","DOY",NA,"Phenology Network","Year = 2020, 2020 | Site Name = Lake Walk | Individual ID = 190212"
"Fraxinus pennsylvanica","Last_Yes_DOY Open flowers","152","DOY",NA,"Phenology Network","Year = 2020, 2020 | Site Name = Lake Walk | Individual ID = 190212"
"Fraxinus pennsylvanica","First_Yes_DOY Flowers or flower buds","144","DOY",NA,"Phenology Network","Year = 2020, 2020 | Site Name = Lake Walk | Individual ID = 190213"
"Fraxinus pennsylvanica","Last_Yes_DOY Flowers or flower buds","146","DOY",NA,"Phenology Network","Year = 2020, 2020 | Site Name = Lake Walk | Individual ID = 190213"
"Fraxinus pennsylvanica","First_Yes_DOY Flowers or flower buds","146","DOY",NA,"Phenology Network","Year = 2020, 2020 | Site Name = Lake Walk | Individual ID = 195116"
"Fraxinus pennsylvanica","Last_Yes_DOY Flowers or flower buds","180","DOY",NA,"Phenology Network","Year = 2020, 2020 | Site Name = Lake Walk | Individual ID = 195116"
"Fraxinus pennsylvanica","First_Yes_DOY Open flowers","146","DOY",NA,"Phenology Network","Year = 2020, 2020 | Site Name = Lake Walk | Individual ID = 195116"
"Fraxinus pennsylvanica","Last_Yes_DOY Open flowers","158","DOY",NA,"Phenology Network","Year = 2020, 2020 | Site Name = Lake Walk | Individual ID = 195116"
"Fraxinus pennsylvanica","First_Yes_DOY Open flowers","180","DOY",NA,"Phenology Network","Year = 2020, 2020 | Site Name = Lake Walk | Individual ID = 195116"
"Fraxinus pennsylvanica","Last_Yes_DOY Open flowers","180","DOY",NA,"Phenology Network","Year = 2020, 2020 | Site Name = Lake Walk | Individual ID = 195116"
"Fraxinus pennsylvanica","First_Yes_DOY Pollen release (flowers)","152","DOY",NA,"Phenology Network","Year = 2020, 2020 | Site Name = Lake Walk | Individual ID = 195116"
"Fraxinus pennsylvanica","Last_Yes_DOY Pollen release (flowers)","152","DOY",NA,"Phenology Network","Year = 2020, 2020 | Site Name = Lake Walk | Individual ID = 195116"
"Fraxinus pennsylvanica","First_Yes_DOY Flowers or flower buds","138","DOY",NA,"Phenology Network","Year = 2020, 2020 | Site Name = Lake Walk | Individual ID = 195810"
"Fraxinus pennsylvanica","Last_Yes_DOY Flowers or flower buds","138","DOY",NA,"Phenology Network","Year = 2020, 2020 | Site Name = Lake Walk | Individual ID = 195810"
"Fraxinus pennsylvanica","First_Yes_DOY Flowers or flower buds","146","DOY",NA,"Phenology Network","Year = 2020, 2020 | Site Name = Lake Walk | Individual ID = 195810"
"Fraxinus pennsylvanica","Last_Yes_DOY Flowers or flower buds","146","DOY",NA,"Phenology Network","Year = 2020, 2020 | Site Name = Lake Walk | Individual ID = 195810"
"Fraxinus pennsylvanica","First_Yes_DOY Flowers or flower buds","158","DOY",NA,"Phenology Network","Year = 2020, 2020 | Site Name = Lake Walk | Individual ID = 195810"
"Fraxinus pennsylvanica","Last_Yes_DOY Flowers or flower buds","158","DOY",NA,"Phenology Network","Year = 2020, 2020 | Site Name = Lake Walk | Individual ID = 195810"
"Fraxinus pennsylvanica","First_Yes_DOY Flowers or flower buds","172","DOY",NA,"Phenology Network","Year = 2020, 2020 | Site Name = Lake Walk | Individual ID = 195810"
"Fraxinus pennsylvanica","Last_Yes_DOY Flowers or flower buds","172","DOY",NA,"Phenology Network","Year = 2020, 2020 | Site Name = Lake Walk | Individual ID = 195810"
"Fraxinus pennsylvanica","First_Yes_DOY Open flowers","158","DOY",NA,"Phenology Network","Year = 2020, 2020 | Site Name = Lake Walk | Individual ID = 195810"
"Fraxinus pennsylvanica","Last_Yes_DOY Open flowers","158","DOY",NA,"Phenology Network","Year = 2020, 2020 | Site Name = Lake Walk | Individual ID = 195810"
"Fraxinus pennsylvanica","First_Yes_DOY Open flowers","172","DOY",NA,"Phenology Network","Year = 2020, 2020 | Site Name = Lake Walk | Individual ID = 195810"
"Fraxinus pennsylvanica","Last_Yes_DOY Open flowers","172","DOY",NA,"Phenology Network","Year = 2020, 2020 | Site Name = Lake Walk | Individual ID = 195810"
"Fraxinus pennsylvanica","First_Yes_DOY Pollen release (flowers)","158","DOY",NA,"Phenology Network","Year = 2020, 2020 | Site Name = Lake Walk | Individual ID = 195810"
"Fraxinus pennsylvanica","Last_Yes_DOY Pollen release (flowers)","158","DOY",NA,"Phenology Network","Year = 2020, 2020 | Site Name = Lake Walk | Individual ID = 195810"
"Fraxinus pennsylvanica","First_Yes_DOY Pollen release (flowers)","172","DOY",NA,"Phenology Network","Year = 2020, 2020 | Site Name = Lake Walk | Individual ID = 195810"
"Fraxinus pennsylvanica","Last_Yes_DOY Pollen release (flowers)","172","DOY",NA,"Phenology Network","Year = 2020, 2020 | Site Name = Lake Walk | Individual ID = 195810"
"Acer negundo","First_Yes_DOY Flowers or flower buds","119","DOY",NA,"Phenology Network","Year = 2020, 2020 | Site Name = Bemidji township park at Farmers Beach | Individual ID = 199326"
"Acer negundo","Last_Yes_DOY Flowers or flower buds","120","DOY",NA,"Phenology Network","Year = 2020, 2020 | Site Name = Bemidji township park at Farmers Beach | Individual ID = 199326"
"Acer saccharinum","First_Yes_DOY Flowers or flower buds","119","DOY",NA,"Phenology Network","Year = 2020, 2020 | Site Name = Bemidji township park at Farmers Beach | Individual ID = 199328"
"Acer saccharinum","Last_Yes_DOY Flowers or flower buds","120","DOY",NA,"Phenology Network","Year = 2020, 2020 | Site Name = Bemidji township park at Farmers Beach | Individual ID = 199328"
"Populus tremuloides","First_Yes_DOY Pollen release (flowers)","157","DOY",NA,"Phenology Network","Year = 2020, 2020 | Site Name = Phenology Walk | Individual ID = 199402"
"Populus tremuloides","Last_Yes_DOY Pollen release (flowers)","169","DOY",NA,"Phenology Network","Year = 2020, 2020 | Site Name = Phenology Walk | Individual ID = 199402"
"Quercus velutina","First_Yes_DOY Flowers or flower buds","113","DOY",NA,"Phenology Network","Year = 2020, 2020 | Site Name = Austin Farm East Side Pond and Woods | Individual ID = 200303"
"Quercus velutina","Last_Yes_DOY Flowers or flower buds","113","DOY",NA,"Phenology Network","Year = 2020, 2020 | Site Name = Austin Farm East Side Pond and Woods | Individual ID = 200303"
"Quercus velutina","First_Yes_DOY Open flowers","113","DOY",NA,"Phenology Network","Year = 2020, 2020 | Site Name = Austin Farm East Side Pond and Woods | Individual ID = 200303"
"Quercus velutina","Last_Yes_DOY Open flowers","113","DOY",NA,"Phenology Network","Year = 2020, 2020 | Site Name = Austin Farm East Side Pond and Woods | Individual ID = 200303"
"Carya ovata","First_Yes_DOY Flowers or flower buds","113","DOY",NA,"Phenology Network","Year = 2020, 2020 | Site Name = Austin Farm East Side Pond and Woods | Individual ID = 200304"
"Carya ovata","Last_Yes_DOY Flowers or flower buds","127","DOY",NA,"Phenology Network","Year = 2020, 2020 | Site Name = Austin Farm East Side Pond and Woods | Individual ID = 200304"
"Carya ovata","First_Yes_DOY Flowers or flower buds","175","DOY",NA,"Phenology Network","Year = 2020, 2020 | Site Name = Austin Farm East Side Pond and Woods | Individual ID = 200304"
"Carya ovata","Last_Yes_DOY Flowers or flower buds","175","DOY",NA,"Phenology Network","Year = 2020, 2020 | Site Name = Austin Farm East Side Pond and Woods | Individual ID = 200304"
"Carya ovata","First_Yes_DOY Open flowers","127","DOY",NA,"Phenology Network","Year = 2020, 2020 | Site Name = Austin Farm East Side Pond and Woods | Individual ID = 200304"
"Carya ovata","Last_Yes_DOY Open flowers","127","DOY",NA,"Phenology Network","Year = 2020, 2020 | Site Name = Austin Farm East Side Pond and Woods | Individual ID = 200304"
"Populus deltoides","First_Yes_DOY Flowers or flower buds","98","DOY",NA,"Phenology Network","Year = 2020, 2020 | Site Name = Wood Lake Nature Center | Individual ID = 219596"
"Populus deltoides","Last_Yes_DOY Flowers or flower buds","113","DOY",NA,"Phenology Network","Year = 2020, 2020 | Site Name = Wood Lake Nature Center | Individual ID = 219596"
"Populus deltoides","First_Yes_DOY Open flowers","113","DOY",NA,"Phenology Network","Year = 2020, 2020 | Site Name = Wood Lake Nature Center | Individual ID = 219596"
"Populus deltoides","Last_Yes_DOY Open flowers","118","DOY",NA,"Phenology Network","Year = 2020, 2020 | Site Name = Wood Lake Nature Center | Individual ID = 219596"
"Acer saccharinum","First_Yes_DOY Flowers or flower buds","85","DOY",NA,"Phenology Network","Year = 2020, 2020 | Site Name = Julow Farm | Individual ID = 229018"
"Acer saccharinum","Last_Yes_DOY Flowers or flower buds","85","DOY",NA,"Phenology Network","Year = 2020, 2020 | Site Name = Julow Farm | Individual ID = 229018"
"Acer saccharinum","First_Yes_DOY Open flowers","85","DOY",NA,"Phenology Network","Year = 2020, 2020 | Site Name = Julow Farm | Individual ID = 229018"
"Acer saccharinum","Last_Yes_DOY Open flowers","85","DOY",NA,"Phenology Network","Year = 2020, 2020 | Site Name = Julow Farm | Individual ID = 229018"
"Acer saccharinum","First_Yes_DOY Flowers or flower buds","105","DOY",NA,"Phenology Network","Year = 2020, 2020 | Site Name = WMU tree stations (7) | Individual ID = 230738"
"Acer saccharinum","Last_Yes_DOY Flowers or flower buds","108","DOY",NA,"Phenology Network","Year = 2020, 2020 | Site Name = WMU tree stations (7) | Individual ID = 230738"
"Quercus rubra","First_Yes_DOY Flowers or flower buds","128","DOY",NA,"Phenology Network","Year = 2020, 2020 | Site Name = High Marq Campus | Individual ID = 231268"
"Quercus rubra","Last_Yes_DOY Flowers or flower buds","128","DOY",NA,"Phenology Network","Year = 2020, 2020 | Site Name = High Marq Campus | Individual ID = 231268"
"Quercus rubra","First_Yes_DOY Open flowers","128","DOY",NA,"Phenology Network","Year = 2020, 2020 | Site Name = High Marq Campus | Individual ID = 231268"
"Quercus rubra","Last_Yes_DOY Open flowers","128","DOY",NA,"Phenology Network","Year = 2020, 2020 | Site Name = High Marq Campus | Individual ID = 231268"
"Acer rubrum","First_Yes_DOY Flowers or flower buds","84","DOY",NA,"Phenology Network","Year = 2020, 2020 | Site Name = Wood Lake Nature Center | Individual ID = 232095"
"Acer rubrum","Last_Yes_DOY Flowers or flower buds","98","DOY",NA,"Phenology Network","Year = 2020, 2020 | Site Name = Wood Lake Nature Center | Individual ID = 232095"
"Acer rubrum","First_Yes_DOY Open flowers","98","DOY",NA,"Phenology Network","Year = 2020, 2020 | Site Name = Wood Lake Nature Center | Individual ID = 232095"
"Acer rubrum","Last_Yes_DOY Open flowers","118","DOY",NA,"Phenology Network","Year = 2020, 2020 | Site Name = Wood Lake Nature Center | Individual ID = 232095"
"Acer rubrum","First_Yes_DOY Flowers or flower buds","84","DOY",NA,"Phenology Network","Year = 2020, 2020 | Site Name = Wood Lake Nature Center | Individual ID = 232096"
"Acer rubrum","Last_Yes_DOY Flowers or flower buds","98","DOY",NA,"Phenology Network","Year = 2020, 2020 | Site Name = Wood Lake Nature Center | Individual ID = 232096"
"Acer rubrum","First_Yes_DOY Open flowers","98","DOY",NA,"Phenology Network","Year = 2020, 2020 | Site Name = Wood Lake Nature Center | Individual ID = 232096"
"Acer rubrum","Last_Yes_DOY Open flowers","113","DOY",NA,"Phenology Network","Year = 2020, 2020 | Site Name = Wood Lake Nature Center | Individual ID = 232096"
"Quercus alba","First_Yes_DOY Flowers or flower buds","134","DOY",NA,"Phenology Network","Year = 2020, 2020 | Site Name = My backyard | Individual ID = 233598"
"Quercus alba","Last_Yes_DOY Flowers or flower buds","156","DOY",NA,"Phenology Network","Year = 2020, 2020 | Site Name = My backyard | Individual ID = 233598"
"Quercus alba","First_Yes_DOY Open flowers","141","DOY",NA,"Phenology Network","Year = 2020, 2020 | Site Name = My backyard | Individual ID = 233598"
"Quercus alba","Last_Yes_DOY Open flowers","156","DOY",NA,"Phenology Network","Year = 2020, 2020 | Site Name = My backyard | Individual ID = 233598"
"Quercus alba","First_Yes_DOY Pollen release (flowers)","149","DOY",NA,"Phenology Network","Year = 2020, 2020 | Site Name = My backyard | Individual ID = 233598"
"Quercus alba","Last_Yes_DOY Pollen release (flowers)","156","DOY",NA,"Phenology Network","Year = 2020, 2020 | Site Name = My backyard | Individual ID = 233598"
"Quercus rubra","First_Yes_DOY Flowers or flower buds","122","DOY",NA,"Phenology Network","Year = 2020, 2020 | Site Name = My backyard | Individual ID = 233710"
"Quercus rubra","Last_Yes_DOY Flowers or flower buds","156","DOY",NA,"Phenology Network","Year = 2020, 2020 | Site Name = My backyard | Individual ID = 233710"
"Quercus rubra","First_Yes_DOY Open flowers","122","DOY",NA,"Phenology Network","Year = 2020, 2020 | Site Name = My backyard | Individual ID = 233710"
"Quercus rubra","Last_Yes_DOY Open flowers","156","DOY",NA,"Phenology Network","Year = 2020, 2020 | Site Name = My backyard | Individual ID = 233710"
"Acer rubrum","First_Yes_DOY Flowers or flower buds","93","DOY",NA,"Phenology Network","Year = 2020, 2020 | Site Name = KendallWald | Individual ID = 234020"
"Acer rubrum","Last_Yes_DOY Flowers or flower buds","124","DOY",NA,"Phenology Network","Year = 2020, 2020 | Site Name = KendallWald | Individual ID = 234020"
"Acer rubrum","First_Yes_DOY Open flowers","94","DOY",NA,"Phenology Network","Year = 2020, 2020 | Site Name = KendallWald | Individual ID = 234020"
"Acer rubrum","Last_Yes_DOY Open flowers","124","DOY",NA,"Phenology Network","Year = 2020, 2020 | Site Name = KendallWald | Individual ID = 234020"
"Acer rubrum","First_Yes_DOY Pollen release (flowers)","122","DOY",NA,"Phenology Network","Year = 2020, 2020 | Site Name = KendallWald | Individual ID = 234020"
"Acer rubrum","Last_Yes_DOY Pollen release (flowers)","124","DOY",NA,"Phenology Network","Year = 2020, 2020 | Site Name = KendallWald | Individual ID = 234020"
"Acer rubrum","First_Yes_DOY Flowers or flower buds","103","DOY",NA,"Phenology Network","Year = 2020, 2020 | Site Name = Moms house | Individual ID = 234051"
"Acer rubrum","Last_Yes_DOY Flowers or flower buds","103","DOY",NA,"Phenology Network","Year = 2020, 2020 | Site Name = Moms house | Individual ID = 234051"
"Acer rubrum","First_Yes_DOY Flowers or flower buds","93","DOY",NA,"Phenology Network","Year = 2020, 2020 | Site Name = Doms Tree | Individual ID = 234053"
"Acer rubrum","Last_Yes_DOY Flowers or flower buds","93","DOY",NA,"Phenology Network","Year = 2020, 2020 | Site Name = Doms Tree | Individual ID = 234053"
"Acer saccharinum","First_Yes_DOY Flowers or flower buds","104","DOY",NA,"Phenology Network","Year = 2020, 2020 | Site Name = Home-IL | Individual ID = 234994"
"Acer saccharinum","Last_Yes_DOY Flowers or flower buds","119","DOY",NA,"Phenology Network","Year = 2020, 2020 | Site Name = Home-IL | Individual ID = 234994"
"Acer saccharinum","First_Yes_DOY Open flowers","119","DOY",NA,"Phenology Network","Year = 2020, 2020 | Site Name = Home-IL | Individual ID = 234994"
"Acer saccharinum","Last_Yes_DOY Open flowers","119","DOY",NA,"Phenology Network","Year = 2020, 2020 | Site Name = Home-IL | Individual ID = 234994"
"Acer rubrum","First_Yes_DOY Flowers or flower buds","99","DOY",NA,"Phenology Network","Year = 2020, 2020 | Site Name = Brendon's Phenology trail | Individual ID = 235107"
"Acer rubrum","Last_Yes_DOY Flowers or flower buds","99","DOY",NA,"Phenology Network","Year = 2020, 2020 | Site Name = Brendon's Phenology trail | Individual ID = 235107"
"Acer rubrum","First_Yes_DOY Open flowers","99","DOY",NA,"Phenology Network","Year = 2020, 2020 | Site Name = Brendon's Phenology trail | Individual ID = 235107"
"Acer rubrum","Last_Yes_DOY Open flowers","99","DOY",NA,"Phenology Network","Year = 2020, 2020 | Site Name = Brendon's Phenology trail | Individual ID = 235107"
"Acer rubrum","First_Yes_DOY Flowers or flower buds","99","DOY",NA,"Phenology Network","Year = 2020, 2020 | Site Name = Brendon's Phenology trail | Individual ID = 235108"
"Acer rubrum","Last_Yes_DOY Flowers or flower buds","99","DOY",NA,"Phenology Network","Year = 2020, 2020 | Site Name = Brendon's Phenology trail | Individual ID = 235108"
"Acer rubrum","First_Yes_DOY Open flowers","99","DOY",NA,"Phenology Network","Year = 2020, 2020 | Site Name = Brendon's Phenology trail | Individual ID = 235108"
"Acer rubrum","Last_Yes_DOY Open flowers","99","DOY",NA,"Phenology Network","Year = 2020, 2020 | Site Name = Brendon's Phenology trail | Individual ID = 235108"
"Acer rubrum","First_Yes_DOY Flowers or flower buds","98","DOY",NA,"Phenology Network","Year = 2020, 2020 | Site Name = Brendon's Phenology Trail | Individual ID = 235119"
"Acer rubrum","Last_Yes_DOY Flowers or flower buds","118","DOY",NA,"Phenology Network","Year = 2020, 2020 | Site Name = Brendon's Phenology Trail | Individual ID = 235119"
"Acer rubrum","First_Yes_DOY Open flowers","98","DOY",NA,"Phenology Network","Year = 2020, 2020 | Site Name = Brendon's Phenology Trail | Individual ID = 235119"
"Acer rubrum","Last_Yes_DOY Open flowers","118","DOY",NA,"Phenology Network","Year = 2020, 2020 | Site Name = Brendon's Phenology Trail | Individual ID = 235119"
"Acer rubrum","First_Yes_DOY Pollen release (flowers)","112","DOY",NA,"Phenology Network","Year = 2020, 2020 | Site Name = Brendon's Phenology Trail | Individual ID = 235119"
"Acer rubrum","Last_Yes_DOY Pollen release (flowers)","112","DOY",NA,"Phenology Network","Year = 2020, 2020 | Site Name = Brendon's Phenology Trail | Individual ID = 235119"
"Acer rubrum","First_Yes_DOY Flowers or flower buds","98","DOY",NA,"Phenology Network","Year = 2020, 2020 | Site Name = Brendon's Phenology Trail | Individual ID = 235120"
"Acer rubrum","Last_Yes_DOY Flowers or flower buds","118","DOY",NA,"Phenology Network","Year = 2020, 2020 | Site Name = Brendon's Phenology Trail | Individual ID = 235120"
"Acer rubrum","First_Yes_DOY Open flowers","98","DOY",NA,"Phenology Network","Year = 2020, 2020 | Site Name = Brendon's Phenology Trail | Individual ID = 235120"
"Acer rubrum","Last_Yes_DOY Open flowers","118","DOY",NA,"Phenology Network","Year = 2020, 2020 | Site Name = Brendon's Phenology Trail | Individual ID = 235120"
"Acer rubrum","First_Yes_DOY Flowers or flower buds","100","DOY",NA,"Phenology Network","Year = 2020, 2020 | Site Name = Brendon's Trail | Individual ID = 235449"
"Acer rubrum","Last_Yes_DOY Flowers or flower buds","100","DOY",NA,"Phenology Network","Year = 2020, 2020 | Site Name = Brendon's Trail | Individual ID = 235449"
"Acer rubrum","First_Yes_DOY Open flowers","100","DOY",NA,"Phenology Network","Year = 2020, 2020 | Site Name = Brendon's Trail | Individual ID = 235449"
"Acer rubrum","Last_Yes_DOY Open flowers","100","DOY",NA,"Phenology Network","Year = 2020, 2020 | Site Name = Brendon's Trail | Individual ID = 235449"
"Acer rubrum","First_Yes_DOY Flowers or flower buds","100","DOY",NA,"Phenology Network","Year = 2020, 2020 | Site Name = Brendon's Trail | Individual ID = 235450"
"Acer rubrum","Last_Yes_DOY Flowers or flower buds","100","DOY",NA,"Phenology Network","Year = 2020, 2020 | Site Name = Brendon's Trail | Individual ID = 235450"
"Acer rubrum","First_Yes_DOY Open flowers","100","DOY",NA,"Phenology Network","Year = 2020, 2020 | Site Name = Brendon's Trail | Individual ID = 235450"
"Acer rubrum","Last_Yes_DOY Open flowers","100","DOY",NA,"Phenology Network","Year = 2020, 2020 | Site Name = Brendon's Trail | Individual ID = 235450"
"Acer rubrum","First_Yes_DOY Flowers or flower buds","101","DOY",NA,"Phenology Network","Year = 2020, 2020 | Site Name = Randy's Home | Individual ID = 235460"
"Acer rubrum","Last_Yes_DOY Flowers or flower buds","143","DOY",NA,"Phenology Network","Year = 2020, 2020 | Site Name = Randy's Home | Individual ID = 235460"
"Acer rubrum","First_Yes_DOY Open flowers","109","DOY",NA,"Phenology Network","Year = 2020, 2020 | Site Name = Randy's Home | Individual ID = 235460"
"Acer rubrum","Last_Yes_DOY Open flowers","143","DOY",NA,"Phenology Network","Year = 2020, 2020 | Site Name = Randy's Home | Individual ID = 235460"
"Acer rubrum","First_Yes_DOY Flowers or flower buds","101","DOY",NA,"Phenology Network","Year = 2020, 2020 | Site Name = Randy's Home | Individual ID = 235462"
"Acer rubrum","Last_Yes_DOY Flowers or flower buds","109","DOY",NA,"Phenology Network","Year = 2020, 2020 | Site Name = Randy's Home | Individual ID = 235462"
"Acer rubrum","First_Yes_DOY Flowers or flower buds","107","DOY",NA,"Phenology Network","Year = 2020, 2020 | Site Name = Robins Trail | Individual ID = 235466"
"Acer rubrum","Last_Yes_DOY Flowers or flower buds","117","DOY",NA,"Phenology Network","Year = 2020, 2020 | Site Name = Robins Trail | Individual ID = 235466"
"Acer rubrum","First_Yes_DOY Pollen release (flowers)","124","DOY",NA,"Phenology Network","Year = 2020, 2020 | Site Name = Robins Trail | Individual ID = 235466"
"Acer rubrum","Last_Yes_DOY Pollen release (flowers)","124","DOY",NA,"Phenology Network","Year = 2020, 2020 | Site Name = Robins Trail | Individual ID = 235466"
"Acer rubrum","First_Yes_DOY Flowers or flower buds","107","DOY",NA,"Phenology Network","Year = 2020, 2020 | Site Name = Robins Trail | Individual ID = 235467"
"Acer rubrum","Last_Yes_DOY Flowers or flower buds","117","DOY",NA,"Phenology Network","Year = 2020, 2020 | Site Name = Robins Trail | Individual ID = 235467"
"Acer rubrum","First_Yes_DOY Open flowers","117","DOY",NA,"Phenology Network","Year = 2020, 2020 | Site Name = Robins Trail | Individual ID = 235467"
"Acer rubrum","Last_Yes_DOY Open flowers","117","DOY",NA,"Phenology Network","Year = 2020, 2020 | Site Name = Robins Trail | Individual ID = 235467"
"Acer rubrum","First_Yes_DOY Flowers or flower buds","107","DOY",NA,"Phenology Network","Year = 2020, 2020 | Site Name = Robins Trail | Individual ID = 235468"
"Acer rubrum","Last_Yes_DOY Flowers or flower buds","124","DOY",NA,"Phenology Network","Year = 2020, 2020 | Site Name = Robins Trail | Individual ID = 235468"
"Acer rubrum","First_Yes_DOY Pollen release (flowers)","124","DOY",NA,"Phenology Network","Year = 2020, 2020 | Site Name = Robins Trail | Individual ID = 235468"
"Acer rubrum","Last_Yes_DOY Pollen release (flowers)","124","DOY",NA,"Phenology Network","Year = 2020, 2020 | Site Name = Robins Trail | Individual ID = 235468"
"Fraxinus americana","First_Yes_DOY Flowers or flower buds","84","DOY",NA,"Phenology Network","Year = 2020, 2020 | Site Name = Home | Individual ID = 235470"
"Fraxinus americana","Last_Yes_DOY Flowers or flower buds","101","DOY",NA,"Phenology Network","Year = 2020, 2020 | Site Name = Home | Individual ID = 235470"
"Fraxinus americana","First_Yes_DOY Open flowers","91","DOY",NA,"Phenology Network","Year = 2020, 2020 | Site Name = Home | Individual ID = 235470"
"Fraxinus americana","Last_Yes_DOY Open flowers","101","DOY",NA,"Phenology Network","Year = 2020, 2020 | Site Name = Home | Individual ID = 235470"
"Acer rubrum","First_Yes_DOY Flowers or flower buds","90","DOY",NA,"Phenology Network","Year = 2020, 2020 | Site Name = Home-backyard | Individual ID = 235787"
"Acer rubrum","Last_Yes_DOY Flowers or flower buds","100","DOY",NA,"Phenology Network","Year = 2020, 2020 | Site Name = Home-backyard | Individual ID = 235787"
"Quercus alba","First_Yes_DOY Flowers or flower buds","123","DOY",NA,"Phenology Network","Year = 2020, 2020 | Site Name = Leroy Home | Individual ID = 235867"
"Quercus alba","Last_Yes_DOY Flowers or flower buds","139","DOY",NA,"Phenology Network","Year = 2020, 2020 | Site Name = Leroy Home | Individual ID = 235867"
"Quercus alba","First_Yes_DOY Open flowers","139","DOY",NA,"Phenology Network","Year = 2020, 2020 | Site Name = Leroy Home | Individual ID = 235867"
"Quercus alba","Last_Yes_DOY Open flowers","139","DOY",NA,"Phenology Network","Year = 2020, 2020 | Site Name = Leroy Home | Individual ID = 235867"
"Quercus alba","First_Yes_DOY Pollen release (flowers)","139","DOY",NA,"Phenology Network","Year = 2020, 2020 | Site Name = Leroy Home | Individual ID = 235867"
"Quercus alba","Last_Yes_DOY Pollen release (flowers)","139","DOY",NA,"Phenology Network","Year = 2020, 2020 | Site Name = Leroy Home | Individual ID = 235867"
"Quercus rubra","First_Yes_DOY Flowers or flower buds","123","DOY",NA,"Phenology Network","Year = 2020, 2020 | Site Name = Leroy Home | Individual ID = 235868"
"Quercus rubra","Last_Yes_DOY Flowers or flower buds","123","DOY",NA,"Phenology Network","Year = 2020, 2020 | Site Name = Leroy Home | Individual ID = 235868"
"Quercus rubra","First_Yes_DOY Open flowers","139","DOY",NA,"Phenology Network","Year = 2020, 2020 | Site Name = Leroy Home | Individual ID = 235868"
"Quercus rubra","Last_Yes_DOY Open flowers","139","DOY",NA,"Phenology Network","Year = 2020, 2020 | Site Name = Leroy Home | Individual ID = 235868"
"Quercus rubra","First_Yes_DOY Pollen release (flowers)","139","DOY",NA,"Phenology Network","Year = 2020, 2020 | Site Name = Leroy Home | Individual ID = 235868"
"Quercus rubra","Last_Yes_DOY Pollen release (flowers)","139","DOY",NA,"Phenology Network","Year = 2020, 2020 | Site Name = Leroy Home | Individual ID = 235868"
"Fraxinus pennsylvanica","First_Yes_DOY Flowers or flower buds","148","DOY",NA,"Phenology Network","Year = 2020, 2020 | Site Name = Boulder Lake - Island Trail | Individual ID = 238154"
"Fraxinus pennsylvanica","Last_Yes_DOY Flowers or flower buds","148","DOY",NA,"Phenology Network","Year = 2020, 2020 | Site Name = Boulder Lake - Island Trail | Individual ID = 238154"
"Fraxinus pennsylvanica","First_Yes_DOY Flowers or flower buds","157","DOY",NA,"Phenology Network","Year = 2020, 2020 | Site Name = Boulder Lake - Island Trail | Individual ID = 238154"
"Fraxinus pennsylvanica","Last_Yes_DOY Flowers or flower buds","157","DOY",NA,"Phenology Network","Year = 2020, 2020 | Site Name = Boulder Lake - Island Trail | Individual ID = 238154"
"Fraxinus pennsylvanica","First_Yes_DOY Open flowers","184","DOY",NA,"Phenology Network","Year = 2020, 2020 | Site Name = Boulder Lake - Island Trail | Individual ID = 238154"
"Fraxinus pennsylvanica","Last_Yes_DOY Open flowers","184","DOY",NA,"Phenology Network","Year = 2020, 2020 | Site Name = Boulder Lake - Island Trail | Individual ID = 238154"
"Fraxinus pennsylvanica","First_Yes_DOY Flowers or flower buds","142","DOY",NA,"Phenology Network","Year = 2020, 2020 | Site Name = Boulder Lake - Island Trail | Individual ID = 238155"
"Fraxinus pennsylvanica","Last_Yes_DOY Flowers or flower buds","152","DOY",NA,"Phenology Network","Year = 2020, 2020 | Site Name = Boulder Lake - Island Trail | Individual ID = 238155"
"Fraxinus pennsylvanica","First_Yes_DOY Flowers or flower buds","157","DOY",NA,"Phenology Network","Year = 2020, 2020 | Site Name = Boulder Lake - Island Trail | Individual ID = 238155"
"Fraxinus pennsylvanica","Last_Yes_DOY Flowers or flower buds","157","DOY",NA,"Phenology Network","Year = 2020, 2020 | Site Name = Boulder Lake - Island Trail | Individual ID = 238155"
"Fraxinus pennsylvanica","First_Yes_DOY Open flowers","157","DOY",NA,"Phenology Network","Year = 2020, 2020 | Site Name = Boulder Lake - Island Trail | Individual ID = 238155"
"Fraxinus pennsylvanica","Last_Yes_DOY Open flowers","157","DOY",NA,"Phenology Network","Year = 2020, 2020 | Site Name = Boulder Lake - Island Trail | Individual ID = 238155"
"Quercus palustris","First_Yes_DOY Flowers or flower buds","124","DOY",NA,"Phenology Network","Year = 2020, 2020 | Site Name = Robins Trail | Individual ID = 238211"
"Quercus palustris","Last_Yes_DOY Flowers or flower buds","124","DOY",NA,"Phenology Network","Year = 2020, 2020 | Site Name = Robins Trail | Individual ID = 238211"
"Acer saccharinum","First_Yes_DOY Flowers or flower buds","96","DOY",NA,"Phenology Network","Year = 2020, 2020 | Site Name = Home | Individual ID = 239241"
"Acer saccharinum","Last_Yes_DOY Flowers or flower buds","115","DOY",NA,"Phenology Network","Year = 2020, 2020 | Site Name = Home | Individual ID = 239241"
"Acer saccharinum","First_Yes_DOY Open flowers","96","DOY",NA,"Phenology Network","Year = 2020, 2020 | Site Name = Home | Individual ID = 239241"
"Acer saccharinum","Last_Yes_DOY Open flowers","115","DOY",NA,"Phenology Network","Year = 2020, 2020 | Site Name = Home | Individual ID = 239241"
"Fraxinus pennsylvanica","First_Yes_DOY Flowers or flower buds","115","DOY",NA,"Phenology Network","Year = 2020, 2020 | Site Name = backyard | Individual ID = 239253"
"Fraxinus pennsylvanica","Last_Yes_DOY Flowers or flower buds","115","DOY",NA,"Phenology Network","Year = 2020, 2020 | Site Name = backyard | Individual ID = 239253"
"Acer saccharinum","First_Yes_DOY Flowers or flower buds","76","DOY",NA,"Phenology Network","Year = 2020, 2020 | Site Name = Maple Collection | Individual ID = 239719"
"Acer saccharinum","Last_Yes_DOY Flowers or flower buds","86","DOY",NA,"Phenology Network","Year = 2020, 2020 | Site Name = Maple Collection | Individual ID = 239719"
"Acer saccharinum","First_Yes_DOY Open flowers","86","DOY",NA,"Phenology Network","Year = 2020, 2020 | Site Name = Maple Collection | Individual ID = 239719"
"Acer saccharinum","Last_Yes_DOY Open flowers","86","DOY",NA,"Phenology Network","Year = 2020, 2020 | Site Name = Maple Collection | Individual ID = 239719"
"Acer rubrum","First_Yes_DOY Flowers or flower buds","120","DOY",NA,"Phenology Network","Year = 2020, 2020 | Site Name = Potvin Park | Individual ID = 239996"
"Acer rubrum","Last_Yes_DOY Flowers or flower buds","141","DOY",NA,"Phenology Network","Year = 2020, 2020 | Site Name = Potvin Park | Individual ID = 239996"
"Acer rubrum","First_Yes_DOY Open flowers","120","DOY",NA,"Phenology Network","Year = 2020, 2020 | Site Name = Potvin Park | Individual ID = 239996"
"Acer rubrum","Last_Yes_DOY Open flowers","141","DOY",NA,"Phenology Network","Year = 2020, 2020 | Site Name = Potvin Park | Individual ID = 239996"
"Acer rubrum","First_Yes_DOY Pollen release (flowers)","120","DOY",NA,"Phenology Network","Year = 2020, 2020 | Site Name = Potvin Park | Individual ID = 239996"
"Acer rubrum","Last_Yes_DOY Pollen release (flowers)","149","DOY",NA,"Phenology Network","Year = 2020, 2020 | Site Name = Potvin Park | Individual ID = 239996"
"Acer saccharinum","First_Yes_DOY Flowers or flower buds","121","DOY",NA,"Phenology Network","Year = 2020, 2020 | Site Name = Backyard | Individual ID = 240035"
"Acer saccharinum","Last_Yes_DOY Flowers or flower buds","125","DOY",NA,"Phenology Network","Year = 2020, 2020 | Site Name = Backyard | Individual ID = 240035"
"Acer saccharinum","First_Yes_DOY Open flowers","121","DOY",NA,"Phenology Network","Year = 2020, 2020 | Site Name = Backyard | Individual ID = 240035"
"Acer saccharinum","Last_Yes_DOY Open flowers","125","DOY",NA,"Phenology Network","Year = 2020, 2020 | Site Name = Backyard | Individual ID = 240035"
"Acer saccharinum","First_Yes_DOY Pollen release (flowers)","121","DOY",NA,"Phenology Network","Year = 2020, 2020 | Site Name = Backyard | Individual ID = 240035"
"Acer saccharinum","Last_Yes_DOY Pollen release (flowers)","125","DOY",NA,"Phenology Network","Year = 2020, 2020 | Site Name = Backyard | Individual ID = 240035"
"Fraxinus pennsylvanica","First_Yes_DOY Flowers or flower buds","123","DOY",NA,"Phenology Network","Year = 2020, 2020 | Site Name = Delete Test 03 | Individual ID = 240219"
"Fraxinus pennsylvanica","Last_Yes_DOY Flowers or flower buds","123","DOY",NA,"Phenology Network","Year = 2020, 2020 | Site Name = Delete Test 03 | Individual ID = 240219"
"Fraxinus pennsylvanica","First_Yes_DOY Open flowers","123","DOY",NA,"Phenology Network","Year = 2020, 2020 | Site Name = Delete Test 03 | Individual ID = 240219"
"Fraxinus pennsylvanica","Last_Yes_DOY Open flowers","123","DOY",NA,"Phenology Network","Year = 2020, 2020 | Site Name = Delete Test 03 | Individual ID = 240219"
"Fraxinus pennsylvanica","First_Yes_DOY Flowers or flower buds","123","DOY",NA,"Phenology Network","Year = 2020, 2020 | Site Name = Delete Test 03 | Individual ID = 240220"
"Fraxinus pennsylvanica","Last_Yes_DOY Flowers or flower buds","123","DOY",NA,"Phenology Network","Year = 2020, 2020 | Site Name = Delete Test 03 | Individual ID = 240220"
"Fraxinus pennsylvanica","First_Yes_DOY Open flowers","123","DOY",NA,"Phenology Network","Year = 2020, 2020 | Site Name = Delete Test 03 | Individual ID = 240220"
"Fraxinus pennsylvanica","Last_Yes_DOY Open flowers","123","DOY",NA,"Phenology Network","Year = 2020, 2020 | Site Name = Delete Test 03 | Individual ID = 240220"
"Acer rubrum","First_Yes_DOY Flowers or flower buds","123","DOY",NA,"Phenology Network","Year = 2020, 2020 | Site Name = Home | Individual ID = 240221"
"Acer rubrum","Last_Yes_DOY Flowers or flower buds","123","DOY",NA,"Phenology Network","Year = 2020, 2020 | Site Name = Home | Individual ID = 240221"
"Acer rubrum","First_Yes_DOY Pollen release (flowers)","123","DOY",NA,"Phenology Network","Year = 2020, 2020 | Site Name = Home | Individual ID = 240221"
"Acer rubrum","Last_Yes_DOY Pollen release (flowers)","123","DOY",NA,"Phenology Network","Year = 2020, 2020 | Site Name = Home | Individual ID = 240221"
"Ulmus americana","First_Yes_DOY Flowers or flower buds","123","DOY",NA,"Phenology Network","Year = 2020, 2020 | Site Name = Delete Test 03 | Individual ID = 240314"
"Ulmus americana","Last_Yes_DOY Flowers or flower buds","123","DOY",NA,"Phenology Network","Year = 2020, 2020 | Site Name = Delete Test 03 | Individual ID = 240314"
"Ulmus americana","First_Yes_DOY Open flowers","123","DOY",NA,"Phenology Network","Year = 2020, 2020 | Site Name = Delete Test 03 | Individual ID = 240314"
"Ulmus americana","Last_Yes_DOY Open flowers","123","DOY",NA,"Phenology Network","Year = 2020, 2020 | Site Name = Delete Test 03 | Individual ID = 240314"
"Fraxinus pennsylvanica","First_Yes_DOY Flowers or flower buds","123","DOY",NA,"Phenology Network","Year = 2020, 2020 | Site Name = Delete Test 03 | Individual ID = 240319"
"Fraxinus pennsylvanica","Last_Yes_DOY Flowers or flower buds","123","DOY",NA,"Phenology Network","Year = 2020, 2020 | Site Name = Delete Test 03 | Individual ID = 240319"
"Fraxinus pennsylvanica","First_Yes_DOY Open flowers","123","DOY",NA,"Phenology Network","Year = 2020, 2020 | Site Name = Delete Test 03 | Individual ID = 240319"
"Fraxinus pennsylvanica","Last_Yes_DOY Open flowers","123","DOY",NA,"Phenology Network","Year = 2020, 2020 | Site Name = Delete Test 03 | Individual ID = 240319"
"Fraxinus pennsylvanica","First_Yes_DOY Flowers or flower buds","123","DOY",NA,"Phenology Network","Year = 2020, 2020 | Site Name = Delete Test 03 | Individual ID = 240323"
"Fraxinus pennsylvanica","Last_Yes_DOY Flowers or flower buds","123","DOY",NA,"Phenology Network","Year = 2020, 2020 | Site Name = Delete Test 03 | Individual ID = 240323"
"Fraxinus pennsylvanica","First_Yes_DOY Open flowers","123","DOY",NA,"Phenology Network","Year = 2020, 2020 | Site Name = Delete Test 03 | Individual ID = 240323"
"Fraxinus pennsylvanica","Last_Yes_DOY Open flowers","123","DOY",NA,"Phenology Network","Year = 2020, 2020 | Site Name = Delete Test 03 | Individual ID = 240323"
"Fraxinus pennsylvanica","First_Yes_DOY Flowers or flower buds","123","DOY",NA,"Phenology Network","Year = 2020, 2020 | Site Name = Delete Test 03 | Individual ID = 240324"
"Fraxinus pennsylvanica","Last_Yes_DOY Flowers or flower buds","123","DOY",NA,"Phenology Network","Year = 2020, 2020 | Site Name = Delete Test 03 | Individual ID = 240324"
"Fraxinus pennsylvanica","First_Yes_DOY Open flowers","123","DOY",NA,"Phenology Network","Year = 2020, 2020 | Site Name = Delete Test 03 | Individual ID = 240324"
"Fraxinus pennsylvanica","Last_Yes_DOY Open flowers","123","DOY",NA,"Phenology Network","Year = 2020, 2020 | Site Name = Delete Test 03 | Individual ID = 240324"
"Ulmus americana","First_Yes_DOY Flowers or flower buds","132","DOY",NA,"Phenology Network","Year = 2020, 2020 | Site Name = Back Yard | Individual ID = 240423"
"Ulmus americana","Last_Yes_DOY Flowers or flower buds","132","DOY",NA,"Phenology Network","Year = 2020, 2020 | Site Name = Back Yard | Individual ID = 240423"
"Ulmus americana","First_Yes_DOY Open flowers","132","DOY",NA,"Phenology Network","Year = 2020, 2020 | Site Name = Back Yard | Individual ID = 240423"
"Ulmus americana","Last_Yes_DOY Open flowers","132","DOY",NA,"Phenology Network","Year = 2020, 2020 | Site Name = Back Yard | Individual ID = 240423"
"Ulmus americana","First_Yes_DOY Pollen release (flowers)","128","DOY",NA,"Phenology Network","Year = 2020, 2020 | Site Name = Back Yard | Individual ID = 240423"
"Ulmus americana","Last_Yes_DOY Pollen release (flowers)","128","DOY",NA,"Phenology Network","Year = 2020, 2020 | Site Name = Back Yard | Individual ID = 240423"
"Ulmus crassifolia","First_Yes_DOY Flowers or flower buds","146","DOY",NA,"Phenology Network","Year = 2020, 2020 | Site Name = Back Yard | Individual ID = 240424"
"Ulmus crassifolia","Last_Yes_DOY Flowers or flower buds","146","DOY",NA,"Phenology Network","Year = 2020, 2020 | Site Name = Back Yard | Individual ID = 240424"
"Ulmus americana","First_Yes_DOY Flowers or flower buds","124","DOY",NA,"Phenology Network","Year = 2020, 2020 | Site Name = 3900 N Lincoln to N Wolcott Block | Individual ID = 240432"
"Ulmus americana","Last_Yes_DOY Flowers or flower buds","124","DOY",NA,"Phenology Network","Year = 2020, 2020 | Site Name = 3900 N Lincoln to N Wolcott Block | Individual ID = 240432"
"Ulmus americana","First_Yes_DOY Flowers or flower buds","128","DOY",NA,"Phenology Network","Year = 2020, 2020 | Site Name = 3900 N Lincoln to N Wolcott Block | Individual ID = 240432"
"Ulmus americana","Last_Yes_DOY Flowers or flower buds","130","DOY",NA,"Phenology Network","Year = 2020, 2020 | Site Name = 3900 N Lincoln to N Wolcott Block | Individual ID = 240432"
"Ulmus americana","First_Yes_DOY Flowers or flower buds","134","DOY",NA,"Phenology Network","Year = 2020, 2020 | Site Name = 3900 N Lincoln to N Wolcott Block | Individual ID = 240432"
"Ulmus americana","Last_Yes_DOY Flowers or flower buds","139","DOY",NA,"Phenology Network","Year = 2020, 2020 | Site Name = 3900 N Lincoln to N Wolcott Block | Individual ID = 240432"
"Ulmus americana","First_Yes_DOY Open flowers","128","DOY",NA,"Phenology Network","Year = 2020, 2020 | Site Name = 3900 N Lincoln to N Wolcott Block | Individual ID = 240432"
"Ulmus americana","Last_Yes_DOY Open flowers","130","DOY",NA,"Phenology Network","Year = 2020, 2020 | Site Name = 3900 N Lincoln to N Wolcott Block | Individual ID = 240432"
"Ulmus americana","First_Yes_DOY Open flowers","134","DOY",NA,"Phenology Network","Year = 2020, 2020 | Site Name = 3900 N Lincoln to N Wolcott Block | Individual ID = 240432"
"Ulmus americana","Last_Yes_DOY Open flowers","139","DOY",NA,"Phenology Network","Year = 2020, 2020 | Site Name = 3900 N Lincoln to N Wolcott Block | Individual ID = 240432"
"Fraxinus pennsylvanica","First_Yes_DOY Flowers or flower buds","124","DOY",NA,"Phenology Network","Year = 2020, 2020 | Site Name = 3900 N Lincoln to N Wolcott Block | Individual ID = 240433"
"Fraxinus pennsylvanica","Last_Yes_DOY Flowers or flower buds","136","DOY",NA,"Phenology Network","Year = 2020, 2020 | Site Name = 3900 N Lincoln to N Wolcott Block | Individual ID = 240433"
"Fraxinus pennsylvanica","First_Yes_DOY Flowers or flower buds","140","DOY",NA,"Phenology Network","Year = 2020, 2020 | Site Name = 3900 N Lincoln to N Wolcott Block | Individual ID = 240433"
"Fraxinus pennsylvanica","Last_Yes_DOY Flowers or flower buds","140","DOY",NA,"Phenology Network","Year = 2020, 2020 | Site Name = 3900 N Lincoln to N Wolcott Block | Individual ID = 240433"
"Fraxinus pennsylvanica","First_Yes_DOY Flowers or flower buds","145","DOY",NA,"Phenology Network","Year = 2020, 2020 | Site Name = 3900 N Lincoln to N Wolcott Block | Individual ID = 240433"
"Fraxinus pennsylvanica","Last_Yes_DOY Flowers or flower buds","145","DOY",NA,"Phenology Network","Year = 2020, 2020 | Site Name = 3900 N Lincoln to N Wolcott Block | Individual ID = 240433"
"Fraxinus pennsylvanica","First_Yes_DOY Open flowers","124","DOY",NA,"Phenology Network","Year = 2020, 2020 | Site Name = 3900 N Lincoln to N Wolcott Block | Individual ID = 240433"
"Fraxinus pennsylvanica","Last_Yes_DOY Open flowers","142","DOY",NA,"Phenology Network","Year = 2020, 2020 | Site Name = 3900 N Lincoln to N Wolcott Block | Individual ID = 240433"
"Fraxinus pennsylvanica","First_Yes_DOY Flowers or flower buds","124","DOY",NA,"Phenology Network","Year = 2020, 2020 | Site Name = 3900 N Lincoln to N Wolcott Block | Individual ID = 240434"
"Fraxinus pennsylvanica","Last_Yes_DOY Flowers or flower buds","145","DOY",NA,"Phenology Network","Year = 2020, 2020 | Site Name = 3900 N Lincoln to N Wolcott Block | Individual ID = 240434"
"Fraxinus pennsylvanica","First_Yes_DOY Open flowers","124","DOY",NA,"Phenology Network","Year = 2020, 2020 | Site Name = 3900 N Lincoln to N Wolcott Block | Individual ID = 240434"
"Fraxinus pennsylvanica","Last_Yes_DOY Open flowers","130","DOY",NA,"Phenology Network","Year = 2020, 2020 | Site Name = 3900 N Lincoln to N Wolcott Block | Individual ID = 240434"
"Fraxinus pennsylvanica","First_Yes_DOY Open flowers","136","DOY",NA,"Phenology Network","Year = 2020, 2020 | Site Name = 3900 N Lincoln to N Wolcott Block | Individual ID = 240434"
"Fraxinus pennsylvanica","Last_Yes_DOY Open flowers","142","DOY",NA,"Phenology Network","Year = 2020, 2020 | Site Name = 3900 N Lincoln to N Wolcott Block | Individual ID = 240434"
"Tilia americana","First_Yes_DOY Flowers or flower buds","124","DOY",NA,"Phenology Network","Year = 2020, 2020 | Site Name = 3900 N Lincoln to N Wolcott Block | Individual ID = 240435"
"Tilia americana","Last_Yes_DOY Flowers or flower buds","128","DOY",NA,"Phenology Network","Year = 2020, 2020 | Site Name = 3900 N Lincoln to N Wolcott Block | Individual ID = 240435"
"Tilia americana","First_Yes_DOY Open flowers","124","DOY",NA,"Phenology Network","Year = 2020, 2020 | Site Name = 3900 N Lincoln to N Wolcott Block | Individual ID = 240435"
"Tilia americana","Last_Yes_DOY Open flowers","124","DOY",NA,"Phenology Network","Year = 2020, 2020 | Site Name = 3900 N Lincoln to N Wolcott Block | Individual ID = 240435"
"Tilia americana","First_Yes_DOY Flowers or flower buds","124","DOY",NA,"Phenology Network","Year = 2020, 2020 | Site Name = 3900 N Lincoln to N Wolcott Block | Individual ID = 240436"
"Tilia americana","Last_Yes_DOY Flowers or flower buds","128","DOY",NA,"Phenology Network","Year = 2020, 2020 | Site Name = 3900 N Lincoln to N Wolcott Block | Individual ID = 240436"
"Tilia americana","First_Yes_DOY Flowers or flower buds","124","DOY",NA,"Phenology Network","Year = 2020, 2020 | Site Name = 3900 N Lincoln to N Wolcott Block | Individual ID = 240437"
"Tilia americana","Last_Yes_DOY Flowers or flower buds","128","DOY",NA,"Phenology Network","Year = 2020, 2020 | Site Name = 3900 N Lincoln to N Wolcott Block | Individual ID = 240437"
"Ulmus americana","First_Yes_DOY Flowers or flower buds","124","DOY",NA,"Phenology Network","Year = 2020, 2020 | Site Name = 3900 N Lincoln to N Wolcott Block | Individual ID = 240439"
"Ulmus americana","Last_Yes_DOY Flowers or flower buds","124","DOY",NA,"Phenology Network","Year = 2020, 2020 | Site Name = 3900 N Lincoln to N Wolcott Block | Individual ID = 240439"
"Ulmus americana","First_Yes_DOY Flowers or flower buds","128","DOY",NA,"Phenology Network","Year = 2020, 2020 | Site Name = 3900 N Lincoln to N Wolcott Block | Individual ID = 240439"
"Ulmus americana","Last_Yes_DOY Flowers or flower buds","130","DOY",NA,"Phenology Network","Year = 2020, 2020 | Site Name = 3900 N Lincoln to N Wolcott Block | Individual ID = 240439"
"Ulmus americana","First_Yes_DOY Open flowers","128","DOY",NA,"Phenology Network","Year = 2020, 2020 | Site Name = 3900 N Lincoln to N Wolcott Block | Individual ID = 240439"
"Ulmus americana","Last_Yes_DOY Open flowers","130","DOY",NA,"Phenology Network","Year = 2020, 2020 | Site Name = 3900 N Lincoln to N Wolcott Block | Individual ID = 240439"
"Fraxinus pennsylvanica","First_Yes_DOY Flowers or flower buds","124","DOY",NA,"Phenology Network","Year = 2020, 2020 | Site Name = 3900 N Lincoln to N Wolcott Block | Individual ID = 240440"
"Fraxinus pennsylvanica","Last_Yes_DOY Flowers or flower buds","145","DOY",NA,"Phenology Network","Year = 2020, 2020 | Site Name = 3900 N Lincoln to N Wolcott Block | Individual ID = 240440"
"Fraxinus pennsylvanica","First_Yes_DOY Open flowers","124","DOY",NA,"Phenology Network","Year = 2020, 2020 | Site Name = 3900 N Lincoln to N Wolcott Block | Individual ID = 240440"
"Fraxinus pennsylvanica","Last_Yes_DOY Open flowers","128","DOY",NA,"Phenology Network","Year = 2020, 2020 | Site Name = 3900 N Lincoln to N Wolcott Block | Individual ID = 240440"
"Fraxinus pennsylvanica","First_Yes_DOY Flowers or flower buds","126","DOY",NA,"Phenology Network","Year = 2020, 2020 | Site Name = 3900 N Lincoln to N Wolcott Block | Individual ID = 240444"
"Fraxinus pennsylvanica","Last_Yes_DOY Flowers or flower buds","145","DOY",NA,"Phenology Network","Year = 2020, 2020 | Site Name = 3900 N Lincoln to N Wolcott Block | Individual ID = 240444"
"Fraxinus pennsylvanica","First_Yes_DOY Open flowers","126","DOY",NA,"Phenology Network","Year = 2020, 2020 | Site Name = 3900 N Lincoln to N Wolcott Block | Individual ID = 240444"
"Fraxinus pennsylvanica","Last_Yes_DOY Open flowers","126","DOY",NA,"Phenology Network","Year = 2020, 2020 | Site Name = 3900 N Lincoln to N Wolcott Block | Individual ID = 240444"
"Fraxinus pennsylvanica","First_Yes_DOY Open flowers","130","DOY",NA,"Phenology Network","Year = 2020, 2020 | Site Name = 3900 N Lincoln to N Wolcott Block | Individual ID = 240444"
"Fraxinus pennsylvanica","Last_Yes_DOY Open flowers","130","DOY",NA,"Phenology Network","Year = 2020, 2020 | Site Name = 3900 N Lincoln to N Wolcott Block | Individual ID = 240444"
"Fraxinus pennsylvanica","First_Yes_DOY Flowers or flower buds","124","DOY",NA,"Phenology Network","Year = 2020, 2020 | Site Name = 3900 N Lincoln to N Wolcott Block | Individual ID = 240445"
"Fraxinus pennsylvanica","Last_Yes_DOY Flowers or flower buds","145","DOY",NA,"Phenology Network","Year = 2020, 2020 | Site Name = 3900 N Lincoln to N Wolcott Block | Individual ID = 240445"
"Fraxinus pennsylvanica","First_Yes_DOY Flowers or flower buds","124","DOY",NA,"Phenology Network","Year = 2020, 2020 | Site Name = 3900 N Lincoln to N Wolcott Block | Individual ID = 240446"
"Fraxinus pennsylvanica","Last_Yes_DOY Flowers or flower buds","145","DOY",NA,"Phenology Network","Year = 2020, 2020 | Site Name = 3900 N Lincoln to N Wolcott Block | Individual ID = 240446"
"Ulmus americana","First_Yes_DOY Flowers or flower buds","130","DOY",NA,"Phenology Network","Year = 2020, 2020 | Site Name = 3900 N Lincoln to N Wolcott Block | Individual ID = 240447"
"Ulmus americana","Last_Yes_DOY Flowers or flower buds","130","DOY",NA,"Phenology Network","Year = 2020, 2020 | Site Name = 3900 N Lincoln to N Wolcott Block | Individual ID = 240447"
"Ulmus americana","First_Yes_DOY Open flowers","130","DOY",NA,"Phenology Network","Year = 2020, 2020 | Site Name = 3900 N Lincoln to N Wolcott Block | Individual ID = 240447"
"Ulmus americana","Last_Yes_DOY Open flowers","130","DOY",NA,"Phenology Network","Year = 2020, 2020 | Site Name = 3900 N Lincoln to N Wolcott Block | Individual ID = 240447"
"Ulmus americana","First_Yes_DOY Flowers or flower buds","128","DOY",NA,"Phenology Network","Year = 2020, 2020 | Site Name = 3900 N Lincoln to N Wolcott Block | Individual ID = 240450"
"Ulmus americana","Last_Yes_DOY Flowers or flower buds","130","DOY",NA,"Phenology Network","Year = 2020, 2020 | Site Name = 3900 N Lincoln to N Wolcott Block | Individual ID = 240450"
"Ulmus americana","First_Yes_DOY Flowers or flower buds","134","DOY",NA,"Phenology Network","Year = 2020, 2020 | Site Name = 3900 N Lincoln to N Wolcott Block | Individual ID = 240450"
"Ulmus americana","Last_Yes_DOY Flowers or flower buds","136","DOY",NA,"Phenology Network","Year = 2020, 2020 | Site Name = 3900 N Lincoln to N Wolcott Block | Individual ID = 240450"
"Ulmus americana","First_Yes_DOY Open flowers","128","DOY",NA,"Phenology Network","Year = 2020, 2020 | Site Name = 3900 N Lincoln to N Wolcott Block | Individual ID = 240450"
"Ulmus americana","Last_Yes_DOY Open flowers","130","DOY",NA,"Phenology Network","Year = 2020, 2020 | Site Name = 3900 N Lincoln to N Wolcott Block | Individual ID = 240450"
"Ulmus americana","First_Yes_DOY Open flowers","136","DOY",NA,"Phenology Network","Year = 2020, 2020 | Site Name = 3900 N Lincoln to N Wolcott Block | Individual ID = 240450"
"Ulmus americana","Last_Yes_DOY Open flowers","136","DOY",NA,"Phenology Network","Year = 2020, 2020 | Site Name = 3900 N Lincoln to N Wolcott Block | Individual ID = 240450"
"Tilia americana","First_Yes_DOY Flowers or flower buds","124","DOY",NA,"Phenology Network","Year = 2020, 2020 | Site Name = 3900 N Lincoln to N Wolcott Block | Individual ID = 240451"
"Tilia americana","Last_Yes_DOY Flowers or flower buds","128","DOY",NA,"Phenology Network","Year = 2020, 2020 | Site Name = 3900 N Lincoln to N Wolcott Block | Individual ID = 240451"
"Tilia americana","First_Yes_DOY Flowers or flower buds","124","DOY",NA,"Phenology Network","Year = 2020, 2020 | Site Name = 3900 N Lincoln to N Wolcott Block | Individual ID = 240452"
"Tilia americana","Last_Yes_DOY Flowers or flower buds","126","DOY",NA,"Phenology Network","Year = 2020, 2020 | Site Name = 3900 N Lincoln to N Wolcott Block | Individual ID = 240452"
"Acer negundo","First_Yes_DOY Flowers or flower buds","138","DOY",NA,"Phenology Network","Year = 2020, 2020 | Site Name = Lake Walk | Individual ID = 240531"
"Acer negundo","Last_Yes_DOY Flowers or flower buds","138","DOY",NA,"Phenology Network","Year = 2020, 2020 | Site Name = Lake Walk | Individual ID = 240531"
"Acer negundo","First_Yes_DOY Flowers or flower buds","146","DOY",NA,"Phenology Network","Year = 2020, 2020 | Site Name = Lake Walk | Individual ID = 240531"
"Acer negundo","Last_Yes_DOY Flowers or flower buds","146","DOY",NA,"Phenology Network","Year = 2020, 2020 | Site Name = Lake Walk | Individual ID = 240531"
"Acer negundo","First_Yes_DOY Open flowers","138","DOY",NA,"Phenology Network","Year = 2020, 2020 | Site Name = Lake Walk | Individual ID = 240531"
"Acer negundo","Last_Yes_DOY Open flowers","138","DOY",NA,"Phenology Network","Year = 2020, 2020 | Site Name = Lake Walk | Individual ID = 240531"
"Acer negundo","First_Yes_DOY Open flowers","146","DOY",NA,"Phenology Network","Year = 2020, 2020 | Site Name = Lake Walk | Individual ID = 240531"
"Acer negundo","Last_Yes_DOY Open flowers","146","DOY",NA,"Phenology Network","Year = 2020, 2020 | Site Name = Lake Walk | Individual ID = 240531"
"Acer negundo","First_Yes_DOY Flowers or flower buds","126","DOY",NA,"Phenology Network","Year = 2020, 2020 | Site Name = Lake Walk | Individual ID = 240532"
"Acer negundo","Last_Yes_DOY Flowers or flower buds","172","DOY",NA,"Phenology Network","Year = 2020, 2020 | Site Name = Lake Walk | Individual ID = 240532"
"Acer negundo","First_Yes_DOY Flowers or flower buds","187","DOY",NA,"Phenology Network","Year = 2020, 2020 | Site Name = Lake Walk | Individual ID = 240532"
"Acer negundo","Last_Yes_DOY Flowers or flower buds","187","DOY",NA,"Phenology Network","Year = 2020, 2020 | Site Name = Lake Walk | Individual ID = 240532"
"Acer negundo","First_Yes_DOY Open flowers","138","DOY",NA,"Phenology Network","Year = 2020, 2020 | Site Name = Lake Walk | Individual ID = 240532"
"Acer negundo","Last_Yes_DOY Open flowers","172","DOY",NA,"Phenology Network","Year = 2020, 2020 | Site Name = Lake Walk | Individual ID = 240532"
"Acer negundo","First_Yes_DOY Open flowers","187","DOY",NA,"Phenology Network","Year = 2020, 2020 | Site Name = Lake Walk | Individual ID = 240532"
"Acer negundo","Last_Yes_DOY Open flowers","187","DOY",NA,"Phenology Network","Year = 2020, 2020 | Site Name = Lake Walk | Individual ID = 240532"
"Acer negundo","First_Yes_DOY Pollen release (flowers)","138","DOY",NA,"Phenology Network","Year = 2020, 2020 | Site Name = Lake Walk | Individual ID = 240532"
"Acer negundo","Last_Yes_DOY Pollen release (flowers)","138","DOY",NA,"Phenology Network","Year = 2020, 2020 | Site Name = Lake Walk | Individual ID = 240532"
"Acer negundo","First_Yes_DOY Flowers or flower buds","126","DOY",NA,"Phenology Network","Year = 2020, 2020 | Site Name = Lake Walk | Individual ID = 240533"
"Acer negundo","Last_Yes_DOY Flowers or flower buds","146","DOY",NA,"Phenology Network","Year = 2020, 2020 | Site Name = Lake Walk | Individual ID = 240533"
"Acer negundo","First_Yes_DOY Flowers or flower buds","165","DOY",NA,"Phenology Network","Year = 2020, 2020 | Site Name = Lake Walk | Individual ID = 240533"
"Acer negundo","Last_Yes_DOY Flowers or flower buds","165","DOY",NA,"Phenology Network","Year = 2020, 2020 | Site Name = Lake Walk | Individual ID = 240533"
"Acer negundo","First_Yes_DOY Flowers or flower buds","180","DOY",NA,"Phenology Network","Year = 2020, 2020 | Site Name = Lake Walk | Individual ID = 240533"
"Acer negundo","Last_Yes_DOY Flowers or flower buds","180","DOY",NA,"Phenology Network","Year = 2020, 2020 | Site Name = Lake Walk | Individual ID = 240533"
"Acer negundo","First_Yes_DOY Open flowers","138","DOY",NA,"Phenology Network","Year = 2020, 2020 | Site Name = Lake Walk | Individual ID = 240533"
"Acer negundo","Last_Yes_DOY Open flowers","165","DOY",NA,"Phenology Network","Year = 2020, 2020 | Site Name = Lake Walk | Individual ID = 240533"
"Acer negundo","First_Yes_DOY Open flowers","180","DOY",NA,"Phenology Network","Year = 2020, 2020 | Site Name = Lake Walk | Individual ID = 240533"
"Acer negundo","Last_Yes_DOY Open flowers","180","DOY",NA,"Phenology Network","Year = 2020, 2020 | Site Name = Lake Walk | Individual ID = 240533"
"Acer negundo","First_Yes_DOY Pollen release (flowers)","138","DOY",NA,"Phenology Network","Year = 2020, 2020 | Site Name = Lake Walk | Individual ID = 240533"
"Acer negundo","Last_Yes_DOY Pollen release (flowers)","138","DOY",NA,"Phenology Network","Year = 2020, 2020 | Site Name = Lake Walk | Individual ID = 240533"
"Acer negundo","First_Yes_DOY Pollen release (flowers)","165","DOY",NA,"Phenology Network","Year = 2020, 2020 | Site Name = Lake Walk | Individual ID = 240533"
"Acer negundo","Last_Yes_DOY Pollen release (flowers)","165","DOY",NA,"Phenology Network","Year = 2020, 2020 | Site Name = Lake Walk | Individual ID = 240533"
"Acer negundo","First_Yes_DOY Flowers or flower buds","126","DOY",NA,"Phenology Network","Year = 2020, 2020 | Site Name = Lake Walk | Individual ID = 240534"
"Acer negundo","Last_Yes_DOY Flowers or flower buds","138","DOY",NA,"Phenology Network","Year = 2020, 2020 | Site Name = Lake Walk | Individual ID = 240534"
"Acer negundo","First_Yes_DOY Flowers or flower buds","146","DOY",NA,"Phenology Network","Year = 2020, 2020 | Site Name = Lake Walk | Individual ID = 240534"
"Acer negundo","Last_Yes_DOY Flowers or flower buds","152","DOY",NA,"Phenology Network","Year = 2020, 2020 | Site Name = Lake Walk | Individual ID = 240534"
"Acer negundo","First_Yes_DOY Open flowers","138","DOY",NA,"Phenology Network","Year = 2020, 2020 | Site Name = Lake Walk | Individual ID = 240534"
"Acer negundo","Last_Yes_DOY Open flowers","138","DOY",NA,"Phenology Network","Year = 2020, 2020 | Site Name = Lake Walk | Individual ID = 240534"
"Acer negundo","First_Yes_DOY Open flowers","146","DOY",NA,"Phenology Network","Year = 2020, 2020 | Site Name = Lake Walk | Individual ID = 240534"
"Acer negundo","Last_Yes_DOY Open flowers","152","DOY",NA,"Phenology Network","Year = 2020, 2020 | Site Name = Lake Walk | Individual ID = 240534"
"Populus deltoides","First_Yes_DOY Pollen release (flowers)","128","DOY",NA,"Phenology Network","Year = 2020, 2020 | Site Name = My Backyard | Individual ID = 241453"
"Populus deltoides","Last_Yes_DOY Pollen release (flowers)","128","DOY",NA,"Phenology Network","Year = 2020, 2020 | Site Name = My Backyard | Individual ID = 241453"
"Acer rubrum","First_Yes_DOY Flowers or flower buds","126","DOY",NA,"Phenology Network","Year = 2020, 2020 | Site Name = Potvin Park | Individual ID = 242057"
"Acer rubrum","Last_Yes_DOY Flowers or flower buds","149","DOY",NA,"Phenology Network","Year = 2020, 2020 | Site Name = Potvin Park | Individual ID = 242057"
"Acer rubrum","First_Yes_DOY Open flowers","126","DOY",NA,"Phenology Network","Year = 2020, 2020 | Site Name = Potvin Park | Individual ID = 242057"
"Acer rubrum","Last_Yes_DOY Open flowers","149","DOY",NA,"Phenology Network","Year = 2020, 2020 | Site Name = Potvin Park | Individual ID = 242057"
"Acer rubrum","First_Yes_DOY Pollen release (flowers)","126","DOY",NA,"Phenology Network","Year = 2020, 2020 | Site Name = Potvin Park | Individual ID = 242057"
"Acer rubrum","Last_Yes_DOY Pollen release (flowers)","135","DOY",NA,"Phenology Network","Year = 2020, 2020 | Site Name = Potvin Park | Individual ID = 242057"
